ingredient_identity_signature	status	confidence	parent_path	parent_id	parent_name	group_size	child_count	relationship_counts	concentration_signature_count	physical_state_count	category_count	review_reason
17d9533a050977c6	PROPOSED	HIGH	data/normalized_yaml/bacterial/KOMODO_1076_SP4_MEDIUM.yaml	CultureMech:003664	sp4_medium	68	1	SUBSTITUTED_COMPONENT_VARIANT:1	1	1	1
1884eff96502fb1d	PROPOSED	HIGH	data/normalized_yaml/bacterial/KOMODO_465_MINERAL_MEDIUM_PH_7.25.yaml	CultureMech:005566	mineral_medium_ph_7_25	57	11	SUBSTITUTED_COMPONENT_VARIANT:2;SUPPLEMENTED_VARIANT:9	1	1	1
c10b1945d7d2be7b	PROPOSED	HIGH	data/normalized_yaml/bacterial/JCM_J475_TRYPTICASE_SOY_BROTH_AGAR.yaml	CultureMech:002824	trypticase_soy_broth_agar	54	53	CONCENTRATION_VARIANT:50;SUBSTITUTED_COMPONENT_VARIANT:1;SUPPLEMENTED_VARIANT:2	4	1	1
efb837d6c1b0a001	PROPOSED	HIGH	data/normalized_yaml/bacterial/KOMODO_830_R2A_medium.yaml	CultureMech:006618	r2a_medium	54	1	SUBSTITUTED_COMPONENT_VARIANT:1	1	1	1
a2c0e5eb0320cb58	PROPOSED	HIGH	data/normalized_yaml/bacterial/KOMODO_547_ISP_medium_4.yaml	CultureMech:005991	isp_medium_4	35	30	CONCENTRATION_VARIANT:30	2	1	1
a4c0383e20cc30e4	PROPOSED	HIGH	data/normalized_yaml/bacterial/KOMODO_383d_DESULFONAUTICUS_medium.yaml	CultureMech:005159	desulfonauticus_medium	31	1	DERIVED_FROM:1	1	1	1
563cf81fb580cf1f	PROPOSED	HIGH	data/normalized_yaml/bacterial/KOMODO_92a_MODIFIED_medium_92.yaml	CultureMech:006849	modified_medium_92	28	1	SUPPLEMENTED_VARIANT:1	1	1	1
3672495d6d72e9f5	PROPOSED	HIGH	data/normalized_yaml/bacterial/KOMODO_110_CHOPPED_MEAT_medium_WITH_CARBOHYDRATES.yaml	CultureMech:003811	chopped_meat_medium_with_carbohydrates	24	1	SUBSTITUTED_COMPONENT_VARIANT:1	1	1	1
7c0244d28953d65d	PROPOSED	HIGH	data/normalized_yaml/bacterial/KOMODO_462a_PLATES_WITH_FLUORANTHENE.yaml	CultureMech:005506	plates_with_fluoranthene	24	1	SUPPLEMENTED_VARIANT:1	1	1	1
4f78bde6cd812daa	PROPOSED	HIGH	data/normalized_yaml/bacterial/KOMODO_402_ALICYCLOBACILLUS_medium.yaml	CultureMech:005217	alicyclobacillus_medium	22	1	DERIVED_FROM:1	1	1	1
a41b73a33c047c7b	PROPOSED	HIGH	data/normalized_yaml/bacterial/KOMODO_26_ACID_RHODOSPIRILLACEAE_medium.yaml	CultureMech:004676	acid_rhodospirillaceae_medium	21	19	CONCENTRATION_VARIANT:19	2	1	1
f9e603f7a6a07d7b	PROPOSED	HIGH	data/normalized_yaml/bacterial/KOMODO_461a_MINERAL_MEDIUM_WITH_QUINOLINE.yaml	CultureMech:005481	mineral_medium_with_quinoline	18	4	SUBSTITUTED_COMPONENT_VARIANT:1;SUPPLEMENTED_VARIANT:3	1	1	1
9849bfcda40845bc	PROPOSED	HIGH	data/normalized_yaml/specialized/mols4_no_w.yaml	CultureMech:015628	MoLS4 no W	17	16	SOURCE_DUPLICATE:16	1	1	1
68ba27da925e7535	PROPOSED	HIGH	data/normalized_yaml/bacterial/KOMODO_464_PLATE_COUNT_AGAR.yaml	CultureMech:005519	plate_count_agar	15	3	CONCENTRATION_VARIANT:1;SUPPLEMENTED_VARIANT:2	2	1	1
02e06cfd61424af4	PROPOSED	HIGH	data/normalized_yaml/bacterial/NBRC_815.yaml	CultureMech:007495	Trypticase Soy Yeast Extract Medium	14	13	PHYSICAL_STATE_VARIANT:8;SOURCE_DUPLICATE:5	1	2	1
9ba0358b5082ac50	PROPOSED	HIGH	data/normalized_yaml/bacterial/KOMODO_381_LB_Luria-Bertani_medium.yaml	CultureMech:005128	lb_luria_bertani_medium	13	12	SOURCE_DUPLICATE:12	1	1	1
a0ea2ea3b47a47c9	PROPOSED	HIGH	data/normalized_yaml/bacterial/KOMODO_1272_THIOALKALIVIBRIO_JANNASCHI.yaml	CultureMech:004026	thioalkalivibrio_jannaschi	12	10	CONCENTRATION_VARIANT:10	2	1	1
f64d7f86458da248	PROPOSED	HIGH	data/normalized_yaml/bacterial/JCM_J101_BACILLUS_ACIDOCALDARIUS_MEDIUM.yaml	CultureMech:002203	bacillus_acidocaldarius_medium	11	3	CONCENTRATION_VARIANT:1;DERIVED_FROM:2	2	1	1
239e0d5cb9cce670	PROPOSED	HIGH	data/normalized_yaml/bacterial/KOMODO_298e_LuPhet1_medium.yaml	CultureMech:004768	luphet1_medium	11	1	SUBSTITUTED_COMPONENT_VARIANT:1	1	1	1
af4d6148c1482bdb	PROPOSED	HIGH	data/normalized_yaml/bacterial/KOMODO_952_1_10_NUTRIENT_AGAR_NO.2.yaml	CultureMech:006895	1_10_nutrient_agar_no_2	11	9	CONCENTRATION_VARIANT:6;SALINITY_VARIANT:2;SUPPLEMENTED_VARIANT:1	5	1	1
ab00a796f70b91e5	PROPOSED	HIGH	data/normalized_yaml/bacterial/KOMODO_1153_R3_A_medium.yaml	CultureMech:003863	r3_a_medium	10	8	CONCENTRATION_VARIANT:7;SUPPLEMENTED_VARIANT:1	4	1	1
464b2277df4e94be	PROPOSED	HIGH	data/normalized_yaml/bacterial/KOMODO_9a_VY_2_REDUCED_medium.yaml	CultureMech:006986	vy_2_reduced_medium	10	1	CONCENTRATION_VARIANT:1	2	1	1
3e6bb212e572e1f4	PROPOSED	HIGH	data/normalized_yaml/bacterial/TOGO_M15_Nutrient_Agar_NO._2.yaml	CultureMech:008152	nutrient_agar_no_2	9	7	CONCENTRATION_VARIANT:5;SUPPLEMENTED_VARIANT:2	6	1	1
94ecc931b1772d69	PROPOSED	HIGH	data/normalized_yaml/bacterial/JCM_J23_1_10_NUTRIENT_AGAR_NO._2.yaml	CultureMech:002600	1_10_nutrient_agar_no_2	8	6	CONCENTRATION_VARIANT:5;SALINITY_VARIANT:1	6	1	1
577e5afa9a48a876	PROPOSED	HIGH	data/normalized_yaml/bacterial/JCM_J59_CM_YE_MEDIUM.yaml	CultureMech:002947	cm_ye_medium	8	6	CONCENTRATION_VARIANT:4;PHYSICAL_STATE_VARIANT:1;SALINITY_VARIANT:1	5	2	1
31006b6c091f62e3	PROPOSED	HIGH	data/normalized_yaml/bacterial/KOMODO_718_PETROTOGA_medium.yaml	CultureMech:006360	petrotoga_medium	8	7	CONCENTRATION_VARIANT:1;SOURCE_DUPLICATE:6	2	1	1
ea57564c0864a437	PROPOSED	HIGH	data/normalized_yaml/bacterial/m9_purvis.yaml	CultureMech:007059	m9_purvis	8	7	CONCENTRATION_VARIANT:3;SUPPLEMENTED_VARIANT:4	8	1	1
d364bb81eea864f7	PROPOSED	HIGH	data/normalized_yaml/bacterial/medium_993_modified_for_dsm_16375.yaml	CultureMech:006965	medium_993_modified_for_dsm_16375	8	7	SOURCE_DUPLICATE:7	1	1	1
8a8e63a67ac76f61	PROPOSED	HIGH	data/normalized_yaml/bacterial/mj_medium.yaml	CultureMech:003521	mj_medium	8	1	CONCENTRATION_VARIANT:1	2	1	1
e7f37af2e9956671	PROPOSED	HIGH	data/normalized_yaml/specialized/uga_defined_4carbonmix_nitrate_anaerobic_ph_5_0.yaml	CultureMech:015753	UGA defined 4CarbonMix Nitrate anaerobic pH 5.0	8	7	CONCENTRATION_VARIANT:7	4	1	1
8d4312a8a503911e	PROPOSED	HIGH	data/normalized_yaml/specialized/uga_defined_lactate_nitrate_anaerobic_ph_5_0.yaml	CultureMech:015761	UGA defined Lactate Nitrate anaerobic pH 5.0	8	7	CONCENTRATION_VARIANT:7	8	1	1
c5bd0c9303b38114	PROPOSED	HIGH	data/normalized_yaml/bacterial/KOMODO_1044_GLUCONACETOBACTER_RHAETICUS_medium.yaml	CultureMech:003603	gluconacetobacter_rhaeticus_medium	7	5	CONCENTRATION_VARIANT:5	5	1	1
746d0347a625c384	PROPOSED	HIGH	data/normalized_yaml/bacterial/KOMODO_53_CORYNEBACTERIUM_AGAR.yaml	CultureMech:005967	corynebacterium_agar	7	2	SALINITY_VARIANT:2	2	1	1
9be7d9753141832b	PROPOSED	HIGH	data/normalized_yaml/bacterial/KOMODO_785_BOGORIELLA_medium.yaml	CultureMech:006486	bogoriella_medium	7	4	CONCENTRATION_VARIANT:4	3	1	1
77fce5de540ef30c	PROPOSED	HIGH	data/normalized_yaml/bacterial/TOGO_M66_Trypticase_Soy_Agar.yaml	CultureMech:010073	trypticase_soy_agar	7	4	PHYSICAL_STATE_VARIANT:4	2	2	1
cee23732ee2646fc	PROPOSED	HIGH	data/normalized_yaml/bacterial/togo_medium_m1414.yaml	CultureMech:007951	togo_medium_m1414	7	5	CONCENTRATION_VARIANT:4;SUPPLEMENTED_VARIANT:1	6	1	1
119a17cdc2b54bf5	PROPOSED	HIGH	data/normalized_yaml/bacterial/1_5_yeast_starch_agar.yaml	CultureMech:008540	1_5_yeast_starch_agar	6	5	SUPPLEMENTED_VARIANT:5	4	1	1
5db3d1827023c35f	PROPOSED	HIGH	data/normalized_yaml/bacterial/2yt_medium.yaml	CultureMech:009457	2yt_medium	6	5	CONCENTRATION_VARIANT:3;SALINITY_VARIANT:2	5	1	1
94204aef4f9301d6	PROPOSED	HIGH	data/normalized_yaml/bacterial/KOMODO_1015_YPGA.yaml	CultureMech:003526	ypga	6	3	CONCENTRATION_VARIANT:3	3	1	1
23c1bb6017782d4e	PROPOSED	HIGH	data/normalized_yaml/bacterial/KOMODO_939_METHYLOTROPHIC_ARTHROBACTER_AND_HYPHOMICROBIUM_MEDIUM.yaml	CultureMech:006866	methylotrophic_arthrobacter_and_hyphomicrobium_medium	6	4	SUBSTITUTED_COMPONENT_VARIANT:4	1	1	1
dd0e258b8c95a7db	PROPOSED	HIGH	data/normalized_yaml/bacterial/marine_agar_2216_with_1_nacl.yaml	CultureMech:010393	marine_agar_2216_with_1_nacl	6	5	SALINITY_VARIANT:5	5	1	1
71062e0ab4d2a2ba	PROPOSED	HIGH	data/normalized_yaml/bacterial/medium_84_modified_for_dsm_40886.yaml	CultureMech:006637	medium_84_modified_for_dsm_40886	6	5	SOURCE_DUPLICATE:5	1	1	1
7f1ff425091adfb0	PROPOSED	HIGH	data/normalized_yaml/bacterial/trypticase_soy_broth_with_nacl.yaml	CultureMech:009028	trypticase_soy_broth_with_nacl	6	3	PHYSICAL_STATE_VARIANT:2;SALINITY_VARIANT:1	5	2	1
b0360ca6d466df54	PROPOSED	HIGH	data/normalized_yaml/specialized/marine_agar_2216_with_1_nacl.yaml	CultureMech:015426	marine_agar_2216_with_1_nacl	6	5	SALINITY_VARIANT:5	5	1	1
48a16df64bf7599a	PROPOSED	HIGH	data/normalized_yaml/archaea/KOMODO_479_METHANOHALOPHILUS_medium.yaml	CultureMech:005594	methanohalophilus_medium	5	4	CONCENTRATION_VARIANT:3;DERIVED_FROM:1	2	1	1
efc3d2e6a291468a	PROPOSED	HIGH	data/normalized_yaml/bacterial/JCM_J423_PYG_MEDIUM_B.yaml	CultureMech:002776	pyg_medium_b	5	2	DERIVED_FROM:2	1	1	1
a33b617f3a08eb29	PROPOSED	HIGH	data/normalized_yaml/bacterial/KOMODO_144_THERMOANAEROBIUM_medium.yaml	CultureMech:004164	thermoanaerobium_medium	5	1	SUBSTITUTED_COMPONENT_VARIANT:1	1	1	1
e298b1ec32daaf17	PROPOSED	HIGH	data/normalized_yaml/bacterial/KOMODO_246_SEA_WATER_AGAR.yaml	CultureMech:004619	sea_water_agar	5	1	SUPPLEMENTED_VARIANT:1	1	1	1
edd622faab6c01d2	PROPOSED	HIGH	data/normalized_yaml/bacterial/KOMODO_252_STARCH_-_MINERAL_salt_-_AGAR_STMS.yaml	CultureMech:004654	starch_mineral_salt_agar_stms	5	3	SALINITY_VARIANT:3	3	1	1
6659c1d2eee8dc51	PROPOSED	HIGH	data/normalized_yaml/bacterial/KOMODO_330_RUMEN_BACTERIA_medium.yaml	CultureMech:005024	rumen_bacteria_medium	5	2	CONCENTRATION_VARIANT:2	2	1	1
0d304c67a21d31bf	PROPOSED	HIGH	data/normalized_yaml/bacterial/KOMODO_364_PYEA_medium.yaml	CultureMech:005087	pyea_medium	5	3	CONCENTRATION_VARIANT:3	3	1	1
2fc7f6bfef83a609	PROPOSED	HIGH	data/normalized_yaml/bacterial/KOMODO_413_BTU_medium.yaml	CultureMech:005240	btu_medium	5	1	SUBSTITUTED_COMPONENT_VARIANT:1	1	1	1
bf736be0e90101d9	PROPOSED	HIGH	data/normalized_yaml/bacterial/KOMODO_745_RHODOBIUM_MEDIUM.yaml	CultureMech:006396	rhodobium_medium	5	3	CONCENTRATION_VARIANT:3	2	1	1
07ff9091c2ef790b	PROPOSED	HIGH	data/normalized_yaml/bacterial/KOMODO_752_HALOMONAS_PANTELLERIENSE.yaml	CultureMech:006404	halomonas_pantelleriense	5	3	CONCENTRATION_VARIANT:3	3	1	1
f45d71fd027f5467	PROPOSED	HIGH	data/normalized_yaml/bacterial/KOMODO_993_ISP_5_MEDIUM.yaml	CultureMech:006973	isp_5_medium	5	1	SUPPLEMENTED_VARIANT:1	1	1	1
6945bf26232cd02f	PROPOSED	HIGH	data/normalized_yaml/bacterial/TOGO_M878_1_3_LB_Agar.yaml	CultureMech:010296	1_3_lb_agar	5	4	CONCENTRATION_VARIANT:2;DERIVED_FROM:1;SALINITY_VARIANT:1	4	1	1
8090c6ef1dc2152f	PROPOSED	HIGH	data/normalized_yaml/bacterial/anaero_columbia_agar_with_rabbit_blood.yaml	CultureMech:003036	anaero_columbia_agar_with_rabbit_blood	5	4	SUPPLEMENTED_VARIANT:4	2	1	1
094b49ef9e02baa3	PROPOSED	HIGH	data/normalized_yaml/bacterial/chemically_defined_fermentation_medium_45g_glucose_7g_msg.yaml	CultureMech:007237	chemically_defined_fermentation_medium_45g_glucose_7g_msg	5	4	SUPPLEMENTED_VARIANT:4	5	1	1
91736aaf5bbdc76a	PROPOSED	HIGH	data/normalized_yaml/bacterial/for_dsm_12260.yaml	CultureMech:006652	for_dsm_12260	5	1	CONCENTRATION_VARIANT:1	2	1	1
b3626451617f0879	PROPOSED	HIGH	data/normalized_yaml/bacterial/for_dsm_14385.yaml	CultureMech:006246	for_dsm_14385	5	2	CONCENTRATION_VARIANT:2	2	1	1
b876e168ac2ce14c	PROPOSED	HIGH	data/normalized_yaml/bacterial/m9_with_0_4_glucose_and_5_emulsion.yaml	CultureMech:007444	m9_with_0_4_glucose_and_5_emulsion	5	4	SUPPLEMENTED_VARIANT:4	5	1	1
63460fd8b950e650	PROPOSED	HIGH	data/normalized_yaml/archaea/JCM_J986_METHANOCOCCOIDES_MEDIUM.yaml	CultureMech:003335	methanococcoides_medium	4	3	SOURCE_DUPLICATE:3	1	1	1
e88c8ebae58c240c	PROPOSED	HIGH	data/normalized_yaml/bacterial/JCM_J345_HORIKOSHI-1_MEDIUM_WITH_10_NaCl.yaml	CultureMech:002705	horikoshi_1_medium_with_10_nacl	4	3	SALINITY_VARIANT:3	4	1	1
d676e324b10e8b23	PROPOSED	HIGH	data/normalized_yaml/bacterial/JCM_J54_POTATO-CARROT_AGAR.yaml	CultureMech:002897	potato_carrot_agar	4	2	CONCENTRATION_VARIANT:1;DERIVED_FROM:1	2	1	1
0535c30347cafa4c	PROPOSED	HIGH	data/normalized_yaml/bacterial/JCM_J618_CYS_MEDIUM.yaml	CultureMech:002965	cys_medium	4	1	CONCENTRATION_VARIANT:1	2	1	1
492fdef9f42e5398	PROPOSED	HIGH	data/normalized_yaml/bacterial/JCM_J81_GAUZE_S_SYNTHETIC_MEDIUM_NO._1.yaml	CultureMech:003164	gauzes_synthetic_medium_no_1	4	3	DERIVED_FROM:2;PHYSICAL_STATE_VARIANT:1	1	2	1
0e9f849932ae126c	PROPOSED	HIGH	data/normalized_yaml/bacterial/KOMODO_1081_HORIKOSHI-1_medium.yaml	CultureMech:003731	horikoshi_1_medium	4	1	SALINITY_VARIANT:1	1	1	1
ab6f679111bc5d62	PROPOSED	HIGH	data/normalized_yaml/bacterial/KOMODO_1108_CYS_MEDIUM.yaml	CultureMech:003808	cys_medium	4	3	CONCENTRATION_VARIANT:1;SALINITY_VARIANT:2	2	1	1
7514dc944cd9ec24	PROPOSED	HIGH	data/normalized_yaml/bacterial/KOMODO_1144_SINGULISPHAERA_medium.yaml	CultureMech:003855	singulisphaera_medium	4	2	CONCENTRATION_VARIANT:2	2	1	1
6aa8f48156d5fe19	PROPOSED	HIGH	data/normalized_yaml/bacterial/KOMODO_1182_AQUISALIMONAS_medium.yaml	CultureMech:003902	aquisalimonas_medium	4	2	CONCENTRATION_VARIANT:2	2	1	1
db508871632d8992	PROPOSED	HIGH	data/normalized_yaml/bacterial/KOMODO_1203_FASTIDIOUS_ANAEROBE_AGAR.yaml	CultureMech:003951	fastidious_anaerobe_agar	4	2	CONCENTRATION_VARIANT:1;DERIVED_FROM:1	2	1	1
1f90bb0764ba1e72	PROPOSED	HIGH	data/normalized_yaml/bacterial/KOMODO_1226_THIOHALOCAPSA_MARINA_medium.yaml	CultureMech:003981	thiohalocapsa_marina_medium	4	1	CONCENTRATION_VARIANT:1	2	1	1
e5c39340a0343248	PROPOSED	HIGH	data/normalized_yaml/bacterial/KOMODO_1302_YIM_medium_10_NaCl.yaml	CultureMech:004057	yim_medium_10_nacl	4	2	CONCENTRATION_VARIANT:2	2	1	1
a267a62b2bb13463	PROPOSED	HIGH	data/normalized_yaml/bacterial/KOMODO_187_medium_FOR_OSMOPHILIC_FUNGI_M_40_Y.yaml	CultureMech:004211	medium_for_osmophilic_fungi_m_40_y	4	1	CONCENTRATION_VARIANT:1	2	1	1
8a87b431f2eb1e89	PROPOSED	HIGH	data/normalized_yaml/bacterial/KOMODO_191_CORN_MEAL_AGAR.yaml	CultureMech:004218	corn_meal_agar	4	2	SOURCE_DUPLICATE:2	1	1	1
fcd0674f938c5bd9	PROPOSED	HIGH	data/normalized_yaml/bacterial/KOMODO_337_SYNTROPHOCOCCUS_SUCROMUTANS_medium.yaml	CultureMech:005034	syntrophococcus_sucromutans_medium	4	2	SUBSTITUTED_COMPONENT_VARIANT:2	1	1	1
b633a2d5b5c0150d	PROPOSED	HIGH	data/normalized_yaml/bacterial/KOMODO_393_YPD_medium.yaml	CultureMech:005177	ypd_medium	4	2	CONCENTRATION_VARIANT:2	2	1	1
79bb8a2dbe1149bf	PROPOSED	HIGH	data/normalized_yaml/bacterial/KOMODO_503c_PROPIONISPORA_MEDIUM.yaml	CultureMech:005683	propionispora_medium	4	3	SOURCE_DUPLICATE:3	1	1	1
d69502ef6b41590b	PROPOSED	HIGH	data/normalized_yaml/bacterial/KOMODO_554_N-Z-AMINE-MEDIUM.yaml	CultureMech:006003	n_z_amine_medium	4	1	SUPPLEMENTED_VARIANT:1	2	1	1
606ed216dd874c82	PROPOSED	HIGH	data/normalized_yaml/bacterial/KOMODO_600a_M13a_PIRELLULA_medium.yaml	CultureMech:006088	m13a_pirellula_medium	4	1	CONCENTRATION_VARIANT:1	2	1	1
e69d18ea5dff8f4b	PROPOSED	HIGH	data/normalized_yaml/bacterial/KOMODO_607_M13_VERRUCOMICROBIUM_medium.yaml	CultureMech:006096	m13_verrucomicrobium_medium	4	1	CONCENTRATION_VARIANT:1	2	1	1
78c771bd9fe1bff1	PROPOSED	HIGH	data/normalized_yaml/bacterial/KOMODO_624_MH_medium.yaml	CultureMech:006130	mh_medium	4	2	CONCENTRATION_VARIANT:2	2	1	1
b2583af166dbb10b	PROPOSED	HIGH	data/normalized_yaml/bacterial/KOMODO_631_ACETOBACTER_EUROPAEUS_medium.yaml	CultureMech:006146	acetobacter_europaeus_medium	4	2	CONCENTRATION_VARIANT:2	3	1	1
16f262a332814fd0	PROPOSED	HIGH	data/normalized_yaml/bacterial/KOMODO_982_MY10-12_medium.yaml	CultureMech:006943	my10_12_medium	4	2	CONCENTRATION_VARIANT:1;SALINITY_VARIANT:1	3	1	1
57dbef8101915a2f	PROPOSED	HIGH	data/normalized_yaml/bacterial/TOGO_M130_PYG_Agar_A.yaml	CultureMech:007845	pyg_agar_a	4	3	CONCENTRATION_VARIANT:2;SUPPLEMENTED_VARIANT:1	4	1	1
ea8898ae2534c7b9	PROPOSED	HIGH	data/normalized_yaml/bacterial/TOGO_M1646_R2A_Medium.yaml	CultureMech:008202	r2a_medium	4	2	CONCENTRATION_VARIANT:2	3	1	1
21d47e95aa99a74f	PROPOSED	HIGH	data/normalized_yaml/bacterial/TOGO_M248_Columbia_Blood_Agar_With_5_Sheep_Blood.yaml	CultureMech:009063	columbia_blood_agar_with_5_sheep_blood	4	3	SUPPLEMENTED_VARIANT:3	2	1	1
612e9deed6f480bd	PROPOSED	HIGH	data/normalized_yaml/bacterial/TOGO_M2897_LB_medium.yaml	CultureMech:009433	lb_medium	4	2	CONCENTRATION_VARIANT:2	4	1	1
85d2cd7b99c314c8	PROPOSED	HIGH	data/normalized_yaml/bacterial/TOGO_M404_Horikoshi-I_Medium_With_5_NaCl.yaml	CultureMech:009788	horikoshi_i_medium_with_5_nacl	4	3	SALINITY_VARIANT:3	4	1	1
6aa34a8a490f4fa6	PROPOSED	HIGH	data/normalized_yaml/bacterial/TOGO_M482_Reinforced_Clostridial_Medium_With_3_Sea_Salt.yaml	CultureMech:009869	reinforced_clostridial_medium_with_3_sea_salt	4	2	SALINITY_VARIANT:2	2	1	1
67a1700400c926c3	PROPOSED	HIGH	data/normalized_yaml/bacterial/for_dsm_16529.yaml	CultureMech:006695	for_dsm_16529	4	1	CONCENTRATION_VARIANT:1	2	1	1
e8027273628798b1	PROPOSED	HIGH	data/normalized_yaml/bacterial/for_dsm_24436.yaml	CultureMech:006669	for_dsm_24436	4	1	CONCENTRATION_VARIANT:1	2	1	1
26048b72646166d9	PROPOSED	HIGH	data/normalized_yaml/bacterial/m9_0_2_glycerol.yaml	CultureMech:007081	m9_0_2_glycerol	4	2	SUPPLEMENTED_VARIANT:2	4	1	1
712b2137cdff4a52	PROPOSED	HIGH	data/normalized_yaml/bacterial/oatmeal_agar_isp_3.yaml	CultureMech:002860	oatmeal_agar_isp_3	4	3	CONCENTRATION_VARIANT:1;PHYSICAL_STATE_VARIANT:2	2	2	1
7023a99ccd8efc7a	PROPOSED	HIGH	data/normalized_yaml/bacterial/pseudodesulfovibrio_medium.yaml	CultureMech:001623	pseudodesulfovibrio_medium	4	1	CONCENTRATION_VARIANT:1	2	1	1
f6d2ba90697727ee	PROPOSED	HIGH	data/normalized_yaml/bacterial/rb_1_rb_9_medium.yaml	CultureMech:006009	rb_1_rb_9_medium	4	1	SUBSTITUTED_COMPONENT_VARIANT:1	1	1	1
5c264950f5085153	PROPOSED	HIGH	data/normalized_yaml/bacterial/sl_medium.yaml	CultureMech:006904	sl_medium	4	1	CONCENTRATION_VARIANT:1	2	1	1
f245daf5eb3d5859	PROPOSED	HIGH	data/normalized_yaml/bacterial/thermus_162_medium.yaml	CultureMech:002036	thermus_162_medium	4	1	CONCENTRATION_VARIANT:1	2	1	1
ee447c19d8bc70f7	PROPOSED	HIGH	data/normalized_yaml/bacterial/trypticase_soy_broth_agar_with_3_nacl.yaml	CultureMech:002425	trypticase_soy_broth_agar_with_3_nacl	4	1	OMITTED_COMPONENT_VARIANT:1	4	1	1
fc945d64d65e248d	PROPOSED	HIGH	data/normalized_yaml/bacterial/yeast_extract_malt_extract_agar_isp_medium_no_2.yaml	CultureMech:007996	yeast_extract_malt_extract_agar_isp_medium_no_2	4	3	SUPPLEMENTED_VARIANT:3	1	1	1
f041488cd6184d48	PROPOSED	HIGH	data/normalized_yaml/specialized/m9.yaml	CultureMech:015542	M9	4	3	SUPPLEMENTED_VARIANT:3	4	1	1
d6f6f4a39f583d67	PROPOSED	HIGH	data/normalized_yaml/specialized/nldm_defined_nocarbon.yaml	CultureMech:015657	NLDM_defined_nocarbon	4	3	CONCENTRATION_VARIANT:3	4	1	1
cfb85894067fd5c9	PROPOSED	HIGH	data/normalized_yaml/specialized/rch2_defined_glucose.yaml	CultureMech:015701	RCH2 defined glucose	4	3	SUPPLEMENTED_VARIANT:3	4	1	1
a1a0579d73b3ca7b	PROPOSED	HIGH	data/normalized_yaml/archaea/JCM_J161_THERMOCOCCUS_LITORALIS_MEDIUM.yaml	CultureMech:002520	thermococcus_litoralis_medium	3	2	SOURCE_DUPLICATE:2	1	1	1
aab63035767dbf7b	PROPOSED	HIGH	data/normalized_yaml/archaea/KOMODO_1318_METHANOCELLA_CONRADII_medium.yaml	CultureMech:004073	methanocella_conradii_medium	3	1	DERIVED_FROM:1	1	1	1
430f0e21feff95b8	PROPOSED	HIGH	data/normalized_yaml/archaea/KOMODO_1396_HALOARCHAEAL_medium_MH-1.yaml	CultureMech:004114	haloarchaeal_medium_mh_1	3	2	DERIVED_FROM:1;SALINITY_VARIANT:1	1	1	1
f5ec8d9fbc458216	PROPOSED	HIGH	data/normalized_yaml/archaea/KOMODO_334_METHANOTHRIX_medium.yaml	CultureMech:005028	methanothrix_medium	3	2	SOURCE_DUPLICATE:2	1	1	1
92c1392d03252e3a	PROPOSED	HIGH	data/normalized_yaml/archaea/methanogenium_aggregans_medium.yaml	CultureMech:005012	methanogenium_aggregans_medium	3	2	SOURCE_DUPLICATE:1;SUBSTITUTED_COMPONENT_VARIANT:1	1	1	1
5781ed9d38c82ed1	PROPOSED	HIGH	data/normalized_yaml/archaea/picrophilus_medium.yaml	CultureMech:002594	picrophilus_medium	3	2	SOURCE_DUPLICATE:2	1	1	1
c176898adfb8f349	PROPOSED	HIGH	data/normalized_yaml/archaea/pyrodictium_abysii_medium.yaml	CultureMech:002567	pyrodictium_abysii_medium	3	2	SOURCE_DUPLICATE:2	1	1	1
93292316cf74a785	PROPOSED	HIGH	data/normalized_yaml/bacterial/DSMZ_1058_THIOHALOPHILUS_MEDIUM.yaml	CultureMech:000244	thiohalophilus_medium	3	2	CONCENTRATION_VARIANT:2	3	1	1
e74f66775d34b5d8	PROPOSED	HIGH	data/normalized_yaml/bacterial/DSMZ_1156_HALOPHILIC_METHANOTROPHIC_BACTERIUM_MEDIUM.yaml	CultureMech:000248	halophilic_methanotrophic_bacterium_medium	3	2	DERIVED_FROM:1;SUBSTITUTED_COMPONENT_VARIANT:1	1	1	1
29488df336f61d7d	PROPOSED	HIGH	data/normalized_yaml/bacterial/DSMZ_1170_METHYLONATRUM_MEDIUM.yaml	CultureMech:000612	methylonatrum_medium	3	1	SUBSTITUTED_COMPONENT_VARIANT:1	1	1	1
ab21772d5b8b2ee7	PROPOSED	HIGH	data/normalized_yaml/bacterial/DSMZ_1293_SYMBIOBACTERIUM_THERMOPHILUM_MEDIUM.yaml	CultureMech:000251	symbiobacterium_thermophilum_medium	3	2	CONCENTRATION_VARIANT:1;DERIVED_FROM:1	2	1	1
e1a6b7fb23716e12	PROPOSED	HIGH	data/normalized_yaml/bacterial/DSMZ_994_MINERAL_MEDIUM.yaml	CultureMech:002179	mineral_medium	3	1	SUBSTITUTED_COMPONENT_VARIANT:1	1	1	1
56d26a51c79bb07c	PROPOSED	HIGH	data/normalized_yaml/bacterial/JCM_J1085_ANAEROBACTER_MEDIUM.yaml	CultureMech:002265	anaerobacter_medium	3	2	CONCENTRATION_VARIANT:2	2	1	1
be6030fabe73ce03	PROPOSED	HIGH	data/normalized_yaml/bacterial/JCM_J155_DUBOS_SALTS_MEDIUM.yaml	CultureMech:002513	dubos_salts_medium	3	1	SALINITY_VARIANT:1	1	1	1
84a12bfefc21342e	PROPOSED	HIGH	data/normalized_yaml/bacterial/JCM_J235_PYSE_MEDIUM.yaml	CultureMech:002595	pyse_medium	3	2	DERIVED_FROM:2	1	1	1
3d5d93ce71f7d803	PROPOSED	HIGH	data/normalized_yaml/bacterial/JCM_J246_PPES-II_AGAR_MEDIUM.yaml	CultureMech:002607	ppes_ii_agar_medium	3	2	DERIVED_FROM:2	1	1	1
2456dde12624653e	PROPOSED	HIGH	data/normalized_yaml/bacterial/JCM_J427_TSBY_SALT_MEDIUM.yaml	CultureMech:002779	tsby_salt_medium	3	1	SALINITY_VARIANT:1	2	1	1
88498e3f0569c9dc	PROPOSED	HIGH	data/normalized_yaml/bacterial/JCM_J44_BENNETT_S_AGAR.yaml	CultureMech:002800	bennetts_agar	3	1	DERIVED_FROM:1	1	1	1
65724886fe1b2fd2	PROPOSED	HIGH	data/normalized_yaml/bacterial/JCM_J840_YPM_MEDIUM.yaml	CultureMech:003185	ypm_medium	3	2	DERIVED_FROM:2	1	1	1
38d075307bc2df8e	PROPOSED	HIGH	data/normalized_yaml/bacterial/KOMODO_1023_MANNING_medium.yaml	CultureMech:003535	manning_medium	3	1	CONCENTRATION_VARIANT:1	2	1	1
2b00f667930d6e62	PROPOSED	HIGH	data/normalized_yaml/bacterial/KOMODO_1085_HOWARDELLA_medium.yaml	CultureMech:003737	howardella_medium	3	1	SOURCE_DUPLICATE:1	1	1	1
0915d739ebe97f2a	PROPOSED	HIGH	data/normalized_yaml/bacterial/KOMODO_1116_STEROIDOBACTER_MEDIUM.yaml	CultureMech:003818	steroidobacter_medium	3	1	SUBSTITUTED_COMPONENT_VARIANT:1	1	1	1
334afc969bed292c	PROPOSED	HIGH	data/normalized_yaml/bacterial/KOMODO_1123_YED_medium_salted.yaml	CultureMech:003827	yed_medium_salted	3	1	SALINITY_VARIANT:1	2	1	1
1cc06b4a113dfca9	PROPOSED	HIGH	data/normalized_yaml/bacterial/KOMODO_1133_ENRICHED_CYTOPHAGA_AGAR_medium.yaml	CultureMech:003843	enriched_cytophaga_agar_medium	3	1	CONCENTRATION_VARIANT:1	2	1	1
320348e7a7a8d6b1	PROPOSED	HIGH	data/normalized_yaml/bacterial/KOMODO_1159_GYM_STREPTOMYCES_medium_10_NACL.yaml	CultureMech:003868	gym_streptomyces_medium_10_nacl	3	1	SALINITY_VARIANT:1	2	1	1
2162cf838629792b	PROPOSED	HIGH	data/normalized_yaml/bacterial/KOMODO_1162_THIOPHAEOCOCCUS_MANGROVI_medium.yaml	CultureMech:003873	thiophaeococcus_mangrovi_medium	3	1	CONCENTRATION_VARIANT:1	2	1	1
0d813bbed72e1e81	PROPOSED	HIGH	data/normalized_yaml/bacterial/KOMODO_1169_SEAWATER_YPG.yaml	CultureMech:003887	seawater_ypg	3	1	SALINITY_VARIANT:1	2	1	1
3630eca60c8769e8	PROPOSED	HIGH	data/normalized_yaml/bacterial/KOMODO_1171_METHYLOHALOMONAS_MEDIUM.yaml	CultureMech:003891	methylohalomonas_medium	3	1	SUBSTITUTED_COMPONENT_VARIANT:1	1	1	1
3332ebc508a2aabf	PROPOSED	HIGH	data/normalized_yaml/bacterial/KOMODO_1222_RHODOVULUM_MARINUM_MEDIUM.yaml	CultureMech:003976	rhodovulum_marinum_medium	3	1	SUBSTITUTED_COMPONENT_VARIANT:1	1	1	1
efacf727ecd813b8	PROPOSED	HIGH	data/normalized_yaml/bacterial/KOMODO_122_CLOSTRIDIUM_THERMOCELLUM_medium.yaml	CultureMech:003985	clostridium_thermocellum_medium	3	1	SUBSTITUTED_COMPONENT_VARIANT:1	1	1	1
a2215851badb2db0	PROPOSED	HIGH	data/normalized_yaml/bacterial/KOMODO_1334_MODIFIED_YMA_medium.yaml	CultureMech:004097	modified_yma_medium	3	1	CONCENTRATION_VARIANT:1	2	1	1
c377ca137700d31a	PROPOSED	HIGH	data/normalized_yaml/bacterial/KOMODO_27_RHODOSPIRILLACEAE_medium_modified.yaml	CultureMech:004707	rhodospirillaceae_medium_modified	3	1	SOURCE_DUPLICATE:1	1	1	1
114d5e635c78c63b	PROPOSED	HIGH	data/normalized_yaml/bacterial/KOMODO_315_BACTEROIDES_CELLULOSOLVENS_MEDIUM.yaml	CultureMech:005002	bacteroides_cellulosolvens_medium	3	1	SUBSTITUTED_COMPONENT_VARIANT:1	1	1	1
0679427443508e11	PROPOSED	HIGH	data/normalized_yaml/bacterial/KOMODO_320_CLOSTRIDIUM_CELLULOVORANS_medium.yaml	CultureMech:005010	clostridium_cellulovorans_medium	3	1	SUBSTITUTED_COMPONENT_VARIANT:1	1	1	1
29d6afbeb6912286	PROPOSED	HIGH	data/normalized_yaml/bacterial/KOMODO_489_CLOSTRIDIUM_AEROTOLERANS_medium.yaml	CultureMech:005614	clostridium_aerotolerans_medium	3	1	CONCENTRATION_VARIANT:1	2	1	1
c4d3c4e820e6dfd8	PROPOSED	HIGH	data/normalized_yaml/bacterial/KOMODO_494_ACETOHALOBIUM_medium.yaml	CultureMech:005623	acetohalobium_medium	3	1	SUBSTITUTED_COMPONENT_VARIANT:1	1	1	1
f0ff1871da884601	PROPOSED	HIGH	data/normalized_yaml/bacterial/KOMODO_595_CAULOBACTER_medium.yaml	CultureMech:006076	caulobacter_medium	3	1	SOURCE_DUPLICATE:1	1	1	1
518c7e3ef6c6cc62	PROPOSED	HIGH	data/normalized_yaml/bacterial/KOMODO_701_HALOANAEROBACTER_CHITINOVORANS_medium.yaml	CultureMech:006331	haloanaerobacter_chitinovorans_medium	3	1	SUBSTITUTED_COMPONENT_VARIANT:1	1	1	1
455f4109a035c082	PROPOSED	HIGH	data/normalized_yaml/bacterial/KOMODO_702_HALOCELLA_CELLULOLYTICA_medium.yaml	CultureMech:006333	halocella_cellulolytica_medium	3	1	SUBSTITUTED_COMPONENT_VARIANT:1	1	1	1
424d16ca352b5eff	PROPOSED	HIGH	data/normalized_yaml/bacterial/KOMODO_738_BPHD_Medium.yaml	CultureMech:006387	bphd_medium	3	1	SUBSTITUTED_COMPONENT_VARIANT:1	1	1	1
06316d510bcaeea7	PROPOSED	HIGH	data/normalized_yaml/bacterial/KOMODO_746_RHODOVULUM_STRICTUM_medium.yaml	CultureMech:006397	rhodovulum_strictum_medium	3	1	CONCENTRATION_VARIANT:1	2	1	1
a19182af1b03d2c2	PROPOSED	HIGH	data/normalized_yaml/bacterial/KOMODO_784_NATRONIELLA_medium.yaml	CultureMech:006484	natroniella_medium	3	1	SUBSTITUTED_COMPONENT_VARIANT:1	1	1	1
32d44b14aa969309	PROPOSED	HIGH	data/normalized_yaml/bacterial/KOMODO_803_SPHAEROTILUS-LEPTOTHRIX_medium.yaml	CultureMech:006520	sphaerotilus_leptothrix_medium	3	1	CONCENTRATION_VARIANT:1	2	1	1
229afa408c497e67	PROPOSED	HIGH	data/normalized_yaml/bacterial/KOMODO_813_DESULFONATRONUM_medium.yaml	CultureMech:006536	desulfonatronum_medium	3	1	DERIVED_FROM:1	1	1	1
0a4bffc659336283	PROPOSED	HIGH	data/normalized_yaml/bacterial/KOMODO_821_FUNDIBACTER_JADENSIS_medium.yaml	CultureMech:006549	fundibacter_jadensis_medium	3	1	SUBSTITUTED_COMPONENT_VARIANT:1	1	1	1
b4bcc8d5aa25635c	PROPOSED	HIGH	data/normalized_yaml/bacterial/KOMODO_827_THERMOANAEROBACTER_SULFUROPHILUS_medium.yaml	CultureMech:006558	thermoanaerobacter_sulfurophilus_medium	3	1	DERIVED_FROM:1	1	1	1
a2f0c8a822db0d43	PROPOSED	HIGH	data/normalized_yaml/bacterial/KOMODO_85_GLUCOSE_Peptone_medium.yaml	CultureMech:006677	glucose_peptone_medium	3	1	SUPPLEMENTED_VARIANT:1	2	1	1
c9be285c5760c7ad	PROPOSED	HIGH	data/normalized_yaml/bacterial/KOMODO_956_MEDIUM_FOR_DSM_14457_AND_14458.yaml	CultureMech:006900	medium_for_dsm_14457_and_14458	3	1	SUBSTITUTED_COMPONENT_VARIANT:1	1	1	1
0e8f765c5a5414f9	PROPOSED	HIGH	data/normalized_yaml/bacterial/TOGO_M105_R_Agar_With_3_NaCl.yaml	CultureMech:007576	r_agar_with_3_nacl	3	2	SALINITY_VARIANT:2	3	1	1
367ca7bc0447c179	PROPOSED	HIGH	data/normalized_yaml/bacterial/TOGO_M1238_Inorganic_Salts-Starch_Agar_ISP-4_With_5_NaCl.yaml	CultureMech:007767	inorganic_salts_starch_agar_isp_4_with_5_nacl	3	2	SALINITY_VARIANT:2	3	1	1
5e3364924bd5eae3	PROPOSED	HIGH	data/normalized_yaml/bacterial/TOGO_M1431_YM_Agar.yaml	CultureMech:007970	ym_agar	3	1	CONCENTRATION_VARIANT:1	3	1	1
147c5021fee5c04a	PROPOSED	HIGH	data/normalized_yaml/bacterial/TOGO_M1458_Trypticase_Soy_Agar.yaml	CultureMech:007999	trypticase_soy_agar	3	2	CONCENTRATION_VARIANT:2	3	1	1
a0b297e06b7a403b	PROPOSED	HIGH	data/normalized_yaml/bacterial/TOGO_M2339_Nutrient_Agar.yaml	CultureMech:008926	nutrient_agar	3	2	DERIVED_FROM:1;SUPPLEMENTED_VARIANT:1	1	1	1
27d783c759c3faa2	PROPOSED	HIGH	data/normalized_yaml/bacterial/TOGO_M2340_Nutrient_Agar.yaml	CultureMech:008928	nutrient_agar	3	1	SUPPLEMENTED_VARIANT:1	1	1	1
e3fddd37096edfff	PROPOSED	HIGH	data/normalized_yaml/bacterial/TOGO_M2418_Nutrient_Broth.yaml	CultureMech:009000	nutrient_broth	3	2	CONCENTRATION_VARIANT:1;SOURCE_DUPLICATE:1	2	1	1
018a651c010cbb69	PROPOSED	HIGH	data/normalized_yaml/bacterial/TOGO_M2488_YTP-2_medium.yaml	CultureMech:009061	ytp_2_medium	3	1	DERIVED_FROM:1	1	1	1
1036106db6bd36f2	PROPOSED	HIGH	data/normalized_yaml/bacterial/TOGO_M52_Glycerol-Asparagine_Agar_ISP-5.yaml	CultureMech:009922	glycerol_asparagine_agar_isp_5	3	1	CONCENTRATION_VARIANT:1	2	1	1
06289eccd099dffa	PROPOSED	HIGH	data/normalized_yaml/bacterial/TOGO_M684_YM_Broth.yaml	CultureMech:010089	ym_broth	3	1	SOURCE_DUPLICATE:1	1	1	1
e01acdf990066aa6	PROPOSED	HIGH	data/normalized_yaml/bacterial/amo_1_medium.yaml	CultureMech:006284	amo_1_medium	3	1	SUBSTITUTED_COMPONENT_VARIANT:1	1	1	1
b2315e305958d607	PROPOSED	HIGH	data/normalized_yaml/bacterial/clostridium_papyrosolvens_medium.yaml	CultureMech:004747	clostridium_papyrosolvens_medium	3	1	SUBSTITUTED_COMPONENT_VARIANT:1	1	1	1
566384746b38b538	PROPOSED	HIGH	data/normalized_yaml/bacterial/clostridium_termitidis_medium.yaml	CultureMech:005966	clostridium_termitidis_medium	3	1	SUBSTITUTED_COMPONENT_VARIANT:1	1	1	1
7d74c60b46d4e2c1	PROPOSED	HIGH	data/normalized_yaml/bacterial/f_2.yaml	CultureMech:000343	f_2	3	1	CONCENTRATION_VARIANT:1	3	1	1
eb7e35ce0731c8bb	PROPOSED	HIGH	data/normalized_yaml/bacterial/for_dsm_12343.yaml	CultureMech:006688	for_dsm_12343	3	1	SOURCE_DUPLICATE:1	1	1	1
d2e46c23656cd61d	PROPOSED	HIGH	data/normalized_yaml/bacterial/for_dsm_14366.yaml	CultureMech:006345	for_dsm_14366	3	1	SUPPLEMENTED_VARIANT:1	1	1	1
2cd5361e2e624e31	PROPOSED	HIGH	data/normalized_yaml/bacterial/for_dsm_6578.yaml	CultureMech:005710	for_dsm_6578	3	2	SOURCE_DUPLICATE:2	1	1	1
0ea9cef1fe67c312	PROPOSED	HIGH	data/normalized_yaml/bacterial/inorganic_salts_starch_agar_isp_4_with_5_nacl.yaml	CultureMech:002328	inorganic_salts_starch_agar_isp_4_with_5_nacl	3	2	SALINITY_VARIANT:2	3	1	1
9167157439d81239	PROPOSED	HIGH	data/normalized_yaml/bacterial/isp_4_plus_20_nacl.yaml	CultureMech:009704	isp_4_plus_20_nacl	3	1	SALINITY_VARIANT:1	3	1	1
13fbb12e7b4d29aa	PROPOSED	HIGH	data/normalized_yaml/bacterial/mineral_medium_with_camphor.yaml	CultureMech:001556	mineral_medium_with_camphor	3	2	SUPPLEMENTED_VARIANT:2	1	1	1
ee1f61a25376df86	PROPOSED	HIGH	data/normalized_yaml/bacterial/modified_ba_medium.yaml	CultureMech:006267	modified_ba_medium	3	1	SUBSTITUTED_COMPONENT_VARIANT:1	1	1	1
eb6d2c5a7a4a9bfa	PROPOSED	HIGH	data/normalized_yaml/bacterial/msa_fe_medium.yaml	CultureMech:006337	msa_fe_medium	3	1	SUBSTITUTED_COMPONENT_VARIANT:1	1	1	1
ddc2a1133a7edc20	PROPOSED	HIGH	data/normalized_yaml/bacterial/r2a_agar_with_1_nacl.yaml	CultureMech:003261	r2a_agar_with_1_nacl	3	2	SALINITY_VARIANT:2	3	1	1
43a9530f7afd70b8	PROPOSED	HIGH	data/normalized_yaml/bacterial/r_agar_with_3_nacl.yaml	CultureMech:002313	r_agar_with_3_nacl	3	2	SALINITY_VARIANT:2	3	1	1
043bc8f82331ec69	PROPOSED	HIGH	data/normalized_yaml/bacterial/ruminiclostridium_medium.yaml	CultureMech:000871	ruminiclostridium_medium	3	1	SUBSTITUTED_COMPONENT_VARIANT:1	1	1	1
96c4e89030faca9e	PROPOSED	HIGH	data/normalized_yaml/bacterial/sulfate_reducing_bacterium_medium_with_lactate.yaml	CultureMech:002900	sulfate_reducing_bacterium_medium_with_lactate	3	2	SALINITY_VARIANT:1;SUPPLEMENTED_VARIANT:1	1	1	1
ea72e8750d5a8230	PROPOSED	HIGH	data/normalized_yaml/bacterial/thermoclostridium_a_g_medium.yaml	CultureMech:001427	thermoclostridium_a_g_medium	3	1	SUBSTITUTED_COMPONENT_VARIANT:1	1	1	1
070e099db1d1efd9	PROPOSED	HIGH	data/normalized_yaml/bacterial/togo_medium_m181.yaml	CultureMech:008391	togo_medium_m181	3	1	SOURCE_DUPLICATE:1	1	1	1
2850e81e0e67678c	PROPOSED	HIGH	data/normalized_yaml/bacterial/togo_medium_m307.yaml	CultureMech:009582	togo_medium_m307	3	2	CONCENTRATION_VARIANT:2	3	1	1
a09ccf968e815d20	PROPOSED	HIGH	data/normalized_yaml/specialized/dv_base_medium_no_w.yaml	CultureMech:015519	Dv base medium no W	3	2	SOURCE_DUPLICATE:2	1	1	1
4c366e93ec606837	PROPOSED	HIGH	data/normalized_yaml/specialized/nldm_defined_nocarbon_ph4.yaml	CultureMech:015659	NLDM_defined_nocarbon_pH4	3	2	CONCENTRATION_VARIANT:2	3	1	1
ee7bdd6ea91fd2fb	PROPOSED	HIGH	data/normalized_yaml/specialized/nldm_defined_ph4.yaml	CultureMech:015666	NLDM_defined_pH4	3	2	CONCENTRATION_VARIANT:2	3	1	1
5d600473c0eecdcc	PROPOSED	HIGH	data/normalized_yaml/specialized/nldm_defined_ph6.yaml	CultureMech:015669	NLDM_defined_pH6	3	2	CONCENTRATION_VARIANT:2	3	1	1
80181525e0824c5e	PROPOSED	HIGH	data/normalized_yaml/specialized/nln.yaml	CultureMech:015672	NLN	3	2	SUPPLEMENTED_VARIANT:2	3	1	1
b6096f82321e85ce	PROPOSED	HIGH	data/normalized_yaml/specialized/r2a_low_k2hpo4.yaml	CultureMech:015696	R2A_low_K2HPO4	3	1	CONCENTRATION_VARIANT:1	3	1	1
de6f146ce9a82bac	PROPOSED	HIGH	data/normalized_yaml/algae/1_2_Enriched_Seawater.yaml	CultureMech:000003	1_2_enriched_seawater	2	1	CONCENTRATION_VARIANT:1	2	1	1
6fa6ba9a0bb8da72	PROPOSED	HIGH	data/normalized_yaml/algae/1_2_Erdschreiber_Medium.yaml	CultureMech:000004	1_2_erdschreiber_medium	2	1	CONCENTRATION_VARIANT:1	2	1	1
6fa1ac23e798207f	PROPOSED	HIGH	data/normalized_yaml/algae/Bold_1NV_Erdshreiber_1_1_Medium.yaml	CultureMech:000030	bold_1nv_erdshreiber_1_1_medium	2	1	CONCENTRATION_VARIANT:1	2	1	1
13208206d125b110	PROPOSED	HIGH	data/normalized_yaml/algae/CCAP_ASW 225 + barley  + barley grain_).yaml	CultureMech:000047	asw_225_barley	2	1	DERIVED_FROM:1	1	1	1
b756a29d9848dbdd	PROPOSED	HIGH	data/normalized_yaml/algae/CCAP_MC II .yaml	CultureMech:000085	mc_ii	2	1	DERIVED_FROM:1	1	1	1
367f403f8e293064	PROPOSED	HIGH	data/normalized_yaml/algae/CCAP_NN  Agar.yaml	CultureMech:000106	nn	2	1	DERIVED_FROM:1	1	1	1
253d582f13cfe308	PROPOSED	HIGH	data/normalized_yaml/algae/asw.yaml	CultureMech:000050	asw	2	1	CONCENTRATION_VARIANT:1	2	1	1
7de686f7c99e972a	PROPOSED	HIGH	data/normalized_yaml/algae/bg_11_1_nacl_medium.yaml	CultureMech:000027	bg_11_1_nacl_medium	2	1	SALINITY_VARIANT:1	2	1	1
fe46c701d41cc40b	PROPOSED	HIGH	data/normalized_yaml/archaea/JCM_J184_PYROBACULUM_MEDIUM.yaml	CultureMech:002545	pyrobaculum_medium	2	1	SOURCE_DUPLICATE:1	1	1	1
10c3462855fd78fa	PROPOSED	HIGH	data/normalized_yaml/archaea/JCM_J230_METHANOSARCINA_MEDIUM.yaml	CultureMech:002591	methanosarcina_medium	2	1	SOURCE_DUPLICATE:1	1	1	1
1b3f9880abcaf986	PROPOSED	HIGH	data/normalized_yaml/archaea/JCM_J280_THERMOCOCCUS_MEDIUM.yaml	CultureMech:002638	thermococcus_medium	2	1	SOURCE_DUPLICATE:1	1	1	1
5e6ae28dffa20ec4	PROPOSED	HIGH	data/normalized_yaml/archaea/JCM_J338_PYROBACULUM_CALIDIFONTIS_MEDIUM.yaml	CultureMech:002697	pyrobaculum_calidifontis_medium	2	1	DERIVED_FROM:1	1	1	1
51620c6351944301	PROPOSED	HIGH	data/normalized_yaml/archaea/JCM_J693_AEROBIC_SULFOLOBALES_MEDIUM_WITHOUT_SULFUR.yaml	CultureMech:003038	aerobic_sulfolobales_medium_without_sulfur	2	1	SOURCE_DUPLICATE:1	1	1	1
fda9828a88902f86	PROPOSED	HIGH	data/normalized_yaml/archaea/KOMODO_1018_HALOFERAX_SULFURIFONTIS_medium.yaml	CultureMech:003529	haloferax_sulfurifontis_medium	2	1	DERIVED_FROM:1	1	1	1
12e9c008ea2bf87d	PROPOSED	HIGH	data/normalized_yaml/archaea/KOMODO_1043_IGNISPHAERA_medium.yaml	CultureMech:003602	ignisphaera_medium	2	1	DERIVED_FROM:1	1	1	1
5af8fb769a86e2f6	PROPOSED	HIGH	data/normalized_yaml/archaea/KOMODO_1083_ACIDULIPROFUNDUM_medium.yaml	CultureMech:003735	aciduliprofundum_medium	2	1	DERIVED_FROM:1	1	1	1
d2c9afbb12471a09	PROPOSED	HIGH	data/normalized_yaml/archaea/KOMODO_1091_HALOQUADRATUM_WALSBYI_medium.yaml	CultureMech:003742	haloquadratum_walsbyi_medium	2	1	DERIVED_FROM:1	1	1	1
9a5911123d7137ae	PROPOSED	HIGH	data/normalized_yaml/archaea/KOMODO_1164_HALOMICROBIUM_KATESII_medium.yaml	CultureMech:003877	halomicrobium_katesii_medium	2	1	DERIVED_FROM:1	1	1	1
0ceabc2b47b928dd	PROPOSED	HIGH	data/normalized_yaml/archaea/KOMODO_1189_AEROBIC_SULFOLOBALES_medium_WITHOUT_SULFUR.yaml	CultureMech:003909	aerobic_sulfolobales_medium_without_sulfur	2	1	OMITTED_COMPONENT_VARIANT:1	1	1	1
ca4b69eb7e3d2d37	PROPOSED	HIGH	data/normalized_yaml/archaea/KOMODO_1214_HALORUBRUM_CHOAVIATOR_medium.yaml	CultureMech:003965	halorubrum_choaviator_medium	2	1	DERIVED_FROM:1	1	1	1
34cc9a706cee6445	PROPOSED	HIGH	data/normalized_yaml/archaea/KOMODO_1257_METHANOCELLA_medium.yaml	CultureMech:004017	methanocella_medium	2	1	DERIVED_FROM:1	1	1	1
96ad1b7e3baff3b0	PROPOSED	HIGH	data/normalized_yaml/archaea/KOMODO_1273_METHANOSPIRILLUM_LACUNAE_MEDIUM.yaml	CultureMech:004027	methanospirillum_lacunae_medium	2	1	DERIVED_FROM:1	1	1	1
73c3b676f71e2fbd	PROPOSED	HIGH	data/normalized_yaml/archaea/KOMODO_1329_METHANOSAETA_PELAGICA_medium.yaml	CultureMech:004085	methanosaeta_pelagica_medium	2	1	DERIVED_FROM:1	1	1	1
5109bce895f55e33	PROPOSED	HIGH	data/normalized_yaml/archaea/KOMODO_146_HALOCOCCUS_medium.yaml	CultureMech:004167	halococcus_medium	2	1	DERIVED_FROM:1	1	1	1
2522f701ac583d8c	PROPOSED	HIGH	data/normalized_yaml/archaea/KOMODO_161_METHANOMICROBIUM_MOBILE_medium.yaml	CultureMech:004186	methanomicrobium_mobile_medium	2	1	SOURCE_DUPLICATE:1	1	1	1
06dbc2bd0cba24a5	PROPOSED	HIGH	data/normalized_yaml/archaea/KOMODO_265_THERMOFILUM_PENDENS_medium.yaml	CultureMech:004668	thermofilum_pendens_medium	2	1	DERIVED_FROM:1	1	1	1
9313ed2b7b4e3027	PROPOSED	HIGH	data/normalized_yaml/archaea/KOMODO_266_THERMOCOCCUS_CELER_medium.yaml	CultureMech:004669	thermococcus_celer_medium	2	1	DERIVED_FROM:1	1	1	1
7a43a5ac50ca5c0f	PROPOSED	HIGH	data/normalized_yaml/archaea/KOMODO_329_METHANOHALOPHILUS_HALOPHILUS_medium.yaml	CultureMech:005022	methanohalophilus_halophilus_medium	2	1	DERIVED_FROM:1	1	1	1
17aa701f612525f1	PROPOSED	HIGH	data/normalized_yaml/archaea/KOMODO_342_METHANOBACTERIUM_ALCALIPHILUM_medium.yaml	CultureMech:005050	methanobacterium_alcaliphilum_medium	2	1	DERIVED_FROM:1	1	1	1
92024877ba5143d4	PROPOSED	HIGH	data/normalized_yaml/archaea/KOMODO_373_METHANOGENIUM_CV_medium.yaml	CultureMech:005105	methanogenium_cv_medium	2	1	DERIVED_FROM:1	1	1	1
d6b142f8e12ba619	PROPOSED	HIGH	data/normalized_yaml/archaea/KOMODO_374_METHANOSPIRILLUM_SK_medium.yaml	CultureMech:005106	methanospirillum_sk_medium	2	1	DERIVED_FROM:1	1	1	1
53aa3ba48dc2cbff	PROPOSED	HIGH	data/normalized_yaml/archaea/KOMODO_375_METHANOHALOBIUM_medium.yaml	CultureMech:005107	methanohalobium_medium	2	1	DERIVED_FROM:1	1	1	1
03d81872784d719c	PROPOSED	HIGH	data/normalized_yaml/archaea/KOMODO_399_ARCHAEOGLOBUS_medium.yaml	CultureMech:005188	archaeoglobus_medium	2	1	DERIVED_FROM:1	1	1	1
1b393b181fffe4ed	PROPOSED	HIGH	data/normalized_yaml/archaea/KOMODO_519_ARCHAEOGLOBUS_PROFUNDUS_medium.yaml	CultureMech:005877	archaeoglobus_profundus_medium	2	1	DERIVED_FROM:1	1	1	1
bb95160f4f94ddf8	PROPOSED	HIGH	data/normalized_yaml/archaea/KOMODO_589_HALOBACTERIUM_LACUSPROFUNDII_medium.yaml	CultureMech:006068	halobacterium_lacusprofundii_medium	2	1	DERIVED_FROM:1	1	1	1
af378cc5f57334b4	PROPOSED	HIGH	data/normalized_yaml/archaea/KOMODO_623_THERMOCOCCUS_LITORALIS_medium.yaml	CultureMech:006129	thermococcus_litoralis_medium	2	1	DERIVED_FROM:1	1	1	1
ed7ab053f19721aa	PROPOSED	HIGH	data/normalized_yaml/archaea/KOMODO_673_THERMOCOCCUS_PROFUNDUS_medium.yaml	CultureMech:006269	thermococcus_profundus_medium	2	1	DERIVED_FROM:1	1	1	1
3b9cde5d512cea31	PROPOSED	HIGH	data/normalized_yaml/archaea/KOMODO_713_METHANOHALOPHILUS_EUHALOBIUS_medium.yaml	CultureMech:006351	methanohalophilus_euhalobius_medium	2	1	DERIVED_FROM:1	1	1	1
4f009a416f54aaae	PROPOSED	HIGH	data/normalized_yaml/archaea/KOMODO_730_FERROGLOBUS_PLACIDUS_MEDIUM.yaml	CultureMech:006373	ferroglobus_placidus_medium	2	1	DERIVED_FROM:1	1	1	1
5ebba0f607d1dbc3	PROPOSED	HIGH	data/normalized_yaml/archaea/KOMODO_766_THERMOCOCCUS_CHITINOPHAGUS_MEDIUM.yaml	CultureMech:006420	thermococcus_chitinophagus_medium	2	1	DERIVED_FROM:1	1	1	1
dc84df1453683b86	PROPOSED	HIGH	data/normalized_yaml/archaea/KOMODO_770_SULFOPHOBOCOCCUS_ZILLIGII_medium.yaml	CultureMech:006427	sulfophobococcus_zilligii_medium	2	1	DERIVED_FROM:1	1	1	1
89ccc769f7c8626c	PROPOSED	HIGH	data/normalized_yaml/archaea/KOMODO_806_THERMOCOCCUS_medium.yaml	CultureMech:006524	thermococcus_medium	2	1	DERIVED_FROM:1	1	1	1
22b7f0726419249c	PROPOSED	HIGH	data/normalized_yaml/archaea/KOMODO_814_METHANOBACTERIUM_SUBTERRANEUM_MEDIUM.yaml	CultureMech:006537	methanobacterium_subterraneum_medium	2	1	DERIVED_FROM:1	1	1	1
2bc76e6f73aadc91	PROPOSED	HIGH	data/normalized_yaml/archaea/KOMODO_817_THERMOSPHAERA_medium.yaml	CultureMech:006541	thermosphaera_medium	2	1	DERIVED_FROM:1	1	1	1
a588fca95c4553b6	PROPOSED	HIGH	data/normalized_yaml/archaea/KOMODO_823_HALOBACULUM_GOMORRENSE_medium.yaml	CultureMech:006550	halobaculum_gomorrense_medium	2	1	DERIVED_FROM:1	1	1	1
b09f8ce1f7128819	PROPOSED	HIGH	data/normalized_yaml/archaea/KOMODO_892_METHANOCALCULUS_PUMILUS_medium.yaml	CultureMech:006745	methanocalculus_pumilus_medium	2	1	DERIVED_FROM:1	1	1	1
2617c56dd9532f4e	PROPOSED	HIGH	data/normalized_yaml/archaea/KOMODO_926_ALKALIPHILIC_THERMOCOCCUS_medium.yaml	CultureMech:006844	alkaliphilic_thermococcus_medium	2	1	DERIVED_FROM:1	1	1	1
aec7ff00d65ca159	PROPOSED	HIGH	data/normalized_yaml/archaea/KOMODO_934_THERMOCOCCUS_WAIOTAPUENSE_medium.yaml	CultureMech:006854	thermococcus_waiotapuense_medium	2	1	DERIVED_FROM:1	1	1	1
f801c9664cbc422c	PROPOSED	HIGH	data/normalized_yaml/archaea/KOMODO_97_HALOBACTERIUM_medium.yaml	CultureMech:006940	halobacterium_medium	2	1	DERIVED_FROM:1	1	1	1
5e8098f6798b793e	PROPOSED	HIGH	data/normalized_yaml/archaea/TOGO_M293_Halosimplex_Medium.yaml	CultureMech:009470	halosimplex_medium	2	1	CONCENTRATION_VARIANT:1	2	1	1
1ddb3de968c4fa7d	PROPOSED	HIGH	data/normalized_yaml/archaea/TOGO_M583_Thermoproteus_Medium_B.yaml	CultureMech:009979	thermoproteus_medium_b	2	1	SOURCE_DUPLICATE:1	1	1	1
43cfe88e9f1e66cd	PROPOSED	HIGH	data/normalized_yaml/archaea/caldivirga_medium.yaml	CultureMech:002043	caldivirga_medium	2	1	SOURCE_DUPLICATE:1	1	1	1
3cf50c2ac5a17e83	PROPOSED	HIGH	data/normalized_yaml/archaea/halobacteria_hmd_medium.yaml	CultureMech:003225	halobacteria_hmd_medium	2	1	CONCENTRATION_VARIANT:1	2	1	1
955c8852df28ee53	PROPOSED	HIGH	data/normalized_yaml/archaea/methanobacterium_medium_iv.yaml	CultureMech:003219	methanobacterium_medium_iv	2	1	SOURCE_DUPLICATE:1	1	1	1
06cb59600eaad978	PROPOSED	HIGH	data/normalized_yaml/archaea/methanococcus_deltae_medium.yaml	CultureMech:004745	methanococcus_deltae_medium	2	1	SOURCE_DUPLICATE:1	1	1	1
56a0f59799bd2fc0	PROPOSED	HIGH	data/normalized_yaml/archaea/methanogenium_bourgense_medium.yaml	CultureMech:005026	methanogenium_bourgense_medium	2	1	SOURCE_DUPLICATE:1	1	1	1
527ce86625b3268f	PROPOSED	HIGH	data/normalized_yaml/archaea/methanogenium_olentangyi_medium.yaml	CultureMech:004744	methanogenium_olentangyi_medium	2	1	SOURCE_DUPLICATE:1	1	1	1
096fa17a659a7f44	PROPOSED	HIGH	data/normalized_yaml/archaea/methanolacinia_medium.yaml	CultureMech:001371	methanolacinia_medium	2	1	SOURCE_DUPLICATE:1	1	1	1
f5fc8675a1fa8e7c	PROPOSED	HIGH	data/normalized_yaml/archaea/methanoregula_medium.yaml	CultureMech:004033	methanoregula_medium	2	1	SOURCE_DUPLICATE:1	1	1	1
baa44c1ce3c346ce	PROPOSED	HIGH	data/normalized_yaml/archaea/methanosalsum_wen5_medium.yaml	CultureMech:001829	methanosalsum_wen5_medium	2	1	SOURCE_DUPLICATE:1	1	1	1
5a7f51bdd85f6c62	PROPOSED	HIGH	data/normalized_yaml/archaea/methanosalsum_zhilinae_medium.yaml	CultureMech:001505	methanosalsum_zhilinae_medium	2	1	SOURCE_DUPLICATE:1	1	1	1
4211259e81b28f7b	PROPOSED	HIGH	data/normalized_yaml/archaea/methanosarcina_mp_medium.yaml	CultureMech:005004	methanosarcina_mp_medium	2	1	SOURCE_DUPLICATE:1	1	1	1
ae8c78f23c403681	PROPOSED	HIGH	data/normalized_yaml/archaea/methanosphaera_medium.yaml	CultureMech:001424	methanosphaera_medium	2	1	SOURCE_DUPLICATE:1	1	1	1
1faa9ed1976a20a4	PROPOSED	HIGH	data/normalized_yaml/archaea/methanosphaera_medium_ii.yaml	CultureMech:005219	methanosphaera_medium_ii	2	1	SOURCE_DUPLICATE:1	1	1	1
97c7c59640b61ed4	PROPOSED	HIGH	data/normalized_yaml/archaea/methanosphaerula_medium.yaml	CultureMech:003744	methanosphaerula_medium	2	1	SOURCE_DUPLICATE:1	1	1	1
8431deede66e61b7	PROPOSED	HIGH	data/normalized_yaml/archaea/methermicoccus_medium.yaml	CultureMech:003736	methermicoccus_medium	2	1	SOURCE_DUPLICATE:1	1	1	1
57d11ce18343eb1b	PROPOSED	HIGH	data/normalized_yaml/bacterial/1_2_r2a_agar.yaml	CultureMech:003190	1_2_r2a_agar	2	1	CONCENTRATION_VARIANT:1	2	1	1
5b587711ede777f3	PROPOSED	HIGH	data/normalized_yaml/bacterial/DSMZ_1014_THIOALKALIVIBRIO_HALOPHILUS_MEDIUM.yaml	CultureMech:000243	thioalkalivibrio_halophilus_medium	2	1	DERIVED_FROM:1	1	1	1
91f851ef0bfd0437	PROPOSED	HIGH	data/normalized_yaml/bacterial/DSMZ_1225_THIOALKALIBACTER_HALOPHILUS_MEDIUM.yaml	CultureMech:000250	thioalkalibacter_halophilus_medium	2	1	DERIVED_FROM:1	1	1	1
bde8a949f6a75d4c	PROPOSED	HIGH	data/normalized_yaml/bacterial/DSMZ_227_PEDIOCOCCUS_HALOPHILUS_MEDIUM.yaml	CultureMech:000258	pediococcus_halophilus_medium	2	1	DERIVED_FROM:1	1	1	1
c0e0dee25752b105	PROPOSED	HIGH	data/normalized_yaml/bacterial/DSMZ_470_PSEUDOMONAS_HALOPHILA_MEDIUM.yaml	CultureMech:000265	pseudomonas_halophila_medium	2	1	DERIVED_FROM:1	1	1	1
36656052d07f6244	PROPOSED	HIGH	data/normalized_yaml/bacterial/DSMZ_533_THERMOPHILIC_HYDROGEN_BACTERIA_MEDIUM.yaml	CultureMech:000271	thermophilic_hydrogen_bacteria_medium	2	1	DERIVED_FROM:1	1	1	1
b016775fd79d8b1f	PROPOSED	HIGH	data/normalized_yaml/bacterial/DSMZ_570_MEDIUM_FOR_THERMOPHILIC_ACTINOMYCETES_AGRE_1964.yaml	CultureMech:000273	medium_for_thermophilic_actinomycetes_agre_1964	2	1	DERIVED_FROM:1	1	1	1
3ce4e2a0952b7590	PROPOSED	HIGH	data/normalized_yaml/bacterial/DSMZ_590_DICHOTOMICROBIUM_THERMOHALOPHILUM_MEDIUM.yaml	CultureMech:000274	dichotomicrobium_thermohalophilum_medium	2	1	DERIVED_FROM:1	1	1	1
14bf2400cebd6ae1	PROPOSED	HIGH	data/normalized_yaml/bacterial/DSMZ_73_MEDIUM_FOR_HALOPHILIC_BACILLI.yaml	CultureMech:000280	medium_for_halophilic_bacilli	2	1	DERIVED_FROM:1	1	1	1
c42fb61573884324	PROPOSED	HIGH	data/normalized_yaml/bacterial/DSMZ_744_HYDROGENOBACTER_HALOPHILUS_MEDIUM.yaml	CultureMech:000281	hydrogenobacter_halophilus_medium	2	1	DERIVED_FROM:1	1	1	1
4df2c2b910e2d2f3	PROPOSED	HIGH	data/normalized_yaml/bacterial/DSMZ_74_THERMUS_THERMOPHILUS_MEDIUM.yaml	CultureMech:000282	thermus_thermophilus_medium	2	1	DERIVED_FROM:1	1	1	1
4f0e0bfbfc8d92d4	PROPOSED	HIGH	data/normalized_yaml/bacterial/JCM_J40_GLUCOSE-ASPARAGINE_AGAR.yaml	CultureMech:002766	glucose_asparagine_agar	2	1	SUPPLEMENTED_VARIANT:1	2	1	1
0d72a38e53b7851c	PROPOSED	HIGH	data/normalized_yaml/bacterial/JCM_J436_VY_2_AGAR.yaml	CultureMech:002787	vy_2_agar	2	1	PHYSICAL_STATE_VARIANT:1	1	2	1
653e45401ef665e2	PROPOSED	HIGH	data/normalized_yaml/bacterial/JCM_J461_CHOPPED_MEAT_MEDIUM.yaml	CultureMech:002810	chopped_meat_medium	2	1	SUPPLEMENTED_VARIANT:1	1	1	1
b093adc388812681	PROPOSED	HIGH	data/normalized_yaml/bacterial/KOMODO_1229_THIOHALOSPIRA_ALKALIPHILA_MEDIUM.yaml	CultureMech:003984	thiohalospira_alkaliphila_medium	2	1	DERIVED_FROM:1	1	1	1
2ecc66beee9d93cf	PROPOSED	HIGH	data/normalized_yaml/bacterial/KOMODO_1236_SPOROLITUUS_medium.yaml	CultureMech:003993	sporolituus_medium	2	1	DERIVED_FROM:1	1	1	1
f811045f078baa9a	PROPOSED	HIGH	data/normalized_yaml/bacterial/KOMODO_1294_DESULFURISPIRILLUM_INDICUM_MEDIUM.yaml	CultureMech:004044	desulfurispirillum_indicum_medium	2	1	DERIVED_FROM:1	1	1	1
ca65a9f990d87530	PROPOSED	HIGH	data/normalized_yaml/bacterial/KOMODO_165_ACETIVIBRIO_CELLULOLYTICUS_MEDIUM.yaml	CultureMech:004192	acetivibrio_cellulolyticus_medium	2	1	DERIVED_FROM:1	1	1	1
2ac204b331cf36dc	PROPOSED	HIGH	data/normalized_yaml/bacterial/KOMODO_2_BACILLUS_PASTEURII_medium.yaml	CultureMech:004777	bacillus_pasteurii_medium	2	1	DERIVED_FROM:1	1	1	1
6af937fcd5470406	PROPOSED	HIGH	data/normalized_yaml/bacterial/KOMODO_411_CLOSTRIDIUM_ACETOBUTYLICUM_medium.yaml	CultureMech:005233	clostridium_acetobutylicum_medium	2	1	DERIVED_FROM:1	1	1	1
0afd3ec68a340dd5	PROPOSED	HIGH	data/normalized_yaml/bacterial/KOMODO_428_HETEROTROPHIC_medium_H3P.yaml	CultureMech:005254	heterotrophic_medium_h3p	2	1	DERIVED_FROM:1	1	1	1
090143b9e808478a	PROPOSED	HIGH	data/normalized_yaml/bacterial/KOMODO_441_DIAZOTROPHIC_medium_RBA.yaml	CultureMech:005288	diazotrophic_medium_rba	2	1	DERIVED_FROM:1	1	1	1
0b7c7e41720a7cfa	PROPOSED	HIGH	data/normalized_yaml/bacterial/KOMODO_465c_MINERAL_MEDIUM_WITH_DICHLOROMETHANE.yaml	CultureMech:005571	mineral_medium_with_dichloromethane	2	1	CONCENTRATION_VARIANT:1	2	1	1
b1e8970a4741751c	PROPOSED	HIGH	data/normalized_yaml/bacterial/KOMODO_528_NAPHTHALENE_SULFONIC_ACID_MEDIUM.yaml	CultureMech:005891	naphthalene_sulfonic_acid_medium	2	1	DERIVED_FROM:1	1	1	1
f9113dab05681862	PROPOSED	HIGH	data/normalized_yaml/bacterial/KOMODO_649_DESULFUROMONAS_SUCCINOXIDANS_MEDIUM.yaml	CultureMech:006196	desulfuromonas_succinoxidans_medium	2	1	DERIVED_FROM:1	1	1	1
5bc90e72e5502e26	PROPOSED	HIGH	data/normalized_yaml/bacterial/KOMODO_720_DESULFITOBACTERIUM_HAFNIENSE_medium.yaml	CultureMech:006363	desulfitobacterium_hafniense_medium	2	1	DERIVED_FROM:1	1	1	1
618777262946b085	PROPOSED	HIGH	data/normalized_yaml/bacterial/KOMODO_749_THERMODESULFOVIBRIO_YELLOWSTONII_medium.yaml	CultureMech:006400	thermodesulfovibrio_yellowstonii_medium	2	1	DERIVED_FROM:1	1	1	1
362f032e4abe3699	PROPOSED	HIGH	data/normalized_yaml/bacterial/KOMODO_786_DETHIOSULFOVIBRIO_PEPTIDOVORANS_medium.yaml	CultureMech:006487	dethiosulfovibrio_peptidovorans_medium	2	1	DERIVED_FROM:1	1	1	1
984e7ebcf29dedf3	PROPOSED	HIGH	data/normalized_yaml/bacterial/KOMODO_812_SULFOBACILLUS_DISULFIDOOXIDANS_medium.yaml	CultureMech:006534	sulfobacillus_disulfidooxidans_medium	2	1	DERIVED_FROM:1	1	1	1
6d66018620e02921	PROPOSED	HIGH	data/normalized_yaml/bacterial/KOMODO_835_DESULFUROMONAS_CHLOROETHENICA_MEDIUM.yaml	CultureMech:006627	desulfuromonas_chloroethenica_medium	2	1	DERIVED_FROM:1	1	1	1
4eff41768455a09a	PROPOSED	HIGH	data/normalized_yaml/bacterial/KOMODO_882_LEPTOSPIRILLUM_HH_MEDIUM.yaml	CultureMech:006732	leptospirillum_hh_medium	2	1	DERIVED_FROM:1	1	1	1
315e9a9374d9b9e9	PROPOSED	HIGH	data/normalized_yaml/bacterial/NBRC_310.yaml	CultureMech:007486	Rhamnose Salt Medium	2	1	SALINITY_VARIANT:1	2	1	1
0710f662d98813e1	PROPOSED	HIGH	data/normalized_yaml/bacterial/TOGO_M103_MRS_Medium_pH_5.5.yaml	CultureMech:007555	mrs_medium_ph_5_5	2	1	DERIVED_FROM:1	1	1	1
eed6be780900f22d	PROPOSED	HIGH	data/normalized_yaml/bacterial/TOGO_M1121_Maize_Meal-Sardine_Agar.yaml	CultureMech:007642	maize_meal_sardine_agar	2	1	CONCENTRATION_VARIANT:1	2	1	1
bcb1c6dc91e64f53	PROPOSED	HIGH	data/normalized_yaml/bacterial/TOGO_M1288_Weak_Oatmeal_Agar.yaml	CultureMech:007822	weak_oatmeal_agar	2	1	CONCENTRATION_VARIANT:1	2	1	1
6d68012d3c2e93b9	PROPOSED	HIGH	data/normalized_yaml/bacterial/TOGO_M1366_Chocolate_Agar_With_5_Sheep_Blood.yaml	CultureMech:007904	chocolate_agar_with_5_sheep_blood	2	1	SUPPLEMENTED_VARIANT:1	1	1	1
e287562e2fd491ca	PROPOSED	HIGH	data/normalized_yaml/bacterial/TOGO_M1456_Bennett_s_Agar.yaml	CultureMech:007997	bennetts_agar	2	1	CONCENTRATION_VARIANT:1	2	1	1
2fa1f632143351ae	PROPOSED	HIGH	data/normalized_yaml/bacterial/TOGO_M1496_Tryptone_Yeast_Extract_Agar_TYG.yaml	CultureMech:008041	tryptone_yeast_extract_agar_tyg	2	1	SUPPLEMENTED_VARIANT:1	2	1	1
a7a6d94481223178	PROPOSED	HIGH	data/normalized_yaml/bacterial/TOGO_M149_Tryptose_Phosphate_Agar.yaml	CultureMech:008044	tryptose_phosphate_agar	2	1	CONCENTRATION_VARIANT:1	2	1	1
c27312a414c56e6c	PROPOSED	HIGH	data/normalized_yaml/bacterial/TOGO_M1703_Microlunatus_Medium.yaml	CultureMech:008265	microlunatus_medium	2	1	DERIVED_FROM:1	1	1	1
e339bd9a8e327d69	PROPOSED	HIGH	data/normalized_yaml/bacterial/TOGO_M184_PBY_Medium.yaml	CultureMech:008424	pby_medium	2	1	CONCENTRATION_VARIANT:1	2	1	1
cef9bdcf1ea9ad91	PROPOSED	HIGH	data/normalized_yaml/bacterial/TOGO_M19_R_Agar.yaml	CultureMech:008585	r_agar	2	1	DERIVED_FROM:1	1	1	1
a1b7eb23bf4b5753	PROPOSED	HIGH	data/normalized_yaml/bacterial/TOGO_M2246_Van_Niel_s_Yeast_Agar.yaml	CultureMech:008834	van_niels_yeast_agar	2	1	DERIVED_FROM:1	1	1	1
449dcbfd240f3e5f	PROPOSED	HIGH	data/normalized_yaml/bacterial/TOGO_M2285_Vibrio_Natriegens_Medium.yaml	CultureMech:008871	vibrio_natriegens_medium	2	1	CONCENTRATION_VARIANT:1	2	1	1
50acb1dcdf49799c	PROPOSED	HIGH	data/normalized_yaml/bacterial/TOGO_M2293_YED_Medium_salted.yaml	CultureMech:008879	yed_medium_salted	2	1	SALINITY_VARIANT:1	2	1	1
78ec1d1474be776a	PROPOSED	HIGH	data/normalized_yaml/bacterial/TOGO_M2301_R2A_Medium.yaml	CultureMech:008888	r2a_medium	2	1	DERIVED_FROM:1	1	1	1
0d614f326bbb6312	PROPOSED	HIGH	data/normalized_yaml/bacterial/TOGO_M2312_Castenholz_TYE_medium.yaml	CultureMech:008899	castenholz_tye_medium	2	1	DERIVED_FROM:1	1	1	1
f282ff87c3ba8637	PROPOSED	HIGH	data/normalized_yaml/bacterial/TOGO_M2336_Bacto_Marine_Broth_Difco_2216.yaml	CultureMech:008923	bacto_marine_broth_difco_2216	2	1	DERIVED_FROM:1	1	1	1
f916114d0c2aebb4	PROPOSED	HIGH	data/normalized_yaml/bacterial/TOGO_M237_Todd_Hewitt_Agar.yaml	CultureMech:008964	todd_hewitt_agar	2	1	CONCENTRATION_VARIANT:1	2	1	1
3a350afb6d5b8aa7	PROPOSED	HIGH	data/normalized_yaml/bacterial/TOGO_M2417_Nutrient_Agar.yaml	CultureMech:008999	nutrient_agar	2	1	DERIVED_FROM:1	1	1	1
965b3462b3736a06	PROPOSED	HIGH	data/normalized_yaml/bacterial/TOGO_M2467_HI_Plus_Medium_w_YE_3.yaml	CultureMech:009044	hi_plus_medium_w_ye_3	2	1	DERIVED_FROM:1	1	1	1
e1e8c2e137e4cf6d	PROPOSED	HIGH	data/normalized_yaml/bacterial/TOGO_M2476_LB_Luria-Bertani_Medium.yaml	CultureMech:009052	lb_luria_bertani_medium	2	1	DERIVED_FROM:1	1	1	1
5d76ee7a462c5bab	PROPOSED	HIGH	data/normalized_yaml/bacterial/TOGO_M24_Malt_Extract_Agar.yaml	CultureMech:009074	malt_extract_agar	2	1	DERIVED_FROM:1	1	1	1
c04ad18525d32199	PROPOSED	HIGH	data/normalized_yaml/bacterial/TOGO_M250_ME_Agar.yaml	CultureMech:009081	me_agar	2	1	DERIVED_FROM:1	1	1	1
62286daf43c4f54c	PROPOSED	HIGH	data/normalized_yaml/bacterial/TOGO_M2984_Mueller-Hinton_broth.yaml	CultureMech:009505	mueller_hinton_broth	2	1	PHYSICAL_STATE_VARIANT:1	1	2	1
b1e81ff7372a17d0	PROPOSED	HIGH	data/normalized_yaml/bacterial/TOGO_M329_YpSs_Agar.yaml	CultureMech:009706	ypss_agar	2	1	CONCENTRATION_VARIANT:1	2	1	1
ffbcd25447d873c8	PROPOSED	HIGH	data/normalized_yaml/bacterial/TOGO_M486_Trypticase_Soy_Broth_Agar_With_10_KCl.yaml	CultureMech:009873	trypticase_soy_broth_agar_with_10_kcl	2	1	SUPPLEMENTED_VARIANT:1	2	1	1
c4ada80b627103ab	PROPOSED	HIGH	data/normalized_yaml/bacterial/TOGO_M50_Inorganic_Salts-Starch_Agar_ISP-4.yaml	CultureMech:009900	inorganic_salts_starch_agar_isp_4	2	1	SALINITY_VARIANT:1	1	1	1
00c99d299a7fbab7	PROPOSED	HIGH	data/normalized_yaml/bacterial/TOGO_M530_Thioglycollate_Medium.yaml	CultureMech:009923	thioglycollate_medium	2	1	DERIVED_FROM:1	1	1	1
e7bfbfeec7cee571	PROPOSED	HIGH	data/normalized_yaml/bacterial/TOGO_M566_Lamprobacter_Roseus_Medium.yaml	CultureMech:009961	lamprobacter_roseus_medium	2	1	SOURCE_DUPLICATE:1	1	1	1
b36359ad2c8e3c6f	PROPOSED	HIGH	data/normalized_yaml/bacterial/TOGO_M612_Cooked_Meat_Medium.yaml	CultureMech:010012	cooked_meat_medium	2	1	CONCENTRATION_VARIANT:1	2	1	1
d7d40165f8afd3c1	PROPOSED	HIGH	data/normalized_yaml/bacterial/TOGO_M620_Reinforced_Clostridial_Medium.yaml	CultureMech:010020	reinforced_clostridial_medium	2	1	CONCENTRATION_VARIANT:1	2	1	1
f6c6b8ce0de6fbbc	PROPOSED	HIGH	data/normalized_yaml/bacterial/TOGO_M623_Thiomonas_Medium.yaml	CultureMech:010023	thiomonas_medium	2	1	DERIVED_FROM:1	1	1	1
9af66cf6f96fa81c	PROPOSED	HIGH	data/normalized_yaml/bacterial/TOGO_M671_Modified_GAM_Agar.yaml	CultureMech:010075	modified_gam_agar	2	1	DERIVED_FROM:1	1	1	1
af9612be40ce1d88	PROPOSED	HIGH	data/normalized_yaml/bacterial/TOGO_M696_Brucella_Blood_Agar_With_Hemin_Menadione.yaml	CultureMech:010102	brucella_blood_agar_with_hemin_menadione	2	1	SUPPLEMENTED_VARIANT:1	1	1	1
2f102cc200acd217	PROPOSED	HIGH	data/normalized_yaml/bacterial/TOGO_M750_Ravot_Modified_Medium_For_Thermosipho_SP._G60.yaml	CultureMech:010156	ravot_modified_medium_for_thermosipho_sp_g60	2	1	CONCENTRATION_VARIANT:1	2	1	1
908ea6b803415a4b	PROPOSED	HIGH	data/normalized_yaml/bacterial/TOGO_M75_GAM_Semisolid.yaml	CultureMech:010166	gam_semisolid	2	1	PHYSICAL_STATE_VARIANT:1	2	2	1
852d5836cf2baa0a	PROPOSED	HIGH	data/normalized_yaml/bacterial/TOGO_M828_m_TGE_Broth_Medium.yaml	CultureMech:010241	m_tge_broth_medium	2	1	CONCENTRATION_VARIANT:1	2	1	1
c4aaca4e0f28c819	PROPOSED	HIGH	data/normalized_yaml/bacterial/TOGO_M876_YPM_Medium.yaml	CultureMech:010294	ypm_medium	2	1	OMITTED_COMPONENT_VARIANT:1	2	1	1
9ee5ad3ec06a38a6	PROPOSED	HIGH	data/normalized_yaml/bacterial/TOGO_M938_5_Salt_Water_Growth_Medium.yaml	CultureMech:010360	5_salt_water_growth_medium	2	1	SALINITY_VARIANT:1	2	1	1
6cf3bc5c89c4ca64	PROPOSED	HIGH	data/normalized_yaml/bacterial/TOGO_M97_Half_Strength_Heart_Infusion_Agar.yaml	CultureMech:010406	half_strength_heart_infusion_agar	2	1	DERIVED_FROM:1	1	1	1
b621eec3950d4c61	PROPOSED	HIGH	data/normalized_yaml/bacterial/TOGO_M990_Trypticase_Soy_Agar_With_2_NaCl.yaml	CultureMech:010418	trypticase_soy_agar_with_2_nacl	2	1	PHYSICAL_STATE_VARIANT:1	2	2	1
bfb5f3dac936cedf	PROPOSED	HIGH	data/normalized_yaml/bacterial/acidibacter_medium.yaml	CultureMech:001106	acidibacter_medium	2	1	CONCENTRATION_VARIANT:1	2	1	1
5ee095d9d5320e67	PROPOSED	HIGH	data/normalized_yaml/bacterial/acidithiobacillus_ferrooxidans_medium.yaml	CultureMech:001847	acidithiobacillus_ferrooxidans_medium	2	1	SUPPLEMENTED_VARIANT:1	1	1	1
0a923e7dcdb0db78	PROPOSED	HIGH	data/normalized_yaml/bacterial/ajs.yaml	CultureMech:000338	ajs	2	1	CONCENTRATION_VARIANT:1	2	1	1
8445e6a2b12abe66	PROPOSED	HIGH	data/normalized_yaml/bacterial/cyanobacteria_medium_mcl.yaml	CultureMech:001162	cyanobacteria_medium_mcl	2	1	CONCENTRATION_VARIANT:1	2	1	1
e055893f86061888	PROPOSED	HIGH	data/normalized_yaml/bacterial/db_characterization_medium_no_2.yaml	CultureMech:002922	db_characterization_medium_no_2	2	1	SALINITY_VARIANT:1	1	1	1
049abe78b2b59881	PROPOSED	HIGH	data/normalized_yaml/bacterial/desulfolutivibrio_medium.yaml	CultureMech:001493	desulfolutivibrio_medium	2	1	SOURCE_DUPLICATE:1	1	1	1
d73736697ebf1796	PROPOSED	HIGH	data/normalized_yaml/bacterial/desulfovibrio_heb233_medium.yaml	CultureMech:002914	desulfovibrio_heb233_medium	2	1	CONCENTRATION_VARIANT:1	2	1	1
0aa7e9c4fb3e7482	PROPOSED	HIGH	data/normalized_yaml/bacterial/for_dsm_21556.yaml	CultureMech:004232	for_dsm_21556	2	1	CONCENTRATION_VARIANT:1	2	1	1
9cc19d56ea09ed12	PROPOSED	HIGH	data/normalized_yaml/bacterial/for_dsm_3246.yaml	CultureMech:005056	for_dsm_3246	2	1	CONCENTRATION_VARIANT:1	2	1	1
e3afb48605e8acef	PROPOSED	HIGH	data/normalized_yaml/bacterial/gam_medium.yaml	CultureMech:003184	gam_medium	2	1	CONCENTRATION_VARIANT:1	2	1	1
43e54401a8cec77a	PROPOSED	HIGH	data/normalized_yaml/bacterial/glucose_bicarbonate_buffered_medium.yaml	CultureMech:002448	glucose_bicarbonate_buffered_medium	2	1	SOURCE_DUPLICATE:1	1	1	1
c691740724836938	PROPOSED	HIGH	data/normalized_yaml/bacterial/glucose_minmal_media_zhao.yaml	CultureMech:007016	glucose_minmal_media_zhao	2	1	SUPPLEMENTED_VARIANT:1	2	1	1
f4300d580c3ef9c8	PROPOSED	HIGH	data/normalized_yaml/bacterial/halolactibacillus_9g_medium.yaml	CultureMech:002280	halolactibacillus_9g_medium	2	1	CONCENTRATION_VARIANT:1	2	1	1
8dec72fba4de789f	PROPOSED	HIGH	data/normalized_yaml/bacterial/jcm_medium_no_167.yaml	CultureMech:002526	jcm_medium_no_167	2	1	CONCENTRATION_VARIANT:1	2	1	1
43cef737cab15265	PROPOSED	HIGH	data/normalized_yaml/bacterial/lb_agar_miller.yaml	CultureMech:009025	lb_agar_miller	2	1	PHYSICAL_STATE_VARIANT:1	1	2	1
5850ffe301f25c94	PROPOSED	HIGH	data/normalized_yaml/bacterial/lb_kanamycin_medium.yaml	CultureMech:008515	lb_kanamycin_medium	2	1	CONCENTRATION_VARIANT:1	2	1	1
fc11c39909d427e6	PROPOSED	HIGH	data/normalized_yaml/bacterial/lb_medium_difco.yaml	CultureMech:008857	lb_medium_difco	2	1	CONCENTRATION_VARIANT:1	2	1	1
0de73f8efe92f953	PROPOSED	HIGH	data/normalized_yaml/bacterial/leitch_et_al.yaml	CultureMech:007067	leitch_et_al	2	1	CONCENTRATION_VARIANT:1	2	1	1
6cc451a2e82ec55c	PROPOSED	HIGH	data/normalized_yaml/bacterial/m17_medium_oxoid_supplemented_with_1_wt_vol_glucose.yaml	CultureMech:009428	m17_medium_oxoid_supplemented_with_1_wt_vol_glucose	2	1	SUPPLEMENTED_VARIANT:1	2	1	1
55a1ce73efb387a1	PROPOSED	HIGH	data/normalized_yaml/bacterial/m9_gupta.yaml	CultureMech:006994	m9_gupta	2	1	CONCENTRATION_VARIANT:1	2	1	1
3c47d7e305366828	PROPOSED	HIGH	data/normalized_yaml/bacterial/m9zb_with_acetate.yaml	CultureMech:006999	m9zb_with_acetate	2	1	SUPPLEMENTED_VARIANT:1	2	1	1
40144eebe4c930d9	PROPOSED	HIGH	data/normalized_yaml/bacterial/m9zb_with_malate.yaml	CultureMech:007000	m9zb_with_malate	2	1	SUPPLEMENTED_VARIANT:1	2	1	1
990f6cc48f3adb3b	PROPOSED	HIGH	data/normalized_yaml/bacterial/mannitol_agar.yaml	CultureMech:002946	mannitol_agar	2	1	PHYSICAL_STATE_VARIANT:1	1	2	1
b2b000635fb20211	PROPOSED	HIGH	data/normalized_yaml/bacterial/marine_broth_with_0_5_methanol.yaml	CultureMech:008300	marine_broth_with_0_5_methanol	2	1	CONCENTRATION_VARIANT:1	2	1	1
be0a74a61852c7f9	PROPOSED	HIGH	data/normalized_yaml/bacterial/mea_with_1_5_nacl.yaml	CultureMech:008656	mea_with_1_5_nacl	2	1	SALINITY_VARIANT:1	2	1	1
2b9f955f4b30a977	PROPOSED	HIGH	data/normalized_yaml/bacterial/medium_471_modified_for_dsm_7136.yaml	CultureMech:005584	medium_471_modified_for_dsm_7136	2	1	SUPPLEMENTED_VARIANT:1	1	1	1
748dbd093702ebd8	PROPOSED	HIGH	data/normalized_yaml/bacterial/medium_for_bacillus_stearothermophilus.yaml	CultureMech:000264	medium_for_bacillus_stearothermophilus	2	1	SOURCE_DUPLICATE:1	1	1	1
8c8c081fb2b711c5	PROPOSED	HIGH	data/normalized_yaml/bacterial/medium_for_the_2_mapping_strains.yaml	CultureMech:007975	medium_for_the_2_mapping_strains	2	1	CONCENTRATION_VARIANT:1	2	1	1
ecb21adb710f9909	PROPOSED	HIGH	data/normalized_yaml/bacterial/modified_as_168_medium.yaml	CultureMech:008736	modified_as_168_medium	2	1	CONCENTRATION_VARIANT:1	2	1	1
be538ee7282d5555	PROPOSED	HIGH	data/normalized_yaml/bacterial/mrs_broth.yaml	CultureMech:008826	mrs_broth	2	1	SOURCE_DUPLICATE:1	1	1	1
90adca3ef909ce3d	PROPOSED	HIGH	data/normalized_yaml/bacterial/ms10_medium_supplements_for_batch_cultivation.yaml	CultureMech:007314	ms10_medium_supplements_for_batch_cultivation	2	1	SUPPLEMENTED_VARIANT:1	2	1	1
ec3322a9881adfb4	PROPOSED	HIGH	data/normalized_yaml/bacterial/nh_jn4_medium.yaml	CultureMech:003298	nh_jn4_medium	2	1	CONCENTRATION_VARIANT:1	2	1	1
2fa17c6c3e6005f7	PROPOSED	HIGH	data/normalized_yaml/bacterial/nutrient_agar.yaml	CultureMech:001297	nutrient_agar	2	1	SUPPLEMENTED_VARIANT:1	1	1	1
85f87f5023c13c86	PROPOSED	HIGH	data/normalized_yaml/bacterial/potato_carrot_agar.yaml	CultureMech:001233	potato_carrot_agar	2	1	CONCENTRATION_VARIANT:1	2	1	1
dea4f069b7e127f4	PROPOSED	HIGH	data/normalized_yaml/bacterial/py4sr_agar.yaml	CultureMech:002723	py4sr_agar	2	1	SOURCE_DUPLICATE:1	1	1	1
a55232e53ad6b232	PROPOSED	HIGH	data/normalized_yaml/bacterial/r2a_with_asw.yaml	CultureMech:008749	r2a_with_asw	2	1	SUPPLEMENTED_VARIANT:1	1	1	1
dace2c14fdb424dd	PROPOSED	HIGH	data/normalized_yaml/bacterial/roseospira_medium.yaml	CultureMech:002917	roseospira_medium	2	1	CONCENTRATION_VARIANT:1	2	1	1
49a8aadbcbff6638	PROPOSED	HIGH	data/normalized_yaml/bacterial/saltwater_medium_with_lactate.yaml	CultureMech:002811	saltwater_medium_with_lactate	2	1	SALINITY_VARIANT:1	1	1	1
81dfa066639ddb67	PROPOSED	HIGH	data/normalized_yaml/bacterial/sap2_medium.yaml	CultureMech:002997	sap2_medium	2	1	PHYSICAL_STATE_VARIANT:1	1	2	1
793b2feabaf7e91d	PROPOSED	HIGH	data/normalized_yaml/bacterial/sme_medium_modified_for_is7.yaml	CultureMech:002054	sme_medium_modified_for_is7	2	1	CONCENTRATION_VARIANT:1	2	1	1
bff8cfbc8a348973	PROPOSED	HIGH	data/normalized_yaml/bacterial/sna.yaml	CultureMech:000410	sna	2	1	CONCENTRATION_VARIANT:1	2	1	1
4602a44b9d93e92c	PROPOSED	HIGH	data/normalized_yaml/bacterial/sphaerotilus_natans_subspec_sulfidivorans_medium.yaml	CultureMech:001147	sphaerotilus_natans_subspec_sulfidivorans_medium	2	1	CONCENTRATION_VARIANT:1	2	1	1
ccba2af86c9b8f85	PROPOSED	HIGH	data/normalized_yaml/bacterial/togo_medium_m1446.yaml	CultureMech:007986	togo_medium_m1446	2	1	CONCENTRATION_VARIANT:1	2	1	1
275d0f48755cf01d	PROPOSED	HIGH	data/normalized_yaml/bacterial/togo_medium_m240.yaml	CultureMech:008993	togo_medium_m240	2	1	SOURCE_DUPLICATE:1	1	1	1
43c66e94a529e680	PROPOSED	HIGH	data/normalized_yaml/bacterial/togo_medium_m61.yaml	CultureMech:010019	togo_medium_m61	2	1	SOURCE_DUPLICATE:1	1	1	1
d2d34e95f8ef745b	PROPOSED	HIGH	data/normalized_yaml/bacterial/togo_medium_m967.yaml	CultureMech:010392	togo_medium_m967	2	1	SOURCE_DUPLICATE:1	1	1	1
c6ac240a5e54c432	PROPOSED	HIGH	data/normalized_yaml/bacterial/tryptic_soy_agar_soybean_casein_digest_medium_usp.yaml	CultureMech:009014	tryptic_soy_agar_soybean_casein_digest_medium_usp	2	1	PHYSICAL_STATE_VARIANT:1	1	2	1
de4edb0bf35c74b9	PROPOSED	HIGH	data/normalized_yaml/bacterial/tryptic_soy_agar_supplemented_with_10_nad_and_5_bovine_serum.yaml	CultureMech:009486	tryptic_soy_agar_supplemented_with_10_nad_and_5_bovine_serum	2	1	PHYSICAL_STATE_VARIANT:1	1	2	1
fe3ff3b441e4e16f	PROPOSED	HIGH	data/normalized_yaml/bacterial/tryptic_soy_agar_with_5_sheep_blood_defibrinated.yaml	CultureMech:009010	tryptic_soy_agar_with_5_sheep_blood_defibrinated	2	1	PHYSICAL_STATE_VARIANT:1	1	2	1
d29acf27ea72cb60	PROPOSED	HIGH	data/normalized_yaml/bacterial/trypticase_soy_agar_na_mg.yaml	CultureMech:000809	trypticase_soy_agar_na_mg	2	1	SALINITY_VARIANT:1	2	1	1
ce36261da4063941	PROPOSED	HIGH	data/normalized_yaml/bacterial/trypticase_soy_blood_agar.yaml	CultureMech:002514	trypticase_soy_blood_agar	2	1	PHYSICAL_STATE_VARIANT:1	1	2	1
de182c39488443a4	PROPOSED	HIGH	data/normalized_yaml/bacterial/ycfa_medium.yaml	CultureMech:002303	ycfa_medium	2	1	SUPPLEMENTED_VARIANT:1	1	1	1
de39f613691dbe9a	PROPOSED	HIGH	data/normalized_yaml/bacterial/yeast_extract_malt_extract_agar_isp_2_with_2_nacl.yaml	CultureMech:007763	yeast_extract_malt_extract_agar_isp_2_with_2_nacl	2	1	SALINITY_VARIANT:1	2	1	1
53b2d37f9ace944c	PROPOSED	HIGH	data/normalized_yaml/fungal/yeast_extract_malt_extract_agar_isp_2_with_2_nacl.yaml	CultureMech:010493	yeast_extract_malt_extract_agar_isp_2_with_2_nacl	2	1	SALINITY_VARIANT:1	2	1	1
ec6e3505f739f63f	PROPOSED	HIGH	data/normalized_yaml/fungal/yeast_mineral_medium_10_g_l_glucose.yaml	CultureMech:010555	yeast_mineral_medium_10_g_l_glucose	2	1	SUPPLEMENTED_VARIANT:1	2	1	1
98ca95959268d74a	PROPOSED	HIGH	data/normalized_yaml/specialized/alp_defined_noc.yaml	CultureMech:015487	ALP defined noC	2	1	CONCENTRATION_VARIANT:1	2	1	1
0e448f077872c32b	PROPOSED	HIGH	data/normalized_yaml/specialized/m9_minimal_media_plus.yaml	CultureMech:015550	M9 minimal media plus	2	1	SOURCE_DUPLICATE:1	1	1	1
4744f5f1e3e788dc	PROPOSED	HIGH	data/normalized_yaml/specialized/mhii_biocarbonate_serum.yaml	CultureMech:015596	MHII biocarbonate serum	2	1	SUPPLEMENTED_VARIANT:1	1	1	1
a6b5f614dd1706df	PROPOSED	HIGH	data/normalized_yaml/specialized/mmx_casamino.yaml	CultureMech:015601	MMX casamino	2	1	SUPPLEMENTED_VARIANT:1	2	1	1
da0084034685eb14	PROPOSED	HIGH	data/normalized_yaml/specialized/mmx_dropout.yaml	CultureMech:015602	MMX dropout	2	1	SUPPLEMENTED_VARIANT:1	2	1	1
938c27ff5a4347a6	PROPOSED	HIGH	data/normalized_yaml/specialized/nitrogen_free_b_d_medium_for_lotus_japonicus_growth.yaml	CultureMech:015437	nitrogen_free_b_d_medium_for_lotus_japonicus_growth	2	1	CONCENTRATION_VARIANT:1	2	1	1
1594f63958fa6399	PROPOSED	HIGH	data/normalized_yaml/specialized/r2a_kan10_tween01_cycloheximide200.yaml	CultureMech:015694	R2A_Kan10_Tween01_Cycloheximide200	2	1	CONCENTRATION_VARIANT:1	2	1	1
0807ca48593a2375	PROPOSED	HIGH	data/normalized_yaml/specialized/rpmi_with_fetal_bovine_serum.yaml	CultureMech:015732	RPMI with Fetal bovine serum	2	1	SUPPLEMENTED_VARIANT:1	1	1	1
54883081162c7921	PROPOSED	HIGH	data/normalized_yaml/specialized/varel_bryant_medium_nonitrogen.yaml	CultureMech:015785	Varel Bryant medium noNitrogen	2	1	SUPPLEMENTED_VARIANT:1	2	1	1
139c7d158adb4e4e	PROPOSED	MEDIUM	data/normalized_yaml/archaea/KOMODO_141_METHANOGENIUM_medium.yaml	CultureMech:004144	methanogenium_medium	22	20	CONCENTRATION_VARIANT:20	5	1	2	group spans multiple category directories
7038cdde56360380	PROPOSED	MEDIUM	data/normalized_yaml/bacterial/for_dsm_15576_and_dsm_16219.yaml	CultureMech:004247	for_dsm_15576_and_dsm_16219	17	16	CONCENTRATION_VARIANT:1;SOURCE_DUPLICATE:15	2	1	2	group spans multiple category directories
a66b53bcfdac9ecf	PROPOSED	MEDIUM	data/normalized_yaml/archaea/KOMODO_119_METHANOBACTERIUM_medium.yaml	CultureMech:003939	methanobacterium_medium	16	1	SOURCE_DUPLICATE:1	1	1	2	group spans multiple category directories
c3044b75a605c3de	PROPOSED	MEDIUM	data/normalized_yaml/archaea/KOMODO_372_HALOBACTERIA_medium.yaml	CultureMech:005104	halobacteria_medium	11	2	CONCENTRATION_VARIANT:1;DERIVED_FROM:1	2	1	2	group spans multiple category directories
d76974e22463ae4c	PROPOSED	MEDIUM	data/normalized_yaml/bacterial/DSMZ_1172_YPG_MEDIUM.yaml	CultureMech:000614	ypg_medium	11	9	CONCENTRATION_VARIANT:4;SOURCE_DUPLICATE:4;SUPPLEMENTED_VARIANT:1	5	1	2	group spans multiple category directories
621e3aa54d2edaff	PROPOSED	MEDIUM	data/normalized_yaml/bacterial/TOGO_M2314_LB_medium.yaml	CultureMech:008901	lb_medium	11	9	CONCENTRATION_VARIANT:2;DERIVED_FROM:1;PHYSICAL_STATE_VARIANT:1;SALINITY_VARIANT:1;SOURCE_DUPLICATE:4	5	2	2	group spans multiple category directories
8750042532c0b648	PROPOSED	MEDIUM	data/normalized_yaml/archaea/KOMODO_120_METHANOSARCINA_medium.yaml	CultureMech:003958	methanosarcina_medium	10	3	SOURCE_DUPLICATE:3	1	1	2	group spans multiple category directories
729cd93d1bcefbf2	PROPOSED	MEDIUM	data/normalized_yaml/bacterial/KOMODO_311_SPOROMUSA_medium.yaml	CultureMech:004964	sporomusa_medium	10	9	CONCENTRATION_VARIANT:1;SOURCE_DUPLICATE:8	2	1	2	group spans multiple category directories
8ad3aa3b26140aa4	PROPOSED	MEDIUM	data/normalized_yaml/bacterial/gyp_glucose_yeast_peptone_medium.yaml	CultureMech:006668	gyp_glucose_yeast_peptone_medium	10	1	SUPPLEMENTED_VARIANT:1	1	1	2	group spans multiple category directories
6a7a36df8f8e886c	PROPOSED	MEDIUM	data/normalized_yaml/bacterial/JCM_J980_KUSHNERIA_AURANTIA_MEDIUM.yaml	CultureMech:003330	kushneria_aurantia_medium	9	8	CONCENTRATION_VARIANT:6;DERIVED_FROM:2	4	1	2	group spans multiple category directories
f0c3642afb9b593d	PROPOSED	MEDIUM	data/normalized_yaml/bacterial/KOMODO_1186_GRANULIBACTER_medium.yaml	CultureMech:003906	granulibacter_medium	9	7	CONCENTRATION_VARIANT:5;SUPPLEMENTED_VARIANT:2	4	1	2	group spans multiple category directories
d59df339beb6e7c2	PROPOSED	MEDIUM	data/normalized_yaml/fungal/JCM_J42_YEAST-STARCH_AGAR_A.yaml	CultureMech:010527	yeast_starch_agar_a	9	8	PHYSICAL_STATE_VARIANT:1;SUPPLEMENTED_VARIANT:7	4	2	2	group spans multiple category directories
e31aab0723dc8c00	PROPOSED	MEDIUM	data/normalized_yaml/archaea/JCM_J168_HALOBACTERIA_MEDIUM.yaml	CultureMech:002527	halobacteria_medium	8	6	CONCENTRATION_VARIANT:1;SALINITY_VARIANT:1;SOURCE_DUPLICATE:4	3	1	2	group spans multiple category directories
923bb04d3f17ebf4	PROPOSED	MEDIUM	data/normalized_yaml/archaea/KOMODO_1138_HALOPIGER_medium.yaml	CultureMech:003847	halopiger_medium	8	7	CONCENTRATION_VARIANT:5;DERIVED_FROM:1;SUPPLEMENTED_VARIANT:1	5	1	3	group spans multiple category directories
6eceaddeae541ec0	PROPOSED	MEDIUM	data/normalized_yaml/bacterial/JCM_J735_MY_MEDIUM.yaml	CultureMech:003078	my_medium	8	7	PHYSICAL_STATE_VARIANT:6;SUPPLEMENTED_VARIANT:1	2	2	2	group spans multiple category directories
ab44fce260089bc6	PROPOSED	MEDIUM	data/normalized_yaml/bacterial/KOMODO_1173_MODIFIED_medium_514.yaml	CultureMech:003893	modified_medium_514	7	5	CONCENTRATION_VARIANT:5	2	1	3	group spans multiple category directories
73eaeaa9a373248e	PROPOSED	MEDIUM	data/normalized_yaml/bacterial/KOMODO_190_YpSs_medium.yaml	CultureMech:004214	ypss_medium	7	5	SOURCE_DUPLICATE:1;SUPPLEMENTED_VARIANT:4	2	1	2	group spans multiple category directories
3eb1b2ea15e6995c	PROPOSED	MEDIUM	data/normalized_yaml/bacterial/asw_150_barley.yaml	CultureMech:000382	asw_150_barley	7	4	CONCENTRATION_VARIANT:2;DERIVED_FROM:2	4	1	2	group spans multiple category directories
2d2e478a1df1e27a	PROPOSED	MEDIUM	data/normalized_yaml/bacterial/for_dsm_22549.yaml	CultureMech:004736	for_dsm_22549	7	1	CONCENTRATION_VARIANT:1	2	1	2	group spans multiple category directories
10054041a1c84324	PROPOSED	MEDIUM	data/normalized_yaml/bacterial/mb_medium.yaml	CultureMech:006834	mb_medium	7	1	SALINITY_VARIANT:1	2	1	2	group spans multiple category directories
dd36f6b28db5a841	PROPOSED	MEDIUM	data/normalized_yaml/archaea/JCM_J165_SULFOLOBUS_MEDIUM.yaml	CultureMech:002524	sulfolobus_medium	6	5	SALINITY_VARIANT:3;SOURCE_DUPLICATE:2	2	1	3	group spans multiple category directories
e20fc9c6cebd8691	PROPOSED	MEDIUM	data/normalized_yaml/archaea/JCM_J183_DESULFUROCOCCUS_MEDIUM.yaml	CultureMech:002544	desulfurococcus_medium	6	5	CONCENTRATION_VARIANT:3;SOURCE_DUPLICATE:2	2	1	2	group spans multiple category directories
78095b1241aa4bcd	PROPOSED	MEDIUM	data/normalized_yaml/archaea/KOMODO_390_PYROBACULUM_MEDIUM.yaml	CultureMech:005172	pyrobaculum_medium	6	1	DERIVED_FROM:1	1	1	2	group spans multiple category directories
d24b6828c2553431	PROPOSED	MEDIUM	data/normalized_yaml/bacterial/JCM_J471_DESULFONAUTICUS_MEDIUM.yaml	CultureMech:002820	desulfonauticus_medium	6	5	CONCENTRATION_VARIANT:1;SOURCE_DUPLICATE:4	2	1	2	group spans multiple category directories
2d61fc0be254fa29	PROPOSED	MEDIUM	data/normalized_yaml/bacterial/czapek_dox_agar.yaml	CultureMech:004065	czapek_dox_agar	6	5	CONCENTRATION_VARIANT:3;DERIVED_FROM:1;SUPPLEMENTED_VARIANT:1	4	1	2	group spans multiple category directories
94f15a7c34867c51	PROPOSED	MEDIUM	data/normalized_yaml/archaea/KOMODO_395_DESULFUROCOCCUS_AMYLOLYTICUS_medium.yaml	CultureMech:005182	desulfurococcus_amylolyticus_medium	5	1	SOURCE_DUPLICATE:1	1	1	2	group spans multiple category directories
dbba7c3e3eec6cf3	PROPOSED	MEDIUM	data/normalized_yaml/archaea/KOMODO_825_METHANOBACTERIUM_II_medium.yaml	CultureMech:006555	methanobacterium_ii_medium	5	1	DERIVED_FROM:1	1	1	2	group spans multiple category directories
58533571c6f68ff3	PROPOSED	MEDIUM	data/normalized_yaml/archaea/KOMODO_901_ACIDOLOBUS_ACETICUS_medium.yaml	CultureMech:006771	acidolobus_aceticus_medium	5	3	CONCENTRATION_VARIANT:2;DERIVED_FROM:1	2	1	2	group spans multiple category directories
84a28af3da4fdfb8	PROPOSED	MEDIUM	data/normalized_yaml/archaea/TOGO_M159_Halobacteria_Medium.yaml	CultureMech:008151	halobacteria_medium	5	4	CONCENTRATION_VARIANT:3;SALINITY_VARIANT:1	5	1	2	group spans multiple category directories
119ce848af80b2f3	PROPOSED	MEDIUM	data/normalized_yaml/bacterial/KOMODO_1143_TY_medium.yaml	CultureMech:003854	ty_medium	5	3	CONCENTRATION_VARIANT:2;SOURCE_DUPLICATE:1	3	1	2	group spans multiple category directories
eec11aa0db5bd173	PROPOSED	MEDIUM	data/normalized_yaml/bacterial/KOMODO_358-1_For_aerobic_growth.yaml	CultureMech:005075	for_aerobic_growth	5	4	CONCENTRATION_VARIANT:1;SOURCE_DUPLICATE:3	2	1	3	group spans multiple category directories
f3c5cbd1937f63cc	PROPOSED	MEDIUM	data/normalized_yaml/bacterial/ma2.yaml	CultureMech:007977	ma2	5	2	CONCENTRATION_VARIANT:2	3	1	2	group spans multiple category directories
c3bb7c95e8cc3191	PROPOSED	MEDIUM	data/normalized_yaml/bacterial/yeast_extract_malt_extract_agar_isp_2.yaml	CultureMech:009740	yeast_extract_malt_extract_agar_isp_2	5	1	SUPPLEMENTED_VARIANT:1	1	1	2	group spans multiple category directories
2bb0b009c6a05a1b	PROPOSED	MEDIUM	data/normalized_yaml/archaea/KOMODO_280_METHANOCOCCOIDES_medium.yaml	CultureMech:004733	methanococcoides_medium	4	2	CONCENTRATION_VARIANT:1;SOURCE_DUPLICATE:1	2	1	2	group spans multiple category directories
e6cee1689f7db3c6	PROPOSED	MEDIUM	data/normalized_yaml/archaea/KOMODO_874_FERROPLASMA_ACIDIPHILUM_medium.yaml	CultureMech:006711	ferroplasma_acidiphilum_medium	4	1	DERIVED_FROM:1	1	1	2	group spans multiple category directories
c9cff2ab2c126a0d	PROPOSED	MEDIUM	data/normalized_yaml/archaea/TOGO_M160_Halobacteria_Medium.yaml	CultureMech:008163	halobacteria_medium	4	3	CONCENTRATION_VARIANT:2;SALINITY_VARIANT:1	4	1	2	group spans multiple category directories
087de73c084cc0f4	PROPOSED	MEDIUM	data/normalized_yaml/bacterial/2_malt_agar.yaml	CultureMech:009585	2_malt_agar	4	2	CONCENTRATION_VARIANT:2	4	1	2	group spans multiple category directories
6d02162796dd3ab0	PROPOSED	MEDIUM	data/normalized_yaml/bacterial/2_x_yt_medium.yaml	CultureMech:002679	2_x_yt_medium	4	3	CONCENTRATION_VARIANT:1;SUPPLEMENTED_VARIANT:2	3	1	2	group spans multiple category directories
76fdda13a87750e6	PROPOSED	MEDIUM	data/normalized_yaml/bacterial/JCM_J834_MODIFIED_DESULFOVIBRIO_MEDIUM.yaml	CultureMech:003178	modified_desulfovibrio_medium	4	3	CONCENTRATION_VARIANT:1;SOURCE_DUPLICATE:2	2	1	2	group spans multiple category directories
8aa4b9be2487721b	PROPOSED	MEDIUM	data/normalized_yaml/bacterial/KOMODO_172a_CY_S2_medium.yaml	CultureMech:004201	cy_s2_medium	4	3	SOURCE_DUPLICATE:3	1	1	2	group spans multiple category directories
06ac4bf3f407103e	PROPOSED	MEDIUM	data/normalized_yaml/bacterial/for_dsm_2376.yaml	CultureMech:004755	for_dsm_2376	4	3	SOURCE_DUPLICATE:3	1	1	2	group spans multiple category directories
39d736ff030cdf6b	PROPOSED	MEDIUM	data/normalized_yaml/bacterial/ird_fusibacter_medium.yaml	CultureMech:003341	ird_fusibacter_medium	4	3	CONCENTRATION_VARIANT:2;SOURCE_DUPLICATE:1	2	1	2	group spans multiple category directories
cf2daf491f2474de	PROPOSED	MEDIUM	data/normalized_yaml/bacterial/mg_medium.yaml	CultureMech:005888	mg_medium	4	3	CONCENTRATION_VARIANT:1;SALINITY_VARIANT:1;SOURCE_DUPLICATE:1	2	1	2	group spans multiple category directories
1119f690ec43d7ae	PROPOSED	MEDIUM	data/normalized_yaml/bacterial/yeast_peptone_succinate_medium.yaml	CultureMech:006959	yeast_peptone_succinate_medium	4	1	DERIVED_FROM:1	1	1	2	group spans multiple category directories
a81e2a7eba0c77f0	PROPOSED	MEDIUM	data/normalized_yaml/archaea/KOMODO_506_METHANOBACTERIUM_ESPANOLAE_MEDIUM.yaml	CultureMech:005699	methanobacterium_espanolae_medium	3	1	DERIVED_FROM:1	1	1	2	group spans multiple category directories
a174ef2afef4dd8a	PROPOSED	MEDIUM	data/normalized_yaml/archaea/TOGO_M2294_Halopiger_Medium.yaml	CultureMech:008880	halopiger_medium	3	2	CONCENTRATION_VARIANT:2	3	1	2	group spans multiple category directories
74870748c6433e05	PROPOSED	MEDIUM	data/normalized_yaml/archaea/methanolobus_i_medium.yaml	CultureMech:004609	methanolobus_i_medium	3	1	SOURCE_DUPLICATE:1	1	1	2	group spans multiple category directories
6c91faa25201305b	PROPOSED	MEDIUM	data/normalized_yaml/archaea/mh1_medium_for_halarchaeum.yaml	CultureMech:003132	mh1_medium_for_halarchaeum	3	1	SOURCE_DUPLICATE:1	1	1	2	group spans multiple category directories
23e9bae9f6e945f8	PROPOSED	MEDIUM	data/normalized_yaml/bacterial/JCM_J464_HP_101_HALOPHILE_MEDIUM.yaml	CultureMech:000299	hp_101_halophile_medium	3	2	DERIVED_FROM:2	1	1	2	group spans multiple category directories
013f8655b908ef4f	PROPOSED	MEDIUM	data/normalized_yaml/bacterial/KOMODO_1221_SALISAETA_LONGA_medium.yaml	CultureMech:003974	salisaeta_longa_medium	3	1	CONCENTRATION_VARIANT:1	2	1	2	group spans multiple category directories
e27dff1913cc36f0	PROPOSED	MEDIUM	data/normalized_yaml/bacterial/KOMODO_129_POTATO_DEXTROSE_AGAR.yaml	CultureMech:004047	potato_dextrose_agar	3	1	CONCENTRATION_VARIANT:1	2	1	2	group spans multiple category directories
2b846b000675be94	PROPOSED	MEDIUM	data/normalized_yaml/bacterial/TOGO_M573_Yeast_Extract-Malt_Extract_Agar_ISP-2_With_Artificial_Seawater.yaml	CultureMech:009969	yeast_extract_malt_extract_agar_isp_2_with_artificial_seawater	3	1	SUPPLEMENTED_VARIANT:1	1	1	2	group spans multiple category directories
b1aa4dcc250fa795	PROPOSED	MEDIUM	data/normalized_yaml/bacterial/TOGO_M682_Distilled_Water.yaml	CultureMech:010087	distilled_water	3	2	CONCENTRATION_VARIANT:2	3	1	2	group spans multiple category directories
c616d180f58274dd	PROPOSED	MEDIUM	data/normalized_yaml/bacterial/anaerobic_thauera_medium.yaml	CultureMech:004072	anaerobic_thauera_medium	3	2	DERIVED_FROM:1;SOURCE_DUPLICATE:1	1	1	2	group spans multiple category directories
31313daad1766317	PROPOSED	MEDIUM	data/normalized_yaml/bacterial/for_dsm_1974.yaml	CultureMech:004103	for_dsm_1974	3	2	SOURCE_DUPLICATE:2	1	1	2	group spans multiple category directories
7d50ab3f2152d1a4	PROPOSED	MEDIUM	data/normalized_yaml/bacterial/fuf_medium.yaml	CultureMech:005006	fuf_medium	3	2	SOURCE_DUPLICATE:2	1	1	2	group spans multiple category directories
1c7724920425ddd2	PROPOSED	MEDIUM	data/normalized_yaml/bacterial/medium_1190_modified_for_dsm_19497.yaml	CultureMech:003925	medium_1190_modified_for_dsm_19497	3	2	SOURCE_DUPLICATE:1;SUPPLEMENTED_VARIANT:1	1	1	2	group spans multiple category directories
fe4f38daad6286e9	PROPOSED	MEDIUM	data/normalized_yaml/fungal/tryptone_yeast_extract_agar.yaml	CultureMech:010506	tryptone_yeast_extract_agar	3	2	SUPPLEMENTED_VARIANT:2	2	1	2	group spans multiple category directories
dd111f70faa29ce4	PROPOSED	MEDIUM	data/normalized_yaml/specialized/marines_planctomyces_medium.yaml	CultureMech:015343	marines_planctomyces_medium	3	2	CONCENTRATION_VARIANT:1;SUPPLEMENTED_VARIANT:1	3	1	2	group spans multiple category directories
2b4489866d75ee5a	PROPOSED	MEDIUM	data/normalized_yaml/archaea/TOGO_M2375_Haloquadratum_Walsbyi_Medium.yaml	CultureMech:008959	haloquadratum_walsbyi_medium	2	1	CONCENTRATION_VARIANT:1	2	1	2	group spans multiple category directories
e717519f064f0467	PROPOSED	MEDIUM	data/normalized_yaml/archaea/aeropyrum_jxt_medium.yaml	CultureMech:006547	aeropyrum_jxt_medium	2	1	SOURCE_DUPLICATE:1	1	1	2	group spans multiple category directories
20b23ca5eda765b9	PROPOSED	MEDIUM	data/normalized_yaml/archaea/alkalophilic_halophile_medium.yaml	CultureMech:000255	alkalophilic_halophile_medium	2	1	DERIVED_FROM:1	1	1	2	group spans multiple category directories
6ae98e13d5de97af	PROPOSED	MEDIUM	data/normalized_yaml/archaea/haloarcula_medium_nt.yaml	CultureMech:001026	haloarcula_medium_nt	2	1	SALINITY_VARIANT:1	2	1	2	group spans multiple category directories
6735a385689c3b0d	PROPOSED	MEDIUM	data/normalized_yaml/archaea/halophile_medium.yaml	CultureMech:000276	halophile_medium	2	1	DERIVED_FROM:1	1	1	2	group spans multiple category directories
37320a602bdf07db	PROPOSED	MEDIUM	data/normalized_yaml/archaea/halophilic_medium.yaml	CultureMech:000247	halophilic_medium	2	1	DERIVED_FROM:1	1	1	2	group spans multiple category directories
279e6b56ab93a996	PROPOSED	MEDIUM	data/normalized_yaml/archaea/medium_for_aciduric_thermophilic_bacillus_strains.yaml	CultureMech:000277	medium_for_aciduric_thermophilic_bacillus_strains	2	1	DERIVED_FROM:1	1	1	2	group spans multiple category directories
a8c55aa80b5bbd61	PROPOSED	MEDIUM	data/normalized_yaml/bacterial/1_10_r2a_medium_modified.yaml	CultureMech:000826	1_10_r2a_medium_modified	2	1	SUPPLEMENTED_VARIANT:1	2	1	2	group spans multiple category directories
805a313ee46d9fcf	PROPOSED	MEDIUM	data/normalized_yaml/bacterial/anaerobic_cholesterol_medium.yaml	CultureMech:006675	anaerobic_cholesterol_medium	2	1	DERIVED_FROM:1	1	1	2	group spans multiple category directories
2b7866070b2cd52b	PROPOSED	MEDIUM	data/normalized_yaml/bacterial/bl_with_0_5_maltose.yaml	CultureMech:009801	bl_with_0_5_maltose	2	1	SUPPLEMENTED_VARIANT:1	1	1	2	group spans multiple category directories
c26d8e8d7eb2d664	PROPOSED	MEDIUM	data/normalized_yaml/bacterial/brewer_anaerobic_agar_with_2_nacl.yaml	CultureMech:010090	brewer_anaerobic_agar_with_2_nacl	2	1	SALINITY_VARIANT:1	2	1	2	group spans multiple category directories
6b46dd16b6a0d095	PROPOSED	MEDIUM	data/normalized_yaml/bacterial/ch.yaml	CultureMech:000330	ch	2	1	DERIVED_FROM:1	1	1	2	group spans multiple category directories
1e07d0882b414304	PROPOSED	MEDIUM	data/normalized_yaml/bacterial/czapek_peptone_agar.yaml	CultureMech:006636	czapek_peptone_agar	2	1	DERIVED_FROM:1	1	1	2	group spans multiple category directories
0caec24f770b9770	PROPOSED	MEDIUM	data/normalized_yaml/bacterial/diluted_marine_agar.yaml	CultureMech:010060	diluted_marine_agar	2	1	CONCENTRATION_VARIANT:1	2	1	2	group spans multiple category directories
d107f62c034703b4	PROPOSED	MEDIUM	data/normalized_yaml/bacterial/emersons_yeast_starch_agar_eys.yaml	CultureMech:006000	emersons_yeast_starch_agar_eys	2	1	SUPPLEMENTED_VARIANT:1	1	1	2	group spans multiple category directories
397534dd3440ce4d	PROPOSED	MEDIUM	data/normalized_yaml/bacterial/half_strength_marine_agar.yaml	CultureMech:010387	half_strength_marine_agar	2	1	CONCENTRATION_VARIANT:1	2	1	2	group spans multiple category directories
85ebf99a94695e61	PROPOSED	MEDIUM	data/normalized_yaml/bacterial/half_strength_marine_medium_with_1_0_nacl.yaml	CultureMech:010197	half_strength_marine_medium_with_1_0_nacl	2	1	SALINITY_VARIANT:1	2	1	2	group spans multiple category directories
5196f43430666248	PROPOSED	MEDIUM	data/normalized_yaml/bacterial/isp_1_medium.yaml	CultureMech:001232	isp_1_medium	2	1	SUPPLEMENTED_VARIANT:1	2	1	2	group spans multiple category directories
94cbc37d04be4c84	PROPOSED	MEDIUM	data/normalized_yaml/bacterial/jcm_medium_no_242.yaml	CultureMech:002603	jcm_medium_no_242	2	1	SOURCE_DUPLICATE:1	1	1	2	group spans multiple category directories
0ff2c16aa2ce5d54	PROPOSED	MEDIUM	data/normalized_yaml/bacterial/m408_medium.yaml	CultureMech:001107	m408_medium	2	1	SUPPLEMENTED_VARIANT:1	2	1	2	group spans multiple category directories
c5c93f5e681064f1	PROPOSED	MEDIUM	data/normalized_yaml/bacterial/malt_extract_glucose_agar.yaml	CultureMech:006382	malt_extract_glucose_agar	2	1	SUPPLEMENTED_VARIANT:1	1	1	2	group spans multiple category directories
9d2c9c05ed38b127	PROPOSED	MEDIUM	data/normalized_yaml/bacterial/malt_extract_peptone_agar.yaml	CultureMech:006782	malt_extract_peptone_agar	2	1	DERIVED_FROM:1	1	1	2	group spans multiple category directories
84ca5f2c293797d0	PROPOSED	MEDIUM	data/normalized_yaml/bacterial/maltextract_charcoal_medium.yaml	CultureMech:006518	maltextract_charcoal_medium	2	1	DERIVED_FROM:1	1	1	2	group spans multiple category directories
480eedbebfbb652b	PROPOSED	MEDIUM	data/normalized_yaml/bacterial/mannitol_yeast_extract_peptone_myp.yaml	CultureMech:003739	mannitol_yeast_extract_peptone_myp	2	1	SUPPLEMENTED_VARIANT:1	1	1	2	group spans multiple category directories
59b28f26542f479a	PROPOSED	MEDIUM	data/normalized_yaml/bacterial/marine_agar.yaml	CultureMech:003997	marine_agar	2	1	DERIVED_FROM:1	1	1	2	group spans multiple category directories
a9dc77d90ebfed34	PROPOSED	MEDIUM	data/normalized_yaml/bacterial/marine_agar_2216.yaml	CultureMech:007629	marine_agar_2216	2	1	DERIVED_FROM:1	1	1	2	group spans multiple category directories
44b50b5c020bca66	PROPOSED	MEDIUM	data/normalized_yaml/bacterial/marine_broth_2216_with_cellobiose.yaml	CultureMech:007734	marine_broth_2216_with_cellobiose	2	1	SUPPLEMENTED_VARIANT:1	2	1	2	group spans multiple category directories
b8763200cb21c37a	PROPOSED	MEDIUM	data/normalized_yaml/bacterial/marine_broth_2216_with_pyruvate.yaml	CultureMech:007874	marine_broth_2216_with_pyruvate	2	1	SUPPLEMENTED_VARIANT:1	1	1	2	group spans multiple category directories
fe685b0fe044c153	PROPOSED	MEDIUM	data/normalized_yaml/bacterial/marine_caulobacter_medium.yaml	CultureMech:006089	marine_caulobacter_medium	2	1	DERIVED_FROM:1	1	1	2	group spans multiple category directories
22d9e7b32f98f2ef	PROPOSED	MEDIUM	data/normalized_yaml/bacterial/marine_medium_with_pyruvate.yaml	CultureMech:004058	marine_medium_with_pyruvate	2	1	SUPPLEMENTED_VARIANT:1	1	1	2	group spans multiple category directories
86e0c9813ada9c36	PROPOSED	MEDIUM	data/normalized_yaml/bacterial/medium_514_plus_additional_salt.yaml	CultureMech:001646	medium_514_plus_additional_salt	2	1	CONCENTRATION_VARIANT:1	2	1	2	group spans multiple category directories
bd69563caeeb397d	PROPOSED	MEDIUM	data/normalized_yaml/bacterial/medium_for_marine_methylotrophs.yaml	CultureMech:006402	medium_for_marine_methylotrophs	2	1	DERIVED_FROM:1	1	1	2	group spans multiple category directories
8779e5184c4b39a3	PROPOSED	MEDIUM	data/normalized_yaml/bacterial/merds.yaml	CultureMech:000364	merds	2	1	DERIVED_FROM:1	1	1	2	group spans multiple category directories
ff6b3b589175cef7	PROPOSED	MEDIUM	data/normalized_yaml/bacterial/ms_sulf_medium.yaml	CultureMech:002479	ms_sulf_medium	2	1	CONCENTRATION_VARIANT:1	2	1	2	group spans multiple category directories
f09ec87e331c89fd	PROPOSED	MEDIUM	data/normalized_yaml/bacterial/mw.yaml	CultureMech:000369	mw	2	1	DERIVED_FROM:1	1	1	2	group spans multiple category directories
a438834a8af88590	PROPOSED	MEDIUM	data/normalized_yaml/bacterial/n75s.yaml	CultureMech:000373	n75s	2	1	DERIVED_FROM:1	1	1	2	group spans multiple category directories
a7badcf8f8d816ec	PROPOSED	MEDIUM	data/normalized_yaml/bacterial/nss_low.yaml	CultureMech:000383	nss_low	2	1	DERIVED_FROM:1	1	1	2	group spans multiple category directories
3c28c1b82fcb8280	PROPOSED	MEDIUM	data/normalized_yaml/bacterial/oat_flakes_agar_with_yeast_extract.yaml	CultureMech:004620	oat_flakes_agar_with_yeast_extract	2	1	SUPPLEMENTED_VARIANT:1	1	1	2	group spans multiple category directories
a624bc2e37bd8a84	PROPOSED	MEDIUM	data/normalized_yaml/bacterial/peptone_yeast_medium_with_mgso4.yaml	CultureMech:006497	peptone_yeast_medium_with_mgso4	2	1	SUPPLEMENTED_VARIANT:1	1	1	2	group spans multiple category directories
23b53425c7aea5e3	PROPOSED	MEDIUM	data/normalized_yaml/bacterial/pfennigs_medium_i_with_yeast_extract.yaml	CultureMech:005189	pfennigs_medium_i_with_yeast_extract	2	1	SUPPLEMENTED_VARIANT:1	1	1	2	group spans multiple category directories
e9144a82f80f00ca	PROPOSED	MEDIUM	data/normalized_yaml/bacterial/phosphate_buffered_saline_ph_7_4.yaml	CultureMech:003233	phosphate_buffered_saline_ph_7_4	2	1	CONCENTRATION_VARIANT:1	2	1	2	group spans multiple category directories
cab8527873d4ff17	PROPOSED	MEDIUM	data/normalized_yaml/bacterial/quarter_strength_marine_broth_2216.yaml	CultureMech:007635	quarter_strength_marine_broth_2216	2	1	CONCENTRATION_VARIANT:1	2	1	2	group spans multiple category directories
bc9656ea3052daf0	PROPOSED	MEDIUM	data/normalized_yaml/bacterial/r75s.yaml	CultureMech:000401	r75s	2	1	DERIVED_FROM:1	1	1	2	group spans multiple category directories
ca5212fed9eee5c0	PROPOSED	MEDIUM	data/normalized_yaml/bacterial/s77_vitamins.yaml	CultureMech:000309	s77_vitamins	2	1	DERIVED_FROM:1	1	1	2	group spans multiple category directories
33d5c77ca1734aea	PROPOSED	MEDIUM	data/normalized_yaml/bacterial/s88_vitamins.yaml	CultureMech:000310	s88_vitamins	2	1	DERIVED_FROM:1	1	1	2	group spans multiple category directories
fbfcec683cfa7341	PROPOSED	MEDIUM	data/normalized_yaml/bacterial/sabouraud_glucose_medium.yaml	CultureMech:004154	sabouraud_glucose_medium	2	1	SUPPLEMENTED_VARIANT:1	1	1	2	group spans multiple category directories
c29b5b186537d55a	PROPOSED	MEDIUM	data/normalized_yaml/bacterial/sea_water_yeast_peptone_medium.yaml	CultureMech:006887	sea_water_yeast_peptone_medium	2	1	DERIVED_FROM:1	1	1	2	group spans multiple category directories
e330c5c65b0c6c27	PROPOSED	MEDIUM	data/normalized_yaml/bacterial/seawater_yeast_peptone_agar.yaml	CultureMech:004615	seawater_yeast_peptone_agar	2	1	DERIVED_FROM:1	1	1	2	group spans multiple category directories
2e5013def42bca56	PROPOSED	MEDIUM	data/normalized_yaml/bacterial/ses.yaml	CultureMech:000407	ses	2	1	DERIVED_FROM:1	1	1	2	group spans multiple category directories
49afd8f13d26309f	PROPOSED	MEDIUM	data/normalized_yaml/bacterial/sf1_medium.yaml	CultureMech:005061	sf1_medium	2	1	SOURCE_DUPLICATE:1	1	1	2	group spans multiple category directories
a9e35b3a36471cc4	PROPOSED	MEDIUM	data/normalized_yaml/bacterial/standard_i_malt_agar.yaml	CultureMech:006156	standard_i_malt_agar	2	1	DERIVED_FROM:1	1	1	2	group spans multiple category directories
7aed8c32b053f9c0	PROPOSED	MEDIUM	data/normalized_yaml/bacterial/tryptone_yeast_extract_mineral_medium.yaml	CultureMech:004583	tryptone_yeast_extract_mineral_medium	2	1	SUPPLEMENTED_VARIANT:1	1	1	2	group spans multiple category directories
fa5cb34e75703609	PROPOSED	MEDIUM	data/normalized_yaml/bacterial/yeast_extract_mineral_medium.yaml	CultureMech:004662	yeast_extract_mineral_medium	2	1	SUPPLEMENTED_VARIANT:1	1	1	2	group spans multiple category directories
4af47e67bf3f399c	PROPOSED	MEDIUM	data/normalized_yaml/bacterial/yeast_extract_skim_milk_medium.yaml	CultureMech:004197	yeast_extract_skim_milk_medium	2	1	SUPPLEMENTED_VARIANT:1	1	1	2	group spans multiple category directories
fc5c78ad020f02bb	PROPOSED	MEDIUM	data/normalized_yaml/bacterial/yeast_extract_starch_agar_50_marine_water.yaml	CultureMech:004028	yeast_extract_starch_agar_50_marine_water	2	1	SUPPLEMENTED_VARIANT:1	1	1	2	group spans multiple category directories
a08c48b15a7c42e1	PROPOSED	MEDIUM	data/normalized_yaml/bacterial/yel.yaml	CultureMech:000314	yel	2	1	DERIVED_FROM:1	1	1	2	group spans multiple category directories
cac133df90b305c6	PROPOSED	MEDIUM	data/normalized_yaml/fungal/malt_extract_agar.yaml	CultureMech:010520	malt_extract_agar	2	1	CONCENTRATION_VARIANT:1	2	1	2	group spans multiple category directories
0f670d57dd09c54c	PROPOSED	MEDIUM	data/normalized_yaml/specialized/anaerobic_tyecas_medium.yaml	CultureMech:015422	anaerobic_tyecas_medium	2	1	SOURCE_DUPLICATE:1	1	1	2	group spans multiple category directories
c89cc3631428171b	PROPOSED	MEDIUM	data/normalized_yaml/specialized/artficial_marine_water_medium.yaml	CultureMech:015384	artficial_marine_water_medium	2	1	CONCENTRATION_VARIANT:1	2	1	2	group spans multiple category directories
efd5df0fdc3ffc13	PROPOSED	MEDIUM	data/normalized_yaml/specialized/dinomm_nocarbon.yaml	CultureMech:015512	DinoMM noCarbon	2	1	CONCENTRATION_VARIANT:1	2	1	2	group spans multiple category directories
118016881c04fe32	PROPOSED	MEDIUM	data/normalized_yaml/specialized/dinomm_nonitrogen.yaml	CultureMech:015513	DinoMM noNitrogen	2	1	CONCENTRATION_VARIANT:1	2	1	2	group spans multiple category directories
c9763ad3915e4c56	REVIEW_REQUIRED	LOW	data/normalized_yaml/bacterial/fwm_medium.yaml	CultureMech:005678	fwm_medium	33	32	CONCENTRATION_VARIANT:30;SOURCE_DUPLICATE:2	4	1	2	missing concentration objects present; group spans multiple category directories
26443f9ac412d1a8	REVIEW_REQUIRED	LOW	data/normalized_yaml/specialized/zmb_als_nobiotin.yaml	CultureMech:015800	ZMB ALS noBiotin	33	32	SOURCE_DUPLICATE:32	1	1	1	low component-count group
c51fcdb182d0437e	REVIEW_REQUIRED	LOW	data/normalized_yaml/bacterial/KOMODO_215_BHI_medium.yaml	CultureMech:004418	bhi_medium	27	25	PHYSICAL_STATE_VARIANT:4;SOURCE_DUPLICATE:20;SUPPLEMENTED_VARIANT:1	1	2	1	majority of records use VARIABLE concentrations
d10d0eb1262915cc	REVIEW_REQUIRED	LOW	data/normalized_yaml/bacterial/KOMODO_429b_CHOCOLATE_AGAR.yaml	CultureMech:005272	chocolate_agar	24	23	SOURCE_DUPLICATE:13;SUBSTITUTED_COMPONENT_VARIANT:3;SUPPLEMENTED_VARIANT:7	2	1	1	majority of records use VARIABLE concentrations
875374f51dcc7178	REVIEW_REQUIRED	LOW	data/normalized_yaml/bacterial/KOMODO_693_COLUMBIA_BLOOD_medium.yaml	CultureMech:006311	columbia_blood_medium	15	13	SOURCE_DUPLICATE:13	1	1	1	majority of records use VARIABLE concentrations
8284a6eeb3ff1da7	REVIEW_REQUIRED	LOW	data/normalized_yaml/algae/pj.yaml	CultureMech:000112	pj	13	12	CONCENTRATION_VARIANT:1;SOURCE_DUPLICATE:11	2	1	1	algae source-duplicate candidate has identical parsed ingredients but semantically broad medium names; verify source/formulation before migration
6599882c9d7839df	REVIEW_REQUIRED	LOW	data/normalized_yaml/bacterial/thiohalophilus_medium.yaml	CultureMech:003641	thiohalophilus_medium	8	7	CONCENTRATION_VARIANT:6;SOURCE_DUPLICATE:1	3	1	1	missing concentration objects present
1d4d8371646a173c	REVIEW_REQUIRED	LOW	data/normalized_yaml/bacterial/KOMODO_81_MINERAL_MEDIUM_FOR_CHEMOLITHOTROPHIC_GROWTH_H-3.yaml	CultureMech:006545	mineral_medium_for_chemolithotrophic_growth_h_3	7	5	CONCENTRATION_VARIANT:4;DERIVED_FROM:1	2	1	1	missing concentration objects present
98aea7afa68d4263	REVIEW_REQUIRED	LOW	data/normalized_yaml/bacterial/s_w.yaml	CultureMech:000414	s_w	6	5	DERIVED_FROM:1;PHYSICAL_STATE_VARIANT:4	2	2	2	majority of records use VARIABLE concentrations; group spans multiple category directories
7a22d72efc0b34a7	REVIEW_REQUIRED	LOW	data/normalized_yaml/algae/mdy_v.yaml	CultureMech:000088	mdy_v	5	4	SOURCE_DUPLICATE:4	1	1	1	algae source-duplicate candidate has identical parsed ingredients but semantically broad medium names; verify source/formulation before migration
25e84a119865b967	REVIEW_REQUIRED	LOW	data/normalized_yaml/archaea/KOMODO_792_PYROLOBUS_FUMARII_MEDIUM.yaml	CultureMech:006501	pyrolobus_fumarii_medium	5	1	CONCENTRATION_VARIANT:1	3	1	2	missing concentration objects present; group spans multiple category directories
2b17e67d35b8f3b4	REVIEW_REQUIRED	LOW	data/normalized_yaml/bacterial/KOMODO_1199_K7_medium.yaml	CultureMech:003938	k7_medium	5	2	CONCENTRATION_VARIANT:1;SUPPLEMENTED_VARIANT:1	3	1	1	majority of records use VARIABLE concentrations
99a55e980b41a510	REVIEW_REQUIRED	LOW	data/normalized_yaml/bacterial/KOMODO_950_ONR7a_MEDIUM.yaml	CultureMech:006893	onr7a_medium	5	4	SOURCE_DUPLICATE:2;SUBSTITUTED_COMPONENT_VARIANT:2	1	1	1	majority of records use VARIABLE concentrations
b64a1760ba6ad291	REVIEW_REQUIRED	LOW	data/normalized_yaml/algae/1_2_soil_seawater_medium.yaml	CultureMech:000005	1_2_soil_seawater_medium	4	3	CONCENTRATION_VARIANT:3	4	1	1	majority of records use VARIABLE concentrations
2aa9d01269df63bf	REVIEW_REQUIRED	LOW	data/normalized_yaml/archaea/KOMODO_734_METHANOBREVIBACTER_CURVATUS_medium.yaml	CultureMech:006381	methanobrevibacter_curvatus_medium	4	1	SOURCE_DUPLICATE:1	2	1	2	missing concentration objects present; group spans multiple category directories
da8d3fb1f14b40fd	REVIEW_REQUIRED	LOW	data/normalized_yaml/bacterial/desulfuromonas_medium_tce.yaml	CultureMech:001868	desulfuromonas_medium_tce	4	2	CONCENTRATION_VARIANT:1;SOURCE_DUPLICATE:1	2	1	1	missing concentration objects present
ea823542debf5dd1	REVIEW_REQUIRED	LOW	data/normalized_yaml/bacterial/marine_agar_2216_ph_8_5.yaml	CultureMech:007573	marine_agar_2216_ph_8_5	4	3	DERIVED_FROM:1;SOURCE_DUPLICATE:2	1	1	2	majority of records use VARIABLE concentrations; group spans multiple category directories
1faefc172624d952	REVIEW_REQUIRED	LOW	data/normalized_yaml/algae/dm.yaml	CultureMech:000063	dm	3	2	SOURCE_DUPLICATE:2	1	1	1	algae source-duplicate candidate has identical parsed ingredients but semantically broad medium names; verify source/formulation before migration
6485d1fd23c26f00	REVIEW_REQUIRED	LOW	data/normalized_yaml/archaea/TOGO_M151_Thermococcus_Stetteri_Medium.yaml	CultureMech:008065	thermococcus_stetteri_medium	3	2	CONCENTRATION_VARIANT:2	3	1	1	majority of records use VARIABLE concentrations
93c9425e9d4987c2	REVIEW_REQUIRED	LOW	data/normalized_yaml/archaea/TOGO_M171_Stygiolobus_Medium.yaml	CultureMech:008283	stygiolobus_medium	3	2	CONCENTRATION_VARIANT:2	3	1	2	majority of records use VARIABLE concentrations; group spans multiple category directories
dde8b602fdd2117e	REVIEW_REQUIRED	LOW	data/normalized_yaml/archaea/TOGO_M821_MH1_Medium_For_Halarchaeum.yaml	CultureMech:010234	mh1_medium_for_halarchaeum	3	2	CONCENTRATION_VARIANT:1;SOURCE_DUPLICATE:1	2	1	2	majority of records use VARIABLE concentrations; group spans multiple category directories
9d5e9883e30ea329	REVIEW_REQUIRED	LOW	data/normalized_yaml/bacterial/JCM_J467_BHI_2_MEDIUM.yaml	CultureMech:002815	bhi_2_medium	3	2	DERIVED_FROM:2	1	1	1	majority of records use VARIABLE concentrations
5dcb9a7d6396ff75	REVIEW_REQUIRED	LOW	data/normalized_yaml/bacterial/KOMODO_135_ACETOBACTERIUM_medium.yaml	CultureMech:004107	acetobacterium_medium	3	2	SOURCE_DUPLICATE:2	1	1	1	majority of records use VARIABLE concentrations
d289efc9bb998ce3	REVIEW_REQUIRED	LOW	data/normalized_yaml/bacterial/KOMODO_420_BLOOD_AGAR_I.yaml	CultureMech:005245	blood_agar_i	3	1	SOURCE_DUPLICATE:1	1	1	1	majority of records use VARIABLE concentrations
6a5a21b1831ab075	REVIEW_REQUIRED	LOW	data/normalized_yaml/bacterial/KOMODO_709_ACIDIMICROBIUM_medium.yaml	CultureMech:006343	acidimicrobium_medium	3	2	SOURCE_DUPLICATE:1;SUPPLEMENTED_VARIANT:1	1	1	1	majority of records use VARIABLE concentrations
15e744e08ce799be	REVIEW_REQUIRED	LOW	data/normalized_yaml/bacterial/KOMODO_756c_AUTOTROPHIC_NITROBACTER_MEDIUM.yaml	CultureMech:006412	autotrophic_nitrobacter_medium	3	2	SOURCE_DUPLICATE:2	1	1	1	majority of records use VARIABLE concentrations
1c21de60528491d9	REVIEW_REQUIRED	LOW	data/normalized_yaml/bacterial/KOMODO_833_DEHALOSPIRILLUM_medium.yaml	CultureMech:006625	dehalospirillum_medium	3	1	DERIVED_FROM:1	1	1	1	majority of records use VARIABLE concentrations
27bc66502bbb0250	REVIEW_REQUIRED	LOW	data/normalized_yaml/bacterial/KOMODO_87a_CHLOROFLEXUS_AGGREGANS_medium.yaml	CultureMech:006721	chloroflexus_aggregans_medium	3	2	CONCENTRATION_VARIANT:1;DERIVED_FROM:1	2	1	1	missing concentration objects present
7d8440934ce82588	REVIEW_REQUIRED	LOW	data/normalized_yaml/bacterial/KOMODO_88b_V24N_medium.yaml	CultureMech:006741	v24n_medium	3	2	SOURCE_DUPLICATE:2	1	1	2	majority of records use VARIABLE concentrations; group spans multiple category directories
90f5a3d58d1df4fe	REVIEW_REQUIRED	LOW	data/normalized_yaml/bacterial/KOMODO_898_ANOXYBACILLUS_medium.yaml	CultureMech:006758	anoxybacillus_medium	3	2	SOURCE_DUPLICATE:2	1	1	1	majority of records use VARIABLE concentrations
8e9b4bb6d04c450b	REVIEW_REQUIRED	LOW	data/normalized_yaml/bacterial/KOMODO_909_TREPONEMA_DENTICOLA_medium.yaml	CultureMech:006781	treponema_denticola_medium	3	1	SOURCE_DUPLICATE:1	1	1	1	majority of records use VARIABLE concentrations
aa2e0eb65a9a1b4e	REVIEW_REQUIRED	LOW	data/normalized_yaml/bacterial/TOGO_M347_JT_Medium.yaml	CultureMech:009726	jt_medium	3	2	CONCENTRATION_VARIANT:2	3	1	1	majority of records use VARIABLE concentrations
6a87f4e61fa3f4fc	REVIEW_REQUIRED	LOW	data/normalized_yaml/bacterial/TOGO_M419_MMJHS_Medium.yaml	CultureMech:009804	mmjhs_medium	3	2	DERIVED_FROM:2	1	1	1	majority of records use VARIABLE concentrations
61750366b0dc7838	REVIEW_REQUIRED	LOW	data/normalized_yaml/bacterial/TOGO_M73_Alkaline_Yeast_Extract-Malt_Extract_Agar.yaml	CultureMech:010146	alkaline_yeast_extract_malt_extract_agar	3	2	SUPPLEMENTED_VARIANT:2	1	1	1	majority of records use VARIABLE concentrations
95c0a3db3c6895b0	REVIEW_REQUIRED	LOW	data/normalized_yaml/bacterial/bhi_liquid_supplemented_with_haemin_and_nad.yaml	CultureMech:009431	bhi_liquid_supplemented_with_haemin_and_nad	3	2	SUPPLEMENTED_VARIANT:2	2	1	1	majority of records use VARIABLE concentrations
7fbfe52d2be0e314	REVIEW_REQUIRED	LOW	data/normalized_yaml/bacterial/brain_heart_infusion.yaml	CultureMech:008016	brain_heart_infusion	3	2	SOURCE_DUPLICATE:2	1	1	1	majority of records use VARIABLE concentrations
ba8acbb26bd78033	REVIEW_REQUIRED	LOW	data/normalized_yaml/bacterial/desulfopila_corrodens_medium.yaml	CultureMech:000426	desulfopila_corrodens_medium	3	1	CONCENTRATION_VARIANT:1	2	1	1	missing concentration objects present
6f6024ca70c703f3	REVIEW_REQUIRED	LOW	data/normalized_yaml/bacterial/desulfovibrio_shv_medium.yaml	CultureMech:006368	desulfovibrio_shv_medium	3	2	CONCENTRATION_VARIANT:2	3	1	1	majority of records use VARIABLE concentrations
a0464f4708c86764	REVIEW_REQUIRED	LOW	data/normalized_yaml/bacterial/desulfovibrio_sp_medium.yaml	CultureMech:004276	desulfovibrio_sp_medium	3	2	CONCENTRATION_VARIANT:2	3	1	1	majority of records use VARIABLE concentrations
c33385faa7ef18e2	REVIEW_REQUIRED	LOW	data/normalized_yaml/bacterial/desulfuromonas_thiophila_medium.yaml	CultureMech:001785	desulfuromonas_thiophila_medium	3	1	SOURCE_DUPLICATE:1	2	1	1	missing concentration objects present
d7c3d25f18909602	REVIEW_REQUIRED	LOW	data/normalized_yaml/bacterial/dsm_10409.yaml	CultureMech:005599	dsm_10409	3	2	SOURCE_DUPLICATE:2	1	1	1	majority of records use VARIABLE concentrations
24509a2a6d07630b	REVIEW_REQUIRED	LOW	data/normalized_yaml/bacterial/for_dsm_9463.yaml	CultureMech:006260	for_dsm_9463	3	2	SOURCE_DUPLICATE:2	1	1	1	majority of records use VARIABLE concentrations
ef787aff6644018a	REVIEW_REQUIRED	LOW	data/normalized_yaml/algae/bg11.yaml	CultureMech:015450	BG11	2	1	SOURCE_DUPLICATE:1	1	1	1	algae source-duplicate candidate has identical parsed ingredients but semantically broad medium names; verify source/formulation before migration
75e8f7487127aabf	REVIEW_REQUIRED	LOW	data/normalized_yaml/algae/k35.yaml	CultureMech:000078	k35	2	1	SOURCE_DUPLICATE:1	1	1	1	algae source-duplicate candidate has identical parsed ingredients but semantically broad medium names; verify source/formulation before migration
cc1e48b02d184f9f	REVIEW_REQUIRED	LOW	data/normalized_yaml/algae/sna.yaml	CultureMech:000133	sna	2	1	SOURCE_DUPLICATE:1	1	1	1	algae source-duplicate candidate has identical parsed ingredients but semantically broad medium names; verify source/formulation before migration
98aaf1393e982b38	REVIEW_REQUIRED	LOW	data/normalized_yaml/archaea/KOMODO_150_ACIDIANUS_BRIERLEYI_MEDIUM.yaml	CultureMech:004173	acidianus_brierleyi_medium	2	1	SOURCE_DUPLICATE:1	1	1	2	majority of records use VARIABLE concentrations; group spans multiple category directories
fdcf38112c226b1f	REVIEW_REQUIRED	LOW	data/normalized_yaml/archaea/KOMODO_182_SULFOLOBUS_medium.yaml	CultureMech:004205	sulfolobus_medium	2	1	SOURCE_DUPLICATE:1	1	1	1	majority of records use VARIABLE concentrations
73563db2d0b8e978	REVIEW_REQUIRED	LOW	data/normalized_yaml/archaea/KOMODO_203_METHANOTHERMUS_FERVIDUS_medium.yaml	CultureMech:004311	methanothermus_fervidus_medium	2	1	SOURCE_DUPLICATE:1	1	1	1	majority of records use VARIABLE concentrations
a3cb0716f8ad8fd0	REVIEW_REQUIRED	LOW	data/normalized_yaml/archaea/KOMODO_398_THERMOPLASMA_VOLCANIUM_medium.yaml	CultureMech:005187	thermoplasma_volcanium_medium	2	1	SOURCE_DUPLICATE:1	1	1	2	majority of records use VARIABLE concentrations; group spans multiple category directories
bb47726309747a27	REVIEW_REQUIRED	LOW	data/normalized_yaml/archaea/KOMODO_795_STETTERIA_medium.yaml	CultureMech:006504	stetteria_medium	2	1	SOURCE_DUPLICATE:1	1	1	2	majority of records use VARIABLE concentrations; group spans multiple category directories
99e71367bdca6382	REVIEW_REQUIRED	LOW	data/normalized_yaml/archaea/KOMODO_883_CALDIVIRGA_medium.yaml	CultureMech:006733	caldivirga_medium	2	1	SOURCE_DUPLICATE:1	1	1	1	majority of records use VARIABLE concentrations
bc8d2635ff2d901e	REVIEW_REQUIRED	LOW	data/normalized_yaml/archaea/KOMODO_897_IGNICOCCUS_medium.yaml	CultureMech:006753	ignicoccus_medium	2	1	SOURCE_DUPLICATE:1	1	1	2	majority of records use VARIABLE concentrations; group spans multiple category directories
425a1798b359a899	REVIEW_REQUIRED	LOW	data/normalized_yaml/archaea/TOGO_M167_Acidianus_Infernus_Medium_A.yaml	CultureMech:008238	acidianus_infernus_medium_a	2	1	CONCENTRATION_VARIANT:1	2	1	2	majority of records use VARIABLE concentrations; group spans multiple category directories
5207dc918946a5d9	REVIEW_REQUIRED	LOW	data/normalized_yaml/archaea/TOGO_M223_Methanosarcina_Medium.yaml	CultureMech:008828	methanosarcina_medium	2	1	CONCENTRATION_VARIANT:1	2	1	1	majority of records use VARIABLE concentrations
8257f02c8b9b22df	REVIEW_REQUIRED	LOW	data/normalized_yaml/archaea/TOGO_M226_Picrophilus_Medium.yaml	CultureMech:008856	picrophilus_medium	2	1	CONCENTRATION_VARIANT:1	2	1	1	majority of records use VARIABLE concentrations
4e8474d28d95a713	REVIEW_REQUIRED	LOW	data/normalized_yaml/archaea/TOGO_M2385_Sulfolobus_Medium.yaml	CultureMech:008968	sulfolobus_medium	2	1	CONCENTRATION_VARIANT:1	2	1	1	majority of records use VARIABLE concentrations
1b7d34f8032c274c	REVIEW_REQUIRED	LOW	data/normalized_yaml/archaea/TOGO_M291_Vulcanisaeta_Medium.yaml	CultureMech:009455	vulcanisaeta_medium	2	1	CONCENTRATION_VARIANT:1	2	1	1	majority of records use VARIABLE concentrations
c79fce49cb85dfca	REVIEW_REQUIRED	LOW	data/normalized_yaml/archaea/methanogenium_sp_medium.yaml	CultureMech:005910	methanogenium_sp_medium	2	1	CONCENTRATION_VARIANT:1	2	1	1	missing concentration objects present
669ca8ef9877a66c	REVIEW_REQUIRED	LOW	data/normalized_yaml/archaea/methanolobus_ii_medium.yaml	CultureMech:005015	methanolobus_ii_medium	2	1	CONCENTRATION_VARIANT:1	2	1	1	majority of records use VARIABLE concentrations
a5cad7f8b3c3a1aa	REVIEW_REQUIRED	LOW	data/normalized_yaml/archaea/sulfurisphaera_medium_ph_2_5.yaml	CultureMech:008214	sulfurisphaera_medium_ph_2_5	2	1	SOURCE_DUPLICATE:1	1	1	1	majority of records use VARIABLE concentrations
498122076c07a077	REVIEW_REQUIRED	LOW	data/normalized_yaml/bacterial/KOMODO_104_PYG-MEDIUM_modified.yaml	CultureMech:003608	pyg_medium_modified	2	1	SOURCE_DUPLICATE:1	1	1	1	majority of records use VARIABLE concentrations
a2dfe91f4f5738b5	REVIEW_REQUIRED	LOW	data/normalized_yaml/bacterial/KOMODO_1321_ACIDIHALOBACTER_medium.yaml	CultureMech:004077	acidihalobacter_medium	2	1	SOURCE_DUPLICATE:1	1	1	1	majority of records use VARIABLE concentrations
c59e76907ad5bcae	REVIEW_REQUIRED	LOW	data/normalized_yaml/bacterial/KOMODO_3073_Trace_element_solution_medium_318.yaml	CultureMech:004859	trace_element_solution_medium_318	2	1	DERIVED_FROM:1	1	1	1	majority of records use VARIABLE concentrations
2a963e7d39364f7f	REVIEW_REQUIRED	LOW	data/normalized_yaml/bacterial/KOMODO_350_CELLULOMONAS_FERMENTANS_medium.yaml	CultureMech:005066	cellulomonas_fermentans_medium	2	1	SOURCE_DUPLICATE:1	1	1	1	majority of records use VARIABLE concentrations
c92b0f612f619306	REVIEW_REQUIRED	LOW	data/normalized_yaml/bacterial/KOMODO_63_DESULFOVIBRIO_medium.yaml	CultureMech:006160	desulfovibrio_medium	2	1	SALINITY_VARIANT:1	1	1	1	majority of records use VARIABLE concentrations
183aeb22a19bbfce	REVIEW_REQUIRED	LOW	data/normalized_yaml/bacterial/KOMODO_890_VM1_MEDIUM.yaml	CultureMech:006743	vm1_medium	2	1	SOURCE_DUPLICATE:1	1	1	1	majority of records use VARIABLE concentrations
0f2857ff99c8b3ab	REVIEW_REQUIRED	LOW	data/normalized_yaml/bacterial/KOMODO_891_SME_MEDIUM_MODIFIED_FOR_IS7.yaml	CultureMech:006744	sme_medium_modified_for_is7	2	1	CONCENTRATION_VARIANT:1	2	1	1	majority of records use VARIABLE concentrations
940aba872ea2df37	REVIEW_REQUIRED	LOW	data/normalized_yaml/bacterial/KOMODO_945_MARINITOGA_PIEZOPHILA_medium.yaml	CultureMech:006880	marinitoga_piezophila_medium	2	1	SOURCE_DUPLICATE:1	1	1	1	majority of records use VARIABLE concentrations
487793ea03638789	REVIEW_REQUIRED	LOW	data/normalized_yaml/bacterial/KOMODO_9_VY_2_AGAR.yaml	CultureMech:006985	vy_2_agar	2	1	SOURCE_DUPLICATE:1	1	1	1	majority of records use VARIABLE concentrations
8aecf87fcd330746	REVIEW_REQUIRED	LOW	data/normalized_yaml/bacterial/TOGO_M1044_IRD_Fusibacter_Medium.yaml	CultureMech:007560	ird_fusibacter_medium	2	1	CONCENTRATION_VARIANT:1	2	1	1	majority of records use VARIABLE concentrations
85e871e644dcfe88	REVIEW_REQUIRED	LOW	data/normalized_yaml/bacterial/TOGO_M1147_Alkaliphilus_3B_Medium.yaml	CultureMech:007670	alkaliphilus_3b_medium	2	1	CONCENTRATION_VARIANT:1	2	1	1	majority of records use VARIABLE concentrations
fc285bcfb68dc643	REVIEW_REQUIRED	LOW	data/normalized_yaml/bacterial/TOGO_M1165_Bicarbonate_Buffered_Medium.yaml	CultureMech:007689	bicarbonate_buffered_medium	2	1	DERIVED_FROM:1	1	1	1	majority of records use VARIABLE concentrations
108f3c8d8156b800	REVIEW_REQUIRED	LOW	data/normalized_yaml/bacterial/TOGO_M118_Methanol-Utilizing_Bacteria_Medium_D.yaml	CultureMech:007715	methanol_utilizing_bacteria_medium_d	2	1	DERIVED_FROM:1	1	1	1	majority of records use VARIABLE concentrations
a8b17dc32ddea30c	REVIEW_REQUIRED	LOW	data/normalized_yaml/bacterial/TOGO_M1200_Artficial_Brackish_Water_Medium.yaml	CultureMech:007727	artficial_brackish_water_medium	2	1	CONCENTRATION_VARIANT:1	2	1	1	majority of records use VARIABLE concentrations
67c061810175f9f9	REVIEW_REQUIRED	LOW	data/normalized_yaml/bacterial/TOGO_M1242_Mollicutes_MZ-XQ_Medium.yaml	CultureMech:007772	mollicutes_mz_xq_medium	2	1	CONCENTRATION_VARIANT:1	2	1	1	majority of records use VARIABLE concentrations
c5ccdbeac6163c4a	REVIEW_REQUIRED	LOW	data/normalized_yaml/bacterial/TOGO_M1692_GYP_medium.yaml	CultureMech:008252	gyp_medium	2	1	SOURCE_DUPLICATE:1	1	1	1	majority of records use VARIABLE concentrations
79cf219762fed12e	REVIEW_REQUIRED	LOW	data/normalized_yaml/bacterial/TOGO_M1739_YSG_Medium.yaml	CultureMech:008301	ysg_medium	2	1	SOURCE_DUPLICATE:1	1	1	1	majority of records use VARIABLE concentrations
b4d55ac4d0a5d290	REVIEW_REQUIRED	LOW	data/normalized_yaml/bacterial/TOGO_M1784_Acidimicrobium_Medium.yaml	CultureMech:008351	acidimicrobium_medium	2	1	DERIVED_FROM:1	1	1	1	majority of records use VARIABLE concentrations
bd4b53f3d6c96e0a	REVIEW_REQUIRED	LOW	data/normalized_yaml/bacterial/TOGO_M2332_Acidimicrobium_Medium.yaml	CultureMech:008919	acidimicrobium_medium	2	1	CONCENTRATION_VARIANT:1	2	1	1	majority of records use VARIABLE concentrations
40e1af4a63b9a073	REVIEW_REQUIRED	LOW	data/normalized_yaml/bacterial/TOGO_M2362_Columbia_Blood_Agar.yaml	CultureMech:008948	columbia_blood_agar	2	1	SUPPLEMENTED_VARIANT:1	2	1	1	majority of records use VARIABLE concentrations
8e1bc403c7499a60	REVIEW_REQUIRED	LOW	data/normalized_yaml/bacterial/TOGO_M2508_Columbia_agar_with_sheep_blood.yaml	CultureMech:009079	columbia_agar_with_sheep_blood	2	1	SUPPLEMENTED_VARIANT:1	2	1	1	majority of records use VARIABLE concentrations
e9f112e393f86727	REVIEW_REQUIRED	LOW	data/normalized_yaml/bacterial/TOGO_M255_Brain_Heart_Infusion_Agar_With_2_NaCl.yaml	CultureMech:009128	brain_heart_infusion_agar_with_2_nacl	2	1	SALINITY_VARIANT:1	2	1	1	majority of records use VARIABLE concentrations
3931be278d496a5e	REVIEW_REQUIRED	LOW	data/normalized_yaml/bacterial/TOGO_M2728_Thermoanaerobacter_BA_Medium.yaml	CultureMech:009278	thermoanaerobacter_ba_medium	2	1	DERIVED_FROM:1	1	1	1	majority of records use VARIABLE concentrations
4da66a990b85a2b7	REVIEW_REQUIRED	LOW	data/normalized_yaml/bacterial/TOGO_M2729_Thermoanaerobacter_Brockii_Medium.yaml	CultureMech:009279	thermoanaerobacter_brockii_medium	2	1	DERIVED_FROM:1	1	1	1	majority of records use VARIABLE concentrations
5073273f32e0de8c	REVIEW_REQUIRED	LOW	data/normalized_yaml/bacterial/TOGO_M2764_BHI_w_heat-inactivated_Fetal_Bovine_Serum_and_Glucose.yaml	CultureMech:009312	bhi_w_heat_inactivated_fetal_bovine_serum_and_glucose	2	1	SUPPLEMENTED_VARIANT:1	1	1	1	majority of records use VARIABLE concentrations
28e97947cbc6644b	REVIEW_REQUIRED	LOW	data/normalized_yaml/bacterial/TOGO_M2773_Serpulina_Murdochii_Medium.yaml	CultureMech:009321	serpulina_murdochii_medium	2	1	CONCENTRATION_VARIANT:1	2	1	1	majority of records use VARIABLE concentrations
9dde65860a4bcfbe	REVIEW_REQUIRED	LOW	data/normalized_yaml/bacterial/TOGO_M3200_Defined_minimal_medium.yaml	CultureMech:009643	defined_minimal_medium	2	1	DERIVED_FROM:1	1	1	1	majority of records use VARIABLE concentrations
b84482f3183f219b	REVIEW_REQUIRED	LOW	data/normalized_yaml/bacterial/TOGO_M434_Anaerolinea_Medium.yaml	CultureMech:009820	anaerolinea_medium	2	1	CONCENTRATION_VARIANT:1	2	1	1	majority of records use VARIABLE concentrations
4ab21a7e682eeb75	REVIEW_REQUIRED	LOW	data/normalized_yaml/bacterial/TOGO_M555_Sulfate_Reducing_Bacterium_Medium_With_Lactate.yaml	CultureMech:009949	sulfate_reducing_bacterium_medium_with_lactate	2	1	SALINITY_VARIANT:1	2	1	1	majority of records use VARIABLE concentrations
3808d2bfd1d8b65b	REVIEW_REQUIRED	LOW	data/normalized_yaml/bacterial/TOGO_M601_Clostridium_Thermocellum_Medium.yaml	CultureMech:010000	clostridium_thermocellum_medium	2	1	SOURCE_DUPLICATE:1	1	1	1	majority of records use VARIABLE concentrations
1cf2ed34786e61a9	REVIEW_REQUIRED	LOW	data/normalized_yaml/bacterial/TOGO_M802_Rumen_Fluid_Medium.yaml	CultureMech:010214	rumen_fluid_medium	2	1	DERIVED_FROM:1	1	1	1	majority of records use VARIABLE concentrations
2e0bff9ac620d7bc	REVIEW_REQUIRED	LOW	data/normalized_yaml/bacterial/TOGO_M912_NM-57_Medium.yaml	CultureMech:010332	nm_57_medium	2	1	CONCENTRATION_VARIANT:1	2	1	1	majority of records use VARIABLE concentrations
824ef9c5ac0ec55d	REVIEW_REQUIRED	LOW	data/normalized_yaml/bacterial/bacto_marine_agar.yaml	CultureMech:006092	bacto_marine_agar	2	1	DERIVED_FROM:1	1	1	2	majority of records use VARIABLE concentrations; group spans multiple category directories
6d6fa906b0a89eae	REVIEW_REQUIRED	LOW	data/normalized_yaml/bacterial/brain_heart_infusion_agar.yaml	CultureMech:002647	brain_heart_infusion_agar	2	1	SUPPLEMENTED_VARIANT:1	1	1	1	majority of records use VARIABLE concentrations
bc408668a19b3c47	REVIEW_REQUIRED	LOW	data/normalized_yaml/bacterial/e31.yaml	CultureMech:000340	e31	2	1	SOURCE_DUPLICATE:1	1	1	1	majority of records use VARIABLE concentrations
4ff1a077f3080a31	REVIEW_REQUIRED	LOW	data/normalized_yaml/bacterial/for_dsm_11763.yaml	CultureMech:006538	for_dsm_11763	2	1	SOURCE_DUPLICATE:1	1	1	1	majority of records use VARIABLE concentrations
2baafe147a65de1c	REVIEW_REQUIRED	LOW	data/normalized_yaml/bacterial/fw_medium.yaml	CultureMech:009633	fw_medium	2	1	SOURCE_DUPLICATE:1	1	1	1	majority of records use VARIABLE concentrations
b1d339ccadd0f6f4	REVIEW_REQUIRED	LOW	data/normalized_yaml/bacterial/halo_1a.yaml	CultureMech:008665	halo_1a	2	1	CONCENTRATION_VARIANT:1	2	1	1	majority of records use VARIABLE concentrations
f2c6167a6e5175ec	REVIEW_REQUIRED	LOW	data/normalized_yaml/bacterial/halo_1b.yaml	CultureMech:008666	halo_1b	2	1	CONCENTRATION_VARIANT:1	2	1	1	majority of records use VARIABLE concentrations
1acf73bfa5b0bc96	REVIEW_REQUIRED	LOW	data/normalized_yaml/bacterial/ird_marine_desulfovibrio_medium_2.yaml	CultureMech:007720	ird_marine_desulfovibrio_medium_2	2	1	CONCENTRATION_VARIANT:1	2	1	1	majority of records use VARIABLE concentrations
5809969c6d7b500d	REVIEW_REQUIRED	LOW	data/normalized_yaml/bacterial/marine_aob_medium_a.yaml	CultureMech:007643	marine_aob_medium_a	2	1	CONCENTRATION_VARIANT:1	2	1	1	majority of records use VARIABLE concentrations
0323c89587856738	REVIEW_REQUIRED	LOW	data/normalized_yaml/bacterial/masm.yaml	CultureMech:000357	masm	2	1	SOURCE_DUPLICATE:1	1	1	1	majority of records use VARIABLE concentrations
f1d880f80105329d	REVIEW_REQUIRED	LOW	data/normalized_yaml/bacterial/medium_372_modified_for_dsm_18494.yaml	CultureMech:005096	medium_372_modified_for_dsm_18494	2	1	SOURCE_DUPLICATE:1	1	1	1	majority of records use VARIABLE concentrations
dbfadfc5f66028f3	REVIEW_REQUIRED	LOW	data/normalized_yaml/bacterial/medium_830_modified_for_dsm_17997.yaml	CultureMech:006574	medium_830_modified_for_dsm_17997	2	1	SOURCE_DUPLICATE:1	1	1	1	majority of records use VARIABLE concentrations
40f018093b8a69e0	REVIEW_REQUIRED	LOW	data/normalized_yaml/bacterial/medium_for_strain_ja480.yaml	CultureMech:008447	medium_for_strain_ja480	2	1	CONCENTRATION_VARIANT:1	2	1	1	majority of records use VARIABLE concentrations
bf95c3468ea859c4	REVIEW_REQUIRED	LOW	data/normalized_yaml/bacterial/medium_for_strain_t08.yaml	CultureMech:008634	medium_for_strain_t08	2	1	CONCENTRATION_VARIANT:1	2	1	1	majority of records use VARIABLE concentrations
230d297337fcf88d	REVIEW_REQUIRED	LOW	data/normalized_yaml/bacterial/medium_for_strains_ja430.yaml	CultureMech:008438	medium_for_strains_ja430	2	1	CONCENTRATION_VARIANT:1	2	1	1	majority of records use VARIABLE concentrations
04284b82208305bb	REVIEW_REQUIRED	LOW	data/normalized_yaml/bacterial/mm_w_medium_meoh.yaml	CultureMech:008704	mm_w_medium_meoh	2	1	CONCENTRATION_VARIANT:1	2	1	1	majority of records use VARIABLE concentrations
d4d6c1b6d8a68df9	REVIEW_REQUIRED	LOW	data/normalized_yaml/bacterial/pelobacter_venetianus_marine_medium.yaml	CultureMech:004760	pelobacter_venetianus_marine_medium	2	1	CONCENTRATION_VARIANT:1	2	1	1	majority of records use VARIABLE concentrations
eea8ab1697f1bb59	REVIEW_REQUIRED	LOW	data/normalized_yaml/bacterial/s_w_amp.yaml	CultureMech:000307	s_w_amp	2	1	DERIVED_FROM:1	1	1	2	majority of records use VARIABLE concentrations; group spans multiple category directories
a83d969dec1c6fb3	REVIEW_REQUIRED	LOW	data/normalized_yaml/bacterial/s_w_ca.yaml	CultureMech:000308	s_w_ca	2	1	DERIVED_FROM:1	1	1	2	majority of records use VARIABLE concentrations; group spans multiple category directories
1071bd0f3f5cef19	REVIEW_REQUIRED	LOW	data/normalized_yaml/bacterial/togo_medium_m1497.yaml	CultureMech:008042	togo_medium_m1497	2	1	CONCENTRATION_VARIANT:1	2	1	2	majority of records use VARIABLE concentrations; group spans multiple category directories
dfce4eeca2b86086	REVIEW_REQUIRED	LOW	data/normalized_yaml/specialized/marine_ammonium_mineral_salts.yaml	CultureMech:015337	marine_ammonium_mineral_salts	2	1	CONCENTRATION_VARIANT:1	2	1	2	missing concentration objects present; group spans multiple category directories
900cbf3d7803354f	REVIEW_REQUIRED	MEDIUM	data/normalized_yaml/bacterial/KOMODO_514b_medium_514_plus_additional_salt.yaml	CultureMech:005865	medium_514_plus_additional_salt	157	156	SOURCE_DUPLICATE:154;SUBSTITUTED_COMPONENT_VARIANT:1;SUPPLEMENTED_VARIANT:1	1	1	2	large group requires family-level review before migration; group spans multiple category directories
f169197040d6c9d3	REVIEW_REQUIRED	MEDIUM	data/normalized_yaml/bacterial/KOMODO_1_NUTRIENT_AGAR.yaml	CultureMech:004261	nutrient_agar	154	2	SUBSTITUTED_COMPONENT_VARIANT:2	1	1	1	large group requires family-level review before migration
c85ce07689018f62	REVIEW_REQUIRED	MEDIUM	data/normalized_yaml/bacterial/KOMODO_457d_MEDIUM_WITH_BIPHENYL.yaml	CultureMech:005462	medium_with_biphenyl	153	152	SOURCE_DUPLICATE:143;SUBSTITUTED_COMPONENT_VARIANT:7;SUPPLEMENTED_VARIANT:2	1	1	1	large group requires family-level review before migration
4084bb94f123ace9	REVIEW_REQUIRED	MEDIUM	data/normalized_yaml/bacterial/KOMODO_220_CASO_AGAR_Merck_105458.yaml	CultureMech:004575	caso_agar_merck_105458	147	146	SALINITY_VARIANT:1;SOURCE_DUPLICATE:143;SUPPLEMENTED_VARIANT:2	3	1	1	large group requires family-level review before migration
