ingredient_identity_signature	status	confidence	relationship	parent_path	parent_id	parent_name	child_path	child_id	child_name	group_size	concentration_signature_count	physical_state_count	parent_score	child_score	review_reason	modifications
17d9533a050977c6	PROPOSED	HIGH	SUBSTITUTED_COMPONENT_VARIANT	data/normalized_yaml/bacterial/KOMODO_1076_SP4_MEDIUM.yaml	CultureMech:003664	sp4_medium	data/normalized_yaml/bacterial/medium_1076b_modified_for_dsm_23537_replace_glucose_with_arginine.yaml	CultureMech:003723	medium_1076b_modified_for_dsm_23537_replace_glucose_with_arginine	68	1	1	113	103		Name suggests substituted component; verify ingredient delta against source.
1884eff96502fb1d	PROPOSED	HIGH	SUPPLEMENTED_VARIANT	data/normalized_yaml/bacterial/KOMODO_465_MINERAL_MEDIUM_PH_7.25.yaml	CultureMech:005566	mineral_medium_ph_7_25	data/normalized_yaml/bacterial/KOMODO_465a_MINERAL_MEDIUM_WITH_2-HYDROXYBIPHENYL.yaml	CultureMech:005567	mineral_medium_with_2_hydroxybiphenyl	57	1	1	133	133		Name suggests added supplement/component; verify ingredient delta against source.
1884eff96502fb1d	PROPOSED	HIGH	SUPPLEMENTED_VARIANT	data/normalized_yaml/bacterial/KOMODO_465_MINERAL_MEDIUM_PH_7.25.yaml	CultureMech:005566	mineral_medium_ph_7_25	data/normalized_yaml/bacterial/KOMODO_465b_MINERAL_MEDIUM_WITH_PCP.yaml	CultureMech:005569	mineral_medium_with_pcp	57	1	1	133	133		Name suggests added supplement/component; verify ingredient delta against source.
1884eff96502fb1d	PROPOSED	HIGH	SUPPLEMENTED_VARIANT	data/normalized_yaml/bacterial/KOMODO_465_MINERAL_MEDIUM_PH_7.25.yaml	CultureMech:005566	mineral_medium_ph_7_25	data/normalized_yaml/bacterial/KOMODO_465d_MINERAL_MEDIUM_WITH_BENZYLCYANIDE_AS_NITROGEN_SOURCE.yaml	CultureMech:005573	mineral_medium_with_benzylcyanide_as_nitrogen_source	57	1	1	133	133		Name suggests added supplement/component; verify ingredient delta against source.
1884eff96502fb1d	PROPOSED	HIGH	SUPPLEMENTED_VARIANT	data/normalized_yaml/bacterial/KOMODO_465_MINERAL_MEDIUM_PH_7.25.yaml	CultureMech:005566	mineral_medium_ph_7_25	data/normalized_yaml/bacterial/KOMODO_465e_MINERAL_MEDIUM_WITH_SULFOBENZOIC_ACID.yaml	CultureMech:005574	mineral_medium_with_sulfobenzoic_acid	57	1	1	133	133		Name suggests added supplement/component; verify ingredient delta against source.
1884eff96502fb1d	PROPOSED	HIGH	SUPPLEMENTED_VARIANT	data/normalized_yaml/bacterial/KOMODO_465_MINERAL_MEDIUM_PH_7.25.yaml	CultureMech:005566	mineral_medium_ph_7_25	data/normalized_yaml/bacterial/KOMODO_465f_MINERAL_MEDIUM_WITH_3-AMINOPHENOL.yaml	CultureMech:005575	mineral_medium_with_3_aminophenol	57	1	1	133	133		Name suggests added supplement/component; verify ingredient delta against source.
1884eff96502fb1d	PROPOSED	HIGH	SUPPLEMENTED_VARIANT	data/normalized_yaml/bacterial/KOMODO_465_MINERAL_MEDIUM_PH_7.25.yaml	CultureMech:005566	mineral_medium_ph_7_25	data/normalized_yaml/bacterial/KOMODO_465g_MINERAL_MEDIUM_WITH_CYANURIC_ACID_AS_NITROGEN_SOURCE.yaml	CultureMech:005576	mineral_medium_with_cyanuric_acid_as_nitrogen_source	57	1	1	133	133		Name suggests added supplement/component; verify ingredient delta against source.
1884eff96502fb1d	PROPOSED	HIGH	SUPPLEMENTED_VARIANT	data/normalized_yaml/bacterial/KOMODO_465_MINERAL_MEDIUM_PH_7.25.yaml	CultureMech:005566	mineral_medium_ph_7_25	data/normalized_yaml/bacterial/KOMODO_465h_MINERALMEDIUM_WITH_6-METHYLNICOTINATE.yaml	CultureMech:005577	mineralmedium_with_6_methylnicotinate	57	1	1	133	133		Name suggests added supplement/component; verify ingredient delta against source.
1884eff96502fb1d	PROPOSED	HIGH	SUPPLEMENTED_VARIANT	data/normalized_yaml/bacterial/KOMODO_465_MINERAL_MEDIUM_PH_7.25.yaml	CultureMech:005566	mineral_medium_ph_7_25	data/normalized_yaml/bacterial/KOMODO_465i_MINERAL_MEDIUM_WITH_ATRAZIN.yaml	CultureMech:005578	mineral_medium_with_atrazin	57	1	1	133	133		Name suggests added supplement/component; verify ingredient delta against source.
1884eff96502fb1d	PROPOSED	HIGH	SUBSTITUTED_COMPONENT_VARIANT	data/normalized_yaml/bacterial/KOMODO_465_MINERAL_MEDIUM_PH_7.25.yaml	CultureMech:005566	mineral_medium_ph_7_25	data/normalized_yaml/bacterial/medium_465_modified_for_dsm_13640_replace_taurine_with_ethanedisulfonate.yaml	CultureMech:005539	medium_465_modified_for_dsm_13640_replace_taurine_with_ethanedisulfonate	57	1	1	133	123		Name suggests substituted component; verify ingredient delta against source.
1884eff96502fb1d	PROPOSED	HIGH	SUBSTITUTED_COMPONENT_VARIANT	data/normalized_yaml/bacterial/KOMODO_465_MINERAL_MEDIUM_PH_7.25.yaml	CultureMech:005566	mineral_medium_ph_7_25	data/normalized_yaml/bacterial/medium_465_modified_for_dsm_6428_replace_phenol_with_2_4_6_trichlorophenol.yaml	CultureMech:005556	medium_465_modified_for_dsm_6428_replace_phenol_with_2_4_6_trichlorophenol	57	1	1	133	123		Name suggests substituted component; verify ingredient delta against source.
1884eff96502fb1d	PROPOSED	HIGH	SUPPLEMENTED_VARIANT	data/normalized_yaml/bacterial/KOMODO_465_MINERAL_MEDIUM_PH_7.25.yaml	CultureMech:005566	mineral_medium_ph_7_25	data/normalized_yaml/bacterial/mineral_medium_with_2_hydroxybiphenyl.yaml	CultureMech:001586	mineral_medium_with_2_hydroxybiphenyl	57	1	1	133	123		Name suggests added supplement/component; verify ingredient delta against source.
c10b1945d7d2be7b	PROPOSED	HIGH	CONCENTRATION_VARIANT	data/normalized_yaml/bacterial/JCM_J475_TRYPTICASE_SOY_BROTH_AGAR.yaml	CultureMech:002824	trypticase_soy_broth_agar	data/normalized_yaml/bacterial/KOMODO_535_TRYPTICASE_SOY_BROTH_AGAR.yaml	CultureMech:005959	trypticase_soy_broth_agar	54	4	1	124	124		Same ingredient identity signature but concentration signature differs from parent.
c10b1945d7d2be7b	PROPOSED	HIGH	SUPPLEMENTED_VARIANT	data/normalized_yaml/bacterial/JCM_J475_TRYPTICASE_SOY_BROTH_AGAR.yaml	CultureMech:002824	trypticase_soy_broth_agar	data/normalized_yaml/bacterial/KOMODO_535a_TRYPTICASE_SOY_BROTH_AGAR_BLOOD.yaml	CultureMech:005961	trypticase_soy_broth_agar_blood	54	4	1	124	124		Name suggests added supplement/component; verify ingredient delta against source.
c10b1945d7d2be7b	PROPOSED	HIGH	SUPPLEMENTED_VARIANT	data/normalized_yaml/bacterial/JCM_J475_TRYPTICASE_SOY_BROTH_AGAR.yaml	CultureMech:002824	trypticase_soy_broth_agar	data/normalized_yaml/bacterial/KOMODO_535b_REACTIVATION_WITH_LIQUID_medium.yaml	CultureMech:005962	reactivation_with_liquid_medium	54	4	1	124	124		Name suggests added supplement/component; verify ingredient delta against source.
c10b1945d7d2be7b	PROPOSED	HIGH	CONCENTRATION_VARIANT	data/normalized_yaml/bacterial/JCM_J475_TRYPTICASE_SOY_BROTH_AGAR.yaml	CultureMech:002824	trypticase_soy_broth_agar	data/normalized_yaml/bacterial/alkaline_trypticase_soy_broth_agar.yaml	CultureMech:002358	alkaline_trypticase_soy_broth_agar	54	4	1	124	114		Same ingredient identity signature but concentration signature differs from parent.
c10b1945d7d2be7b	PROPOSED	HIGH	CONCENTRATION_VARIANT	data/normalized_yaml/bacterial/JCM_J475_TRYPTICASE_SOY_BROTH_AGAR.yaml	CultureMech:002824	trypticase_soy_broth_agar	data/normalized_yaml/bacterial/half_strength_trypticase_soy_broth_agar_ph_4_0.yaml	CultureMech:002939	half_strength_trypticase_soy_broth_agar_ph_4_0	54	4	1	124	114		Same ingredient identity signature but concentration signature differs from parent.
c10b1945d7d2be7b	PROPOSED	HIGH	CONCENTRATION_VARIANT	data/normalized_yaml/bacterial/JCM_J475_TRYPTICASE_SOY_BROTH_AGAR.yaml	CultureMech:002824	trypticase_soy_broth_agar	data/normalized_yaml/bacterial/medium_535_modified_for_dsm_10247.yaml	CultureMech:005913	medium_535_modified_for_dsm_10247	54	4	1	124	114		Same ingredient identity signature but concentration signature differs from parent.
c10b1945d7d2be7b	PROPOSED	HIGH	CONCENTRATION_VARIANT	data/normalized_yaml/bacterial/JCM_J475_TRYPTICASE_SOY_BROTH_AGAR.yaml	CultureMech:002824	trypticase_soy_broth_agar	data/normalized_yaml/bacterial/medium_535_modified_for_dsm_10248.yaml	CultureMech:005914	medium_535_modified_for_dsm_10248	54	4	1	124	114		Same ingredient identity signature but concentration signature differs from parent.
c10b1945d7d2be7b	PROPOSED	HIGH	CONCENTRATION_VARIANT	data/normalized_yaml/bacterial/JCM_J475_TRYPTICASE_SOY_BROTH_AGAR.yaml	CultureMech:002824	trypticase_soy_broth_agar	data/normalized_yaml/bacterial/medium_535_modified_for_dsm_10250.yaml	CultureMech:005915	medium_535_modified_for_dsm_10250	54	4	1	124	114		Same ingredient identity signature but concentration signature differs from parent.
c10b1945d7d2be7b	PROPOSED	HIGH	CONCENTRATION_VARIANT	data/normalized_yaml/bacterial/JCM_J475_TRYPTICASE_SOY_BROTH_AGAR.yaml	CultureMech:002824	trypticase_soy_broth_agar	data/normalized_yaml/bacterial/medium_535_modified_for_dsm_10633.yaml	CultureMech:005916	medium_535_modified_for_dsm_10633	54	4	1	124	114		Same ingredient identity signature but concentration signature differs from parent.
c10b1945d7d2be7b	PROPOSED	HIGH	CONCENTRATION_VARIANT	data/normalized_yaml/bacterial/JCM_J475_TRYPTICASE_SOY_BROTH_AGAR.yaml	CultureMech:002824	trypticase_soy_broth_agar	data/normalized_yaml/bacterial/medium_535_modified_for_dsm_11125.yaml	CultureMech:005917	medium_535_modified_for_dsm_11125	54	4	1	124	114		Same ingredient identity signature but concentration signature differs from parent.
c10b1945d7d2be7b	PROPOSED	HIGH	CONCENTRATION_VARIANT	data/normalized_yaml/bacterial/JCM_J475_TRYPTICASE_SOY_BROTH_AGAR.yaml	CultureMech:002824	trypticase_soy_broth_agar	data/normalized_yaml/bacterial/medium_535_modified_for_dsm_13559.yaml	CultureMech:005918	medium_535_modified_for_dsm_13559	54	4	1	124	114		Same ingredient identity signature but concentration signature differs from parent.
c10b1945d7d2be7b	PROPOSED	HIGH	CONCENTRATION_VARIANT	data/normalized_yaml/bacterial/JCM_J475_TRYPTICASE_SOY_BROTH_AGAR.yaml	CultureMech:002824	trypticase_soy_broth_agar	data/normalized_yaml/bacterial/medium_535_modified_for_dsm_14655.yaml	CultureMech:005919	medium_535_modified_for_dsm_14655	54	4	1	124	114		Same ingredient identity signature but concentration signature differs from parent.
c10b1945d7d2be7b	PROPOSED	HIGH	CONCENTRATION_VARIANT	data/normalized_yaml/bacterial/JCM_J475_TRYPTICASE_SOY_BROTH_AGAR.yaml	CultureMech:002824	trypticase_soy_broth_agar	data/normalized_yaml/bacterial/medium_535_modified_for_dsm_14677.yaml	CultureMech:005920	medium_535_modified_for_dsm_14677	54	4	1	124	114		Same ingredient identity signature but concentration signature differs from parent.
c10b1945d7d2be7b	PROPOSED	HIGH	CONCENTRATION_VARIANT	data/normalized_yaml/bacterial/JCM_J475_TRYPTICASE_SOY_BROTH_AGAR.yaml	CultureMech:002824	trypticase_soy_broth_agar	data/normalized_yaml/bacterial/medium_535_modified_for_dsm_15825.yaml	CultureMech:005921	medium_535_modified_for_dsm_15825	54	4	1	124	114		Same ingredient identity signature but concentration signature differs from parent.
c10b1945d7d2be7b	PROPOSED	HIGH	CONCENTRATION_VARIANT	data/normalized_yaml/bacterial/JCM_J475_TRYPTICASE_SOY_BROTH_AGAR.yaml	CultureMech:002824	trypticase_soy_broth_agar	data/normalized_yaml/bacterial/medium_535_modified_for_dsm_21440.yaml	CultureMech:005922	medium_535_modified_for_dsm_21440	54	4	1	124	114		Same ingredient identity signature but concentration signature differs from parent.
c10b1945d7d2be7b	PROPOSED	HIGH	CONCENTRATION_VARIANT	data/normalized_yaml/bacterial/JCM_J475_TRYPTICASE_SOY_BROTH_AGAR.yaml	CultureMech:002824	trypticase_soy_broth_agar	data/normalized_yaml/bacterial/medium_535_modified_for_dsm_4358.yaml	CultureMech:005923	medium_535_modified_for_dsm_4358	54	4	1	124	114		Same ingredient identity signature but concentration signature differs from parent.
c10b1945d7d2be7b	PROPOSED	HIGH	CONCENTRATION_VARIANT	data/normalized_yaml/bacterial/JCM_J475_TRYPTICASE_SOY_BROTH_AGAR.yaml	CultureMech:002824	trypticase_soy_broth_agar	data/normalized_yaml/bacterial/medium_535_modified_for_dsm_43989.yaml	CultureMech:005925	medium_535_modified_for_dsm_43989	54	4	1	124	114		Same ingredient identity signature but concentration signature differs from parent.
c10b1945d7d2be7b	PROPOSED	HIGH	SUBSTITUTED_COMPONENT_VARIANT	data/normalized_yaml/bacterial/JCM_J475_TRYPTICASE_SOY_BROTH_AGAR.yaml	CultureMech:002824	trypticase_soy_broth_agar	data/normalized_yaml/bacterial/medium_535_modified_for_dsm_43989_replace_sheep_blood_with_rabbit_blood.yaml	CultureMech:005924	medium_535_modified_for_dsm_43989_replace_sheep_blood_with_rabbit_blood	54	4	1	124	114		Name suggests substituted component; verify ingredient delta against source.
c10b1945d7d2be7b	PROPOSED	HIGH	CONCENTRATION_VARIANT	data/normalized_yaml/bacterial/JCM_J475_TRYPTICASE_SOY_BROTH_AGAR.yaml	CultureMech:002824	trypticase_soy_broth_agar	data/normalized_yaml/bacterial/medium_535_modified_for_dsm_44144.yaml	CultureMech:005926	medium_535_modified_for_dsm_44144	54	4	1	124	114		Same ingredient identity signature but concentration signature differs from parent.
c10b1945d7d2be7b	PROPOSED	HIGH	CONCENTRATION_VARIANT	data/normalized_yaml/bacterial/JCM_J475_TRYPTICASE_SOY_BROTH_AGAR.yaml	CultureMech:002824	trypticase_soy_broth_agar	data/normalized_yaml/bacterial/medium_535_modified_for_dsm_44145.yaml	CultureMech:005927	medium_535_modified_for_dsm_44145	54	4	1	124	114		Same ingredient identity signature but concentration signature differs from parent.
c10b1945d7d2be7b	PROPOSED	HIGH	CONCENTRATION_VARIANT	data/normalized_yaml/bacterial/JCM_J475_TRYPTICASE_SOY_BROTH_AGAR.yaml	CultureMech:002824	trypticase_soy_broth_agar	data/normalized_yaml/bacterial/medium_535_modified_for_dsm_44172.yaml	CultureMech:005928	medium_535_modified_for_dsm_44172	54	4	1	124	114		Same ingredient identity signature but concentration signature differs from parent.
c10b1945d7d2be7b	PROPOSED	HIGH	CONCENTRATION_VARIANT	data/normalized_yaml/bacterial/JCM_J475_TRYPTICASE_SOY_BROTH_AGAR.yaml	CultureMech:002824	trypticase_soy_broth_agar	data/normalized_yaml/bacterial/medium_535_modified_for_dsm_44173.yaml	CultureMech:005929	medium_535_modified_for_dsm_44173	54	4	1	124	114		Same ingredient identity signature but concentration signature differs from parent.
c10b1945d7d2be7b	PROPOSED	HIGH	CONCENTRATION_VARIANT	data/normalized_yaml/bacterial/JCM_J475_TRYPTICASE_SOY_BROTH_AGAR.yaml	CultureMech:002824	trypticase_soy_broth_agar	data/normalized_yaml/bacterial/medium_535_modified_for_dsm_44174.yaml	CultureMech:005930	medium_535_modified_for_dsm_44174	54	4	1	124	114		Same ingredient identity signature but concentration signature differs from parent.
c10b1945d7d2be7b	PROPOSED	HIGH	CONCENTRATION_VARIANT	data/normalized_yaml/bacterial/JCM_J475_TRYPTICASE_SOY_BROTH_AGAR.yaml	CultureMech:002824	trypticase_soy_broth_agar	data/normalized_yaml/bacterial/medium_535_modified_for_dsm_44178.yaml	CultureMech:005931	medium_535_modified_for_dsm_44178	54	4	1	124	114		Same ingredient identity signature but concentration signature differs from parent.
c10b1945d7d2be7b	PROPOSED	HIGH	CONCENTRATION_VARIANT	data/normalized_yaml/bacterial/JCM_J475_TRYPTICASE_SOY_BROTH_AGAR.yaml	CultureMech:002824	trypticase_soy_broth_agar	data/normalized_yaml/bacterial/medium_535_modified_for_dsm_44180.yaml	CultureMech:005932	medium_535_modified_for_dsm_44180	54	4	1	124	114		Same ingredient identity signature but concentration signature differs from parent.
c10b1945d7d2be7b	PROPOSED	HIGH	CONCENTRATION_VARIANT	data/normalized_yaml/bacterial/JCM_J475_TRYPTICASE_SOY_BROTH_AGAR.yaml	CultureMech:002824	trypticase_soy_broth_agar	data/normalized_yaml/bacterial/medium_535_modified_for_dsm_44184.yaml	CultureMech:005933	medium_535_modified_for_dsm_44184	54	4	1	124	114		Same ingredient identity signature but concentration signature differs from parent.
c10b1945d7d2be7b	PROPOSED	HIGH	CONCENTRATION_VARIANT	data/normalized_yaml/bacterial/JCM_J475_TRYPTICASE_SOY_BROTH_AGAR.yaml	CultureMech:002824	trypticase_soy_broth_agar	data/normalized_yaml/bacterial/medium_535_modified_for_dsm_44185.yaml	CultureMech:005934	medium_535_modified_for_dsm_44185	54	4	1	124	114		Same ingredient identity signature but concentration signature differs from parent.
c10b1945d7d2be7b	PROPOSED	HIGH	CONCENTRATION_VARIANT	data/normalized_yaml/bacterial/JCM_J475_TRYPTICASE_SOY_BROTH_AGAR.yaml	CultureMech:002824	trypticase_soy_broth_agar	data/normalized_yaml/bacterial/medium_535_modified_for_dsm_44264.yaml	CultureMech:005935	medium_535_modified_for_dsm_44264	54	4	1	124	114		Same ingredient identity signature but concentration signature differs from parent.
c10b1945d7d2be7b	PROPOSED	HIGH	CONCENTRATION_VARIANT	data/normalized_yaml/bacterial/JCM_J475_TRYPTICASE_SOY_BROTH_AGAR.yaml	CultureMech:002824	trypticase_soy_broth_agar	data/normalized_yaml/bacterial/medium_535_modified_for_dsm_44265.yaml	CultureMech:005936	medium_535_modified_for_dsm_44265	54	4	1	124	114		Same ingredient identity signature but concentration signature differs from parent.
c10b1945d7d2be7b	PROPOSED	HIGH	CONCENTRATION_VARIANT	data/normalized_yaml/bacterial/JCM_J475_TRYPTICASE_SOY_BROTH_AGAR.yaml	CultureMech:002824	trypticase_soy_broth_agar	data/normalized_yaml/bacterial/medium_535_modified_for_dsm_44278.yaml	CultureMech:005937	medium_535_modified_for_dsm_44278	54	4	1	124	114		Same ingredient identity signature but concentration signature differs from parent.
c10b1945d7d2be7b	PROPOSED	HIGH	CONCENTRATION_VARIANT	data/normalized_yaml/bacterial/JCM_J475_TRYPTICASE_SOY_BROTH_AGAR.yaml	CultureMech:002824	trypticase_soy_broth_agar	data/normalized_yaml/bacterial/medium_535_modified_for_dsm_44282.yaml	CultureMech:005938	medium_535_modified_for_dsm_44282	54	4	1	124	114		Same ingredient identity signature but concentration signature differs from parent.
c10b1945d7d2be7b	PROPOSED	HIGH	CONCENTRATION_VARIANT	data/normalized_yaml/bacterial/JCM_J475_TRYPTICASE_SOY_BROTH_AGAR.yaml	CultureMech:002824	trypticase_soy_broth_agar	data/normalized_yaml/bacterial/medium_535_modified_for_dsm_44283.yaml	CultureMech:005939	medium_535_modified_for_dsm_44283	54	4	1	124	114		Same ingredient identity signature but concentration signature differs from parent.
c10b1945d7d2be7b	PROPOSED	HIGH	CONCENTRATION_VARIANT	data/normalized_yaml/bacterial/JCM_J475_TRYPTICASE_SOY_BROTH_AGAR.yaml	CultureMech:002824	trypticase_soy_broth_agar	data/normalized_yaml/bacterial/medium_535_modified_for_dsm_44284.yaml	CultureMech:005940	medium_535_modified_for_dsm_44284	54	4	1	124	114		Same ingredient identity signature but concentration signature differs from parent.
c10b1945d7d2be7b	PROPOSED	HIGH	CONCENTRATION_VARIANT	data/normalized_yaml/bacterial/JCM_J475_TRYPTICASE_SOY_BROTH_AGAR.yaml	CultureMech:002824	trypticase_soy_broth_agar	data/normalized_yaml/bacterial/medium_535_modified_for_dsm_44285.yaml	CultureMech:005941	medium_535_modified_for_dsm_44285	54	4	1	124	114		Same ingredient identity signature but concentration signature differs from parent.
c10b1945d7d2be7b	PROPOSED	HIGH	CONCENTRATION_VARIANT	data/normalized_yaml/bacterial/JCM_J475_TRYPTICASE_SOY_BROTH_AGAR.yaml	CultureMech:002824	trypticase_soy_broth_agar	data/normalized_yaml/bacterial/medium_535_modified_for_dsm_44286.yaml	CultureMech:005942	medium_535_modified_for_dsm_44286	54	4	1	124	114		Same ingredient identity signature but concentration signature differs from parent.
c10b1945d7d2be7b	PROPOSED	HIGH	CONCENTRATION_VARIANT	data/normalized_yaml/bacterial/JCM_J475_TRYPTICASE_SOY_BROTH_AGAR.yaml	CultureMech:002824	trypticase_soy_broth_agar	data/normalized_yaml/bacterial/medium_535_modified_for_dsm_44288.yaml	CultureMech:005943	medium_535_modified_for_dsm_44288	54	4	1	124	114		Same ingredient identity signature but concentration signature differs from parent.
c10b1945d7d2be7b	PROPOSED	HIGH	CONCENTRATION_VARIANT	data/normalized_yaml/bacterial/JCM_J475_TRYPTICASE_SOY_BROTH_AGAR.yaml	CultureMech:002824	trypticase_soy_broth_agar	data/normalized_yaml/bacterial/medium_535_modified_for_dsm_44289.yaml	CultureMech:005944	medium_535_modified_for_dsm_44289	54	4	1	124	114		Same ingredient identity signature but concentration signature differs from parent.
c10b1945d7d2be7b	PROPOSED	HIGH	CONCENTRATION_VARIANT	data/normalized_yaml/bacterial/JCM_J475_TRYPTICASE_SOY_BROTH_AGAR.yaml	CultureMech:002824	trypticase_soy_broth_agar	data/normalized_yaml/bacterial/medium_535_modified_for_dsm_44290.yaml	CultureMech:005945	medium_535_modified_for_dsm_44290	54	4	1	124	114		Same ingredient identity signature but concentration signature differs from parent.
c10b1945d7d2be7b	PROPOSED	HIGH	CONCENTRATION_VARIANT	data/normalized_yaml/bacterial/JCM_J475_TRYPTICASE_SOY_BROTH_AGAR.yaml	CultureMech:002824	trypticase_soy_broth_agar	data/normalized_yaml/bacterial/medium_535_modified_for_dsm_44326.yaml	CultureMech:005946	medium_535_modified_for_dsm_44326	54	4	1	124	114		Same ingredient identity signature but concentration signature differs from parent.
c10b1945d7d2be7b	PROPOSED	HIGH	CONCENTRATION_VARIANT	data/normalized_yaml/bacterial/JCM_J475_TRYPTICASE_SOY_BROTH_AGAR.yaml	CultureMech:002824	trypticase_soy_broth_agar	data/normalized_yaml/bacterial/medium_535_modified_for_dsm_44392.yaml	CultureMech:005947	medium_535_modified_for_dsm_44392	54	4	1	124	114		Same ingredient identity signature but concentration signature differs from parent.
c10b1945d7d2be7b	PROPOSED	HIGH	CONCENTRATION_VARIANT	data/normalized_yaml/bacterial/JCM_J475_TRYPTICASE_SOY_BROTH_AGAR.yaml	CultureMech:002824	trypticase_soy_broth_agar	data/normalized_yaml/bacterial/medium_535_modified_for_dsm_44415.yaml	CultureMech:005948	medium_535_modified_for_dsm_44415	54	4	1	124	114		Same ingredient identity signature but concentration signature differs from parent.
c10b1945d7d2be7b	PROPOSED	HIGH	CONCENTRATION_VARIANT	data/normalized_yaml/bacterial/JCM_J475_TRYPTICASE_SOY_BROTH_AGAR.yaml	CultureMech:002824	trypticase_soy_broth_agar	data/normalized_yaml/bacterial/medium_535_modified_for_dsm_44416.yaml	CultureMech:005949	medium_535_modified_for_dsm_44416	54	4	1	124	114		Same ingredient identity signature but concentration signature differs from parent.
c10b1945d7d2be7b	PROPOSED	HIGH	CONCENTRATION_VARIANT	data/normalized_yaml/bacterial/JCM_J475_TRYPTICASE_SOY_BROTH_AGAR.yaml	CultureMech:002824	trypticase_soy_broth_agar	data/normalized_yaml/bacterial/medium_535_modified_for_dsm_44531.yaml	CultureMech:005950	medium_535_modified_for_dsm_44531	54	4	1	124	114		Same ingredient identity signature but concentration signature differs from parent.
c10b1945d7d2be7b	PROPOSED	HIGH	CONCENTRATION_VARIANT	data/normalized_yaml/bacterial/JCM_J475_TRYPTICASE_SOY_BROTH_AGAR.yaml	CultureMech:002824	trypticase_soy_broth_agar	data/normalized_yaml/bacterial/medium_535_modified_for_dsm_44612.yaml	CultureMech:005951	medium_535_modified_for_dsm_44612	54	4	1	124	114		Same ingredient identity signature but concentration signature differs from parent.
c10b1945d7d2be7b	PROPOSED	HIGH	CONCENTRATION_VARIANT	data/normalized_yaml/bacterial/JCM_J475_TRYPTICASE_SOY_BROTH_AGAR.yaml	CultureMech:002824	trypticase_soy_broth_agar	data/normalized_yaml/bacterial/medium_535_modified_for_dsm_44694.yaml	CultureMech:005952	medium_535_modified_for_dsm_44694	54	4	1	124	114		Same ingredient identity signature but concentration signature differs from parent.
c10b1945d7d2be7b	PROPOSED	HIGH	CONCENTRATION_VARIANT	data/normalized_yaml/bacterial/JCM_J475_TRYPTICASE_SOY_BROTH_AGAR.yaml	CultureMech:002824	trypticase_soy_broth_agar	data/normalized_yaml/bacterial/medium_535_modified_for_dsm_44695.yaml	CultureMech:005953	medium_535_modified_for_dsm_44695	54	4	1	124	114		Same ingredient identity signature but concentration signature differs from parent.
c10b1945d7d2be7b	PROPOSED	HIGH	CONCENTRATION_VARIANT	data/normalized_yaml/bacterial/JCM_J475_TRYPTICASE_SOY_BROTH_AGAR.yaml	CultureMech:002824	trypticase_soy_broth_agar	data/normalized_yaml/bacterial/medium_535_modified_for_dsm_44696.yaml	CultureMech:005954	medium_535_modified_for_dsm_44696	54	4	1	124	114		Same ingredient identity signature but concentration signature differs from parent.
c10b1945d7d2be7b	PROPOSED	HIGH	CONCENTRATION_VARIANT	data/normalized_yaml/bacterial/JCM_J475_TRYPTICASE_SOY_BROTH_AGAR.yaml	CultureMech:002824	trypticase_soy_broth_agar	data/normalized_yaml/bacterial/medium_535_modified_for_dsm_44719.yaml	CultureMech:005955	medium_535_modified_for_dsm_44719	54	4	1	124	114		Same ingredient identity signature but concentration signature differs from parent.
c10b1945d7d2be7b	PROPOSED	HIGH	CONCENTRATION_VARIANT	data/normalized_yaml/bacterial/JCM_J475_TRYPTICASE_SOY_BROTH_AGAR.yaml	CultureMech:002824	trypticase_soy_broth_agar	data/normalized_yaml/bacterial/medium_535_modified_for_dsm_44791.yaml	CultureMech:005956	medium_535_modified_for_dsm_44791	54	4	1	124	114		Same ingredient identity signature but concentration signature differs from parent.
c10b1945d7d2be7b	PROPOSED	HIGH	CONCENTRATION_VARIANT	data/normalized_yaml/bacterial/JCM_J475_TRYPTICASE_SOY_BROTH_AGAR.yaml	CultureMech:002824	trypticase_soy_broth_agar	data/normalized_yaml/bacterial/medium_535_modified_for_dsm_44792.yaml	CultureMech:005957	medium_535_modified_for_dsm_44792	54	4	1	124	114		Same ingredient identity signature but concentration signature differs from parent.
c10b1945d7d2be7b	PROPOSED	HIGH	CONCENTRATION_VARIANT	data/normalized_yaml/bacterial/JCM_J475_TRYPTICASE_SOY_BROTH_AGAR.yaml	CultureMech:002824	trypticase_soy_broth_agar	data/normalized_yaml/bacterial/medium_535_modified_for_dsm_8225.yaml	CultureMech:005958	medium_535_modified_for_dsm_8225	54	4	1	124	114		Same ingredient identity signature but concentration signature differs from parent.
c10b1945d7d2be7b	PROPOSED	HIGH	CONCENTRATION_VARIANT	data/normalized_yaml/bacterial/JCM_J475_TRYPTICASE_SOY_BROTH_AGAR.yaml	CultureMech:002824	trypticase_soy_broth_agar	data/normalized_yaml/bacterial/medium_535a_modified_for_dsm_44283.yaml	CultureMech:005960	medium_535a_modified_for_dsm_44283	54	4	1	124	114		Same ingredient identity signature but concentration signature differs from parent.
c10b1945d7d2be7b	PROPOSED	HIGH	CONCENTRATION_VARIANT	data/normalized_yaml/bacterial/JCM_J475_TRYPTICASE_SOY_BROTH_AGAR.yaml	CultureMech:002824	trypticase_soy_broth_agar	data/normalized_yaml/bacterial/trypticase_soy_broth_agar.yaml	CultureMech:001665	trypticase_soy_broth_agar	54	4	1	124	114		Same ingredient identity signature but concentration signature differs from parent.
efb837d6c1b0a001	PROPOSED	HIGH	SUBSTITUTED_COMPONENT_VARIANT	data/normalized_yaml/bacterial/KOMODO_830_R2A_medium.yaml	CultureMech:006618	r2a_medium	data/normalized_yaml/bacterial/medium_830_modified_for_dsm_22489_replace_glucose_with_fructose.yaml	CultureMech:006607	medium_830_modified_for_dsm_22489_replace_glucose_with_fructose	54	1	1	142	132		Name suggests substituted component; verify ingredient delta against source.
a2c0e5eb0320cb58	PROPOSED	HIGH	CONCENTRATION_VARIANT	data/normalized_yaml/bacterial/KOMODO_547_ISP_medium_4.yaml	CultureMech:005991	isp_medium_4	data/normalized_yaml/bacterial/medium_252_modified_for_dsm_41399.yaml	CultureMech:004624	medium_252_modified_for_dsm_41399	35	2	1	145	135		Same ingredient identity signature but concentration signature differs from parent.
a2c0e5eb0320cb58	PROPOSED	HIGH	CONCENTRATION_VARIANT	data/normalized_yaml/bacterial/KOMODO_547_ISP_medium_4.yaml	CultureMech:005991	isp_medium_4	data/normalized_yaml/bacterial/medium_252_modified_for_dsm_41400.yaml	CultureMech:004625	medium_252_modified_for_dsm_41400	35	2	1	145	135		Same ingredient identity signature but concentration signature differs from parent.
a2c0e5eb0320cb58	PROPOSED	HIGH	CONCENTRATION_VARIANT	data/normalized_yaml/bacterial/KOMODO_547_ISP_medium_4.yaml	CultureMech:005991	isp_medium_4	data/normalized_yaml/bacterial/medium_252_modified_for_dsm_41403.yaml	CultureMech:004626	medium_252_modified_for_dsm_41403	35	2	1	145	135		Same ingredient identity signature but concentration signature differs from parent.
a2c0e5eb0320cb58	PROPOSED	HIGH	CONCENTRATION_VARIANT	data/normalized_yaml/bacterial/KOMODO_547_ISP_medium_4.yaml	CultureMech:005991	isp_medium_4	data/normalized_yaml/bacterial/medium_252_modified_for_dsm_41404.yaml	CultureMech:004627	medium_252_modified_for_dsm_41404	35	2	1	145	135		Same ingredient identity signature but concentration signature differs from parent.
a2c0e5eb0320cb58	PROPOSED	HIGH	CONCENTRATION_VARIANT	data/normalized_yaml/bacterial/KOMODO_547_ISP_medium_4.yaml	CultureMech:005991	isp_medium_4	data/normalized_yaml/bacterial/medium_252_modified_for_dsm_41405.yaml	CultureMech:004628	medium_252_modified_for_dsm_41405	35	2	1	145	135		Same ingredient identity signature but concentration signature differs from parent.
a2c0e5eb0320cb58	PROPOSED	HIGH	CONCENTRATION_VARIANT	data/normalized_yaml/bacterial/KOMODO_547_ISP_medium_4.yaml	CultureMech:005991	isp_medium_4	data/normalized_yaml/bacterial/medium_252_modified_for_dsm_41406.yaml	CultureMech:004629	medium_252_modified_for_dsm_41406	35	2	1	145	135		Same ingredient identity signature but concentration signature differs from parent.
a2c0e5eb0320cb58	PROPOSED	HIGH	CONCENTRATION_VARIANT	data/normalized_yaml/bacterial/KOMODO_547_ISP_medium_4.yaml	CultureMech:005991	isp_medium_4	data/normalized_yaml/bacterial/medium_252_modified_for_dsm_41407.yaml	CultureMech:004630	medium_252_modified_for_dsm_41407	35	2	1	145	135		Same ingredient identity signature but concentration signature differs from parent.
a2c0e5eb0320cb58	PROPOSED	HIGH	CONCENTRATION_VARIANT	data/normalized_yaml/bacterial/KOMODO_547_ISP_medium_4.yaml	CultureMech:005991	isp_medium_4	data/normalized_yaml/bacterial/medium_252_modified_for_dsm_41408.yaml	CultureMech:004631	medium_252_modified_for_dsm_41408	35	2	1	145	135		Same ingredient identity signature but concentration signature differs from parent.
a2c0e5eb0320cb58	PROPOSED	HIGH	CONCENTRATION_VARIANT	data/normalized_yaml/bacterial/KOMODO_547_ISP_medium_4.yaml	CultureMech:005991	isp_medium_4	data/normalized_yaml/bacterial/medium_252_modified_for_dsm_41410.yaml	CultureMech:004632	medium_252_modified_for_dsm_41410	35	2	1	145	135		Same ingredient identity signature but concentration signature differs from parent.
a2c0e5eb0320cb58	PROPOSED	HIGH	CONCENTRATION_VARIANT	data/normalized_yaml/bacterial/KOMODO_547_ISP_medium_4.yaml	CultureMech:005991	isp_medium_4	data/normalized_yaml/bacterial/medium_252_modified_for_dsm_41411.yaml	CultureMech:004633	medium_252_modified_for_dsm_41411	35	2	1	145	135		Same ingredient identity signature but concentration signature differs from parent.
a2c0e5eb0320cb58	PROPOSED	HIGH	CONCENTRATION_VARIANT	data/normalized_yaml/bacterial/KOMODO_547_ISP_medium_4.yaml	CultureMech:005991	isp_medium_4	data/normalized_yaml/bacterial/medium_252_modified_for_dsm_41412.yaml	CultureMech:004634	medium_252_modified_for_dsm_41412	35	2	1	145	135		Same ingredient identity signature but concentration signature differs from parent.
a2c0e5eb0320cb58	PROPOSED	HIGH	CONCENTRATION_VARIANT	data/normalized_yaml/bacterial/KOMODO_547_ISP_medium_4.yaml	CultureMech:005991	isp_medium_4	data/normalized_yaml/bacterial/medium_252_modified_for_dsm_41413.yaml	CultureMech:004635	medium_252_modified_for_dsm_41413	35	2	1	145	135		Same ingredient identity signature but concentration signature differs from parent.
a2c0e5eb0320cb58	PROPOSED	HIGH	CONCENTRATION_VARIANT	data/normalized_yaml/bacterial/KOMODO_547_ISP_medium_4.yaml	CultureMech:005991	isp_medium_4	data/normalized_yaml/bacterial/medium_252_modified_for_dsm_41415.yaml	CultureMech:004636	medium_252_modified_for_dsm_41415	35	2	1	145	135		Same ingredient identity signature but concentration signature differs from parent.
a2c0e5eb0320cb58	PROPOSED	HIGH	CONCENTRATION_VARIANT	data/normalized_yaml/bacterial/KOMODO_547_ISP_medium_4.yaml	CultureMech:005991	isp_medium_4	data/normalized_yaml/bacterial/medium_252_modified_for_dsm_41416.yaml	CultureMech:004637	medium_252_modified_for_dsm_41416	35	2	1	145	135		Same ingredient identity signature but concentration signature differs from parent.
a2c0e5eb0320cb58	PROPOSED	HIGH	CONCENTRATION_VARIANT	data/normalized_yaml/bacterial/KOMODO_547_ISP_medium_4.yaml	CultureMech:005991	isp_medium_4	data/normalized_yaml/bacterial/medium_252_modified_for_dsm_41417.yaml	CultureMech:004638	medium_252_modified_for_dsm_41417	35	2	1	145	135		Same ingredient identity signature but concentration signature differs from parent.
a2c0e5eb0320cb58	PROPOSED	HIGH	CONCENTRATION_VARIANT	data/normalized_yaml/bacterial/KOMODO_547_ISP_medium_4.yaml	CultureMech:005991	isp_medium_4	data/normalized_yaml/bacterial/medium_252_modified_for_dsm_41418.yaml	CultureMech:004639	medium_252_modified_for_dsm_41418	35	2	1	145	135		Same ingredient identity signature but concentration signature differs from parent.
a2c0e5eb0320cb58	PROPOSED	HIGH	CONCENTRATION_VARIANT	data/normalized_yaml/bacterial/KOMODO_547_ISP_medium_4.yaml	CultureMech:005991	isp_medium_4	data/normalized_yaml/bacterial/medium_252_modified_for_dsm_41419.yaml	CultureMech:004640	medium_252_modified_for_dsm_41419	35	2	1	145	135		Same ingredient identity signature but concentration signature differs from parent.
a2c0e5eb0320cb58	PROPOSED	HIGH	CONCENTRATION_VARIANT	data/normalized_yaml/bacterial/KOMODO_547_ISP_medium_4.yaml	CultureMech:005991	isp_medium_4	data/normalized_yaml/bacterial/medium_252_modified_for_dsm_41420.yaml	CultureMech:004641	medium_252_modified_for_dsm_41420	35	2	1	145	135		Same ingredient identity signature but concentration signature differs from parent.
a2c0e5eb0320cb58	PROPOSED	HIGH	CONCENTRATION_VARIANT	data/normalized_yaml/bacterial/KOMODO_547_ISP_medium_4.yaml	CultureMech:005991	isp_medium_4	data/normalized_yaml/bacterial/medium_252_modified_for_dsm_41877.yaml	CultureMech:004642	medium_252_modified_for_dsm_41877	35	2	1	145	135		Same ingredient identity signature but concentration signature differs from parent.
a2c0e5eb0320cb58	PROPOSED	HIGH	CONCENTRATION_VARIANT	data/normalized_yaml/bacterial/KOMODO_547_ISP_medium_4.yaml	CultureMech:005991	isp_medium_4	data/normalized_yaml/bacterial/medium_252_modified_for_dsm_44410.yaml	CultureMech:004643	medium_252_modified_for_dsm_44410	35	2	1	145	135		Same ingredient identity signature but concentration signature differs from parent.
a2c0e5eb0320cb58	PROPOSED	HIGH	CONCENTRATION_VARIANT	data/normalized_yaml/bacterial/KOMODO_547_ISP_medium_4.yaml	CultureMech:005991	isp_medium_4	data/normalized_yaml/bacterial/medium_252_modified_for_dsm_44964.yaml	CultureMech:004644	medium_252_modified_for_dsm_44964	35	2	1	145	135		Same ingredient identity signature but concentration signature differs from parent.
a2c0e5eb0320cb58	PROPOSED	HIGH	CONCENTRATION_VARIANT	data/normalized_yaml/bacterial/KOMODO_547_ISP_medium_4.yaml	CultureMech:005991	isp_medium_4	data/normalized_yaml/bacterial/medium_252_modified_for_dsm_45004.yaml	CultureMech:004645	medium_252_modified_for_dsm_45004	35	2	1	145	135		Same ingredient identity signature but concentration signature differs from parent.
a2c0e5eb0320cb58	PROPOSED	HIGH	CONCENTRATION_VARIANT	data/normalized_yaml/bacterial/KOMODO_547_ISP_medium_4.yaml	CultureMech:005991	isp_medium_4	data/normalized_yaml/bacterial/medium_252_modified_for_dsm_45007.yaml	CultureMech:004646	medium_252_modified_for_dsm_45007	35	2	1	145	135		Same ingredient identity signature but concentration signature differs from parent.
a2c0e5eb0320cb58	PROPOSED	HIGH	CONCENTRATION_VARIANT	data/normalized_yaml/bacterial/KOMODO_547_ISP_medium_4.yaml	CultureMech:005991	isp_medium_4	data/normalized_yaml/bacterial/medium_252_modified_for_dsm_45009.yaml	CultureMech:004647	medium_252_modified_for_dsm_45009	35	2	1	145	135		Same ingredient identity signature but concentration signature differs from parent.
a2c0e5eb0320cb58	PROPOSED	HIGH	CONCENTRATION_VARIANT	data/normalized_yaml/bacterial/KOMODO_547_ISP_medium_4.yaml	CultureMech:005991	isp_medium_4	data/normalized_yaml/bacterial/medium_252_modified_for_dsm_45012.yaml	CultureMech:004648	medium_252_modified_for_dsm_45012	35	2	1	145	135		Same ingredient identity signature but concentration signature differs from parent.
a2c0e5eb0320cb58	PROPOSED	HIGH	CONCENTRATION_VARIANT	data/normalized_yaml/bacterial/KOMODO_547_ISP_medium_4.yaml	CultureMech:005991	isp_medium_4	data/normalized_yaml/bacterial/medium_252_modified_for_dsm_45015.yaml	CultureMech:004649	medium_252_modified_for_dsm_45015	35	2	1	145	135		Same ingredient identity signature but concentration signature differs from parent.
a2c0e5eb0320cb58	PROPOSED	HIGH	CONCENTRATION_VARIANT	data/normalized_yaml/bacterial/KOMODO_547_ISP_medium_4.yaml	CultureMech:005991	isp_medium_4	data/normalized_yaml/bacterial/medium_252_modified_for_dsm_45017.yaml	CultureMech:004650	medium_252_modified_for_dsm_45017	35	2	1	145	135		Same ingredient identity signature but concentration signature differs from parent.
a2c0e5eb0320cb58	PROPOSED	HIGH	CONCENTRATION_VARIANT	data/normalized_yaml/bacterial/KOMODO_547_ISP_medium_4.yaml	CultureMech:005991	isp_medium_4	data/normalized_yaml/bacterial/medium_252_modified_for_dsm_45088.yaml	CultureMech:004651	medium_252_modified_for_dsm_45088	35	2	1	145	135		Same ingredient identity signature but concentration signature differs from parent.
a2c0e5eb0320cb58	PROPOSED	HIGH	CONCENTRATION_VARIANT	data/normalized_yaml/bacterial/KOMODO_547_ISP_medium_4.yaml	CultureMech:005991	isp_medium_4	data/normalized_yaml/bacterial/medium_252_modified_for_dsm_45210.yaml	CultureMech:004652	medium_252_modified_for_dsm_45210	35	2	1	145	135		Same ingredient identity signature but concentration signature differs from parent.
a2c0e5eb0320cb58	PROPOSED	HIGH	CONCENTRATION_VARIANT	data/normalized_yaml/bacterial/KOMODO_547_ISP_medium_4.yaml	CultureMech:005991	isp_medium_4	data/normalized_yaml/bacterial/medium_252_modified_for_dsm_45211.yaml	CultureMech:004653	medium_252_modified_for_dsm_45211	35	2	1	145	135		Same ingredient identity signature but concentration signature differs from parent.
a4c0383e20cc30e4	PROPOSED	HIGH	SOURCE_DUPLICATE	data/normalized_yaml/bacterial/KOMODO_383d_DESULFONAUTICUS_medium.yaml	CultureMech:005159	desulfonauticus_medium	data/normalized_yaml/bacterial/desulfobacula_toluolica_medium.yaml	CultureMech:005157	desulfobacula_toluolica_medium	31	1	1	149	139		Same ingredient and concentration signature; review as possible duplicate source record.
a4c0383e20cc30e4	PROPOSED	HIGH	DERIVED_FROM	data/normalized_yaml/bacterial/KOMODO_383d_DESULFONAUTICUS_medium.yaml	CultureMech:005159	desulfonauticus_medium	data/normalized_yaml/bacterial/desulfonauticus_medium.yaml	CultureMech:001491	desulfonauticus_medium	31	1	1	149	139		Candidate child formulation requires source/formulation review.
a4c0383e20cc30e4	PROPOSED	HIGH	SOURCE_DUPLICATE	data/normalized_yaml/bacterial/KOMODO_383d_DESULFONAUTICUS_medium.yaml	CultureMech:005159	desulfonauticus_medium	data/normalized_yaml/bacterial/desulfovibrio_sax_medium.yaml	CultureMech:005156	desulfovibrio_sax_medium	31	1	1	149	139		Same ingredient and concentration signature; review as possible duplicate source record.
a4c0383e20cc30e4	PROPOSED	HIGH	SOURCE_DUPLICATE	data/normalized_yaml/bacterial/KOMODO_383d_DESULFONAUTICUS_medium.yaml	CultureMech:005159	desulfonauticus_medium	data/normalized_yaml/bacterial/desulfovibrio_zosterae_medium.yaml	CultureMech:005158	desulfovibrio_zosterae_medium	31	1	1	149	139		Same ingredient and concentration signature; review as possible duplicate source record.
a4c0383e20cc30e4	PROPOSED	HIGH	SOURCE_DUPLICATE	data/normalized_yaml/bacterial/KOMODO_383d_DESULFONAUTICUS_medium.yaml	CultureMech:005159	desulfonauticus_medium	data/normalized_yaml/bacterial/for_dsm_12861_and_dsm_12883.yaml	CultureMech:005149	for_dsm_12861_and_dsm_12883	31	1	1	149	139		Same ingredient and concentration signature; review as possible duplicate source record.
a4c0383e20cc30e4	PROPOSED	HIGH	SOURCE_DUPLICATE	data/normalized_yaml/bacterial/KOMODO_383d_DESULFONAUTICUS_medium.yaml	CultureMech:005159	desulfonauticus_medium	data/normalized_yaml/bacterial/for_dsm_12888.yaml	CultureMech:005151	for_dsm_12888	31	1	1	149	139		Same ingredient and concentration signature; review as possible duplicate source record.
a4c0383e20cc30e4	PROPOSED	HIGH	SOURCE_DUPLICATE	data/normalized_yaml/bacterial/KOMODO_383d_DESULFONAUTICUS_medium.yaml	CultureMech:005159	desulfonauticus_medium	data/normalized_yaml/bacterial/for_dsm_14367_dsm_15579_dsm_15816_dsm_19338_dsm_22027.yaml	CultureMech:005153	for_dsm_14367_dsm_15579_dsm_15816_dsm_19338_dsm_22027	31	1	1	149	139		Same ingredient and concentration signature; review as possible duplicate source record.
a4c0383e20cc30e4	PROPOSED	HIGH	SOURCE_DUPLICATE	data/normalized_yaml/bacterial/KOMODO_383d_DESULFONAUTICUS_medium.yaml	CultureMech:005159	desulfonauticus_medium	data/normalized_yaml/bacterial/for_dsm_14454.yaml	CultureMech:005142	for_dsm_14454	31	1	1	149	139		Same ingredient and concentration signature; review as possible duplicate source record.
a4c0383e20cc30e4	PROPOSED	HIGH	SOURCE_DUPLICATE	data/normalized_yaml/bacterial/KOMODO_383d_DESULFONAUTICUS_medium.yaml	CultureMech:005159	desulfonauticus_medium	data/normalized_yaml/bacterial/for_dsm_14728.yaml	CultureMech:005134	for_dsm_14728	31	1	1	149	139		Same ingredient and concentration signature; review as possible duplicate source record.
a4c0383e20cc30e4	PROPOSED	HIGH	SOURCE_DUPLICATE	data/normalized_yaml/bacterial/KOMODO_383d_DESULFONAUTICUS_medium.yaml	CultureMech:005159	desulfonauticus_medium	data/normalized_yaml/bacterial/for_dsm_14982.yaml	CultureMech:005135	for_dsm_14982	31	1	1	149	139		Same ingredient and concentration signature; review as possible duplicate source record.
a4c0383e20cc30e4	PROPOSED	HIGH	SOURCE_DUPLICATE	data/normalized_yaml/bacterial/KOMODO_383d_DESULFONAUTICUS_medium.yaml	CultureMech:005159	desulfonauticus_medium	data/normalized_yaml/bacterial/for_dsm_15286_and_dsm_21156.yaml	CultureMech:005136	for_dsm_15286_and_dsm_21156	31	1	1	149	139		Same ingredient and concentration signature; review as possible duplicate source record.
a4c0383e20cc30e4	PROPOSED	HIGH	SOURCE_DUPLICATE	data/normalized_yaml/bacterial/KOMODO_383d_DESULFONAUTICUS_medium.yaml	CultureMech:005159	desulfonauticus_medium	data/normalized_yaml/bacterial/for_dsm_16109_and_dsm_17464.yaml	CultureMech:005137	for_dsm_16109_and_dsm_17464	31	1	1	149	139		Same ingredient and concentration signature; review as possible duplicate source record.
a4c0383e20cc30e4	PROPOSED	HIGH	SOURCE_DUPLICATE	data/normalized_yaml/bacterial/KOMODO_383d_DESULFONAUTICUS_medium.yaml	CultureMech:005159	desulfonauticus_medium	data/normalized_yaml/bacterial/for_dsm_17291.yaml	CultureMech:005138	for_dsm_17291	31	1	1	149	139		Same ingredient and concentration signature; review as possible duplicate source record.
a4c0383e20cc30e4	PROPOSED	HIGH	SOURCE_DUPLICATE	data/normalized_yaml/bacterial/KOMODO_383d_DESULFONAUTICUS_medium.yaml	CultureMech:005159	desulfonauticus_medium	data/normalized_yaml/bacterial/for_dsm_17477.yaml	CultureMech:005139	for_dsm_17477	31	1	1	149	139		Same ingredient and concentration signature; review as possible duplicate source record.
a4c0383e20cc30e4	PROPOSED	HIGH	SOURCE_DUPLICATE	data/normalized_yaml/bacterial/KOMODO_383d_DESULFONAUTICUS_medium.yaml	CultureMech:005159	desulfonauticus_medium	data/normalized_yaml/bacterial/for_dsm_18378_and_dsm_18379.yaml	CultureMech:005140	for_dsm_18378_and_dsm_18379	31	1	1	149	139		Same ingredient and concentration signature; review as possible duplicate source record.
a4c0383e20cc30e4	PROPOSED	HIGH	SOURCE_DUPLICATE	data/normalized_yaml/bacterial/KOMODO_383d_DESULFONAUTICUS_medium.yaml	CultureMech:005159	desulfonauticus_medium	data/normalized_yaml/bacterial/for_dsm_18732.yaml	CultureMech:005155	for_dsm_18732	31	1	1	149	139		Same ingredient and concentration signature; review as possible duplicate source record.
a4c0383e20cc30e4	PROPOSED	HIGH	SOURCE_DUPLICATE	data/normalized_yaml/bacterial/KOMODO_383d_DESULFONAUTICUS_medium.yaml	CultureMech:005159	desulfonauticus_medium	data/normalized_yaml/bacterial/for_dsm_3379_dsm_3380_dsm_3381.yaml	CultureMech:005141	for_dsm_3379_dsm_3380_dsm_3381	31	1	1	149	139		Same ingredient and concentration signature; review as possible duplicate source record.
a4c0383e20cc30e4	PROPOSED	HIGH	SOURCE_DUPLICATE	data/normalized_yaml/bacterial/KOMODO_383d_DESULFONAUTICUS_medium.yaml	CultureMech:005159	desulfonauticus_medium	data/normalized_yaml/bacterial/for_dsm_3382.yaml	CultureMech:005143	for_dsm_3382	31	1	1	149	139		Same ingredient and concentration signature; review as possible duplicate source record.
a4c0383e20cc30e4	PROPOSED	HIGH	SOURCE_DUPLICATE	data/normalized_yaml/bacterial/KOMODO_383d_DESULFONAUTICUS_medium.yaml	CultureMech:005159	desulfonauticus_medium	data/normalized_yaml/bacterial/for_dsm_3383.yaml	CultureMech:005144	for_dsm_3383	31	1	1	149	139		Same ingredient and concentration signature; review as possible duplicate source record.
a4c0383e20cc30e4	PROPOSED	HIGH	SOURCE_DUPLICATE	data/normalized_yaml/bacterial/KOMODO_383d_DESULFONAUTICUS_medium.yaml	CultureMech:005159	desulfonauticus_medium	data/normalized_yaml/bacterial/for_dsm_3384.yaml	CultureMech:005145	for_dsm_3384	31	1	1	149	139		Same ingredient and concentration signature; review as possible duplicate source record.
a4c0383e20cc30e4	PROPOSED	HIGH	SOURCE_DUPLICATE	data/normalized_yaml/bacterial/KOMODO_383d_DESULFONAUTICUS_medium.yaml	CultureMech:005159	desulfonauticus_medium	data/normalized_yaml/bacterial/for_dsm_3385.yaml	CultureMech:005146	for_dsm_3385	31	1	1	149	139		Same ingredient and concentration signature; review as possible duplicate source record.
a4c0383e20cc30e4	PROPOSED	HIGH	SOURCE_DUPLICATE	data/normalized_yaml/bacterial/KOMODO_383d_DESULFONAUTICUS_medium.yaml	CultureMech:005159	desulfonauticus_medium	data/normalized_yaml/bacterial/for_dsm_8541.yaml	CultureMech:005147	for_dsm_8541	31	1	1	149	139		Same ingredient and concentration signature; review as possible duplicate source record.
a4c0383e20cc30e4	PROPOSED	HIGH	SOURCE_DUPLICATE	data/normalized_yaml/bacterial/KOMODO_383d_DESULFONAUTICUS_medium.yaml	CultureMech:005159	desulfonauticus_medium	data/normalized_yaml/bacterial/for_dsm_9120_dsm_17456_and_dsm_19275.yaml	CultureMech:005148	for_dsm_9120_dsm_17456_and_dsm_19275	31	1	1	149	139		Same ingredient and concentration signature; review as possible duplicate source record.
a4c0383e20cc30e4	PROPOSED	HIGH	SOURCE_DUPLICATE	data/normalized_yaml/bacterial/KOMODO_383d_DESULFONAUTICUS_medium.yaml	CultureMech:005159	desulfonauticus_medium	data/normalized_yaml/bacterial/medium_383_modified_for_dsm_10085.yaml	CultureMech:005130	medium_383_modified_for_dsm_10085	31	1	1	149	139		Same ingredient and concentration signature; review as possible duplicate source record.
a4c0383e20cc30e4	PROPOSED	HIGH	SOURCE_DUPLICATE	data/normalized_yaml/bacterial/KOMODO_383d_DESULFONAUTICUS_medium.yaml	CultureMech:005159	desulfonauticus_medium	data/normalized_yaml/bacterial/medium_383_modified_for_dsm_10141.yaml	CultureMech:005131	medium_383_modified_for_dsm_10141	31	1	1	149	139		Same ingredient and concentration signature; review as possible duplicate source record.
a4c0383e20cc30e4	PROPOSED	HIGH	SOURCE_DUPLICATE	data/normalized_yaml/bacterial/KOMODO_383d_DESULFONAUTICUS_medium.yaml	CultureMech:005159	desulfonauticus_medium	data/normalized_yaml/bacterial/medium_383_modified_for_dsm_10259.yaml	CultureMech:005132	medium_383_modified_for_dsm_10259	31	1	1	149	139		Same ingredient and concentration signature; review as possible duplicate source record.
a4c0383e20cc30e4	PROPOSED	HIGH	SOURCE_DUPLICATE	data/normalized_yaml/bacterial/KOMODO_383d_DESULFONAUTICUS_medium.yaml	CultureMech:005159	desulfonauticus_medium	data/normalized_yaml/bacterial/medium_383_modified_for_dsm_11384.yaml	CultureMech:005133	medium_383_modified_for_dsm_11384	31	1	1	149	139		Same ingredient and concentration signature; review as possible duplicate source record.
a4c0383e20cc30e4	PROPOSED	HIGH	SOURCE_DUPLICATE	data/normalized_yaml/bacterial/KOMODO_383d_DESULFONAUTICUS_medium.yaml	CultureMech:005159	desulfonauticus_medium	data/normalized_yaml/bacterial/medium_383_modified_for_dsm_8540.yaml	CultureMech:005150	medium_383_modified_for_dsm_8540	31	1	1	149	139		Same ingredient and concentration signature; review as possible duplicate source record.
a4c0383e20cc30e4	PROPOSED	HIGH	SOURCE_DUPLICATE	data/normalized_yaml/bacterial/KOMODO_383d_DESULFONAUTICUS_medium.yaml	CultureMech:005159	desulfonauticus_medium	data/normalized_yaml/bacterial/medium_383_modified_for_dsm_9755.yaml	CultureMech:005152	medium_383_modified_for_dsm_9755	31	1	1	149	139		Same ingredient and concentration signature; review as possible duplicate source record.
563cf81fb580cf1f	PROPOSED	HIGH	SUPPLEMENTED_VARIANT	data/normalized_yaml/bacterial/KOMODO_92a_MODIFIED_medium_92.yaml	CultureMech:006849	modified_medium_92	data/normalized_yaml/bacterial/trypticase_soy_yeast_extract_medium.yaml	CultureMech:006848	trypticase_soy_yeast_extract_medium	28	1	1	121	111		Name suggests added supplement/component; verify ingredient delta against source.
3672495d6d72e9f5	PROPOSED	HIGH	SUBSTITUTED_COMPONENT_VARIANT	data/normalized_yaml/bacterial/KOMODO_110_CHOPPED_MEAT_medium_WITH_CARBOHYDRATES.yaml	CultureMech:003811	chopped_meat_medium_with_carbohydrates	data/normalized_yaml/bacterial/medium_110_modified_for_dsm_3376_replace_rumen_fluid_with_sludge_fluid.yaml	CultureMech:003793	medium_110_modified_for_dsm_3376_replace_rumen_fluid_with_sludge_fluid	24	1	1	138	128		Name suggests substituted component; verify ingredient delta against source.
7c0244d28953d65d	PROPOSED	HIGH	SUPPLEMENTED_VARIANT	data/normalized_yaml/bacterial/KOMODO_462a_PLATES_WITH_FLUORANTHENE.yaml	CultureMech:005506	plates_with_fluoranthene	data/normalized_yaml/bacterial/KOMODO_462_MINERAL_MEDIUM_BRUNNER_WITH_VITAMINS.yaml	CultureMech:005501	mineral_medium_brunner_with_vitamins	24	1	1	139	139		Name suggests added supplement/component; verify ingredient delta against source.
4f78bde6cd812daa	PROPOSED	HIGH	DERIVED_FROM	data/normalized_yaml/bacterial/KOMODO_402_ALICYCLOBACILLUS_medium.yaml	CultureMech:005217	alicyclobacillus_medium	data/normalized_yaml/bacterial/alicyclobacillus_medium.yaml	CultureMech:001512	alicyclobacillus_medium	22	1	1	147	137		Candidate child formulation requires source/formulation review.
a41b73a33c047c7b	PROPOSED	HIGH	CONCENTRATION_VARIANT	data/normalized_yaml/bacterial/KOMODO_26_ACID_RHODOSPIRILLACEAE_medium.yaml	CultureMech:004676	acid_rhodospirillaceae_medium	data/normalized_yaml/bacterial/medium_27_modified_for_dsm_10138.yaml	CultureMech:004677	medium_27_modified_for_dsm_10138	21	2	1	147	137		Same ingredient identity signature but concentration signature differs from parent.
a41b73a33c047c7b	PROPOSED	HIGH	CONCENTRATION_VARIANT	data/normalized_yaml/bacterial/KOMODO_26_ACID_RHODOSPIRILLACEAE_medium.yaml	CultureMech:004676	acid_rhodospirillaceae_medium	data/normalized_yaml/bacterial/medium_27_modified_for_dsm_10139.yaml	CultureMech:004678	medium_27_modified_for_dsm_10139	21	2	1	147	137		Same ingredient identity signature but concentration signature differs from parent.
a41b73a33c047c7b	PROPOSED	HIGH	CONCENTRATION_VARIANT	data/normalized_yaml/bacterial/KOMODO_26_ACID_RHODOSPIRILLACEAE_medium.yaml	CultureMech:004676	acid_rhodospirillaceae_medium	data/normalized_yaml/bacterial/medium_27_modified_for_dsm_13233.yaml	CultureMech:004679	medium_27_modified_for_dsm_13233	21	2	1	147	137		Same ingredient identity signature but concentration signature differs from parent.
a41b73a33c047c7b	PROPOSED	HIGH	CONCENTRATION_VARIANT	data/normalized_yaml/bacterial/KOMODO_26_ACID_RHODOSPIRILLACEAE_medium.yaml	CultureMech:004676	acid_rhodospirillaceae_medium	data/normalized_yaml/bacterial/medium_27_modified_for_dsm_13235.yaml	CultureMech:004680	medium_27_modified_for_dsm_13235	21	2	1	147	137		Same ingredient identity signature but concentration signature differs from parent.
a41b73a33c047c7b	PROPOSED	HIGH	CONCENTRATION_VARIANT	data/normalized_yaml/bacterial/KOMODO_26_ACID_RHODOSPIRILLACEAE_medium.yaml	CultureMech:004676	acid_rhodospirillaceae_medium	data/normalized_yaml/bacterial/medium_27_modified_for_dsm_1374.yaml	CultureMech:004681	medium_27_modified_for_dsm_1374	21	2	1	147	137		Same ingredient identity signature but concentration signature differs from parent.
a41b73a33c047c7b	PROPOSED	HIGH	CONCENTRATION_VARIANT	data/normalized_yaml/bacterial/KOMODO_26_ACID_RHODOSPIRILLACEAE_medium.yaml	CultureMech:004676	acid_rhodospirillaceae_medium	data/normalized_yaml/bacterial/medium_27_modified_for_dsm_17143.yaml	CultureMech:004682	medium_27_modified_for_dsm_17143	21	2	1	147	137		Same ingredient identity signature but concentration signature differs from parent.
a41b73a33c047c7b	PROPOSED	HIGH	CONCENTRATION_VARIANT	data/normalized_yaml/bacterial/KOMODO_26_ACID_RHODOSPIRILLACEAE_medium.yaml	CultureMech:004676	acid_rhodospirillaceae_medium	data/normalized_yaml/bacterial/medium_27_modified_for_dsm_18633.yaml	CultureMech:004683	medium_27_modified_for_dsm_18633	21	2	1	147	137		Same ingredient identity signature but concentration signature differs from parent.
a41b73a33c047c7b	PROPOSED	HIGH	CONCENTRATION_VARIANT	data/normalized_yaml/bacterial/KOMODO_26_ACID_RHODOSPIRILLACEAE_medium.yaml	CultureMech:004676	acid_rhodospirillaceae_medium	data/normalized_yaml/bacterial/medium_27_modified_for_dsm_18937.yaml	CultureMech:004684	medium_27_modified_for_dsm_18937	21	2	1	147	137		Same ingredient identity signature but concentration signature differs from parent.
a41b73a33c047c7b	PROPOSED	HIGH	CONCENTRATION_VARIANT	data/normalized_yaml/bacterial/KOMODO_26_ACID_RHODOSPIRILLACEAE_medium.yaml	CultureMech:004676	acid_rhodospirillaceae_medium	data/normalized_yaml/bacterial/medium_27_modified_for_dsm_19785.yaml	CultureMech:004685	medium_27_modified_for_dsm_19785	21	2	1	147	137		Same ingredient identity signature but concentration signature differs from parent.
a41b73a33c047c7b	PROPOSED	HIGH	CONCENTRATION_VARIANT	data/normalized_yaml/bacterial/KOMODO_26_ACID_RHODOSPIRILLACEAE_medium.yaml	CultureMech:004676	acid_rhodospirillaceae_medium	data/normalized_yaml/bacterial/medium_27_modified_for_dsm_19945.yaml	CultureMech:004686	medium_27_modified_for_dsm_19945	21	2	1	147	137		Same ingredient identity signature but concentration signature differs from parent.
a41b73a33c047c7b	PROPOSED	HIGH	CONCENTRATION_VARIANT	data/normalized_yaml/bacterial/KOMODO_26_ACID_RHODOSPIRILLACEAE_medium.yaml	CultureMech:004676	acid_rhodospirillaceae_medium	data/normalized_yaml/bacterial/medium_27_modified_for_dsm_19946.yaml	CultureMech:004687	medium_27_modified_for_dsm_19946	21	2	1	147	137		Same ingredient identity signature but concentration signature differs from parent.
a41b73a33c047c7b	PROPOSED	HIGH	CONCENTRATION_VARIANT	data/normalized_yaml/bacterial/KOMODO_26_ACID_RHODOSPIRILLACEAE_medium.yaml	CultureMech:004676	acid_rhodospirillaceae_medium	data/normalized_yaml/bacterial/medium_27_modified_for_dsm_2132.yaml	CultureMech:004688	medium_27_modified_for_dsm_2132	21	2	1	147	137		Same ingredient identity signature but concentration signature differs from parent.
a41b73a33c047c7b	PROPOSED	HIGH	CONCENTRATION_VARIANT	data/normalized_yaml/bacterial/KOMODO_26_ACID_RHODOSPIRILLACEAE_medium.yaml	CultureMech:004676	acid_rhodospirillaceae_medium	data/normalized_yaml/bacterial/medium_27_modified_for_dsm_2351.yaml	CultureMech:004689	medium_27_modified_for_dsm_2351	21	2	1	147	137		Same ingredient identity signature but concentration signature differs from parent.
a41b73a33c047c7b	PROPOSED	HIGH	CONCENTRATION_VARIANT	data/normalized_yaml/bacterial/KOMODO_26_ACID_RHODOSPIRILLACEAE_medium.yaml	CultureMech:004676	acid_rhodospirillaceae_medium	data/normalized_yaml/bacterial/medium_27_modified_for_dsm_2698.yaml	CultureMech:004690	medium_27_modified_for_dsm_2698	21	2	1	147	137		Same ingredient identity signature but concentration signature differs from parent.
a41b73a33c047c7b	PROPOSED	HIGH	CONCENTRATION_VARIANT	data/normalized_yaml/bacterial/KOMODO_26_ACID_RHODOSPIRILLACEAE_medium.yaml	CultureMech:004676	acid_rhodospirillaceae_medium	data/normalized_yaml/bacterial/medium_27_modified_for_dsm_2780.yaml	CultureMech:004691	medium_27_modified_for_dsm_2780	21	2	1	147	137		Same ingredient identity signature but concentration signature differs from parent.
a41b73a33c047c7b	PROPOSED	HIGH	CONCENTRATION_VARIANT	data/normalized_yaml/bacterial/KOMODO_26_ACID_RHODOSPIRILLACEAE_medium.yaml	CultureMech:004676	acid_rhodospirillaceae_medium	data/normalized_yaml/bacterial/medium_27_modified_for_dsm_4180.yaml	CultureMech:004692	medium_27_modified_for_dsm_4180	21	2	1	147	137		Same ingredient identity signature but concentration signature differs from parent.
a41b73a33c047c7b	PROPOSED	HIGH	CONCENTRATION_VARIANT	data/normalized_yaml/bacterial/KOMODO_26_ACID_RHODOSPIRILLACEAE_medium.yaml	CultureMech:004676	acid_rhodospirillaceae_medium	data/normalized_yaml/bacterial/medium_27_modified_for_dsm_5909.yaml	CultureMech:004693	medium_27_modified_for_dsm_5909	21	2	1	147	137		Same ingredient identity signature but concentration signature differs from parent.
a41b73a33c047c7b	PROPOSED	HIGH	CONCENTRATION_VARIANT	data/normalized_yaml/bacterial/KOMODO_26_ACID_RHODOSPIRILLACEAE_medium.yaml	CultureMech:004676	acid_rhodospirillaceae_medium	data/normalized_yaml/bacterial/medium_27_modified_for_dsm_9894.yaml	CultureMech:004694	medium_27_modified_for_dsm_9894	21	2	1	147	137		Same ingredient identity signature but concentration signature differs from parent.
a41b73a33c047c7b	PROPOSED	HIGH	CONCENTRATION_VARIANT	data/normalized_yaml/bacterial/KOMODO_26_ACID_RHODOSPIRILLACEAE_medium.yaml	CultureMech:004676	acid_rhodospirillaceae_medium	data/normalized_yaml/bacterial/medium_27_modified_for_dsm_9987.yaml	CultureMech:004695	medium_27_modified_for_dsm_9987	21	2	1	147	137		Same ingredient identity signature but concentration signature differs from parent.
f9e603f7a6a07d7b	PROPOSED	HIGH	SUPPLEMENTED_VARIANT	data/normalized_yaml/bacterial/KOMODO_461a_MINERAL_MEDIUM_WITH_QUINOLINE.yaml	CultureMech:005481	mineral_medium_with_quinoline	data/normalized_yaml/bacterial/KOMODO_461b_MINERAL_MEDIUM_WITH_PYRROLIC_ACID.yaml	CultureMech:005482	mineral_medium_with_pyrrolic_acid	18	1	1	143	143		Name suggests added supplement/component; verify ingredient delta against source.
f9e603f7a6a07d7b	PROPOSED	HIGH	SUPPLEMENTED_VARIANT	data/normalized_yaml/bacterial/KOMODO_461a_MINERAL_MEDIUM_WITH_QUINOLINE.yaml	CultureMech:005481	mineral_medium_with_quinoline	data/normalized_yaml/bacterial/KOMODO_461c_MINERAL_MEDIUM_WITH_O-NITROPHENOL.yaml	CultureMech:005483	mineral_medium_with_o_nitrophenol	18	1	1	143	143		Name suggests added supplement/component; verify ingredient delta against source.
f9e603f7a6a07d7b	PROPOSED	HIGH	SUBSTITUTED_COMPONENT_VARIANT	data/normalized_yaml/bacterial/KOMODO_461a_MINERAL_MEDIUM_WITH_QUINOLINE.yaml	CultureMech:005481	mineral_medium_with_quinoline	data/normalized_yaml/bacterial/medium_461_modified_for_dsm_11853_replace_2_4_dichlorophenol_with_2_6_dichlorophenol.yaml	CultureMech:005467	medium_461_modified_for_dsm_11853_replace_2_4_dichlorophenol_with_2_6_dichlorophenol	18	1	1	143	133		Name suggests substituted component; verify ingredient delta against source.
f9e603f7a6a07d7b	PROPOSED	HIGH	SUPPLEMENTED_VARIANT	data/normalized_yaml/bacterial/KOMODO_461a_MINERAL_MEDIUM_WITH_QUINOLINE.yaml	CultureMech:005481	mineral_medium_with_quinoline	data/normalized_yaml/bacterial/mineral_medium_with_pyrrolic_acid.yaml	CultureMech:001577	mineral_medium_with_pyrrolic_acid	18	1	1	143	133		Name suggests added supplement/component; verify ingredient delta against source.
9849bfcda40845bc	PROPOSED	HIGH	SOURCE_DUPLICATE	data/normalized_yaml/specialized/mols4_no_w.yaml	CultureMech:015628	MoLS4 no W	data/normalized_yaml/specialized/mols4_no_ammonium.yaml	CultureMech:015609	MoLS4 no ammonium	17	1	1	50	50		Same ingredient and concentration signature; review as possible duplicate source record.
9849bfcda40845bc	PROPOSED	HIGH	SOURCE_DUPLICATE	data/normalized_yaml/specialized/mols4_no_w.yaml	CultureMech:015628	MoLS4 no W	data/normalized_yaml/specialized/mols4_no_ammonium_no_mo.yaml	CultureMech:015610	MoLS4 no ammonium no Mo	17	1	1	50	50		Same ingredient and concentration signature; review as possible duplicate source record.
9849bfcda40845bc	PROPOSED	HIGH	SOURCE_DUPLICATE	data/normalized_yaml/specialized/mols4_no_w.yaml	CultureMech:015628	MoLS4 no W	data/normalized_yaml/specialized/mols4_no_ammonium_no_mo_no_w.yaml	CultureMech:015611	MoLS4 no ammonium no Mo no W	17	1	1	50	50		Same ingredient and concentration signature; review as possible duplicate source record.
9849bfcda40845bc	PROPOSED	HIGH	SOURCE_DUPLICATE	data/normalized_yaml/specialized/mols4_no_w.yaml	CultureMech:015628	MoLS4 no W	data/normalized_yaml/specialized/mols4_no_ammonium_no_w.yaml	CultureMech:015612	MoLS4 no ammonium no W	17	1	1	50	50		Same ingredient and concentration signature; review as possible duplicate source record.
9849bfcda40845bc	PROPOSED	HIGH	SOURCE_DUPLICATE	data/normalized_yaml/specialized/mols4_no_w.yaml	CultureMech:015628	MoLS4 no W	data/normalized_yaml/specialized/mols4_no_b12.yaml	CultureMech:015614	MoLS4 no B12	17	1	1	50	50		Same ingredient and concentration signature; review as possible duplicate source record.
9849bfcda40845bc	PROPOSED	HIGH	SOURCE_DUPLICATE	data/normalized_yaml/specialized/mols4_no_w.yaml	CultureMech:015628	MoLS4 no W	data/normalized_yaml/specialized/mols4_no_biotin.yaml	CultureMech:015615	MoLS4 no Biotin	17	1	1	50	50		Same ingredient and concentration signature; review as possible duplicate source record.
9849bfcda40845bc	PROPOSED	HIGH	SOURCE_DUPLICATE	data/normalized_yaml/specialized/mols4_no_w.yaml	CultureMech:015628	MoLS4 no W	data/normalized_yaml/specialized/mols4_no_choline_chloride.yaml	CultureMech:015616	MoLS4 no Choline chloride	17	1	1	50	50		Same ingredient and concentration signature; review as possible duplicate source record.
9849bfcda40845bc	PROPOSED	HIGH	SOURCE_DUPLICATE	data/normalized_yaml/specialized/mols4_no_w.yaml	CultureMech:015628	MoLS4 no W	data/normalized_yaml/specialized/mols4_no_folic_acid.yaml	CultureMech:015617	MoLS4 no Folic acid	17	1	1	50	50		Same ingredient and concentration signature; review as possible duplicate source record.
9849bfcda40845bc	PROPOSED	HIGH	SOURCE_DUPLICATE	data/normalized_yaml/specialized/mols4_no_w.yaml	CultureMech:015628	MoLS4 no W	data/normalized_yaml/specialized/mols4_no_lipoic_acid.yaml	CultureMech:015619	MoLS4 no lipoic acid	17	1	1	50	50		Same ingredient and concentration signature; review as possible duplicate source record.
9849bfcda40845bc	PROPOSED	HIGH	SOURCE_DUPLICATE	data/normalized_yaml/specialized/mols4_no_w.yaml	CultureMech:015628	MoLS4 no W	data/normalized_yaml/specialized/mols4_no_mo.yaml	CultureMech:015620	MoLS4 no Mo	17	1	1	50	50		Same ingredient and concentration signature; review as possible duplicate source record.
9849bfcda40845bc	PROPOSED	HIGH	SOURCE_DUPLICATE	data/normalized_yaml/specialized/mols4_no_w.yaml	CultureMech:015628	MoLS4 no W	data/normalized_yaml/specialized/mols4_no_mo_no_w.yaml	CultureMech:015621	MoLS4 no Mo no W	17	1	1	50	50		Same ingredient and concentration signature; review as possible duplicate source record.
9849bfcda40845bc	PROPOSED	HIGH	SOURCE_DUPLICATE	data/normalized_yaml/specialized/mols4_no_w.yaml	CultureMech:015628	MoLS4 no W	data/normalized_yaml/specialized/mols4_no_nicotinic_acid.yaml	CultureMech:015622	MoLS4 no nicotinic acid	17	1	1	50	50		Same ingredient and concentration signature; review as possible duplicate source record.
9849bfcda40845bc	PROPOSED	HIGH	SOURCE_DUPLICATE	data/normalized_yaml/specialized/mols4_no_w.yaml	CultureMech:015628	MoLS4 no W	data/normalized_yaml/specialized/mols4_no_pantothenic_acid.yaml	CultureMech:015623	MoLS4 no Pantothenic acid	17	1	1	50	50		Same ingredient and concentration signature; review as possible duplicate source record.
9849bfcda40845bc	PROPOSED	HIGH	SOURCE_DUPLICATE	data/normalized_yaml/specialized/mols4_no_w.yaml	CultureMech:015628	MoLS4 no W	data/normalized_yaml/specialized/mols4_no_pyridoxine.yaml	CultureMech:015624	MoLS4 no Pyridoxine	17	1	1	50	50		Same ingredient and concentration signature; review as possible duplicate source record.
9849bfcda40845bc	PROPOSED	HIGH	SOURCE_DUPLICATE	data/normalized_yaml/specialized/mols4_no_w.yaml	CultureMech:015628	MoLS4 no W	data/normalized_yaml/specialized/mols4_no_sulfide.yaml	CultureMech:015625	MoLS4 no sulfide	17	1	1	50	50		Same ingredient and concentration signature; review as possible duplicate source record.
9849bfcda40845bc	PROPOSED	HIGH	SOURCE_DUPLICATE	data/normalized_yaml/specialized/mols4_no_w.yaml	CultureMech:015628	MoLS4 no W	data/normalized_yaml/specialized/mols4_no_thiamine.yaml	CultureMech:015626	MoLS4 no thiamine	17	1	1	50	50		Same ingredient and concentration signature; review as possible duplicate source record.
68ba27da925e7535	PROPOSED	HIGH	SUPPLEMENTED_VARIANT	data/normalized_yaml/bacterial/KOMODO_464_PLATE_COUNT_AGAR.yaml	CultureMech:005519	plate_count_agar	data/normalized_yaml/bacterial/KOMODO_464a_REACTIVATION_WITH_LIQUID_medium_464.yaml	CultureMech:005520	reactivation_with_liquid_medium_464	15	2	1	125	125		Name suggests added supplement/component; verify ingredient delta against source.
68ba27da925e7535	PROPOSED	HIGH	CONCENTRATION_VARIANT	data/normalized_yaml/bacterial/KOMODO_464_PLATE_COUNT_AGAR.yaml	CultureMech:005519	plate_count_agar	data/normalized_yaml/bacterial/pgy_medium.yaml	CultureMech:000964	pgy_medium	15	2	1	125	115		Same ingredient identity signature but concentration signature differs from parent.
68ba27da925e7535	PROPOSED	HIGH	SUPPLEMENTED_VARIANT	data/normalized_yaml/bacterial/KOMODO_464_PLATE_COUNT_AGAR.yaml	CultureMech:005519	plate_count_agar	data/normalized_yaml/bacterial/reactivation_with_liquid_medium_464.yaml	CultureMech:001584	reactivation_with_liquid_medium_464	15	2	1	125	115		Name suggests added supplement/component; verify ingredient delta against source.
02e06cfd61424af4	PROPOSED	HIGH	PHYSICAL_STATE_VARIANT	data/normalized_yaml/bacterial/NBRC_815.yaml	CultureMech:007495	Trypticase Soy Yeast Extract Medium	data/normalized_yaml/bacterial/TOGO_M2515_tryptic_soy_broth.yaml	CultureMech:009086	tryptic_soy_broth	14	1	2	123	120		Physical state differs from parent: SOLID_AGAR -> LIQUID.
02e06cfd61424af4	PROPOSED	HIGH	SOURCE_DUPLICATE	data/normalized_yaml/bacterial/NBRC_815.yaml	CultureMech:007495	Trypticase Soy Yeast Extract Medium	data/normalized_yaml/bacterial/TOGO_M2516_tryptic_soy_agar.yaml	CultureMech:009087	tryptic_soy_agar	14	1	2	123	120		Same ingredient and concentration signature; review as possible duplicate source record.
02e06cfd61424af4	PROPOSED	HIGH	SOURCE_DUPLICATE	data/normalized_yaml/bacterial/NBRC_815.yaml	CultureMech:007495	Trypticase Soy Yeast Extract Medium	data/normalized_yaml/bacterial/TOGO_M2834_tryptic_soy_agar.yaml	CultureMech:009378	tryptic_soy_agar	14	1	2	123	120		Same ingredient and concentration signature; review as possible duplicate source record.
02e06cfd61424af4	PROPOSED	HIGH	SOURCE_DUPLICATE	data/normalized_yaml/bacterial/NBRC_815.yaml	CultureMech:007495	Trypticase Soy Yeast Extract Medium	data/normalized_yaml/bacterial/tryptic_soy_agar_tsa_carl_roth_gmbh_co.yaml	CultureMech:009450	tryptic_soy_agar_tsa_carl_roth_gmbh_co	14	1	2	123	110		Same ingredient and concentration signature; review as possible duplicate source record.
02e06cfd61424af4	PROPOSED	HIGH	PHYSICAL_STATE_VARIANT	data/normalized_yaml/bacterial/NBRC_815.yaml	CultureMech:007495	Trypticase Soy Yeast Extract Medium	data/normalized_yaml/bacterial/tryptic_soy_broth_acumedia.yaml	CultureMech:009453	tryptic_soy_broth_acumedia	14	1	2	123	110		Physical state differs from parent: SOLID_AGAR -> LIQUID.
02e06cfd61424af4	PROPOSED	HIGH	PHYSICAL_STATE_VARIANT	data/normalized_yaml/bacterial/NBRC_815.yaml	CultureMech:007495	Trypticase Soy Yeast Extract Medium	data/normalized_yaml/bacterial/tryptic_soy_broth_difco.yaml	CultureMech:008845	tryptic_soy_broth_difco	14	1	2	123	110		Physical state differs from parent: SOLID_AGAR -> LIQUID.
02e06cfd61424af4	PROPOSED	HIGH	PHYSICAL_STATE_VARIANT	data/normalized_yaml/bacterial/NBRC_815.yaml	CultureMech:007495	Trypticase Soy Yeast Extract Medium	data/normalized_yaml/bacterial/tryptic_soy_broth_tsb.yaml	CultureMech:009077	tryptic_soy_broth_tsb	14	1	2	123	110		Physical state differs from parent: SOLID_AGAR -> LIQUID.
02e06cfd61424af4	PROPOSED	HIGH	PHYSICAL_STATE_VARIANT	data/normalized_yaml/bacterial/NBRC_815.yaml	CultureMech:007495	Trypticase Soy Yeast Extract Medium	data/normalized_yaml/bacterial/tryptic_soy_broth_tsb_carl_roth_gmbh_co.yaml	CultureMech:009449	tryptic_soy_broth_tsb_carl_roth_gmbh_co	14	1	2	123	110		Physical state differs from parent: SOLID_AGAR -> LIQUID.
02e06cfd61424af4	PROPOSED	HIGH	PHYSICAL_STATE_VARIANT	data/normalized_yaml/bacterial/NBRC_815.yaml	CultureMech:007495	Trypticase Soy Yeast Extract Medium	data/normalized_yaml/bacterial/tryptic_soy_broth_tsb_sigma_aldrich.yaml	CultureMech:009421	tryptic_soy_broth_tsb_sigma_aldrich	14	1	2	123	110		Physical state differs from parent: SOLID_AGAR -> LIQUID.
02e06cfd61424af4	PROPOSED	HIGH	SOURCE_DUPLICATE	data/normalized_yaml/bacterial/NBRC_815.yaml	CultureMech:007495	Trypticase Soy Yeast Extract Medium	data/normalized_yaml/bacterial/trypticase_soy_agar.yaml	CultureMech:003103	trypticase_soy_agar	14	1	2	123	110		Same ingredient and concentration signature; review as possible duplicate source record.
02e06cfd61424af4	PROPOSED	HIGH	PHYSICAL_STATE_VARIANT	data/normalized_yaml/bacterial/NBRC_815.yaml	CultureMech:007495	Trypticase Soy Yeast Extract Medium	data/normalized_yaml/bacterial/trypticase_soy_broth_tsb.yaml	CultureMech:009429	trypticase_soy_broth_tsb	14	1	2	123	110		Physical state differs from parent: SOLID_AGAR -> LIQUID.
02e06cfd61424af4	PROPOSED	HIGH	SOURCE_DUPLICATE	data/normalized_yaml/bacterial/NBRC_815.yaml	CultureMech:007495	Trypticase Soy Yeast Extract Medium	data/normalized_yaml/bacterial/trypto_soya_agar.yaml	CultureMech:002637	trypto_soya_agar	14	1	2	123	110		Same ingredient and concentration signature; review as possible duplicate source record.
02e06cfd61424af4	PROPOSED	HIGH	PHYSICAL_STATE_VARIANT	data/normalized_yaml/bacterial/NBRC_815.yaml	CultureMech:007495	Trypticase Soy Yeast Extract Medium	data/normalized_yaml/bacterial/tryptone_soya_broth_tsb_oxoid.yaml	CultureMech:009461	tryptone_soya_broth_tsb_oxoid	14	1	2	123	110		Physical state differs from parent: SOLID_AGAR -> LIQUID.
9ba0358b5082ac50	PROPOSED	HIGH	SOURCE_DUPLICATE	data/normalized_yaml/bacterial/KOMODO_381_LB_Luria-Bertani_medium.yaml	CultureMech:005128	lb_luria_bertani_medium	data/normalized_yaml/bacterial/medium_381_modified_for_dsm_12449.yaml	CultureMech:005117	medium_381_modified_for_dsm_12449	13	1	1	113	103		Same ingredient and concentration signature; review as possible duplicate source record.
9ba0358b5082ac50	PROPOSED	HIGH	SOURCE_DUPLICATE	data/normalized_yaml/bacterial/KOMODO_381_LB_Luria-Bertani_medium.yaml	CultureMech:005128	lb_luria_bertani_medium	data/normalized_yaml/bacterial/medium_381_modified_for_dsm_15370.yaml	CultureMech:005118	medium_381_modified_for_dsm_15370	13	1	1	113	103		Same ingredient and concentration signature; review as possible duplicate source record.
9ba0358b5082ac50	PROPOSED	HIGH	SOURCE_DUPLICATE	data/normalized_yaml/bacterial/KOMODO_381_LB_Luria-Bertani_medium.yaml	CultureMech:005128	lb_luria_bertani_medium	data/normalized_yaml/bacterial/medium_381_modified_for_dsm_17298.yaml	CultureMech:005119	medium_381_modified_for_dsm_17298	13	1	1	113	103		Same ingredient and concentration signature; review as possible duplicate source record.
9ba0358b5082ac50	PROPOSED	HIGH	SOURCE_DUPLICATE	data/normalized_yaml/bacterial/KOMODO_381_LB_Luria-Bertani_medium.yaml	CultureMech:005128	lb_luria_bertani_medium	data/normalized_yaml/bacterial/medium_381_modified_for_dsm_18339.yaml	CultureMech:005120	medium_381_modified_for_dsm_18339	13	1	1	113	103		Same ingredient and concentration signature; review as possible duplicate source record.
9ba0358b5082ac50	PROPOSED	HIGH	SOURCE_DUPLICATE	data/normalized_yaml/bacterial/KOMODO_381_LB_Luria-Bertani_medium.yaml	CultureMech:005128	lb_luria_bertani_medium	data/normalized_yaml/bacterial/medium_381_modified_for_dsm_22074.yaml	CultureMech:005121	medium_381_modified_for_dsm_22074	13	1	1	113	103		Same ingredient and concentration signature; review as possible duplicate source record.
9ba0358b5082ac50	PROPOSED	HIGH	SOURCE_DUPLICATE	data/normalized_yaml/bacterial/KOMODO_381_LB_Luria-Bertani_medium.yaml	CultureMech:005128	lb_luria_bertani_medium	data/normalized_yaml/bacterial/medium_381_modified_for_dsm_2304.yaml	CultureMech:005122	medium_381_modified_for_dsm_2304	13	1	1	113	103		Same ingredient and concentration signature; review as possible duplicate source record.
9ba0358b5082ac50	PROPOSED	HIGH	SOURCE_DUPLICATE	data/normalized_yaml/bacterial/KOMODO_381_LB_Luria-Bertani_medium.yaml	CultureMech:005128	lb_luria_bertani_medium	data/normalized_yaml/bacterial/medium_381_modified_for_dsm_23293.yaml	CultureMech:005123	medium_381_modified_for_dsm_23293	13	1	1	113	103		Same ingredient and concentration signature; review as possible duplicate source record.
9ba0358b5082ac50	PROPOSED	HIGH	SOURCE_DUPLICATE	data/normalized_yaml/bacterial/KOMODO_381_LB_Luria-Bertani_medium.yaml	CultureMech:005128	lb_luria_bertani_medium	data/normalized_yaml/bacterial/medium_381_modified_for_dsm_6188.yaml	CultureMech:005124	medium_381_modified_for_dsm_6188	13	1	1	113	103		Same ingredient and concentration signature; review as possible duplicate source record.
9ba0358b5082ac50	PROPOSED	HIGH	SOURCE_DUPLICATE	data/normalized_yaml/bacterial/KOMODO_381_LB_Luria-Bertani_medium.yaml	CultureMech:005128	lb_luria_bertani_medium	data/normalized_yaml/bacterial/medium_381_modified_for_dsm_6256.yaml	CultureMech:005125	medium_381_modified_for_dsm_6256	13	1	1	113	103		Same ingredient and concentration signature; review as possible duplicate source record.
9ba0358b5082ac50	PROPOSED	HIGH	SOURCE_DUPLICATE	data/normalized_yaml/bacterial/KOMODO_381_LB_Luria-Bertani_medium.yaml	CultureMech:005128	lb_luria_bertani_medium	data/normalized_yaml/bacterial/medium_381_modified_for_dsm_7123.yaml	CultureMech:005126	medium_381_modified_for_dsm_7123	13	1	1	113	103		Same ingredient and concentration signature; review as possible duplicate source record.
9ba0358b5082ac50	PROPOSED	HIGH	SOURCE_DUPLICATE	data/normalized_yaml/bacterial/KOMODO_381_LB_Luria-Bertani_medium.yaml	CultureMech:005128	lb_luria_bertani_medium	data/normalized_yaml/bacterial/medium_381_modified_for_dsm_7144.yaml	CultureMech:005127	medium_381_modified_for_dsm_7144	13	1	1	113	103		Same ingredient and concentration signature; review as possible duplicate source record.
9ba0358b5082ac50	PROPOSED	HIGH	SOURCE_DUPLICATE	data/normalized_yaml/bacterial/KOMODO_381_LB_Luria-Bertani_medium.yaml	CultureMech:005128	lb_luria_bertani_medium	data/normalized_yaml/bacterial/modified_lb.yaml	CultureMech:001487	modified_lb	13	1	1	113	103		Same ingredient and concentration signature; review as possible duplicate source record.
a0ea2ea3b47a47c9	PROPOSED	HIGH	CONCENTRATION_VARIANT	data/normalized_yaml/bacterial/KOMODO_1272_THIOALKALIVIBRIO_JANNASCHI.yaml	CultureMech:004026	thioalkalivibrio_jannaschi	data/normalized_yaml/bacterial/KOMODO_925_ALKALIPHILIC_SULPHUR_RESPIRING_STRAINS_MEDIUM.yaml	CultureMech:006843	alkaliphilic_sulphur_respiring_strains_medium	12	2	1	150	150		Same ingredient identity signature but concentration signature differs from parent.
a0ea2ea3b47a47c9	PROPOSED	HIGH	CONCENTRATION_VARIANT	data/normalized_yaml/bacterial/KOMODO_1272_THIOALKALIVIBRIO_JANNASCHI.yaml	CultureMech:004026	thioalkalivibrio_jannaschi	data/normalized_yaml/bacterial/alkaliphilic_sulphur_respiring_strains_medium.yaml	CultureMech:002097	alkaliphilic_sulphur_respiring_strains_medium	12	2	1	150	140		Same ingredient identity signature but concentration signature differs from parent.
a0ea2ea3b47a47c9	PROPOSED	HIGH	CONCENTRATION_VARIANT	data/normalized_yaml/bacterial/KOMODO_1272_THIOALKALIVIBRIO_JANNASCHI.yaml	CultureMech:004026	thioalkalivibrio_jannaschi	data/normalized_yaml/bacterial/dsm_13531_arh1_and_dsm_13532_arh2_kscn_grown.yaml	CultureMech:006835	dsm_13531_arh1_and_dsm_13532_arh2_kscn_grown	12	2	1	150	140		Same ingredient identity signature but concentration signature differs from parent.
a0ea2ea3b47a47c9	PROPOSED	HIGH	CONCENTRATION_VARIANT	data/normalized_yaml/bacterial/KOMODO_1272_THIOALKALIVIBRIO_JANNASCHI.yaml	CultureMech:004026	thioalkalivibrio_jannaschi	data/normalized_yaml/bacterial/dsm_13533_alrh.yaml	CultureMech:006838	dsm_13533_alrh	12	2	1	150	140		Same ingredient identity signature but concentration signature differs from parent.
a0ea2ea3b47a47c9	PROPOSED	HIGH	CONCENTRATION_VARIANT	data/normalized_yaml/bacterial/KOMODO_1272_THIOALKALIVIBRIO_JANNASCHI.yaml	CultureMech:004026	thioalkalivibrio_jannaschi	data/normalized_yaml/bacterial/dsm_13541_arh2_thiosulphate_grown.yaml	CultureMech:006836	dsm_13541_arh2_thiosulphate_grown	12	2	1	150	140		Same ingredient identity signature but concentration signature differs from parent.
a0ea2ea3b47a47c9	PROPOSED	HIGH	CONCENTRATION_VARIANT	data/normalized_yaml/bacterial/KOMODO_1272_THIOALKALIVIBRIO_JANNASCHI.yaml	CultureMech:004026	thioalkalivibrio_jannaschi	data/normalized_yaml/bacterial/dsm_13542_arh1_thiosulphate_grown.yaml	CultureMech:006837	dsm_13542_arh1_thiosulphate_grown	12	2	1	150	140		Same ingredient identity signature but concentration signature differs from parent.
a0ea2ea3b47a47c9	PROPOSED	HIGH	CONCENTRATION_VARIANT	data/normalized_yaml/bacterial/KOMODO_1272_THIOALKALIVIBRIO_JANNASCHI.yaml	CultureMech:004026	thioalkalivibrio_jannaschi	data/normalized_yaml/bacterial/thioalkalimicrobium_aerophilum_al_3_dsm_13739_and_tm_sibericum_al_7_dsm_13740.yaml	CultureMech:006840	thioalkalimicrobium_aerophilum_al_3_dsm_13739_and_tm_sibericum_al_7_dsm_13740	12	2	1	150	140		Same ingredient identity signature but concentration signature differs from parent.
a0ea2ea3b47a47c9	PROPOSED	HIGH	CONCENTRATION_VARIANT	data/normalized_yaml/bacterial/KOMODO_1272_THIOALKALIVIBRIO_JANNASCHI.yaml	CultureMech:004026	thioalkalivibrio_jannaschi	data/normalized_yaml/bacterial/thioalkalispira_microaerophila_alen_1_dsm_14786.yaml	CultureMech:006841	thioalkalispira_microaerophila_alen_1_dsm_14786	12	2	1	150	140		Same ingredient identity signature but concentration signature differs from parent.
a0ea2ea3b47a47c9	PROPOSED	HIGH	CONCENTRATION_VARIANT	data/normalized_yaml/bacterial/KOMODO_1272_THIOALKALIVIBRIO_JANNASCHI.yaml	CultureMech:004026	thioalkalivibrio_jannaschi	data/normalized_yaml/bacterial/thioalkalivibrio_nitratireducens_alen_2_dsm_14787.yaml	CultureMech:006842	thioalkalivibrio_nitratireducens_alen_2_dsm_14787	12	2	1	150	140		Same ingredient identity signature but concentration signature differs from parent.
a0ea2ea3b47a47c9	PROPOSED	HIGH	CONCENTRATION_VARIANT	data/normalized_yaml/bacterial/KOMODO_1272_THIOALKALIVIBRIO_JANNASCHI.yaml	CultureMech:004026	thioalkalivibrio_jannaschi	data/normalized_yaml/bacterial/thioalkalivibrio_versutus_al_2_dsm_13738_tv_nitratus_alj_12_dsm_13741_and_tv_denitrificans_aljd_dsm_13742.yaml	CultureMech:006839	thioalkalivibrio_versutus_al_2_dsm_13738_tv_nitratus_alj_12_dsm_13741_and_tv_denitrificans_aljd_dsm_13742	12	2	1	150	140		Same ingredient identity signature but concentration signature differs from parent.
38bb3d284c5621b1	PROPOSED	HIGH	SOURCE_DUPLICATE	data/normalized_yaml/bacterial/for_dsm_14428.yaml	CultureMech:005041	for_dsm_14428	data/normalized_yaml/bacterial/for_dsm_14204_dsm_14205_dsm_14206_dsm_14207_dsm_14924_dsm_15176_dsm_15243_dsm_15248_dsm_15480_dsm_15481_dsm_15498_dsm_15567_dsm_15692_dsm_17763_and_dsm_22608.yaml	CultureMech:005039	for_dsm_14204_dsm_14205_dsm_14206_dsm_14207_dsm_14924_dsm_15176_dsm_15243_dsm_15248_dsm_15480_dsm_15481_dsm_15498_dsm_15567_dsm_15692_dsm_17763_and_dsm_22608	12	1	1	117	117		Same ingredient and concentration signature; review as possible duplicate source record.
38bb3d284c5621b1	PROPOSED	HIGH	SOURCE_DUPLICATE	data/normalized_yaml/bacterial/for_dsm_14428.yaml	CultureMech:005041	for_dsm_14428	data/normalized_yaml/bacterial/for_dsm_23669.yaml	CultureMech:005042	for_dsm_23669	12	1	1	117	117		Same ingredient and concentration signature; review as possible duplicate source record.
38bb3d284c5621b1	PROPOSED	HIGH	SOURCE_DUPLICATE	data/normalized_yaml/bacterial/for_dsm_14428.yaml	CultureMech:005041	for_dsm_14428	data/normalized_yaml/bacterial/medium_339_modified_for_dsm_12679.yaml	CultureMech:005036	medium_339_modified_for_dsm_12679	12	1	1	117	117		Same ingredient and concentration signature; review as possible duplicate source record.
38bb3d284c5621b1	PROPOSED	HIGH	SOURCE_DUPLICATE	data/normalized_yaml/bacterial/for_dsm_14428.yaml	CultureMech:005041	for_dsm_14428	data/normalized_yaml/bacterial/medium_339_modified_for_dsm_12858.yaml	CultureMech:005037	medium_339_modified_for_dsm_12858	12	1	1	117	117		Same ingredient and concentration signature; review as possible duplicate source record.
38bb3d284c5621b1	PROPOSED	HIGH	SOURCE_DUPLICATE	data/normalized_yaml/bacterial/for_dsm_14428.yaml	CultureMech:005041	for_dsm_14428	data/normalized_yaml/bacterial/medium_339_modified_for_dsm_19450.yaml	CultureMech:005038	medium_339_modified_for_dsm_19450	12	1	1	117	117		Same ingredient and concentration signature; review as possible duplicate source record.
38bb3d284c5621b1	PROPOSED	HIGH	SOURCE_DUPLICATE	data/normalized_yaml/bacterial/for_dsm_14428.yaml	CultureMech:005041	for_dsm_14428	data/normalized_yaml/bacterial/medium_339_modified_for_dsm_22006.yaml	CultureMech:005040	medium_339_modified_for_dsm_22006	12	1	1	117	117		Same ingredient and concentration signature; review as possible duplicate source record.
38bb3d284c5621b1	PROPOSED	HIGH	SOURCE_DUPLICATE	data/normalized_yaml/bacterial/for_dsm_14428.yaml	CultureMech:005041	for_dsm_14428	data/normalized_yaml/bacterial/medium_339_modified_for_dsm_5676.yaml	CultureMech:005043	medium_339_modified_for_dsm_5676	12	1	1	117	117		Same ingredient and concentration signature; review as possible duplicate source record.
38bb3d284c5621b1	PROPOSED	HIGH	SOURCE_DUPLICATE	data/normalized_yaml/bacterial/for_dsm_14428.yaml	CultureMech:005041	for_dsm_14428	data/normalized_yaml/bacterial/medium_339_modified_for_dsm_6011.yaml	CultureMech:005044	medium_339_modified_for_dsm_6011	12	1	1	117	117		Same ingredient and concentration signature; review as possible duplicate source record.
38bb3d284c5621b1	PROPOSED	HIGH	SOURCE_DUPLICATE	data/normalized_yaml/bacterial/for_dsm_14428.yaml	CultureMech:005041	for_dsm_14428	data/normalized_yaml/bacterial/medium_339_modified_for_dsm_6400.yaml	CultureMech:005045	medium_339_modified_for_dsm_6400	12	1	1	117	117		Same ingredient and concentration signature; review as possible duplicate source record.
38bb3d284c5621b1	PROPOSED	HIGH	SOURCE_DUPLICATE	data/normalized_yaml/bacterial/for_dsm_14428.yaml	CultureMech:005041	for_dsm_14428	data/normalized_yaml/bacterial/wilkins_chalgren_anaerobe_broth.yaml	CultureMech:001439	wilkins_chalgren_anaerobe_broth	12	1	1	117	117		Same ingredient and concentration signature; review as possible duplicate source record.
f64d7f86458da248	PROPOSED	HIGH	DERIVED_FROM	data/normalized_yaml/bacterial/JCM_J101_BACILLUS_ACIDOCALDARIUS_MEDIUM.yaml	CultureMech:002203	bacillus_acidocaldarius_medium	data/normalized_yaml/bacterial/KOMODO_13_BACILLUS_ACIDOCALDARIUS_medium.yaml	CultureMech:004117	bacillus_acidocaldarius_medium	11	2	1	143	143		Candidate child formulation requires source/formulation review.
f64d7f86458da248	PROPOSED	HIGH	DERIVED_FROM	data/normalized_yaml/bacterial/JCM_J101_BACILLUS_ACIDOCALDARIUS_MEDIUM.yaml	CultureMech:002203	bacillus_acidocaldarius_medium	data/normalized_yaml/bacterial/bacillus_acidocaldarius_medium.yaml	CultureMech:000861	bacillus_acidocaldarius_medium	11	2	1	143	133		Candidate child formulation requires source/formulation review.
f64d7f86458da248	PROPOSED	HIGH	CONCENTRATION_VARIANT	data/normalized_yaml/bacterial/JCM_J101_BACILLUS_ACIDOCALDARIUS_MEDIUM.yaml	CultureMech:002203	bacillus_acidocaldarius_medium	data/normalized_yaml/bacterial/bryocella_elongata_medium.yaml	CultureMech:000750	bryocella_elongata_medium	11	2	1	143	133		Same ingredient identity signature but concentration signature differs from parent.
239e0d5cb9cce670	PROPOSED	HIGH	SUBSTITUTED_COMPONENT_VARIANT	data/normalized_yaml/bacterial/KOMODO_298e_LuPhet1_medium.yaml	CultureMech:004768	luphet1_medium	data/normalized_yaml/bacterial/16av_medium_replace_galactose_with_cellobiose.yaml	CultureMech:004769	16av_medium_replace_galactose_with_cellobiose	11	1	1	148	138		Name suggests substituted component; verify ingredient delta against source.
af4d6148c1482bdb	PROPOSED	HIGH	CONCENTRATION_VARIANT	data/normalized_yaml/bacterial/KOMODO_952_1_10_NUTRIENT_AGAR_NO.2.yaml	CultureMech:006895	1_10_nutrient_agar_no_2	data/normalized_yaml/bacterial/1_100_nutrient_agar_no_2.yaml	CultureMech:002131	1_100_nutrient_agar_no_2	11	5	1	125	115		Same ingredient identity signature but concentration signature differs from parent.
af4d6148c1482bdb	PROPOSED	HIGH	SALINITY_VARIANT	data/normalized_yaml/bacterial/KOMODO_952_1_10_NUTRIENT_AGAR_NO.2.yaml	CultureMech:006895	1_10_nutrient_agar_no_2	data/normalized_yaml/bacterial/KOMODO_101_NUTRIENT_AGAR_or_BROTH_WITH_NaCl.yaml	CultureMech:003531	nutrient_agar_or_broth_with_nacl	11	5	1	125	125		Name suggests salt/salinity change; verify concentration delta against source.
af4d6148c1482bdb	PROPOSED	HIGH	CONCENTRATION_VARIANT	data/normalized_yaml/bacterial/KOMODO_952_1_10_NUTRIENT_AGAR_NO.2.yaml	CultureMech:006895	1_10_nutrient_agar_no_2	data/normalized_yaml/bacterial/KOMODO_114_PARACOCCUS_HALODENITRIFICANS_medium.yaml	CultureMech:003860	paracoccus_halodenitrificans_medium	11	5	1	125	125		Same ingredient identity signature but concentration signature differs from parent.
af4d6148c1482bdb	PROPOSED	HIGH	CONCENTRATION_VARIANT	data/normalized_yaml/bacterial/KOMODO_952_1_10_NUTRIENT_AGAR_NO.2.yaml	CultureMech:006895	1_10_nutrient_agar_no_2	data/normalized_yaml/bacterial/KOMODO_115_VIBRIO_NATRIEGENS_medium.yaml	CultureMech:003869	vibrio_natriegens_medium	11	5	1	125	125		Same ingredient identity signature but concentration signature differs from parent.
af4d6148c1482bdb	PROPOSED	HIGH	CONCENTRATION_VARIANT	data/normalized_yaml/bacterial/KOMODO_952_1_10_NUTRIENT_AGAR_NO.2.yaml	CultureMech:006895	1_10_nutrient_agar_no_2	data/normalized_yaml/bacterial/KOMODO_953_1_100_NUTRIENT_AGAR_NO.2.yaml	CultureMech:006896	1_100_nutrient_agar_no_2	11	5	1	125	125		Same ingredient identity signature but concentration signature differs from parent.
af4d6148c1482bdb	PROPOSED	HIGH	SALINITY_VARIANT	data/normalized_yaml/bacterial/KOMODO_952_1_10_NUTRIENT_AGAR_NO.2.yaml	CultureMech:006895	1_10_nutrient_agar_no_2	data/normalized_yaml/bacterial/nutrient_agar_or_broth_with_nacl.yaml	CultureMech:000441	nutrient_agar_or_broth_with_nacl	11	5	1	125	115		Name suggests salt/salinity change; verify concentration delta against source.
af4d6148c1482bdb	PROPOSED	HIGH	CONCENTRATION_VARIANT	data/normalized_yaml/bacterial/KOMODO_952_1_10_NUTRIENT_AGAR_NO.2.yaml	CultureMech:006895	1_10_nutrient_agar_no_2	data/normalized_yaml/bacterial/paracoccus_halodenitrificans_medium.yaml	CultureMech:000588	paracoccus_halodenitrificans_medium	11	5	1	125	115		Same ingredient identity signature but concentration signature differs from parent.
af4d6148c1482bdb	PROPOSED	HIGH	SUPPLEMENTED_VARIANT	data/normalized_yaml/bacterial/KOMODO_952_1_10_NUTRIENT_AGAR_NO.2.yaml	CultureMech:006895	1_10_nutrient_agar_no_2	data/normalized_yaml/bacterial/reactivation_with_liquid_medium_115.yaml	CultureMech:000599	reactivation_with_liquid_medium_115	11	5	1	125	115		Name suggests added supplement/component; verify ingredient delta against source.
af4d6148c1482bdb	PROPOSED	HIGH	CONCENTRATION_VARIANT	data/normalized_yaml/bacterial/KOMODO_952_1_10_NUTRIENT_AGAR_NO.2.yaml	CultureMech:006895	1_10_nutrient_agar_no_2	data/normalized_yaml/bacterial/vibrio_natriegens_medium.yaml	CultureMech:000598	vibrio_natriegens_medium	11	5	1	125	115		Same ingredient identity signature but concentration signature differs from parent.
ab00a796f70b91e5	PROPOSED	HIGH	CONCENTRATION_VARIANT	data/normalized_yaml/bacterial/KOMODO_1153_R3_A_medium.yaml	CultureMech:003863	r3_a_medium	data/normalized_yaml/bacterial/1_10_r2a_medium.yaml	CultureMech:001052	1_10_r2a_medium	10	4	1	133	123		Same ingredient identity signature but concentration signature differs from parent.
ab00a796f70b91e5	PROPOSED	HIGH	CONCENTRATION_VARIANT	data/normalized_yaml/bacterial/KOMODO_1153_R3_A_medium.yaml	CultureMech:003863	r3_a_medium	data/normalized_yaml/bacterial/KOMODO_1320_HALF_STRENGTH_R2A_MEDIUM_IN_75_SEAWATER.yaml	CultureMech:004075	half_strength_r2a_medium_in_75_seawater	10	4	1	133	133		Same ingredient identity signature but concentration signature differs from parent.
ab00a796f70b91e5	PROPOSED	HIGH	CONCENTRATION_VARIANT	data/normalized_yaml/bacterial/KOMODO_1153_R3_A_medium.yaml	CultureMech:003863	r3_a_medium	data/normalized_yaml/bacterial/KOMODO_919_LIMNOBACTER_medium.yaml	CultureMech:006796	limnobacter_medium	10	4	1	133	133		Same ingredient identity signature but concentration signature differs from parent.
ab00a796f70b91e5	PROPOSED	HIGH	CONCENTRATION_VARIANT	data/normalized_yaml/bacterial/KOMODO_1153_R3_A_medium.yaml	CultureMech:003863	r3_a_medium	data/normalized_yaml/bacterial/half_strength_r2a.yaml	CultureMech:000960	half_strength_r2a	10	4	1	133	123		Same ingredient identity signature but concentration signature differs from parent.
ab00a796f70b91e5	PROPOSED	HIGH	CONCENTRATION_VARIANT	data/normalized_yaml/bacterial/KOMODO_1153_R3_A_medium.yaml	CultureMech:003863	r3_a_medium	data/normalized_yaml/bacterial/half_strength_r2a_medium_in_75_seawater.yaml	CultureMech:000777	half_strength_r2a_medium_in_75_seawater	10	4	1	133	123		Same ingredient identity signature but concentration signature differs from parent.
ab00a796f70b91e5	PROPOSED	HIGH	CONCENTRATION_VARIANT	data/normalized_yaml/bacterial/KOMODO_1153_R3_A_medium.yaml	CultureMech:003863	r3_a_medium	data/normalized_yaml/bacterial/limnobacter_medium.yaml	CultureMech:002087	limnobacter_medium	10	4	1	133	123		Same ingredient identity signature but concentration signature differs from parent.
ab00a796f70b91e5	PROPOSED	HIGH	CONCENTRATION_VARIANT	data/normalized_yaml/bacterial/KOMODO_1153_R3_A_medium.yaml	CultureMech:003863	r3_a_medium	data/normalized_yaml/bacterial/r2a_medium.yaml	CultureMech:001984	r2a_medium	10	4	1	133	123		Same ingredient identity signature but concentration signature differs from parent.
ab00a796f70b91e5	PROPOSED	HIGH	SUPPLEMENTED_VARIANT	data/normalized_yaml/bacterial/KOMODO_1153_R3_A_medium.yaml	CultureMech:003863	r3_a_medium	data/normalized_yaml/bacterial/reactivation_with_liquid_medium_830.yaml	CultureMech:001987	reactivation_with_liquid_medium_830	10	4	1	133	123		Name suggests added supplement/component; verify ingredient delta against source.
464b2277df4e94be	PROPOSED	HIGH	CONCENTRATION_VARIANT	data/normalized_yaml/bacterial/KOMODO_9a_VY_2_REDUCED_medium.yaml	CultureMech:006986	vy_2_reduced_medium	data/normalized_yaml/bacterial/vy_2_reduced_medium.yaml	CultureMech:002186	vy_2_reduced_medium	10	2	1	137	127		Same ingredient identity signature but concentration signature differs from parent.
24ef3160af8999f0	PROPOSED	HIGH	SOURCE_DUPLICATE	data/normalized_yaml/bacterial/for_dsm_1083.yaml	CultureMech:004088	for_dsm_1083	data/normalized_yaml/bacterial/carbon_monoxide_oxidizer_medium.yaml	CultureMech:000797	carbon_monoxide_oxidizer_medium	10	1	1	140	140		Same ingredient and concentration signature; review as possible duplicate source record.
24ef3160af8999f0	PROPOSED	HIGH	SOURCE_DUPLICATE	data/normalized_yaml/bacterial/for_dsm_1083.yaml	CultureMech:004088	for_dsm_1083	data/normalized_yaml/bacterial/for_chemoautotrophic_growth.yaml	CultureMech:004086	for_chemoautotrophic_growth	10	1	1	140	140		Same ingredient and concentration signature; review as possible duplicate source record.
24ef3160af8999f0	PROPOSED	HIGH	SOURCE_DUPLICATE	data/normalized_yaml/bacterial/for_dsm_1083.yaml	CultureMech:004088	for_dsm_1083	data/normalized_yaml/bacterial/for_chemoorganotrophic_growth.yaml	CultureMech:004087	for_chemoorganotrophic_growth	10	1	1	140	140		Same ingredient and concentration signature; review as possible duplicate source record.
24ef3160af8999f0	PROPOSED	HIGH	SOURCE_DUPLICATE	data/normalized_yaml/bacterial/for_dsm_1083.yaml	CultureMech:004088	for_dsm_1083	data/normalized_yaml/bacterial/for_dsm_1083_chemoorganotrophic_growth.yaml	CultureMech:004089	for_dsm_1083_chemoorganotrophic_growth	10	1	1	140	140		Same ingredient and concentration signature; review as possible duplicate source record.
24ef3160af8999f0	PROPOSED	HIGH	SOURCE_DUPLICATE	data/normalized_yaml/bacterial/for_dsm_1083.yaml	CultureMech:004088	for_dsm_1083	data/normalized_yaml/bacterial/for_dsm_1085.yaml	CultureMech:004090	for_dsm_1085	10	1	1	140	140		Same ingredient and concentration signature; review as possible duplicate source record.
24ef3160af8999f0	PROPOSED	HIGH	SOURCE_DUPLICATE	data/normalized_yaml/bacterial/for_dsm_1083.yaml	CultureMech:004088	for_dsm_1083	data/normalized_yaml/bacterial/for_dsm_1085_chemoorganotrophic_growth.yaml	CultureMech:004091	for_dsm_1085_chemoorganotrophic_growth	10	1	1	140	140		Same ingredient and concentration signature; review as possible duplicate source record.
24ef3160af8999f0	PROPOSED	HIGH	SOURCE_DUPLICATE	data/normalized_yaml/bacterial/for_dsm_1083.yaml	CultureMech:004088	for_dsm_1083	data/normalized_yaml/bacterial/for_dsm_13294.yaml	CultureMech:004092	for_dsm_13294	10	1	1	140	140		Same ingredient and concentration signature; review as possible duplicate source record.
24ef3160af8999f0	PROPOSED	HIGH	SOURCE_DUPLICATE	data/normalized_yaml/bacterial/for_dsm_1083.yaml	CultureMech:004088	for_dsm_1083	data/normalized_yaml/bacterial/for_dsm_13294_chemoorganotrophic_growth.yaml	CultureMech:004093	for_dsm_13294_chemoorganotrophic_growth	10	1	1	140	140		Same ingredient and concentration signature; review as possible duplicate source record.
3e6bb212e572e1f4	PROPOSED	HIGH	CONCENTRATION_VARIANT	data/normalized_yaml/bacterial/TOGO_M15_Nutrient_Agar_NO._2.yaml	CultureMech:008152	nutrient_agar_no_2	data/normalized_yaml/bacterial/KOMODO_617_MARINOMONAS_VAGA_medium.yaml	CultureMech:006109	marinomonas_vaga_medium	9	6	1	130	130		Same ingredient identity signature but concentration signature differs from parent.
3e6bb212e572e1f4	PROPOSED	HIGH	SUPPLEMENTED_VARIANT	data/normalized_yaml/bacterial/TOGO_M15_Nutrient_Agar_NO._2.yaml	CultureMech:008152	nutrient_agar_no_2	data/normalized_yaml/bacterial/KOMODO_617a_BLOOD_AGAR_BASE_OXOID_CM55.yaml	CultureMech:006111	blood_agar_base_oxoid_cm55	9	6	1	130	130		Name suggests added supplement/component; verify ingredient delta against source.
3e6bb212e572e1f4	PROPOSED	HIGH	CONCENTRATION_VARIANT	data/normalized_yaml/bacterial/TOGO_M15_Nutrient_Agar_NO._2.yaml	CultureMech:008152	nutrient_agar_no_2	data/normalized_yaml/bacterial/TOGO_M17_1_100_Nutrient_Agar_NO._2.yaml	CultureMech:008369	1_100_nutrient_agar_no_2	9	6	1	130	130		Same ingredient identity signature but concentration signature differs from parent.
3e6bb212e572e1f4	PROPOSED	HIGH	SUPPLEMENTED_VARIANT	data/normalized_yaml/bacterial/TOGO_M15_Nutrient_Agar_NO._2.yaml	CultureMech:008152	nutrient_agar_no_2	data/normalized_yaml/bacterial/blood_agar_base_oxoid_cm55.yaml	CultureMech:001747	blood_agar_base_oxoid_cm55	9	6	1	130	120		Name suggests added supplement/component; verify ingredient delta against source.
3e6bb212e572e1f4	PROPOSED	HIGH	CONCENTRATION_VARIANT	data/normalized_yaml/bacterial/TOGO_M15_Nutrient_Agar_NO._2.yaml	CultureMech:008152	nutrient_agar_no_2	data/normalized_yaml/bacterial/for_dsm_7232.yaml	CultureMech:006110	for_dsm_7232	9	6	1	130	120		Same ingredient identity signature but concentration signature differs from parent.
3e6bb212e572e1f4	PROPOSED	HIGH	CONCENTRATION_VARIANT	data/normalized_yaml/bacterial/TOGO_M15_Nutrient_Agar_NO._2.yaml	CultureMech:008152	nutrient_agar_no_2	data/normalized_yaml/bacterial/marinomonas_vaga_medium.yaml	CultureMech:001746	marinomonas_vaga_medium	9	6	1	130	120		Same ingredient identity signature but concentration signature differs from parent.
3e6bb212e572e1f4	PROPOSED	HIGH	CONCENTRATION_VARIANT	data/normalized_yaml/bacterial/TOGO_M15_Nutrient_Agar_NO._2.yaml	CultureMech:008152	nutrient_agar_no_2	data/normalized_yaml/bacterial/na_medium.yaml	CultureMech:008757	na_medium	9	6	1	130	120		Same ingredient identity signature but concentration signature differs from parent.
94ecc931b1772d69	PROPOSED	HIGH	CONCENTRATION_VARIANT	data/normalized_yaml/bacterial/JCM_J23_1_10_NUTRIENT_AGAR_NO._2.yaml	CultureMech:002600	1_10_nutrient_agar_no_2	data/normalized_yaml/bacterial/KOMODO_1289_ALCANIVORAX_BALERICUS_medium.yaml	CultureMech:004039	alcanivorax_balericus_medium	8	6	1	125	125		Same ingredient identity signature but concentration signature differs from parent.
94ecc931b1772d69	PROPOSED	HIGH	CONCENTRATION_VARIANT	data/normalized_yaml/bacterial/JCM_J23_1_10_NUTRIENT_AGAR_NO._2.yaml	CultureMech:002600	1_10_nutrient_agar_no_2	data/normalized_yaml/bacterial/alcanivorax_balericus_medium.yaml	CultureMech:000752	alcanivorax_balericus_medium	8	6	1	125	115		Same ingredient identity signature but concentration signature differs from parent.
94ecc931b1772d69	PROPOSED	HIGH	CONCENTRATION_VARIANT	data/normalized_yaml/bacterial/JCM_J23_1_10_NUTRIENT_AGAR_NO._2.yaml	CultureMech:002600	1_10_nutrient_agar_no_2	data/normalized_yaml/bacterial/na_sphingobacterium_medium.yaml	CultureMech:000825	na_sphingobacterium_medium	8	6	1	125	115		Same ingredient identity signature but concentration signature differs from parent.
94ecc931b1772d69	PROPOSED	HIGH	CONCENTRATION_VARIANT	data/normalized_yaml/bacterial/JCM_J23_1_10_NUTRIENT_AGAR_NO._2.yaml	CultureMech:002600	1_10_nutrient_agar_no_2	data/normalized_yaml/bacterial/nutrient_agar_no_2.yaml	CultureMech:002590	nutrient_agar_no_2	8	6	1	125	115		Same ingredient identity signature but concentration signature differs from parent.
94ecc931b1772d69	PROPOSED	HIGH	SALINITY_VARIANT	data/normalized_yaml/bacterial/JCM_J23_1_10_NUTRIENT_AGAR_NO._2.yaml	CultureMech:002600	1_10_nutrient_agar_no_2	data/normalized_yaml/bacterial/nutrient_agar_with_50_soil_extract_and_5_nacl.yaml	CultureMech:002763	nutrient_agar_with_50_soil_extract_and_5_nacl	8	6	1	125	115		Name suggests salt/salinity change; verify concentration delta against source.
94ecc931b1772d69	PROPOSED	HIGH	CONCENTRATION_VARIANT	data/normalized_yaml/bacterial/JCM_J23_1_10_NUTRIENT_AGAR_NO._2.yaml	CultureMech:002600	1_10_nutrient_agar_no_2	data/normalized_yaml/bacterial/volcanobacter_medium.yaml	CultureMech:000803	volcanobacter_medium	8	6	1	125	115		Same ingredient identity signature but concentration signature differs from parent.
577e5afa9a48a876	PROPOSED	HIGH	CONCENTRATION_VARIANT	data/normalized_yaml/bacterial/JCM_J59_CM_YE_MEDIUM.yaml	CultureMech:002947	cm_ye_medium	data/normalized_yaml/bacterial/JCM_J275_MODIFIED_CM_YE_MEDIUM_B.yaml	CultureMech:002632	modified_cm_ye_medium_b	8	5	2	137	137		Same ingredient identity signature but concentration signature differs from parent.
577e5afa9a48a876	PROPOSED	HIGH	CONCENTRATION_VARIANT	data/normalized_yaml/bacterial/JCM_J59_CM_YE_MEDIUM.yaml	CultureMech:002947	cm_ye_medium	data/normalized_yaml/bacterial/KOMODO_910_MODIFIED_CM_YE_medium_B.yaml	CultureMech:006784	modified_cm_ye_medium_b	8	5	2	137	137		Same ingredient identity signature but concentration signature differs from parent.
577e5afa9a48a876	PROPOSED	HIGH	SALINITY_VARIANT	data/normalized_yaml/bacterial/JCM_J59_CM_YE_MEDIUM.yaml	CultureMech:002947	cm_ye_medium	data/normalized_yaml/bacterial/cm_ye_medium_10_nacl.yaml	CultureMech:000721	cm_ye_medium_10_nacl	8	5	2	137	127		Name suggests salt/salinity change; verify concentration delta against source.
577e5afa9a48a876	PROPOSED	HIGH	PHYSICAL_STATE_VARIANT	data/normalized_yaml/bacterial/JCM_J59_CM_YE_MEDIUM.yaml	CultureMech:002947	cm_ye_medium	data/normalized_yaml/bacterial/cm_ye_medium_ph_9.yaml	CultureMech:002400	cm_ye_medium_ph_9	8	5	2	137	127		Physical state differs from parent: SOLID_AGAR -> LIQUID.
577e5afa9a48a876	PROPOSED	HIGH	CONCENTRATION_VARIANT	data/normalized_yaml/bacterial/JCM_J59_CM_YE_MEDIUM.yaml	CultureMech:002947	cm_ye_medium	data/normalized_yaml/bacterial/medium_910_modified_for_dsm_44618.yaml	CultureMech:006783	medium_910_modified_for_dsm_44618	8	5	2	137	127		Same ingredient identity signature but concentration signature differs from parent.
577e5afa9a48a876	PROPOSED	HIGH	CONCENTRATION_VARIANT	data/normalized_yaml/bacterial/JCM_J59_CM_YE_MEDIUM.yaml	CultureMech:002947	cm_ye_medium	data/normalized_yaml/bacterial/modified_cm_ye_medium_b.yaml	CultureMech:002078	modified_cm_ye_medium_b	8	5	2	137	127		Same ingredient identity signature but concentration signature differs from parent.
31006b6c091f62e3	PROPOSED	HIGH	SOURCE_DUPLICATE	data/normalized_yaml/bacterial/KOMODO_718_PETROTOGA_medium.yaml	CultureMech:006360	petrotoga_medium	data/normalized_yaml/bacterial/for_dsm_10674.yaml	CultureMech:006355	for_dsm_10674	8	2	1	147	137		Same ingredient and concentration signature; review as possible duplicate source record.
31006b6c091f62e3	PROPOSED	HIGH	SOURCE_DUPLICATE	data/normalized_yaml/bacterial/KOMODO_718_PETROTOGA_medium.yaml	CultureMech:006360	petrotoga_medium	data/normalized_yaml/bacterial/for_dsm_10691.yaml	CultureMech:006356	for_dsm_10691	8	2	1	147	137		Same ingredient and concentration signature; review as possible duplicate source record.
31006b6c091f62e3	PROPOSED	HIGH	SOURCE_DUPLICATE	data/normalized_yaml/bacterial/KOMODO_718_PETROTOGA_medium.yaml	CultureMech:006360	petrotoga_medium	data/normalized_yaml/bacterial/for_dsm_13782.yaml	CultureMech:006357	for_dsm_13782	8	2	1	147	137		Same ingredient and concentration signature; review as possible duplicate source record.
31006b6c091f62e3	PROPOSED	HIGH	SOURCE_DUPLICATE	data/normalized_yaml/bacterial/KOMODO_718_PETROTOGA_medium.yaml	CultureMech:006360	petrotoga_medium	data/normalized_yaml/bacterial/for_dsm_14811.yaml	CultureMech:006358	for_dsm_14811	8	2	1	147	137		Same ingredient and concentration signature; review as possible duplicate source record.
31006b6c091f62e3	PROPOSED	HIGH	SOURCE_DUPLICATE	data/normalized_yaml/bacterial/KOMODO_718_PETROTOGA_medium.yaml	CultureMech:006360	petrotoga_medium	data/normalized_yaml/bacterial/for_dsm_16923.yaml	CultureMech:006359	for_dsm_16923	8	2	1	147	137		Same ingredient and concentration signature; review as possible duplicate source record.
31006b6c091f62e3	PROPOSED	HIGH	SOURCE_DUPLICATE	data/normalized_yaml/bacterial/KOMODO_718_PETROTOGA_medium.yaml	CultureMech:006360	petrotoga_medium	data/normalized_yaml/bacterial/petrotoga_halophila_medium.yaml	CultureMech:000279	petrotoga_halophila_medium	8	2	1	147	137		Same ingredient and concentration signature; review as possible duplicate source record.
31006b6c091f62e3	PROPOSED	HIGH	CONCENTRATION_VARIANT	data/normalized_yaml/bacterial/KOMODO_718_PETROTOGA_medium.yaml	CultureMech:006360	petrotoga_medium	data/normalized_yaml/bacterial/petrotoga_medium.yaml	CultureMech:001856	petrotoga_medium	8	2	1	147	137		Same ingredient identity signature but concentration signature differs from parent.
ea1ac9472495e0d2	PROPOSED	HIGH	SOURCE_DUPLICATE	data/normalized_yaml/bacterial/for_dsm_12503.yaml	CultureMech:006681	for_dsm_12503	data/normalized_yaml/bacterial/for_dsm_12504.yaml	CultureMech:006682	for_dsm_12504	8	1	1	137	137		Same ingredient and concentration signature; review as possible duplicate source record.
ea1ac9472495e0d2	PROPOSED	HIGH	SOURCE_DUPLICATE	data/normalized_yaml/bacterial/for_dsm_12503.yaml	CultureMech:006681	for_dsm_12503	data/normalized_yaml/bacterial/for_dsm_12505.yaml	CultureMech:006683	for_dsm_12505	8	1	1	137	137		Same ingredient and concentration signature; review as possible duplicate source record.
ea1ac9472495e0d2	PROPOSED	HIGH	SOURCE_DUPLICATE	data/normalized_yaml/bacterial/for_dsm_12503.yaml	CultureMech:006681	for_dsm_12503	data/normalized_yaml/bacterial/for_dsm_13105.yaml	CultureMech:006684	for_dsm_13105	8	1	1	137	137		Same ingredient and concentration signature; review as possible duplicate source record.
ea1ac9472495e0d2	PROPOSED	HIGH	SOURCE_DUPLICATE	data/normalized_yaml/bacterial/for_dsm_12503.yaml	CultureMech:006681	for_dsm_12503	data/normalized_yaml/bacterial/for_dsm_13106_and_dsm_23801.yaml	CultureMech:006685	for_dsm_13106_and_dsm_23801	8	1	1	137	137		Same ingredient and concentration signature; review as possible duplicate source record.
ea1ac9472495e0d2	PROPOSED	HIGH	SOURCE_DUPLICATE	data/normalized_yaml/bacterial/for_dsm_12503.yaml	CultureMech:006681	for_dsm_12503	data/normalized_yaml/bacterial/for_dsm_13116.yaml	CultureMech:006686	for_dsm_13116	8	1	1	137	137		Same ingredient and concentration signature; review as possible duplicate source record.
ea1ac9472495e0d2	PROPOSED	HIGH	SOURCE_DUPLICATE	data/normalized_yaml/bacterial/for_dsm_12503.yaml	CultureMech:006681	for_dsm_12503	data/normalized_yaml/bacterial/hesp1_sr1_tmc4_lup_medium.yaml	CultureMech:006687	hesp1_sr1_tmc4_lup_medium	8	1	1	137	137		Same ingredient and concentration signature; review as possible duplicate source record.
ea57564c0864a437	PROPOSED	HIGH	CONCENTRATION_VARIANT	data/normalized_yaml/bacterial/m9_purvis.yaml	CultureMech:007059	m9_purvis	data/normalized_yaml/bacterial/m9_farmer_et_al.yaml	CultureMech:007010	m9_farmer_et_al	8	8	1	131	131		Same ingredient identity signature but concentration signature differs from parent.
ea57564c0864a437	PROPOSED	HIGH	CONCENTRATION_VARIANT	data/normalized_yaml/bacterial/m9_purvis.yaml	CultureMech:007059	m9_purvis	data/normalized_yaml/bacterial/m9_medium_kolisnychenko_et_al.yaml	CultureMech:007036	m9_medium_kolisnychenko_et_al	8	8	1	131	131		Same ingredient identity signature but concentration signature differs from parent.
ea57564c0864a437	PROPOSED	HIGH	CONCENTRATION_VARIANT	data/normalized_yaml/bacterial/m9_purvis.yaml	CultureMech:007059	m9_purvis	data/normalized_yaml/bacterial/m9_park_et_al.yaml	CultureMech:007133	m9_park_et_al	8	8	1	131	131		Same ingredient identity signature but concentration signature differs from parent.
ea57564c0864a437	PROPOSED	HIGH	SUPPLEMENTED_VARIANT	data/normalized_yaml/bacterial/m9_purvis.yaml	CultureMech:007059	m9_purvis	data/normalized_yaml/bacterial/m9_with_0_4_glucose_prachaiyo_et_al.yaml	CultureMech:007441	m9_with_0_4_glucose_prachaiyo_et_al	8	8	1	131	131		Name suggests added supplement/component; verify ingredient delta against source.
ea57564c0864a437	PROPOSED	HIGH	SUPPLEMENTED_VARIANT	data/normalized_yaml/bacterial/m9_purvis.yaml	CultureMech:007059	m9_purvis	data/normalized_yaml/bacterial/m9_with_0_7_glucose_prachaiyo_et_al.yaml	CultureMech:007446	m9_with_0_7_glucose_prachaiyo_et_al	8	8	1	131	131		Name suggests added supplement/component; verify ingredient delta against source.
ea57564c0864a437	PROPOSED	HIGH	SUPPLEMENTED_VARIANT	data/normalized_yaml/bacterial/m9_purvis.yaml	CultureMech:007059	m9_purvis	data/normalized_yaml/bacterial/m9_with_1_0_glucose_prachaiyo_et_al.yaml	CultureMech:007447	m9_with_1_0_glucose_prachaiyo_et_al	8	8	1	131	131		Name suggests added supplement/component; verify ingredient delta against source.
ea57564c0864a437	PROPOSED	HIGH	SUPPLEMENTED_VARIANT	data/normalized_yaml/bacterial/m9_purvis.yaml	CultureMech:007059	m9_purvis	data/normalized_yaml/bacterial/m9zb_with_glucose.yaml	CultureMech:006992	m9zb_with_glucose	8	8	1	131	131		Name suggests added supplement/component; verify ingredient delta against source.
d364bb81eea864f7	PROPOSED	HIGH	SOURCE_DUPLICATE	data/normalized_yaml/bacterial/medium_993_modified_for_dsm_16375.yaml	CultureMech:006965	medium_993_modified_for_dsm_16375	data/normalized_yaml/bacterial/medium_993_modified_for_dsm_44844.yaml	CultureMech:006966	medium_993_modified_for_dsm_44844	8	1	1	130	130		Same ingredient and concentration signature; review as possible duplicate source record.
d364bb81eea864f7	PROPOSED	HIGH	SOURCE_DUPLICATE	data/normalized_yaml/bacterial/medium_993_modified_for_dsm_16375.yaml	CultureMech:006965	medium_993_modified_for_dsm_16375	data/normalized_yaml/bacterial/medium_993_modified_for_dsm_45009.yaml	CultureMech:006967	medium_993_modified_for_dsm_45009	8	1	1	130	130		Same ingredient and concentration signature; review as possible duplicate source record.
d364bb81eea864f7	PROPOSED	HIGH	SOURCE_DUPLICATE	data/normalized_yaml/bacterial/medium_993_modified_for_dsm_16375.yaml	CultureMech:006965	medium_993_modified_for_dsm_16375	data/normalized_yaml/bacterial/medium_993_modified_for_dsm_45010.yaml	CultureMech:006968	medium_993_modified_for_dsm_45010	8	1	1	130	130		Same ingredient and concentration signature; review as possible duplicate source record.
d364bb81eea864f7	PROPOSED	HIGH	SOURCE_DUPLICATE	data/normalized_yaml/bacterial/medium_993_modified_for_dsm_16375.yaml	CultureMech:006965	medium_993_modified_for_dsm_16375	data/normalized_yaml/bacterial/medium_993_modified_for_dsm_45011.yaml	CultureMech:006969	medium_993_modified_for_dsm_45011	8	1	1	130	130		Same ingredient and concentration signature; review as possible duplicate source record.
d364bb81eea864f7	PROPOSED	HIGH	SOURCE_DUPLICATE	data/normalized_yaml/bacterial/medium_993_modified_for_dsm_16375.yaml	CultureMech:006965	medium_993_modified_for_dsm_16375	data/normalized_yaml/bacterial/medium_993_modified_for_dsm_45013.yaml	CultureMech:006970	medium_993_modified_for_dsm_45013	8	1	1	130	130		Same ingredient and concentration signature; review as possible duplicate source record.
d364bb81eea864f7	PROPOSED	HIGH	SOURCE_DUPLICATE	data/normalized_yaml/bacterial/medium_993_modified_for_dsm_16375.yaml	CultureMech:006965	medium_993_modified_for_dsm_16375	data/normalized_yaml/bacterial/medium_993_modified_for_dsm_45014.yaml	CultureMech:006971	medium_993_modified_for_dsm_45014	8	1	1	130	130		Same ingredient and concentration signature; review as possible duplicate source record.
d364bb81eea864f7	PROPOSED	HIGH	SOURCE_DUPLICATE	data/normalized_yaml/bacterial/medium_993_modified_for_dsm_16375.yaml	CultureMech:006965	medium_993_modified_for_dsm_16375	data/normalized_yaml/bacterial/medium_993_modified_for_dsm_45016.yaml	CultureMech:006972	medium_993_modified_for_dsm_45016	8	1	1	130	130		Same ingredient and concentration signature; review as possible duplicate source record.
8a8e63a67ac76f61	PROPOSED	HIGH	CONCENTRATION_VARIANT	data/normalized_yaml/bacterial/mj_medium.yaml	CultureMech:003521	mj_medium	data/normalized_yaml/bacterial/sulfurimonas_mj_medium.yaml	CultureMech:000427	sulfurimonas_mj_medium	8	2	1	139	139		Same ingredient identity signature but concentration signature differs from parent.
148e431dba104934	PROPOSED	HIGH	SOURCE_DUPLICATE	data/normalized_yaml/bacterial/mv_medium.yaml	CultureMech:006181	mv_medium	data/normalized_yaml/bacterial/for_dsm_16036_dsm_16058_and_dsm_21394.yaml	CultureMech:006179	for_dsm_16036_dsm_16058_and_dsm_21394	8	1	1	137	137		Same ingredient and concentration signature; review as possible duplicate source record.
148e431dba104934	PROPOSED	HIGH	SOURCE_DUPLICATE	data/normalized_yaml/bacterial/mv_medium.yaml	CultureMech:006181	mv_medium	data/normalized_yaml/bacterial/for_dsm_18151.yaml	CultureMech:006180	for_dsm_18151	8	1	1	137	137		Same ingredient and concentration signature; review as possible duplicate source record.
148e431dba104934	PROPOSED	HIGH	SOURCE_DUPLICATE	data/normalized_yaml/bacterial/mv_medium.yaml	CultureMech:006181	mv_medium	data/normalized_yaml/bacterial/for_dsm_749_dsm_1741_dsm_7074_dsm_7075_dsm_8344_dsm_15449_dsm_16022_dsm_16057_dsm_16059_dsm_16695_dsm_17215_dsm_17524_dsm_17734_dsm_17965_dsm_18033_dsm_19190_dsm_19191_dsm_19430_dsm_19637_and_dsm_23265.yaml	CultureMech:006178	for_dsm_749_dsm_1741_dsm_7074_dsm_7075_dsm_8344_dsm_15449_dsm_16022_dsm_16057_dsm_16059_dsm_16695_dsm_17215_dsm_17524_dsm_17734_dsm_17965_dsm_18033_dsm_19190_dsm_19191_dsm_19430_dsm_19637_and_dsm_23265	8	1	1	137	137		Same ingredient and concentration signature; review as possible duplicate source record.
148e431dba104934	PROPOSED	HIGH	SOURCE_DUPLICATE	data/normalized_yaml/bacterial/mv_medium.yaml	CultureMech:006181	mv_medium	data/normalized_yaml/bacterial/medium_641_modified_for_dsm_10349.yaml	CultureMech:006175	medium_641_modified_for_dsm_10349	8	1	1	137	137		Same ingredient and concentration signature; review as possible duplicate source record.
148e431dba104934	PROPOSED	HIGH	SOURCE_DUPLICATE	data/normalized_yaml/bacterial/mv_medium.yaml	CultureMech:006181	mv_medium	data/normalized_yaml/bacterial/medium_641_modified_for_dsm_13257.yaml	CultureMech:006176	medium_641_modified_for_dsm_13257	8	1	1	137	137		Same ingredient and concentration signature; review as possible duplicate source record.
148e431dba104934	PROPOSED	HIGH	SOURCE_DUPLICATE	data/normalized_yaml/bacterial/mv_medium.yaml	CultureMech:006181	mv_medium	data/normalized_yaml/bacterial/medium_641_modified_for_dsm_16056.yaml	CultureMech:006177	medium_641_modified_for_dsm_16056	8	1	1	137	137		Same ingredient and concentration signature; review as possible duplicate source record.
e7f37af2e9956671	PROPOSED	HIGH	CONCENTRATION_VARIANT	data/normalized_yaml/specialized/uga_defined_4carbonmix_nitrate_anaerobic_ph_5_0.yaml	CultureMech:015753	UGA defined 4CarbonMix Nitrate anaerobic pH 5.0	data/normalized_yaml/specialized/uga_defined_4carbonmix_nitrate_anaerobic_ph_5_3.yaml	CultureMech:015754	UGA defined 4CarbonMix Nitrate anaerobic pH 5.3	8	4	1	80	80		Same ingredient identity signature but concentration signature differs from parent.
e7f37af2e9956671	PROPOSED	HIGH	CONCENTRATION_VARIANT	data/normalized_yaml/specialized/uga_defined_4carbonmix_nitrate_anaerobic_ph_5_0.yaml	CultureMech:015753	UGA defined 4CarbonMix Nitrate anaerobic pH 5.0	data/normalized_yaml/specialized/uga_defined_4carbonmix_nitrate_anaerobic_ph_5_6.yaml	CultureMech:015755	UGA defined 4CarbonMix Nitrate anaerobic pH 5.6	8	4	1	80	80		Same ingredient identity signature but concentration signature differs from parent.
e7f37af2e9956671	PROPOSED	HIGH	CONCENTRATION_VARIANT	data/normalized_yaml/specialized/uga_defined_4carbonmix_nitrate_anaerobic_ph_5_0.yaml	CultureMech:015753	UGA defined 4CarbonMix Nitrate anaerobic pH 5.0	data/normalized_yaml/specialized/uga_defined_4carbonmix_nitrate_anaerobic_ph_5_9.yaml	CultureMech:015756	UGA defined 4CarbonMix Nitrate anaerobic pH 5.9	8	4	1	80	80		Same ingredient identity signature but concentration signature differs from parent.
e7f37af2e9956671	PROPOSED	HIGH	CONCENTRATION_VARIANT	data/normalized_yaml/specialized/uga_defined_4carbonmix_nitrate_anaerobic_ph_5_0.yaml	CultureMech:015753	UGA defined 4CarbonMix Nitrate anaerobic pH 5.0	data/normalized_yaml/specialized/uga_defined_4carbonmix_nitrate_anaerobic_ph_6_2.yaml	CultureMech:015757	UGA defined 4CarbonMix Nitrate anaerobic pH 6.2	8	4	1	80	80		Same ingredient identity signature but concentration signature differs from parent.
e7f37af2e9956671	PROPOSED	HIGH	CONCENTRATION_VARIANT	data/normalized_yaml/specialized/uga_defined_4carbonmix_nitrate_anaerobic_ph_5_0.yaml	CultureMech:015753	UGA defined 4CarbonMix Nitrate anaerobic pH 5.0	data/normalized_yaml/specialized/uga_defined_4carbonmix_nitrate_anaerobic_ph_6_5.yaml	CultureMech:015758	UGA defined 4CarbonMix Nitrate anaerobic pH 6.5	8	4	1	80	80		Same ingredient identity signature but concentration signature differs from parent.
e7f37af2e9956671	PROPOSED	HIGH	CONCENTRATION_VARIANT	data/normalized_yaml/specialized/uga_defined_4carbonmix_nitrate_anaerobic_ph_5_0.yaml	CultureMech:015753	UGA defined 4CarbonMix Nitrate anaerobic pH 5.0	data/normalized_yaml/specialized/uga_defined_4carbonmix_nitrate_anaerobic_ph_6_8.yaml	CultureMech:015759	UGA defined 4CarbonMix Nitrate anaerobic pH 6.8	8	4	1	80	80		Same ingredient identity signature but concentration signature differs from parent.
e7f37af2e9956671	PROPOSED	HIGH	CONCENTRATION_VARIANT	data/normalized_yaml/specialized/uga_defined_4carbonmix_nitrate_anaerobic_ph_5_0.yaml	CultureMech:015753	UGA defined 4CarbonMix Nitrate anaerobic pH 5.0	data/normalized_yaml/specialized/uga_defined_4carbonmix_nitrate_anaerobic_ph_7_1.yaml	CultureMech:015760	UGA defined 4CarbonMix Nitrate anaerobic pH 7.1	8	4	1	80	80		Same ingredient identity signature but concentration signature differs from parent.
8d4312a8a503911e	PROPOSED	HIGH	CONCENTRATION_VARIANT	data/normalized_yaml/specialized/uga_defined_lactate_nitrate_anaerobic_ph_5_0.yaml	CultureMech:015761	UGA defined Lactate Nitrate anaerobic pH 5.0	data/normalized_yaml/specialized/uga_defined_lactate_nitrate_anaerobic_ph_5_3.yaml	CultureMech:015762	UGA defined Lactate Nitrate anaerobic pH 5.3	8	8	1	80	80		Same ingredient identity signature but concentration signature differs from parent.
8d4312a8a503911e	PROPOSED	HIGH	CONCENTRATION_VARIANT	data/normalized_yaml/specialized/uga_defined_lactate_nitrate_anaerobic_ph_5_0.yaml	CultureMech:015761	UGA defined Lactate Nitrate anaerobic pH 5.0	data/normalized_yaml/specialized/uga_defined_lactate_nitrate_anaerobic_ph_5_6.yaml	CultureMech:015763	UGA defined Lactate Nitrate anaerobic pH 5.6	8	8	1	80	80		Same ingredient identity signature but concentration signature differs from parent.
8d4312a8a503911e	PROPOSED	HIGH	CONCENTRATION_VARIANT	data/normalized_yaml/specialized/uga_defined_lactate_nitrate_anaerobic_ph_5_0.yaml	CultureMech:015761	UGA defined Lactate Nitrate anaerobic pH 5.0	data/normalized_yaml/specialized/uga_defined_lactate_nitrate_anaerobic_ph_5_9.yaml	CultureMech:015764	UGA defined Lactate Nitrate anaerobic pH 5.9	8	8	1	80	80		Same ingredient identity signature but concentration signature differs from parent.
8d4312a8a503911e	PROPOSED	HIGH	CONCENTRATION_VARIANT	data/normalized_yaml/specialized/uga_defined_lactate_nitrate_anaerobic_ph_5_0.yaml	CultureMech:015761	UGA defined Lactate Nitrate anaerobic pH 5.0	data/normalized_yaml/specialized/uga_defined_lactate_nitrate_anaerobic_ph_6_2.yaml	CultureMech:015765	UGA defined Lactate Nitrate anaerobic pH 6.2	8	8	1	80	80		Same ingredient identity signature but concentration signature differs from parent.
8d4312a8a503911e	PROPOSED	HIGH	CONCENTRATION_VARIANT	data/normalized_yaml/specialized/uga_defined_lactate_nitrate_anaerobic_ph_5_0.yaml	CultureMech:015761	UGA defined Lactate Nitrate anaerobic pH 5.0	data/normalized_yaml/specialized/uga_defined_lactate_nitrate_anaerobic_ph_6_5.yaml	CultureMech:015766	UGA defined Lactate Nitrate anaerobic pH 6.5	8	8	1	80	80		Same ingredient identity signature but concentration signature differs from parent.
8d4312a8a503911e	PROPOSED	HIGH	CONCENTRATION_VARIANT	data/normalized_yaml/specialized/uga_defined_lactate_nitrate_anaerobic_ph_5_0.yaml	CultureMech:015761	UGA defined Lactate Nitrate anaerobic pH 5.0	data/normalized_yaml/specialized/uga_defined_lactate_nitrate_anaerobic_ph_6_8.yaml	CultureMech:015767	UGA defined Lactate Nitrate anaerobic pH 6.8	8	8	1	80	80		Same ingredient identity signature but concentration signature differs from parent.
8d4312a8a503911e	PROPOSED	HIGH	CONCENTRATION_VARIANT	data/normalized_yaml/specialized/uga_defined_lactate_nitrate_anaerobic_ph_5_0.yaml	CultureMech:015761	UGA defined Lactate Nitrate anaerobic pH 5.0	data/normalized_yaml/specialized/uga_defined_lactate_nitrate_anaerobic_ph_7_1.yaml	CultureMech:015768	UGA defined Lactate Nitrate anaerobic pH 7.1	8	8	1	80	80		Same ingredient identity signature but concentration signature differs from parent.
c5bd0c9303b38114	PROPOSED	HIGH	CONCENTRATION_VARIANT	data/normalized_yaml/bacterial/KOMODO_1044_GLUCONACETOBACTER_RHAETICUS_medium.yaml	CultureMech:003603	gluconacetobacter_rhaeticus_medium	data/normalized_yaml/bacterial/KOMODO_850_ALTERNATIVE_ACETOBACTER_INTERMEDIUS_medium.yaml	CultureMech:006658	alternative_acetobacter_intermedius_medium	7	5	1	133	133		Same ingredient identity signature but concentration signature differs from parent.
c5bd0c9303b38114	PROPOSED	HIGH	CONCENTRATION_VARIANT	data/normalized_yaml/bacterial/KOMODO_1044_GLUCONACETOBACTER_RHAETICUS_medium.yaml	CultureMech:003603	gluconacetobacter_rhaeticus_medium	data/normalized_yaml/bacterial/acetobacter_musti_medium.yaml	CultureMech:001084	acetobacter_musti_medium	7	5	1	133	123		Same ingredient identity signature but concentration signature differs from parent.
c5bd0c9303b38114	PROPOSED	HIGH	CONCENTRATION_VARIANT	data/normalized_yaml/bacterial/KOMODO_1044_GLUCONACETOBACTER_RHAETICUS_medium.yaml	CultureMech:003603	gluconacetobacter_rhaeticus_medium	data/normalized_yaml/bacterial/alternative_acetobacter_intermedius_medium.yaml	CultureMech:002008	alternative_acetobacter_intermedius_medium	7	5	1	133	123		Same ingredient identity signature but concentration signature differs from parent.
c5bd0c9303b38114	PROPOSED	HIGH	CONCENTRATION_VARIANT	data/normalized_yaml/bacterial/KOMODO_1044_GLUCONACETOBACTER_RHAETICUS_medium.yaml	CultureMech:003603	gluconacetobacter_rhaeticus_medium	data/normalized_yaml/bacterial/gy_medium.yaml	CultureMech:001021	gy_medium	7	5	1	133	123		Same ingredient identity signature but concentration signature differs from parent.
c5bd0c9303b38114	PROPOSED	HIGH	CONCENTRATION_VARIANT	data/normalized_yaml/bacterial/KOMODO_1044_GLUCONACETOBACTER_RHAETICUS_medium.yaml	CultureMech:003603	gluconacetobacter_rhaeticus_medium	data/normalized_yaml/bacterial/yed_acetobacter_medium.yaml	CultureMech:000888	yed_acetobacter_medium	7	5	1	133	123		Same ingredient identity signature but concentration signature differs from parent.
746d0347a625c384	PROPOSED	HIGH	SALINITY_VARIANT	data/normalized_yaml/bacterial/KOMODO_53_CORYNEBACTERIUM_AGAR.yaml	CultureMech:005967	corynebacterium_agar	data/normalized_yaml/bacterial/KOMODO_229_CORYNEBACTERIUM_medium_WITH_SALT.yaml	CultureMech:004582	corynebacterium_medium_with_salt	7	2	1	130	130		Name suggests salt/salinity change; verify concentration delta against source.
746d0347a625c384	PROPOSED	HIGH	SALINITY_VARIANT	data/normalized_yaml/bacterial/KOMODO_53_CORYNEBACTERIUM_AGAR.yaml	CultureMech:005967	corynebacterium_agar	data/normalized_yaml/bacterial/corynebacterium_medium_with_salt.yaml	CultureMech:001332	corynebacterium_medium_with_salt	7	2	1	130	120		Name suggests salt/salinity change; verify concentration delta against source.
9be7d9753141832b	PROPOSED	HIGH	CONCENTRATION_VARIANT	data/normalized_yaml/bacterial/KOMODO_785_BOGORIELLA_medium.yaml	CultureMech:006486	bogoriella_medium	data/normalized_yaml/bacterial/KOMODO_971_HALOMONAS_MAGADIENSIS_medium.yaml	CultureMech:006929	halomonas_magadiensis_medium	7	3	1	137	137		Same ingredient identity signature but concentration signature differs from parent.
9be7d9753141832b	PROPOSED	HIGH	CONCENTRATION_VARIANT	data/normalized_yaml/bacterial/KOMODO_785_BOGORIELLA_medium.yaml	CultureMech:006486	bogoriella_medium	data/normalized_yaml/bacterial/halomonas_magadiensis_medium.yaml	CultureMech:002153	halomonas_magadiensis_medium	7	3	1	137	127		Same ingredient identity signature but concentration signature differs from parent.
9be7d9753141832b	PROPOSED	HIGH	CONCENTRATION_VARIANT	data/normalized_yaml/bacterial/KOMODO_785_BOGORIELLA_medium.yaml	CultureMech:006486	bogoriella_medium	data/normalized_yaml/bacterial/lysobacter_deserti_medium.yaml	CultureMech:000493	lysobacter_deserti_medium	7	3	1	137	127		Same ingredient identity signature but concentration signature differs from parent.
9be7d9753141832b	PROPOSED	HIGH	CONCENTRATION_VARIANT	data/normalized_yaml/bacterial/KOMODO_785_BOGORIELLA_medium.yaml	CultureMech:006486	bogoriella_medium	data/normalized_yaml/bacterial/medium_971_modified_for_dsm_18087.yaml	CultureMech:006928	medium_971_modified_for_dsm_18087	7	3	1	137	127		Same ingredient identity signature but concentration signature differs from parent.
77fce5de540ef30c	PROPOSED	HIGH	PHYSICAL_STATE_VARIANT	data/normalized_yaml/bacterial/TOGO_M66_Trypticase_Soy_Agar.yaml	CultureMech:010073	trypticase_soy_agar	data/normalized_yaml/bacterial/full_media_trypticase_soy_broth_medium.yaml	CultureMech:009670	full_media_trypticase_soy_broth_medium	7	2	2	124	114		Physical state differs from parent: SOLID_AGAR -> LIQUID.
77fce5de540ef30c	PROPOSED	HIGH	PHYSICAL_STATE_VARIANT	data/normalized_yaml/bacterial/TOGO_M66_Trypticase_Soy_Agar.yaml	CultureMech:010073	trypticase_soy_agar	data/normalized_yaml/bacterial/tryptic_soy_broth.yaml	CultureMech:008226	tryptic_soy_broth	7	2	2	124	114		Physical state differs from parent: SOLID_AGAR -> LIQUID.
77fce5de540ef30c	PROPOSED	HIGH	PHYSICAL_STATE_VARIANT	data/normalized_yaml/bacterial/TOGO_M66_Trypticase_Soy_Agar.yaml	CultureMech:010073	trypticase_soy_agar	data/normalized_yaml/bacterial/tryptic_soy_broth_without_glucose_difco_media.yaml	CultureMech:008796	tryptic_soy_broth_without_glucose_difco_media	7	2	2	124	114		Physical state differs from parent: SOLID_AGAR -> LIQUID.
77fce5de540ef30c	PROPOSED	HIGH	PHYSICAL_STATE_VARIANT	data/normalized_yaml/bacterial/TOGO_M66_Trypticase_Soy_Agar.yaml	CultureMech:010073	trypticase_soy_agar	data/normalized_yaml/bacterial/tsb_ph5_5.yaml	CultureMech:008304	tsb_ph5_5	7	2	2	124	114		Physical state differs from parent: SOLID_AGAR -> LIQUID.
cee23732ee2646fc	PROPOSED	HIGH	CONCENTRATION_VARIANT	data/normalized_yaml/bacterial/togo_medium_m1414.yaml	CultureMech:007951	togo_medium_m1414	data/normalized_yaml/bacterial/czapek_solution_agar_a.yaml	CultureMech:008886	czapek_solution_agar_a	7	6	1	138	135		Same ingredient identity signature but concentration signature differs from parent.
cee23732ee2646fc	PROPOSED	HIGH	CONCENTRATION_VARIANT	data/normalized_yaml/bacterial/togo_medium_m1414.yaml	CultureMech:007951	togo_medium_m1414	data/normalized_yaml/bacterial/czapek_solution_agar_b.yaml	CultureMech:009206	czapek_solution_agar_b	7	6	1	138	135		Same ingredient identity signature but concentration signature differs from parent.
cee23732ee2646fc	PROPOSED	HIGH	CONCENTRATION_VARIANT	data/normalized_yaml/bacterial/togo_medium_m1414.yaml	CultureMech:007951	togo_medium_m1414	data/normalized_yaml/bacterial/czapeks_agar_for_the_genomic_modified_aspergillus.yaml	CultureMech:008591	czapeks_agar_for_the_genomic_modified_aspergillus	7	6	1	138	138		Same ingredient identity signature but concentration signature differs from parent.
cee23732ee2646fc	PROPOSED	HIGH	SUPPLEMENTED_VARIANT	data/normalized_yaml/bacterial/togo_medium_m1414.yaml	CultureMech:007951	togo_medium_m1414	data/normalized_yaml/bacterial/czapeks_solution_agar_with_200_g_sucrose.yaml	CultureMech:009642	czapeks_solution_agar_with_200_g_sucrose	7	6	1	138	135		Name suggests added supplement/component; verify ingredient delta against source.
cee23732ee2646fc	PROPOSED	HIGH	CONCENTRATION_VARIANT	data/normalized_yaml/bacterial/togo_medium_m1414.yaml	CultureMech:007951	togo_medium_m1414	data/normalized_yaml/bacterial/sucrose_nitrate_agar_czapek_dox_agar.yaml	CultureMech:009827	sucrose_nitrate_agar_czapek_dox_agar	7	6	1	138	135		Same ingredient identity signature but concentration signature differs from parent.
119a17cdc2b54bf5	PROPOSED	HIGH	SUPPLEMENTED_VARIANT	data/normalized_yaml/bacterial/1_5_yeast_starch_agar.yaml	CultureMech:008540	1_5_yeast_starch_agar	data/normalized_yaml/bacterial/1_10_yeast_starch_agar.yaml	CultureMech:007824	1_10_yeast_starch_agar	6	4	1	122	122		Name suggests added supplement/component; verify ingredient delta against source.
119a17cdc2b54bf5	PROPOSED	HIGH	SUPPLEMENTED_VARIANT	data/normalized_yaml/bacterial/1_5_yeast_starch_agar.yaml	CultureMech:008540	1_5_yeast_starch_agar	data/normalized_yaml/bacterial/half_strength_yeast_starch_agar.yaml	CultureMech:007523	half_strength_yeast_starch_agar	6	4	1	122	122		Name suggests added supplement/component; verify ingredient delta against source.
119a17cdc2b54bf5	PROPOSED	HIGH	SUPPLEMENTED_VARIANT	data/normalized_yaml/bacterial/1_5_yeast_starch_agar.yaml	CultureMech:008540	1_5_yeast_starch_agar	data/normalized_yaml/bacterial/yeast_extract_starch_agar.yaml	CultureMech:008028	yeast_extract_starch_agar	6	4	1	122	122		Name suggests added supplement/component; verify ingredient delta against source.
119a17cdc2b54bf5	PROPOSED	HIGH	SUPPLEMENTED_VARIANT	data/normalized_yaml/bacterial/1_5_yeast_starch_agar.yaml	CultureMech:008540	1_5_yeast_starch_agar	data/normalized_yaml/bacterial/yeast_extract_starch_agar_ph_5_5.yaml	CultureMech:008393	yeast_extract_starch_agar_ph_5_5	6	4	1	122	122		Name suggests added supplement/component; verify ingredient delta against source.
119a17cdc2b54bf5	PROPOSED	HIGH	SUPPLEMENTED_VARIANT	data/normalized_yaml/bacterial/1_5_yeast_starch_agar.yaml	CultureMech:008540	1_5_yeast_starch_agar	data/normalized_yaml/bacterial/yeast_starch_agar_ph_5.yaml	CultureMech:008229	yeast_starch_agar_ph_5	6	4	1	122	122		Name suggests added supplement/component; verify ingredient delta against source.
5db3d1827023c35f	PROPOSED	HIGH	CONCENTRATION_VARIANT	data/normalized_yaml/bacterial/2yt_medium.yaml	CultureMech:009457	2yt_medium	data/normalized_yaml/bacterial/half_concentrated_lb_luria_bertani_medium.yaml	CultureMech:001104	half_concentrated_lb_luria_bertani_medium	6	5	1	115	115		Same ingredient identity signature but concentration signature differs from parent.
5db3d1827023c35f	PROPOSED	HIGH	CONCENTRATION_VARIANT	data/normalized_yaml/bacterial/2yt_medium.yaml	CultureMech:009457	2yt_medium	data/normalized_yaml/bacterial/lb_luria_bertani_agar.yaml	CultureMech:002793	lb_luria_bertani_agar	6	5	1	115	115		Same ingredient identity signature but concentration signature differs from parent.
5db3d1827023c35f	PROPOSED	HIGH	SALINITY_VARIANT	data/normalized_yaml/bacterial/2yt_medium.yaml	CultureMech:009457	2yt_medium	data/normalized_yaml/bacterial/lb_luria_bertani_agar_with_5_nacl.yaml	CultureMech:002407	lb_luria_bertani_agar_with_5_nacl	6	5	1	115	115		Name suggests salt/salinity change; verify concentration delta against source.
5db3d1827023c35f	PROPOSED	HIGH	SALINITY_VARIANT	data/normalized_yaml/bacterial/2yt_medium.yaml	CultureMech:009457	2yt_medium	data/normalized_yaml/bacterial/lb_luria_bertani_agar_with_5_nacl_ph_9_0.yaml	CultureMech:002356	lb_luria_bertani_agar_with_5_nacl_ph_9_0	6	5	1	115	115		Name suggests salt/salinity change; verify concentration delta against source.
5db3d1827023c35f	PROPOSED	HIGH	CONCENTRATION_VARIANT	data/normalized_yaml/bacterial/2yt_medium.yaml	CultureMech:009457	2yt_medium	data/normalized_yaml/bacterial/lb_luria_bertani_medium.yaml	CultureMech:001486	lb_luria_bertani_medium	6	5	1	115	115		Same ingredient identity signature but concentration signature differs from parent.
94204aef4f9301d6	PROPOSED	HIGH	CONCENTRATION_VARIANT	data/normalized_yaml/bacterial/KOMODO_1015_YPGA.yaml	CultureMech:003526	ypga	data/normalized_yaml/bacterial/KOMODO_10_ZYMOMONAS_medium.yaml	CultureMech:003753	zymomonas_medium	6	3	1	125	125		Same ingredient identity signature but concentration signature differs from parent.
94204aef4f9301d6	PROPOSED	HIGH	CONCENTRATION_VARIANT	data/normalized_yaml/bacterial/KOMODO_1015_YPGA.yaml	CultureMech:003526	ypga	data/normalized_yaml/bacterial/pyg_agar_h.yaml	CultureMech:002686	pyg_agar_h	6	3	1	125	115		Same ingredient identity signature but concentration signature differs from parent.
94204aef4f9301d6	PROPOSED	HIGH	CONCENTRATION_VARIANT	data/normalized_yaml/bacterial/KOMODO_1015_YPGA.yaml	CultureMech:003526	ypga	data/normalized_yaml/bacterial/zymomonas_medium.yaml	CultureMech:000532	zymomonas_medium	6	3	1	125	115		Same ingredient identity signature but concentration signature differs from parent.
c28b8093db8b2b7c	PROPOSED	HIGH	SOURCE_DUPLICATE	data/normalized_yaml/bacterial/KOMODO_684_MPOB_medium.yaml	CultureMech:006289	mpob_medium	data/normalized_yaml/bacterial/for_dsm_14823.yaml	CultureMech:006286	for_dsm_14823	6	1	1	147	137		Same ingredient and concentration signature; review as possible duplicate source record.
c28b8093db8b2b7c	PROPOSED	HIGH	SOURCE_DUPLICATE	data/normalized_yaml/bacterial/KOMODO_684_MPOB_medium.yaml	CultureMech:006289	mpob_medium	data/normalized_yaml/bacterial/for_dsm_17232.yaml	CultureMech:006288	for_dsm_17232	6	1	1	147	137		Same ingredient and concentration signature; review as possible duplicate source record.
c28b8093db8b2b7c	PROPOSED	HIGH	SOURCE_DUPLICATE	data/normalized_yaml/bacterial/KOMODO_684_MPOB_medium.yaml	CultureMech:006289	mpob_medium	data/normalized_yaml/bacterial/medium_684_modified_for_dsm_14055.yaml	CultureMech:006285	medium_684_modified_for_dsm_14055	6	1	1	147	137		Same ingredient and concentration signature; review as possible duplicate source record.
c28b8093db8b2b7c	PROPOSED	HIGH	SOURCE_DUPLICATE	data/normalized_yaml/bacterial/KOMODO_684_MPOB_medium.yaml	CultureMech:006289	mpob_medium	data/normalized_yaml/bacterial/medium_684_modified_for_dsm_23957.yaml	CultureMech:006287	medium_684_modified_for_dsm_23957	6	1	1	147	137		Same ingredient and concentration signature; review as possible duplicate source record.
23c1bb6017782d4e	PROPOSED	HIGH	SUBSTITUTED_COMPONENT_VARIANT	data/normalized_yaml/bacterial/KOMODO_939_METHYLOTROPHIC_ARTHROBACTER_AND_HYPHOMICROBIUM_MEDIUM.yaml	CultureMech:006866	methylotrophic_arthrobacter_and_hyphomicrobium_medium	data/normalized_yaml/bacterial/methylotrophic_arthrobacter_and_hyphomicrobium_medium_replace_dimethysulfone_with_fructose.yaml	CultureMech:006862	methylotrophic_arthrobacter_and_hyphomicrobium_medium_replace_dimethysulfone_with_fructose	6	1	1	145	135		Name suggests substituted component; verify ingredient delta against source.
23c1bb6017782d4e	PROPOSED	HIGH	SUBSTITUTED_COMPONENT_VARIANT	data/normalized_yaml/bacterial/KOMODO_939_METHYLOTROPHIC_ARTHROBACTER_AND_HYPHOMICROBIUM_MEDIUM.yaml	CultureMech:006866	methylotrophic_arthrobacter_and_hyphomicrobium_medium	data/normalized_yaml/bacterial/methylotrophic_arthrobacter_and_hyphomicrobium_medium_replace_dimethysulfone_with_glucose.yaml	CultureMech:006863	methylotrophic_arthrobacter_and_hyphomicrobium_medium_replace_dimethysulfone_with_glucose	6	1	1	145	135		Name suggests substituted component; verify ingredient delta against source.
23c1bb6017782d4e	PROPOSED	HIGH	SUBSTITUTED_COMPONENT_VARIANT	data/normalized_yaml/bacterial/KOMODO_939_METHYLOTROPHIC_ARTHROBACTER_AND_HYPHOMICROBIUM_MEDIUM.yaml	CultureMech:006866	methylotrophic_arthrobacter_and_hyphomicrobium_medium	data/normalized_yaml/bacterial/methylotrophic_arthrobacter_and_hyphomicrobium_medium_replace_dimethysulfone_with_methanol.yaml	CultureMech:006864	methylotrophic_arthrobacter_and_hyphomicrobium_medium_replace_dimethysulfone_with_methanol	6	1	1	145	135		Name suggests substituted component; verify ingredient delta against source.
23c1bb6017782d4e	PROPOSED	HIGH	SUBSTITUTED_COMPONENT_VARIANT	data/normalized_yaml/bacterial/KOMODO_939_METHYLOTROPHIC_ARTHROBACTER_AND_HYPHOMICROBIUM_MEDIUM.yaml	CultureMech:006866	methylotrophic_arthrobacter_and_hyphomicrobium_medium	data/normalized_yaml/bacterial/methylotrophic_arthrobacter_and_hyphomicrobium_medium_replace_dimethysulfone_with_methylamine.yaml	CultureMech:006865	methylotrophic_arthrobacter_and_hyphomicrobium_medium_replace_dimethysulfone_with_methylamine	6	1	1	145	135		Name suggests substituted component; verify ingredient delta against source.
2ccf1974c8bae839	PROPOSED	HIGH	SOURCE_DUPLICATE	data/normalized_yaml/bacterial/for_dsm_9736.yaml	CultureMech:006631	for_dsm_9736	data/normalized_yaml/bacterial/for_dsm_15288_and_dsm_16228.yaml	CultureMech:006632	for_dsm_15288_and_dsm_16228	6	1	1	140	140		Same ingredient and concentration signature; review as possible duplicate source record.
2ccf1974c8bae839	PROPOSED	HIGH	SOURCE_DUPLICATE	data/normalized_yaml/bacterial/for_dsm_9736.yaml	CultureMech:006631	for_dsm_9736	data/normalized_yaml/bacterial/for_dsm_16401.yaml	CultureMech:006633	for_dsm_16401	6	1	1	140	140		Same ingredient and concentration signature; review as possible duplicate source record.
2ccf1974c8bae839	PROPOSED	HIGH	SOURCE_DUPLICATE	data/normalized_yaml/bacterial/for_dsm_9736.yaml	CultureMech:006631	for_dsm_9736	data/normalized_yaml/bacterial/for_dsm_19350_and_dsm_22248.yaml	CultureMech:006634	for_dsm_19350_and_dsm_22248	6	1	1	140	140		Same ingredient and concentration signature; review as possible duplicate source record.
2ccf1974c8bae839	PROPOSED	HIGH	SOURCE_DUPLICATE	data/normalized_yaml/bacterial/for_dsm_9736.yaml	CultureMech:006631	for_dsm_9736	data/normalized_yaml/bacterial/geobacter_dfr2_medium.yaml	CultureMech:006635	geobacter_dfr2_medium	6	1	1	140	140		Same ingredient and concentration signature; review as possible duplicate source record.
dd0e258b8c95a7db	PROPOSED	HIGH	SALINITY_VARIANT	data/normalized_yaml/bacterial/marine_agar_2216_with_1_nacl.yaml	CultureMech:010393	marine_agar_2216_with_1_nacl	data/normalized_yaml/bacterial/marine_agar_2216_with_10_nacl.yaml	CultureMech:010162	marine_agar_2216_with_10_nacl	6	5	1	115	115		Name suggests salt/salinity change; verify concentration delta against source.
dd0e258b8c95a7db	PROPOSED	HIGH	SALINITY_VARIANT	data/normalized_yaml/bacterial/marine_agar_2216_with_1_nacl.yaml	CultureMech:010393	marine_agar_2216_with_1_nacl	data/normalized_yaml/bacterial/marine_agar_2216_with_3_1_nacl.yaml	CultureMech:009731	marine_agar_2216_with_3_1_nacl	6	5	1	115	115		Name suggests salt/salinity change; verify concentration delta against source.
dd0e258b8c95a7db	PROPOSED	HIGH	SALINITY_VARIANT	data/normalized_yaml/bacterial/marine_agar_2216_with_1_nacl.yaml	CultureMech:010393	marine_agar_2216_with_1_nacl	data/normalized_yaml/bacterial/marine_agar_2216_with_5_nacl.yaml	CultureMech:010161	marine_agar_2216_with_5_nacl	6	5	1	115	115		Name suggests salt/salinity change; verify concentration delta against source.
dd0e258b8c95a7db	PROPOSED	HIGH	SALINITY_VARIANT	data/normalized_yaml/bacterial/marine_agar_2216_with_1_nacl.yaml	CultureMech:010393	marine_agar_2216_with_1_nacl	data/normalized_yaml/bacterial/marine_agar_2216_with_8_0_nacl.yaml	CultureMech:007591	marine_agar_2216_with_8_0_nacl	6	5	1	115	115		Name suggests salt/salinity change; verify concentration delta against source.
dd0e258b8c95a7db	PROPOSED	HIGH	SALINITY_VARIANT	data/normalized_yaml/bacterial/marine_agar_2216_with_1_nacl.yaml	CultureMech:010393	marine_agar_2216_with_1_nacl	data/normalized_yaml/bacterial/marine_agar_2216_with_8_nacl.yaml	CultureMech:009926	marine_agar_2216_with_8_nacl	6	5	1	115	115		Name suggests salt/salinity change; verify concentration delta against source.
71062e0ab4d2a2ba	PROPOSED	HIGH	SOURCE_DUPLICATE	data/normalized_yaml/bacterial/medium_84_modified_for_dsm_40886.yaml	CultureMech:006637	medium_84_modified_for_dsm_40886	data/normalized_yaml/bacterial/medium_84_modified_for_dsm_40887.yaml	CultureMech:006638	medium_84_modified_for_dsm_40887	6	1	1	123	123		Same ingredient and concentration signature; review as possible duplicate source record.
71062e0ab4d2a2ba	PROPOSED	HIGH	SOURCE_DUPLICATE	data/normalized_yaml/bacterial/medium_84_modified_for_dsm_40886.yaml	CultureMech:006637	medium_84_modified_for_dsm_40886	data/normalized_yaml/bacterial/medium_84_modified_for_dsm_40888.yaml	CultureMech:006639	medium_84_modified_for_dsm_40888	6	1	1	123	123		Same ingredient and concentration signature; review as possible duplicate source record.
71062e0ab4d2a2ba	PROPOSED	HIGH	SOURCE_DUPLICATE	data/normalized_yaml/bacterial/medium_84_modified_for_dsm_40886.yaml	CultureMech:006637	medium_84_modified_for_dsm_40886	data/normalized_yaml/bacterial/medium_84_modified_for_dsm_40889.yaml	CultureMech:006640	medium_84_modified_for_dsm_40889	6	1	1	123	123		Same ingredient and concentration signature; review as possible duplicate source record.
71062e0ab4d2a2ba	PROPOSED	HIGH	SOURCE_DUPLICATE	data/normalized_yaml/bacterial/medium_84_modified_for_dsm_40886.yaml	CultureMech:006637	medium_84_modified_for_dsm_40886	data/normalized_yaml/bacterial/medium_84_modified_for_dsm_41697.yaml	CultureMech:006641	medium_84_modified_for_dsm_41697	6	1	1	123	123		Same ingredient and concentration signature; review as possible duplicate source record.
71062e0ab4d2a2ba	PROPOSED	HIGH	SOURCE_DUPLICATE	data/normalized_yaml/bacterial/medium_84_modified_for_dsm_40886.yaml	CultureMech:006637	medium_84_modified_for_dsm_40886	data/normalized_yaml/bacterial/medium_84_modified_for_dsm_44681.yaml	CultureMech:006642	medium_84_modified_for_dsm_44681	6	1	1	123	123		Same ingredient and concentration signature; review as possible duplicate source record.
7f1ff425091adfb0	PROPOSED	HIGH	PHYSICAL_STATE_VARIANT	data/normalized_yaml/bacterial/trypticase_soy_broth_with_nacl.yaml	CultureMech:009028	trypticase_soy_broth_with_nacl	data/normalized_yaml/bacterial/tryptic_soy_agar_containing_2_5_nacl.yaml	CultureMech:008995	tryptic_soy_agar_containing_2_5_nacl	6	5	2	114	114		Physical state differs from parent: LIQUID -> SOLID_AGAR.
7f1ff425091adfb0	PROPOSED	HIGH	PHYSICAL_STATE_VARIANT	data/normalized_yaml/bacterial/trypticase_soy_broth_with_nacl.yaml	CultureMech:009028	trypticase_soy_broth_with_nacl	data/normalized_yaml/bacterial/trypticase_soy_agar_with_2_nacl.yaml	CultureMech:003291	trypticase_soy_agar_with_2_nacl	6	5	2	114	114		Physical state differs from parent: LIQUID -> SOLID_AGAR.
7f1ff425091adfb0	PROPOSED	HIGH	SALINITY_VARIANT	data/normalized_yaml/bacterial/trypticase_soy_broth_with_nacl.yaml	CultureMech:009028	trypticase_soy_broth_with_nacl	data/normalized_yaml/bacterial/trypticase_soy_broth_with_5_nacl.yaml	CultureMech:003215	trypticase_soy_broth_with_5_nacl	6	5	2	114	114		Name suggests salt/salinity change; verify concentration delta against source.
b0360ca6d466df54	PROPOSED	HIGH	SALINITY_VARIANT	data/normalized_yaml/specialized/marine_agar_2216_with_1_nacl.yaml	CultureMech:015426	marine_agar_2216_with_1_nacl	data/normalized_yaml/specialized/marine_agar_2216_with_10_nacl.yaml	CultureMech:015418	marine_agar_2216_with_10_nacl	6	5	1	115	115		Name suggests salt/salinity change; verify concentration delta against source.
b0360ca6d466df54	PROPOSED	HIGH	SALINITY_VARIANT	data/normalized_yaml/specialized/marine_agar_2216_with_1_nacl.yaml	CultureMech:015426	marine_agar_2216_with_1_nacl	data/normalized_yaml/specialized/marine_agar_2216_with_3_1_nacl.yaml	CultureMech:015400	marine_agar_2216_with_3_1_nacl	6	5	1	115	115		Name suggests salt/salinity change; verify concentration delta against source.
b0360ca6d466df54	PROPOSED	HIGH	SALINITY_VARIANT	data/normalized_yaml/specialized/marine_agar_2216_with_1_nacl.yaml	CultureMech:015426	marine_agar_2216_with_1_nacl	data/normalized_yaml/specialized/marine_agar_2216_with_5_nacl.yaml	CultureMech:015417	marine_agar_2216_with_5_nacl	6	5	1	115	115		Name suggests salt/salinity change; verify concentration delta against source.
b0360ca6d466df54	PROPOSED	HIGH	SALINITY_VARIANT	data/normalized_yaml/specialized/marine_agar_2216_with_1_nacl.yaml	CultureMech:015426	marine_agar_2216_with_1_nacl	data/normalized_yaml/specialized/marine_agar_2216_with_8_0_nacl.yaml	CultureMech:015372	marine_agar_2216_with_8_0_nacl	6	5	1	115	115		Name suggests salt/salinity change; verify concentration delta against source.
b0360ca6d466df54	PROPOSED	HIGH	SALINITY_VARIANT	data/normalized_yaml/specialized/marine_agar_2216_with_1_nacl.yaml	CultureMech:015426	marine_agar_2216_with_1_nacl	data/normalized_yaml/specialized/marine_agar_2216_with_8_nacl.yaml	CultureMech:015410	marine_agar_2216_with_8_nacl	6	5	1	115	115		Name suggests salt/salinity change; verify concentration delta against source.
48a16df64bf7599a	PROPOSED	HIGH	CONCENTRATION_VARIANT	data/normalized_yaml/archaea/KOMODO_479_METHANOHALOPHILUS_medium.yaml	CultureMech:005594	methanohalophilus_medium	data/normalized_yaml/archaea/methanohalophilus_oregonese_medium.yaml	CultureMech:005617	methanohalophilus_oregonese_medium	5	2	1	146	136		Same ingredient identity signature but concentration signature differs from parent.
48a16df64bf7599a	PROPOSED	HIGH	CONCENTRATION_VARIANT	data/normalized_yaml/archaea/KOMODO_479_METHANOHALOPHILUS_medium.yaml	CultureMech:005594	methanohalophilus_medium	data/normalized_yaml/archaea/methanolobus_oregonensis_medium.yaml	CultureMech:001618	methanolobus_oregonensis_medium	5	2	1	146	136		Same ingredient identity signature but concentration signature differs from parent.
48a16df64bf7599a	PROPOSED	HIGH	CONCENTRATION_VARIANT	data/normalized_yaml/archaea/KOMODO_479_METHANOHALOPHILUS_medium.yaml	CultureMech:005594	methanohalophilus_medium	data/normalized_yaml/archaea/methanolobus_taylori_medium.yaml	CultureMech:005618	methanolobus_taylori_medium	5	2	1	146	136		Same ingredient identity signature but concentration signature differs from parent.
efc3d2e6a291468a	PROPOSED	HIGH	DERIVED_FROM	data/normalized_yaml/bacterial/JCM_J423_PYG_MEDIUM_B.yaml	CultureMech:002776	pyg_medium_b	data/normalized_yaml/bacterial/KOMODO_1139_PYG_medium_B.yaml	CultureMech:003848	pyg_medium_b	5	1	1	135	135		Candidate child formulation requires source/formulation review.
efc3d2e6a291468a	PROPOSED	HIGH	DERIVED_FROM	data/normalized_yaml/bacterial/JCM_J423_PYG_MEDIUM_B.yaml	CultureMech:002776	pyg_medium_b	data/normalized_yaml/bacterial/pyg_medium_b.yaml	CultureMech:000575	pyg_medium_b	5	1	1	135	125		Candidate child formulation requires source/formulation review.
a33b617f3a08eb29	PROPOSED	HIGH	SUBSTITUTED_COMPONENT_VARIANT	data/normalized_yaml/bacterial/KOMODO_144_THERMOANAEROBIUM_medium.yaml	CultureMech:004164	thermoanaerobium_medium	data/normalized_yaml/bacterial/thermoanaerobium_medium_replace_tryptone_with_trypticase.yaml	CultureMech:004161	thermoanaerobium_medium_replace_tryptone_with_trypticase	5	1	1	146	136		Name suggests substituted component; verify ingredient delta against source.
e298b1ec32daaf17	PROPOSED	HIGH	SUPPLEMENTED_VARIANT	data/normalized_yaml/bacterial/KOMODO_246_SEA_WATER_AGAR.yaml	CultureMech:004619	sea_water_agar	data/normalized_yaml/bacterial/reactivation_with_liquid_medium_246.yaml	CultureMech:001347	reactivation_with_liquid_medium_246	5	1	1	137	127		Name suggests added supplement/component; verify ingredient delta against source.
edd622faab6c01d2	PROPOSED	HIGH	SALINITY_VARIANT	data/normalized_yaml/bacterial/KOMODO_252_STARCH_-_MINERAL_salt_-_AGAR_STMS.yaml	CultureMech:004654	starch_mineral_salt_agar_stms	data/normalized_yaml/bacterial/KOMODO_1240_STARCH-MINERAL_SALT-AGAR_10_NACL.yaml	CultureMech:003998	starch_mineral_salt_agar_10_nacl	5	3	1	145	145		Name suggests salt/salinity change; verify concentration delta against source.
edd622faab6c01d2	PROPOSED	HIGH	SALINITY_VARIANT	data/normalized_yaml/bacterial/KOMODO_252_STARCH_-_MINERAL_salt_-_AGAR_STMS.yaml	CultureMech:004654	starch_mineral_salt_agar_stms	data/normalized_yaml/bacterial/starch_mineral_salt_agar_10_nacl.yaml	CultureMech:000699	starch_mineral_salt_agar_10_nacl	5	3	1	145	135		Name suggests salt/salinity change; verify concentration delta against source.
edd622faab6c01d2	PROPOSED	HIGH	SALINITY_VARIANT	data/normalized_yaml/bacterial/KOMODO_252_STARCH_-_MINERAL_salt_-_AGAR_STMS.yaml	CultureMech:004654	starch_mineral_salt_agar_stms	data/normalized_yaml/bacterial/starch_mineral_salt_agar_stms_15_nacl.yaml	CultureMech:000700	starch_mineral_salt_agar_stms_15_nacl	5	3	1	145	135		Name suggests salt/salinity change; verify concentration delta against source.
6659c1d2eee8dc51	PROPOSED	HIGH	CONCENTRATION_VARIANT	data/normalized_yaml/bacterial/KOMODO_330_RUMEN_BACTERIA_medium.yaml	CultureMech:005024	rumen_bacteria_medium	data/normalized_yaml/bacterial/KOMODO_704_BUTYRIVIBRIO_SP._medium.yaml	CultureMech:006335	butyrivibrio_sp_medium	5	2	1	142	142		Same ingredient identity signature but concentration signature differs from parent.
6659c1d2eee8dc51	PROPOSED	HIGH	CONCENTRATION_VARIANT	data/normalized_yaml/bacterial/KOMODO_330_RUMEN_BACTERIA_medium.yaml	CultureMech:005024	rumen_bacteria_medium	data/normalized_yaml/bacterial/butyrivibrio_sp_medium.yaml	CultureMech:001843	butyrivibrio_sp_medium	5	2	1	142	132		Same ingredient identity signature but concentration signature differs from parent.
0d304c67a21d31bf	PROPOSED	HIGH	CONCENTRATION_VARIANT	data/normalized_yaml/bacterial/KOMODO_364_PYEA_medium.yaml	CultureMech:005087	pyea_medium	data/normalized_yaml/bacterial/KOMODO_423_XENORHABDUS_medium.yaml	CultureMech:005248	xenorhabdus_medium	5	3	1	125	125		Same ingredient identity signature but concentration signature differs from parent.
0d304c67a21d31bf	PROPOSED	HIGH	CONCENTRATION_VARIANT	data/normalized_yaml/bacterial/KOMODO_364_PYEA_medium.yaml	CultureMech:005087	pyea_medium	data/normalized_yaml/bacterial/stappia_quadratibracata_medium_28m_7.yaml	CultureMech:001214	stappia_quadratibracata_medium_28m_7	5	3	1	125	115		Same ingredient identity signature but concentration signature differs from parent.
0d304c67a21d31bf	PROPOSED	HIGH	CONCENTRATION_VARIANT	data/normalized_yaml/bacterial/KOMODO_364_PYEA_medium.yaml	CultureMech:005087	pyea_medium	data/normalized_yaml/bacterial/xenorhabdus_medium.yaml	CultureMech:001528	xenorhabdus_medium	5	3	1	125	115		Same ingredient identity signature but concentration signature differs from parent.
2fc7f6bfef83a609	PROPOSED	HIGH	SUBSTITUTED_COMPONENT_VARIANT	data/normalized_yaml/bacterial/KOMODO_413_BTU_medium.yaml	CultureMech:005240	btu_medium	data/normalized_yaml/bacterial/btu_medium_replace_formiate_with_fumarate.yaml	CultureMech:005239	btu_medium_replace_formiate_with_fumarate	5	1	1	138	128		Name suggests substituted component; verify ingredient delta against source.
bf736be0e90101d9	PROPOSED	HIGH	CONCENTRATION_VARIANT	data/normalized_yaml/bacterial/KOMODO_745_RHODOBIUM_MEDIUM.yaml	CultureMech:006396	rhodobium_medium	data/normalized_yaml/bacterial/mmys_i_medium.yaml	CultureMech:002555	mmys_i_medium	5	2	1	147	137		Same ingredient identity signature but concentration signature differs from parent.
bf736be0e90101d9	PROPOSED	HIGH	CONCENTRATION_VARIANT	data/normalized_yaml/bacterial/KOMODO_745_RHODOBIUM_MEDIUM.yaml	CultureMech:006396	rhodobium_medium	data/normalized_yaml/bacterial/mmys_iii_medium.yaml	CultureMech:002561	mmys_iii_medium	5	2	1	147	137		Same ingredient identity signature but concentration signature differs from parent.
bf736be0e90101d9	PROPOSED	HIGH	CONCENTRATION_VARIANT	data/normalized_yaml/bacterial/KOMODO_745_RHODOBIUM_MEDIUM.yaml	CultureMech:006396	rhodobium_medium	data/normalized_yaml/bacterial/mys_medium.yaml	CultureMech:002563	mys_medium	5	2	1	147	137		Same ingredient identity signature but concentration signature differs from parent.
07ff9091c2ef790b	PROPOSED	HIGH	CONCENTRATION_VARIANT	data/normalized_yaml/bacterial/KOMODO_752_HALOMONAS_PANTELLERIENSE.yaml	CultureMech:006404	halomonas_pantelleriense	data/normalized_yaml/bacterial/JCM_J975_SALINIVIBRIO_SHARMENSIS_MEDIUM.yaml	CultureMech:003324	salinivibrio_sharmensis_medium	5	3	1	144	144		Same ingredient identity signature but concentration signature differs from parent.
07ff9091c2ef790b	PROPOSED	HIGH	CONCENTRATION_VARIANT	data/normalized_yaml/bacterial/KOMODO_752_HALOMONAS_PANTELLERIENSE.yaml	CultureMech:006404	halomonas_pantelleriense	data/normalized_yaml/bacterial/KOMODO_992_BACILLUS_FILIFORMIS_medium.yaml	CultureMech:006964	bacillus_filiformis_medium	5	3	1	144	144		Same ingredient identity signature but concentration signature differs from parent.
07ff9091c2ef790b	PROPOSED	HIGH	CONCENTRATION_VARIANT	data/normalized_yaml/bacterial/KOMODO_752_HALOMONAS_PANTELLERIENSE.yaml	CultureMech:006404	halomonas_pantelleriense	data/normalized_yaml/bacterial/bacillus_filiformis_medium.yaml	CultureMech:002174	bacillus_filiformis_medium	5	3	1	144	134		Same ingredient identity signature but concentration signature differs from parent.
f45d71fd027f5467	PROPOSED	HIGH	SUPPLEMENTED_VARIANT	data/normalized_yaml/bacterial/KOMODO_993_ISP_5_MEDIUM.yaml	CultureMech:006973	isp_5_medium	data/normalized_yaml/bacterial/KOMODO_993c_MODIFIED_ISP5_MEDIUM_WITH_SODIUM_CHLORIDE.yaml	CultureMech:006976	modified_isp5_medium_with_sodium_chloride	5	1	1	140	140		Name suggests added supplement/component; verify ingredient delta against source.
6945bf26232cd02f	PROPOSED	HIGH	DERIVED_FROM	data/normalized_yaml/bacterial/TOGO_M878_1_3_LB_Agar.yaml	CultureMech:010296	1_3_lb_agar	data/normalized_yaml/bacterial/1_3_lb_agar.yaml	CultureMech:003187	1_3_lb_agar	5	4	1	130	120		Candidate child formulation requires source/formulation review.
6945bf26232cd02f	PROPOSED	HIGH	CONCENTRATION_VARIANT	data/normalized_yaml/bacterial/TOGO_M878_1_3_LB_Agar.yaml	CultureMech:010296	1_3_lb_agar	data/normalized_yaml/bacterial/TOGO_M1330_LB_Luria-Bertani_Medium_Lennox.yaml	CultureMech:007866	lb_luria_bertani_medium_lennox	5	4	1	130	130		Same ingredient identity signature but concentration signature differs from parent.
6945bf26232cd02f	PROPOSED	HIGH	SALINITY_VARIANT	data/normalized_yaml/bacterial/TOGO_M878_1_3_LB_Agar.yaml	CultureMech:010296	1_3_lb_agar	data/normalized_yaml/bacterial/TOGO_M1334_LB_Luria-Bertani_Agar_With_5_NaCl.yaml	CultureMech:007870	lb_luria_bertani_agar_with_5_nacl	5	4	1	130	130		Name suggests salt/salinity change; verify concentration delta against source.
6945bf26232cd02f	PROPOSED	HIGH	CONCENTRATION_VARIANT	data/normalized_yaml/bacterial/TOGO_M878_1_3_LB_Agar.yaml	CultureMech:010296	1_3_lb_agar	data/normalized_yaml/bacterial/TOGO_M443_LB_Luria-Bertani_Agar.yaml	CultureMech:009829	lb_luria_bertani_agar	5	4	1	130	130		Same ingredient identity signature but concentration signature differs from parent.
8090c6ef1dc2152f	PROPOSED	HIGH	SUPPLEMENTED_VARIANT	data/normalized_yaml/bacterial/anaero_columbia_agar_with_rabbit_blood.yaml	CultureMech:003036	anaero_columbia_agar_with_rabbit_blood	data/normalized_yaml/bacterial/columbia_blood_agar_with_10_horse_blood.yaml	CultureMech:002579	columbia_blood_agar_with_10_horse_blood	5	2	1	101	101		Name suggests added supplement/component; verify ingredient delta against source.
8090c6ef1dc2152f	PROPOSED	HIGH	SUPPLEMENTED_VARIANT	data/normalized_yaml/bacterial/anaero_columbia_agar_with_rabbit_blood.yaml	CultureMech:003036	anaero_columbia_agar_with_rabbit_blood	data/normalized_yaml/bacterial/columbia_blood_agar_with_5_horse_blood.yaml	CultureMech:002640	columbia_blood_agar_with_5_horse_blood	5	2	1	101	101		Name suggests added supplement/component; verify ingredient delta against source.
8090c6ef1dc2152f	PROPOSED	HIGH	SUPPLEMENTED_VARIANT	data/normalized_yaml/bacterial/anaero_columbia_agar_with_rabbit_blood.yaml	CultureMech:003036	anaero_columbia_agar_with_rabbit_blood	data/normalized_yaml/bacterial/columbia_blood_agar_with_5_rabbit_blood.yaml	CultureMech:002933	columbia_blood_agar_with_5_rabbit_blood	5	2	1	101	101		Name suggests added supplement/component; verify ingredient delta against source.
8090c6ef1dc2152f	PROPOSED	HIGH	SUPPLEMENTED_VARIANT	data/normalized_yaml/bacterial/anaero_columbia_agar_with_rabbit_blood.yaml	CultureMech:003036	anaero_columbia_agar_with_rabbit_blood	data/normalized_yaml/bacterial/columbia_blood_agar_with_5_sheep_blood.yaml	CultureMech:002614	columbia_blood_agar_with_5_sheep_blood	5	2	1	101	101		Name suggests added supplement/component; verify ingredient delta against source.
094b49ef9e02baa3	PROPOSED	HIGH	SUPPLEMENTED_VARIANT	data/normalized_yaml/bacterial/chemically_defined_fermentation_medium_45g_glucose_7g_msg.yaml	CultureMech:007237	chemically_defined_fermentation_medium_45g_glucose_7g_msg	data/normalized_yaml/bacterial/chemically_defined_fermentation_medium_20g_glucose_12_5g_msg.yaml	CultureMech:007223	chemically_defined_fermentation_medium_20g_glucose_12_5g_msg	5	5	1	130	130		Name suggests added supplement/component; verify ingredient delta against source.
094b49ef9e02baa3	PROPOSED	HIGH	SUPPLEMENTED_VARIANT	data/normalized_yaml/bacterial/chemically_defined_fermentation_medium_45g_glucose_7g_msg.yaml	CultureMech:007237	chemically_defined_fermentation_medium_45g_glucose_7g_msg	data/normalized_yaml/bacterial/chemically_defined_fermentation_medium_45g_glucose_12_5g_msg.yaml	CultureMech:007217	chemically_defined_fermentation_medium_45g_glucose_12_5g_msg	5	5	1	130	130		Name suggests added supplement/component; verify ingredient delta against source.
094b49ef9e02baa3	PROPOSED	HIGH	SUPPLEMENTED_VARIANT	data/normalized_yaml/bacterial/chemically_defined_fermentation_medium_45g_glucose_7g_msg.yaml	CultureMech:007237	chemically_defined_fermentation_medium_45g_glucose_7g_msg	data/normalized_yaml/bacterial/chemically_defined_fermentation_medium_45g_glucose_18g_msg.yaml	CultureMech:007238	chemically_defined_fermentation_medium_45g_glucose_18g_msg	5	5	1	130	130		Name suggests added supplement/component; verify ingredient delta against source.
094b49ef9e02baa3	PROPOSED	HIGH	SUPPLEMENTED_VARIANT	data/normalized_yaml/bacterial/chemically_defined_fermentation_medium_45g_glucose_7g_msg.yaml	CultureMech:007237	chemically_defined_fermentation_medium_45g_glucose_7g_msg	data/normalized_yaml/bacterial/chemically_defined_fermentation_medium_70g_glucose_12_5g_msg.yaml	CultureMech:007224	chemically_defined_fermentation_medium_70g_glucose_12_5g_msg	5	5	1	130	130		Name suggests added supplement/component; verify ingredient delta against source.
91736aaf5bbdc76a	PROPOSED	HIGH	CONCENTRATION_VARIANT	data/normalized_yaml/bacterial/for_dsm_12260.yaml	CultureMech:006652	for_dsm_12260	data/normalized_yaml/bacterial/aminobacterium_medium.yaml	CultureMech:002003	aminobacterium_medium	5	2	1	137	137		Same ingredient identity signature but concentration signature differs from parent.
91736aaf5bbdc76a	PROPOSED	HIGH	SOURCE_DUPLICATE	data/normalized_yaml/bacterial/for_dsm_12260.yaml	CultureMech:006652	for_dsm_12260	data/normalized_yaml/bacterial/anaerobic_serine_arginine_medium.yaml	CultureMech:006653	anaerobic_serine_arginine_medium	5	2	1	137	137		Same ingredient and concentration signature; review as possible duplicate source record.
91736aaf5bbdc76a	PROPOSED	HIGH	SOURCE_DUPLICATE	data/normalized_yaml/bacterial/for_dsm_12260.yaml	CultureMech:006652	for_dsm_12260	data/normalized_yaml/bacterial/for_dsm_12261_and_dsm_12262.yaml	CultureMech:006651	for_dsm_12261_and_dsm_12262	5	2	1	137	137		Same ingredient and concentration signature; review as possible duplicate source record.
b3626451617f0879	PROPOSED	HIGH	CONCENTRATION_VARIANT	data/normalized_yaml/bacterial/for_dsm_14385.yaml	CultureMech:006246	for_dsm_14385	data/normalized_yaml/bacterial/caldanaerobacter_medium.yaml	CultureMech:002064	caldanaerobacter_medium	5	2	1	138	138		Same ingredient identity signature but concentration signature differs from parent.
b3626451617f0879	PROPOSED	HIGH	CONCENTRATION_VARIANT	data/normalized_yaml/bacterial/for_dsm_14385.yaml	CultureMech:006246	for_dsm_14385	data/normalized_yaml/bacterial/thermoanaerobacter_subterraneus_medium.yaml	CultureMech:006759	thermoanaerobacter_subterraneus_medium	5	2	1	138	138		Same ingredient identity signature but concentration signature differs from parent.
b3626451617f0879	PROPOSED	HIGH	SOURCE_DUPLICATE	data/normalized_yaml/bacterial/for_dsm_14385.yaml	CultureMech:006246	for_dsm_14385	data/normalized_yaml/bacterial/thermotoga_elfii_medium.yaml	CultureMech:006247	thermotoga_elfii_medium	5	2	1	138	138		Same ingredient and concentration signature; review as possible duplicate source record.
1ace604225a92d3b	PROPOSED	HIGH	SOURCE_DUPLICATE	data/normalized_yaml/bacterial/for_dsm_5885.yaml	CultureMech:005694	for_dsm_5885	data/normalized_yaml/bacterial/for_dsm_6139.yaml	CultureMech:005695	for_dsm_6139	5	1	1	139	139		Same ingredient and concentration signature; review as possible duplicate source record.
1ace604225a92d3b	PROPOSED	HIGH	SOURCE_DUPLICATE	data/normalized_yaml/bacterial/for_dsm_5885.yaml	CultureMech:005694	for_dsm_5885	data/normalized_yaml/bacterial/for_dsm_6150.yaml	CultureMech:005696	for_dsm_6150	5	1	1	139	139		Same ingredient and concentration signature; review as possible duplicate source record.
1ace604225a92d3b	PROPOSED	HIGH	SOURCE_DUPLICATE	data/normalized_yaml/bacterial/for_dsm_5885.yaml	CultureMech:005694	for_dsm_5885	data/normalized_yaml/bacterial/propionivibrio_acetivibrio_formivibrio_medium.yaml	CultureMech:005697	propionivibrio_acetivibrio_formivibrio_medium	5	1	1	139	139		Same ingredient and concentration signature; review as possible duplicate source record.
40364b8a44a773b6	PROPOSED	HIGH	SOURCE_DUPLICATE	data/normalized_yaml/bacterial/for_dsm_612.yaml	CultureMech:005064	for_dsm_612	data/normalized_yaml/bacterial/for_dsm_22701.yaml	CultureMech:005080	for_dsm_22701	5	1	1	133	133		Same ingredient and concentration signature; review as possible duplicate source record.
40364b8a44a773b6	PROPOSED	HIGH	SOURCE_DUPLICATE	data/normalized_yaml/bacterial/for_dsm_612.yaml	CultureMech:005064	for_dsm_612	data/normalized_yaml/bacterial/thiomonas_intermedia_medium.yaml	CultureMech:005081	thiomonas_intermedia_medium	5	1	1	133	133		Same ingredient and concentration signature; review as possible duplicate source record.
40364b8a44a773b6	PROPOSED	HIGH	SOURCE_DUPLICATE	data/normalized_yaml/bacterial/for_dsm_612.yaml	CultureMech:005064	for_dsm_612	data/normalized_yaml/bacterial/thiomonas_medium.yaml	CultureMech:001460	thiomonas_medium	5	1	1	133	133		Same ingredient and concentration signature; review as possible duplicate source record.
b876e168ac2ce14c	PROPOSED	HIGH	SUPPLEMENTED_VARIANT	data/normalized_yaml/bacterial/m9_with_0_4_glucose_and_5_emulsion.yaml	CultureMech:007444	m9_with_0_4_glucose_and_5_emulsion	data/normalized_yaml/bacterial/m9_with_0_4_glucose_and_20_emulsion.yaml	CultureMech:007445	m9_with_0_4_glucose_and_20_emulsion	5	5	1	133	133		Name suggests added supplement/component; verify ingredient delta against source.
b876e168ac2ce14c	PROPOSED	HIGH	SUPPLEMENTED_VARIANT	data/normalized_yaml/bacterial/m9_with_0_4_glucose_and_5_emulsion.yaml	CultureMech:007444	m9_with_0_4_glucose_and_5_emulsion	data/normalized_yaml/bacterial/m9_with_0_4_glucose_and_40_emulsion.yaml	CultureMech:007443	m9_with_0_4_glucose_and_40_emulsion	5	5	1	133	133		Name suggests added supplement/component; verify ingredient delta against source.
b876e168ac2ce14c	PROPOSED	HIGH	SUPPLEMENTED_VARIANT	data/normalized_yaml/bacterial/m9_with_0_4_glucose_and_5_emulsion.yaml	CultureMech:007444	m9_with_0_4_glucose_and_5_emulsion	data/normalized_yaml/bacterial/m9_with_0_7_glucose_and_40_emulsion.yaml	CultureMech:006987	m9_with_0_7_glucose_and_40_emulsion	5	5	1	133	133		Name suggests added supplement/component; verify ingredient delta against source.
b876e168ac2ce14c	PROPOSED	HIGH	SUPPLEMENTED_VARIANT	data/normalized_yaml/bacterial/m9_with_0_4_glucose_and_5_emulsion.yaml	CultureMech:007444	m9_with_0_4_glucose_and_5_emulsion	data/normalized_yaml/bacterial/m9_with_1_0_glucose_and_40_emulsion.yaml	CultureMech:006988	m9_with_1_0_glucose_and_40_emulsion	5	5	1	133	133		Name suggests added supplement/component; verify ingredient delta against source.
63460fd8b950e650	PROPOSED	HIGH	SOURCE_DUPLICATE	data/normalized_yaml/archaea/JCM_J986_METHANOCOCCOIDES_MEDIUM.yaml	CultureMech:003335	methanococcoides_medium	data/normalized_yaml/archaea/methanoculleus_medium.yaml	CultureMech:002620	methanoculleus_medium	4	1	1	146	136		Same ingredient and concentration signature; review as possible duplicate source record.
63460fd8b950e650	PROPOSED	HIGH	SOURCE_DUPLICATE	data/normalized_yaml/archaea/JCM_J986_METHANOCOCCOIDES_MEDIUM.yaml	CultureMech:003335	methanococcoides_medium	data/normalized_yaml/archaea/methanogenium_medium.yaml	CultureMech:000295	methanogenium_medium	4	1	1	146	136		Same ingredient and concentration signature; review as possible duplicate source record.
63460fd8b950e650	PROPOSED	HIGH	SOURCE_DUPLICATE	data/normalized_yaml/archaea/JCM_J986_METHANOCOCCOIDES_MEDIUM.yaml	CultureMech:003335	methanococcoides_medium	data/normalized_yaml/archaea/methanosarcina_baltica_medium.yaml	CultureMech:002662	methanosarcina_baltica_medium	4	1	1	146	136		Same ingredient and concentration signature; review as possible duplicate source record.
e88c8ebae58c240c	PROPOSED	HIGH	SALINITY_VARIANT	data/normalized_yaml/bacterial/JCM_J345_HORIKOSHI-1_MEDIUM_WITH_10_NaCl.yaml	CultureMech:002705	horikoshi_1_medium_with_10_nacl	data/normalized_yaml/bacterial/horikoshi_i_medium_with_2_nacl.yaml	CultureMech:002765	horikoshi_i_medium_with_2_nacl	4	4	1	125	115		Name suggests salt/salinity change; verify concentration delta against source.
e88c8ebae58c240c	PROPOSED	HIGH	SALINITY_VARIANT	data/normalized_yaml/bacterial/JCM_J345_HORIKOSHI-1_MEDIUM_WITH_10_NaCl.yaml	CultureMech:002705	horikoshi_1_medium_with_10_nacl	data/normalized_yaml/bacterial/horikoshi_i_medium_with_3_5_nacl.yaml	CultureMech:002211	horikoshi_i_medium_with_3_5_nacl	4	4	1	125	115		Name suggests salt/salinity change; verify concentration delta against source.
e88c8ebae58c240c	PROPOSED	HIGH	SALINITY_VARIANT	data/normalized_yaml/bacterial/JCM_J345_HORIKOSHI-1_MEDIUM_WITH_10_NaCl.yaml	CultureMech:002705	horikoshi_1_medium_with_10_nacl	data/normalized_yaml/bacterial/horikoshi_i_medium_with_5_nacl.yaml	CultureMech:002762	horikoshi_i_medium_with_5_nacl	4	4	1	125	115		Name suggests salt/salinity change; verify concentration delta against source.
d676e324b10e8b23	PROPOSED	HIGH	DERIVED_FROM	data/normalized_yaml/bacterial/JCM_J54_POTATO-CARROT_AGAR.yaml	CultureMech:002897	potato_carrot_agar	data/normalized_yaml/bacterial/TOGO_M46_Potato-Carrot_Agar.yaml	CultureMech:009858	potato_carrot_agar	4	2	1	125	125		Candidate child formulation requires source/formulation review.
d676e324b10e8b23	PROPOSED	HIGH	CONCENTRATION_VARIANT	data/normalized_yaml/bacterial/JCM_J54_POTATO-CARROT_AGAR.yaml	CultureMech:002897	potato_carrot_agar	data/normalized_yaml/bacterial/TOGO_M47_1_10_Potato-Carrot_Agar.yaml	CultureMech:009866	1_10_potato_carrot_agar	4	2	1	125	125		Same ingredient identity signature but concentration signature differs from parent.
0535c30347cafa4c	PROPOSED	HIGH	CONCENTRATION_VARIANT	data/normalized_yaml/bacterial/JCM_J618_CYS_MEDIUM.yaml	CultureMech:002965	cys_medium	data/normalized_yaml/bacterial/TOGO_M628_CYS_Medium_For_YMO722.yaml	CultureMech:010028	cys_medium_for_ymo722	4	2	1	130	130		Same ingredient identity signature but concentration signature differs from parent.
492fdef9f42e5398	PROPOSED	HIGH	DERIVED_FROM	data/normalized_yaml/bacterial/JCM_J81_GAUZE_S_SYNTHETIC_MEDIUM_NO._1.yaml	CultureMech:003164	gauzes_synthetic_medium_no_1	data/normalized_yaml/bacterial/KOMODO_1048_GAUZE_S_SYNTHETIC_MEDIUM_NO.1.yaml	CultureMech:003606	gauzes_synthetic_medium_no_1	4	1	2	150	150		Candidate child formulation requires source/formulation review.
492fdef9f42e5398	PROPOSED	HIGH	DERIVED_FROM	data/normalized_yaml/bacterial/JCM_J81_GAUZE_S_SYNTHETIC_MEDIUM_NO._1.yaml	CultureMech:003164	gauzes_synthetic_medium_no_1	data/normalized_yaml/bacterial/gauzes_synthetic_medium_no_1.yaml	CultureMech:000471	gauzes_synthetic_medium_no_1	4	1	2	150	140		Candidate child formulation requires source/formulation review.
492fdef9f42e5398	PROPOSED	HIGH	PHYSICAL_STATE_VARIANT	data/normalized_yaml/bacterial/JCM_J81_GAUZE_S_SYNTHETIC_MEDIUM_NO._1.yaml	CultureMech:003164	gauzes_synthetic_medium_no_1	data/normalized_yaml/bacterial/gauzes_synthetic_medium_no_1_ph_5_3.yaml	CultureMech:003296	gauzes_synthetic_medium_no_1_ph_5_3	4	1	2	150	140		Physical state differs from parent: SOLID_AGAR -> LIQUID.
0e9f849932ae126c	PROPOSED	HIGH	SALINITY_VARIANT	data/normalized_yaml/bacterial/KOMODO_1081_HORIKOSHI-1_medium.yaml	CultureMech:003731	horikoshi_1_medium	data/normalized_yaml/bacterial/KOMODO_1081a_HORIKOSHI-1_medium_WITH_10_NaCl.yaml	CultureMech:003733	horikoshi_1_medium_with_10_nacl	4	1	1	135	135		Name suggests salt/salinity change; verify concentration delta against source.
ab6f679111bc5d62	PROPOSED	HIGH	SALINITY_VARIANT	data/normalized_yaml/bacterial/KOMODO_1108_CYS_MEDIUM.yaml	CultureMech:003808	cys_medium	data/normalized_yaml/bacterial/KOMODO_1108a_CYS_MEDIUM_WITH_MODIFIED_NACL_CONCENTRATION.yaml	CultureMech:003809	cys_medium_with_modified_nacl_concentration	4	2	1	140	140		Name suggests salt/salinity change; verify concentration delta against source.
ab6f679111bc5d62	PROPOSED	HIGH	CONCENTRATION_VARIANT	data/normalized_yaml/bacterial/KOMODO_1108_CYS_MEDIUM.yaml	CultureMech:003808	cys_medium	data/normalized_yaml/bacterial/cys_medium.yaml	CultureMech:000541	cys_medium	4	2	1	140	130		Same ingredient identity signature but concentration signature differs from parent.
ab6f679111bc5d62	PROPOSED	HIGH	SALINITY_VARIANT	data/normalized_yaml/bacterial/KOMODO_1108_CYS_MEDIUM.yaml	CultureMech:003808	cys_medium	data/normalized_yaml/bacterial/cys_medium_with_modified_nacl_concentration.yaml	CultureMech:000542	cys_medium_with_modified_nacl_concentration	4	2	1	140	130		Name suggests salt/salinity change; verify concentration delta against source.
7514dc944cd9ec24	PROPOSED	HIGH	CONCENTRATION_VARIANT	data/normalized_yaml/bacterial/KOMODO_1144_SINGULISPHAERA_medium.yaml	CultureMech:003855	singulisphaera_medium	data/normalized_yaml/bacterial/KOMODO_1244_SCHLESNERIA_PALUDICOLA_medium.yaml	CultureMech:004001	schlesneria_paludicola_medium	4	2	1	141	141		Same ingredient identity signature but concentration signature differs from parent.
7514dc944cd9ec24	PROPOSED	HIGH	CONCENTRATION_VARIANT	data/normalized_yaml/bacterial/KOMODO_1144_SINGULISPHAERA_medium.yaml	CultureMech:003855	singulisphaera_medium	data/normalized_yaml/bacterial/schlesneria_paludicola_medium.yaml	CultureMech:000703	schlesneria_paludicola_medium	4	2	1	141	131		Same ingredient identity signature but concentration signature differs from parent.
6aa8f48156d5fe19	PROPOSED	HIGH	CONCENTRATION_VARIANT	data/normalized_yaml/bacterial/KOMODO_1182_AQUISALIMONAS_medium.yaml	CultureMech:003902	aquisalimonas_medium	data/normalized_yaml/bacterial/KOMODO_1309_BACILLUS_LOCISALIS_medium.yaml	CultureMech:004064	bacillus_locisalis_medium	4	2	1	137	137		Same ingredient identity signature but concentration signature differs from parent.
6aa8f48156d5fe19	PROPOSED	HIGH	CONCENTRATION_VARIANT	data/normalized_yaml/bacterial/KOMODO_1182_AQUISALIMONAS_medium.yaml	CultureMech:003902	aquisalimonas_medium	data/normalized_yaml/bacterial/bacillus_locisalis_medium.yaml	CultureMech:000771	bacillus_locisalis_medium	4	2	1	137	127		Same ingredient identity signature but concentration signature differs from parent.
db508871632d8992	PROPOSED	HIGH	DERIVED_FROM	data/normalized_yaml/bacterial/KOMODO_1203_FASTIDIOUS_ANAEROBE_AGAR.yaml	CultureMech:003951	fastidious_anaerobe_agar	data/normalized_yaml/bacterial/KOMODO_3136_Fastidious_Anaerobe_Agar.yaml	CultureMech:004984	fastidious_anaerobe_agar	4	2	1	117	117		Candidate child formulation requires source/formulation review.
db508871632d8992	PROPOSED	HIGH	CONCENTRATION_VARIANT	data/normalized_yaml/bacterial/KOMODO_1203_FASTIDIOUS_ANAEROBE_AGAR.yaml	CultureMech:003951	fastidious_anaerobe_agar	data/normalized_yaml/bacterial/astidious_anaerobe_agar.yaml	CultureMech:009091	astidious_anaerobe_agar	4	2	1	117	107		Same ingredient identity signature but concentration signature differs from parent.
1f90bb0764ba1e72	PROPOSED	HIGH	CONCENTRATION_VARIANT	data/normalized_yaml/bacterial/KOMODO_1226_THIOHALOCAPSA_MARINA_medium.yaml	CultureMech:003981	thiohalocapsa_marina_medium	data/normalized_yaml/bacterial/thiocapsa_medium.yaml	CultureMech:002993	thiocapsa_medium	4	2	1	147	137		Same ingredient identity signature but concentration signature differs from parent.
e5c39340a0343248	PROPOSED	HIGH	CONCENTRATION_VARIANT	data/normalized_yaml/bacterial/KOMODO_1302_YIM_medium_10_NaCl.yaml	CultureMech:004057	yim_medium_10_nacl	data/normalized_yaml/bacterial/DSMZ_1452_AQUISALIMONAS_MEDIUM.yaml	CultureMech:000918	aquisalimonas_medium	4	2	1	133	133		Same ingredient identity signature but concentration signature differs from parent.
e5c39340a0343248	PROPOSED	HIGH	CONCENTRATION_VARIANT	data/normalized_yaml/bacterial/KOMODO_1302_YIM_medium_10_NaCl.yaml	CultureMech:004057	yim_medium_10_nacl	data/normalized_yaml/bacterial/t5_medium.yaml	CultureMech:000933	t5_medium	4	2	1	133	123		Same ingredient identity signature but concentration signature differs from parent.
a267a62b2bb13463	PROPOSED	HIGH	CONCENTRATION_VARIANT	data/normalized_yaml/bacterial/KOMODO_187_medium_FOR_OSMOPHILIC_FUNGI_M_40_Y.yaml	CultureMech:004211	medium_for_osmophilic_fungi_m_40_y	data/normalized_yaml/bacterial/m60y_agar.yaml	CultureMech:002710	m60y_agar	4	2	1	125	115		Same ingredient identity signature but concentration signature differs from parent.
8a87b431f2eb1e89	PROPOSED	HIGH	SOURCE_DUPLICATE	data/normalized_yaml/bacterial/KOMODO_191_CORN_MEAL_AGAR.yaml	CultureMech:004218	corn_meal_agar	data/normalized_yaml/bacterial/for_dsm_25939.yaml	CultureMech:004217	for_dsm_25939	4	1	1	125	115		Same ingredient and concentration signature; review as possible duplicate source record.
8a87b431f2eb1e89	PROPOSED	HIGH	SOURCE_DUPLICATE	data/normalized_yaml/bacterial/KOMODO_191_CORN_MEAL_AGAR.yaml	CultureMech:004218	corn_meal_agar	data/normalized_yaml/bacterial/for_dsm_25945.yaml	CultureMech:004216	for_dsm_25945	4	1	1	125	115		Same ingredient and concentration signature; review as possible duplicate source record.
fcd0674f938c5bd9	PROPOSED	HIGH	SUBSTITUTED_COMPONENT_VARIANT	data/normalized_yaml/bacterial/KOMODO_337_SYNTROPHOCOCCUS_SUCROMUTANS_medium.yaml	CultureMech:005034	syntrophococcus_sucromutans_medium	data/normalized_yaml/bacterial/syntrophococcus_sucromutans_medium_replace_rumen_fluid_with_crude_egg_yolk_phosphatidylcholine_sigma_type_ix_e.yaml	CultureMech:005033	syntrophococcus_sucromutans_medium_replace_rumen_fluid_with_crude_egg_yolk_phosphatidylcholine_sigma_type_ix_e	4	1	1	144	134		Name suggests substituted component; verify ingredient delta against source.
fcd0674f938c5bd9	PROPOSED	HIGH	SUBSTITUTED_COMPONENT_VARIANT	data/normalized_yaml/bacterial/KOMODO_337_SYNTROPHOCOCCUS_SUCROMUTANS_medium.yaml	CultureMech:005034	syntrophococcus_sucromutans_medium	data/normalized_yaml/bacterial/syntrophococcus_sucromutans_medium_replace_trypticase_bbl_with_casitone.yaml	CultureMech:005032	syntrophococcus_sucromutans_medium_replace_trypticase_bbl_with_casitone	4	1	1	144	134		Name suggests substituted component; verify ingredient delta against source.
b633a2d5b5c0150d	PROPOSED	HIGH	CONCENTRATION_VARIANT	data/normalized_yaml/bacterial/KOMODO_393_YPD_medium.yaml	CultureMech:005177	ypd_medium	data/normalized_yaml/bacterial/KOMODO_21_SARCINA_medium.yaml	CultureMech:004430	sarcina_medium	4	2	1	117	117		Same ingredient identity signature but concentration signature differs from parent.
b633a2d5b5c0150d	PROPOSED	HIGH	CONCENTRATION_VARIANT	data/normalized_yaml/bacterial/KOMODO_393_YPD_medium.yaml	CultureMech:005177	ypd_medium	data/normalized_yaml/bacterial/sarcina_medium.yaml	CultureMech:001322	sarcina_medium	4	2	1	117	107		Same ingredient identity signature but concentration signature differs from parent.
79bb8a2dbe1149bf	PROPOSED	HIGH	SOURCE_DUPLICATE	data/normalized_yaml/bacterial/KOMODO_503c_PROPIONISPORA_MEDIUM.yaml	CultureMech:005683	propionispora_medium	data/normalized_yaml/bacterial/fwm_medium_modified.yaml	CultureMech:005682	fwm_medium_modified	4	1	1	149	139		Same ingredient and concentration signature; review as possible duplicate source record.
79bb8a2dbe1149bf	PROPOSED	HIGH	SOURCE_DUPLICATE	data/normalized_yaml/bacterial/KOMODO_503c_PROPIONISPORA_MEDIUM.yaml	CultureMech:005683	propionispora_medium	data/normalized_yaml/bacterial/medium_503b_modified_for_dsm_14691.yaml	CultureMech:005680	medium_503b_modified_for_dsm_14691	4	1	1	149	139		Same ingredient and concentration signature; review as possible duplicate source record.
79bb8a2dbe1149bf	PROPOSED	HIGH	SOURCE_DUPLICATE	data/normalized_yaml/bacterial/KOMODO_503c_PROPIONISPORA_MEDIUM.yaml	CultureMech:005683	propionispora_medium	data/normalized_yaml/bacterial/medium_503b_modified_for_dsm_14692.yaml	CultureMech:005681	medium_503b_modified_for_dsm_14692	4	1	1	149	139		Same ingredient and concentration signature; review as possible duplicate source record.
d69502ef6b41590b	PROPOSED	HIGH	SUPPLEMENTED_VARIANT	data/normalized_yaml/bacterial/KOMODO_554_N-Z-AMINE-MEDIUM.yaml	CultureMech:006003	n_z_amine_medium	data/normalized_yaml/bacterial/n_z_amine_with_soluble_starch_and_glucose.yaml	CultureMech:002788	n_z_amine_with_soluble_starch_and_glucose	4	2	1	133	123		Name suggests added supplement/component; verify ingredient delta against source.
606ed216dd874c82	PROPOSED	HIGH	CONCENTRATION_VARIANT	data/normalized_yaml/bacterial/KOMODO_600a_M13a_PIRELLULA_medium.yaml	CultureMech:006088	m13a_pirellula_medium	data/normalized_yaml/bacterial/m13a_pirellula_medium.yaml	CultureMech:001728	m13a_pirellula_medium	4	2	1	145	135		Same ingredient identity signature but concentration signature differs from parent.
e69d18ea5dff8f4b	PROPOSED	HIGH	CONCENTRATION_VARIANT	data/normalized_yaml/bacterial/KOMODO_607_M13_VERRUCOMICROBIUM_medium.yaml	CultureMech:006096	m13_verrucomicrobium_medium	data/normalized_yaml/bacterial/m13_verrucomicrobium_medium.yaml	CultureMech:001735	m13_verrucomicrobium_medium	4	2	1	145	135		Same ingredient identity signature but concentration signature differs from parent.
78c771bd9fe1bff1	PROPOSED	HIGH	CONCENTRATION_VARIANT	data/normalized_yaml/bacterial/KOMODO_624_MH_medium.yaml	CultureMech:006130	mh_medium	data/normalized_yaml/bacterial/KOMODO_434_MARINOCOCCUS_ALBUS_-_medium.yaml	CultureMech:005281	marinococcus_albus_medium	4	2	1	140	140		Same ingredient identity signature but concentration signature differs from parent.
78c771bd9fe1bff1	PROPOSED	HIGH	CONCENTRATION_VARIANT	data/normalized_yaml/bacterial/KOMODO_624_MH_medium.yaml	CultureMech:006130	mh_medium	data/normalized_yaml/bacterial/marinococcus_albus_medium.yaml	CultureMech:001542	marinococcus_albus_medium	4	2	1	140	130		Same ingredient identity signature but concentration signature differs from parent.
b2583af166dbb10b	PROPOSED	HIGH	CONCENTRATION_VARIANT	data/normalized_yaml/bacterial/KOMODO_631_ACETOBACTER_EUROPAEUS_medium.yaml	CultureMech:006146	acetobacter_europaeus_medium	data/normalized_yaml/bacterial/acetobacter_lambicus_medium.yaml	CultureMech:000993	acetobacter_lambicus_medium	4	3	1	130	120		Same ingredient identity signature but concentration signature differs from parent.
b2583af166dbb10b	PROPOSED	HIGH	CONCENTRATION_VARIANT	data/normalized_yaml/bacterial/KOMODO_631_ACETOBACTER_EUROPAEUS_medium.yaml	CultureMech:006146	acetobacter_europaeus_medium	data/normalized_yaml/bacterial/ae_broth.yaml	CultureMech:003318	ae_broth	4	3	1	130	120		Same ingredient identity signature but concentration signature differs from parent.
425cffbeaf8bfe54	PROPOSED	HIGH	SOURCE_DUPLICATE	data/normalized_yaml/bacterial/KOMODO_895_ANAEROBRANCA_GOTTSCHALKII_medium.yaml	CultureMech:006750	anaerobranca_gottschalkii_medium	data/normalized_yaml/bacterial/for_dsm_14826.yaml	CultureMech:006748	for_dsm_14826	4	1	1	146	136		Same ingredient and concentration signature; review as possible duplicate source record.
425cffbeaf8bfe54	PROPOSED	HIGH	SOURCE_DUPLICATE	data/normalized_yaml/bacterial/KOMODO_895_ANAEROBRANCA_GOTTSCHALKII_medium.yaml	CultureMech:006750	anaerobranca_gottschalkii_medium	data/normalized_yaml/bacterial/for_dsm_14828.yaml	CultureMech:006749	for_dsm_14828	4	1	1	146	136		Same ingredient and concentration signature; review as possible duplicate source record.
87b4dfc5ab00c8ef	PROPOSED	HIGH	SOURCE_DUPLICATE	data/normalized_yaml/bacterial/KOMODO_935_DEFERRIBACTER_medium.yaml	CultureMech:006857	deferribacter_medium	data/normalized_yaml/bacterial/for_dsm_14813.yaml	CultureMech:006856	for_dsm_14813	4	1	1	148	138		Same ingredient and concentration signature; review as possible duplicate source record.
87b4dfc5ab00c8ef	PROPOSED	HIGH	SOURCE_DUPLICATE	data/normalized_yaml/bacterial/KOMODO_935_DEFERRIBACTER_medium.yaml	CultureMech:006857	deferribacter_medium	data/normalized_yaml/bacterial/medium_935_modified_for_dsm_14783.yaml	CultureMech:006855	medium_935_modified_for_dsm_14783	4	1	1	148	138		Same ingredient and concentration signature; review as possible duplicate source record.
16f262a332814fd0	PROPOSED	HIGH	SALINITY_VARIANT	data/normalized_yaml/bacterial/KOMODO_982_MY10-12_medium.yaml	CultureMech:006943	my10_12_medium	data/normalized_yaml/bacterial/isp_2_medium_with_10_nacl.yaml	CultureMech:000720	isp_2_medium_with_10_nacl	4	3	1	130	120		Name suggests salt/salinity change; verify concentration delta against source.
16f262a332814fd0	PROPOSED	HIGH	CONCENTRATION_VARIANT	data/normalized_yaml/bacterial/KOMODO_982_MY10-12_medium.yaml	CultureMech:006943	my10_12_medium	data/normalized_yaml/bacterial/modified_isp2_medium.yaml	CultureMech:001262	modified_isp2_medium	4	3	1	130	120		Same ingredient identity signature but concentration signature differs from parent.
57dbef8101915a2f	PROPOSED	HIGH	CONCENTRATION_VARIANT	data/normalized_yaml/bacterial/TOGO_M130_PYG_Agar_A.yaml	CultureMech:007845	pyg_agar_a	data/normalized_yaml/bacterial/TOGO_M1434_YPD_Medium.yaml	CultureMech:007973	ypd_medium	4	4	1	130	130		Same ingredient identity signature but concentration signature differs from parent.
57dbef8101915a2f	PROPOSED	HIGH	CONCENTRATION_VARIANT	data/normalized_yaml/bacterial/TOGO_M130_PYG_Agar_A.yaml	CultureMech:007845	pyg_agar_a	data/normalized_yaml/bacterial/TOGO_M344_Ancylobacter-Spirosoma_Medium.yaml	CultureMech:009723	ancylobacter_spirosoma_medium	4	4	1	130	130		Same ingredient identity signature but concentration signature differs from parent.
57dbef8101915a2f	PROPOSED	HIGH	SUPPLEMENTED_VARIANT	data/normalized_yaml/bacterial/TOGO_M130_PYG_Agar_A.yaml	CultureMech:007845	pyg_agar_a	data/normalized_yaml/bacterial/glucose_yeast_peptone_medium.yaml	CultureMech:009089	glucose_yeast_peptone_medium	4	4	1	130	120		Name suggests added supplement/component; verify ingredient delta against source.
ea8898ae2534c7b9	PROPOSED	HIGH	CONCENTRATION_VARIANT	data/normalized_yaml/bacterial/TOGO_M1646_R2A_Medium.yaml	CultureMech:008202	r2a_medium	data/normalized_yaml/bacterial/1_5_r2a_yeastextract.yaml	CultureMech:009578	1_5_r2a_yeastextract	4	3	1	128	118		Same ingredient identity signature but concentration signature differs from parent.
ea8898ae2534c7b9	PROPOSED	HIGH	CONCENTRATION_VARIANT	data/normalized_yaml/bacterial/TOGO_M1646_R2A_Medium.yaml	CultureMech:008202	r2a_medium	data/normalized_yaml/bacterial/5_r2a_medium.yaml	CultureMech:008519	5_r2a_medium	4	3	1	128	118		Same ingredient identity signature but concentration signature differs from parent.
21d47e95aa99a74f	PROPOSED	HIGH	SUPPLEMENTED_VARIANT	data/normalized_yaml/bacterial/TOGO_M248_Columbia_Blood_Agar_With_5_Sheep_Blood.yaml	CultureMech:009063	columbia_blood_agar_with_5_sheep_blood	data/normalized_yaml/bacterial/TOGO_M211_Columbia_Blood_Agar_With_10_Horse_Blood.yaml	CultureMech:008712	columbia_blood_agar_with_10_horse_blood	4	2	1	100	100		Name suggests added supplement/component; verify ingredient delta against source.
21d47e95aa99a74f	PROPOSED	HIGH	SUPPLEMENTED_VARIANT	data/normalized_yaml/bacterial/TOGO_M248_Columbia_Blood_Agar_With_5_Sheep_Blood.yaml	CultureMech:009063	columbia_blood_agar_with_5_sheep_blood	data/normalized_yaml/bacterial/TOGO_M276_Columbia_Blood_Agar_With_5_Horse_Blood.yaml	CultureMech:009317	columbia_blood_agar_with_5_horse_blood	4	2	1	100	100		Name suggests added supplement/component; verify ingredient delta against source.
21d47e95aa99a74f	PROPOSED	HIGH	SUPPLEMENTED_VARIANT	data/normalized_yaml/bacterial/TOGO_M248_Columbia_Blood_Agar_With_5_Sheep_Blood.yaml	CultureMech:009063	columbia_blood_agar_with_5_sheep_blood	data/normalized_yaml/bacterial/TOGO_M591_Columbia_Blood_Agar_With_5_Rabbit_Blood.yaml	CultureMech:009988	columbia_blood_agar_with_5_rabbit_blood	4	2	1	100	100		Name suggests added supplement/component; verify ingredient delta against source.
612e9deed6f480bd	PROPOSED	HIGH	CONCENTRATION_VARIANT	data/normalized_yaml/bacterial/TOGO_M2897_LB_medium.yaml	CultureMech:009433	lb_medium	data/normalized_yaml/bacterial/luria_marine_lm_medium.yaml	CultureMech:009483	luria_marine_lm_medium	4	4	1	125	115		Same ingredient identity signature but concentration signature differs from parent.
612e9deed6f480bd	PROPOSED	HIGH	CONCENTRATION_VARIANT	data/normalized_yaml/bacterial/TOGO_M2897_LB_medium.yaml	CultureMech:009433	lb_medium	data/normalized_yaml/bacterial/polymorhobacter_medium.yaml	CultureMech:001101	polymorhobacter_medium	4	4	1	125	115		Same ingredient identity signature but concentration signature differs from parent.
85d2cd7b99c314c8	PROPOSED	HIGH	SALINITY_VARIANT	data/normalized_yaml/bacterial/TOGO_M404_Horikoshi-I_Medium_With_5_NaCl.yaml	CultureMech:009788	horikoshi_i_medium_with_5_nacl	data/normalized_yaml/bacterial/TOGO_M1092_Horikoshi-I_Medium_With_3.5_NaCl.yaml	CultureMech:007609	horikoshi_i_medium_with_3_5_nacl	4	4	1	125	125		Name suggests salt/salinity change; verify concentration delta against source.
85d2cd7b99c314c8	PROPOSED	HIGH	SALINITY_VARIANT	data/normalized_yaml/bacterial/TOGO_M404_Horikoshi-I_Medium_With_5_NaCl.yaml	CultureMech:009788	horikoshi_i_medium_with_5_nacl	data/normalized_yaml/bacterial/TOGO_M340_Horikoshi-1_Medium_With_10_NaCl.yaml	CultureMech:009719	horikoshi_1_medium_with_10_nacl	4	4	1	125	125		Name suggests salt/salinity change; verify concentration delta against source.
85d2cd7b99c314c8	PROPOSED	HIGH	SALINITY_VARIANT	data/normalized_yaml/bacterial/TOGO_M404_Horikoshi-I_Medium_With_5_NaCl.yaml	CultureMech:009788	horikoshi_i_medium_with_5_nacl	data/normalized_yaml/bacterial/TOGO_M407_Horikoshi-I_Medium_With_2_NaCl.yaml	CultureMech:009791	horikoshi_i_medium_with_2_nacl	4	4	1	125	125		Name suggests salt/salinity change; verify concentration delta against source.
6aa34a8a490f4fa6	PROPOSED	HIGH	SALINITY_VARIANT	data/normalized_yaml/bacterial/TOGO_M482_Reinforced_Clostridial_Medium_With_3_Sea_Salt.yaml	CultureMech:009869	reinforced_clostridial_medium_with_3_sea_salt	data/normalized_yaml/bacterial/reinforced_clostridial_medium_with_3_sea_salt.yaml	CultureMech:002831	reinforced_clostridial_medium_with_3_sea_salt	4	2	1	125	115		Name suggests salt/salinity change; verify concentration delta against source.
6aa34a8a490f4fa6	PROPOSED	HIGH	SALINITY_VARIANT	data/normalized_yaml/bacterial/TOGO_M482_Reinforced_Clostridial_Medium_With_3_Sea_Salt.yaml	CultureMech:009869	reinforced_clostridial_medium_with_3_sea_salt	data/normalized_yaml/bacterial/reinforced_clostridial_medium_with_4_sea_salt.yaml	CultureMech:002832	reinforced_clostridial_medium_with_4_sea_salt	4	2	1	125	115		Name suggests salt/salinity change; verify concentration delta against source.
653c37f1da3b2ca4	PROPOSED	HIGH	SOURCE_DUPLICATE	data/normalized_yaml/bacterial/for_dsm_13862.yaml	CultureMech:006647	for_dsm_13862	data/normalized_yaml/bacterial/medium_843_modified_for_dsm_18056.yaml	CultureMech:006646	medium_843_modified_for_dsm_18056	4	1	1	136	136		Same ingredient and concentration signature; review as possible duplicate source record.
653c37f1da3b2ca4	PROPOSED	HIGH	SOURCE_DUPLICATE	data/normalized_yaml/bacterial/for_dsm_13862.yaml	CultureMech:006647	for_dsm_13862	data/normalized_yaml/bacterial/treponema_zas_medium.yaml	CultureMech:006648	treponema_zas_medium	4	1	1	136	136		Same ingredient and concentration signature; review as possible duplicate source record.
9f6821c641890d8f	PROPOSED	HIGH	SOURCE_DUPLICATE	data/normalized_yaml/bacterial/for_dsm_14469.yaml	CultureMech:006791	for_dsm_14469	data/normalized_yaml/bacterial/for_dsm_14465_and_dsm_14466.yaml	CultureMech:006790	for_dsm_14465_and_dsm_14466	4	1	1	137	137		Same ingredient and concentration signature; review as possible duplicate source record.
9f6821c641890d8f	PROPOSED	HIGH	SOURCE_DUPLICATE	data/normalized_yaml/bacterial/for_dsm_14469.yaml	CultureMech:006791	for_dsm_14469	data/normalized_yaml/bacterial/medium_for_carbon_dioxide_reducers.yaml	CultureMech:006792	medium_for_carbon_dioxide_reducers	4	1	1	137	137		Same ingredient and concentration signature; review as possible duplicate source record.
67a1700400c926c3	PROPOSED	HIGH	CONCENTRATION_VARIANT	data/normalized_yaml/bacterial/for_dsm_16529.yaml	CultureMech:006695	for_dsm_16529	data/normalized_yaml/bacterial/desulfonatronum_thiodismutans_medium.yaml	CultureMech:001959	desulfonatronum_thiodismutans_medium	4	2	1	137	137		Same ingredient identity signature but concentration signature differs from parent.
67a1700400c926c3	PROPOSED	HIGH	SOURCE_DUPLICATE	data/normalized_yaml/bacterial/for_dsm_16529.yaml	CultureMech:006695	for_dsm_16529	data/normalized_yaml/bacterial/desulfotomaculum_alkaliphilum_medium.yaml	CultureMech:006696	desulfotomaculum_alkaliphilum_medium	4	2	1	137	137		Same ingredient and concentration signature; review as possible duplicate source record.
e8027273628798b1	PROPOSED	HIGH	CONCENTRATION_VARIANT	data/normalized_yaml/bacterial/for_dsm_24436.yaml	CultureMech:006669	for_dsm_24436	data/normalized_yaml/bacterial/fusibacter_medium.yaml	CultureMech:002010	fusibacter_medium	4	2	1	135	135		Same ingredient identity signature but concentration signature differs from parent.
e8027273628798b1	PROPOSED	HIGH	SOURCE_DUPLICATE	data/normalized_yaml/bacterial/for_dsm_24436.yaml	CultureMech:006669	for_dsm_24436	data/normalized_yaml/bacterial/fusibacter_tunisiensis_medium.yaml	CultureMech:002011	fusibacter_tunisiensis_medium	4	2	1	135	135		Same ingredient and concentration signature; review as possible duplicate source record.
ecb34dd34a09c414	PROPOSED	HIGH	SOURCE_DUPLICATE	data/normalized_yaml/bacterial/for_dsm_6876.yaml	CultureMech:006005	for_dsm_6876	data/normalized_yaml/bacterial/creatinine_nmh_medium.yaml	CultureMech:006007	creatinine_nmh_medium	4	1	1	137	137		Same ingredient and concentration signature; review as possible duplicate source record.
ecb34dd34a09c414	PROPOSED	HIGH	SOURCE_DUPLICATE	data/normalized_yaml/bacterial/for_dsm_6876.yaml	CultureMech:006005	for_dsm_6876	data/normalized_yaml/bacterial/for_dsm_6877.yaml	CultureMech:006006	for_dsm_6877	4	1	1	137	137		Same ingredient and concentration signature; review as possible duplicate source record.
26048b72646166d9	PROPOSED	HIGH	SUPPLEMENTED_VARIANT	data/normalized_yaml/bacterial/m9_0_2_glycerol.yaml	CultureMech:007081	m9_0_2_glycerol	data/normalized_yaml/bacterial/m9_minimal_medium_with_glycerol.yaml	CultureMech:007425	m9_minimal_medium_with_glycerol	4	4	1	131	131		Name suggests added supplement/component; verify ingredient delta against source.
26048b72646166d9	PROPOSED	HIGH	SUPPLEMENTED_VARIANT	data/normalized_yaml/bacterial/m9_0_2_glycerol.yaml	CultureMech:007081	m9_0_2_glycerol	data/normalized_yaml/bacterial/m9zb_with_glycerol.yaml	CultureMech:006997	m9zb_with_glycerol	4	4	1	131	131		Name suggests added supplement/component; verify ingredient delta against source.
712b2137cdff4a52	PROPOSED	HIGH	PHYSICAL_STATE_VARIANT	data/normalized_yaml/bacterial/oatmeal_agar_isp_3.yaml	CultureMech:002860	oatmeal_agar_isp_3	data/normalized_yaml/bacterial/acidic_oatmeal_agar_ph_5_0.yaml	CultureMech:002754	acidic_oatmeal_agar_ph_5_0	4	2	2	123	123		Physical state differs from parent: SOLID_AGAR -> LIQUID.
712b2137cdff4a52	PROPOSED	HIGH	CONCENTRATION_VARIANT	data/normalized_yaml/bacterial/oatmeal_agar_isp_3.yaml	CultureMech:002860	oatmeal_agar_isp_3	data/normalized_yaml/bacterial/oatmeal_agar_a_isp_3.yaml	CultureMech:001737	oatmeal_agar_a_isp_3	4	2	2	123	123		Same ingredient identity signature but concentration signature differs from parent.
712b2137cdff4a52	PROPOSED	HIGH	PHYSICAL_STATE_VARIANT	data/normalized_yaml/bacterial/oatmeal_agar_isp_3.yaml	CultureMech:002860	oatmeal_agar_isp_3	data/normalized_yaml/bacterial/oatmeal_agar_ph_6_0.yaml	CultureMech:003034	oatmeal_agar_ph_6_0	4	2	2	123	123		Physical state differs from parent: SOLID_AGAR -> LIQUID.
7023a99ccd8efc7a	PROPOSED	HIGH	CONCENTRATION_VARIANT	data/normalized_yaml/bacterial/pseudodesulfovibrio_medium.yaml	CultureMech:001623	pseudodesulfovibrio_medium	data/normalized_yaml/bacterial/desulfobacter_sp_medium_lactate.yaml	CultureMech:001293	desulfobacter_sp_medium_lactate	4	2	1	139	139		Same ingredient identity signature but concentration signature differs from parent.
f6d2ba90697727ee	PROPOSED	HIGH	SUBSTITUTED_COMPONENT_VARIANT	data/normalized_yaml/bacterial/rb_1_rb_9_medium.yaml	CultureMech:006009	rb_1_rb_9_medium	data/normalized_yaml/bacterial/rb_1_rb_9_medium_replace_glucose_with_starch.yaml	CultureMech:006008	rb_1_rb_9_medium_replace_glucose_with_starch	4	1	1	137	137		Name suggests substituted component; verify ingredient delta against source.
5c264950f5085153	PROPOSED	HIGH	CONCENTRATION_VARIANT	data/normalized_yaml/bacterial/sl_medium.yaml	CultureMech:006904	sl_medium	data/normalized_yaml/bacterial/petrotoga_olearia_medium.yaml	CultureMech:002137	petrotoga_olearia_medium	4	2	1	130	130		Same ingredient identity signature but concentration signature differs from parent.
f245daf5eb3d5859	PROPOSED	HIGH	CONCENTRATION_VARIANT	data/normalized_yaml/bacterial/thermus_162_medium.yaml	CultureMech:002036	thermus_162_medium	data/normalized_yaml/bacterial/modified_thermus_medium_878.yaml	CultureMech:001137	modified_thermus_medium_878	4	2	1	134	134		Same ingredient identity signature but concentration signature differs from parent.
ee447c19d8bc70f7	PROPOSED	HIGH	OMITTED_COMPONENT_VARIANT	data/normalized_yaml/bacterial/trypticase_soy_broth_agar_with_3_nacl.yaml	CultureMech:002425	trypticase_soy_broth_agar_with_3_nacl	data/normalized_yaml/bacterial/modified_bacto_tryptic_soy_broth_without_dextrose.yaml	CultureMech:000719	modified_bacto_tryptic_soy_broth_without_dextrose	4	4	1	117	117		Name suggests omitted component; verify ingredient delta against source.
fc945d64d65e248d	PROPOSED	HIGH	SUPPLEMENTED_VARIANT	data/normalized_yaml/bacterial/yeast_extract_malt_extract_agar_isp_medium_no_2.yaml	CultureMech:007996	yeast_extract_malt_extract_agar_isp_medium_no_2	data/normalized_yaml/bacterial/yeast_extract_malt_extract_agar_isp_medium_no_2_ph_5_0.yaml	CultureMech:008282	yeast_extract_malt_extract_agar_isp_medium_no_2_ph_5_0	4	1	1	120	120		Name suggests added supplement/component; verify ingredient delta against source.
fc945d64d65e248d	PROPOSED	HIGH	SUPPLEMENTED_VARIANT	data/normalized_yaml/bacterial/yeast_extract_malt_extract_agar_isp_medium_no_2.yaml	CultureMech:007996	yeast_extract_malt_extract_agar_isp_medium_no_2	data/normalized_yaml/bacterial/yeast_extract_malt_extract_agar_isp_medium_no_2_ph_5_5.yaml	CultureMech:008390	yeast_extract_malt_extract_agar_isp_medium_no_2_ph_5_5	4	1	1	120	120		Name suggests added supplement/component; verify ingredient delta against source.
fc945d64d65e248d	PROPOSED	HIGH	SUPPLEMENTED_VARIANT	data/normalized_yaml/bacterial/yeast_extract_malt_extract_agar_isp_medium_no_2.yaml	CultureMech:007996	yeast_extract_malt_extract_agar_isp_medium_no_2	data/normalized_yaml/bacterial/yeast_extract_malt_extract_agar_isp_medium_no_2_ph_9_0.yaml	CultureMech:008543	yeast_extract_malt_extract_agar_isp_medium_no_2_ph_9_0	4	1	1	120	120		Name suggests added supplement/component; verify ingredient delta against source.
f041488cd6184d48	PROPOSED	HIGH	SUPPLEMENTED_VARIANT	data/normalized_yaml/specialized/m9.yaml	CultureMech:015542	M9	data/normalized_yaml/specialized/m9_1percentglucose.yaml	CultureMech:015543	M9 1percentGlucose	4	4	1	76	76		Name suggests added supplement/component; verify ingredient delta against source.
f041488cd6184d48	PROPOSED	HIGH	SUPPLEMENTED_VARIANT	data/normalized_yaml/specialized/m9.yaml	CultureMech:015542	M9	data/normalized_yaml/specialized/m9_2percentglucose_100mmammonium.yaml	CultureMech:015544	M9 2percentGlucose 100mMammonium	4	4	1	76	76		Name suggests added supplement/component; verify ingredient delta against source.
f041488cd6184d48	PROPOSED	HIGH	SUPPLEMENTED_VARIANT	data/normalized_yaml/specialized/m9.yaml	CultureMech:015542	M9	data/normalized_yaml/specialized/m9_5mm_glucose.yaml	CultureMech:015545	M9 5mM Glucose	4	4	1	76	76		Name suggests added supplement/component; verify ingredient delta against source.
d6f6f4a39f583d67	PROPOSED	HIGH	CONCENTRATION_VARIANT	data/normalized_yaml/specialized/nldm_defined_nocarbon.yaml	CultureMech:015657	NLDM_defined_nocarbon	data/normalized_yaml/specialized/nldm_defined_nocarbon_ph6.yaml	CultureMech:015662	NLDM_defined_nocarbon_pH6	4	4	1	80	80		Same ingredient identity signature but concentration signature differs from parent.
d6f6f4a39f583d67	PROPOSED	HIGH	CONCENTRATION_VARIANT	data/normalized_yaml/specialized/nldm_defined_nocarbon.yaml	CultureMech:015657	NLDM_defined_nocarbon	data/normalized_yaml/specialized/nldm_defined_nocarbon_ph7.yaml	CultureMech:015663	NLDM_defined_nocarbon_pH7	4	4	1	80	80		Same ingredient identity signature but concentration signature differs from parent.
d6f6f4a39f583d67	PROPOSED	HIGH	CONCENTRATION_VARIANT	data/normalized_yaml/specialized/nldm_defined_nocarbon.yaml	CultureMech:015657	NLDM_defined_nocarbon	data/normalized_yaml/specialized/nldm_defined_nocarbon_ph8.yaml	CultureMech:015664	NLDM_defined_nocarbon_pH8	4	4	1	80	80		Same ingredient identity signature but concentration signature differs from parent.
cfb85894067fd5c9	PROPOSED	HIGH	SUPPLEMENTED_VARIANT	data/normalized_yaml/specialized/rch2_defined_glucose.yaml	CultureMech:015701	RCH2 defined glucose	data/normalized_yaml/specialized/rch2_defined_1percent_glucose.yaml	CultureMech:015700	RCH2 defined 1percent glucose	4	4	1	80	80		Name suggests added supplement/component; verify ingredient delta against source.
cfb85894067fd5c9	PROPOSED	HIGH	SUPPLEMENTED_VARIANT	data/normalized_yaml/specialized/rch2_defined_glucose.yaml	CultureMech:015701	RCH2 defined glucose	data/normalized_yaml/specialized/rch2_defined_glucose_0_25xmineral.yaml	CultureMech:015702	RCH2 defined glucose 0.25xMineral	4	4	1	80	80		Name suggests added supplement/component; verify ingredient delta against source.
cfb85894067fd5c9	PROPOSED	HIGH	SUPPLEMENTED_VARIANT	data/normalized_yaml/specialized/rch2_defined_glucose.yaml	CultureMech:015701	RCH2 defined glucose	data/normalized_yaml/specialized/rch2_defined_glucose_5mm.yaml	CultureMech:015703	RCH2 defined glucose 5mM	4	4	1	80	80		Name suggests added supplement/component; verify ingredient delta against source.
aab63035767dbf7b	PROPOSED	HIGH	DERIVED_FROM	data/normalized_yaml/archaea/KOMODO_1318_METHANOCELLA_CONRADII_medium.yaml	CultureMech:004073	methanocella_conradii_medium	data/normalized_yaml/archaea/TOGO_M2561_Methanocella_Conradii_Medium.yaml	CultureMech:009130	methanocella_conradii_medium	3	1	1	144	144		Candidate child formulation requires source/formulation review.
430f0e21feff95b8	PROPOSED	HIGH	SALINITY_VARIANT	data/normalized_yaml/archaea/KOMODO_1396_HALOARCHAEAL_medium_MH-1.yaml	CultureMech:004114	haloarchaeal_medium_mh_1	data/normalized_yaml/archaea/haloarchaeal_medium_mh_1_replace_mineral_salts_solution_for_solid_medium_medium_1396_with_mineral_salts_solution_for_liquid_medium_medium_1396.yaml	CultureMech:004113	haloarchaeal_medium_mh_1_replace_mineral_salts_solution_for_solid_medium_medium_1396_with_mineral_salts_solution_for_liquid_medium_medium_1396	3	1	1	143	133		Name suggests salt/salinity change; verify concentration delta against source.
92c1392d03252e3a	PROPOSED	HIGH	SUBSTITUTED_COMPONENT_VARIANT	data/normalized_yaml/archaea/methanogenium_aggregans_medium.yaml	CultureMech:005012	methanogenium_aggregans_medium	data/normalized_yaml/archaea/methanogenium_aggregans_medium_replace_sludge_fluid_medium_119_with_rumen_fluid_clarified.yaml	CultureMech:005011	methanogenium_aggregans_medium_replace_sludge_fluid_medium_119_with_rumen_fluid_clarified	3	1	1	134	134		Name suggests substituted component; verify ingredient delta against source.
93292316cf74a785	PROPOSED	HIGH	CONCENTRATION_VARIANT	data/normalized_yaml/bacterial/DSMZ_1058_THIOHALOPHILUS_MEDIUM.yaml	CultureMech:000244	thiohalophilus_medium	data/normalized_yaml/bacterial/thiohalobacter_thiocyanaticus_medium.yaml	CultureMech:000490	thiohalobacter_thiocyanaticus_medium	3	3	1	146	136		Same ingredient identity signature but concentration signature differs from parent.
93292316cf74a785	PROPOSED	HIGH	CONCENTRATION_VARIANT	data/normalized_yaml/bacterial/DSMZ_1058_THIOHALOPHILUS_MEDIUM.yaml	CultureMech:000244	thiohalophilus_medium	data/normalized_yaml/bacterial/thiohalorhabdus_denitrificans_medium.yaml	CultureMech:000488	thiohalorhabdus_denitrificans_medium	3	3	1	146	136		Same ingredient identity signature but concentration signature differs from parent.
e74f66775d34b5d8	PROPOSED	HIGH	DERIVED_FROM	data/normalized_yaml/bacterial/DSMZ_1156_HALOPHILIC_METHANOTROPHIC_BACTERIUM_MEDIUM.yaml	CultureMech:000248	halophilic_methanotrophic_bacterium_medium	data/normalized_yaml/bacterial/halophilic_methanotrophic_bacterium_medium.yaml	CultureMech:003866	halophilic_methanotrophic_bacterium_medium	3	1	1	150	140		Candidate child formulation requires source/formulation review.
e74f66775d34b5d8	PROPOSED	HIGH	SUBSTITUTED_COMPONENT_VARIANT	data/normalized_yaml/bacterial/DSMZ_1156_HALOPHILIC_METHANOTROPHIC_BACTERIUM_MEDIUM.yaml	CultureMech:000248	halophilic_methanotrophic_bacterium_medium	data/normalized_yaml/bacterial/halophilic_methanotrophic_bacterium_medium_replace_methane_with_methanol.yaml	CultureMech:003865	halophilic_methanotrophic_bacterium_medium_replace_methane_with_methanol	3	1	1	150	140		Name suggests substituted component; verify ingredient delta against source.
29488df336f61d7d	PROPOSED	HIGH	SUBSTITUTED_COMPONENT_VARIANT	data/normalized_yaml/bacterial/DSMZ_1170_METHYLONATRUM_MEDIUM.yaml	CultureMech:000612	methylonatrum_medium	data/normalized_yaml/bacterial/methylonatrum_medium_replace_methanol_with_sodium_acetate.yaml	CultureMech:003888	methylonatrum_medium_replace_methanol_with_sodium_acetate	3	1	1	150	140		Name suggests substituted component; verify ingredient delta against source.
ab21772d5b8b2ee7	PROPOSED	HIGH	CONCENTRATION_VARIANT	data/normalized_yaml/bacterial/DSMZ_1293_SYMBIOBACTERIUM_THERMOPHILUM_MEDIUM.yaml	CultureMech:000251	symbiobacterium_thermophilum_medium	data/normalized_yaml/bacterial/symbiobacterium_medium.yaml	CultureMech:002999	symbiobacterium_medium	3	2	1	130	120		Same ingredient identity signature but concentration signature differs from parent.
ab21772d5b8b2ee7	PROPOSED	HIGH	DERIVED_FROM	data/normalized_yaml/bacterial/DSMZ_1293_SYMBIOBACTERIUM_THERMOPHILUM_MEDIUM.yaml	CultureMech:000251	symbiobacterium_thermophilum_medium	data/normalized_yaml/bacterial/symbiobacterium_thermophilum_medium.yaml	CultureMech:004043	symbiobacterium_thermophilum_medium	3	2	1	130	120		Candidate child formulation requires source/formulation review.
e1a6b7fb23716e12	PROPOSED	HIGH	SUBSTITUTED_COMPONENT_VARIANT	data/normalized_yaml/bacterial/DSMZ_994_MINERAL_MEDIUM.yaml	CultureMech:002179	mineral_medium	data/normalized_yaml/bacterial/mineral_medium_replace_sorbit_with_d_glucose.yaml	CultureMech:006977	mineral_medium_replace_sorbit_with_d_glucose	3	1	1	149	139		Name suggests substituted component; verify ingredient delta against source.
56d26a51c79bb07c	PROPOSED	HIGH	CONCENTRATION_VARIANT	data/normalized_yaml/bacterial/JCM_J1085_ANAEROBACTER_MEDIUM.yaml	CultureMech:002265	anaerobacter_medium	data/normalized_yaml/bacterial/KOMODO_482_ANAEROBACTER_medium.yaml	CultureMech:005604	anaerobacter_medium	3	2	1	147	146		Same ingredient identity signature but concentration signature differs from parent.
56d26a51c79bb07c	PROPOSED	HIGH	CONCENTRATION_VARIANT	data/normalized_yaml/bacterial/JCM_J1085_ANAEROBACTER_MEDIUM.yaml	CultureMech:002265	anaerobacter_medium	data/normalized_yaml/bacterial/anaerobacter_medium.yaml	CultureMech:001611	anaerobacter_medium	3	2	1	147	136		Same ingredient identity signature but concentration signature differs from parent.
be6030fabe73ce03	PROPOSED	HIGH	SALINITY_VARIANT	data/normalized_yaml/bacterial/JCM_J155_DUBOS_SALTS_MEDIUM.yaml	CultureMech:002513	dubos_salts_medium	data/normalized_yaml/bacterial/KOMODO_1161_DUBOS_SALTS_MEDIUM.yaml	CultureMech:003872	dubos_salts_medium	3	1	1	150	150		Name suggests salt/salinity change; verify concentration delta against source.
84a12bfefc21342e	PROPOSED	HIGH	DERIVED_FROM	data/normalized_yaml/bacterial/JCM_J235_PYSE_MEDIUM.yaml	CultureMech:002595	pyse_medium	data/normalized_yaml/bacterial/KOMODO_1120_PYSE_medium.yaml	CultureMech:003823	pyse_medium	3	1	1	135	135		Candidate child formulation requires source/formulation review.
84a12bfefc21342e	PROPOSED	HIGH	DERIVED_FROM	data/normalized_yaml/bacterial/JCM_J235_PYSE_MEDIUM.yaml	CultureMech:002595	pyse_medium	data/normalized_yaml/bacterial/pyse_medium.yaml	CultureMech:000557	pyse_medium	3	1	1	135	125		Candidate child formulation requires source/formulation review.
3d5d93ce71f7d803	PROPOSED	HIGH	DERIVED_FROM	data/normalized_yaml/bacterial/JCM_J246_PPES-II_AGAR_MEDIUM.yaml	CultureMech:002607	ppes_ii_agar_medium	data/normalized_yaml/bacterial/KOMODO_1075_PPES-II_AGAR_medium.yaml	CultureMech:003662	ppes_ii_agar_medium	3	1	1	132	132		Candidate child formulation requires source/formulation review.
3d5d93ce71f7d803	PROPOSED	HIGH	DERIVED_FROM	data/normalized_yaml/bacterial/JCM_J246_PPES-II_AGAR_MEDIUM.yaml	CultureMech:002607	ppes_ii_agar_medium	data/normalized_yaml/bacterial/ppes_ii_agar_medium.yaml	CultureMech:000507	ppes_ii_agar_medium	3	1	1	132	122		Candidate child formulation requires source/formulation review.
2456dde12624653e	PROPOSED	HIGH	SALINITY_VARIANT	data/normalized_yaml/bacterial/JCM_J427_TSBY_SALT_MEDIUM.yaml	CultureMech:002779	tsby_salt_medium	data/normalized_yaml/bacterial/KOMODO_466_TSBY_salt_medium.yaml	CultureMech:005579	tsby_salt_medium	3	2	1	132	132		Name suggests salt/salinity change; verify concentration delta against source.
88498e3f0569c9dc	PROPOSED	HIGH	DERIVED_FROM	data/normalized_yaml/bacterial/JCM_J44_BENNETT_S_AGAR.yaml	CultureMech:002800	bennetts_agar	data/normalized_yaml/bacterial/bennetts_agar.yaml	CultureMech:001682	bennetts_agar	3	1	1	120	110		Candidate child formulation requires source/formulation review.
65724886fe1b2fd2	PROPOSED	HIGH	DERIVED_FROM	data/normalized_yaml/bacterial/JCM_J840_YPM_MEDIUM.yaml	CultureMech:003185	ypm_medium	data/normalized_yaml/bacterial/KOMODO_360_YPM_medium.yaml	CultureMech:005083	ypm_medium	3	1	1	125	125		Candidate child formulation requires source/formulation review.
65724886fe1b2fd2	PROPOSED	HIGH	DERIVED_FROM	data/normalized_yaml/bacterial/JCM_J840_YPM_MEDIUM.yaml	CultureMech:003185	ypm_medium	data/normalized_yaml/bacterial/ypm_medium.yaml	CultureMech:001461	ypm_medium	3	1	1	125	115		Candidate child formulation requires source/formulation review.
38d075307bc2df8e	PROPOSED	HIGH	CONCENTRATION_VARIANT	data/normalized_yaml/bacterial/KOMODO_1023_MANNING_medium.yaml	CultureMech:003535	manning_medium	data/normalized_yaml/bacterial/KOMODO_665_SULFOBACILLUS_medium.yaml	CultureMech:006248	sulfobacillus_medium	3	2	1	144	144		Same ingredient identity signature but concentration signature differs from parent.
2b00f667930d6e62	PROPOSED	HIGH	SOURCE_DUPLICATE	data/normalized_yaml/bacterial/KOMODO_1085_HOWARDELLA_medium.yaml	CultureMech:003737	howardella_medium	data/normalized_yaml/bacterial/catonella_ureilytica_medium.yaml	CultureMech:002839	catonella_ureilytica_medium	3	1	1	132	125		Same ingredient and concentration signature; review as possible duplicate source record.
0915d739ebe97f2a	PROPOSED	HIGH	SUBSTITUTED_COMPONENT_VARIANT	data/normalized_yaml/bacterial/KOMODO_1116_STEROIDOBACTER_MEDIUM.yaml	CultureMech:003818	steroidobacter_medium	data/normalized_yaml/bacterial/steroidobacter_medium_replace_testosterone_with_heptanoate.yaml	CultureMech:003817	steroidobacter_medium_replace_testosterone_with_heptanoate	3	1	1	149	139		Name suggests substituted component; verify ingredient delta against source.
334afc969bed292c	PROPOSED	HIGH	SALINITY_VARIANT	data/normalized_yaml/bacterial/KOMODO_1123_YED_medium_salted.yaml	CultureMech:003827	yed_medium_salted	data/normalized_yaml/bacterial/salt_glucose_agar_sga.yaml	CultureMech:003228	salt_glucose_agar_sga	3	2	1	137	127		Name suggests salt/salinity change; verify concentration delta against source.
1cc06b4a113dfca9	PROPOSED	HIGH	CONCENTRATION_VARIANT	data/normalized_yaml/bacterial/KOMODO_1133_ENRICHED_CYTOPHAGA_AGAR_medium.yaml	CultureMech:003843	enriched_cytophaga_agar_medium	data/normalized_yaml/bacterial/enriched_cytophaga_agar.yaml	CultureMech:003082	enriched_cytophaga_agar	3	2	1	120	110		Same ingredient identity signature but concentration signature differs from parent.
320348e7a7a8d6b1	PROPOSED	HIGH	SALINITY_VARIANT	data/normalized_yaml/bacterial/KOMODO_1159_GYM_STREPTOMYCES_medium_10_NACL.yaml	CultureMech:003868	gym_streptomyces_medium_10_nacl	data/normalized_yaml/bacterial/gym_agar_with_15_nacl.yaml	CultureMech:003348	gym_agar_with_15_nacl	3	2	1	133	123		Name suggests salt/salinity change; verify concentration delta against source.
2162cf838629792b	PROPOSED	HIGH	CONCENTRATION_VARIANT	data/normalized_yaml/bacterial/KOMODO_1162_THIOPHAEOCOCCUS_MANGROVI_medium.yaml	CultureMech:003873	thiophaeococcus_mangrovi_medium	data/normalized_yaml/bacterial/thiorhodococcus_medium.yaml	CultureMech:000816	thiorhodococcus_medium	3	2	1	147	137		Same ingredient identity signature but concentration signature differs from parent.
0d813bbed72e1e81	PROPOSED	HIGH	SALINITY_VARIANT	data/normalized_yaml/bacterial/KOMODO_1169_SEAWATER_YPG.yaml	CultureMech:003887	seawater_ypg	data/normalized_yaml/bacterial/2_nacl_ypg_agar.yaml	CultureMech:003205	2_nacl_ypg_agar	3	2	1	130	120		Name suggests salt/salinity change; verify concentration delta against source.
3630eca60c8769e8	PROPOSED	HIGH	SUBSTITUTED_COMPONENT_VARIANT	data/normalized_yaml/bacterial/KOMODO_1171_METHYLOHALOMONAS_MEDIUM.yaml	CultureMech:003891	methylohalomonas_medium	data/normalized_yaml/bacterial/methylohalomonas_medium_replace_methanol_with_sodium_acetate.yaml	CultureMech:003890	methylohalomonas_medium_replace_methanol_with_sodium_acetate	3	1	1	150	140		Name suggests substituted component; verify ingredient delta against source.
3332ebc508a2aabf	PROPOSED	HIGH	SUBSTITUTED_COMPONENT_VARIANT	data/normalized_yaml/bacterial/KOMODO_1222_RHODOVULUM_MARINUM_MEDIUM.yaml	CultureMech:003976	rhodovulum_marinum_medium	data/normalized_yaml/bacterial/rhodovulum_marinum_medium_replace_sorbitol_with_na_pyruvate.yaml	CultureMech:003975	rhodovulum_marinum_medium_replace_sorbitol_with_na_pyruvate	3	1	1	149	139		Name suggests substituted component; verify ingredient delta against source.
efacf727ecd813b8	PROPOSED	HIGH	SUBSTITUTED_COMPONENT_VARIANT	data/normalized_yaml/bacterial/KOMODO_122_CLOSTRIDIUM_THERMOCELLUM_medium.yaml	CultureMech:003985	clostridium_thermocellum_medium	data/normalized_yaml/bacterial/clostridium_thermocellum_medium_replace_cellulose_with_cellobiose.yaml	CultureMech:003972	clostridium_thermocellum_medium_replace_cellulose_with_cellobiose	3	1	1	135	125		Name suggests substituted component; verify ingredient delta against source.
8093f1613a391263	PROPOSED	HIGH	SOURCE_DUPLICATE	data/normalized_yaml/bacterial/KOMODO_1264_SPIROCHAETA_SP._medium.yaml	CultureMech:004021	spirochaeta_sp_medium	data/normalized_yaml/bacterial/for_dsm_14994.yaml	CultureMech:004020	for_dsm_14994	3	1	1	143	133		Same ingredient and concentration signature; review as possible duplicate source record.
a2215851badb2db0	PROPOSED	HIGH	CONCENTRATION_VARIANT	data/normalized_yaml/bacterial/KOMODO_1334_MODIFIED_YMA_medium.yaml	CultureMech:004097	modified_yma_medium	data/normalized_yaml/bacterial/modified_yma_medium_hambi.yaml	CultureMech:001023	modified_yma_medium_hambi	3	2	1	140	130		Same ingredient identity signature but concentration signature differs from parent.
c377ca137700d31a	PROPOSED	HIGH	SOURCE_DUPLICATE	data/normalized_yaml/bacterial/KOMODO_27_RHODOSPIRILLACEAE_medium_modified.yaml	CultureMech:004707	rhodospirillaceae_medium_modified	data/normalized_yaml/bacterial/rhodocyclus_purpureus_medium.yaml	CultureMech:001559	rhodocyclus_purpureus_medium	3	1	1	141	131		Same ingredient and concentration signature; review as possible duplicate source record.
114d5e635c78c63b	PROPOSED	HIGH	SUBSTITUTED_COMPONENT_VARIANT	data/normalized_yaml/bacterial/KOMODO_315_BACTEROIDES_CELLULOSOLVENS_MEDIUM.yaml	CultureMech:005002	bacteroides_cellulosolvens_medium	data/normalized_yaml/bacterial/bacteroides_cellulosolvens_medium_replace_cellobiose_with_cellulose.yaml	CultureMech:004999	bacteroides_cellulosolvens_medium_replace_cellobiose_with_cellulose	3	1	1	150	140		Name suggests substituted component; verify ingredient delta against source.
0679427443508e11	PROPOSED	HIGH	SUBSTITUTED_COMPONENT_VARIANT	data/normalized_yaml/bacterial/KOMODO_320_CLOSTRIDIUM_CELLULOVORANS_medium.yaml	CultureMech:005010	clostridium_cellulovorans_medium	data/normalized_yaml/bacterial/clostridium_cellulovorans_medium_replace_rumen_fluid_clarified_with_sludge_fluid_medium_119.yaml	CultureMech:005009	clostridium_cellulovorans_medium_replace_rumen_fluid_clarified_with_sludge_fluid_medium_119	3	1	1	142	132		Name suggests substituted component; verify ingredient delta against source.
29d6afbeb6912286	PROPOSED	HIGH	CONCENTRATION_VARIANT	data/normalized_yaml/bacterial/KOMODO_489_CLOSTRIDIUM_AEROTOLERANS_medium.yaml	CultureMech:005614	clostridium_aerotolerans_medium	data/normalized_yaml/bacterial/clostridium_aerotolerans_medium.yaml	CultureMech:003085	clostridium_aerotolerans_medium	3	2	1	143	135		Same ingredient identity signature but concentration signature differs from parent.
c4d3c4e820e6dfd8	PROPOSED	HIGH	SUBSTITUTED_COMPONENT_VARIANT	data/normalized_yaml/bacterial/KOMODO_494_ACETOHALOBIUM_medium.yaml	CultureMech:005623	acetohalobium_medium	data/normalized_yaml/bacterial/acetohalobium_medium_replace_trimethylamine_x_hcl_with_glycinebetaine.yaml	CultureMech:005622	acetohalobium_medium_replace_trimethylamine_x_hcl_with_glycinebetaine	3	1	1	147	137		Name suggests substituted component; verify ingredient delta against source.
3e8c38e869311213	PROPOSED	HIGH	SOURCE_DUPLICATE	data/normalized_yaml/bacterial/KOMODO_541_SULFUROSPIRILLUM_MEDIUM.yaml	CultureMech:005970	sulfurospirillum_medium	data/normalized_yaml/bacterial/for_dsm_18149.yaml	CultureMech:005969	for_dsm_18149	3	1	1	150	140		Same ingredient and concentration signature; review as possible duplicate source record.
f0ff1871da884601	PROPOSED	HIGH	SOURCE_DUPLICATE	data/normalized_yaml/bacterial/KOMODO_595_CAULOBACTER_medium.yaml	CultureMech:006076	caulobacter_medium	data/normalized_yaml/bacterial/caulobacter_medium_add_agar.yaml	CultureMech:008941	caulobacter_medium_add_agar	3	1	1	130	120		Same ingredient and concentration signature; review as possible duplicate source record.
518c7e3ef6c6cc62	PROPOSED	HIGH	SUBSTITUTED_COMPONENT_VARIANT	data/normalized_yaml/bacterial/KOMODO_701_HALOANAEROBACTER_CHITINOVORANS_medium.yaml	CultureMech:006331	haloanaerobacter_chitinovorans_medium	data/normalized_yaml/bacterial/haloanaerobacter_chitinovorans_medium_replace_glucose_with_chitin.yaml	CultureMech:006330	haloanaerobacter_chitinovorans_medium_replace_glucose_with_chitin	3	1	1	146	136		Name suggests substituted component; verify ingredient delta against source.
455f4109a035c082	PROPOSED	HIGH	SUBSTITUTED_COMPONENT_VARIANT	data/normalized_yaml/bacterial/KOMODO_702_HALOCELLA_CELLULOLYTICA_medium.yaml	CultureMech:006333	halocella_cellulolytica_medium	data/normalized_yaml/bacterial/halocella_cellulolytica_medium_replace_cellulose_with_cellobiose.yaml	CultureMech:006332	halocella_cellulolytica_medium_replace_cellulose_with_cellobiose	3	1	1	148	138		Name suggests substituted component; verify ingredient delta against source.
424d16ca352b5eff	PROPOSED	HIGH	SUBSTITUTED_COMPONENT_VARIANT	data/normalized_yaml/bacterial/KOMODO_738_BPHD_Medium.yaml	CultureMech:006387	bphd_medium	data/normalized_yaml/bacterial/bphd_medium_replace_cresol_with_phenol.yaml	CultureMech:006386	bphd_medium_replace_cresol_with_phenol	3	1	1	148	138		Name suggests substituted component; verify ingredient delta against source.
06316d510bcaeea7	PROPOSED	HIGH	CONCENTRATION_VARIANT	data/normalized_yaml/bacterial/KOMODO_746_RHODOVULUM_STRICTUM_medium.yaml	CultureMech:006397	rhodovulum_strictum_medium	data/normalized_yaml/bacterial/mmys_ii_medium.yaml	CultureMech:002556	mmys_ii_medium	3	2	1	144	134		Same ingredient identity signature but concentration signature differs from parent.
a19182af1b03d2c2	PROPOSED	HIGH	SUBSTITUTED_COMPONENT_VARIANT	data/normalized_yaml/bacterial/KOMODO_784_NATRONIELLA_medium.yaml	CultureMech:006484	natroniella_medium	data/normalized_yaml/bacterial/natroniella_medium_replace_trace_element_solution_sl_4_medium_457_with_trace_element_solution_sl_11_medium_784.yaml	CultureMech:006483	natroniella_medium_replace_trace_element_solution_sl_4_medium_457_with_trace_element_solution_sl_11_medium_784	3	1	1	147	137		Name suggests substituted component; verify ingredient delta against source.
32d44b14aa969309	PROPOSED	HIGH	CONCENTRATION_VARIANT	data/normalized_yaml/bacterial/KOMODO_803_SPHAEROTILUS-LEPTOTHRIX_medium.yaml	CultureMech:006520	sphaerotilus_leptothrix_medium	data/normalized_yaml/bacterial/TOGO_M1923_Sphaerotilus-Leptothrix_Medium.yaml	CultureMech:008502	sphaerotilus_leptothrix_medium	3	2	1	139	136		Same ingredient identity signature but concentration signature differs from parent.
229afa408c497e67	PROPOSED	HIGH	SOURCE_DUPLICATE	data/normalized_yaml/bacterial/KOMODO_813_DESULFONATRONUM_medium.yaml	CultureMech:006536	desulfonatronum_medium	data/normalized_yaml/bacterial/for_dsm_14708.yaml	CultureMech:006535	for_dsm_14708	3	1	1	147	137		Same ingredient and concentration signature; review as possible duplicate source record.
0a4bffc659336283	PROPOSED	HIGH	SUBSTITUTED_COMPONENT_VARIANT	data/normalized_yaml/bacterial/KOMODO_821_FUNDIBACTER_JADENSIS_medium.yaml	CultureMech:006549	fundibacter_jadensis_medium	data/normalized_yaml/bacterial/fundibacter_jadensis_medium_replace_hexadecane_with_sodium_acetate.yaml	CultureMech:006548	fundibacter_jadensis_medium_replace_hexadecane_with_sodium_acetate	3	1	1	137	127		Name suggests substituted component; verify ingredient delta against source.
b4bcc8d5aa25635c	PROPOSED	HIGH	SOURCE_DUPLICATE	data/normalized_yaml/bacterial/KOMODO_827_THERMOANAEROBACTER_SULFUROPHILUS_medium.yaml	CultureMech:006558	thermoanaerobacter_sulfurophilus_medium	data/normalized_yaml/bacterial/for_dsm_16547.yaml	CultureMech:006557	for_dsm_16547	3	1	1	147	137		Same ingredient and concentration signature; review as possible duplicate source record.
a2f0c8a822db0d43	PROPOSED	HIGH	SUPPLEMENTED_VARIANT	data/normalized_yaml/bacterial/KOMODO_85_GLUCOSE_Peptone_medium.yaml	CultureMech:006677	glucose_peptone_medium	data/normalized_yaml/bacterial/glucose_agar.yaml	CultureMech:002945	glucose_agar	3	2	1	130	120		Name suggests added supplement/component; verify ingredient delta against source.
c9be285c5760c7ad	PROPOSED	HIGH	SUBSTITUTED_COMPONENT_VARIANT	data/normalized_yaml/bacterial/KOMODO_956_MEDIUM_FOR_DSM_14457_AND_14458.yaml	CultureMech:006900	medium_for_dsm_14457_and_14458	data/normalized_yaml/bacterial/medium_for_dsm_14457_and_14458_replace_methanol_with_methylamine.yaml	CultureMech:006899	medium_for_dsm_14457_and_14458_replace_methanol_with_methylamine	3	1	1	150	140		Name suggests substituted component; verify ingredient delta against source.
898c873087c94fd9	PROPOSED	HIGH	SOURCE_DUPLICATE	data/normalized_yaml/bacterial/KOMODO_962_THERMOVENABULUM_medium.yaml	CultureMech:006919	thermovenabulum_medium	data/normalized_yaml/bacterial/for_dsm_14005.yaml	CultureMech:006918	for_dsm_14005	3	1	1	146	136		Same ingredient and concentration signature; review as possible duplicate source record.
0e8f765c5a5414f9	PROPOSED	HIGH	SALINITY_VARIANT	data/normalized_yaml/bacterial/TOGO_M105_R_Agar_With_3_NaCl.yaml	CultureMech:007576	r_agar_with_3_nacl	data/normalized_yaml/bacterial/TOGO_M67_R_Agar_With_5_NaCl.yaml	CultureMech:010084	r_agar_with_5_nacl	3	3	1	125	125		Name suggests salt/salinity change; verify concentration delta against source.
0e8f765c5a5414f9	PROPOSED	HIGH	SALINITY_VARIANT	data/normalized_yaml/bacterial/TOGO_M105_R_Agar_With_3_NaCl.yaml	CultureMech:007576	r_agar_with_3_nacl	data/normalized_yaml/bacterial/TOGO_M916_R_Agar_With_10_NaCl.yaml	CultureMech:010336	r_agar_with_10_nacl	3	3	1	125	125		Name suggests salt/salinity change; verify concentration delta against source.
367ca7bc0447c179	PROPOSED	HIGH	SALINITY_VARIANT	data/normalized_yaml/bacterial/TOGO_M1238_Inorganic_Salts-Starch_Agar_ISP-4_With_5_NaCl.yaml	CultureMech:007767	inorganic_salts_starch_agar_isp_4_with_5_nacl	data/normalized_yaml/bacterial/TOGO_M346_Inorganic_Salts-Starch_Agar_ISP-4_With_10_NaCl.yaml	CultureMech:009725	inorganic_salts_starch_agar_isp_4_with_10_nacl	3	3	1	125	125		Name suggests salt/salinity change; verify concentration delta against source.
367ca7bc0447c179	PROPOSED	HIGH	SALINITY_VARIANT	data/normalized_yaml/bacterial/TOGO_M1238_Inorganic_Salts-Starch_Agar_ISP-4_With_5_NaCl.yaml	CultureMech:007767	inorganic_salts_starch_agar_isp_4_with_5_nacl	data/normalized_yaml/bacterial/TOGO_M900_Inorganic_Salts-Starch_Agar_ISP-4_With_15_NaCl.yaml	CultureMech:010319	inorganic_salts_starch_agar_isp_4_with_15_nacl	3	3	1	125	125		Name suggests salt/salinity change; verify concentration delta against source.
5e3364924bd5eae3	PROPOSED	HIGH	CONCENTRATION_VARIANT	data/normalized_yaml/bacterial/TOGO_M1431_YM_Agar.yaml	CultureMech:007970	ym_agar	data/normalized_yaml/bacterial/TOGO_M25_MY20_Agar.yaml	CultureMech:009168	my20_agar	3	3	1	125	125		Same ingredient identity signature but concentration signature differs from parent.
147c5021fee5c04a	PROPOSED	HIGH	CONCENTRATION_VARIANT	data/normalized_yaml/bacterial/TOGO_M1458_Trypticase_Soy_Agar.yaml	CultureMech:007999	trypticase_soy_agar	data/normalized_yaml/bacterial/TOGO_M2327_Trypticase_Soy_Broth_Agar.yaml	CultureMech:008913	trypticase_soy_broth_agar	3	3	1	127	127		Same ingredient identity signature but concentration signature differs from parent.
147c5021fee5c04a	PROPOSED	HIGH	CONCENTRATION_VARIANT	data/normalized_yaml/bacterial/TOGO_M1458_Trypticase_Soy_Agar.yaml	CultureMech:007999	trypticase_soy_agar	data/normalized_yaml/bacterial/TOGO_M476_Trypticase_Soy_Broth_Agar.yaml	CultureMech:009862	trypticase_soy_broth_agar	3	3	1	127	127		Same ingredient identity signature but concentration signature differs from parent.
a0b297e06b7a403b	PROPOSED	HIGH	SUPPLEMENTED_VARIANT	data/normalized_yaml/bacterial/TOGO_M2339_Nutrient_Agar.yaml	CultureMech:008926	nutrient_agar	data/normalized_yaml/bacterial/TOGO_M2358_Reactivation_With_Liquid_Medium_1.yaml	CultureMech:008943	reactivation_with_liquid_medium_1	3	1	1	125	125		Name suggests added supplement/component; verify ingredient delta against source.
a0b297e06b7a403b	PROPOSED	HIGH	DERIVED_FROM	data/normalized_yaml/bacterial/TOGO_M2339_Nutrient_Agar.yaml	CultureMech:008926	nutrient_agar	data/normalized_yaml/bacterial/TOGO_M3116_Nutrient_Agar.yaml	CultureMech:009588	nutrient_agar	3	1	1	125	125		Candidate child formulation requires source/formulation review.
27d783c759c3faa2	PROPOSED	HIGH	SUPPLEMENTED_VARIANT	data/normalized_yaml/bacterial/TOGO_M2340_Nutrient_Agar.yaml	CultureMech:008928	nutrient_agar	data/normalized_yaml/bacterial/reactivation_with_liquid_medium_1_for_sporulation.yaml	CultureMech:008944	reactivation_with_liquid_medium_1_for_sporulation	3	1	1	130	120		Name suggests added supplement/component; verify ingredient delta against source.
e3fddd37096edfff	PROPOSED	HIGH	SOURCE_DUPLICATE	data/normalized_yaml/bacterial/TOGO_M2418_Nutrient_Broth.yaml	CultureMech:009000	nutrient_broth	data/normalized_yaml/bacterial/TOGO_M2193_Nutrient_Agar_Broth.yaml	CultureMech:008786	nutrient_agar_broth	3	2	1	117	117		Same ingredient and concentration signature; review as possible duplicate source record.
e3fddd37096edfff	PROPOSED	HIGH	CONCENTRATION_VARIANT	data/normalized_yaml/bacterial/TOGO_M2418_Nutrient_Broth.yaml	CultureMech:009000	nutrient_broth	data/normalized_yaml/bacterial/TOGO_M681_Nutrient_Broth.yaml	CultureMech:010086	nutrient_broth	3	2	1	117	117		Same ingredient identity signature but concentration signature differs from parent.
018a651c010cbb69	PROPOSED	HIGH	DERIVED_FROM	data/normalized_yaml/bacterial/TOGO_M2488_YTP-2_medium.yaml	CultureMech:009061	ytp_2_medium	data/normalized_yaml/bacterial/ytp_2_medium.yaml	CultureMech:008858	ytp_2_medium	3	1	1	133	123		Candidate child formulation requires source/formulation review.
1036106db6bd36f2	PROPOSED	HIGH	CONCENTRATION_VARIANT	data/normalized_yaml/bacterial/TOGO_M52_Glycerol-Asparagine_Agar_ISP-5.yaml	CultureMech:009922	glycerol_asparagine_agar_isp_5	data/normalized_yaml/bacterial/glycerol_asparagine_agar_isp_5.yaml	CultureMech:002957	glycerol_asparagine_agar_isp_5	3	2	1	145	135		Same ingredient identity signature but concentration signature differs from parent.
06289eccd099dffa	PROPOSED	HIGH	SOURCE_DUPLICATE	data/normalized_yaml/bacterial/TOGO_M684_YM_Broth.yaml	CultureMech:010089	ym_broth	data/normalized_yaml/bacterial/ym_liquid_medium.yaml	CultureMech:008150	ym_liquid_medium	3	1	1	120	110		Same ingredient and concentration signature; review as possible duplicate source record.
e01acdf990066aa6	PROPOSED	HIGH	SUBSTITUTED_COMPONENT_VARIANT	data/normalized_yaml/bacterial/amo_1_medium.yaml	CultureMech:006284	amo_1_medium	data/normalized_yaml/bacterial/amo_1_medium_replace_n_methylhydantoin_with_creatinine.yaml	CultureMech:006283	amo_1_medium_replace_n_methylhydantoin_with_creatinine	3	1	1	136	136		Name suggests substituted component; verify ingredient delta against source.
b2315e305958d607	PROPOSED	HIGH	SUBSTITUTED_COMPONENT_VARIANT	data/normalized_yaml/bacterial/clostridium_papyrosolvens_medium.yaml	CultureMech:004747	clostridium_papyrosolvens_medium	data/normalized_yaml/bacterial/clostridium_papyrosolvens_medium_replace_cellobiose_with_cellulose.yaml	CultureMech:004746	clostridium_papyrosolvens_medium_replace_cellobiose_with_cellulose	3	1	1	130	130		Name suggests substituted component; verify ingredient delta against source.
566384746b38b538	PROPOSED	HIGH	SUBSTITUTED_COMPONENT_VARIANT	data/normalized_yaml/bacterial/clostridium_termitidis_medium.yaml	CultureMech:005966	clostridium_termitidis_medium	data/normalized_yaml/bacterial/clostridium_termitidis_medium_replace_cellulose_with_cellobiose.yaml	CultureMech:005965	clostridium_termitidis_medium_replace_cellulose_with_cellobiose	3	1	1	137	137		Name suggests substituted component; verify ingredient delta against source.
7d74c60b46d4e2c1	PROPOSED	HIGH	CONCENTRATION_VARIANT	data/normalized_yaml/bacterial/f_2.yaml	CultureMech:000343	f_2	data/normalized_yaml/bacterial/f_10.yaml	CultureMech:000345	f_10	3	3	1	137	137		Same ingredient identity signature but concentration signature differs from parent.
eb7e35ce0731c8bb	PROPOSED	HIGH	SOURCE_DUPLICATE	data/normalized_yaml/bacterial/for_dsm_12343.yaml	CultureMech:006688	for_dsm_12343	data/normalized_yaml/bacterial/for_dsm_12342_dsm_12343_and_dsm_12345.yaml	CultureMech:006690	for_dsm_12342_dsm_12343_and_dsm_12345	3	1	1	130	130		Same ingredient and concentration signature; review as possible duplicate source record.
d2e46c23656cd61d	PROPOSED	HIGH	SUPPLEMENTED_VARIANT	data/normalized_yaml/bacterial/for_dsm_14366.yaml	CultureMech:006345	for_dsm_14366	data/normalized_yaml/bacterial/thiobacillus_ferrooxidans_medium_with_thiosulfate.yaml	CultureMech:006362	thiobacillus_ferrooxidans_medium_with_thiosulfate	3	1	1	140	140		Name suggests added supplement/component; verify ingredient delta against source.
fac46413a34d0987	PROPOSED	HIGH	SOURCE_DUPLICATE	data/normalized_yaml/bacterial/for_dsm_18181.yaml	CultureMech:005082	for_dsm_18181	data/normalized_yaml/bacterial/thiobacillus_medium.yaml	CultureMech:001471	thiobacillus_medium	3	1	1	140	140		Same ingredient and concentration signature; review as possible duplicate source record.
ded9f7db53e4f1da	PROPOSED	HIGH	SOURCE_DUPLICATE	data/normalized_yaml/bacterial/for_dsm_18978.yaml	CultureMech:006757	for_dsm_18978	data/normalized_yaml/bacterial/for_dsm_18346_and_dsm_18979.yaml	CultureMech:006756	for_dsm_18346_and_dsm_18979	3	1	1	137	137		Same ingredient and concentration signature; review as possible duplicate source record.
ded9f7db53e4f1da	PROPOSED	HIGH	SOURCE_DUPLICATE	data/normalized_yaml/bacterial/for_dsm_18978.yaml	CultureMech:006757	for_dsm_18978	data/normalized_yaml/bacterial/serpentinicella_medium.yaml	CultureMech:002063	serpentinicella_medium	3	1	1	137	137		Same ingredient and concentration signature; review as possible duplicate source record.
fc041f9030b78909	PROPOSED	HIGH	SOURCE_DUPLICATE	data/normalized_yaml/bacterial/for_dsm_19306.yaml	CultureMech:006946	for_dsm_19306	data/normalized_yaml/bacterial/deferribacter_autotrophicus_medium.yaml	CultureMech:002167	deferribacter_autotrophicus_medium	3	1	1	137	137		Same ingredient and concentration signature; review as possible duplicate source record.
d346c074ab45c0a7	PROPOSED	HIGH	SOURCE_DUPLICATE	data/normalized_yaml/bacterial/for_dsm_24739.yaml	CultureMech:003875	for_dsm_24739	data/normalized_yaml/bacterial/for_dsm_15011_and_dsm_24906.yaml	CultureMech:003874	for_dsm_15011_and_dsm_24906	3	1	1	137	137		Same ingredient and concentration signature; review as possible duplicate source record.
12860ada97cabe62	PROPOSED	HIGH	SOURCE_DUPLICATE	data/normalized_yaml/bacterial/for_dsm_5388.yaml	CultureMech:005610	for_dsm_5388	data/normalized_yaml/bacterial/clostridium_m1_medium.yaml	CultureMech:005611	clostridium_m1_medium	3	1	1	137	137		Same ingredient and concentration signature; review as possible duplicate source record.
2cd5361e2e624e31	PROPOSED	HIGH	SOURCE_DUPLICATE	data/normalized_yaml/bacterial/for_dsm_6578.yaml	CultureMech:005710	for_dsm_6578	data/normalized_yaml/bacterial/spirochete_thermophile_medium.yaml	CultureMech:005711	spirochete_thermophile_medium	3	1	1	137	137		Same ingredient and concentration signature; review as possible duplicate source record.
0ea9cef1fe67c312	PROPOSED	HIGH	SALINITY_VARIANT	data/normalized_yaml/bacterial/inorganic_salts_starch_agar_isp_4_with_5_nacl.yaml	CultureMech:002328	inorganic_salts_starch_agar_isp_4_with_5_nacl	data/normalized_yaml/bacterial/inorganic_salts_starch_agar_isp_4_with_10_nacl.yaml	CultureMech:002712	inorganic_salts_starch_agar_isp_4_with_10_nacl	3	3	1	115	115		Name suggests salt/salinity change; verify concentration delta against source.
0ea9cef1fe67c312	PROPOSED	HIGH	SALINITY_VARIANT	data/normalized_yaml/bacterial/inorganic_salts_starch_agar_isp_4_with_5_nacl.yaml	CultureMech:002328	inorganic_salts_starch_agar_isp_4_with_5_nacl	data/normalized_yaml/bacterial/inorganic_salts_starch_agar_isp_4_with_15_nacl.yaml	CultureMech:003209	inorganic_salts_starch_agar_isp_4_with_15_nacl	3	3	1	115	115		Name suggests salt/salinity change; verify concentration delta against source.
9167157439d81239	PROPOSED	HIGH	SALINITY_VARIANT	data/normalized_yaml/bacterial/isp_4_plus_20_nacl.yaml	CultureMech:009704	isp_4_plus_20_nacl	data/normalized_yaml/bacterial/inorganic_salt_solution_agar_isp_medium_no_4_10_nacl.yaml	CultureMech:008544	inorganic_salt_solution_agar_isp_medium_no_4_10_nacl	3	3	1	122	122		Name suggests salt/salinity change; verify concentration delta against source.
13fbb12e7b4d29aa	PROPOSED	HIGH	SUPPLEMENTED_VARIANT	data/normalized_yaml/bacterial/mineral_medium_with_camphor.yaml	CultureMech:001556	mineral_medium_with_camphor	data/normalized_yaml/bacterial/mineral_medium_with_naphthalene.yaml	CultureMech:001553	mineral_medium_with_naphthalene	3	1	1	140	140		Name suggests added supplement/component; verify ingredient delta against source.
13fbb12e7b4d29aa	PROPOSED	HIGH	SUPPLEMENTED_VARIANT	data/normalized_yaml/bacterial/mineral_medium_with_camphor.yaml	CultureMech:001556	mineral_medium_with_camphor	data/normalized_yaml/bacterial/mineral_medium_with_toluene.yaml	CultureMech:001551	mineral_medium_with_toluene	3	1	1	140	140		Name suggests added supplement/component; verify ingredient delta against source.
ee1f61a25376df86	PROPOSED	HIGH	SUBSTITUTED_COMPONENT_VARIANT	data/normalized_yaml/bacterial/modified_ba_medium.yaml	CultureMech:006267	modified_ba_medium	data/normalized_yaml/bacterial/modified_ba_medium_replace_cellobiose_with_cellulose.yaml	CultureMech:006266	modified_ba_medium_replace_cellobiose_with_cellulose	3	1	1	137	137		Name suggests substituted component; verify ingredient delta against source.
eb6d2c5a7a4a9bfa	PROPOSED	HIGH	SUBSTITUTED_COMPONENT_VARIANT	data/normalized_yaml/bacterial/msa_fe_medium.yaml	CultureMech:006337	msa_fe_medium	data/normalized_yaml/bacterial/msa_fe_medium_replace_na_lactate_with_na_formate.yaml	CultureMech:006336	msa_fe_medium_replace_na_lactate_with_na_formate	3	1	1	135	135		Name suggests substituted component; verify ingredient delta against source.
ddc2a1133a7edc20	PROPOSED	HIGH	SALINITY_VARIANT	data/normalized_yaml/bacterial/r2a_agar_with_1_nacl.yaml	CultureMech:003261	r2a_agar_with_1_nacl	data/normalized_yaml/bacterial/r2a_agar_with_2_nacl.yaml	CultureMech:002325	r2a_agar_with_2_nacl	3	3	1	115	115		Name suggests salt/salinity change; verify concentration delta against source.
ddc2a1133a7edc20	PROPOSED	HIGH	SALINITY_VARIANT	data/normalized_yaml/bacterial/r2a_agar_with_1_nacl.yaml	CultureMech:003261	r2a_agar_with_1_nacl	data/normalized_yaml/bacterial/r2a_agar_with_3_nacl.yaml	CultureMech:002447	r2a_agar_with_3_nacl	3	3	1	115	115		Name suggests salt/salinity change; verify concentration delta against source.
43a9530f7afd70b8	PROPOSED	HIGH	SALINITY_VARIANT	data/normalized_yaml/bacterial/r_agar_with_3_nacl.yaml	CultureMech:002313	r_agar_with_3_nacl	data/normalized_yaml/bacterial/r_agar_with_10_nacl.yaml	CultureMech:003224	r_agar_with_10_nacl	3	3	1	115	115		Name suggests salt/salinity change; verify concentration delta against source.
43a9530f7afd70b8	PROPOSED	HIGH	SALINITY_VARIANT	data/normalized_yaml/bacterial/r_agar_with_3_nacl.yaml	CultureMech:002313	r_agar_with_3_nacl	data/normalized_yaml/bacterial/r_agar_with_5_nacl.yaml	CultureMech:003111	r_agar_with_5_nacl	3	3	1	115	115		Name suggests salt/salinity change; verify concentration delta against source.
043bc8f82331ec69	PROPOSED	HIGH	SUBSTITUTED_COMPONENT_VARIANT	data/normalized_yaml/bacterial/ruminiclostridium_medium.yaml	CultureMech:000871	ruminiclostridium_medium	data/normalized_yaml/bacterial/clostridium_cellobioparum_medium_replace_rumen_fluid_clarified_with_sludge_fluid_medium_119.yaml	CultureMech:004118	clostridium_cellobioparum_medium_replace_rumen_fluid_clarified_with_sludge_fluid_medium_119	3	1	1	130	130		Name suggests substituted component; verify ingredient delta against source.
96c4e89030faca9e	PROPOSED	HIGH	SALINITY_VARIANT	data/normalized_yaml/bacterial/sulfate_reducing_bacterium_medium_with_lactate.yaml	CultureMech:002900	sulfate_reducing_bacterium_medium_with_lactate	data/normalized_yaml/bacterial/sulfate_reducing_bacterium_medium_with_2_nacl_and_lactate.yaml	CultureMech:002973	sulfate_reducing_bacterium_medium_with_2_nacl_and_lactate	3	1	1	138	138		Name suggests salt/salinity change; verify concentration delta against source.
96c4e89030faca9e	PROPOSED	HIGH	SUPPLEMENTED_VARIANT	data/normalized_yaml/bacterial/sulfate_reducing_bacterium_medium_with_lactate.yaml	CultureMech:002900	sulfate_reducing_bacterium_medium_with_lactate	data/normalized_yaml/bacterial/sulfate_reducing_bacterium_medium_with_pyruvate.yaml	CultureMech:002901	sulfate_reducing_bacterium_medium_with_pyruvate	3	1	1	138	138		Name suggests added supplement/component; verify ingredient delta against source.
19022eb0359cc79c	PROPOSED	HIGH	SOURCE_DUPLICATE	data/normalized_yaml/bacterial/tf_a_medium.yaml	CultureMech:006391	tf_a_medium	data/normalized_yaml/bacterial/for_dsm_17883.yaml	CultureMech:006390	for_dsm_17883	3	1	1	136	136		Same ingredient and concentration signature; review as possible duplicate source record.
ea72e8750d5a8230	PROPOSED	HIGH	SUBSTITUTED_COMPONENT_VARIANT	data/normalized_yaml/bacterial/thermoclostridium_a_g_medium.yaml	CultureMech:001427	thermoclostridium_a_g_medium	data/normalized_yaml/bacterial/clostridium_thermolacticum_medium_replace_cellobiose_with_sucrose.yaml	CultureMech:005018	clostridium_thermolacticum_medium_replace_cellobiose_with_sucrose	3	1	1	135	135		Name suggests substituted component; verify ingredient delta against source.
070e099db1d1efd9	PROPOSED	HIGH	SOURCE_DUPLICATE	data/normalized_yaml/bacterial/togo_medium_m181.yaml	CultureMech:008391	togo_medium_m181	data/normalized_yaml/bacterial/togo_medium_m1428.yaml	CultureMech:007966	togo_medium_m1428	3	1	1	116	116		Same ingredient and concentration signature; review as possible duplicate source record.
2850e81e0e67678c	PROPOSED	HIGH	CONCENTRATION_VARIANT	data/normalized_yaml/bacterial/togo_medium_m307.yaml	CultureMech:009582	togo_medium_m307	data/normalized_yaml/bacterial/jcm_medium_no_313.yaml	CultureMech:002671	jcm_medium_no_313	3	3	1	118	107		Same ingredient identity signature but concentration signature differs from parent.
2850e81e0e67678c	PROPOSED	HIGH	CONCENTRATION_VARIANT	data/normalized_yaml/bacterial/togo_medium_m307.yaml	CultureMech:009582	togo_medium_m307	data/normalized_yaml/bacterial/togo_medium_m308.yaml	CultureMech:009583	togo_medium_m308	3	3	1	118	118		Same ingredient identity signature but concentration signature differs from parent.
a09ccf968e815d20	PROPOSED	HIGH	SOURCE_DUPLICATE	data/normalized_yaml/specialized/dv_base_medium_no_w.yaml	CultureMech:015519	Dv base medium no W	data/normalized_yaml/specialized/dv_base_medium_no_mo.yaml	CultureMech:015517	Dv base medium no Mo	3	1	1	50	50		Same ingredient and concentration signature; review as possible duplicate source record.
a09ccf968e815d20	PROPOSED	HIGH	SOURCE_DUPLICATE	data/normalized_yaml/specialized/dv_base_medium_no_w.yaml	CultureMech:015519	Dv base medium no W	data/normalized_yaml/specialized/dv_base_medium_no_mo_no_w.yaml	CultureMech:015518	Dv base medium no Mo no W	3	1	1	50	50		Same ingredient and concentration signature; review as possible duplicate source record.
4c366e93ec606837	PROPOSED	HIGH	CONCENTRATION_VARIANT	data/normalized_yaml/specialized/nldm_defined_nocarbon_ph4.yaml	CultureMech:015659	NLDM_defined_nocarbon_pH4	data/normalized_yaml/specialized/nldm_defined_nocarbon_ph4_5.yaml	CultureMech:015660	NLDM_defined_nocarbon_pH4.5	3	3	1	80	80		Same ingredient identity signature but concentration signature differs from parent.
4c366e93ec606837	PROPOSED	HIGH	CONCENTRATION_VARIANT	data/normalized_yaml/specialized/nldm_defined_nocarbon_ph4.yaml	CultureMech:015659	NLDM_defined_nocarbon_pH4	data/normalized_yaml/specialized/nldm_defined_nocarbon_ph5.yaml	CultureMech:015661	NLDM_defined_nocarbon_pH5	3	3	1	80	80		Same ingredient identity signature but concentration signature differs from parent.
ee7bdd6ea91fd2fb	PROPOSED	HIGH	CONCENTRATION_VARIANT	data/normalized_yaml/specialized/nldm_defined_ph4.yaml	CultureMech:015666	NLDM_defined_pH4	data/normalized_yaml/specialized/nldm_defined_ph4_5.yaml	CultureMech:015667	NLDM_defined_pH4.5	3	3	1	80	80		Same ingredient identity signature but concentration signature differs from parent.
ee7bdd6ea91fd2fb	PROPOSED	HIGH	CONCENTRATION_VARIANT	data/normalized_yaml/specialized/nldm_defined_ph4.yaml	CultureMech:015666	NLDM_defined_pH4	data/normalized_yaml/specialized/nldm_defined_ph5.yaml	CultureMech:015668	NLDM_defined_pH5	3	3	1	80	80		Same ingredient identity signature but concentration signature differs from parent.
5d600473c0eecdcc	PROPOSED	HIGH	CONCENTRATION_VARIANT	data/normalized_yaml/specialized/nldm_defined_ph6.yaml	CultureMech:015669	NLDM_defined_pH6	data/normalized_yaml/specialized/nldm_defined_ph7.yaml	CultureMech:015670	NLDM_defined_pH7	3	3	1	80	80		Same ingredient identity signature but concentration signature differs from parent.
5d600473c0eecdcc	PROPOSED	HIGH	CONCENTRATION_VARIANT	data/normalized_yaml/specialized/nldm_defined_ph6.yaml	CultureMech:015669	NLDM_defined_pH6	data/normalized_yaml/specialized/nldm_defined_ph8.yaml	CultureMech:015671	NLDM_defined_pH8	3	3	1	80	80		Same ingredient identity signature but concentration signature differs from parent.
80181525e0824c5e	PROPOSED	HIGH	SUPPLEMENTED_VARIANT	data/normalized_yaml/specialized/nln.yaml	CultureMech:015672	NLN	data/normalized_yaml/specialized/nf_with10percent_fulln.yaml	CultureMech:015648	NF with10percent fullN	3	3	1	80	80		Name suggests added supplement/component; verify ingredient delta against source.
80181525e0824c5e	PROPOSED	HIGH	SUPPLEMENTED_VARIANT	data/normalized_yaml/specialized/nln.yaml	CultureMech:015672	NLN	data/normalized_yaml/specialized/nf_with_fulln.yaml	CultureMech:015649	NF with fullN	3	3	1	80	80		Name suggests added supplement/component; verify ingredient delta against source.
b6096f82321e85ce	PROPOSED	HIGH	CONCENTRATION_VARIANT	data/normalized_yaml/specialized/r2a_low_k2hpo4.yaml	CultureMech:015696	R2A_low_K2HPO4	data/normalized_yaml/specialized/r2a_20mm_nitrate.yaml	CultureMech:015689	R2A_20mM_Nitrate	3	3	1	69	69		Same ingredient identity signature but concentration signature differs from parent.
de6f146ce9a82bac	PROPOSED	HIGH	CONCENTRATION_VARIANT	data/normalized_yaml/algae/1_2_Enriched_Seawater.yaml	CultureMech:000003	1_2_enriched_seawater	data/normalized_yaml/algae/2_3_Enriched_Seawater.yaml	CultureMech:000018	2_3_enriched_seawater	2	2	1	115	115		Same ingredient identity signature but concentration signature differs from parent.
6fa6ba9a0bb8da72	PROPOSED	HIGH	CONCENTRATION_VARIANT	data/normalized_yaml/algae/1_2_Erdschreiber_Medium.yaml	CultureMech:000004	1_2_erdschreiber_medium	data/normalized_yaml/algae/1_4_erdschreibers_medium.yaml	CultureMech:000008	1_4_erdschreibers_medium	2	2	1	115	115		Same ingredient identity signature but concentration signature differs from parent.
6fa1ac23e798207f	PROPOSED	HIGH	CONCENTRATION_VARIANT	data/normalized_yaml/algae/Bold_1NV_Erdshreiber_1_1_Medium.yaml	CultureMech:000030	bold_1nv_erdshreiber_1_1_medium	data/normalized_yaml/algae/Bold_1NV_Erdshreiber_4_1_Medium.yaml	CultureMech:000031	bold_1nv_erdshreiber_4_1_medium	2	2	1	90	90		Same ingredient identity signature but concentration signature differs from parent.
13208206d125b110	PROPOSED	HIGH	DERIVED_FROM	data/normalized_yaml/algae/CCAP_ASW 225 + barley  + barley grain_).yaml	CultureMech:000047	asw_225_barley	data/normalized_yaml/algae/asw_225_barley.yaml	CultureMech:000046	asw_225_barley	2	1	1	90	90		Candidate child formulation requires source/formulation review.
b756a29d9848dbdd	PROPOSED	HIGH	DERIVED_FROM	data/normalized_yaml/algae/CCAP_MC II .yaml	CultureMech:000085	mc_ii	data/normalized_yaml/algae/mc_ii.yaml	CultureMech:000084	mc_ii	2	1	1	80	80		Candidate child formulation requires source/formulation review.
367f403f8e293064	PROPOSED	HIGH	DERIVED_FROM	data/normalized_yaml/algae/CCAP_NN  Agar.yaml	CultureMech:000106	nn	data/normalized_yaml/algae/nn.yaml	CultureMech:000105	nn	2	1	1	82	82		Candidate child formulation requires source/formulation review.
253d582f13cfe308	PROPOSED	HIGH	CONCENTRATION_VARIANT	data/normalized_yaml/algae/asw.yaml	CultureMech:000050	asw	data/normalized_yaml/algae/asw_ses.yaml	CultureMech:000052	asw_ses	2	2	1	90	90		Same ingredient identity signature but concentration signature differs from parent.
7de686f7c99e972a	PROPOSED	HIGH	SALINITY_VARIANT	data/normalized_yaml/algae/bg_11_1_nacl_medium.yaml	CultureMech:000027	bg_11_1_nacl_medium	data/normalized_yaml/algae/bg_11_0_36_nacl_medium.yaml	CultureMech:000026	bg_11_0_36_nacl_medium	2	2	1	115	115		Name suggests salt/salinity change; verify concentration delta against source.
5e6ae28dffa20ec4	PROPOSED	HIGH	DERIVED_FROM	data/normalized_yaml/archaea/JCM_J338_PYROBACULUM_CALIDIFONTIS_MEDIUM.yaml	CultureMech:002697	pyrobaculum_calidifontis_medium	data/normalized_yaml/archaea/pyrobaculum_calidifontis_medium.yaml	CultureMech:000522	pyrobaculum_calidifontis_medium	2	1	1	117	107		Candidate child formulation requires source/formulation review.
7a43a5ac50ca5c0f	PROPOSED	HIGH	DERIVED_FROM	data/normalized_yaml/archaea/KOMODO_329_METHANOHALOPHILUS_HALOPHILUS_medium.yaml	CultureMech:005022	methanohalophilus_halophilus_medium	data/normalized_yaml/archaea/methanohalophilus_halophilus_medium.yaml	CultureMech:000261	methanohalophilus_halophilus_medium	2	1	1	147	137		Candidate child formulation requires source/formulation review.
92024877ba5143d4	PROPOSED	HIGH	DERIVED_FROM	data/normalized_yaml/archaea/KOMODO_373_METHANOGENIUM_CV_medium.yaml	CultureMech:005105	methanogenium_cv_medium	data/normalized_yaml/archaea/methanogenium_cv_medium.yaml	CultureMech:000263	methanogenium_cv_medium	2	1	1	146	136		Candidate child formulation requires source/formulation review.
3b9cde5d512cea31	PROPOSED	HIGH	DERIVED_FROM	data/normalized_yaml/archaea/KOMODO_713_METHANOHALOPHILUS_EUHALOBIUS_medium.yaml	CultureMech:006351	methanohalophilus_euhalobius_medium	data/normalized_yaml/archaea/methanohalophilus_euhalobius_medium.yaml	CultureMech:000278	methanohalophilus_euhalobius_medium	2	1	1	147	137		Candidate child formulation requires source/formulation review.
4f009a416f54aaae	PROPOSED	HIGH	DERIVED_FROM	data/normalized_yaml/archaea/KOMODO_730_FERROGLOBUS_PLACIDUS_MEDIUM.yaml	CultureMech:006373	ferroglobus_placidus_medium	data/normalized_yaml/archaea/ferroglobus_placidus_medium.yaml	CultureMech:001865	ferroglobus_placidus_medium	2	1	1	149	139		Candidate child formulation requires source/formulation review.
dc84df1453683b86	PROPOSED	HIGH	DERIVED_FROM	data/normalized_yaml/archaea/KOMODO_770_SULFOPHOBOCOCCUS_ZILLIGII_medium.yaml	CultureMech:006427	sulfophobococcus_zilligii_medium	data/normalized_yaml/archaea/sulfophobococcus_zilligii_medium.yaml	CultureMech:001904	sulfophobococcus_zilligii_medium	2	1	1	141	131		Candidate child formulation requires source/formulation review.
1ddb3de968c4fa7d	PROPOSED	HIGH	SOURCE_DUPLICATE	data/normalized_yaml/archaea/TOGO_M583_Thermoproteus_Medium_B.yaml	CultureMech:009979	thermoproteus_medium_b	data/normalized_yaml/archaea/TOGO_M643_Thermoproteus_Medium_C.yaml	CultureMech:010044	thermoproteus_medium_c	2	1	1	133	133		Same ingredient and concentration signature; review as possible duplicate source record.
4211259e81b28f7b	PROPOSED	HIGH	SOURCE_DUPLICATE	data/normalized_yaml/archaea/methanosarcina_mp_medium.yaml	CultureMech:005004	methanosarcina_mp_medium	data/normalized_yaml/archaea/methanosarcina_thermophila_medium.yaml	CultureMech:000259	methanosarcina_thermophila_medium	2	1	1	137	137		Same ingredient and concentration signature; review as possible duplicate source record.
8431deede66e61b7	PROPOSED	HIGH	SOURCE_DUPLICATE	data/normalized_yaml/archaea/methermicoccus_medium.yaml	CultureMech:003736	methermicoccus_medium	data/normalized_yaml/archaea/methermicoccus_methanogen_medium.yaml	CultureMech:000246	methermicoccus_methanogen_medium	2	1	1	130	130		Same ingredient and concentration signature; review as possible duplicate source record.
57d11ce18343eb1b	PROPOSED	HIGH	CONCENTRATION_VARIANT	data/normalized_yaml/bacterial/1_2_r2a_agar.yaml	CultureMech:003190	1_2_r2a_agar	data/normalized_yaml/bacterial/1_10_r2a_agar.yaml	CultureMech:003149	1_10_r2a_agar	2	2	1	123	123		Same ingredient identity signature but concentration signature differs from parent.
5b587711ede777f3	PROPOSED	HIGH	DERIVED_FROM	data/normalized_yaml/bacterial/DSMZ_1014_THIOALKALIVIBRIO_HALOPHILUS_MEDIUM.yaml	CultureMech:000243	thioalkalivibrio_halophilus_medium	data/normalized_yaml/bacterial/thioalkalivibrio_halophilus_medium.yaml	CultureMech:003524	thioalkalivibrio_halophilus_medium	2	1	1	150	140		Candidate child formulation requires source/formulation review.
91f851ef0bfd0437	PROPOSED	HIGH	DERIVED_FROM	data/normalized_yaml/bacterial/DSMZ_1225_THIOALKALIBACTER_HALOPHILUS_MEDIUM.yaml	CultureMech:000250	thioalkalibacter_halophilus_medium	data/normalized_yaml/bacterial/thioalkalibacter_halophilus_medium.yaml	CultureMech:003979	thioalkalibacter_halophilus_medium	2	1	1	150	140		Candidate child formulation requires source/formulation review.
bde8a949f6a75d4c	PROPOSED	HIGH	DERIVED_FROM	data/normalized_yaml/bacterial/DSMZ_227_PEDIOCOCCUS_HALOPHILUS_MEDIUM.yaml	CultureMech:000258	pediococcus_halophilus_medium	data/normalized_yaml/bacterial/pediococcus_halophilus_medium.yaml	CultureMech:004581	pediococcus_halophilus_medium	2	1	1	137	127		Candidate child formulation requires source/formulation review.
c0e0dee25752b105	PROPOSED	HIGH	DERIVED_FROM	data/normalized_yaml/bacterial/DSMZ_470_PSEUDOMONAS_HALOPHILA_MEDIUM.yaml	CultureMech:000265	pseudomonas_halophila_medium	data/normalized_yaml/bacterial/JCM_J433_PSEUDOMONAS_HALOPHILA_MEDIUM.yaml	CultureMech:000297	pseudomonas_halophila_medium	2	1	1	150	150		Candidate child formulation requires source/formulation review.
36656052d07f6244	PROPOSED	HIGH	DERIVED_FROM	data/normalized_yaml/bacterial/DSMZ_533_THERMOPHILIC_HYDROGEN_BACTERIA_MEDIUM.yaml	CultureMech:000271	thermophilic_hydrogen_bacteria_medium	data/normalized_yaml/bacterial/thermophilic_hydrogen_bacteria_medium.yaml	CultureMech:005911	thermophilic_hydrogen_bacteria_medium	2	1	1	150	140		Candidate child formulation requires source/formulation review.
b016775fd79d8b1f	PROPOSED	HIGH	DERIVED_FROM	data/normalized_yaml/bacterial/DSMZ_570_MEDIUM_FOR_THERMOPHILIC_ACTINOMYCETES_AGRE_1964.yaml	CultureMech:000273	medium_for_thermophilic_actinomycetes_agre_1964	data/normalized_yaml/bacterial/medium_for_thermophilic_actinomycetes_agre_1964.yaml	CultureMech:006018	medium_for_thermophilic_actinomycetes_agre_1964	2	1	1	133	123		Candidate child formulation requires source/formulation review.
3ce4e2a0952b7590	PROPOSED	HIGH	DERIVED_FROM	data/normalized_yaml/bacterial/DSMZ_590_DICHOTOMICROBIUM_THERMOHALOPHILUM_MEDIUM.yaml	CultureMech:000274	dichotomicrobium_thermohalophilum_medium	data/normalized_yaml/bacterial/dichotomicrobium_thermohalophilum_medium.yaml	CultureMech:006070	dichotomicrobium_thermohalophilum_medium	2	1	1	146	136		Candidate child formulation requires source/formulation review.
14bf2400cebd6ae1	PROPOSED	HIGH	DERIVED_FROM	data/normalized_yaml/bacterial/DSMZ_73_MEDIUM_FOR_HALOPHILIC_BACILLI.yaml	CultureMech:000280	medium_for_halophilic_bacilli	data/normalized_yaml/bacterial/medium_for_halophilic_bacilli.yaml	CultureMech:006389	medium_for_halophilic_bacilli	2	1	1	117	107		Candidate child formulation requires source/formulation review.
c42fb61573884324	PROPOSED	HIGH	DERIVED_FROM	data/normalized_yaml/bacterial/DSMZ_744_HYDROGENOBACTER_HALOPHILUS_MEDIUM.yaml	CultureMech:000281	hydrogenobacter_halophilus_medium	data/normalized_yaml/bacterial/hydrogenobacter_halophilus_medium.yaml	CultureMech:006395	hydrogenobacter_halophilus_medium	2	1	1	150	140		Candidate child formulation requires source/formulation review.
4df2c2b910e2d2f3	PROPOSED	HIGH	DERIVED_FROM	data/normalized_yaml/bacterial/DSMZ_74_THERMUS_THERMOPHILUS_MEDIUM.yaml	CultureMech:000282	thermus_thermophilus_medium	data/normalized_yaml/bacterial/thermus_thermophilus_medium.yaml	CultureMech:006401	thermus_thermophilus_medium	2	1	1	117	107		Candidate child formulation requires source/formulation review.
4f0e0bfbfc8d92d4	PROPOSED	HIGH	SUPPLEMENTED_VARIANT	data/normalized_yaml/bacterial/JCM_J40_GLUCOSE-ASPARAGINE_AGAR.yaml	CultureMech:002766	glucose_asparagine_agar	data/normalized_yaml/bacterial/glucose_asparagine_agar.yaml	CultureMech:001231	glucose_asparagine_agar	2	2	1	150	140		Name suggests added supplement/component; verify ingredient delta against source.
0d72a38e53b7851c	PROPOSED	HIGH	PHYSICAL_STATE_VARIANT	data/normalized_yaml/bacterial/JCM_J436_VY_2_AGAR.yaml	CultureMech:002787	vy_2_agar	data/normalized_yaml/bacterial/vy_2_asw_agar.yaml	CultureMech:002701	vy_2_asw_agar	2	1	2	133	123		Physical state differs from parent: LIQUID -> SOLID_AGAR.
653e45401ef665e2	PROPOSED	HIGH	SUPPLEMENTED_VARIANT	data/normalized_yaml/bacterial/JCM_J461_CHOPPED_MEAT_MEDIUM.yaml	CultureMech:002810	chopped_meat_medium	data/normalized_yaml/bacterial/JCM_J465_CHOPPED_MEAT_MEDIUM_WITH_CARBOHYDRATES.yaml	CultureMech:002813	chopped_meat_medium_with_carbohydrates	2	1	1	125	125		Name suggests added supplement/component; verify ingredient delta against source.
b093adc388812681	PROPOSED	HIGH	DERIVED_FROM	data/normalized_yaml/bacterial/KOMODO_1229_THIOHALOSPIRA_ALKALIPHILA_MEDIUM.yaml	CultureMech:003984	thiohalospira_alkaliphila_medium	data/normalized_yaml/bacterial/thiohalospira_alkaliphila_medium.yaml	CultureMech:000687	thiohalospira_alkaliphila_medium	2	1	1	150	140		Candidate child formulation requires source/formulation review.
2ecc66beee9d93cf	PROPOSED	HIGH	DERIVED_FROM	data/normalized_yaml/bacterial/KOMODO_1236_SPOROLITUUS_medium.yaml	CultureMech:003993	sporolituus_medium	data/normalized_yaml/bacterial/sporolituus_medium.yaml	CultureMech:000695	sporolituus_medium	2	1	1	146	136		Candidate child formulation requires source/formulation review.
f811045f078baa9a	PROPOSED	HIGH	DERIVED_FROM	data/normalized_yaml/bacterial/KOMODO_1294_DESULFURISPIRILLUM_INDICUM_MEDIUM.yaml	CultureMech:004044	desulfurispirillum_indicum_medium	data/normalized_yaml/bacterial/desulfurispirillum_indicum_medium.yaml	CultureMech:000756	desulfurispirillum_indicum_medium	2	1	1	146	136		Candidate child formulation requires source/formulation review.
ca65a9f990d87530	PROPOSED	HIGH	DERIVED_FROM	data/normalized_yaml/bacterial/KOMODO_165_ACETIVIBRIO_CELLULOLYTICUS_MEDIUM.yaml	CultureMech:004192	acetivibrio_cellulolyticus_medium	data/normalized_yaml/bacterial/acetivibrio_cellulolyticus_medium.yaml	CultureMech:001142	acetivibrio_cellulolyticus_medium	2	1	1	149	139		Candidate child formulation requires source/formulation review.
2ac204b331cf36dc	PROPOSED	HIGH	DERIVED_FROM	data/normalized_yaml/bacterial/KOMODO_2_BACILLUS_PASTEURII_medium.yaml	CultureMech:004777	bacillus_pasteurii_medium	data/normalized_yaml/bacterial/bacillus_pasteurii_medium.yaml	CultureMech:001399	bacillus_pasteurii_medium	2	1	1	125	115		Candidate child formulation requires source/formulation review.
6af937fcd5470406	PROPOSED	HIGH	DERIVED_FROM	data/normalized_yaml/bacterial/KOMODO_411_CLOSTRIDIUM_ACETOBUTYLICUM_medium.yaml	CultureMech:005233	clostridium_acetobutylicum_medium	data/normalized_yaml/bacterial/clostridium_acetobutylicum_medium.yaml	CultureMech:001520	clostridium_acetobutylicum_medium	2	1	1	130	120		Candidate child formulation requires source/formulation review.
0afd3ec68a340dd5	PROPOSED	HIGH	DERIVED_FROM	data/normalized_yaml/bacterial/KOMODO_428_HETEROTROPHIC_medium_H3P.yaml	CultureMech:005254	heterotrophic_medium_h3p	data/normalized_yaml/bacterial/heterotrophic_medium_h3p.yaml	CultureMech:001532	heterotrophic_medium_h3p	2	1	1	147	137		Candidate child formulation requires source/formulation review.
090143b9e808478a	PROPOSED	HIGH	DERIVED_FROM	data/normalized_yaml/bacterial/KOMODO_441_DIAZOTROPHIC_medium_RBA.yaml	CultureMech:005288	diazotrophic_medium_rba	data/normalized_yaml/bacterial/diazotrophic_medium_rba.yaml	CultureMech:001550	diazotrophic_medium_rba	2	1	1	147	137		Candidate child formulation requires source/formulation review.
0b7c7e41720a7cfa	PROPOSED	HIGH	CONCENTRATION_VARIANT	data/normalized_yaml/bacterial/KOMODO_465c_MINERAL_MEDIUM_WITH_DICHLOROMETHANE.yaml	CultureMech:005571	mineral_medium_with_dichloromethane	data/normalized_yaml/bacterial/for_dsm_6813.yaml	CultureMech:005570	for_dsm_6813	2	2	1	150	140		Same ingredient identity signature but concentration signature differs from parent.
b1e8970a4741751c	PROPOSED	HIGH	DERIVED_FROM	data/normalized_yaml/bacterial/KOMODO_528_NAPHTHALENE_SULFONIC_ACID_MEDIUM.yaml	CultureMech:005891	naphthalene_sulfonic_acid_medium	data/normalized_yaml/bacterial/naphthalene_sulfonic_acid_medium.yaml	CultureMech:001659	naphthalene_sulfonic_acid_medium	2	1	1	149	139		Candidate child formulation requires source/formulation review.
f9113dab05681862	PROPOSED	HIGH	DERIVED_FROM	data/normalized_yaml/bacterial/KOMODO_649_DESULFUROMONAS_SUCCINOXIDANS_MEDIUM.yaml	CultureMech:006196	desulfuromonas_succinoxidans_medium	data/normalized_yaml/bacterial/desulfuromonas_succinoxidans_medium.yaml	CultureMech:001788	desulfuromonas_succinoxidans_medium	2	1	1	146	136		Candidate child formulation requires source/formulation review.
5bc90e72e5502e26	PROPOSED	HIGH	DERIVED_FROM	data/normalized_yaml/bacterial/KOMODO_720_DESULFITOBACTERIUM_HAFNIENSE_medium.yaml	CultureMech:006363	desulfitobacterium_hafniense_medium	data/normalized_yaml/bacterial/desulfitobacterium_hafniense_medium.yaml	CultureMech:001859	desulfitobacterium_hafniense_medium	2	1	1	147	137		Candidate child formulation requires source/formulation review.
618777262946b085	PROPOSED	HIGH	DERIVED_FROM	data/normalized_yaml/bacterial/KOMODO_749_THERMODESULFOVIBRIO_YELLOWSTONII_medium.yaml	CultureMech:006400	thermodesulfovibrio_yellowstonii_medium	data/normalized_yaml/bacterial/thermodesulfovibrio_yellowstonii_medium.yaml	CultureMech:001883	thermodesulfovibrio_yellowstonii_medium	2	1	1	147	137		Candidate child formulation requires source/formulation review.
362f032e4abe3699	PROPOSED	HIGH	DERIVED_FROM	data/normalized_yaml/bacterial/KOMODO_786_DETHIOSULFOVIBRIO_PEPTIDOVORANS_medium.yaml	CultureMech:006487	dethiosulfovibrio_peptidovorans_medium	data/normalized_yaml/bacterial/dethiosulfovibrio_peptidovorans_medium.yaml	CultureMech:001923	dethiosulfovibrio_peptidovorans_medium	2	1	1	146	136		Candidate child formulation requires source/formulation review.
984e7ebcf29dedf3	PROPOSED	HIGH	DERIVED_FROM	data/normalized_yaml/bacterial/KOMODO_812_SULFOBACILLUS_DISULFIDOOXIDANS_medium.yaml	CultureMech:006534	sulfobacillus_disulfidooxidans_medium	data/normalized_yaml/bacterial/sulfobacillus_disulfidooxidans_medium.yaml	CultureMech:001957	sulfobacillus_disulfidooxidans_medium	2	1	1	143	133		Candidate child formulation requires source/formulation review.
6d66018620e02921	PROPOSED	HIGH	DERIVED_FROM	data/normalized_yaml/bacterial/KOMODO_835_DESULFUROMONAS_CHLOROETHENICA_MEDIUM.yaml	CultureMech:006627	desulfuromonas_chloroethenica_medium	data/normalized_yaml/bacterial/desulfuromonas_chloroethenica_medium.yaml	CultureMech:001992	desulfuromonas_chloroethenica_medium	2	1	1	149	139		Candidate child formulation requires source/formulation review.
4eff41768455a09a	PROPOSED	HIGH	DERIVED_FROM	data/normalized_yaml/bacterial/KOMODO_882_LEPTOSPIRILLUM_HH_MEDIUM.yaml	CultureMech:006732	leptospirillum_hh_medium	data/normalized_yaml/bacterial/leptospirillum_hh_medium.yaml	CultureMech:002042	leptospirillum_hh_medium	2	1	1	150	140		Candidate child formulation requires source/formulation review.
315e9a9374d9b9e9	PROPOSED	HIGH	SALINITY_VARIANT	data/normalized_yaml/bacterial/NBRC_310.yaml	CultureMech:007486	Rhamnose Salt Medium	data/normalized_yaml/bacterial/rhamnose_salt_medium.yaml	CultureMech:008068	rhamnose_salt_medium	2	2	1	135	131		Name suggests salt/salinity change; verify concentration delta against source.
0710f662d98813e1	PROPOSED	HIGH	DERIVED_FROM	data/normalized_yaml/bacterial/TOGO_M103_MRS_Medium_pH_5.5.yaml	CultureMech:007555	mrs_medium_ph_5_5	data/normalized_yaml/bacterial/mrs_medium_ph_5_5.yaml	CultureMech:002293	mrs_medium_ph_5_5	2	1	1	135	125		Candidate child formulation requires source/formulation review.
eed6be780900f22d	PROPOSED	HIGH	CONCENTRATION_VARIANT	data/normalized_yaml/bacterial/TOGO_M1121_Maize_Meal-Sardine_Agar.yaml	CultureMech:007642	maize_meal_sardine_agar	data/normalized_yaml/bacterial/maize_meal_sardine_agar.yaml	CultureMech:002237	maize_meal_sardine_agar	2	2	1	125	115		Same ingredient identity signature but concentration signature differs from parent.
bcb1c6dc91e64f53	PROPOSED	HIGH	CONCENTRATION_VARIANT	data/normalized_yaml/bacterial/TOGO_M1288_Weak_Oatmeal_Agar.yaml	CultureMech:007822	weak_oatmeal_agar	data/normalized_yaml/bacterial/weak_oatmeal_agar.yaml	CultureMech:002371	weak_oatmeal_agar	2	2	1	133	123		Same ingredient identity signature but concentration signature differs from parent.
6d68012d3c2e93b9	PROPOSED	HIGH	SUPPLEMENTED_VARIANT	data/normalized_yaml/bacterial/TOGO_M1366_Chocolate_Agar_With_5_Sheep_Blood.yaml	CultureMech:007904	chocolate_agar_with_5_sheep_blood	data/normalized_yaml/bacterial/chocolate_agar_with_5_sheep_blood.yaml	CultureMech:002436	chocolate_agar_with_5_sheep_blood	2	1	1	117	107		Name suggests added supplement/component; verify ingredient delta against source.
e287562e2fd491ca	PROPOSED	HIGH	CONCENTRATION_VARIANT	data/normalized_yaml/bacterial/TOGO_M1456_Bennett_s_Agar.yaml	CultureMech:007997	bennetts_agar	data/normalized_yaml/bacterial/NBRC_229.yaml	CultureMech:007479	Bennett's Agar	2	2	1	125	115		Same ingredient identity signature but concentration signature differs from parent.
2fa1f632143351ae	PROPOSED	HIGH	SUPPLEMENTED_VARIANT	data/normalized_yaml/bacterial/TOGO_M1496_Tryptone_Yeast_Extract_Agar_TYG.yaml	CultureMech:008041	tryptone_yeast_extract_agar_tyg	data/normalized_yaml/bacterial/NBRC_280.yaml	CultureMech:007484	Tryptone Yeast Extract Agar (TYG)	2	2	1	130	120		Name suggests added supplement/component; verify ingredient delta against source.
a7a6d94481223178	PROPOSED	HIGH	CONCENTRATION_VARIANT	data/normalized_yaml/bacterial/TOGO_M149_Tryptose_Phosphate_Agar.yaml	CultureMech:008044	tryptose_phosphate_agar	data/normalized_yaml/bacterial/tryptose_phosphate_agar.yaml	CultureMech:002516	tryptose_phosphate_agar	2	2	1	117	107		Same ingredient identity signature but concentration signature differs from parent.
c27312a414c56e6c	PROPOSED	HIGH	DERIVED_FROM	data/normalized_yaml/bacterial/TOGO_M1703_Microlunatus_Medium.yaml	CultureMech:008265	microlunatus_medium	data/normalized_yaml/bacterial/TOGO_M204_Microlunatus_Medium.yaml	CultureMech:008640	microlunatus_medium	2	1	1	139	136		Candidate child formulation requires source/formulation review.
e339bd9a8e327d69	PROPOSED	HIGH	CONCENTRATION_VARIANT	data/normalized_yaml/bacterial/TOGO_M184_PBY_Medium.yaml	CultureMech:008424	pby_medium	data/normalized_yaml/bacterial/pby_medium.yaml	CultureMech:002553	pby_medium	2	2	1	113	103		Same ingredient identity signature but concentration signature differs from parent.
cef9bdcf1ea9ad91	PROPOSED	HIGH	DERIVED_FROM	data/normalized_yaml/bacterial/TOGO_M19_R_Agar.yaml	CultureMech:008585	r_agar	data/normalized_yaml/bacterial/r_agar.yaml	CultureMech:002627	r_agar	2	1	1	125	115		Candidate child formulation requires source/formulation review.
a1b7eb23bf4b5753	PROPOSED	HIGH	DERIVED_FROM	data/normalized_yaml/bacterial/TOGO_M2246_Van_Niel_s_Yeast_Agar.yaml	CultureMech:008834	van_niels_yeast_agar	data/normalized_yaml/bacterial/TOGO_M2442_Van_Niel_s_Yeast_Agar.yaml	CultureMech:009021	van_niels_yeast_agar	2	1	1	130	130		Candidate child formulation requires source/formulation review.
449dcbfd240f3e5f	PROPOSED	HIGH	CONCENTRATION_VARIANT	data/normalized_yaml/bacterial/TOGO_M2285_Vibrio_Natriegens_Medium.yaml	CultureMech:008871	vibrio_natriegens_medium	data/normalized_yaml/bacterial/togo_medium_m1490.yaml	CultureMech:008035	togo_medium_m1490	2	2	1	130	120		Same ingredient identity signature but concentration signature differs from parent.
50acb1dcdf49799c	PROPOSED	HIGH	SALINITY_VARIANT	data/normalized_yaml/bacterial/TOGO_M2293_YED_Medium_salted.yaml	CultureMech:008879	yed_medium_salted	data/normalized_yaml/bacterial/TOGO_M921_Salt_Glucose_Agar_SGA.yaml	CultureMech:010342	salt_glucose_agar_sga	2	2	1	140	140		Name suggests salt/salinity change; verify concentration delta against source.
78ec1d1474be776a	PROPOSED	HIGH	DERIVED_FROM	data/normalized_yaml/bacterial/TOGO_M2301_R2A_Medium.yaml	CultureMech:008888	r2a_medium	data/normalized_yaml/bacterial/TOGO_M2592_R2A_Medium.yaml	CultureMech:009159	r2a_medium	2	1	1	133	133		Candidate child formulation requires source/formulation review.
0d614f326bbb6312	PROPOSED	HIGH	DERIVED_FROM	data/normalized_yaml/bacterial/TOGO_M2312_Castenholz_TYE_medium.yaml	CultureMech:008899	castenholz_tye_medium	data/normalized_yaml/bacterial/castenholz_tye_medium.yaml	CultureMech:008898	castenholz_tye_medium	2	1	1	130	120		Candidate child formulation requires source/formulation review.
f282ff87c3ba8637	PROPOSED	HIGH	DERIVED_FROM	data/normalized_yaml/bacterial/TOGO_M2336_Bacto_Marine_Broth_Difco_2216.yaml	CultureMech:008923	bacto_marine_broth_difco_2216	data/normalized_yaml/bacterial/TOGO_M2608_Bacto_Marine_Broth_Difco_2216.yaml	CultureMech:009175	bacto_marine_broth_difco_2216	2	1	1	141	141		Candidate child formulation requires source/formulation review.
f916114d0c2aebb4	PROPOSED	HIGH	CONCENTRATION_VARIANT	data/normalized_yaml/bacterial/TOGO_M237_Todd_Hewitt_Agar.yaml	CultureMech:008964	todd_hewitt_agar	data/normalized_yaml/bacterial/todd_hewitt_agar.yaml	CultureMech:002606	todd_hewitt_agar	2	2	1	133	123		Same ingredient identity signature but concentration signature differs from parent.
3a350afb6d5b8aa7	PROPOSED	HIGH	DERIVED_FROM	data/normalized_yaml/bacterial/TOGO_M2417_Nutrient_Agar.yaml	CultureMech:008999	nutrient_agar	data/normalized_yaml/bacterial/TOGO_M3212_Nutrient_agar.yaml	CultureMech:009653	nutrient_agar	2	1	1	110	110		Candidate child formulation requires source/formulation review.
965b3462b3736a06	PROPOSED	HIGH	DERIVED_FROM	data/normalized_yaml/bacterial/TOGO_M2467_HI_Plus_Medium_w_YE_3.yaml	CultureMech:009044	hi_plus_medium_w_ye_3	data/normalized_yaml/bacterial/hi_plus_medium_w_ye_3.yaml	CultureMech:008771	hi_plus_medium_w_ye_3	2	1	1	122	112		Candidate child formulation requires source/formulation review.
e1e8c2e137e4cf6d	PROPOSED	HIGH	DERIVED_FROM	data/normalized_yaml/bacterial/TOGO_M2476_LB_Luria-Bertani_Medium.yaml	CultureMech:009052	lb_luria_bertani_medium	data/normalized_yaml/bacterial/TOGO_M2619_LB_Luria-Bertani_Medium.yaml	CultureMech:009186	lb_luria_bertani_medium	2	1	1	130	130		Candidate child formulation requires source/formulation review.
5d76ee7a462c5bab	PROPOSED	HIGH	DERIVED_FROM	data/normalized_yaml/bacterial/TOGO_M24_Malt_Extract_Agar.yaml	CultureMech:009074	malt_extract_agar	data/normalized_yaml/bacterial/malt_extract_agar.yaml	CultureMech:007947	malt_extract_agar	2	1	1	130	120		Candidate child formulation requires source/formulation review.
c04ad18525d32199	PROPOSED	HIGH	DERIVED_FROM	data/normalized_yaml/bacterial/TOGO_M250_ME_Agar.yaml	CultureMech:009081	me_agar	data/normalized_yaml/bacterial/me_agar.yaml	CultureMech:002616	me_agar	2	1	1	125	115		Candidate child formulation requires source/formulation review.
62286daf43c4f54c	PROPOSED	HIGH	PHYSICAL_STATE_VARIANT	data/normalized_yaml/bacterial/TOGO_M2984_Mueller-Hinton_broth.yaml	CultureMech:009505	mueller_hinton_broth	data/normalized_yaml/bacterial/mueller_hinton_mh_difco_agar.yaml	CultureMech:009481	mueller_hinton_mh_difco_agar	2	1	2	115	105		Physical state differs from parent: LIQUID -> SOLID_AGAR.
b1e81ff7372a17d0	PROPOSED	HIGH	CONCENTRATION_VARIANT	data/normalized_yaml/bacterial/TOGO_M329_YpSs_Agar.yaml	CultureMech:009706	ypss_agar	data/normalized_yaml/bacterial/1_4_ypss.yaml	CultureMech:008279	1_4_ypss	2	2	1	135	128		Same ingredient identity signature but concentration signature differs from parent.
ffbcd25447d873c8	PROPOSED	HIGH	SUPPLEMENTED_VARIANT	data/normalized_yaml/bacterial/TOGO_M486_Trypticase_Soy_Broth_Agar_With_10_KCl.yaml	CultureMech:009873	trypticase_soy_broth_agar_with_10_kcl	data/normalized_yaml/bacterial/trypticase_soy_agar_with_10_kcl.yaml	CultureMech:008500	trypticase_soy_agar_with_10_kcl	2	2	1	130	120		Name suggests added supplement/component; verify ingredient delta against source.
c4ada80b627103ab	PROPOSED	HIGH	SALINITY_VARIANT	data/normalized_yaml/bacterial/TOGO_M50_Inorganic_Salts-Starch_Agar_ISP-4.yaml	CultureMech:009900	inorganic_salts_starch_agar_isp_4	data/normalized_yaml/bacterial/inorganic_salts_starch_agar_isp_4.yaml	CultureMech:002937	inorganic_salts_starch_agar_isp_4	2	1	1	146	136		Name suggests salt/salinity change; verify concentration delta against source.
00c99d299a7fbab7	PROPOSED	HIGH	DERIVED_FROM	data/normalized_yaml/bacterial/TOGO_M530_Thioglycollate_Medium.yaml	CultureMech:009923	thioglycollate_medium	data/normalized_yaml/bacterial/thioglycollate_medium.yaml	CultureMech:002878	thioglycollate_medium	2	1	1	125	115		Candidate child formulation requires source/formulation review.
e7bfbfeec7cee571	PROPOSED	HIGH	SOURCE_DUPLICATE	data/normalized_yaml/bacterial/TOGO_M566_Lamprobacter_Roseus_Medium.yaml	CultureMech:009961	lamprobacter_roseus_medium	data/normalized_yaml/bacterial/TOGO_M574_Allochromatium_Renukaii_Medium.yaml	CultureMech:009970	allochromatium_renukaii_medium	2	1	1	100	100		Same ingredient and concentration signature; review as possible duplicate source record.
b36359ad2c8e3c6f	PROPOSED	HIGH	CONCENTRATION_VARIANT	data/normalized_yaml/bacterial/TOGO_M612_Cooked_Meat_Medium.yaml	CultureMech:010012	cooked_meat_medium	data/normalized_yaml/bacterial/cooked_meat_medium.yaml	CultureMech:002953	cooked_meat_medium	2	2	1	133	123		Same ingredient identity signature but concentration signature differs from parent.
d7d40165f8afd3c1	PROPOSED	HIGH	CONCENTRATION_VARIANT	data/normalized_yaml/bacterial/TOGO_M620_Reinforced_Clostridial_Medium.yaml	CultureMech:010020	reinforced_clostridial_medium	data/normalized_yaml/bacterial/reinforced_clostridial_medium.yaml	CultureMech:002960	reinforced_clostridial_medium	2	2	1	133	123		Same ingredient identity signature but concentration signature differs from parent.
f6c6b8ce0de6fbbc	PROPOSED	HIGH	DERIVED_FROM	data/normalized_yaml/bacterial/TOGO_M623_Thiomonas_Medium.yaml	CultureMech:010023	thiomonas_medium	data/normalized_yaml/bacterial/TOGO_M624_Thiomonas_Medium.yaml	CultureMech:010024	thiomonas_medium	2	1	1	138	138		Candidate child formulation requires source/formulation review.
9af66cf6f96fa81c	PROPOSED	HIGH	DERIVED_FROM	data/normalized_yaml/bacterial/TOGO_M671_Modified_GAM_Agar.yaml	CultureMech:010075	modified_gam_agar	data/normalized_yaml/bacterial/modified_gam_agar.yaml	CultureMech:003001	modified_gam_agar	2	1	1	125	115		Candidate child formulation requires source/formulation review.
af9612be40ce1d88	PROPOSED	HIGH	SUPPLEMENTED_VARIANT	data/normalized_yaml/bacterial/TOGO_M696_Brucella_Blood_Agar_With_Hemin_Menadione.yaml	CultureMech:010102	brucella_blood_agar_with_hemin_menadione	data/normalized_yaml/bacterial/brucella_blood_agar_with_hemin_menadione.yaml	CultureMech:003022	brucella_blood_agar_with_hemin_menadione	2	1	1	128	118		Name suggests added supplement/component; verify ingredient delta against source.
2f102cc200acd217	PROPOSED	HIGH	CONCENTRATION_VARIANT	data/normalized_yaml/bacterial/TOGO_M750_Ravot_Modified_Medium_For_Thermosipho_SP._G60.yaml	CultureMech:010156	ravot_modified_medium_for_thermosipho_sp_g60	data/normalized_yaml/bacterial/TOGO_M749_Ravot_Modified_Medium_For_Fervidobacterium_SP._R8.yaml	CultureMech:010154	ravot_modified_medium_for_fervidobacterium_sp_r8	2	2	1	125	125		Same ingredient identity signature but concentration signature differs from parent.
908ea6b803415a4b	PROPOSED	HIGH	PHYSICAL_STATE_VARIANT	data/normalized_yaml/bacterial/TOGO_M75_GAM_Semisolid.yaml	CultureMech:010166	gam_semisolid	data/normalized_yaml/bacterial/gam_semisolid.yaml	CultureMech:003195	gam_semisolid	2	2	2	133	123		Physical state differs from parent: SOLID_AGAR -> SEMISOLID.
852d5836cf2baa0a	PROPOSED	HIGH	CONCENTRATION_VARIANT	data/normalized_yaml/bacterial/TOGO_M828_m_TGE_Broth_Medium.yaml	CultureMech:010241	m_tge_broth_medium	data/normalized_yaml/bacterial/m_tge_broth_medium.yaml	CultureMech:003139	m_tge_broth_medium	2	2	1	125	115		Same ingredient identity signature but concentration signature differs from parent.
c4aaca4e0f28c819	PROPOSED	HIGH	OMITTED_COMPONENT_VARIANT	data/normalized_yaml/bacterial/TOGO_M876_YPM_Medium.yaml	CultureMech:010294	ypm_medium	data/normalized_yaml/bacterial/TOGO_M771_Mannitol_Agar_Without_Calcium_Carbonate.yaml	CultureMech:010179	mannitol_agar_without_calcium_carbonate	2	2	1	130	130		Name suggests omitted component; verify ingredient delta against source.
9ee5ad3ec06a38a6	PROPOSED	HIGH	SALINITY_VARIANT	data/normalized_yaml/bacterial/TOGO_M938_5_Salt_Water_Growth_Medium.yaml	CultureMech:010360	5_salt_water_growth_medium	data/normalized_yaml/bacterial/TOGO_M1004_Modified_Growth_Medium_With_23_Total_Salt_Concentration.yaml	CultureMech:007517	modified_growth_medium_with_23_total_salt_concentration	2	2	1	135	135		Name suggests salt/salinity change; verify concentration delta against source.
6cf3bc5c89c4ca64	PROPOSED	HIGH	DERIVED_FROM	data/normalized_yaml/bacterial/TOGO_M97_Half_Strength_Heart_Infusion_Agar.yaml	CultureMech:010406	half_strength_heart_infusion_agar	data/normalized_yaml/bacterial/half_strength_heart_infusion_agar.yaml	CultureMech:002240	half_strength_heart_infusion_agar	2	1	1	133	123		Candidate child formulation requires source/formulation review.
b621eec3950d4c61	PROPOSED	HIGH	PHYSICAL_STATE_VARIANT	data/normalized_yaml/bacterial/TOGO_M990_Trypticase_Soy_Agar_With_2_NaCl.yaml	CultureMech:010418	trypticase_soy_agar_with_2_nacl	data/normalized_yaml/bacterial/TOGO_M906_Trypticase_Soy_Broth_With_5_NaCl.yaml	CultureMech:010325	trypticase_soy_broth_with_5_nacl	2	2	2	127	127		Physical state differs from parent: SOLID_AGAR -> LIQUID.
bfb5f3dac936cedf	PROPOSED	HIGH	CONCENTRATION_VARIANT	data/normalized_yaml/bacterial/acidibacter_medium.yaml	CultureMech:001106	acidibacter_medium	data/normalized_yaml/bacterial/actinobacteria_medium.yaml	CultureMech:001170	actinobacteria_medium	2	2	1	134	134		Same ingredient identity signature but concentration signature differs from parent.
5ee095d9d5320e67	PROPOSED	HIGH	SUPPLEMENTED_VARIANT	data/normalized_yaml/bacterial/acidithiobacillus_ferrooxidans_medium.yaml	CultureMech:001847	acidithiobacillus_ferrooxidans_medium	data/normalized_yaml/bacterial/thiobacillus_ferrooxidans_medium_with_ferrous_sulfate.yaml	CultureMech:006344	thiobacillus_ferrooxidans_medium_with_ferrous_sulfate	2	1	1	140	140		Name suggests added supplement/component; verify ingredient delta against source.
0a923e7dcdb0db78	PROPOSED	HIGH	CONCENTRATION_VARIANT	data/normalized_yaml/bacterial/ajs.yaml	CultureMech:000338	ajs	data/normalized_yaml/bacterial/jm_se.yaml	CultureMech:000351	jm_se	2	2	1	132	132		Same ingredient identity signature but concentration signature differs from parent.
8445e6a2b12abe66	PROPOSED	HIGH	CONCENTRATION_VARIANT	data/normalized_yaml/bacterial/cyanobacteria_medium_mcl.yaml	CultureMech:001162	cyanobacteria_medium_mcl	data/normalized_yaml/bacterial/pes_provasoli_s_enriched_seawater_medium_7_psu_at_25_c.yaml	CultureMech:001163	pes_provasoli_s_enriched_seawater_medium_7_psu_at_25_c	2	2	1	136	136		Same ingredient identity signature but concentration signature differs from parent.
e055893f86061888	PROPOSED	HIGH	SALINITY_VARIANT	data/normalized_yaml/bacterial/db_characterization_medium_no_2.yaml	CultureMech:002922	db_characterization_medium_no_2	data/normalized_yaml/bacterial/db_characterization_medium_no_2_with_1_sea_salts.yaml	CultureMech:002239	db_characterization_medium_no_2_with_1_sea_salts	2	1	1	137	137		Name suggests salt/salinity change; verify concentration delta against source.
049abe78b2b59881	PROPOSED	HIGH	SOURCE_DUPLICATE	data/normalized_yaml/bacterial/desulfolutivibrio_medium.yaml	CultureMech:001493	desulfolutivibrio_medium	data/normalized_yaml/bacterial/desulfovibrio_sulfodismutans_medium.yaml	CultureMech:005162	desulfovibrio_sulfodismutans_medium	2	1	1	136	136		Same ingredient and concentration signature; review as possible duplicate source record.
d73736697ebf1796	PROPOSED	HIGH	CONCENTRATION_VARIANT	data/normalized_yaml/bacterial/desulfovibrio_heb233_medium.yaml	CultureMech:002914	desulfovibrio_heb233_medium	data/normalized_yaml/bacterial/desulfotomaculum_lam5_medium.yaml	CultureMech:002893	desulfotomaculum_lam5_medium	2	2	1	138	138		Same ingredient identity signature but concentration signature differs from parent.
0aa7e9c4fb3e7482	PROPOSED	HIGH	CONCENTRATION_VARIANT	data/normalized_yaml/bacterial/for_dsm_21556.yaml	CultureMech:004232	for_dsm_21556	data/normalized_yaml/bacterial/medium_194_modified_for_dsm_13527.yaml	CultureMech:004229	medium_194_modified_for_dsm_13527	2	2	1	140	140		Same ingredient identity signature but concentration signature differs from parent.
9cc19d56ea09ed12	PROPOSED	HIGH	CONCENTRATION_VARIANT	data/normalized_yaml/bacterial/for_dsm_3246.yaml	CultureMech:005056	for_dsm_3246	data/normalized_yaml/bacterial/for_dsm_3247.yaml	CultureMech:005055	for_dsm_3247	2	2	1	140	140		Same ingredient identity signature but concentration signature differs from parent.
e3afb48605e8acef	PROPOSED	HIGH	CONCENTRATION_VARIANT	data/normalized_yaml/bacterial/gam_medium.yaml	CultureMech:003184	gam_medium	data/normalized_yaml/bacterial/gifu_anaerobic_medium_gam_broth.yaml	CultureMech:009239	gifu_anaerobic_medium_gam_broth	2	2	1	115	115		Same ingredient identity signature but concentration signature differs from parent.
43e54401a8cec77a	PROPOSED	HIGH	SOURCE_DUPLICATE	data/normalized_yaml/bacterial/glucose_bicarbonate_buffered_medium.yaml	CultureMech:002448	glucose_bicarbonate_buffered_medium	data/normalized_yaml/bacterial/lactate_bicarbonate_buffered_medium.yaml	CultureMech:003203	lactate_bicarbonate_buffered_medium	2	1	1	138	138		Same ingredient and concentration signature; review as possible duplicate source record.
c691740724836938	PROPOSED	HIGH	SUPPLEMENTED_VARIANT	data/normalized_yaml/bacterial/glucose_minmal_media_zhao.yaml	CultureMech:007016	glucose_minmal_media_zhao	data/normalized_yaml/bacterial/glucose_m9_medium_peng_zhao.yaml	CultureMech:007019	glucose_m9_medium_peng_zhao	2	2	1	124	124		Name suggests added supplement/component; verify ingredient delta against source.
f4300d580c3ef9c8	PROPOSED	HIGH	CONCENTRATION_VARIANT	data/normalized_yaml/bacterial/halolactibacillus_9g_medium.yaml	CultureMech:002280	halolactibacillus_9g_medium	data/normalized_yaml/bacterial/spirochaeta_californiensis_medium.yaml	CultureMech:002804	spirochaeta_californiensis_medium	2	2	1	138	138		Same ingredient identity signature but concentration signature differs from parent.
8dec72fba4de789f	PROPOSED	HIGH	CONCENTRATION_VARIANT	data/normalized_yaml/bacterial/jcm_medium_no_167.yaml	CultureMech:002526	jcm_medium_no_167	data/normalized_yaml/bacterial/salicibibacter_medium.yaml	CultureMech:002419	salicibibacter_medium	2	2	1	135	135		Same ingredient identity signature but concentration signature differs from parent.
43cef737cab15265	PROPOSED	HIGH	PHYSICAL_STATE_VARIANT	data/normalized_yaml/bacterial/lb_agar_miller.yaml	CultureMech:009025	lb_agar_miller	data/normalized_yaml/bacterial/lb_broth_miller.yaml	CultureMech:009027	lb_broth_miller	2	1	2	98	98		Physical state differs from parent: SOLID_AGAR -> LIQUID.
5850ffe301f25c94	PROPOSED	HIGH	CONCENTRATION_VARIANT	data/normalized_yaml/bacterial/lb_kanamycin_medium.yaml	CultureMech:008515	lb_kanamycin_medium	data/normalized_yaml/bacterial/lb_50_ug_ml_kanamycin_medium.yaml	CultureMech:008689	lb_50_ug_ml_kanamycin_medium	2	2	1	121	121		Same ingredient identity signature but concentration signature differs from parent.
fc11c39909d427e6	PROPOSED	HIGH	CONCENTRATION_VARIANT	data/normalized_yaml/bacterial/lb_medium_difco.yaml	CultureMech:008857	lb_medium_difco	data/normalized_yaml/bacterial/lb_medium_lennox.yaml	CultureMech:009447	lb_medium_lennox	2	2	1	107	107		Same ingredient identity signature but concentration signature differs from parent.
0de73f8efe92f953	PROPOSED	HIGH	CONCENTRATION_VARIANT	data/normalized_yaml/bacterial/leitch_et_al.yaml	CultureMech:007067	leitch_et_al	data/normalized_yaml/bacterial/dawes_and_mandelstam_medium_from_leitch_et_al.yaml	CultureMech:007068	dawes_and_mandelstam_medium_from_leitch_et_al	2	2	1	131	131		Same ingredient identity signature but concentration signature differs from parent.
6cc451a2e82ec55c	PROPOSED	HIGH	SUPPLEMENTED_VARIANT	data/normalized_yaml/bacterial/m17_medium_oxoid_supplemented_with_1_wt_vol_glucose.yaml	CultureMech:009428	m17_medium_oxoid_supplemented_with_1_wt_vol_glucose	data/normalized_yaml/bacterial/m17_medium_oxoid_supplemented_with_0_5_wt_vol_glucose.yaml	CultureMech:009418	m17_medium_oxoid_supplemented_with_0_5_wt_vol_glucose	2	2	1	120	120		Name suggests added supplement/component; verify ingredient delta against source.
55a1ce73efb387a1	PROPOSED	HIGH	CONCENTRATION_VARIANT	data/normalized_yaml/bacterial/m9_gupta.yaml	CultureMech:006994	m9_gupta	data/normalized_yaml/bacterial/m9_durso_et_al.yaml	CultureMech:006990	m9_durso_et_al	2	2	1	132	132		Same ingredient identity signature but concentration signature differs from parent.
3c47d7e305366828	PROPOSED	HIGH	SUPPLEMENTED_VARIANT	data/normalized_yaml/bacterial/m9zb_with_acetate.yaml	CultureMech:006999	m9zb_with_acetate	data/normalized_yaml/bacterial/m9_minimal_medium_with_acetate.yaml	CultureMech:007300	m9_minimal_medium_with_acetate	2	2	1	131	131		Name suggests added supplement/component; verify ingredient delta against source.
40144eebe4c930d9	PROPOSED	HIGH	SUPPLEMENTED_VARIANT	data/normalized_yaml/bacterial/m9zb_with_malate.yaml	CultureMech:007000	m9zb_with_malate	data/normalized_yaml/bacterial/m9_minimal_medium_with_l_malate.yaml	CultureMech:007427	m9_minimal_medium_with_l_malate	2	2	1	125	125		Name suggests added supplement/component; verify ingredient delta against source.
990f6cc48f3adb3b	PROPOSED	HIGH	PHYSICAL_STATE_VARIANT	data/normalized_yaml/bacterial/mannitol_agar.yaml	CultureMech:002946	mannitol_agar	data/normalized_yaml/bacterial/mannitol_agar_without_calcium_carbonate.yaml	CultureMech:003089	mannitol_agar_without_calcium_carbonate	2	1	2	120	120		Physical state differs from parent: SOLID_AGAR -> LIQUID.
b2b000635fb20211	PROPOSED	HIGH	CONCENTRATION_VARIANT	data/normalized_yaml/bacterial/marine_broth_with_0_5_methanol.yaml	CultureMech:008300	marine_broth_with_0_5_methanol	data/normalized_yaml/bacterial/NBRC_948.yaml	CultureMech:007507	948	2	2	1	127	112		Same ingredient identity signature but concentration signature differs from parent.
be0a74a61852c7f9	PROPOSED	HIGH	SALINITY_VARIANT	data/normalized_yaml/bacterial/mea_with_1_5_nacl.yaml	CultureMech:008656	mea_with_1_5_nacl	data/normalized_yaml/bacterial/malt_extract_agar_with_15_nacl.yaml	CultureMech:007705	malt_extract_agar_with_15_nacl	2	2	1	123	123		Name suggests salt/salinity change; verify concentration delta against source.
2b9f955f4b30a977	PROPOSED	HIGH	SUPPLEMENTED_VARIANT	data/normalized_yaml/bacterial/medium_471_modified_for_dsm_7136.yaml	CultureMech:005584	medium_471_modified_for_dsm_7136	data/normalized_yaml/bacterial/alcaligenes_xylosoxydans_medium_with_benzoate.yaml	CultureMech:001600	alcaligenes_xylosoxydans_medium_with_benzoate	2	1	1	140	140		Name suggests added supplement/component; verify ingredient delta against source.
748dbd093702ebd8	PROPOSED	HIGH	SOURCE_DUPLICATE	data/normalized_yaml/bacterial/medium_for_bacillus_stearothermophilus.yaml	CultureMech:000264	medium_for_bacillus_stearothermophilus	data/normalized_yaml/bacterial/medium_for_bacillus_stearothermophilus_phenol_degrading.yaml	CultureMech:005463	medium_for_bacillus_stearothermophilus_phenol_degrading	2	1	1	133	133		Same ingredient and concentration signature; review as possible duplicate source record.
8c8c081fb2b711c5	PROPOSED	HIGH	CONCENTRATION_VARIANT	data/normalized_yaml/bacterial/medium_for_the_2_mapping_strains.yaml	CultureMech:007975	medium_for_the_2_mapping_strains	data/normalized_yaml/bacterial/NBRC_116.yaml	CultureMech:007460	Medium for the 2µ Mapping Strains	2	2	1	134	116		Same ingredient identity signature but concentration signature differs from parent.
ecb21adb710f9909	PROPOSED	HIGH	CONCENTRATION_VARIANT	data/normalized_yaml/bacterial/modified_as_168_medium.yaml	CultureMech:008736	modified_as_168_medium	data/normalized_yaml/bacterial/modified_as_168_medium2.yaml	CultureMech:008739	modified_as_168_medium2	2	2	1	124	124		Same ingredient identity signature but concentration signature differs from parent.
be538ee7282d5555	PROPOSED	HIGH	SOURCE_DUPLICATE	data/normalized_yaml/bacterial/mrs_broth.yaml	CultureMech:008826	mrs_broth	data/normalized_yaml/bacterial/mrs_de_man_rogosa_sharpe_medium.yaml	CultureMech:009477	mrs_de_man_rogosa_sharpe_medium	2	1	1	115	111		Same ingredient and concentration signature; review as possible duplicate source record.
90adca3ef909ce3d	PROPOSED	HIGH	SUPPLEMENTED_VARIANT	data/normalized_yaml/bacterial/ms10_medium_supplements_for_batch_cultivation.yaml	CultureMech:007314	ms10_medium_supplements_for_batch_cultivation	data/normalized_yaml/bacterial/ms10_medium_supplements_for_continuous_cultivation.yaml	CultureMech:007313	ms10_medium_supplements_for_continuous_cultivation	2	2	1	128	128		Name suggests added supplement/component; verify ingredient delta against source.
ec3322a9881adfb4	PROPOSED	HIGH	CONCENTRATION_VARIANT	data/normalized_yaml/bacterial/nh_jn4_medium.yaml	CultureMech:003298	nh_jn4_medium	data/normalized_yaml/bacterial/oceanirhabdus_medium.yaml	CultureMech:000987	oceanirhabdus_medium	2	2	1	136	136		Same ingredient identity signature but concentration signature differs from parent.
2fa17c6c3e6005f7	PROPOSED	HIGH	SUPPLEMENTED_VARIANT	data/normalized_yaml/bacterial/nutrient_agar.yaml	CultureMech:001297	nutrient_agar	data/normalized_yaml/bacterial/reactivation_with_liquid_medium_1.yaml	CultureMech:001298	reactivation_with_liquid_medium_1	2	1	1	107	107		Name suggests added supplement/component; verify ingredient delta against source.
85f87f5023c13c86	PROPOSED	HIGH	CONCENTRATION_VARIANT	data/normalized_yaml/bacterial/potato_carrot_agar.yaml	CultureMech:001233	potato_carrot_agar	data/normalized_yaml/bacterial/potato_carrot_agar_pca.yaml	CultureMech:007943	potato_carrot_agar_pca	2	2	1	115	115		Same ingredient identity signature but concentration signature differs from parent.
dea4f069b7e127f4	PROPOSED	HIGH	SOURCE_DUPLICATE	data/normalized_yaml/bacterial/py4sr_agar.yaml	CultureMech:002723	py4sr_agar	data/normalized_yaml/bacterial/modified_py4s_agar.yaml	CultureMech:002964	modified_py4s_agar	2	1	1	128	128		Same ingredient and concentration signature; review as possible duplicate source record.
a55232e53ad6b232	PROPOSED	HIGH	SUPPLEMENTED_VARIANT	data/normalized_yaml/bacterial/r2a_with_asw.yaml	CultureMech:008749	r2a_with_asw	data/normalized_yaml/bacterial/r2a_with_nsw.yaml	CultureMech:008760	r2a_with_nsw	2	1	1	113	113		Name suggests added supplement/component; verify ingredient delta against source.
dace2c14fdb424dd	PROPOSED	HIGH	CONCENTRATION_VARIANT	data/normalized_yaml/bacterial/roseospira_medium.yaml	CultureMech:002917	roseospira_medium	data/normalized_yaml/bacterial/rhodobacter_dangmalensis_medium.yaml	CultureMech:002994	rhodobacter_dangmalensis_medium	2	2	1	137	137		Same ingredient identity signature but concentration signature differs from parent.
49a8aadbcbff6638	PROPOSED	HIGH	SALINITY_VARIANT	data/normalized_yaml/bacterial/saltwater_medium_with_lactate.yaml	CultureMech:002811	saltwater_medium_with_lactate	data/normalized_yaml/bacterial/saltwater_medium_with_acetate_and_ferric_citrate.yaml	CultureMech:002812	saltwater_medium_with_acetate_and_ferric_citrate	2	1	1	138	138		Name suggests salt/salinity change; verify concentration delta against source.
81dfa066639ddb67	PROPOSED	HIGH	PHYSICAL_STATE_VARIANT	data/normalized_yaml/bacterial/sap2_medium.yaml	CultureMech:002997	sap2_medium	data/normalized_yaml/bacterial/modified_sap2_medium.yaml	CultureMech:003259	modified_sap2_medium	2	1	2	127	127		Physical state differs from parent: SOLID_AGAR -> LIQUID.
793b2feabaf7e91d	PROPOSED	HIGH	CONCENTRATION_VARIANT	data/normalized_yaml/bacterial/sme_medium_modified_for_is7.yaml	CultureMech:002054	sme_medium_modified_for_is7	data/normalized_yaml/bacterial/hydrogenothermus_hirschii_medium.yaml	CultureMech:001919	hydrogenothermus_hirschii_medium	2	2	1	140	140		Same ingredient identity signature but concentration signature differs from parent.
bff8cfbc8a348973	PROPOSED	HIGH	CONCENTRATION_VARIANT	data/normalized_yaml/bacterial/sna.yaml	CultureMech:000410	sna	data/normalized_yaml/bacterial/sna_5.yaml	CultureMech:000412	sna_5	2	2	1	100	100		Same ingredient identity signature but concentration signature differs from parent.
4602a44b9d93e92c	PROPOSED	HIGH	CONCENTRATION_VARIANT	data/normalized_yaml/bacterial/sphaerotilus_natans_subspec_sulfidivorans_medium.yaml	CultureMech:001147	sphaerotilus_natans_subspec_sulfidivorans_medium	data/normalized_yaml/bacterial/modified_sphaerotilus_natans_ssp_sulfidivorans_medium.yaml	CultureMech:001148	modified_sphaerotilus_natans_ssp_sulfidivorans_medium	2	2	1	136	136		Same ingredient identity signature but concentration signature differs from parent.
ccba2af86c9b8f85	PROPOSED	HIGH	CONCENTRATION_VARIANT	data/normalized_yaml/bacterial/togo_medium_m1446.yaml	CultureMech:007986	togo_medium_m1446	data/normalized_yaml/bacterial/NBRC_219.yaml	CultureMech:007478	219	2	2	1	115	105		Same ingredient identity signature but concentration signature differs from parent.
275d0f48755cf01d	PROPOSED	HIGH	SOURCE_DUPLICATE	data/normalized_yaml/bacterial/togo_medium_m240.yaml	CultureMech:008993	togo_medium_m240	data/normalized_yaml/bacterial/jcm_medium_no_248.yaml	CultureMech:002609	jcm_medium_no_248	2	1	1	123	123		Same ingredient and concentration signature; review as possible duplicate source record.
43c66e94a529e680	PROPOSED	HIGH	SOURCE_DUPLICATE	data/normalized_yaml/bacterial/togo_medium_m61.yaml	CultureMech:010019	togo_medium_m61	data/normalized_yaml/bacterial/jcm_medium_no_69.yaml	CultureMech:003045	jcm_medium_no_69	2	1	1	115	115		Same ingredient and concentration signature; review as possible duplicate source record.
d2d34e95f8ef745b	PROPOSED	HIGH	SOURCE_DUPLICATE	data/normalized_yaml/bacterial/togo_medium_m967.yaml	CultureMech:010392	togo_medium_m967	data/normalized_yaml/bacterial/jcm_medium_no_921.yaml	CultureMech:003269	jcm_medium_no_921	2	1	1	123	123		Same ingredient and concentration signature; review as possible duplicate source record.
c6ac240a5e54c432	PROPOSED	HIGH	PHYSICAL_STATE_VARIANT	data/normalized_yaml/bacterial/tryptic_soy_agar_soybean_casein_digest_medium_usp.yaml	CultureMech:009014	tryptic_soy_agar_soybean_casein_digest_medium_usp	data/normalized_yaml/bacterial/tryptic_soy_broth_soybean_casein_digest_medium_usp.yaml	CultureMech:009015	tryptic_soy_broth_soybean_casein_digest_medium_usp	2	1	2	107	107		Physical state differs from parent: SOLID_AGAR -> LIQUID.
de4edb0bf35c74b9	PROPOSED	HIGH	PHYSICAL_STATE_VARIANT	data/normalized_yaml/bacterial/tryptic_soy_agar_supplemented_with_10_nad_and_5_bovine_serum.yaml	CultureMech:009486	tryptic_soy_agar_supplemented_with_10_nad_and_5_bovine_serum	data/normalized_yaml/bacterial/tryptic_soy_broth_supplemented_with_10_nad_and_5_bovine_serum.yaml	CultureMech:009487	tryptic_soy_broth_supplemented_with_10_nad_and_5_bovine_serum	2	1	2	105	105		Physical state differs from parent: SOLID_AGAR -> LIQUID.
fe3ff3b441e4e16f	PROPOSED	HIGH	PHYSICAL_STATE_VARIANT	data/normalized_yaml/bacterial/tryptic_soy_agar_with_5_sheep_blood_defibrinated.yaml	CultureMech:009010	tryptic_soy_agar_with_5_sheep_blood_defibrinated	data/normalized_yaml/bacterial/tryptic_soy_broth_with_5_sheep_blood_defibrinated.yaml	CultureMech:009011	tryptic_soy_broth_with_5_sheep_blood_defibrinated	2	1	2	105	105		Physical state differs from parent: SOLID_AGAR -> LIQUID.
d29acf27ea72cb60	PROPOSED	HIGH	SALINITY_VARIANT	data/normalized_yaml/bacterial/trypticase_soy_agar_na_mg.yaml	CultureMech:000809	trypticase_soy_agar_na_mg	data/normalized_yaml/bacterial/trypticase_soy_broth_agar_with_2_mgso_sub_4_sub_and_3_nacl.yaml	CultureMech:002337	trypticase_soy_broth_agar_with_2_mgso_sub_4_sub_and_3_nacl	2	2	1	120	120		Name suggests salt/salinity change; verify concentration delta against source.
ce36261da4063941	PROPOSED	HIGH	PHYSICAL_STATE_VARIANT	data/normalized_yaml/bacterial/trypticase_soy_blood_agar.yaml	CultureMech:002514	trypticase_soy_blood_agar	data/normalized_yaml/bacterial/tsa_hemin_menadione_medium.yaml	CultureMech:002817	tsa_hemin_menadione_medium	2	1	2	107	107		Physical state differs from parent: SOLID_AGAR -> LIQUID.
de182c39488443a4	PROPOSED	HIGH	SUPPLEMENTED_VARIANT	data/normalized_yaml/bacterial/ycfa_medium.yaml	CultureMech:002303	ycfa_medium	data/normalized_yaml/bacterial/ycfa_medium_with_10_rumen_fluid.yaml	CultureMech:002481	ycfa_medium_with_10_rumen_fluid	2	1	1	137	137		Name suggests added supplement/component; verify ingredient delta against source.
de39f613691dbe9a	PROPOSED	HIGH	SALINITY_VARIANT	data/normalized_yaml/bacterial/yeast_extract_malt_extract_agar_isp_2_with_2_nacl.yaml	CultureMech:007763	yeast_extract_malt_extract_agar_isp_2_with_2_nacl	data/normalized_yaml/bacterial/yeast_extract_malt_extract_agar_isp_2_with_5_nacl.yaml	CultureMech:008596	yeast_extract_malt_extract_agar_isp_2_with_5_nacl	2	2	1	115	115		Name suggests salt/salinity change; verify concentration delta against source.
53b2d37f9ace944c	PROPOSED	HIGH	SALINITY_VARIANT	data/normalized_yaml/fungal/yeast_extract_malt_extract_agar_isp_2_with_2_nacl.yaml	CultureMech:010493	yeast_extract_malt_extract_agar_isp_2_with_2_nacl	data/normalized_yaml/fungal/yeast_extract_malt_extract_agar_isp_2_with_5_nacl.yaml	CultureMech:010509	yeast_extract_malt_extract_agar_isp_2_with_5_nacl	2	2	1	115	115		Name suggests salt/salinity change; verify concentration delta against source.
ec6e3505f739f63f	PROPOSED	HIGH	SUPPLEMENTED_VARIANT	data/normalized_yaml/fungal/yeast_mineral_medium_10_g_l_glucose.yaml	CultureMech:010555	yeast_mineral_medium_10_g_l_glucose	data/normalized_yaml/fungal/yeast_mineral_medium_25_g_l_glucose.yaml	CultureMech:010557	yeast_mineral_medium_25_g_l_glucose	2	2	1	132	132		Name suggests added supplement/component; verify ingredient delta against source.
98ca95959268d74a	PROPOSED	HIGH	CONCENTRATION_VARIANT	data/normalized_yaml/specialized/alp_defined_noc.yaml	CultureMech:015487	ALP defined noC	data/normalized_yaml/specialized/romy_basal_defined_aerobic.yaml	CultureMech:015729	Romy basal defined aerobic	2	2	1	80	80		Same ingredient identity signature but concentration signature differs from parent.
0e448f077872c32b	PROPOSED	HIGH	SOURCE_DUPLICATE	data/normalized_yaml/specialized/m9_minimal_media_plus.yaml	CultureMech:015550	M9 minimal media plus	data/normalized_yaml/specialized/m9_plus_defined_nocarbon.yaml	CultureMech:015551	M9 plus defined noCarbon	2	1	1	79	79		Same ingredient and concentration signature; review as possible duplicate source record.
4744f5f1e3e788dc	PROPOSED	HIGH	SUPPLEMENTED_VARIANT	data/normalized_yaml/specialized/mhii_biocarbonate_serum.yaml	CultureMech:015596	MHII biocarbonate serum	data/normalized_yaml/specialized/mhii_biocarbonate_serum_chelated.yaml	CultureMech:015597	MHII biocarbonate serum Chelated	2	1	1	62	62		Name suggests added supplement/component; verify ingredient delta against source.
a6b5f614dd1706df	PROPOSED	HIGH	SUPPLEMENTED_VARIANT	data/normalized_yaml/specialized/mmx_casamino.yaml	CultureMech:015601	MMX casamino	data/normalized_yaml/specialized/xantho_mme_glucose_casamino.yaml	CultureMech:015787	Xantho MME glucose casamino	2	2	1	75	75		Name suggests added supplement/component; verify ingredient delta against source.
da0084034685eb14	PROPOSED	HIGH	SUPPLEMENTED_VARIANT	data/normalized_yaml/specialized/mmx_dropout.yaml	CultureMech:015602	MMX dropout	data/normalized_yaml/specialized/xantho_mme_glucose_dropout_lth.yaml	CultureMech:015788	Xantho MME glucose dropout LTH	2	2	1	75	75		Name suggests added supplement/component; verify ingredient delta against source.
938c27ff5a4347a6	PROPOSED	HIGH	CONCENTRATION_VARIANT	data/normalized_yaml/specialized/nitrogen_free_b_d_medium_for_lotus_japonicus_growth.yaml	CultureMech:015437	nitrogen_free_b_d_medium_for_lotus_japonicus_growth	data/normalized_yaml/specialized/Nitrogen_free_plant_nutrient_solution_for_soybean_growth.yaml	CultureMech:015438	nitrogen_free_plant_nutrient_solution_for_soybean_growth	2	2	1	97	97		Same ingredient identity signature but concentration signature differs from parent.
1594f63958fa6399	PROPOSED	HIGH	CONCENTRATION_VARIANT	data/normalized_yaml/specialized/r2a_kan10_tween01_cycloheximide200.yaml	CultureMech:015694	R2A_Kan10_Tween01_Cycloheximide200	data/normalized_yaml/specialized/r2a_kan50_tween01_cycloheximide200.yaml	CultureMech:015695	R2A_Kan50_Tween01_Cycloheximide200	2	2	1	72	72		Same ingredient identity signature but concentration signature differs from parent.
0807ca48593a2375	PROPOSED	HIGH	SUPPLEMENTED_VARIANT	data/normalized_yaml/specialized/rpmi_with_fetal_bovine_serum.yaml	CultureMech:015732	RPMI with Fetal bovine serum	data/normalized_yaml/specialized/rpmi_with_fetal_bovine_serum_conditioned.yaml	CultureMech:015733	RPMI with Fetal bovine serum Conditioned	2	1	1	78	78		Name suggests added supplement/component; verify ingredient delta against source.
54883081162c7921	PROPOSED	HIGH	SUPPLEMENTED_VARIANT	data/normalized_yaml/specialized/varel_bryant_medium_nonitrogen.yaml	CultureMech:015785	Varel Bryant medium noNitrogen	data/normalized_yaml/specialized/varel_bryant_medium_glucose_lowcys_nonitrogen.yaml	CultureMech:015776	Varel Bryant medium Glucose lowCys noNitrogen	2	2	1	80	80		Name suggests added supplement/component; verify ingredient delta against source.
139c7d158adb4e4e	PROPOSED	MEDIUM	CONCENTRATION_VARIANT	data/normalized_yaml/archaea/KOMODO_141_METHANOGENIUM_medium.yaml	CultureMech:004144	methanogenium_medium	data/normalized_yaml/archaea/methanococcus_sp_medium.yaml	CultureMech:004145	methanococcus_sp_medium	22	5	1	147	136	group spans multiple category directories	Same ingredient identity signature but concentration signature differs from parent.
139c7d158adb4e4e	PROPOSED	MEDIUM	CONCENTRATION_VARIANT	data/normalized_yaml/archaea/KOMODO_141_METHANOGENIUM_medium.yaml	CultureMech:004144	methanogenium_medium	data/normalized_yaml/archaea/methanoculleus_sp_medium.yaml	CultureMech:000882	methanoculleus_sp_medium	22	5	1	147	136	group spans multiple category directories	Same ingredient identity signature but concentration signature differs from parent.
139c7d158adb4e4e	PROPOSED	MEDIUM	CONCENTRATION_VARIANT	data/normalized_yaml/archaea/KOMODO_141_METHANOGENIUM_medium.yaml	CultureMech:004144	methanogenium_medium	data/normalized_yaml/bacterial/for_dsm_14042.yaml	CultureMech:004140	for_dsm_14042	22	5	1	147	136	group spans multiple category directories	Same ingredient identity signature but concentration signature differs from parent.
139c7d158adb4e4e	PROPOSED	MEDIUM	CONCENTRATION_VARIANT	data/normalized_yaml/archaea/KOMODO_141_METHANOGENIUM_medium.yaml	CultureMech:004144	methanogenium_medium	data/normalized_yaml/bacterial/for_dsm_1497_dsm_1537_dsm_2067_dsm_2279_dsm_2373_dsm_17251_and_dsm17508.yaml	CultureMech:004129	for_dsm_1497_dsm_1537_dsm_2067_dsm_2279_dsm_2373_dsm_17251_and_dsm17508	22	5	1	147	136	group spans multiple category directories	Same ingredient identity signature but concentration signature differs from parent.
139c7d158adb4e4e	PROPOSED	MEDIUM	CONCENTRATION_VARIANT	data/normalized_yaml/archaea/KOMODO_141_METHANOGENIUM_medium.yaml	CultureMech:004144	methanogenium_medium	data/normalized_yaml/bacterial/for_dsm_15558_and_dsm_16458.yaml	CultureMech:004141	for_dsm_15558_and_dsm_16458	22	5	1	147	136	group spans multiple category directories	Same ingredient identity signature but concentration signature differs from parent.
139c7d158adb4e4e	PROPOSED	MEDIUM	CONCENTRATION_VARIANT	data/normalized_yaml/archaea/KOMODO_141_METHANOGENIUM_medium.yaml	CultureMech:004144	methanogenium_medium	data/normalized_yaml/bacterial/for_dsm_2095.yaml	CultureMech:004132	for_dsm_2095	22	5	1	147	136	group spans multiple category directories	Same ingredient identity signature but concentration signature differs from parent.
139c7d158adb4e4e	PROPOSED	MEDIUM	CONCENTRATION_VARIANT	data/normalized_yaml/archaea/KOMODO_141_METHANOGENIUM_medium.yaml	CultureMech:004144	methanogenium_medium	data/normalized_yaml/bacterial/for_dsm_21626.yaml	CultureMech:004124	for_dsm_21626	22	5	1	147	137	group spans multiple category directories	Same ingredient identity signature but concentration signature differs from parent.
139c7d158adb4e4e	PROPOSED	MEDIUM	CONCENTRATION_VARIANT	data/normalized_yaml/archaea/KOMODO_141_METHANOGENIUM_medium.yaml	CultureMech:004144	methanogenium_medium	data/normalized_yaml/bacterial/for_dsm_2373.yaml	CultureMech:004135	for_dsm_2373	22	5	1	147	137	group spans multiple category directories	Same ingredient identity signature but concentration signature differs from parent.
139c7d158adb4e4e	PROPOSED	MEDIUM	CONCENTRATION_VARIANT	data/normalized_yaml/archaea/KOMODO_141_METHANOGENIUM_medium.yaml	CultureMech:004144	methanogenium_medium	data/normalized_yaml/bacterial/for_dsm_2831.yaml	CultureMech:004136	for_dsm_2831	22	5	1	147	136	group spans multiple category directories	Same ingredient identity signature but concentration signature differs from parent.
139c7d158adb4e4e	PROPOSED	MEDIUM	CONCENTRATION_VARIANT	data/normalized_yaml/archaea/KOMODO_141_METHANOGENIUM_medium.yaml	CultureMech:004144	methanogenium_medium	data/normalized_yaml/bacterial/for_strain_dsm_1498_dsm_15558_and_dsm_22353.yaml	CultureMech:004134	for_strain_dsm_1498_dsm_15558_and_dsm_22353	22	5	1	147	96	group spans multiple category directories	Same ingredient identity signature but concentration signature differs from parent.
139c7d158adb4e4e	PROPOSED	MEDIUM	CONCENTRATION_VARIANT	data/normalized_yaml/archaea/KOMODO_141_METHANOGENIUM_medium.yaml	CultureMech:004144	methanogenium_medium	data/normalized_yaml/bacterial/medium_141_modified_for_dsm_11571.yaml	CultureMech:004122	medium_141_modified_for_dsm_11571	22	5	1	147	136	group spans multiple category directories	Same ingredient identity signature but concentration signature differs from parent.
139c7d158adb4e4e	PROPOSED	MEDIUM	CONCENTRATION_VARIANT	data/normalized_yaml/archaea/KOMODO_141_METHANOGENIUM_medium.yaml	CultureMech:004144	methanogenium_medium	data/normalized_yaml/bacterial/medium_141_modified_for_dsm_11916.yaml	CultureMech:004123	medium_141_modified_for_dsm_11916	22	5	1	147	136	group spans multiple category directories	Same ingredient identity signature but concentration signature differs from parent.
139c7d158adb4e4e	PROPOSED	MEDIUM	CONCENTRATION_VARIANT	data/normalized_yaml/archaea/KOMODO_141_METHANOGENIUM_medium.yaml	CultureMech:004144	methanogenium_medium	data/normalized_yaml/bacterial/medium_141_modified_for_dsm_1224.yaml	CultureMech:004125	medium_141_modified_for_dsm_1224	22	5	1	147	136	group spans multiple category directories	Same ingredient identity signature but concentration signature differs from parent.
139c7d158adb4e4e	PROPOSED	MEDIUM	CONCENTRATION_VARIANT	data/normalized_yaml/archaea/KOMODO_141_METHANOGENIUM_medium.yaml	CultureMech:004144	methanogenium_medium	data/normalized_yaml/bacterial/medium_141_modified_for_dsm_13459.yaml	CultureMech:004126	medium_141_modified_for_dsm_13459	22	5	1	147	136	group spans multiple category directories	Same ingredient identity signature but concentration signature differs from parent.
139c7d158adb4e4e	PROPOSED	MEDIUM	CONCENTRATION_VARIANT	data/normalized_yaml/archaea/KOMODO_141_METHANOGENIUM_medium.yaml	CultureMech:004144	methanogenium_medium	data/normalized_yaml/bacterial/medium_141_modified_for_dsm_14266.yaml	CultureMech:004127	medium_141_modified_for_dsm_14266	22	5	1	147	136	group spans multiple category directories	Same ingredient identity signature but concentration signature differs from parent.
139c7d158adb4e4e	PROPOSED	MEDIUM	CONCENTRATION_VARIANT	data/normalized_yaml/archaea/KOMODO_141_METHANOGENIUM_medium.yaml	CultureMech:004144	methanogenium_medium	data/normalized_yaml/bacterial/medium_141_modified_for_dsm_3599.yaml	CultureMech:004130	medium_141_modified_for_dsm_3599	22	5	1	147	136	group spans multiple category directories	Same ingredient identity signature but concentration signature differs from parent.
139c7d158adb4e4e	PROPOSED	MEDIUM	CONCENTRATION_VARIANT	data/normalized_yaml/archaea/KOMODO_141_METHANOGENIUM_medium.yaml	CultureMech:004144	methanogenium_medium	data/normalized_yaml/bacterial/medium_141_modified_for_dsm_3821.yaml	CultureMech:004131	medium_141_modified_for_dsm_3821	22	5	1	147	136	group spans multiple category directories	Same ingredient identity signature but concentration signature differs from parent.
139c7d158adb4e4e	PROPOSED	MEDIUM	CONCENTRATION_VARIANT	data/normalized_yaml/archaea/KOMODO_141_METHANOGENIUM_medium.yaml	CultureMech:004144	methanogenium_medium	data/normalized_yaml/bacterial/medium_141_modified_for_dsm_4138.yaml	CultureMech:004133	medium_141_modified_for_dsm_4138	22	5	1	147	136	group spans multiple category directories	Same ingredient identity signature but concentration signature differs from parent.
139c7d158adb4e4e	PROPOSED	MEDIUM	CONCENTRATION_VARIANT	data/normalized_yaml/archaea/KOMODO_141_METHANOGENIUM_medium.yaml	CultureMech:004144	methanogenium_medium	data/normalized_yaml/bacterial/medium_141_modified_for_dsm_7268.yaml	CultureMech:004137	medium_141_modified_for_dsm_7268	22	5	1	147	136	group spans multiple category directories	Same ingredient identity signature but concentration signature differs from parent.
139c7d158adb4e4e	PROPOSED	MEDIUM	CONCENTRATION_VARIANT	data/normalized_yaml/archaea/KOMODO_141_METHANOGENIUM_medium.yaml	CultureMech:004144	methanogenium_medium	data/normalized_yaml/bacterial/medium_141_modified_for_dsm_7466.yaml	CultureMech:004138	medium_141_modified_for_dsm_7466	22	5	1	147	136	group spans multiple category directories	Same ingredient identity signature but concentration signature differs from parent.
7038cdde56360380	PROPOSED	MEDIUM	CONCENTRATION_VARIANT	data/normalized_yaml/bacterial/for_dsm_15576_and_dsm_16219.yaml	CultureMech:004247	for_dsm_15576_and_dsm_16219	data/normalized_yaml/bacterial/desulfobulbus_sp_medium_freshwater.yaml	CultureMech:001288	desulfobulbus_sp_medium_freshwater	17	2	1	139	139	group spans multiple category directories	Same ingredient identity signature but concentration signature differs from parent.
7038cdde56360380	PROPOSED	MEDIUM	SOURCE_DUPLICATE	data/normalized_yaml/bacterial/for_dsm_15576_and_dsm_16219.yaml	CultureMech:004247	for_dsm_15576_and_dsm_16219	data/normalized_yaml/bacterial/medium_195_modified_for_dsm_12130.yaml	CultureMech:004236	medium_195_modified_for_dsm_12130	17	2	1	139	139	group spans multiple category directories	Same ingredient and concentration signature; review as possible duplicate source record.
7038cdde56360380	PROPOSED	MEDIUM	SOURCE_DUPLICATE	data/normalized_yaml/bacterial/for_dsm_15576_and_dsm_16219.yaml	CultureMech:004247	for_dsm_15576_and_dsm_16219	data/normalized_yaml/bacterial/medium_195_modified_for_dsm_13036.yaml	CultureMech:004237	medium_195_modified_for_dsm_13036	17	2	1	139	139	group spans multiple category directories	Same ingredient and concentration signature; review as possible duplicate source record.
7038cdde56360380	PROPOSED	MEDIUM	SOURCE_DUPLICATE	data/normalized_yaml/bacterial/for_dsm_15576_and_dsm_16219.yaml	CultureMech:004247	for_dsm_15576_and_dsm_16219	data/normalized_yaml/bacterial/medium_195_modified_for_dsm_13037.yaml	CultureMech:004238	medium_195_modified_for_dsm_13037	17	2	1	139	139	group spans multiple category directories	Same ingredient and concentration signature; review as possible duplicate source record.
7038cdde56360380	PROPOSED	MEDIUM	SOURCE_DUPLICATE	data/normalized_yaml/bacterial/for_dsm_15576_and_dsm_16219.yaml	CultureMech:004247	for_dsm_15576_and_dsm_16219	data/normalized_yaml/bacterial/medium_195_modified_for_dsm_13038.yaml	CultureMech:004239	medium_195_modified_for_dsm_13038	17	2	1	139	139	group spans multiple category directories	Same ingredient and concentration signature; review as possible duplicate source record.
7038cdde56360380	PROPOSED	MEDIUM	SOURCE_DUPLICATE	data/normalized_yaml/bacterial/for_dsm_15576_and_dsm_16219.yaml	CultureMech:004247	for_dsm_15576_and_dsm_16219	data/normalized_yaml/bacterial/medium_195_modified_for_dsm_13039.yaml	CultureMech:004240	medium_195_modified_for_dsm_13039	17	2	1	139	139	group spans multiple category directories	Same ingredient and concentration signature; review as possible duplicate source record.
7038cdde56360380	PROPOSED	MEDIUM	SOURCE_DUPLICATE	data/normalized_yaml/bacterial/for_dsm_15576_and_dsm_16219.yaml	CultureMech:004247	for_dsm_15576_and_dsm_16219	data/normalized_yaml/bacterial/medium_195_modified_for_dsm_13040.yaml	CultureMech:004241	medium_195_modified_for_dsm_13040	17	2	1	139	139	group spans multiple category directories	Same ingredient and concentration signature; review as possible duplicate source record.
7038cdde56360380	PROPOSED	MEDIUM	SOURCE_DUPLICATE	data/normalized_yaml/bacterial/for_dsm_15576_and_dsm_16219.yaml	CultureMech:004247	for_dsm_15576_and_dsm_16219	data/normalized_yaml/bacterial/medium_195_modified_for_dsm_13041.yaml	CultureMech:004242	medium_195_modified_for_dsm_13041	17	2	1	139	139	group spans multiple category directories	Same ingredient and concentration signature; review as possible duplicate source record.
7038cdde56360380	PROPOSED	MEDIUM	SOURCE_DUPLICATE	data/normalized_yaml/bacterial/for_dsm_15576_and_dsm_16219.yaml	CultureMech:004247	for_dsm_15576_and_dsm_16219	data/normalized_yaml/bacterial/medium_195_modified_for_dsm_13042.yaml	CultureMech:004243	medium_195_modified_for_dsm_13042	17	2	1	139	139	group spans multiple category directories	Same ingredient and concentration signature; review as possible duplicate source record.
7038cdde56360380	PROPOSED	MEDIUM	SOURCE_DUPLICATE	data/normalized_yaml/bacterial/for_dsm_15576_and_dsm_16219.yaml	CultureMech:004247	for_dsm_15576_and_dsm_16219	data/normalized_yaml/bacterial/medium_195_modified_for_dsm_13043.yaml	CultureMech:004244	medium_195_modified_for_dsm_13043	17	2	1	139	139	group spans multiple category directories	Same ingredient and concentration signature; review as possible duplicate source record.
7038cdde56360380	PROPOSED	MEDIUM	SOURCE_DUPLICATE	data/normalized_yaml/bacterial/for_dsm_15576_and_dsm_16219.yaml	CultureMech:004247	for_dsm_15576_and_dsm_16219	data/normalized_yaml/bacterial/medium_195_modified_for_dsm_13044.yaml	CultureMech:004245	medium_195_modified_for_dsm_13044	17	2	1	139	139	group spans multiple category directories	Same ingredient and concentration signature; review as possible duplicate source record.
7038cdde56360380	PROPOSED	MEDIUM	SOURCE_DUPLICATE	data/normalized_yaml/bacterial/for_dsm_15576_and_dsm_16219.yaml	CultureMech:004247	for_dsm_15576_and_dsm_16219	data/normalized_yaml/bacterial/medium_195_modified_for_dsm_5091.yaml	CultureMech:004248	medium_195_modified_for_dsm_5091	17	2	1	139	139	group spans multiple category directories	Same ingredient and concentration signature; review as possible duplicate source record.
7038cdde56360380	PROPOSED	MEDIUM	SOURCE_DUPLICATE	data/normalized_yaml/bacterial/for_dsm_15576_and_dsm_16219.yaml	CultureMech:004247	for_dsm_15576_and_dsm_16219	data/normalized_yaml/bacterial/medium_195_modified_for_dsm_8776.yaml	CultureMech:004249	medium_195_modified_for_dsm_8776	17	2	1	139	139	group spans multiple category directories	Same ingredient and concentration signature; review as possible duplicate source record.
7038cdde56360380	PROPOSED	MEDIUM	SOURCE_DUPLICATE	data/normalized_yaml/bacterial/for_dsm_15576_and_dsm_16219.yaml	CultureMech:004247	for_dsm_15576_and_dsm_16219	data/normalized_yaml/bacterial/medium_195_modified_for_dsm_9756.yaml	CultureMech:004250	medium_195_modified_for_dsm_9756	17	2	1	139	139	group spans multiple category directories	Same ingredient and concentration signature; review as possible duplicate source record.
7038cdde56360380	PROPOSED	MEDIUM	SOURCE_DUPLICATE	data/normalized_yaml/bacterial/for_dsm_15576_and_dsm_16219.yaml	CultureMech:004247	for_dsm_15576_and_dsm_16219	data/normalized_yaml/bacterial/medium_195_modified_for_dsm_9788.yaml	CultureMech:004251	medium_195_modified_for_dsm_9788	17	2	1	139	139	group spans multiple category directories	Same ingredient and concentration signature; review as possible duplicate source record.
7038cdde56360380	PROPOSED	MEDIUM	SOURCE_DUPLICATE	data/normalized_yaml/bacterial/for_dsm_15576_and_dsm_16219.yaml	CultureMech:004247	for_dsm_15576_and_dsm_16219	data/normalized_yaml/specialized/desulfobulbus_sp_medium_marine.yaml	CultureMech:015350	desulfobulbus_sp_medium_marine	17	2	1	139	139	group spans multiple category directories	Same ingredient and concentration signature; review as possible duplicate source record.
c3044b75a605c3de	PROPOSED	MEDIUM	CONCENTRATION_VARIANT	data/normalized_yaml/archaea/KOMODO_372_HALOBACTERIA_medium.yaml	CultureMech:005104	halobacteria_medium	data/normalized_yaml/bacterial/jcm_medium_no_1241.yaml	CultureMech:002408	jcm_medium_no_1241	11	2	1	140	130	group spans multiple category directories	Same ingredient identity signature but concentration signature differs from parent.
d76974e22463ae4c	PROPOSED	MEDIUM	SOURCE_DUPLICATE	data/normalized_yaml/bacterial/DSMZ_1172_YPG_MEDIUM.yaml	CultureMech:000614	ypg_medium	data/normalized_yaml/bacterial/JCM_J349_ANCYLOBACTER-SPIROSOMA_MEDIUM.yaml	CultureMech:002709	ancylobacter_spirosoma_medium	11	5	1	125	125	group spans multiple category directories	Same ingredient and concentration signature; review as possible duplicate source record.
d76974e22463ae4c	PROPOSED	MEDIUM	CONCENTRATION_VARIANT	data/normalized_yaml/bacterial/DSMZ_1172_YPG_MEDIUM.yaml	CultureMech:000614	ypg_medium	data/normalized_yaml/bacterial/KOMODO_774_medium_FOR_PARACOCCUS_AMINOPHILUS_AND_P._AMINOVORANS.yaml	CultureMech:006431	medium_for_paracoccus_aminophilus_and_p_aminovorans	11	5	1	125	125	group spans multiple category directories	Same ingredient identity signature but concentration signature differs from parent.
d76974e22463ae4c	PROPOSED	MEDIUM	SOURCE_DUPLICATE	data/normalized_yaml/bacterial/DSMZ_1172_YPG_MEDIUM.yaml	CultureMech:000614	ypg_medium	data/normalized_yaml/bacterial/KOMODO_7_ANCYLOBACTER_-_SPIROSOMA_medium.yaml	CultureMech:006513	ancylobacter_spirosoma_medium	11	5	1	125	125	group spans multiple category directories	Same ingredient and concentration signature; review as possible duplicate source record.
d76974e22463ae4c	PROPOSED	MEDIUM	SOURCE_DUPLICATE	data/normalized_yaml/bacterial/DSMZ_1172_YPG_MEDIUM.yaml	CultureMech:000614	ypg_medium	data/normalized_yaml/bacterial/ancylobacter_spirosoma_medium.yaml	CultureMech:001944	ancylobacter_spirosoma_medium	11	5	1	125	115	group spans multiple category directories	Same ingredient and concentration signature; review as possible duplicate source record.
d76974e22463ae4c	PROPOSED	MEDIUM	SOURCE_DUPLICATE	data/normalized_yaml/bacterial/DSMZ_1172_YPG_MEDIUM.yaml	CultureMech:000614	ypg_medium	data/normalized_yaml/bacterial/medium_7_modified_for_dsm_9000.yaml	CultureMech:006326	medium_7_modified_for_dsm_9000	11	5	1	125	115	group spans multiple category directories	Same ingredient and concentration signature; review as possible duplicate source record.
d76974e22463ae4c	PROPOSED	MEDIUM	CONCENTRATION_VARIANT	data/normalized_yaml/bacterial/DSMZ_1172_YPG_MEDIUM.yaml	CultureMech:000614	ypg_medium	data/normalized_yaml/bacterial/medium_for_paracoccus_aminophilus_and_p_aminovorans.yaml	CultureMech:001908	medium_for_paracoccus_aminophilus_and_p_aminovorans	11	5	1	125	115	group spans multiple category directories	Same ingredient identity signature but concentration signature differs from parent.
d76974e22463ae4c	PROPOSED	MEDIUM	CONCENTRATION_VARIANT	data/normalized_yaml/bacterial/DSMZ_1172_YPG_MEDIUM.yaml	CultureMech:000614	ypg_medium	data/normalized_yaml/bacterial/pyg_agar_a.yaml	CultureMech:002498	pyg_agar_a	11	5	1	125	115	group spans multiple category directories	Same ingredient identity signature but concentration signature differs from parent.
d76974e22463ae4c	PROPOSED	MEDIUM	CONCENTRATION_VARIANT	data/normalized_yaml/bacterial/DSMZ_1172_YPG_MEDIUM.yaml	CultureMech:000614	ypg_medium	data/normalized_yaml/bacterial/ypg_medium.yaml	CultureMech:000438	ypg_medium	11	5	1	125	115	group spans multiple category directories	Same ingredient identity signature but concentration signature differs from parent.
d76974e22463ae4c	PROPOSED	MEDIUM	SUPPLEMENTED_VARIANT	data/normalized_yaml/bacterial/DSMZ_1172_YPG_MEDIUM.yaml	CultureMech:000614	ypg_medium	data/normalized_yaml/fungal/glucose_yeast_peptone_medium.yaml	CultureMech:010516	glucose_yeast_peptone_medium	11	5	1	125	115	group spans multiple category directories	Name suggests added supplement/component; verify ingredient delta against source.
621e3aa54d2edaff	PROPOSED	MEDIUM	SOURCE_DUPLICATE	data/normalized_yaml/bacterial/TOGO_M2314_LB_medium.yaml	CultureMech:008901	lb_medium	data/normalized_yaml/algae/lb.yaml	CultureMech:000080	lb	11	5	2	117	70	group spans multiple category directories	Same ingredient and concentration signature; review as possible duplicate source record.
621e3aa54d2edaff	PROPOSED	MEDIUM	DERIVED_FROM	data/normalized_yaml/bacterial/TOGO_M2314_LB_medium.yaml	CultureMech:008901	lb_medium	data/normalized_yaml/bacterial/TOGO_M3196_LB_medium.yaml	CultureMech:009637	lb_medium	11	5	2	117	110	group spans multiple category directories	Candidate child formulation requires source/formulation review.
621e3aa54d2edaff	PROPOSED	MEDIUM	SOURCE_DUPLICATE	data/normalized_yaml/bacterial/TOGO_M2314_LB_medium.yaml	CultureMech:008901	lb_medium	data/normalized_yaml/bacterial/TOGO_M3227_LB_broth.yaml	CultureMech:009666	lb_broth	11	5	2	117	110	group spans multiple category directories	Same ingredient and concentration signature; review as possible duplicate source record.
621e3aa54d2edaff	PROPOSED	MEDIUM	CONCENTRATION_VARIANT	data/normalized_yaml/bacterial/TOGO_M2314_LB_medium.yaml	CultureMech:008901	lb_medium	data/normalized_yaml/bacterial/lb.yaml	CultureMech:015464	LB	11	5	2	117	60	group spans multiple category directories	Same ingredient identity signature but concentration signature differs from parent.
621e3aa54d2edaff	PROPOSED	MEDIUM	PHYSICAL_STATE_VARIANT	data/normalized_yaml/bacterial/TOGO_M2314_LB_medium.yaml	CultureMech:008901	lb_medium	data/normalized_yaml/bacterial/lb_agar.yaml	CultureMech:009373	lb_agar	11	5	2	117	100	group spans multiple category directories	Physical state differs from parent: LIQUID -> SOLID_AGAR.
621e3aa54d2edaff	PROPOSED	MEDIUM	SOURCE_DUPLICATE	data/normalized_yaml/bacterial/TOGO_M2314_LB_medium.yaml	CultureMech:008901	lb_medium	data/normalized_yaml/bacterial/lb_broth.yaml	CultureMech:009646	lb_broth	11	5	2	117	100	group spans multiple category directories	Same ingredient and concentration signature; review as possible duplicate source record.
621e3aa54d2edaff	PROPOSED	MEDIUM	SOURCE_DUPLICATE	data/normalized_yaml/bacterial/TOGO_M2314_LB_medium.yaml	CultureMech:008901	lb_medium	data/normalized_yaml/bacterial/lb_broth_medium.yaml	CultureMech:009663	lb_broth_medium	11	5	2	117	100	group spans multiple category directories	Same ingredient and concentration signature; review as possible duplicate source record.
621e3aa54d2edaff	PROPOSED	MEDIUM	SALINITY_VARIANT	data/normalized_yaml/bacterial/TOGO_M2314_LB_medium.yaml	CultureMech:008901	lb_medium	data/normalized_yaml/bacterial/lb_highsalt.yaml	CultureMech:015467	LB_highSalt	11	5	2	117	60	group spans multiple category directories	Name suggests salt/salinity change; verify concentration delta against source.
621e3aa54d2edaff	PROPOSED	MEDIUM	CONCENTRATION_VARIANT	data/normalized_yaml/bacterial/TOGO_M2314_LB_medium.yaml	CultureMech:008901	lb_medium	data/normalized_yaml/bacterial/lb_miller.yaml	CultureMech:015468	LB_Miller	11	5	2	117	60	group spans multiple category directories	Same ingredient identity signature but concentration signature differs from parent.
729cd93d1bcefbf2	PROPOSED	MEDIUM	SOURCE_DUPLICATE	data/normalized_yaml/bacterial/KOMODO_311_SPOROMUSA_medium.yaml	CultureMech:004964	sporomusa_medium	data/normalized_yaml/bacterial/for_dsm_11379_dsm_11380_dsm_11381_and_dsm_11382.yaml	CultureMech:004965	for_dsm_11379_dsm_11380_dsm_11381_and_dsm_11382	10	2	1	146	136	group spans multiple category directories	Same ingredient and concentration signature; review as possible duplicate source record.
729cd93d1bcefbf2	PROPOSED	MEDIUM	CONCENTRATION_VARIANT	data/normalized_yaml/bacterial/KOMODO_311_SPOROMUSA_medium.yaml	CultureMech:004964	sporomusa_medium	data/normalized_yaml/bacterial/sporomusa_medium_betaine.yaml	CultureMech:001410	sporomusa_medium_betaine	10	2	1	146	136	group spans multiple category directories	Same ingredient identity signature but concentration signature differs from parent.
729cd93d1bcefbf2	PROPOSED	MEDIUM	SOURCE_DUPLICATE	data/normalized_yaml/bacterial/KOMODO_311_SPOROMUSA_medium.yaml	CultureMech:004964	sporomusa_medium	data/normalized_yaml/bacterial/sporomusa_medium_modified.yaml	CultureMech:004966	sporomusa_medium_modified	10	2	1	146	136	group spans multiple category directories	Same ingredient and concentration signature; review as possible duplicate source record.
729cd93d1bcefbf2	PROPOSED	MEDIUM	SOURCE_DUPLICATE	data/normalized_yaml/bacterial/KOMODO_311_SPOROMUSA_medium.yaml	CultureMech:004964	sporomusa_medium	data/normalized_yaml/specialized/sporomusa_medium_marine.yaml	CultureMech:015352	sporomusa_medium_marine	10	2	1	146	136	group spans multiple category directories	Same ingredient and concentration signature; review as possible duplicate source record.
8ad3aa3b26140aa4	PROPOSED	MEDIUM	SUPPLEMENTED_VARIANT	data/normalized_yaml/bacterial/gyp_glucose_yeast_peptone_medium.yaml	CultureMech:006668	gyp_glucose_yeast_peptone_medium	data/normalized_yaml/fungal/gyp_glucose_yeast_peptone_medium.yaml	CultureMech:010480	gyp_glucose_yeast_peptone_medium	10	1	1	129	129	group spans multiple category directories	Name suggests added supplement/component; verify ingredient delta against source.
6a7a36df8f8e886c	PROPOSED	MEDIUM	CONCENTRATION_VARIANT	data/normalized_yaml/bacterial/JCM_J980_KUSHNERIA_AURANTIA_MEDIUM.yaml	CultureMech:003330	kushneria_aurantia_medium	data/normalized_yaml/archaea/KOMODO_1184_medium_FOR_HALOPHILIC_ARCHAEA.yaml	CultureMech:003904	medium_for_halophilic_archaea	9	4	1	145	145	group spans multiple category directories	Same ingredient identity signature but concentration signature differs from parent.
6a7a36df8f8e886c	PROPOSED	MEDIUM	CONCENTRATION_VARIANT	data/normalized_yaml/bacterial/JCM_J980_KUSHNERIA_AURANTIA_MEDIUM.yaml	CultureMech:003330	kushneria_aurantia_medium	data/normalized_yaml/archaea/KOMODO_1194_HALORUBRUM_CALIFORNIENSE_medium.yaml	CultureMech:003930	halorubrum_californiense_medium	9	4	1	145	145	group spans multiple category directories	Same ingredient identity signature but concentration signature differs from parent.
6a7a36df8f8e886c	PROPOSED	MEDIUM	CONCENTRATION_VARIANT	data/normalized_yaml/bacterial/JCM_J980_KUSHNERIA_AURANTIA_MEDIUM.yaml	CultureMech:003330	kushneria_aurantia_medium	data/normalized_yaml/archaea/halorubrum_californiense_medium.yaml	CultureMech:000637	halorubrum_californiense_medium	9	4	1	145	135	group spans multiple category directories	Same ingredient identity signature but concentration signature differs from parent.
6a7a36df8f8e886c	PROPOSED	MEDIUM	CONCENTRATION_VARIANT	data/normalized_yaml/bacterial/JCM_J980_KUSHNERIA_AURANTIA_MEDIUM.yaml	CultureMech:003330	kushneria_aurantia_medium	data/normalized_yaml/archaea/medium_for_halophilic_archaea.yaml	CultureMech:000249	medium_for_halophilic_archaea	9	4	1	145	135	group spans multiple category directories	Same ingredient identity signature but concentration signature differs from parent.
6a7a36df8f8e886c	PROPOSED	MEDIUM	DERIVED_FROM	data/normalized_yaml/bacterial/JCM_J980_KUSHNERIA_AURANTIA_MEDIUM.yaml	CultureMech:003330	kushneria_aurantia_medium	data/normalized_yaml/bacterial/KOMODO_1195_KUSHNERIA_AURANTIA_medium.yaml	CultureMech:003931	kushneria_aurantia_medium	9	4	1	145	145	group spans multiple category directories	Candidate child formulation requires source/formulation review.
6a7a36df8f8e886c	PROPOSED	MEDIUM	CONCENTRATION_VARIANT	data/normalized_yaml/bacterial/JCM_J980_KUSHNERIA_AURANTIA_MEDIUM.yaml	CultureMech:003330	kushneria_aurantia_medium	data/normalized_yaml/bacterial/KOMODO_1213_THALASSOBACILLUS_CYRI_medium.yaml	CultureMech:003964	thalassobacillus_cyri_medium	9	4	1	145	145	group spans multiple category directories	Same ingredient identity signature but concentration signature differs from parent.
6a7a36df8f8e886c	PROPOSED	MEDIUM	DERIVED_FROM	data/normalized_yaml/bacterial/JCM_J980_KUSHNERIA_AURANTIA_MEDIUM.yaml	CultureMech:003330	kushneria_aurantia_medium	data/normalized_yaml/bacterial/kushneria_aurantia_medium.yaml	CultureMech:000638	kushneria_aurantia_medium	9	4	1	145	135	group spans multiple category directories	Candidate child formulation requires source/formulation review.
6a7a36df8f8e886c	PROPOSED	MEDIUM	CONCENTRATION_VARIANT	data/normalized_yaml/bacterial/JCM_J980_KUSHNERIA_AURANTIA_MEDIUM.yaml	CultureMech:003330	kushneria_aurantia_medium	data/normalized_yaml/bacterial/thalassobacillus_cyri_medium.yaml	CultureMech:000671	thalassobacillus_cyri_medium	9	4	1	145	135	group spans multiple category directories	Same ingredient identity signature but concentration signature differs from parent.
f0c3642afb9b593d	PROPOSED	MEDIUM	CONCENTRATION_VARIANT	data/normalized_yaml/bacterial/KOMODO_1186_GRANULIBACTER_medium.yaml	CultureMech:003906	granulibacter_medium	data/normalized_yaml/bacterial/KOMODO_105_GLUCONOBACTER_OXYDANS_medium.yaml	CultureMech:003643	gluconobacter_oxydans_medium	9	4	1	137	137	group spans multiple category directories	Same ingredient identity signature but concentration signature differs from parent.
f0c3642afb9b593d	PROPOSED	MEDIUM	CONCENTRATION_VARIANT	data/normalized_yaml/bacterial/KOMODO_1186_GRANULIBACTER_medium.yaml	CultureMech:003906	granulibacter_medium	data/normalized_yaml/bacterial/acetobacter_medium.yaml	CultureMech:003329	acetobacter_medium	9	4	1	137	127	group spans multiple category directories	Same ingredient identity signature but concentration signature differs from parent.
f0c3642afb9b593d	PROPOSED	MEDIUM	CONCENTRATION_VARIANT	data/normalized_yaml/bacterial/KOMODO_1186_GRANULIBACTER_medium.yaml	CultureMech:003906	granulibacter_medium	data/normalized_yaml/bacterial/clostridium_sp_medium.yaml	CultureMech:001685	clostridium_sp_medium	9	4	1	137	127	group spans multiple category directories	Same ingredient identity signature but concentration signature differs from parent.
f0c3642afb9b593d	PROPOSED	MEDIUM	CONCENTRATION_VARIANT	data/normalized_yaml/bacterial/KOMODO_1186_GRANULIBACTER_medium.yaml	CultureMech:003906	granulibacter_medium	data/normalized_yaml/bacterial/gluconobacter_oxydans_medium.yaml	CultureMech:000492	gluconobacter_oxydans_medium	9	4	1	137	127	group spans multiple category directories	Same ingredient identity signature but concentration signature differs from parent.
f0c3642afb9b593d	PROPOSED	MEDIUM	SUPPLEMENTED_VARIANT	data/normalized_yaml/bacterial/KOMODO_1186_GRANULIBACTER_medium.yaml	CultureMech:003906	granulibacter_medium	data/normalized_yaml/bacterial/glucose_yeast_extract_medium.yaml	CultureMech:005997	glucose_yeast_extract_medium	9	4	1	137	127	group spans multiple category directories	Name suggests added supplement/component; verify ingredient delta against source.
f0c3642afb9b593d	PROPOSED	MEDIUM	CONCENTRATION_VARIANT	data/normalized_yaml/bacterial/KOMODO_1186_GRANULIBACTER_medium.yaml	CultureMech:003906	granulibacter_medium	data/normalized_yaml/bacterial/medium_105_modified_for_dsm_15972.yaml	CultureMech:003623	medium_105_modified_for_dsm_15972	9	4	1	137	127	group spans multiple category directories	Same ingredient identity signature but concentration signature differs from parent.
f0c3642afb9b593d	PROPOSED	MEDIUM	SUPPLEMENTED_VARIANT	data/normalized_yaml/bacterial/KOMODO_1186_GRANULIBACTER_medium.yaml	CultureMech:003906	granulibacter_medium	data/normalized_yaml/fungal/glucose_yeast_extract_medium.yaml	CultureMech:010469	glucose_yeast_extract_medium	9	4	1	137	127	group spans multiple category directories	Name suggests added supplement/component; verify ingredient delta against source.
d59df339beb6e7c2	PROPOSED	MEDIUM	SUPPLEMENTED_VARIANT	data/normalized_yaml/fungal/JCM_J42_YEAST-STARCH_AGAR_A.yaml	CultureMech:010527	yeast_starch_agar_a	data/normalized_yaml/bacterial/yeast_extract_starch_agar_nbrc_med_266.yaml	CultureMech:004070	yeast_extract_starch_agar_nbrc_med_266	9	4	2	133	123	group spans multiple category directories	Name suggests added supplement/component; verify ingredient delta against source.
d59df339beb6e7c2	PROPOSED	MEDIUM	SUPPLEMENTED_VARIANT	data/normalized_yaml/fungal/JCM_J42_YEAST-STARCH_AGAR_A.yaml	CultureMech:010527	yeast_starch_agar_a	data/normalized_yaml/bacterial/yeast_starch_agar_a.yaml	CultureMech:003539	yeast_starch_agar_a	9	4	2	133	123	group spans multiple category directories	Name suggests added supplement/component; verify ingredient delta against source.
d59df339beb6e7c2	PROPOSED	MEDIUM	SUPPLEMENTED_VARIANT	data/normalized_yaml/fungal/JCM_J42_YEAST-STARCH_AGAR_A.yaml	CultureMech:010527	yeast_starch_agar_a	data/normalized_yaml/fungal/1_10_yeast_starch_agar.yaml	CultureMech:010505	1_10_yeast_starch_agar	9	4	2	133	123	group spans multiple category directories	Name suggests added supplement/component; verify ingredient delta against source.
d59df339beb6e7c2	PROPOSED	MEDIUM	SUPPLEMENTED_VARIANT	data/normalized_yaml/fungal/JCM_J42_YEAST-STARCH_AGAR_A.yaml	CultureMech:010527	yeast_starch_agar_a	data/normalized_yaml/fungal/1_5_yeast_starch_agar.yaml	CultureMech:010508	1_5_yeast_starch_agar	9	4	2	133	123	group spans multiple category directories	Name suggests added supplement/component; verify ingredient delta against source.
d59df339beb6e7c2	PROPOSED	MEDIUM	PHYSICAL_STATE_VARIANT	data/normalized_yaml/fungal/JCM_J42_YEAST-STARCH_AGAR_A.yaml	CultureMech:010527	yeast_starch_agar_a	data/normalized_yaml/fungal/acidic_yeast_starch_agar_ph_5_0.yaml	CultureMech:010549	acidic_yeast_starch_agar_ph_5_0	9	4	2	133	123	group spans multiple category directories	Physical state differs from parent: SOLID_AGAR -> LIQUID.
d59df339beb6e7c2	PROPOSED	MEDIUM	SUPPLEMENTED_VARIANT	data/normalized_yaml/fungal/JCM_J42_YEAST-STARCH_AGAR_A.yaml	CultureMech:010527	yeast_starch_agar_a	data/normalized_yaml/fungal/half_strength_yeast_starch_agar.yaml	CultureMech:010487	half_strength_yeast_starch_agar	9	4	2	133	123	group spans multiple category directories	Name suggests added supplement/component; verify ingredient delta against source.
d59df339beb6e7c2	PROPOSED	MEDIUM	SUPPLEMENTED_VARIANT	data/normalized_yaml/fungal/JCM_J42_YEAST-STARCH_AGAR_A.yaml	CultureMech:010527	yeast_starch_agar_a	data/normalized_yaml/fungal/yeast_extract_starch_agar_nbrc_med_266.yaml	CultureMech:010447	yeast_extract_starch_agar_nbrc_med_266	9	4	2	133	123	group spans multiple category directories	Name suggests added supplement/component; verify ingredient delta against source.
d59df339beb6e7c2	PROPOSED	MEDIUM	SUPPLEMENTED_VARIANT	data/normalized_yaml/fungal/JCM_J42_YEAST-STARCH_AGAR_A.yaml	CultureMech:010527	yeast_starch_agar_a	data/normalized_yaml/fungal/yeast_starch_agar_a.yaml	CultureMech:010441	yeast_starch_agar_a	9	4	2	133	123	group spans multiple category directories	Name suggests added supplement/component; verify ingredient delta against source.
e31aab0723dc8c00	PROPOSED	MEDIUM	SALINITY_VARIANT	data/normalized_yaml/archaea/JCM_J168_HALOBACTERIA_MEDIUM.yaml	CultureMech:002527	halobacteria_medium	data/normalized_yaml/archaea/halobacteria_medium_with_15_nacl.yaml	CultureMech:003262	halobacteria_medium_with_15_nacl	8	3	1	139	129	group spans multiple category directories	Name suggests salt/salinity change; verify concentration delta against source.
e31aab0723dc8c00	PROPOSED	MEDIUM	CONCENTRATION_VARIANT	data/normalized_yaml/archaea/JCM_J168_HALOBACTERIA_MEDIUM.yaml	CultureMech:002527	halobacteria_medium	data/normalized_yaml/archaea/halobacterium_tmm_mediium.yaml	CultureMech:003130	halobacterium_tmm_mediium	8	3	1	139	129	group spans multiple category directories	Same ingredient identity signature but concentration signature differs from parent.
923bb04d3f17ebf4	PROPOSED	MEDIUM	CONCENTRATION_VARIANT	data/normalized_yaml/archaea/KOMODO_1138_HALOPIGER_medium.yaml	CultureMech:003847	halopiger_medium	data/normalized_yaml/bacterial/KOMODO_936_SALINIBACTER_RUBER_medium.yaml	CultureMech:006858	salinibacter_ruber_medium	8	5	1	144	144	group spans multiple category directories	Same ingredient identity signature but concentration signature differs from parent.
923bb04d3f17ebf4	PROPOSED	MEDIUM	CONCENTRATION_VARIANT	data/normalized_yaml/archaea/KOMODO_1138_HALOPIGER_medium.yaml	CultureMech:003847	halopiger_medium	data/normalized_yaml/bacterial/salinibacter_ruber_medium.yaml	CultureMech:002110	salinibacter_ruber_medium	8	5	1	144	134	group spans multiple category directories	Same ingredient identity signature but concentration signature differs from parent.
923bb04d3f17ebf4	PROPOSED	MEDIUM	CONCENTRATION_VARIANT	data/normalized_yaml/archaea/KOMODO_1138_HALOPIGER_medium.yaml	CultureMech:003847	halopiger_medium	data/normalized_yaml/bacterial/sw_10_medium.yaml	CultureMech:003141	sw_10_medium	8	5	1	144	134	group spans multiple category directories	Same ingredient identity signature but concentration signature differs from parent.
923bb04d3f17ebf4	PROPOSED	MEDIUM	CONCENTRATION_VARIANT	data/normalized_yaml/archaea/KOMODO_1138_HALOPIGER_medium.yaml	CultureMech:003847	halopiger_medium	data/normalized_yaml/bacterial/sw_20_medium.yaml	CultureMech:002967	sw_20_medium	8	5	1	144	134	group spans multiple category directories	Same ingredient identity signature but concentration signature differs from parent.
923bb04d3f17ebf4	PROPOSED	MEDIUM	CONCENTRATION_VARIANT	data/normalized_yaml/archaea/KOMODO_1138_HALOPIGER_medium.yaml	CultureMech:003847	halopiger_medium	data/normalized_yaml/bacterial/sw_7_5_medium.yaml	CultureMech:002196	sw_7_5_medium	8	5	1	144	134	group spans multiple category directories	Same ingredient identity signature but concentration signature differs from parent.
923bb04d3f17ebf4	PROPOSED	MEDIUM	SUPPLEMENTED_VARIANT	data/normalized_yaml/archaea/KOMODO_1138_HALOPIGER_medium.yaml	CultureMech:003847	halopiger_medium	data/normalized_yaml/fungal/halophile_yeast_extract_medium.yaml	CultureMech:010535	halophile_yeast_extract_medium	8	5	1	144	134	group spans multiple category directories	Name suggests added supplement/component; verify ingredient delta against source.
6eceaddeae541ec0	PROPOSED	MEDIUM	SUPPLEMENTED_VARIANT	data/normalized_yaml/bacterial/JCM_J735_MY_MEDIUM.yaml	CultureMech:003078	my_medium	data/normalized_yaml/fungal/1_10_yeast_extract_malt_extract_agar.yaml	CultureMech:010486	1_10_yeast_extract_malt_extract_agar	8	2	2	125	115	group spans multiple category directories	Name suggests added supplement/component; verify ingredient delta against source.
6eceaddeae541ec0	PROPOSED	MEDIUM	PHYSICAL_STATE_VARIANT	data/normalized_yaml/bacterial/JCM_J735_MY_MEDIUM.yaml	CultureMech:003078	my_medium	data/normalized_yaml/fungal/acidic_yeast_extract_malt_extract_agar_ph_5_0.yaml	CultureMech:010525	acidic_yeast_extract_malt_extract_agar_ph_5_0	8	2	2	125	115	group spans multiple category directories	Physical state differs from parent: SOLID_AGAR -> LIQUID.
6eceaddeae541ec0	PROPOSED	MEDIUM	PHYSICAL_STATE_VARIANT	data/normalized_yaml/bacterial/JCM_J735_MY_MEDIUM.yaml	CultureMech:003078	my_medium	data/normalized_yaml/fungal/alkaline_yeast_extract_malt_extract_agar.yaml	CultureMech:010552	alkaline_yeast_extract_malt_extract_agar	8	2	2	125	115	group spans multiple category directories	Physical state differs from parent: SOLID_AGAR -> LIQUID.
6eceaddeae541ec0	PROPOSED	MEDIUM	PHYSICAL_STATE_VARIANT	data/normalized_yaml/bacterial/JCM_J735_MY_MEDIUM.yaml	CultureMech:003078	my_medium	data/normalized_yaml/fungal/yeast_extract_malt_extract_agar_isp_2_ph_8_5.yaml	CultureMech:010553	yeast_extract_malt_extract_agar_isp_2_ph_8_5	8	2	2	125	115	group spans multiple category directories	Physical state differs from parent: SOLID_AGAR -> LIQUID.
6eceaddeae541ec0	PROPOSED	MEDIUM	PHYSICAL_STATE_VARIANT	data/normalized_yaml/bacterial/JCM_J735_MY_MEDIUM.yaml	CultureMech:003078	my_medium	data/normalized_yaml/fungal/yeast_extract_malt_extract_agar_ph_5_5.yaml	CultureMech:010494	yeast_extract_malt_extract_agar_ph_5_5	8	2	2	125	115	group spans multiple category directories	Physical state differs from parent: SOLID_AGAR -> LIQUID.
6eceaddeae541ec0	PROPOSED	MEDIUM	PHYSICAL_STATE_VARIANT	data/normalized_yaml/bacterial/JCM_J735_MY_MEDIUM.yaml	CultureMech:003078	my_medium	data/normalized_yaml/fungal/yeast_extract_malt_extract_agar_ph_6_0.yaml	CultureMech:010541	yeast_extract_malt_extract_agar_ph_6_0	8	2	2	125	115	group spans multiple category directories	Physical state differs from parent: SOLID_AGAR -> LIQUID.
6eceaddeae541ec0	PROPOSED	MEDIUM	PHYSICAL_STATE_VARIANT	data/normalized_yaml/bacterial/JCM_J735_MY_MEDIUM.yaml	CultureMech:003078	my_medium	data/normalized_yaml/fungal/yeast_extract_malt_extract_agar_ph_9_0.yaml	CultureMech:010533	yeast_extract_malt_extract_agar_ph_9_0	8	2	2	125	115	group spans multiple category directories	Physical state differs from parent: SOLID_AGAR -> LIQUID.
ab44fce260089bc6	PROPOSED	MEDIUM	CONCENTRATION_VARIANT	data/normalized_yaml/bacterial/KOMODO_1173_MODIFIED_medium_514.yaml	CultureMech:003893	modified_medium_514	data/normalized_yaml/archaea/marine_thermococcus_medium.yaml	CultureMech:006415	marine_thermococcus_medium	7	2	1	144	134	group spans multiple category directories	Same ingredient identity signature but concentration signature differs from parent.
ab44fce260089bc6	PROPOSED	MEDIUM	CONCENTRATION_VARIANT	data/normalized_yaml/bacterial/KOMODO_1173_MODIFIED_medium_514.yaml	CultureMech:003893	modified_medium_514	data/normalized_yaml/bacterial/dsm_2476_dsm_5473_dsm_5474_dsm_9503_dsm_10343_dsm_10394_dsm_10395_dsm_11113_dsm_11836_dsm_12593_dsm_12819_dsm_12820_dsm_12597_dsm_12767_dsm_14981_dsm_15226_dsm_16538_dsm_17994_dsm_17882.yaml	CultureMech:006414	dsm_2476_dsm_5473_dsm_5474_dsm_9503_dsm_10343_dsm_10394_dsm_10395_dsm_11113_dsm_11836_dsm_12593_dsm_12819_dsm_12820_dsm_12597_dsm_12767_dsm_14981_dsm_15226_dsm_16538_dsm_17994_dsm_17882	7	2	1	144	134	group spans multiple category directories	Same ingredient identity signature but concentration signature differs from parent.
ab44fce260089bc6	PROPOSED	MEDIUM	CONCENTRATION_VARIANT	data/normalized_yaml/bacterial/KOMODO_1173_MODIFIED_medium_514.yaml	CultureMech:003893	modified_medium_514	data/normalized_yaml/specialized/bacto_marine_broth_difco_2216.yaml	CultureMech:015357	bacto_marine_broth_difco_2216	7	2	1	144	134	group spans multiple category directories	Same ingredient identity signature but concentration signature differs from parent.
ab44fce260089bc6	PROPOSED	MEDIUM	CONCENTRATION_VARIANT	data/normalized_yaml/bacterial/KOMODO_1173_MODIFIED_medium_514.yaml	CultureMech:003893	modified_medium_514	data/normalized_yaml/specialized/marine_thermococcus_medium.yaml	CultureMech:015367	marine_thermococcus_medium	7	2	1	144	134	group spans multiple category directories	Same ingredient identity signature but concentration signature differs from parent.
ab44fce260089bc6	PROPOSED	MEDIUM	CONCENTRATION_VARIANT	data/normalized_yaml/bacterial/KOMODO_1173_MODIFIED_medium_514.yaml	CultureMech:003893	modified_medium_514	data/normalized_yaml/specialized/modified_bacto_marine_broth_difco_2216.yaml	CultureMech:015341	modified_bacto_marine_broth_difco_2216	7	2	1	144	134	group spans multiple category directories	Same ingredient identity signature but concentration signature differs from parent.
73eaeaa9a373248e	PROPOSED	MEDIUM	SUPPLEMENTED_VARIANT	data/normalized_yaml/bacterial/KOMODO_190_YpSs_medium.yaml	CultureMech:004214	ypss_medium	data/normalized_yaml/bacterial/yeast_starch_agar_b.yaml	CultureMech:006234	yeast_starch_agar_b	7	2	1	140	130	group spans multiple category directories	Name suggests added supplement/component; verify ingredient delta against source.
73eaeaa9a373248e	PROPOSED	MEDIUM	SOURCE_DUPLICATE	data/normalized_yaml/bacterial/KOMODO_190_YpSs_medium.yaml	CultureMech:004214	ypss_medium	data/normalized_yaml/bacterial/ypss_agar.yaml	CultureMech:002693	ypss_agar	7	2	1	140	130	group spans multiple category directories	Same ingredient and concentration signature; review as possible duplicate source record.
73eaeaa9a373248e	PROPOSED	MEDIUM	SUPPLEMENTED_VARIANT	data/normalized_yaml/bacterial/KOMODO_190_YpSs_medium.yaml	CultureMech:004214	ypss_medium	data/normalized_yaml/fungal/JCM_J61_YEAST-STARCH_AGAR_B.yaml	CultureMech:010542	yeast_starch_agar_b	7	2	1	140	140	group spans multiple category directories	Name suggests added supplement/component; verify ingredient delta against source.
73eaeaa9a373248e	PROPOSED	MEDIUM	SUPPLEMENTED_VARIANT	data/normalized_yaml/bacterial/KOMODO_190_YpSs_medium.yaml	CultureMech:004214	ypss_medium	data/normalized_yaml/fungal/emersons_yeast_starch_agar.yaml	CultureMech:010547	emersons_yeast_starch_agar	7	2	1	140	130	group spans multiple category directories	Name suggests added supplement/component; verify ingredient delta against source.
73eaeaa9a373248e	PROPOSED	MEDIUM	SUPPLEMENTED_VARIANT	data/normalized_yaml/bacterial/KOMODO_190_YpSs_medium.yaml	CultureMech:004214	ypss_medium	data/normalized_yaml/fungal/yeast_starch_agar_b.yaml	CultureMech:010473	yeast_starch_agar_b	7	2	1	140	130	group spans multiple category directories	Name suggests added supplement/component; verify ingredient delta against source.
3eb1b2ea15e6995c	PROPOSED	MEDIUM	DERIVED_FROM	data/normalized_yaml/bacterial/asw_150_barley.yaml	CultureMech:000382	asw_150_barley	data/normalized_yaml/algae/CCAP_ASW 150 + barley  + barley grain_).yaml	CultureMech:000045	asw_150_barley	7	4	1	140	90	group spans multiple category directories	Candidate child formulation requires source/formulation review.
3eb1b2ea15e6995c	PROPOSED	MEDIUM	CONCENTRATION_VARIANT	data/normalized_yaml/bacterial/asw_150_barley.yaml	CultureMech:000382	asw_150_barley	data/normalized_yaml/algae/CCAP_ASW 300 + barley  + barley grain_).yaml	CultureMech:000049	asw_300_barley	7	4	1	140	90	group spans multiple category directories	Same ingredient identity signature but concentration signature differs from parent.
3eb1b2ea15e6995c	PROPOSED	MEDIUM	DERIVED_FROM	data/normalized_yaml/bacterial/asw_150_barley.yaml	CultureMech:000382	asw_150_barley	data/normalized_yaml/algae/asw_150_barley.yaml	CultureMech:000044	asw_150_barley	7	4	1	140	90	group spans multiple category directories	Candidate child formulation requires source/formulation review.
3eb1b2ea15e6995c	PROPOSED	MEDIUM	CONCENTRATION_VARIANT	data/normalized_yaml/bacterial/asw_150_barley.yaml	CultureMech:000382	asw_150_barley	data/normalized_yaml/algae/asw_300_barley.yaml	CultureMech:000048	asw_300_barley	7	4	1	140	90	group spans multiple category directories	Same ingredient identity signature but concentration signature differs from parent.
79cec64d62d8448b	PROPOSED	MEDIUM	SOURCE_DUPLICATE	data/normalized_yaml/bacterial/for_dsm_17935.yaml	CultureMech:003833	for_dsm_17935	data/normalized_yaml/bacterial/for_dsm_17936.yaml	CultureMech:003834	for_dsm_17936	7	1	1	137	137	group spans multiple category directories	Same ingredient and concentration signature; review as possible duplicate source record.
79cec64d62d8448b	PROPOSED	MEDIUM	SOURCE_DUPLICATE	data/normalized_yaml/bacterial/for_dsm_17935.yaml	CultureMech:003833	for_dsm_17935	data/normalized_yaml/bacterial/for_dsm_18632.yaml	CultureMech:003835	for_dsm_18632	7	1	1	137	137	group spans multiple category directories	Same ingredient and concentration signature; review as possible duplicate source record.
79cec64d62d8448b	PROPOSED	MEDIUM	SOURCE_DUPLICATE	data/normalized_yaml/bacterial/for_dsm_17935.yaml	CultureMech:003833	for_dsm_17935	data/normalized_yaml/bacterial/for_dsm_18805.yaml	CultureMech:003836	for_dsm_18805	7	1	1	137	137	group spans multiple category directories	Same ingredient and concentration signature; review as possible duplicate source record.
79cec64d62d8448b	PROPOSED	MEDIUM	SOURCE_DUPLICATE	data/normalized_yaml/bacterial/for_dsm_17935.yaml	CultureMech:003833	for_dsm_17935	data/normalized_yaml/bacterial/for_dsm_18858.yaml	CultureMech:003837	for_dsm_18858	7	1	1	137	137	group spans multiple category directories	Same ingredient and concentration signature; review as possible duplicate source record.
79cec64d62d8448b	PROPOSED	MEDIUM	SOURCE_DUPLICATE	data/normalized_yaml/bacterial/for_dsm_17935.yaml	CultureMech:003833	for_dsm_17935	data/normalized_yaml/specialized/phototrophic_medium.yaml	CultureMech:015333	phototrophic_medium	7	1	1	137	137	group spans multiple category directories	Same ingredient and concentration signature; review as possible duplicate source record.
2d2e478a1df1e27a	PROPOSED	MEDIUM	SOURCE_DUPLICATE	data/normalized_yaml/bacterial/for_dsm_22549.yaml	CultureMech:004736	for_dsm_22549	data/normalized_yaml/archaea/methanocaldococcus_medium.yaml	CultureMech:001378	methanocaldococcus_medium	7	2	1	139	139	group spans multiple category directories	Same ingredient and concentration signature; review as possible duplicate source record.
2d2e478a1df1e27a	PROPOSED	MEDIUM	CONCENTRATION_VARIANT	data/normalized_yaml/bacterial/for_dsm_22549.yaml	CultureMech:004736	for_dsm_22549	data/normalized_yaml/archaea/methanocaldococcus_villosus_medium.yaml	CultureMech:001379	methanocaldococcus_villosus_medium	7	2	1	139	139	group spans multiple category directories	Same ingredient identity signature but concentration signature differs from parent.
2d2e478a1df1e27a	PROPOSED	MEDIUM	SOURCE_DUPLICATE	data/normalized_yaml/bacterial/for_dsm_22549.yaml	CultureMech:004736	for_dsm_22549	data/normalized_yaml/bacterial/for_dsm_22612.yaml	CultureMech:004737	for_dsm_22612	7	2	1	139	139	group spans multiple category directories	Same ingredient and concentration signature; review as possible duplicate source record.
2d2e478a1df1e27a	PROPOSED	MEDIUM	SOURCE_DUPLICATE	data/normalized_yaml/bacterial/for_dsm_22549.yaml	CultureMech:004736	for_dsm_22549	data/normalized_yaml/bacterial/medium_282_modified_for_dsm_16983.yaml	CultureMech:004735	medium_282_modified_for_dsm_16983	7	2	1	139	139	group spans multiple category directories	Same ingredient and concentration signature; review as possible duplicate source record.
2d2e478a1df1e27a	PROPOSED	MEDIUM	SOURCE_DUPLICATE	data/normalized_yaml/bacterial/for_dsm_22549.yaml	CultureMech:004736	for_dsm_22549	data/normalized_yaml/bacterial/medium_282_modified_for_dsm_5666.yaml	CultureMech:004738	medium_282_modified_for_dsm_5666	7	2	1	139	139	group spans multiple category directories	Same ingredient and concentration signature; review as possible duplicate source record.
10054041a1c84324	PROPOSED	MEDIUM	SALINITY_VARIANT	data/normalized_yaml/bacterial/mb_medium.yaml	CultureMech:006834	mb_medium	data/normalized_yaml/archaea/methanosarcina_mb_medium_1_g_l_nacl.yaml	CultureMech:002096	methanosarcina_mb_medium_1_g_l_nacl	7	2	1	136	136	group spans multiple category directories	Name suggests salt/salinity change; verify concentration delta against source.
10054041a1c84324	PROPOSED	MEDIUM	SOURCE_DUPLICATE	data/normalized_yaml/bacterial/mb_medium.yaml	CultureMech:006834	mb_medium	data/normalized_yaml/bacterial/for_dsm_14539_dsm_14646_and_dsm_14648.yaml	CultureMech:006831	for_dsm_14539_dsm_14646_and_dsm_14648	7	2	1	136	136	group spans multiple category directories	Same ingredient and concentration signature; review as possible duplicate source record.
10054041a1c84324	PROPOSED	MEDIUM	SOURCE_DUPLICATE	data/normalized_yaml/bacterial/mb_medium.yaml	CultureMech:006834	mb_medium	data/normalized_yaml/bacterial/for_dsm_14661.yaml	CultureMech:006830	for_dsm_14661	7	2	1	136	136	group spans multiple category directories	Same ingredient and concentration signature; review as possible duplicate source record.
10054041a1c84324	PROPOSED	MEDIUM	SOURCE_DUPLICATE	data/normalized_yaml/bacterial/mb_medium.yaml	CultureMech:006834	mb_medium	data/normalized_yaml/bacterial/for_dsm_14663_and_dsm_15483.yaml	CultureMech:006832	for_dsm_14663_and_dsm_15483	7	2	1	136	136	group spans multiple category directories	Same ingredient and concentration signature; review as possible duplicate source record.
10054041a1c84324	PROPOSED	MEDIUM	SOURCE_DUPLICATE	data/normalized_yaml/bacterial/mb_medium.yaml	CultureMech:006834	mb_medium	data/normalized_yaml/bacterial/for_dsm_14888.yaml	CultureMech:006833	for_dsm_14888	7	2	1	136	136	group spans multiple category directories	Same ingredient and concentration signature; review as possible duplicate source record.
dd36f6b28db5a841	PROPOSED	MEDIUM	SOURCE_DUPLICATE	data/normalized_yaml/archaea/JCM_J165_SULFOLOBUS_MEDIUM.yaml	CultureMech:002524	sulfolobus_medium	data/normalized_yaml/archaea/sulfolobus_medium_b.yaml	CultureMech:002532	sulfolobus_medium_b	6	2	1	145	135	group spans multiple category directories	Same ingredient and concentration signature; review as possible duplicate source record.
dd36f6b28db5a841	PROPOSED	MEDIUM	SOURCE_DUPLICATE	data/normalized_yaml/archaea/JCM_J165_SULFOLOBUS_MEDIUM.yaml	CultureMech:002524	sulfolobus_medium	data/normalized_yaml/bacterial/ms_medium.yaml	CultureMech:002626	ms_medium	6	2	1	145	135	group spans multiple category directories	Same ingredient and concentration signature; review as possible duplicate source record.
dd36f6b28db5a841	PROPOSED	MEDIUM	SALINITY_VARIANT	data/normalized_yaml/archaea/JCM_J165_SULFOLOBUS_MEDIUM.yaml	CultureMech:002524	sulfolobus_medium	data/normalized_yaml/fungal/modified_brocks_basal_salts_yeast_extract_medeium_b.yaml	CultureMech:010539	modified_brocks_basal_salts_yeast_extract_medeium_b	6	2	1	145	135	group spans multiple category directories	Name suggests salt/salinity change; verify concentration delta against source.
dd36f6b28db5a841	PROPOSED	MEDIUM	SALINITY_VARIANT	data/normalized_yaml/archaea/JCM_J165_SULFOLOBUS_MEDIUM.yaml	CultureMech:002524	sulfolobus_medium	data/normalized_yaml/fungal/modified_brocks_basal_salts_yeast_extract_medium.yaml	CultureMech:010534	modified_brocks_basal_salts_yeast_extract_medium	6	2	1	145	135	group spans multiple category directories	Name suggests salt/salinity change; verify concentration delta against source.
dd36f6b28db5a841	PROPOSED	MEDIUM	SALINITY_VARIANT	data/normalized_yaml/archaea/JCM_J165_SULFOLOBUS_MEDIUM.yaml	CultureMech:002524	sulfolobus_medium	data/normalized_yaml/fungal/modified_brocks_basal_salts_yeast_extract_tryptone_medium.yaml	CultureMech:010550	modified_brocks_basal_salts_yeast_extract_tryptone_medium	6	2	1	145	135	group spans multiple category directories	Name suggests salt/salinity change; verify concentration delta against source.
e20fc9c6cebd8691	PROPOSED	MEDIUM	CONCENTRATION_VARIANT	data/normalized_yaml/archaea/JCM_J183_DESULFUROCOCCUS_MEDIUM.yaml	CultureMech:002544	desulfurococcus_medium	data/normalized_yaml/archaea/acidianus_infernus_medium_b.yaml	CultureMech:002535	acidianus_infernus_medium_b	6	2	1	146	136	group spans multiple category directories	Same ingredient identity signature but concentration signature differs from parent.
e20fc9c6cebd8691	PROPOSED	MEDIUM	CONCENTRATION_VARIANT	data/normalized_yaml/archaea/JCM_J183_DESULFUROCOCCUS_MEDIUM.yaml	CultureMech:002544	desulfurococcus_medium	data/normalized_yaml/archaea/stygiolobus_medium.yaml	CultureMech:002538	stygiolobus_medium	6	2	1	146	136	group spans multiple category directories	Same ingredient identity signature but concentration signature differs from parent.
e20fc9c6cebd8691	PROPOSED	MEDIUM	CONCENTRATION_VARIANT	data/normalized_yaml/archaea/JCM_J183_DESULFUROCOCCUS_MEDIUM.yaml	CultureMech:002544	desulfurococcus_medium	data/normalized_yaml/bacterial/jcm_medium_no_186.yaml	CultureMech:002547	jcm_medium_no_186	6	2	1	146	136	group spans multiple category directories	Same ingredient identity signature but concentration signature differs from parent.
d24b6828c2553431	PROPOSED	MEDIUM	SOURCE_DUPLICATE	data/normalized_yaml/bacterial/JCM_J471_DESULFONAUTICUS_MEDIUM.yaml	CultureMech:002820	desulfonauticus_medium	data/normalized_yaml/bacterial/JCM_J383_DESULFOBACTERIUM_MEDIUM.yaml	CultureMech:002740	desulfobacterium_medium	6	2	1	148	148	group spans multiple category directories	Same ingredient and concentration signature; review as possible duplicate source record.
d24b6828c2553431	PROPOSED	MEDIUM	SOURCE_DUPLICATE	data/normalized_yaml/bacterial/JCM_J471_DESULFONAUTICUS_MEDIUM.yaml	CultureMech:002820	desulfonauticus_medium	data/normalized_yaml/bacterial/desulfobacterium_niacini_medium.yaml	CultureMech:002749	desulfobacterium_niacini_medium	6	2	1	148	138	group spans multiple category directories	Same ingredient and concentration signature; review as possible duplicate source record.
d24b6828c2553431	PROPOSED	MEDIUM	SOURCE_DUPLICATE	data/normalized_yaml/bacterial/JCM_J471_DESULFONAUTICUS_MEDIUM.yaml	CultureMech:002820	desulfonauticus_medium	data/normalized_yaml/bacterial/desulfobacterium_vacuolatum_medium.yaml	CultureMech:002750	desulfobacterium_vacuolatum_medium	6	2	1	148	138	group spans multiple category directories	Same ingredient and concentration signature; review as possible duplicate source record.
d24b6828c2553431	PROPOSED	MEDIUM	SOURCE_DUPLICATE	data/normalized_yaml/bacterial/JCM_J471_DESULFONAUTICUS_MEDIUM.yaml	CultureMech:002820	desulfonauticus_medium	data/normalized_yaml/bacterial/desulfosarcina_ovata_medium.yaml	CultureMech:002752	desulfosarcina_ovata_medium	6	2	1	148	138	group spans multiple category directories	Same ingredient and concentration signature; review as possible duplicate source record.
d24b6828c2553431	PROPOSED	MEDIUM	CONCENTRATION_VARIANT	data/normalized_yaml/bacterial/JCM_J471_DESULFONAUTICUS_MEDIUM.yaml	CultureMech:002820	desulfonauticus_medium	data/normalized_yaml/specialized/marine_srb_medium.yaml	CultureMech:015379	marine_srb_medium	6	2	1	148	138	group spans multiple category directories	Same ingredient identity signature but concentration signature differs from parent.
ea67206be4276933	PROPOSED	MEDIUM	SOURCE_DUPLICATE	data/normalized_yaml/bacterial/KOMODO_480b_TTD-MEDIUM.yaml	CultureMech:005598	ttd_medium	data/normalized_yaml/bacterial/for_dsm_11321.yaml	CultureMech:005595	for_dsm_11321	6	1	1	147	137	group spans multiple category directories	Same ingredient and concentration signature; review as possible duplicate source record.
2d61fc0be254fa29	PROPOSED	MEDIUM	DERIVED_FROM	data/normalized_yaml/bacterial/czapek_dox_agar.yaml	CultureMech:004065	czapek_dox_agar	data/normalized_yaml/fungal/czapek_dox_agar.yaml	CultureMech:010446	czapek_dox_agar	6	4	1	140	140	group spans multiple category directories	Candidate child formulation requires source/formulation review.
2d61fc0be254fa29	PROPOSED	MEDIUM	CONCENTRATION_VARIANT	data/normalized_yaml/bacterial/czapek_dox_agar.yaml	CultureMech:004065	czapek_dox_agar	data/normalized_yaml/fungal/czapek_solution_agar_a.yaml	CultureMech:010519	czapek_solution_agar_a	6	4	1	140	140	group spans multiple category directories	Same ingredient identity signature but concentration signature differs from parent.
2d61fc0be254fa29	PROPOSED	MEDIUM	CONCENTRATION_VARIANT	data/normalized_yaml/bacterial/czapek_dox_agar.yaml	CultureMech:004065	czapek_dox_agar	data/normalized_yaml/fungal/czapek_solution_agar_b.yaml	CultureMech:010517	czapek_solution_agar_b	6	4	1	140	140	group spans multiple category directories	Same ingredient identity signature but concentration signature differs from parent.
2d61fc0be254fa29	PROPOSED	MEDIUM	SUPPLEMENTED_VARIANT	data/normalized_yaml/bacterial/czapek_dox_agar.yaml	CultureMech:004065	czapek_dox_agar	data/normalized_yaml/fungal/czapeks_solution_agar_with_200_g_sucrose.yaml	CultureMech:010524	czapeks_solution_agar_with_200_g_sucrose	6	4	1	140	140	group spans multiple category directories	Name suggests added supplement/component; verify ingredient delta against source.
2d61fc0be254fa29	PROPOSED	MEDIUM	CONCENTRATION_VARIANT	data/normalized_yaml/bacterial/czapek_dox_agar.yaml	CultureMech:004065	czapek_dox_agar	data/normalized_yaml/fungal/sucrose_nitrate_agar_czapek_dox_agar.yaml	CultureMech:010529	sucrose_nitrate_agar_czapek_dox_agar	6	4	1	140	140	group spans multiple category directories	Same ingredient identity signature but concentration signature differs from parent.
9bb3f5a7183359cd	PROPOSED	MEDIUM	SOURCE_DUPLICATE	data/normalized_yaml/bacterial/for_dsm_19918.yaml	CultureMech:005112	for_dsm_19918	data/normalized_yaml/archaea/pyrococcus_st04_medium.yaml	CultureMech:001480	pyrococcus_st04_medium	6	1	1	136	136	group spans multiple category directories	Same ingredient and concentration signature; review as possible duplicate source record.
9bb3f5a7183359cd	PROPOSED	MEDIUM	SOURCE_DUPLICATE	data/normalized_yaml/bacterial/for_dsm_19918.yaml	CultureMech:005112	for_dsm_19918	data/normalized_yaml/bacterial/medium_377_modified_for_dsm_12428.yaml	CultureMech:005109	medium_377_modified_for_dsm_12428	6	1	1	136	136	group spans multiple category directories	Same ingredient and concentration signature; review as possible duplicate source record.
9bb3f5a7183359cd	PROPOSED	MEDIUM	SOURCE_DUPLICATE	data/normalized_yaml/bacterial/for_dsm_19918.yaml	CultureMech:005112	for_dsm_19918	data/normalized_yaml/bacterial/medium_377_modified_for_dsm_13482.yaml	CultureMech:005110	medium_377_modified_for_dsm_13482	6	1	1	136	136	group spans multiple category directories	Same ingredient and concentration signature; review as possible duplicate source record.
9bb3f5a7183359cd	PROPOSED	MEDIUM	SOURCE_DUPLICATE	data/normalized_yaml/bacterial/for_dsm_19918.yaml	CultureMech:005112	for_dsm_19918	data/normalized_yaml/bacterial/medium_377_modified_for_dsm_15127.yaml	CultureMech:005111	medium_377_modified_for_dsm_15127	6	1	1	136	136	group spans multiple category directories	Same ingredient and concentration signature; review as possible duplicate source record.
58533571c6f68ff3	PROPOSED	MEDIUM	CONCENTRATION_VARIANT	data/normalized_yaml/archaea/KOMODO_901_ACIDOLOBUS_ACETICUS_medium.yaml	CultureMech:006771	acidolobus_aceticus_medium	data/normalized_yaml/archaea/acidilobus_medium.yaml	CultureMech:002665	acidilobus_medium	5	2	1	147	138	group spans multiple category directories	Same ingredient identity signature but concentration signature differs from parent.
58533571c6f68ff3	PROPOSED	MEDIUM	CONCENTRATION_VARIANT	data/normalized_yaml/archaea/KOMODO_901_ACIDOLOBUS_ACETICUS_medium.yaml	CultureMech:006771	acidolobus_aceticus_medium	data/normalized_yaml/archaea/acidilobus_saccharovorans_medium.yaml	CultureMech:003282	acidilobus_saccharovorans_medium	5	2	1	147	138	group spans multiple category directories	Same ingredient identity signature but concentration signature differs from parent.
84a28af3da4fdfb8	PROPOSED	MEDIUM	CONCENTRATION_VARIANT	data/normalized_yaml/archaea/TOGO_M159_Halobacteria_Medium.yaml	CultureMech:008151	halobacteria_medium	data/normalized_yaml/archaea/TOGO_M817_Halobacterium_TMM_Mediium.yaml	CultureMech:010229	halobacterium_tmm_mediium	5	5	1	134	134	group spans multiple category directories	Same ingredient identity signature but concentration signature differs from parent.
84a28af3da4fdfb8	PROPOSED	MEDIUM	CONCENTRATION_VARIANT	data/normalized_yaml/archaea/TOGO_M159_Halobacteria_Medium.yaml	CultureMech:008151	halobacteria_medium	data/normalized_yaml/bacterial/TOGO_M371_Lentibacillus_Medium.yaml	CultureMech:009752	lentibacillus_medium	5	5	1	134	134	group spans multiple category directories	Same ingredient identity signature but concentration signature differs from parent.
119ce848af80b2f3	PROPOSED	MEDIUM	SOURCE_DUPLICATE	data/normalized_yaml/bacterial/KOMODO_1143_TY_medium.yaml	CultureMech:003854	ty_medium	data/normalized_yaml/bacterial/medium_1143_modified_for_dsm_23293.yaml	CultureMech:003853	medium_1143_modified_for_dsm_23293	5	3	1	117	107	group spans multiple category directories	Same ingredient and concentration signature; review as possible duplicate source record.
119ce848af80b2f3	PROPOSED	MEDIUM	CONCENTRATION_VARIANT	data/normalized_yaml/bacterial/KOMODO_1143_TY_medium.yaml	CultureMech:003854	ty_medium	data/normalized_yaml/bacterial/ytc_medium.yaml	CultureMech:000844	ytc_medium	5	3	1	117	107	group spans multiple category directories	Same ingredient identity signature but concentration signature differs from parent.
119ce848af80b2f3	PROPOSED	MEDIUM	CONCENTRATION_VARIANT	data/normalized_yaml/bacterial/KOMODO_1143_TY_medium.yaml	CultureMech:003854	ty_medium	data/normalized_yaml/fungal/tryptone_yeastextrakt_medium.yaml	CultureMech:010450	tryptone_yeastextrakt_medium	5	3	1	117	107	group spans multiple category directories	Same ingredient identity signature but concentration signature differs from parent.
eec11aa0db5bd173	PROPOSED	MEDIUM	SOURCE_DUPLICATE	data/normalized_yaml/bacterial/KOMODO_358-1_For_aerobic_growth.yaml	CultureMech:005075	for_aerobic_growth	data/normalized_yaml/archaea/acidianus_infernus_medium.yaml	CultureMech:005077	acidianus_infernus_medium	5	2	1	145	135	group spans multiple category directories	Same ingredient and concentration signature; review as possible duplicate source record.
eec11aa0db5bd173	PROPOSED	MEDIUM	CONCENTRATION_VARIANT	data/normalized_yaml/bacterial/KOMODO_358-1_For_aerobic_growth.yaml	CultureMech:005075	for_aerobic_growth	data/normalized_yaml/archaea/acidianus_medium_aerobic.yaml	CultureMech:001457	acidianus_medium_aerobic	5	2	1	145	135	group spans multiple category directories	Same ingredient identity signature but concentration signature differs from parent.
eec11aa0db5bd173	PROPOSED	MEDIUM	SOURCE_DUPLICATE	data/normalized_yaml/bacterial/KOMODO_358-1_For_aerobic_growth.yaml	CultureMech:005075	for_aerobic_growth	data/normalized_yaml/bacterial/for_anaerobic_growth.yaml	CultureMech:005076	for_anaerobic_growth	5	2	1	145	135	group spans multiple category directories	Same ingredient and concentration signature; review as possible duplicate source record.
eec11aa0db5bd173	PROPOSED	MEDIUM	SOURCE_DUPLICATE	data/normalized_yaml/bacterial/KOMODO_358-1_For_aerobic_growth.yaml	CultureMech:005075	for_aerobic_growth	data/normalized_yaml/specialized/acidianus_medium_anaerobic.yaml	CultureMech:015354	acidianus_medium_anaerobic	5	2	1	145	135	group spans multiple category directories	Same ingredient and concentration signature; review as possible duplicate source record.
f3c5cbd1937f63cc	PROPOSED	MEDIUM	CONCENTRATION_VARIANT	data/normalized_yaml/bacterial/ma2.yaml	CultureMech:007977	ma2	data/normalized_yaml/bacterial/dilute_filtered_malt_extract_agar.yaml	CultureMech:004153	dilute_filtered_malt_extract_agar	5	3	1	123	123	group spans multiple category directories	Same ingredient identity signature but concentration signature differs from parent.
f3c5cbd1937f63cc	PROPOSED	MEDIUM	CONCENTRATION_VARIANT	data/normalized_yaml/bacterial/ma2.yaml	CultureMech:007977	ma2	data/normalized_yaml/fungal/dilute_filtered_malt_extract_agar.yaml	CultureMech:010452	dilute_filtered_malt_extract_agar	5	3	1	123	123	group spans multiple category directories	Same ingredient identity signature but concentration signature differs from parent.
c3bb7c95e8cc3191	PROPOSED	MEDIUM	SUPPLEMENTED_VARIANT	data/normalized_yaml/bacterial/yeast_extract_malt_extract_agar_isp_2.yaml	CultureMech:009740	yeast_extract_malt_extract_agar_isp_2	data/normalized_yaml/fungal/yeast_extract_malt_extract_agar_isp_2.yaml	CultureMech:010528	yeast_extract_malt_extract_agar_isp_2	5	1	1	120	120	group spans multiple category directories	Name suggests added supplement/component; verify ingredient delta against source.
2bb0b009c6a05a1b	PROPOSED	MEDIUM	CONCENTRATION_VARIANT	data/normalized_yaml/archaea/KOMODO_280_METHANOCOCCOIDES_medium.yaml	CultureMech:004733	methanococcoides_medium	data/normalized_yaml/archaea/methanococcoides_medium.yaml	CultureMech:000883	methanococcoides_medium	4	2	1	146	136	group spans multiple category directories	Same ingredient identity signature but concentration signature differs from parent.
c9cff2ab2c126a0d	PROPOSED	MEDIUM	CONCENTRATION_VARIANT	data/normalized_yaml/archaea/TOGO_M160_Halobacteria_Medium.yaml	CultureMech:008163	halobacteria_medium	data/normalized_yaml/bacterial/TOGO_M372_Lentibacillus_Medium.yaml	CultureMech:009753	lentibacillus_medium	4	4	1	136	136	group spans multiple category directories	Same ingredient identity signature but concentration signature differs from parent.
c9cff2ab2c126a0d	PROPOSED	MEDIUM	CONCENTRATION_VARIANT	data/normalized_yaml/archaea/TOGO_M160_Halobacteria_Medium.yaml	CultureMech:008163	halobacteria_medium	data/normalized_yaml/bacterial/togo_medium_m1335.yaml	CultureMech:007871	togo_medium_m1335	4	4	1	136	126	group spans multiple category directories	Same ingredient identity signature but concentration signature differs from parent.
087de73c084cc0f4	PROPOSED	MEDIUM	CONCENTRATION_VARIANT	data/normalized_yaml/bacterial/2_malt_agar.yaml	CultureMech:009585	2_malt_agar	data/normalized_yaml/fungal/2_malt_agar.yaml	CultureMech:010523	2_malt_agar	4	4	1	123	123	group spans multiple category directories	Same ingredient identity signature but concentration signature differs from parent.
087de73c084cc0f4	PROPOSED	MEDIUM	CONCENTRATION_VARIANT	data/normalized_yaml/bacterial/2_malt_agar.yaml	CultureMech:009585	2_malt_agar	data/normalized_yaml/fungal/4_malt_agar.yaml	CultureMech:010514	4_malt_agar	4	4	1	123	123	group spans multiple category directories	Same ingredient identity signature but concentration signature differs from parent.
6d02162796dd3ab0	PROPOSED	MEDIUM	CONCENTRATION_VARIANT	data/normalized_yaml/bacterial/2_x_yt_medium.yaml	CultureMech:002679	2_x_yt_medium	data/normalized_yaml/bacterial/lb_luria_bertani_medium_lennox.yaml	CultureMech:002403	lb_luria_bertani_medium_lennox	4	3	1	107	107	group spans multiple category directories	Same ingredient identity signature but concentration signature differs from parent.
6d02162796dd3ab0	PROPOSED	MEDIUM	SUPPLEMENTED_VARIANT	data/normalized_yaml/bacterial/2_x_yt_medium.yaml	CultureMech:002679	2_x_yt_medium	data/normalized_yaml/fungal/tryptone_yeast_extract_medium.yaml	CultureMech:010471	tryptone_yeast_extract_medium	4	3	1	107	107	group spans multiple category directories	Name suggests added supplement/component; verify ingredient delta against source.
6d02162796dd3ab0	PROPOSED	MEDIUM	SUPPLEMENTED_VARIANT	data/normalized_yaml/bacterial/2_x_yt_medium.yaml	CultureMech:002679	2_x_yt_medium	data/normalized_yaml/fungal/tryptone_yeast_extract_medium_modified.yaml	CultureMech:010460	tryptone_yeast_extract_medium_modified	4	3	1	107	107	group spans multiple category directories	Name suggests added supplement/component; verify ingredient delta against source.
76fdda13a87750e6	PROPOSED	MEDIUM	SOURCE_DUPLICATE	data/normalized_yaml/bacterial/JCM_J834_MODIFIED_DESULFOVIBRIO_MEDIUM.yaml	CultureMech:003178	modified_desulfovibrio_medium	data/normalized_yaml/bacterial/desulfovibrio_medium.yaml	CultureMech:002746	desulfovibrio_medium	4	2	1	145	135	group spans multiple category directories	Same ingredient and concentration signature; review as possible duplicate source record.
76fdda13a87750e6	PROPOSED	MEDIUM	CONCENTRATION_VARIANT	data/normalized_yaml/bacterial/JCM_J834_MODIFIED_DESULFOVIBRIO_MEDIUM.yaml	CultureMech:003178	modified_desulfovibrio_medium	data/normalized_yaml/bacterial/desulfovibrio_postgate_medium.yaml	CultureMech:001773	desulfovibrio_postgate_medium	4	2	1	145	133	group spans multiple category directories	Same ingredient identity signature but concentration signature differs from parent.
76fdda13a87750e6	PROPOSED	MEDIUM	SOURCE_DUPLICATE	data/normalized_yaml/bacterial/JCM_J834_MODIFIED_DESULFOVIBRIO_MEDIUM.yaml	CultureMech:003178	modified_desulfovibrio_medium	data/normalized_yaml/specialized/desulfovibrio_marine_medium.yaml	CultureMech:015419	desulfovibrio_marine_medium	4	2	1	145	135	group spans multiple category directories	Same ingredient and concentration signature; review as possible duplicate source record.
8aa4b9be2487721b	PROPOSED	MEDIUM	SOURCE_DUPLICATE	data/normalized_yaml/bacterial/KOMODO_172a_CY_S2_medium.yaml	CultureMech:004201	cy_s2_medium	data/normalized_yaml/bacterial/cytophaga_marine_medium.yaml	CultureMech:004200	cytophaga_marine_medium	4	1	1	139	129	group spans multiple category directories	Same ingredient and concentration signature; review as possible duplicate source record.
8aa4b9be2487721b	PROPOSED	MEDIUM	SOURCE_DUPLICATE	data/normalized_yaml/bacterial/KOMODO_172a_CY_S2_medium.yaml	CultureMech:004201	cy_s2_medium	data/normalized_yaml/bacterial/medium_172_modified_for_dsm_6480.yaml	CultureMech:004199	medium_172_modified_for_dsm_6480	4	1	1	139	129	group spans multiple category directories	Same ingredient and concentration signature; review as possible duplicate source record.
8aa4b9be2487721b	PROPOSED	MEDIUM	SOURCE_DUPLICATE	data/normalized_yaml/bacterial/KOMODO_172a_CY_S2_medium.yaml	CultureMech:004201	cy_s2_medium	data/normalized_yaml/specialized/cytophaga_marine_medium.yaml	CultureMech:015349	cytophaga_marine_medium	4	1	1	139	129	group spans multiple category directories	Same ingredient and concentration signature; review as possible duplicate source record.
2419db905f0d68f4	PROPOSED	MEDIUM	SOURCE_DUPLICATE	data/normalized_yaml/bacterial/KOMODO_391-1_For_DSM_4254.yaml	CultureMech:005173	for_dsm_4254	data/normalized_yaml/bacterial/for_strain_dsm_4310.yaml	CultureMech:005174	for_strain_dsm_4310	4	1	1	146	96	group spans multiple category directories	Same ingredient and concentration signature; review as possible duplicate source record.
2419db905f0d68f4	PROPOSED	MEDIUM	SOURCE_DUPLICATE	data/normalized_yaml/bacterial/KOMODO_391-1_For_DSM_4254.yaml	CultureMech:005173	for_dsm_4254	data/normalized_yaml/bacterial/wmc_medium.yaml	CultureMech:005175	wmc_medium	4	1	1	146	136	group spans multiple category directories	Same ingredient and concentration signature; review as possible duplicate source record.
06ac4bf3f407103e	PROPOSED	MEDIUM	SOURCE_DUPLICATE	data/normalized_yaml/bacterial/for_dsm_2376.yaml	CultureMech:004755	for_dsm_2376	data/normalized_yaml/bacterial/ven_chi2_medium.yaml	CultureMech:004757	ven_chi2_medium	4	1	1	139	139	group spans multiple category directories	Same ingredient and concentration signature; review as possible duplicate source record.
06ac4bf3f407103e	PROPOSED	MEDIUM	SOURCE_DUPLICATE	data/normalized_yaml/bacterial/for_dsm_2376.yaml	CultureMech:004755	for_dsm_2376	data/normalized_yaml/specialized/propionigenium_modestum_medium_marine.yaml	CultureMech:015351	propionigenium_modestum_medium_marine	4	1	1	139	139	group spans multiple category directories	Same ingredient and concentration signature; review as possible duplicate source record.
39d736ff030cdf6b	PROPOSED	MEDIUM	SOURCE_DUPLICATE	data/normalized_yaml/bacterial/ird_fusibacter_medium.yaml	CultureMech:003341	ird_fusibacter_medium	data/normalized_yaml/bacterial/clostridium_lind_medium.yaml	CultureMech:003129	clostridium_lind_medium	4	2	1	137	137	group spans multiple category directories	Same ingredient and concentration signature; review as possible duplicate source record.
39d736ff030cdf6b	PROPOSED	MEDIUM	CONCENTRATION_VARIANT	data/normalized_yaml/bacterial/ird_fusibacter_medium.yaml	CultureMech:003341	ird_fusibacter_medium	data/normalized_yaml/specialized/ird_marine_clostrida_medium.yaml	CultureMech:015423	ird_marine_clostrida_medium	4	2	1	137	137	group spans multiple category directories	Same ingredient identity signature but concentration signature differs from parent.
39d736ff030cdf6b	PROPOSED	MEDIUM	CONCENTRATION_VARIANT	data/normalized_yaml/bacterial/ird_fusibacter_medium.yaml	CultureMech:003341	ird_fusibacter_medium	data/normalized_yaml/specialized/ird_marine_clostridia_medium_2.yaml	CultureMech:015427	ird_marine_clostridia_medium_2	4	2	1	137	137	group spans multiple category directories	Same ingredient identity signature but concentration signature differs from parent.
cf2daf491f2474de	PROPOSED	MEDIUM	CONCENTRATION_VARIANT	data/normalized_yaml/bacterial/mg_medium.yaml	CultureMech:005888	mg_medium	data/normalized_yaml/archaea/methanohalophilus_mg_medium.yaml	CultureMech:000269	methanohalophilus_mg_medium	4	2	1	139	139	group spans multiple category directories	Same ingredient identity signature but concentration signature differs from parent.
cf2daf491f2474de	PROPOSED	MEDIUM	SALINITY_VARIANT	data/normalized_yaml/bacterial/mg_medium.yaml	CultureMech:005888	mg_medium	data/normalized_yaml/archaea/methanohalophilus_mg_nacl_medium.yaml	CultureMech:000270	methanohalophilus_mg_nacl_medium	4	2	1	139	139	group spans multiple category directories	Name suggests salt/salinity change; verify concentration delta against source.
cf2daf491f2474de	PROPOSED	MEDIUM	SOURCE_DUPLICATE	data/normalized_yaml/bacterial/mg_medium.yaml	CultureMech:005888	mg_medium	data/normalized_yaml/bacterial/for_dsm_5700_dsm_5701_dsm_5702_dsm_5703_and_dsm_5814.yaml	CultureMech:005887	for_dsm_5700_dsm_5701_dsm_5702_dsm_5703_and_dsm_5814	4	2	1	139	139	group spans multiple category directories	Same ingredient and concentration signature; review as possible duplicate source record.
1119f690ec43d7ae	PROPOSED	MEDIUM	DERIVED_FROM	data/normalized_yaml/bacterial/yeast_peptone_succinate_medium.yaml	CultureMech:006959	yeast_peptone_succinate_medium	data/normalized_yaml/fungal/yeast_peptone_succinate_medium.yaml	CultureMech:010484	yeast_peptone_succinate_medium	4	1	1	115	115	group spans multiple category directories	Candidate child formulation requires source/formulation review.
a174ef2afef4dd8a	PROPOSED	MEDIUM	CONCENTRATION_VARIANT	data/normalized_yaml/archaea/TOGO_M2294_Halopiger_Medium.yaml	CultureMech:008880	halopiger_medium	data/normalized_yaml/bacterial/TOGO_M629_SW-20_Medium.yaml	CultureMech:010029	sw_20_medium	3	3	1	145	138	group spans multiple category directories	Same ingredient identity signature but concentration signature differs from parent.
a174ef2afef4dd8a	PROPOSED	MEDIUM	CONCENTRATION_VARIANT	data/normalized_yaml/archaea/TOGO_M2294_Halopiger_Medium.yaml	CultureMech:008880	halopiger_medium	data/normalized_yaml/bacterial/TOGO_M831_SW-10_Medium.yaml	CultureMech:010245	sw_10_medium	3	3	1	145	138	group spans multiple category directories	Same ingredient identity signature but concentration signature differs from parent.
23e9bae9f6e945f8	PROPOSED	MEDIUM	DERIVED_FROM	data/normalized_yaml/bacterial/JCM_J464_HP_101_HALOPHILE_MEDIUM.yaml	CultureMech:000299	hp_101_halophile_medium	data/normalized_yaml/archaea/hp_101_halophile_medium.yaml	CultureMech:000275	hp_101_halophile_medium	3	1	1	133	123	group spans multiple category directories	Candidate child formulation requires source/formulation review.
23e9bae9f6e945f8	PROPOSED	MEDIUM	DERIVED_FROM	data/normalized_yaml/bacterial/JCM_J464_HP_101_HALOPHILE_MEDIUM.yaml	CultureMech:000299	hp_101_halophile_medium	data/normalized_yaml/bacterial/hp_101_halophile_medium.yaml	CultureMech:006131	hp_101_halophile_medium	3	1	1	133	123	group spans multiple category directories	Candidate child formulation requires source/formulation review.
013f8655b908ef4f	PROPOSED	MEDIUM	CONCENTRATION_VARIANT	data/normalized_yaml/bacterial/KOMODO_1221_SALISAETA_LONGA_medium.yaml	CultureMech:003974	salisaeta_longa_medium	data/normalized_yaml/archaea/halobaculum_medium.yaml	CultureMech:002587	halobaculum_medium	3	2	1	137	127	group spans multiple category directories	Same ingredient identity signature but concentration signature differs from parent.
e27dff1913cc36f0	PROPOSED	MEDIUM	CONCENTRATION_VARIANT	data/normalized_yaml/bacterial/KOMODO_129_POTATO_DEXTROSE_AGAR.yaml	CultureMech:004047	potato_dextrose_agar	data/normalized_yaml/bacterial/potato_dextrose_agar.yaml	CultureMech:002667	potato_dextrose_agar	3	2	1	133	123	group spans multiple category directories	Same ingredient identity signature but concentration signature differs from parent.
2b846b000675be94	PROPOSED	MEDIUM	SUPPLEMENTED_VARIANT	data/normalized_yaml/bacterial/TOGO_M573_Yeast_Extract-Malt_Extract_Agar_ISP-2_With_Artificial_Seawater.yaml	CultureMech:009969	yeast_extract_malt_extract_agar_isp_2_with_artificial_seawater	data/normalized_yaml/bacterial/yeast_extract_malt_extract_agar_isp_2_with_artificial_seawater.yaml	CultureMech:008374	yeast_extract_malt_extract_agar_isp_2_with_artificial_seawater	3	1	1	120	110	group spans multiple category directories	Name suggests added supplement/component; verify ingredient delta against source.
b1aa4dcc250fa795	PROPOSED	MEDIUM	CONCENTRATION_VARIANT	data/normalized_yaml/bacterial/TOGO_M682_Distilled_Water.yaml	CultureMech:010087	distilled_water	data/normalized_yaml/bacterial/distilled_water.yaml	CultureMech:003010	distilled_water	3	3	1	150	120	group spans multiple category directories	Same ingredient identity signature but concentration signature differs from parent.
b1aa4dcc250fa795	PROPOSED	MEDIUM	CONCENTRATION_VARIANT	data/normalized_yaml/bacterial/TOGO_M682_Distilled_Water.yaml	CultureMech:010087	distilled_water	data/normalized_yaml/specialized/water.yaml	CultureMech:015786	Water	3	3	1	150	80	group spans multiple category directories	Same ingredient identity signature but concentration signature differs from parent.
c616d180f58274dd	PROPOSED	MEDIUM	SOURCE_DUPLICATE	data/normalized_yaml/bacterial/anaerobic_thauera_medium.yaml	CultureMech:004072	anaerobic_thauera_medium	data/normalized_yaml/bacterial/for_strains_dsm_12138_12139_12140_and_12143.yaml	CultureMech:004071	for_strains_dsm_12138_12139_12140_and_12143	3	1	1	139	99	group spans multiple category directories	Same ingredient and concentration signature; review as possible duplicate source record.
c616d180f58274dd	PROPOSED	MEDIUM	DERIVED_FROM	data/normalized_yaml/bacterial/anaerobic_thauera_medium.yaml	CultureMech:004072	anaerobic_thauera_medium	data/normalized_yaml/specialized/anaerobic_thauera_medium.yaml	CultureMech:015338	anaerobic_thauera_medium	3	1	1	139	139	group spans multiple category directories	Candidate child formulation requires source/formulation review.
31313daad1766317	PROPOSED	MEDIUM	SOURCE_DUPLICATE	data/normalized_yaml/bacterial/for_dsm_1974.yaml	CultureMech:004103	for_dsm_1974	data/normalized_yaml/bacterial/medium_135_modified_for_dsm_7417.yaml	CultureMech:004105	medium_135_modified_for_dsm_7417	3	1	1	138	138	group spans multiple category directories	Same ingredient and concentration signature; review as possible duplicate source record.
7d50ab3f2152d1a4	PROPOSED	MEDIUM	SOURCE_DUPLICATE	data/normalized_yaml/bacterial/fuf_medium.yaml	CultureMech:005006	fuf_medium	data/normalized_yaml/archaea/methanosarcina_bcyt_medium.yaml	CultureMech:005005	methanosarcina_bcyt_medium	3	1	1	136	136	group spans multiple category directories	Same ingredient and concentration signature; review as possible duplicate source record.
7d50ab3f2152d1a4	PROPOSED	MEDIUM	SOURCE_DUPLICATE	data/normalized_yaml/bacterial/fuf_medium.yaml	CultureMech:005006	fuf_medium	data/normalized_yaml/archaea/methanosarcina_thermophila_bcyt_medium.yaml	CultureMech:000260	methanosarcina_thermophila_bcyt_medium	3	1	1	136	136	group spans multiple category directories	Same ingredient and concentration signature; review as possible duplicate source record.
1c7724920425ddd2	PROPOSED	MEDIUM	SOURCE_DUPLICATE	data/normalized_yaml/bacterial/medium_1190_modified_for_dsm_19497.yaml	CultureMech:003925	medium_1190_modified_for_dsm_19497	data/normalized_yaml/bacterial/medium_1190_modified_for_dsm_19514.yaml	CultureMech:003926	medium_1190_modified_for_dsm_19514	3	1	1	134	134	group spans multiple category directories	Same ingredient and concentration signature; review as possible duplicate source record.
1c7724920425ddd2	PROPOSED	MEDIUM	SUPPLEMENTED_VARIANT	data/normalized_yaml/bacterial/medium_1190_modified_for_dsm_19497.yaml	CultureMech:003925	medium_1190_modified_for_dsm_19497	data/normalized_yaml/fungal/ferrous_sulfate_yeast_extract_medium.yaml	CultureMech:010443	ferrous_sulfate_yeast_extract_medium	3	1	1	134	134	group spans multiple category directories	Name suggests added supplement/component; verify ingredient delta against source.
fe4f38daad6286e9	PROPOSED	MEDIUM	SUPPLEMENTED_VARIANT	data/normalized_yaml/fungal/tryptone_yeast_extract_agar.yaml	CultureMech:010506	tryptone_yeast_extract_agar	data/normalized_yaml/bacterial/tryptone_yeast_extract_agar_tyg.yaml	CultureMech:006280	tryptone_yeast_extract_agar_tyg	3	2	1	115	115	group spans multiple category directories	Name suggests added supplement/component; verify ingredient delta against source.
fe4f38daad6286e9	PROPOSED	MEDIUM	SUPPLEMENTED_VARIANT	data/normalized_yaml/fungal/tryptone_yeast_extract_agar.yaml	CultureMech:010506	tryptone_yeast_extract_agar	data/normalized_yaml/fungal/tryptone_yeast_extract_agar_tyg.yaml	CultureMech:010474	tryptone_yeast_extract_agar_tyg	3	2	1	115	115	group spans multiple category directories	Name suggests added supplement/component; verify ingredient delta against source.
dd111f70faa29ce4	PROPOSED	MEDIUM	SUPPLEMENTED_VARIANT	data/normalized_yaml/specialized/marines_planctomyces_medium.yaml	CultureMech:015343	marines_planctomyces_medium	data/normalized_yaml/bacterial/planctomyces_medium_with_double_concentrated_artifical_sea_water.yaml	CultureMech:001037	planctomyces_medium_with_double_concentrated_artifical_sea_water	3	3	1	135	135	group spans multiple category directories	Name suggests added supplement/component; verify ingredient delta against source.
dd111f70faa29ce4	PROPOSED	MEDIUM	CONCENTRATION_VARIANT	data/normalized_yaml/specialized/marines_planctomyces_medium.yaml	CultureMech:015343	marines_planctomyces_medium	data/normalized_yaml/specialized/marines_planctomyces_medium_modified_i.yaml	CultureMech:015345	marines_planctomyces_medium_modified_i	3	3	1	135	135	group spans multiple category directories	Same ingredient identity signature but concentration signature differs from parent.
2b4489866d75ee5a	PROPOSED	MEDIUM	CONCENTRATION_VARIANT	data/normalized_yaml/archaea/TOGO_M2375_Haloquadratum_Walsbyi_Medium.yaml	CultureMech:008959	haloquadratum_walsbyi_medium	data/normalized_yaml/bacterial/artificial_seawater_for_halophiles.yaml	CultureMech:009844	artificial_seawater_for_halophiles	2	2	1	146	132	group spans multiple category directories	Same ingredient identity signature but concentration signature differs from parent.
e717519f064f0467	PROPOSED	MEDIUM	SOURCE_DUPLICATE	data/normalized_yaml/archaea/aeropyrum_jxt_medium.yaml	CultureMech:006547	aeropyrum_jxt_medium	data/normalized_yaml/bacterial/medium_820_modified_for_dsm_16960.yaml	CultureMech:006546	medium_820_modified_for_dsm_16960	2	1	1	135	135	group spans multiple category directories	Same ingredient and concentration signature; review as possible duplicate source record.
20b23ca5eda765b9	PROPOSED	MEDIUM	DERIVED_FROM	data/normalized_yaml/archaea/alkalophilic_halophile_medium.yaml	CultureMech:000255	alkalophilic_halophile_medium	data/normalized_yaml/bacterial/alkalophilic_halophile_medium.yaml	CultureMech:004157	alkalophilic_halophile_medium	2	1	1	130	130	group spans multiple category directories	Candidate child formulation requires source/formulation review.
6ae98e13d5de97af	PROPOSED	MEDIUM	SALINITY_VARIANT	data/normalized_yaml/archaea/haloarcula_medium_nt.yaml	CultureMech:001026	haloarcula_medium_nt	data/normalized_yaml/bacterial/yeast_extract_broth_containing_2_5_nacl.yaml	CultureMech:008996	yeast_extract_broth_containing_2_5_nacl	2	2	1	130	130	group spans multiple category directories	Name suggests salt/salinity change; verify concentration delta against source.
6735a385689c3b0d	PROPOSED	MEDIUM	DERIVED_FROM	data/normalized_yaml/archaea/halophile_medium.yaml	CultureMech:000276	halophile_medium	data/normalized_yaml/bacterial/halophile_medium.yaml	CultureMech:006229	halophile_medium	2	1	1	132	132	group spans multiple category directories	Candidate child formulation requires source/formulation review.
37320a602bdf07db	PROPOSED	MEDIUM	DERIVED_FROM	data/normalized_yaml/archaea/halophilic_medium.yaml	CultureMech:000247	halophilic_medium	data/normalized_yaml/bacterial/halophilic_medium.yaml	CultureMech:003829	halophilic_medium	2	1	1	135	135	group spans multiple category directories	Candidate child formulation requires source/formulation review.
279e6b56ab93a996	PROPOSED	MEDIUM	DERIVED_FROM	data/normalized_yaml/archaea/medium_for_aciduric_thermophilic_bacillus_strains.yaml	CultureMech:000277	medium_for_aciduric_thermophilic_bacillus_strains	data/normalized_yaml/bacterial/medium_for_aciduric_thermophilic_bacillus_strains.yaml	CultureMech:006270	medium_for_aciduric_thermophilic_bacillus_strains	2	1	1	129	129	group spans multiple category directories	Candidate child formulation requires source/formulation review.
a8c55aa80b5bbd61	PROPOSED	MEDIUM	SUPPLEMENTED_VARIANT	data/normalized_yaml/bacterial/1_10_r2a_medium_modified.yaml	CultureMech:000826	1_10_r2a_medium_modified	data/normalized_yaml/fungal/1_10_r2a_medium_modified_yeast_extract.yaml	CultureMech:010448	1_10_r2a_medium_modified_yeast_extract	2	2	1	118	118	group spans multiple category directories	Name suggests added supplement/component; verify ingredient delta against source.
805a313ee46d9fcf	PROPOSED	MEDIUM	DERIVED_FROM	data/normalized_yaml/bacterial/anaerobic_cholesterol_medium.yaml	CultureMech:006675	anaerobic_cholesterol_medium	data/normalized_yaml/specialized/anaerobic_cholesterol_medium.yaml	CultureMech:015368	anaerobic_cholesterol_medium	2	1	1	139	139	group spans multiple category directories	Candidate child formulation requires source/formulation review.
2b7866070b2cd52b	PROPOSED	MEDIUM	SUPPLEMENTED_VARIANT	data/normalized_yaml/bacterial/bl_with_0_5_maltose.yaml	CultureMech:009801	bl_with_0_5_maltose	data/normalized_yaml/fungal/bl_with_0_5_maltose.yaml	CultureMech:010526	bl_with_0_5_maltose	2	1	1	115	115	group spans multiple category directories	Name suggests added supplement/component; verify ingredient delta against source.
c26d8e8d7eb2d664	PROPOSED	MEDIUM	SALINITY_VARIANT	data/normalized_yaml/bacterial/brewer_anaerobic_agar_with_2_nacl.yaml	CultureMech:010090	brewer_anaerobic_agar_with_2_nacl	data/normalized_yaml/specialized/brewer_anaerobic_agar_with_2_nacl.yaml	CultureMech:015412	brewer_anaerobic_agar_with_2_nacl	2	2	1	123	123	group spans multiple category directories	Name suggests salt/salinity change; verify concentration delta against source.
6b46dd16b6a0d095	PROPOSED	MEDIUM	DERIVED_FROM	data/normalized_yaml/bacterial/ch.yaml	CultureMech:000330	ch	data/normalized_yaml/algae/ch.yaml	CultureMech:000059	ch	2	1	1	118	88	group spans multiple category directories	Candidate child formulation requires source/formulation review.
1e07d0882b414304	PROPOSED	MEDIUM	DERIVED_FROM	data/normalized_yaml/bacterial/czapek_peptone_agar.yaml	CultureMech:006636	czapek_peptone_agar	data/normalized_yaml/fungal/czapek_peptone_agar.yaml	CultureMech:010479	czapek_peptone_agar	2	1	1	129	129	group spans multiple category directories	Candidate child formulation requires source/formulation review.
0caec24f770b9770	PROPOSED	MEDIUM	CONCENTRATION_VARIANT	data/normalized_yaml/bacterial/diluted_marine_agar.yaml	CultureMech:010060	diluted_marine_agar	data/normalized_yaml/specialized/diluted_marine_agar.yaml	CultureMech:015411	diluted_marine_agar	2	2	1	115	115	group spans multiple category directories	Same ingredient identity signature but concentration signature differs from parent.
d107f62c034703b4	PROPOSED	MEDIUM	SUPPLEMENTED_VARIANT	data/normalized_yaml/bacterial/emersons_yeast_starch_agar_eys.yaml	CultureMech:006000	emersons_yeast_starch_agar_eys	data/normalized_yaml/fungal/emersons_yeast_starch_agar_eys.yaml	CultureMech:010470	emersons_yeast_starch_agar_eys	2	1	1	130	130	group spans multiple category directories	Name suggests added supplement/component; verify ingredient delta against source.
397534dd3440ce4d	PROPOSED	MEDIUM	CONCENTRATION_VARIANT	data/normalized_yaml/bacterial/half_strength_marine_agar.yaml	CultureMech:010387	half_strength_marine_agar	data/normalized_yaml/specialized/half_strength_marine_agar.yaml	CultureMech:015425	half_strength_marine_agar	2	2	1	123	123	group spans multiple category directories	Same ingredient identity signature but concentration signature differs from parent.
85ebf99a94695e61	PROPOSED	MEDIUM	SALINITY_VARIANT	data/normalized_yaml/bacterial/half_strength_marine_medium_with_1_0_nacl.yaml	CultureMech:010197	half_strength_marine_medium_with_1_0_nacl	data/normalized_yaml/specialized/half_strength_marine_medium_with_1_0_nacl.yaml	CultureMech:015420	half_strength_marine_medium_with_1_0_nacl	2	2	1	123	123	group spans multiple category directories	Name suggests salt/salinity change; verify concentration delta against source.
5196f43430666248	PROPOSED	MEDIUM	SUPPLEMENTED_VARIANT	data/normalized_yaml/bacterial/isp_1_medium.yaml	CultureMech:001232	isp_1_medium	data/normalized_yaml/fungal/tryptone_yeast_extract_isp_1_agar.yaml	CultureMech:010551	tryptone_yeast_extract_isp_1_agar	2	2	1	107	107	group spans multiple category directories	Name suggests added supplement/component; verify ingredient delta against source.
94cbc37d04be4c84	PROPOSED	MEDIUM	SOURCE_DUPLICATE	data/normalized_yaml/bacterial/jcm_medium_no_242.yaml	CultureMech:002603	jcm_medium_no_242	data/normalized_yaml/archaea/modified_balchs_methanogens_medium.yaml	CultureMech:000300	modified_balchs_methanogens_medium	2	1	1	136	136	group spans multiple category directories	Same ingredient and concentration signature; review as possible duplicate source record.
0ff2c16aa2ce5d54	PROPOSED	MEDIUM	SUPPLEMENTED_VARIANT	data/normalized_yaml/bacterial/m408_medium.yaml	CultureMech:001107	m408_medium	data/normalized_yaml/fungal/yeast_extract_manitol_medium_yem.yaml	CultureMech:010457	yeast_extract_manitol_medium_yem	2	2	1	132	132	group spans multiple category directories	Name suggests added supplement/component; verify ingredient delta against source.
c5c93f5e681064f1	PROPOSED	MEDIUM	SUPPLEMENTED_VARIANT	data/normalized_yaml/bacterial/malt_extract_glucose_agar.yaml	CultureMech:006382	malt_extract_glucose_agar	data/normalized_yaml/fungal/malt_extract_glucose_agar.yaml	CultureMech:010475	malt_extract_glucose_agar	2	1	1	123	123	group spans multiple category directories	Name suggests added supplement/component; verify ingredient delta against source.
9d2c9c05ed38b127	PROPOSED	MEDIUM	DERIVED_FROM	data/normalized_yaml/bacterial/malt_extract_peptone_agar.yaml	CultureMech:006782	malt_extract_peptone_agar	data/normalized_yaml/fungal/malt_extract_peptone_agar.yaml	CultureMech:010481	malt_extract_peptone_agar	2	1	1	107	107	group spans multiple category directories	Candidate child formulation requires source/formulation review.
84ca5f2c293797d0	PROPOSED	MEDIUM	DERIVED_FROM	data/normalized_yaml/bacterial/maltextract_charcoal_medium.yaml	CultureMech:006518	maltextract_charcoal_medium	data/normalized_yaml/fungal/maltextract_charcoal_medium.yaml	CultureMech:010478	maltextract_charcoal_medium	2	1	1	123	123	group spans multiple category directories	Candidate child formulation requires source/formulation review.
480eedbebfbb652b	PROPOSED	MEDIUM	SUPPLEMENTED_VARIANT	data/normalized_yaml/bacterial/mannitol_yeast_extract_peptone_myp.yaml	CultureMech:003739	mannitol_yeast_extract_peptone_myp	data/normalized_yaml/fungal/mannitol_yeast_extract_peptone_myp.yaml	CultureMech:010442	mannitol_yeast_extract_peptone_myp	2	1	1	115	115	group spans multiple category directories	Name suggests added supplement/component; verify ingredient delta against source.
59b28f26542f479a	PROPOSED	MEDIUM	DERIVED_FROM	data/normalized_yaml/bacterial/marine_agar.yaml	CultureMech:003997	marine_agar	data/normalized_yaml/specialized/marine_agar.yaml	CultureMech:015335	marine_agar	2	1	1	133	133	group spans multiple category directories	Candidate child formulation requires source/formulation review.
a9dc77d90ebfed34	PROPOSED	MEDIUM	DERIVED_FROM	data/normalized_yaml/bacterial/marine_agar_2216.yaml	CultureMech:007629	marine_agar_2216	data/normalized_yaml/specialized/marine_agar_2216.yaml	CultureMech:015393	marine_agar_2216	2	1	1	115	115	group spans multiple category directories	Candidate child formulation requires source/formulation review.
44b50b5c020bca66	PROPOSED	MEDIUM	SUPPLEMENTED_VARIANT	data/normalized_yaml/bacterial/marine_broth_2216_with_cellobiose.yaml	CultureMech:007734	marine_broth_2216_with_cellobiose	data/normalized_yaml/specialized/marine_broth_2216_with_cellobiose.yaml	CultureMech:015385	marine_broth_2216_with_cellobiose	2	2	1	123	123	group spans multiple category directories	Name suggests added supplement/component; verify ingredient delta against source.
b8763200cb21c37a	PROPOSED	MEDIUM	SUPPLEMENTED_VARIANT	data/normalized_yaml/bacterial/marine_broth_2216_with_pyruvate.yaml	CultureMech:007874	marine_broth_2216_with_pyruvate	data/normalized_yaml/specialized/marine_broth_2216_with_pyruvate.yaml	CultureMech:015395	marine_broth_2216_with_pyruvate	2	1	1	115	115	group spans multiple category directories	Name suggests added supplement/component; verify ingredient delta against source.
fe685b0fe044c153	PROPOSED	MEDIUM	DERIVED_FROM	data/normalized_yaml/bacterial/marine_caulobacter_medium.yaml	CultureMech:006089	marine_caulobacter_medium	data/normalized_yaml/specialized/marine_caulobacter_medium.yaml	CultureMech:015363	marine_caulobacter_medium	2	1	1	90	90	group spans multiple category directories	Candidate child formulation requires source/formulation review.
22d9e7b32f98f2ef	PROPOSED	MEDIUM	SUPPLEMENTED_VARIANT	data/normalized_yaml/bacterial/marine_medium_with_pyruvate.yaml	CultureMech:004058	marine_medium_with_pyruvate	data/normalized_yaml/specialized/marine_medium_with_pyruvate.yaml	CultureMech:015336	marine_medium_with_pyruvate	2	1	1	135	135	group spans multiple category directories	Name suggests added supplement/component; verify ingredient delta against source.
86e0c9813ada9c36	PROPOSED	MEDIUM	CONCENTRATION_VARIANT	data/normalized_yaml/bacterial/medium_514_plus_additional_salt.yaml	CultureMech:001646	medium_514_plus_additional_salt	data/normalized_yaml/specialized/half_strength_bacto_marine_broth.yaml	CultureMech:015358	half_strength_bacto_marine_broth	2	2	1	134	134	group spans multiple category directories	Same ingredient identity signature but concentration signature differs from parent.
bd69563caeeb397d	PROPOSED	MEDIUM	DERIVED_FROM	data/normalized_yaml/bacterial/medium_for_marine_methylotrophs.yaml	CultureMech:006402	medium_for_marine_methylotrophs	data/normalized_yaml/specialized/medium_for_marine_methylotrophs.yaml	CultureMech:015366	medium_for_marine_methylotrophs	2	1	1	125	125	group spans multiple category directories	Candidate child formulation requires source/formulation review.
8779e5184c4b39a3	PROPOSED	MEDIUM	DERIVED_FROM	data/normalized_yaml/bacterial/merds.yaml	CultureMech:000364	merds	data/normalized_yaml/algae/merds.yaml	CultureMech:000089	merds	2	1	1	107	77	group spans multiple category directories	Candidate child formulation requires source/formulation review.
ff6b3b589175cef7	PROPOSED	MEDIUM	CONCENTRATION_VARIANT	data/normalized_yaml/bacterial/ms_sulf_medium.yaml	CultureMech:002479	ms_sulf_medium	data/normalized_yaml/archaea/methanogen_ms_i_medium.yaml	CultureMech:000293	methanogen_ms_i_medium	2	2	1	139	139	group spans multiple category directories	Same ingredient identity signature but concentration signature differs from parent.
f09ec87e331c89fd	PROPOSED	MEDIUM	DERIVED_FROM	data/normalized_yaml/bacterial/mw.yaml	CultureMech:000369	mw	data/normalized_yaml/algae/mw.yaml	CultureMech:000093	mw	2	1	1	90	60	group spans multiple category directories	Candidate child formulation requires source/formulation review.
a438834a8af88590	PROPOSED	MEDIUM	DERIVED_FROM	data/normalized_yaml/bacterial/n75s.yaml	CultureMech:000373	n75s	data/normalized_yaml/algae/n75s.yaml	CultureMech:000097	n75s	2	1	1	107	77	group spans multiple category directories	Candidate child formulation requires source/formulation review.
a7badcf8f8d816ec	PROPOSED	MEDIUM	DERIVED_FROM	data/normalized_yaml/bacterial/nss_low.yaml	CultureMech:000383	nss_low	data/normalized_yaml/algae/nss_low.yaml	CultureMech:000107	nss_low	2	1	1	127	97	group spans multiple category directories	Candidate child formulation requires source/formulation review.
3c28c1b82fcb8280	PROPOSED	MEDIUM	SUPPLEMENTED_VARIANT	data/normalized_yaml/bacterial/oat_flakes_agar_with_yeast_extract.yaml	CultureMech:004620	oat_flakes_agar_with_yeast_extract	data/normalized_yaml/fungal/oat_flakes_agar_with_yeast_extract.yaml	CultureMech:010466	oat_flakes_agar_with_yeast_extract	2	1	1	118	118	group spans multiple category directories	Name suggests added supplement/component; verify ingredient delta against source.
a624bc2e37bd8a84	PROPOSED	MEDIUM	SUPPLEMENTED_VARIANT	data/normalized_yaml/bacterial/peptone_yeast_medium_with_mgso4.yaml	CultureMech:006497	peptone_yeast_medium_with_mgso4	data/normalized_yaml/fungal/peptone_yeast_medium_with_mgso4.yaml	CultureMech:010477	peptone_yeast_medium_with_mgso4	2	1	1	115	115	group spans multiple category directories	Name suggests added supplement/component; verify ingredient delta against source.
23b53425c7aea5e3	PROPOSED	MEDIUM	SUPPLEMENTED_VARIANT	data/normalized_yaml/bacterial/pfennigs_medium_i_with_yeast_extract.yaml	CultureMech:005189	pfennigs_medium_i_with_yeast_extract	data/normalized_yaml/fungal/pfennigs_medium_i_with_yeast_extract.yaml	CultureMech:010468	pfennigs_medium_i_with_yeast_extract	2	1	1	136	136	group spans multiple category directories	Name suggests added supplement/component; verify ingredient delta against source.
e9144a82f80f00ca	PROPOSED	MEDIUM	CONCENTRATION_VARIANT	data/normalized_yaml/bacterial/phosphate_buffered_saline_ph_7_4.yaml	CultureMech:003233	phosphate_buffered_saline_ph_7_4	data/normalized_yaml/specialized/pbs.yaml	CultureMech:015675	PBS	2	2	1	140	80	group spans multiple category directories	Same ingredient identity signature but concentration signature differs from parent.
cab8527873d4ff17	PROPOSED	MEDIUM	CONCENTRATION_VARIANT	data/normalized_yaml/bacterial/quarter_strength_marine_broth_2216.yaml	CultureMech:007635	quarter_strength_marine_broth_2216	data/normalized_yaml/specialized/quarter_strength_marine_broth_2216.yaml	CultureMech:015375	quarter_strength_marine_broth_2216	2	2	1	115	115	group spans multiple category directories	Same ingredient identity signature but concentration signature differs from parent.
bc9656ea3052daf0	PROPOSED	MEDIUM	DERIVED_FROM	data/normalized_yaml/bacterial/r75s.yaml	CultureMech:000401	r75s	data/normalized_yaml/algae/r75s.yaml	CultureMech:000118	r75s	2	1	1	107	77	group spans multiple category directories	Candidate child formulation requires source/formulation review.
ca5212fed9eee5c0	PROPOSED	MEDIUM	DERIVED_FROM	data/normalized_yaml/bacterial/s77_vitamins.yaml	CultureMech:000309	s77_vitamins	data/normalized_yaml/algae/s77_vitamins.yaml	CultureMech:000125	s77_vitamins	2	1	1	118	88	group spans multiple category directories	Candidate child formulation requires source/formulation review.
33d5c77ca1734aea	PROPOSED	MEDIUM	DERIVED_FROM	data/normalized_yaml/bacterial/s88_vitamins.yaml	CultureMech:000310	s88_vitamins	data/normalized_yaml/algae/s88_vitamins.yaml	CultureMech:000126	s88_vitamins	2	1	1	120	90	group spans multiple category directories	Candidate child formulation requires source/formulation review.
fbfcec683cfa7341	PROPOSED	MEDIUM	SUPPLEMENTED_VARIANT	data/normalized_yaml/bacterial/sabouraud_glucose_medium.yaml	CultureMech:004154	sabouraud_glucose_medium	data/normalized_yaml/fungal/sabouraud_glucose_medium.yaml	CultureMech:010453	sabouraud_glucose_medium	2	1	1	123	123	group spans multiple category directories	Name suggests added supplement/component; verify ingredient delta against source.
c29b5b186537d55a	PROPOSED	MEDIUM	DERIVED_FROM	data/normalized_yaml/bacterial/sea_water_yeast_peptone_medium.yaml	CultureMech:006887	sea_water_yeast_peptone_medium	data/normalized_yaml/fungal/sea_water_yeast_peptone_medium.yaml	CultureMech:010483	sea_water_yeast_peptone_medium	2	1	1	123	123	group spans multiple category directories	Candidate child formulation requires source/formulation review.
e330c5c65b0c6c27	PROPOSED	MEDIUM	DERIVED_FROM	data/normalized_yaml/bacterial/seawater_yeast_peptone_agar.yaml	CultureMech:004615	seawater_yeast_peptone_agar	data/normalized_yaml/fungal/seawater_yeast_peptone_agar.yaml	CultureMech:010465	seawater_yeast_peptone_agar	2	1	1	125	125	group spans multiple category directories	Candidate child formulation requires source/formulation review.
2e5013def42bca56	PROPOSED	MEDIUM	DERIVED_FROM	data/normalized_yaml/bacterial/ses.yaml	CultureMech:000407	ses	data/normalized_yaml/algae/ses.yaml	CultureMech:000130	ses	2	1	1	115	85	group spans multiple category directories	Candidate child formulation requires source/formulation review.
49afd8f13d26309f	PROPOSED	MEDIUM	SOURCE_DUPLICATE	data/normalized_yaml/bacterial/sf1_medium.yaml	CultureMech:005061	sf1_medium	data/normalized_yaml/archaea/methanohalophilus_portucalensis_medium.yaml	CultureMech:000262	methanohalophilus_portucalensis_medium	2	1	1	136	136	group spans multiple category directories	Same ingredient and concentration signature; review as possible duplicate source record.
a9e35b3a36471cc4	PROPOSED	MEDIUM	DERIVED_FROM	data/normalized_yaml/bacterial/standard_i_malt_agar.yaml	CultureMech:006156	standard_i_malt_agar	data/normalized_yaml/fungal/standard_i_malt_agar.yaml	CultureMech:010472	standard_i_malt_agar	2	1	1	115	115	group spans multiple category directories	Candidate child formulation requires source/formulation review.
7aed8c32b053f9c0	PROPOSED	MEDIUM	SUPPLEMENTED_VARIANT	data/normalized_yaml/bacterial/tryptone_yeast_extract_mineral_medium.yaml	CultureMech:004583	tryptone_yeast_extract_mineral_medium	data/normalized_yaml/fungal/tryptone_yeast_extract_mineral_medium.yaml	CultureMech:010464	tryptone_yeast_extract_mineral_medium	2	1	1	131	131	group spans multiple category directories	Name suggests added supplement/component; verify ingredient delta against source.
fa5cb34e75703609	PROPOSED	MEDIUM	SUPPLEMENTED_VARIANT	data/normalized_yaml/bacterial/yeast_extract_mineral_medium.yaml	CultureMech:004662	yeast_extract_mineral_medium	data/normalized_yaml/fungal/yeast_extract_mineral_medium.yaml	CultureMech:010467	yeast_extract_mineral_medium	2	1	1	132	132	group spans multiple category directories	Name suggests added supplement/component; verify ingredient delta against source.
4af47e67bf3f399c	PROPOSED	MEDIUM	SUPPLEMENTED_VARIANT	data/normalized_yaml/bacterial/yeast_extract_skim_milk_medium.yaml	CultureMech:004197	yeast_extract_skim_milk_medium	data/normalized_yaml/fungal/yeast_extract_skim_milk_medium.yaml	CultureMech:010459	yeast_extract_skim_milk_medium	2	1	1	115	115	group spans multiple category directories	Name suggests added supplement/component; verify ingredient delta against source.
fc5c78ad020f02bb	PROPOSED	MEDIUM	SUPPLEMENTED_VARIANT	data/normalized_yaml/bacterial/yeast_extract_starch_agar_50_marine_water.yaml	CultureMech:004028	yeast_extract_starch_agar_50_marine_water	data/normalized_yaml/fungal/yeast_extract_starch_agar_50_marine_water.yaml	CultureMech:010444	yeast_extract_starch_agar_50_marine_water	2	1	1	115	115	group spans multiple category directories	Name suggests added supplement/component; verify ingredient delta against source.
a08c48b15a7c42e1	PROPOSED	MEDIUM	DERIVED_FROM	data/normalized_yaml/bacterial/yel.yaml	CultureMech:000314	yel	data/normalized_yaml/algae/yel.yaml	CultureMech:000144	yel	2	1	1	107	77	group spans multiple category directories	Candidate child formulation requires source/formulation review.
cac133df90b305c6	PROPOSED	MEDIUM	CONCENTRATION_VARIANT	data/normalized_yaml/fungal/malt_extract_agar.yaml	CultureMech:010520	malt_extract_agar	data/normalized_yaml/bacterial/aspergillus_complete_medium.yaml	CultureMech:002307	aspergillus_complete_medium	2	2	1	115	115	group spans multiple category directories	Same ingredient identity signature but concentration signature differs from parent.
0f670d57dd09c54c	PROPOSED	MEDIUM	SOURCE_DUPLICATE	data/normalized_yaml/specialized/anaerobic_tyecas_medium.yaml	CultureMech:015422	anaerobic_tyecas_medium	data/normalized_yaml/bacterial/sporolituus_thermophilus_medium.yaml	CultureMech:000303	sporolituus_thermophilus_medium	2	1	1	137	137	group spans multiple category directories	Same ingredient and concentration signature; review as possible duplicate source record.
c89cc3631428171b	PROPOSED	MEDIUM	CONCENTRATION_VARIANT	data/normalized_yaml/specialized/artficial_marine_water_medium.yaml	CultureMech:015384	artficial_marine_water_medium	data/normalized_yaml/bacterial/artficial_brackish_water_medium.yaml	CultureMech:002296	artficial_brackish_water_medium	2	2	1	135	135	group spans multiple category directories	Same ingredient identity signature but concentration signature differs from parent.
efd5df0fdc3ffc13	PROPOSED	MEDIUM	CONCENTRATION_VARIANT	data/normalized_yaml/specialized/dinomm_nocarbon.yaml	CultureMech:015512	DinoMM noCarbon	data/normalized_yaml/bacterial/dinomm_nocarbon_highnutrient.yaml	CultureMech:015459	DinoMM noCarbon HighNutrient	2	2	1	79	79	group spans multiple category directories	Same ingredient identity signature but concentration signature differs from parent.
118016881c04fe32	PROPOSED	MEDIUM	CONCENTRATION_VARIANT	data/normalized_yaml/specialized/dinomm_nonitrogen.yaml	CultureMech:015513	DinoMM noNitrogen	data/normalized_yaml/bacterial/dinomm_nonitrogen_highnutrient.yaml	CultureMech:015461	DinoMM noNitrogen HighNutrient	2	2	1	79	79	group spans multiple category directories	Same ingredient identity signature but concentration signature differs from parent.
c9763ad3915e4c56	REVIEW_REQUIRED	LOW	CONCENTRATION_VARIANT	data/normalized_yaml/bacterial/fwm_medium.yaml	CultureMech:005678	fwm_medium	data/normalized_yaml/bacterial/for_dsm_12881.yaml	CultureMech:005690	for_dsm_12881	33	4	1	136	136	missing concentration objects present; group spans multiple category directories	Same ingredient identity signature but concentration signature differs from parent.
c9763ad3915e4c56	REVIEW_REQUIRED	LOW	CONCENTRATION_VARIANT	data/normalized_yaml/bacterial/fwm_medium.yaml	CultureMech:005678	fwm_medium	data/normalized_yaml/bacterial/for_dsm_13326.yaml	CultureMech:005684	for_dsm_13326	33	4	1	136	116	missing concentration objects present; group spans multiple category directories	Same ingredient identity signature but concentration signature differs from parent.
c9763ad3915e4c56	REVIEW_REQUIRED	LOW	CONCENTRATION_VARIANT	data/normalized_yaml/bacterial/fwm_medium.yaml	CultureMech:005678	fwm_medium	data/normalized_yaml/bacterial/for_dsm_13327.yaml	CultureMech:005685	for_dsm_13327	33	4	1	136	116	missing concentration objects present; group spans multiple category directories	Same ingredient identity signature but concentration signature differs from parent.
c9763ad3915e4c56	REVIEW_REQUIRED	LOW	CONCENTRATION_VARIANT	data/normalized_yaml/bacterial/fwm_medium.yaml	CultureMech:005678	fwm_medium	data/normalized_yaml/bacterial/for_dsm_13687.yaml	CultureMech:005691	for_dsm_13687	33	4	1	136	136	missing concentration objects present; group spans multiple category directories	Same ingredient identity signature but concentration signature differs from parent.
c9763ad3915e4c56	REVIEW_REQUIRED	LOW	CONCENTRATION_VARIANT	data/normalized_yaml/bacterial/fwm_medium.yaml	CultureMech:005678	fwm_medium	data/normalized_yaml/bacterial/for_dsm_19335.yaml	CultureMech:005692	for_dsm_19335	33	4	1	136	136	missing concentration objects present; group spans multiple category directories	Same ingredient identity signature but concentration signature differs from parent.
c9763ad3915e4c56	REVIEW_REQUIRED	LOW	CONCENTRATION_VARIANT	data/normalized_yaml/bacterial/fwm_medium.yaml	CultureMech:005678	fwm_medium	data/normalized_yaml/bacterial/for_dsm_5848.yaml	CultureMech:005687	for_dsm_5848	33	4	1	136	136	missing concentration objects present; group spans multiple category directories	Same ingredient identity signature but concentration signature differs from parent.
c9763ad3915e4c56	REVIEW_REQUIRED	LOW	CONCENTRATION_VARIANT	data/normalized_yaml/bacterial/fwm_medium.yaml	CultureMech:005678	fwm_medium	data/normalized_yaml/bacterial/for_dsm_6233.yaml	CultureMech:005688	for_dsm_6233	33	4	1	136	136	missing concentration objects present; group spans multiple category directories	Same ingredient identity signature but concentration signature differs from parent.
c9763ad3915e4c56	REVIEW_REQUIRED	LOW	CONCENTRATION_VARIANT	data/normalized_yaml/bacterial/fwm_medium.yaml	CultureMech:005678	fwm_medium	data/normalized_yaml/bacterial/for_dsm_9705.yaml	CultureMech:005689	for_dsm_9705	33	4	1	136	136	missing concentration objects present; group spans multiple category directories	Same ingredient identity signature but concentration signature differs from parent.
c9763ad3915e4c56	REVIEW_REQUIRED	LOW	CONCENTRATION_VARIANT	data/normalized_yaml/bacterial/fwm_medium.yaml	CultureMech:005678	fwm_medium	data/normalized_yaml/bacterial/modified_vwm_medium.yaml	CultureMech:005679	modified_vwm_medium	33	4	1	136	116	missing concentration objects present; group spans multiple category directories	Same ingredient identity signature but concentration signature differs from parent.
c9763ad3915e4c56	REVIEW_REQUIRED	LOW	CONCENTRATION_VARIANT	data/normalized_yaml/bacterial/fwm_medium.yaml	CultureMech:005678	fwm_medium	data/normalized_yaml/bacterial/swm_medium.yaml	CultureMech:005693	swm_medium	33	4	1	136	136	missing concentration objects present; group spans multiple category directories	Same ingredient identity signature but concentration signature differs from parent.
c9763ad3915e4c56	REVIEW_REQUIRED	LOW	SOURCE_DUPLICATE	data/normalized_yaml/bacterial/fwm_medium.yaml	CultureMech:005678	fwm_medium	data/normalized_yaml/bacterial/tmao3_tmpn3_medium.yaml	CultureMech:005686	tmao3_tmpn3_medium	33	4	1	136	136	missing concentration objects present; group spans multiple category directories	Same ingredient and concentration signature; review as possible duplicate source record.
c9763ad3915e4c56	REVIEW_REQUIRED	LOW	SOURCE_DUPLICATE	data/normalized_yaml/bacterial/fwm_medium.yaml	CultureMech:005678	fwm_medium	data/normalized_yaml/specialized/anaerobic_freshwater_fwm_medium.yaml	CultureMech:015355	anaerobic_freshwater_fwm_medium	33	4	1	136	136	missing concentration objects present; group spans multiple category directories	Same ingredient and concentration signature; review as possible duplicate source record.
c9763ad3915e4c56	REVIEW_REQUIRED	LOW	CONCENTRATION_VARIANT	data/normalized_yaml/bacterial/fwm_medium.yaml	CultureMech:005678	fwm_medium	data/normalized_yaml/specialized/anaerobic_seawater_swm_medium.yaml	CultureMech:015356	anaerobic_seawater_swm_medium	33	4	1	136	136	missing concentration objects present; group spans multiple category directories	Same ingredient identity signature but concentration signature differs from parent.
26443f9ac412d1a8	REVIEW_REQUIRED	LOW	SOURCE_DUPLICATE	data/normalized_yaml/specialized/zmb_als_nobiotin.yaml	CultureMech:015800	ZMB ALS noBiotin	data/normalized_yaml/specialized/zmb_als_noadenine.yaml	CultureMech:015795	ZMB ALS noAdenine	33	1	1	50	50	low component-count group	Same ingredient and concentration signature; review as possible duplicate source record.
26443f9ac412d1a8	REVIEW_REQUIRED	LOW	SOURCE_DUPLICATE	data/normalized_yaml/specialized/zmb_als_nobiotin.yaml	CultureMech:015800	ZMB ALS noBiotin	data/normalized_yaml/specialized/zmb_als_noalanine.yaml	CultureMech:015796	ZMB ALS noAlanine	33	1	1	50	50	low component-count group	Same ingredient and concentration signature; review as possible duplicate source record.
26443f9ac412d1a8	REVIEW_REQUIRED	LOW	SOURCE_DUPLICATE	data/normalized_yaml/specialized/zmb_als_nobiotin.yaml	CultureMech:015800	ZMB ALS noBiotin	data/normalized_yaml/specialized/zmb_als_noarginine.yaml	CultureMech:015797	ZMB ALS noArginine	33	1	1	50	50	low component-count group	Same ingredient and concentration signature; review as possible duplicate source record.
26443f9ac412d1a8	REVIEW_REQUIRED	LOW	SOURCE_DUPLICATE	data/normalized_yaml/specialized/zmb_als_nobiotin.yaml	CultureMech:015800	ZMB ALS noBiotin	data/normalized_yaml/specialized/zmb_als_noasparagine.yaml	CultureMech:015798	ZMB ALS noAsparagine	33	1	1	50	50	low component-count group	Same ingredient and concentration signature; review as possible duplicate source record.
26443f9ac412d1a8	REVIEW_REQUIRED	LOW	SOURCE_DUPLICATE	data/normalized_yaml/specialized/zmb_als_nobiotin.yaml	CultureMech:015800	ZMB ALS noBiotin	data/normalized_yaml/specialized/zmb_als_noasparticacid.yaml	CultureMech:015799	ZMB ALS noAsparticAcid	33	1	1	50	50	low component-count group	Same ingredient and concentration signature; review as possible duplicate source record.
26443f9ac412d1a8	REVIEW_REQUIRED	LOW	SOURCE_DUPLICATE	data/normalized_yaml/specialized/zmb_als_nobiotin.yaml	CultureMech:015800	ZMB ALS noBiotin	data/normalized_yaml/specialized/zmb_als_nocyanocobalamin.yaml	CultureMech:015801	ZMB ALS noCyanocobalamin	33	1	1	50	50	low component-count group	Same ingredient and concentration signature; review as possible duplicate source record.
26443f9ac412d1a8	REVIEW_REQUIRED	LOW	SOURCE_DUPLICATE	data/normalized_yaml/specialized/zmb_als_nobiotin.yaml	CultureMech:015800	ZMB ALS noBiotin	data/normalized_yaml/specialized/zmb_als_nocysteine.yaml	CultureMech:015802	ZMB ALS noCysteine	33	1	1	50	50	low component-count group	Same ingredient and concentration signature; review as possible duplicate source record.
26443f9ac412d1a8	REVIEW_REQUIRED	LOW	SOURCE_DUPLICATE	data/normalized_yaml/specialized/zmb_als_nobiotin.yaml	CultureMech:015800	ZMB ALS noBiotin	data/normalized_yaml/specialized/zmb_als_nocytosine.yaml	CultureMech:015803	ZMB ALS noCytosine	33	1	1	50	50	low component-count group	Same ingredient and concentration signature; review as possible duplicate source record.
26443f9ac412d1a8	REVIEW_REQUIRED	LOW	SOURCE_DUPLICATE	data/normalized_yaml/specialized/zmb_als_nobiotin.yaml	CultureMech:015800	ZMB ALS noBiotin	data/normalized_yaml/specialized/zmb_als_noglutamate.yaml	CultureMech:015804	ZMB ALS noGlutamate	33	1	1	50	50	low component-count group	Same ingredient and concentration signature; review as possible duplicate source record.
26443f9ac412d1a8	REVIEW_REQUIRED	LOW	SOURCE_DUPLICATE	data/normalized_yaml/specialized/zmb_als_nobiotin.yaml	CultureMech:015800	ZMB ALS noBiotin	data/normalized_yaml/specialized/zmb_als_noglutamine.yaml	CultureMech:015805	ZMB ALS noGlutamine	33	1	1	50	50	low component-count group	Same ingredient and concentration signature; review as possible duplicate source record.
26443f9ac412d1a8	REVIEW_REQUIRED	LOW	SOURCE_DUPLICATE	data/normalized_yaml/specialized/zmb_als_nobiotin.yaml	CultureMech:015800	ZMB ALS noBiotin	data/normalized_yaml/specialized/zmb_als_noglutathione.yaml	CultureMech:015806	ZMB ALS noGlutathione	33	1	1	50	50	low component-count group	Same ingredient and concentration signature; review as possible duplicate source record.
26443f9ac412d1a8	REVIEW_REQUIRED	LOW	SOURCE_DUPLICATE	data/normalized_yaml/specialized/zmb_als_nobiotin.yaml	CultureMech:015800	ZMB ALS noBiotin	data/normalized_yaml/specialized/zmb_als_noglycine.yaml	CultureMech:015807	ZMB ALS noGlycine	33	1	1	50	50	low component-count group	Same ingredient and concentration signature; review as possible duplicate source record.
26443f9ac412d1a8	REVIEW_REQUIRED	LOW	SOURCE_DUPLICATE	data/normalized_yaml/specialized/zmb_als_nobiotin.yaml	CultureMech:015800	ZMB ALS noBiotin	data/normalized_yaml/specialized/zmb_als_noguanine.yaml	CultureMech:015808	ZMB ALS noGuanine	33	1	1	50	50	low component-count group	Same ingredient and concentration signature; review as possible duplicate source record.
26443f9ac412d1a8	REVIEW_REQUIRED	LOW	SOURCE_DUPLICATE	data/normalized_yaml/specialized/zmb_als_nobiotin.yaml	CultureMech:015800	ZMB ALS noBiotin	data/normalized_yaml/specialized/zmb_als_nohistidine.yaml	CultureMech:015809	ZMB ALS noHistidine	33	1	1	50	50	low component-count group	Same ingredient and concentration signature; review as possible duplicate source record.
26443f9ac412d1a8	REVIEW_REQUIRED	LOW	SOURCE_DUPLICATE	data/normalized_yaml/specialized/zmb_als_nobiotin.yaml	CultureMech:015800	ZMB ALS noBiotin	data/normalized_yaml/specialized/zmb_als_noisoleucine.yaml	CultureMech:015810	ZMB ALS noIsoleucine	33	1	1	50	50	low component-count group	Same ingredient and concentration signature; review as possible duplicate source record.
26443f9ac412d1a8	REVIEW_REQUIRED	LOW	SOURCE_DUPLICATE	data/normalized_yaml/specialized/zmb_als_nobiotin.yaml	CultureMech:015800	ZMB ALS noBiotin	data/normalized_yaml/specialized/zmb_als_noleucine.yaml	CultureMech:015811	ZMB ALS noLeucine	33	1	1	50	50	low component-count group	Same ingredient and concentration signature; review as possible duplicate source record.
26443f9ac412d1a8	REVIEW_REQUIRED	LOW	SOURCE_DUPLICATE	data/normalized_yaml/specialized/zmb_als_nobiotin.yaml	CultureMech:015800	ZMB ALS noBiotin	data/normalized_yaml/specialized/zmb_als_nolipoicacid.yaml	CultureMech:015812	ZMB ALS noLipoicAcid	33	1	1	50	50	low component-count group	Same ingredient and concentration signature; review as possible duplicate source record.
26443f9ac412d1a8	REVIEW_REQUIRED	LOW	SOURCE_DUPLICATE	data/normalized_yaml/specialized/zmb_als_nobiotin.yaml	CultureMech:015800	ZMB ALS noBiotin	data/normalized_yaml/specialized/zmb_als_nolysine.yaml	CultureMech:015813	ZMB ALS noLysine	33	1	1	50	50	low component-count group	Same ingredient and concentration signature; review as possible duplicate source record.
26443f9ac412d1a8	REVIEW_REQUIRED	LOW	SOURCE_DUPLICATE	data/normalized_yaml/specialized/zmb_als_nobiotin.yaml	CultureMech:015800	ZMB ALS noBiotin	data/normalized_yaml/specialized/zmb_als_nomethionine.yaml	CultureMech:015814	ZMB ALS noMethionine	33	1	1	50	50	low component-count group	Same ingredient and concentration signature; review as possible duplicate source record.
26443f9ac412d1a8	REVIEW_REQUIRED	LOW	SOURCE_DUPLICATE	data/normalized_yaml/specialized/zmb_als_nobiotin.yaml	CultureMech:015800	ZMB ALS noBiotin	data/normalized_yaml/specialized/zmb_als_nonicotinicacic.yaml	CultureMech:015815	ZMB ALS noNicotinicAcic	33	1	1	50	50	low component-count group	Same ingredient and concentration signature; review as possible duplicate source record.
26443f9ac412d1a8	REVIEW_REQUIRED	LOW	SOURCE_DUPLICATE	data/normalized_yaml/specialized/zmb_als_nobiotin.yaml	CultureMech:015800	ZMB ALS noBiotin	data/normalized_yaml/specialized/zmb_als_nopantothenate.yaml	CultureMech:015816	ZMB ALS noPantothenate	33	1	1	50	50	low component-count group	Same ingredient and concentration signature; review as possible duplicate source record.
26443f9ac412d1a8	REVIEW_REQUIRED	LOW	SOURCE_DUPLICATE	data/normalized_yaml/specialized/zmb_als_nobiotin.yaml	CultureMech:015800	ZMB ALS noBiotin	data/normalized_yaml/specialized/zmb_als_nophenylalanine.yaml	CultureMech:015817	ZMB ALS noPhenylalanine	33	1	1	50	50	low component-count group	Same ingredient and concentration signature; review as possible duplicate source record.
26443f9ac412d1a8	REVIEW_REQUIRED	LOW	SOURCE_DUPLICATE	data/normalized_yaml/specialized/zmb_als_nobiotin.yaml	CultureMech:015800	ZMB ALS noBiotin	data/normalized_yaml/specialized/zmb_als_noproline.yaml	CultureMech:015818	ZMB ALS noProline	33	1	1	50	50	low component-count group	Same ingredient and concentration signature; review as possible duplicate source record.
26443f9ac412d1a8	REVIEW_REQUIRED	LOW	SOURCE_DUPLICATE	data/normalized_yaml/specialized/zmb_als_nobiotin.yaml	CultureMech:015800	ZMB ALS noBiotin	data/normalized_yaml/specialized/zmb_als_nopyridoxamine.yaml	CultureMech:015819	ZMB ALS noPyridoxamine	33	1	1	50	50	low component-count group	Same ingredient and concentration signature; review as possible duplicate source record.
26443f9ac412d1a8	REVIEW_REQUIRED	LOW	SOURCE_DUPLICATE	data/normalized_yaml/specialized/zmb_als_nobiotin.yaml	CultureMech:015800	ZMB ALS noBiotin	data/normalized_yaml/specialized/zmb_als_noriboflavin.yaml	CultureMech:015820	ZMB ALS noRiboflavin	33	1	1	50	50	low component-count group	Same ingredient and concentration signature; review as possible duplicate source record.
26443f9ac412d1a8	REVIEW_REQUIRED	LOW	SOURCE_DUPLICATE	data/normalized_yaml/specialized/zmb_als_nobiotin.yaml	CultureMech:015800	ZMB ALS noBiotin	data/normalized_yaml/specialized/zmb_als_noserine.yaml	CultureMech:015821	ZMB ALS noSerine	33	1	1	50	50	low component-count group	Same ingredient and concentration signature; review as possible duplicate source record.
26443f9ac412d1a8	REVIEW_REQUIRED	LOW	SOURCE_DUPLICATE	data/normalized_yaml/specialized/zmb_als_nobiotin.yaml	CultureMech:015800	ZMB ALS noBiotin	data/normalized_yaml/specialized/zmb_als_nothiamine.yaml	CultureMech:015822	ZMB ALS noThiamine	33	1	1	50	50	low component-count group	Same ingredient and concentration signature; review as possible duplicate source record.
26443f9ac412d1a8	REVIEW_REQUIRED	LOW	SOURCE_DUPLICATE	data/normalized_yaml/specialized/zmb_als_nobiotin.yaml	CultureMech:015800	ZMB ALS noBiotin	data/normalized_yaml/specialized/zmb_als_nothreonine.yaml	CultureMech:015823	ZMB ALS noThreonine	33	1	1	50	50	low component-count group	Same ingredient and concentration signature; review as possible duplicate source record.
26443f9ac412d1a8	REVIEW_REQUIRED	LOW	SOURCE_DUPLICATE	data/normalized_yaml/specialized/zmb_als_nobiotin.yaml	CultureMech:015800	ZMB ALS noBiotin	data/normalized_yaml/specialized/zmb_als_notryptophan.yaml	CultureMech:015824	ZMB ALS noTryptophan	33	1	1	50	50	low component-count group	Same ingredient and concentration signature; review as possible duplicate source record.
26443f9ac412d1a8	REVIEW_REQUIRED	LOW	SOURCE_DUPLICATE	data/normalized_yaml/specialized/zmb_als_nobiotin.yaml	CultureMech:015800	ZMB ALS noBiotin	data/normalized_yaml/specialized/zmb_als_notyrosine.yaml	CultureMech:015825	ZMB ALS noTyrosine	33	1	1	50	50	low component-count group	Same ingredient and concentration signature; review as possible duplicate source record.
26443f9ac412d1a8	REVIEW_REQUIRED	LOW	SOURCE_DUPLICATE	data/normalized_yaml/specialized/zmb_als_nobiotin.yaml	CultureMech:015800	ZMB ALS noBiotin	data/normalized_yaml/specialized/zmb_als_nouracil.yaml	CultureMech:015826	ZMB ALS noUracil	33	1	1	50	50	low component-count group	Same ingredient and concentration signature; review as possible duplicate source record.
26443f9ac412d1a8	REVIEW_REQUIRED	LOW	SOURCE_DUPLICATE	data/normalized_yaml/specialized/zmb_als_nobiotin.yaml	CultureMech:015800	ZMB ALS noBiotin	data/normalized_yaml/specialized/zmb_als_novaline.yaml	CultureMech:015827	ZMB ALS noValine	33	1	1	50	50	low component-count group	Same ingredient and concentration signature; review as possible duplicate source record.
c51fcdb182d0437e	REVIEW_REQUIRED	LOW	SOURCE_DUPLICATE	data/normalized_yaml/bacterial/KOMODO_215_BHI_medium.yaml	CultureMech:004418	bhi_medium	data/normalized_yaml/bacterial/KOMODO_215a_BHI_medium_modified.yaml	CultureMech:004419	bhi_medium_modified	27	1	2	115	115	majority of records use VARIABLE concentrations	Same ingredient and concentration signature; review as possible duplicate source record.
c51fcdb182d0437e	REVIEW_REQUIRED	LOW	SUPPLEMENTED_VARIANT	data/normalized_yaml/bacterial/KOMODO_215_BHI_medium.yaml	CultureMech:004418	bhi_medium	data/normalized_yaml/bacterial/KOMODO_215b_BHI_medium_WITH_ADDITIONAL_GLUCOSE.yaml	CultureMech:004421	bhi_medium_with_additional_glucose	27	1	2	115	115	majority of records use VARIABLE concentrations	Name suggests added supplement/component; verify ingredient delta against source.
c51fcdb182d0437e	REVIEW_REQUIRED	LOW	SOURCE_DUPLICATE	data/normalized_yaml/bacterial/KOMODO_215_BHI_medium.yaml	CultureMech:004418	bhi_medium	data/normalized_yaml/bacterial/TOGO_M2511_brain_heart_infusion_broth.yaml	CultureMech:009083	brain_heart_infusion_broth	27	1	2	115	115	majority of records use VARIABLE concentrations	Same ingredient and concentration signature; review as possible duplicate source record.
c51fcdb182d0437e	REVIEW_REQUIRED	LOW	PHYSICAL_STATE_VARIANT	data/normalized_yaml/bacterial/KOMODO_215_BHI_medium.yaml	CultureMech:004418	bhi_medium	data/normalized_yaml/bacterial/TOGO_M2971_Brain_Heart_Infusion_Agar.yaml	CultureMech:009494	brain_heart_infusion_agar	27	1	2	115	115	majority of records use VARIABLE concentrations	Physical state differs from parent: LIQUID -> SOLID_AGAR.
c51fcdb182d0437e	REVIEW_REQUIRED	LOW	PHYSICAL_STATE_VARIANT	data/normalized_yaml/bacterial/KOMODO_215_BHI_medium.yaml	CultureMech:004418	bhi_medium	data/normalized_yaml/bacterial/bhi_agar.yaml	CultureMech:009503	bhi_agar	27	1	2	115	105	majority of records use VARIABLE concentrations	Physical state differs from parent: LIQUID -> SOLID_AGAR.
c51fcdb182d0437e	REVIEW_REQUIRED	LOW	SOURCE_DUPLICATE	data/normalized_yaml/bacterial/KOMODO_215_BHI_medium.yaml	CultureMech:004418	bhi_medium	data/normalized_yaml/bacterial/bhi_broth.yaml	CultureMech:009058	bhi_broth	27	1	2	115	105	majority of records use VARIABLE concentrations	Same ingredient and concentration signature; review as possible duplicate source record.
c51fcdb182d0437e	REVIEW_REQUIRED	LOW	PHYSICAL_STATE_VARIANT	data/normalized_yaml/bacterial/KOMODO_215_BHI_medium.yaml	CultureMech:004418	bhi_medium	data/normalized_yaml/bacterial/brain_heart_agar_bhi_luqiao_beijing.yaml	CultureMech:009434	brain_heart_agar_bhi_luqiao_beijing	27	1	2	115	105	majority of records use VARIABLE concentrations	Physical state differs from parent: LIQUID -> SOLID_AGAR.
c51fcdb182d0437e	REVIEW_REQUIRED	LOW	SOURCE_DUPLICATE	data/normalized_yaml/bacterial/KOMODO_215_BHI_medium.yaml	CultureMech:004418	bhi_medium	data/normalized_yaml/bacterial/brain_heart_infusion_bhi_broth.yaml	CultureMech:009078	brain_heart_infusion_bhi_broth	27	1	2	115	105	majority of records use VARIABLE concentrations	Same ingredient and concentration signature; review as possible duplicate source record.
c51fcdb182d0437e	REVIEW_REQUIRED	LOW	PHYSICAL_STATE_VARIANT	data/normalized_yaml/bacterial/KOMODO_215_BHI_medium.yaml	CultureMech:004418	bhi_medium	data/normalized_yaml/bacterial/brain_heart_infusion_bhi_difco_agar.yaml	CultureMech:009480	brain_heart_infusion_bhi_difco_agar	27	1	2	115	105	majority of records use VARIABLE concentrations	Physical state differs from parent: LIQUID -> SOLID_AGAR.
c51fcdb182d0437e	REVIEW_REQUIRED	LOW	SOURCE_DUPLICATE	data/normalized_yaml/bacterial/KOMODO_215_BHI_medium.yaml	CultureMech:004418	bhi_medium	data/normalized_yaml/bacterial/brain_heart_infusion_broth_bhi_oxoid.yaml	CultureMech:009443	brain_heart_infusion_broth_bhi_oxoid	27	1	2	115	105	majority of records use VARIABLE concentrations	Same ingredient and concentration signature; review as possible duplicate source record.
c51fcdb182d0437e	REVIEW_REQUIRED	LOW	SOURCE_DUPLICATE	data/normalized_yaml/bacterial/KOMODO_215_BHI_medium.yaml	CultureMech:004418	bhi_medium	data/normalized_yaml/bacterial/brain_heart_infusion_broth_himedia.yaml	CultureMech:009416	brain_heart_infusion_broth_himedia	27	1	2	115	105	majority of records use VARIABLE concentrations	Same ingredient and concentration signature; review as possible duplicate source record.
c51fcdb182d0437e	REVIEW_REQUIRED	LOW	SOURCE_DUPLICATE	data/normalized_yaml/bacterial/KOMODO_215_BHI_medium.yaml	CultureMech:004418	bhi_medium	data/normalized_yaml/bacterial/brain_heart_infusion_media.yaml	CultureMech:009380	brain_heart_infusion_media	27	1	2	115	105	majority of records use VARIABLE concentrations	Same ingredient and concentration signature; review as possible duplicate source record.
c51fcdb182d0437e	REVIEW_REQUIRED	LOW	SOURCE_DUPLICATE	data/normalized_yaml/bacterial/KOMODO_215_BHI_medium.yaml	CultureMech:004418	bhi_medium	data/normalized_yaml/bacterial/medium_215_modified_for_dsm_10548.yaml	CultureMech:004407	medium_215_modified_for_dsm_10548	27	1	2	115	105	majority of records use VARIABLE concentrations	Same ingredient and concentration signature; review as possible duplicate source record.
c51fcdb182d0437e	REVIEW_REQUIRED	LOW	SOURCE_DUPLICATE	data/normalized_yaml/bacterial/KOMODO_215_BHI_medium.yaml	CultureMech:004418	bhi_medium	data/normalized_yaml/bacterial/medium_215_modified_for_dsm_10599.yaml	CultureMech:004408	medium_215_modified_for_dsm_10599	27	1	2	115	105	majority of records use VARIABLE concentrations	Same ingredient and concentration signature; review as possible duplicate source record.
c51fcdb182d0437e	REVIEW_REQUIRED	LOW	SOURCE_DUPLICATE	data/normalized_yaml/bacterial/KOMODO_215_BHI_medium.yaml	CultureMech:004418	bhi_medium	data/normalized_yaml/bacterial/medium_215_modified_for_dsm_13140.yaml	CultureMech:004409	medium_215_modified_for_dsm_13140	27	1	2	115	105	majority of records use VARIABLE concentrations	Same ingredient and concentration signature; review as possible duplicate source record.
c51fcdb182d0437e	REVIEW_REQUIRED	LOW	SOURCE_DUPLICATE	data/normalized_yaml/bacterial/KOMODO_215_BHI_medium.yaml	CultureMech:004418	bhi_medium	data/normalized_yaml/bacterial/medium_215_modified_for_dsm_13191.yaml	CultureMech:004410	medium_215_modified_for_dsm_13191	27	1	2	115	105	majority of records use VARIABLE concentrations	Same ingredient and concentration signature; review as possible duplicate source record.
c51fcdb182d0437e	REVIEW_REQUIRED	LOW	SOURCE_DUPLICATE	data/normalized_yaml/bacterial/KOMODO_215_BHI_medium.yaml	CultureMech:004418	bhi_medium	data/normalized_yaml/bacterial/medium_215_modified_for_dsm_13666.yaml	CultureMech:004411	medium_215_modified_for_dsm_13666	27	1	2	115	105	majority of records use VARIABLE concentrations	Same ingredient and concentration signature; review as possible duplicate source record.
c51fcdb182d0437e	REVIEW_REQUIRED	LOW	SOURCE_DUPLICATE	data/normalized_yaml/bacterial/KOMODO_215_BHI_medium.yaml	CultureMech:004418	bhi_medium	data/normalized_yaml/bacterial/medium_215_modified_for_dsm_13667.yaml	CultureMech:004412	medium_215_modified_for_dsm_13667	27	1	2	115	105	majority of records use VARIABLE concentrations	Same ingredient and concentration signature; review as possible duplicate source record.
c51fcdb182d0437e	REVIEW_REQUIRED	LOW	SOURCE_DUPLICATE	data/normalized_yaml/bacterial/KOMODO_215_BHI_medium.yaml	CultureMech:004418	bhi_medium	data/normalized_yaml/bacterial/medium_215_modified_for_dsm_21511.yaml	CultureMech:004413	medium_215_modified_for_dsm_21511	27	1	2	115	105	majority of records use VARIABLE concentrations	Same ingredient and concentration signature; review as possible duplicate source record.
c51fcdb182d0437e	REVIEW_REQUIRED	LOW	SOURCE_DUPLICATE	data/normalized_yaml/bacterial/KOMODO_215_BHI_medium.yaml	CultureMech:004418	bhi_medium	data/normalized_yaml/bacterial/medium_215_modified_for_dsm_22834.yaml	CultureMech:004414	medium_215_modified_for_dsm_22834	27	1	2	115	105	majority of records use VARIABLE concentrations	Same ingredient and concentration signature; review as possible duplicate source record.
c51fcdb182d0437e	REVIEW_REQUIRED	LOW	SOURCE_DUPLICATE	data/normalized_yaml/bacterial/KOMODO_215_BHI_medium.yaml	CultureMech:004418	bhi_medium	data/normalized_yaml/bacterial/medium_215_modified_for_dsm_23150.yaml	CultureMech:004415	medium_215_modified_for_dsm_23150	27	1	2	115	105	majority of records use VARIABLE concentrations	Same ingredient and concentration signature; review as possible duplicate source record.
c51fcdb182d0437e	REVIEW_REQUIRED	LOW	SOURCE_DUPLICATE	data/normalized_yaml/bacterial/KOMODO_215_BHI_medium.yaml	CultureMech:004418	bhi_medium	data/normalized_yaml/bacterial/medium_215_modified_for_dsm_25050.yaml	CultureMech:004416	medium_215_modified_for_dsm_25050	27	1	2	115	105	majority of records use VARIABLE concentrations	Same ingredient and concentration signature; review as possible duplicate source record.
c51fcdb182d0437e	REVIEW_REQUIRED	LOW	SOURCE_DUPLICATE	data/normalized_yaml/bacterial/KOMODO_215_BHI_medium.yaml	CultureMech:004418	bhi_medium	data/normalized_yaml/bacterial/medium_215_modified_for_dsm_8629.yaml	CultureMech:004417	medium_215_modified_for_dsm_8629	27	1	2	115	105	majority of records use VARIABLE concentrations	Same ingredient and concentration signature; review as possible duplicate source record.
c51fcdb182d0437e	REVIEW_REQUIRED	LOW	SOURCE_DUPLICATE	data/normalized_yaml/bacterial/KOMODO_215_BHI_medium.yaml	CultureMech:004418	bhi_medium	data/normalized_yaml/bacterial/medium_215b_modified_for_dsm_41834.yaml	CultureMech:004420	medium_215b_modified_for_dsm_41834	27	1	2	115	105	majority of records use VARIABLE concentrations	Same ingredient and concentration signature; review as possible duplicate source record.
c51fcdb182d0437e	REVIEW_REQUIRED	LOW	SOURCE_DUPLICATE	data/normalized_yaml/bacterial/KOMODO_215_BHI_medium.yaml	CultureMech:004418	bhi_medium	data/normalized_yaml/bacterial/modified_bhi.yaml	CultureMech:002648	modified_bhi	27	1	2	115	105	majority of records use VARIABLE concentrations	Same ingredient and concentration signature; review as possible duplicate source record.
d10d0eb1262915cc	REVIEW_REQUIRED	LOW	SUPPLEMENTED_VARIANT	data/normalized_yaml/bacterial/KOMODO_429b_CHOCOLATE_AGAR.yaml	CultureMech:005272	chocolate_agar	data/normalized_yaml/bacterial/KOMODO_429_COLUMBIA_BLOOD_AGAR.yaml	CultureMech:005268	columbia_blood_agar	24	2	1	116	116	majority of records use VARIABLE concentrations	Name suggests added supplement/component; verify ingredient delta against source.
d10d0eb1262915cc	REVIEW_REQUIRED	LOW	SUPPLEMENTED_VARIANT	data/normalized_yaml/bacterial/KOMODO_429b_CHOCOLATE_AGAR.yaml	CultureMech:005272	chocolate_agar	data/normalized_yaml/bacterial/KOMODO_429a_COLUMBIA_BLOOD_AGAR_WITH_CHARCOAL.yaml	CultureMech:005269	columbia_blood_agar_with_charcoal	24	2	1	116	116	majority of records use VARIABLE concentrations	Name suggests added supplement/component; verify ingredient delta against source.
d10d0eb1262915cc	REVIEW_REQUIRED	LOW	SUPPLEMENTED_VARIANT	data/normalized_yaml/bacterial/KOMODO_429b_CHOCOLATE_AGAR.yaml	CultureMech:005272	chocolate_agar	data/normalized_yaml/bacterial/KOMODO_429c_COLUMBIA-GLUCOSE-CYSTEINE-AGAR.yaml	CultureMech:005274	columbia_glucose_cysteine_agar	24	2	1	116	116	majority of records use VARIABLE concentrations	Name suggests added supplement/component; verify ingredient delta against source.
d10d0eb1262915cc	REVIEW_REQUIRED	LOW	SOURCE_DUPLICATE	data/normalized_yaml/bacterial/KOMODO_429b_CHOCOLATE_AGAR.yaml	CultureMech:005272	chocolate_agar	data/normalized_yaml/bacterial/KOMODO_429d_FRANCISELLA_HALIOTICIDA_medium.yaml	CultureMech:005276	francisella_halioticida_medium	24	2	1	116	116	majority of records use VARIABLE concentrations	Same ingredient and concentration signature; review as possible duplicate source record.
d10d0eb1262915cc	REVIEW_REQUIRED	LOW	SUBSTITUTED_COMPONENT_VARIANT	data/normalized_yaml/bacterial/KOMODO_429b_CHOCOLATE_AGAR.yaml	CultureMech:005272	chocolate_agar	data/normalized_yaml/bacterial/chocolate_agar_replace_horse_blood_with_sheep_blood.yaml	CultureMech:005271	chocolate_agar_replace_horse_blood_with_sheep_blood	24	2	1	116	106	majority of records use VARIABLE concentrations	Name suggests substituted component; verify ingredient delta against source.
d10d0eb1262915cc	REVIEW_REQUIRED	LOW	SUPPLEMENTED_VARIANT	data/normalized_yaml/bacterial/KOMODO_429b_CHOCOLATE_AGAR.yaml	CultureMech:005272	chocolate_agar	data/normalized_yaml/bacterial/columbia_blood_agar.yaml	CultureMech:001533	columbia_blood_agar	24	2	1	116	106	majority of records use VARIABLE concentrations	Name suggests added supplement/component; verify ingredient delta against source.
d10d0eb1262915cc	REVIEW_REQUIRED	LOW	SUPPLEMENTED_VARIANT	data/normalized_yaml/bacterial/KOMODO_429b_CHOCOLATE_AGAR.yaml	CultureMech:005272	chocolate_agar	data/normalized_yaml/bacterial/columbia_blood_agar_modified_for_dsm_10001.yaml	CultureMech:005256	columbia_blood_agar_modified_for_dsm_10001	24	2	1	116	106	majority of records use VARIABLE concentrations	Name suggests added supplement/component; verify ingredient delta against source.
d10d0eb1262915cc	REVIEW_REQUIRED	LOW	SUPPLEMENTED_VARIANT	data/normalized_yaml/bacterial/KOMODO_429b_CHOCOLATE_AGAR.yaml	CultureMech:005272	chocolate_agar	data/normalized_yaml/bacterial/columbia_blood_agar_modified_for_dsm_11969.yaml	CultureMech:005258	columbia_blood_agar_modified_for_dsm_11969	24	2	1	116	106	majority of records use VARIABLE concentrations	Name suggests added supplement/component; verify ingredient delta against source.
d10d0eb1262915cc	REVIEW_REQUIRED	LOW	SUBSTITUTED_COMPONENT_VARIANT	data/normalized_yaml/bacterial/KOMODO_429b_CHOCOLATE_AGAR.yaml	CultureMech:005272	chocolate_agar	data/normalized_yaml/bacterial/columbia_glucose_cysteine_agar_replace_horse_blood_with_sheep_blood.yaml	CultureMech:005273	columbia_glucose_cysteine_agar_replace_horse_blood_with_sheep_blood	24	2	1	116	106	majority of records use VARIABLE concentrations	Name suggests substituted component; verify ingredient delta against source.
d10d0eb1262915cc	REVIEW_REQUIRED	LOW	SUPPLEMENTED_VARIANT	data/normalized_yaml/bacterial/KOMODO_429b_CHOCOLATE_AGAR.yaml	CultureMech:005272	chocolate_agar	data/normalized_yaml/bacterial/e_columbia_blood_agar_10.yaml	CultureMech:001538	e_columbia_blood_agar_10	24	2	1	116	106	majority of records use VARIABLE concentrations	Name suggests added supplement/component; verify ingredient delta against source.
d10d0eb1262915cc	REVIEW_REQUIRED	LOW	SUBSTITUTED_COMPONENT_VARIANT	data/normalized_yaml/bacterial/KOMODO_429b_CHOCOLATE_AGAR.yaml	CultureMech:005272	chocolate_agar	data/normalized_yaml/bacterial/francisella_halioticida_medium_replace_horse_blood_with_sheep_blood.yaml	CultureMech:005275	francisella_halioticida_medium_replace_horse_blood_with_sheep_blood	24	2	1	116	106	majority of records use VARIABLE concentrations	Name suggests substituted component; verify ingredient delta against source.
d10d0eb1262915cc	REVIEW_REQUIRED	LOW	SOURCE_DUPLICATE	data/normalized_yaml/bacterial/KOMODO_429b_CHOCOLATE_AGAR.yaml	CultureMech:005272	chocolate_agar	data/normalized_yaml/bacterial/medium_429_modified_for_dsm_10000.yaml	CultureMech:005255	medium_429_modified_for_dsm_10000	24	2	1	116	106	majority of records use VARIABLE concentrations	Same ingredient and concentration signature; review as possible duplicate source record.
d10d0eb1262915cc	REVIEW_REQUIRED	LOW	SOURCE_DUPLICATE	data/normalized_yaml/bacterial/KOMODO_429b_CHOCOLATE_AGAR.yaml	CultureMech:005272	chocolate_agar	data/normalized_yaml/bacterial/medium_429_modified_for_dsm_11121.yaml	CultureMech:005257	medium_429_modified_for_dsm_11121	24	2	1	116	106	majority of records use VARIABLE concentrations	Same ingredient and concentration signature; review as possible duplicate source record.
d10d0eb1262915cc	REVIEW_REQUIRED	LOW	SOURCE_DUPLICATE	data/normalized_yaml/bacterial/KOMODO_429b_CHOCOLATE_AGAR.yaml	CultureMech:005272	chocolate_agar	data/normalized_yaml/bacterial/medium_429_modified_for_dsm_15534.yaml	CultureMech:005259	medium_429_modified_for_dsm_15534	24	2	1	116	106	majority of records use VARIABLE concentrations	Same ingredient and concentration signature; review as possible duplicate source record.
d10d0eb1262915cc	REVIEW_REQUIRED	LOW	SOURCE_DUPLICATE	data/normalized_yaml/bacterial/KOMODO_429b_CHOCOLATE_AGAR.yaml	CultureMech:005272	chocolate_agar	data/normalized_yaml/bacterial/medium_429_modified_for_dsm_15746.yaml	CultureMech:005260	medium_429_modified_for_dsm_15746	24	2	1	116	106	majority of records use VARIABLE concentrations	Same ingredient and concentration signature; review as possible duplicate source record.
d10d0eb1262915cc	REVIEW_REQUIRED	LOW	SOURCE_DUPLICATE	data/normalized_yaml/bacterial/KOMODO_429b_CHOCOLATE_AGAR.yaml	CultureMech:005272	chocolate_agar	data/normalized_yaml/bacterial/medium_429_modified_for_dsm_17480.yaml	CultureMech:005261	medium_429_modified_for_dsm_17480	24	2	1	116	106	majority of records use VARIABLE concentrations	Same ingredient and concentration signature; review as possible duplicate source record.
d10d0eb1262915cc	REVIEW_REQUIRED	LOW	SOURCE_DUPLICATE	data/normalized_yaml/bacterial/KOMODO_429b_CHOCOLATE_AGAR.yaml	CultureMech:005272	chocolate_agar	data/normalized_yaml/bacterial/medium_429_modified_for_dsm_17557.yaml	CultureMech:005262	medium_429_modified_for_dsm_17557	24	2	1	116	106	majority of records use VARIABLE concentrations	Same ingredient and concentration signature; review as possible duplicate source record.
d10d0eb1262915cc	REVIEW_REQUIRED	LOW	SOURCE_DUPLICATE	data/normalized_yaml/bacterial/KOMODO_429b_CHOCOLATE_AGAR.yaml	CultureMech:005272	chocolate_agar	data/normalized_yaml/bacterial/medium_429_modified_for_dsm_17739.yaml	CultureMech:005263	medium_429_modified_for_dsm_17739	24	2	1	116	106	majority of records use VARIABLE concentrations	Same ingredient and concentration signature; review as possible duplicate source record.
d10d0eb1262915cc	REVIEW_REQUIRED	LOW	SOURCE_DUPLICATE	data/normalized_yaml/bacterial/KOMODO_429b_CHOCOLATE_AGAR.yaml	CultureMech:005272	chocolate_agar	data/normalized_yaml/bacterial/medium_429_modified_for_dsm_19655.yaml	CultureMech:005264	medium_429_modified_for_dsm_19655	24	2	1	116	106	majority of records use VARIABLE concentrations	Same ingredient and concentration signature; review as possible duplicate source record.
d10d0eb1262915cc	REVIEW_REQUIRED	LOW	SOURCE_DUPLICATE	data/normalized_yaml/bacterial/KOMODO_429b_CHOCOLATE_AGAR.yaml	CultureMech:005272	chocolate_agar	data/normalized_yaml/bacterial/medium_429_modified_for_dsm_21463.yaml	CultureMech:005265	medium_429_modified_for_dsm_21463	24	2	1	116	106	majority of records use VARIABLE concentrations	Same ingredient and concentration signature; review as possible duplicate source record.
d10d0eb1262915cc	REVIEW_REQUIRED	LOW	SOURCE_DUPLICATE	data/normalized_yaml/bacterial/KOMODO_429b_CHOCOLATE_AGAR.yaml	CultureMech:005272	chocolate_agar	data/normalized_yaml/bacterial/medium_429_modified_for_dsm_21768.yaml	CultureMech:005266	medium_429_modified_for_dsm_21768	24	2	1	116	106	majority of records use VARIABLE concentrations	Same ingredient and concentration signature; review as possible duplicate source record.
d10d0eb1262915cc	REVIEW_REQUIRED	LOW	SOURCE_DUPLICATE	data/normalized_yaml/bacterial/KOMODO_429b_CHOCOLATE_AGAR.yaml	CultureMech:005272	chocolate_agar	data/normalized_yaml/bacterial/medium_429_modified_for_dsm_25354.yaml	CultureMech:005267	medium_429_modified_for_dsm_25354	24	2	1	116	106	majority of records use VARIABLE concentrations	Same ingredient and concentration signature; review as possible duplicate source record.
d10d0eb1262915cc	REVIEW_REQUIRED	LOW	SOURCE_DUPLICATE	data/normalized_yaml/bacterial/KOMODO_429b_CHOCOLATE_AGAR.yaml	CultureMech:005272	chocolate_agar	data/normalized_yaml/bacterial/medium_429b_modified_for_dsm_18554.yaml	CultureMech:005270	medium_429b_modified_for_dsm_18554	24	2	1	116	106	majority of records use VARIABLE concentrations	Same ingredient and concentration signature; review as possible duplicate source record.
875374f51dcc7178	REVIEW_REQUIRED	LOW	SOURCE_DUPLICATE	data/normalized_yaml/bacterial/KOMODO_693_COLUMBIA_BLOOD_medium.yaml	CultureMech:006311	columbia_blood_medium	data/normalized_yaml/bacterial/medium_693_modified_for_dsm_13661.yaml	CultureMech:006298	medium_693_modified_for_dsm_13661	15	1	1	116	106	majority of records use VARIABLE concentrations	Same ingredient and concentration signature; review as possible duplicate source record.
875374f51dcc7178	REVIEW_REQUIRED	LOW	SOURCE_DUPLICATE	data/normalized_yaml/bacterial/KOMODO_693_COLUMBIA_BLOOD_medium.yaml	CultureMech:006311	columbia_blood_medium	data/normalized_yaml/bacterial/medium_693_modified_for_dsm_13760.yaml	CultureMech:006299	medium_693_modified_for_dsm_13760	15	1	1	116	106	majority of records use VARIABLE concentrations	Same ingredient and concentration signature; review as possible duplicate source record.
875374f51dcc7178	REVIEW_REQUIRED	LOW	SOURCE_DUPLICATE	data/normalized_yaml/bacterial/KOMODO_693_COLUMBIA_BLOOD_medium.yaml	CultureMech:006311	columbia_blood_medium	data/normalized_yaml/bacterial/medium_693_modified_for_dsm_18826.yaml	CultureMech:006300	medium_693_modified_for_dsm_18826	15	1	1	116	106	majority of records use VARIABLE concentrations	Same ingredient and concentration signature; review as possible duplicate source record.
875374f51dcc7178	REVIEW_REQUIRED	LOW	SOURCE_DUPLICATE	data/normalized_yaml/bacterial/KOMODO_693_COLUMBIA_BLOOD_medium.yaml	CultureMech:006311	columbia_blood_medium	data/normalized_yaml/bacterial/medium_693_modified_for_dsm_19736.yaml	CultureMech:006301	medium_693_modified_for_dsm_19736	15	1	1	116	106	majority of records use VARIABLE concentrations	Same ingredient and concentration signature; review as possible duplicate source record.
875374f51dcc7178	REVIEW_REQUIRED	LOW	SOURCE_DUPLICATE	data/normalized_yaml/bacterial/KOMODO_693_COLUMBIA_BLOOD_medium.yaml	CultureMech:006311	columbia_blood_medium	data/normalized_yaml/bacterial/medium_693_modified_for_dsm_20600.yaml	CultureMech:006302	medium_693_modified_for_dsm_20600	15	1	1	116	106	majority of records use VARIABLE concentrations	Same ingredient and concentration signature; review as possible duplicate source record.
875374f51dcc7178	REVIEW_REQUIRED	LOW	SOURCE_DUPLICATE	data/normalized_yaml/bacterial/KOMODO_693_COLUMBIA_BLOOD_medium.yaml	CultureMech:006311	columbia_blood_medium	data/normalized_yaml/bacterial/medium_693_modified_for_dsm_21031.yaml	CultureMech:006303	medium_693_modified_for_dsm_21031	15	1	1	116	106	majority of records use VARIABLE concentrations	Same ingredient and concentration signature; review as possible duplicate source record.
875374f51dcc7178	REVIEW_REQUIRED	LOW	SOURCE_DUPLICATE	data/normalized_yaml/bacterial/KOMODO_693_COLUMBIA_BLOOD_medium.yaml	CultureMech:006311	columbia_blood_medium	data/normalized_yaml/bacterial/medium_693_modified_for_dsm_21825.yaml	CultureMech:006304	medium_693_modified_for_dsm_21825	15	1	1	116	106	majority of records use VARIABLE concentrations	Same ingredient and concentration signature; review as possible duplicate source record.
875374f51dcc7178	REVIEW_REQUIRED	LOW	SOURCE_DUPLICATE	data/normalized_yaml/bacterial/KOMODO_693_COLUMBIA_BLOOD_medium.yaml	CultureMech:006311	columbia_blood_medium	data/normalized_yaml/bacterial/medium_693_modified_for_dsm_21843.yaml	CultureMech:006305	medium_693_modified_for_dsm_21843	15	1	1	116	106	majority of records use VARIABLE concentrations	Same ingredient and concentration signature; review as possible duplicate source record.
875374f51dcc7178	REVIEW_REQUIRED	LOW	SOURCE_DUPLICATE	data/normalized_yaml/bacterial/KOMODO_693_COLUMBIA_BLOOD_medium.yaml	CultureMech:006311	columbia_blood_medium	data/normalized_yaml/bacterial/medium_693_modified_for_dsm_21845.yaml	CultureMech:006306	medium_693_modified_for_dsm_21845	15	1	1	116	106	majority of records use VARIABLE concentrations	Same ingredient and concentration signature; review as possible duplicate source record.
875374f51dcc7178	REVIEW_REQUIRED	LOW	SOURCE_DUPLICATE	data/normalized_yaml/bacterial/KOMODO_693_COLUMBIA_BLOOD_medium.yaml	CultureMech:006311	columbia_blood_medium	data/normalized_yaml/bacterial/medium_693_modified_for_dsm_22221.yaml	CultureMech:006307	medium_693_modified_for_dsm_22221	15	1	1	116	106	majority of records use VARIABLE concentrations	Same ingredient and concentration signature; review as possible duplicate source record.
875374f51dcc7178	REVIEW_REQUIRED	LOW	SOURCE_DUPLICATE	data/normalized_yaml/bacterial/KOMODO_693_COLUMBIA_BLOOD_medium.yaml	CultureMech:006311	columbia_blood_medium	data/normalized_yaml/bacterial/medium_693_modified_for_dsm_22886.yaml	CultureMech:006308	medium_693_modified_for_dsm_22886	15	1	1	116	106	majority of records use VARIABLE concentrations	Same ingredient and concentration signature; review as possible duplicate source record.
875374f51dcc7178	REVIEW_REQUIRED	LOW	SOURCE_DUPLICATE	data/normalized_yaml/bacterial/KOMODO_693_COLUMBIA_BLOOD_medium.yaml	CultureMech:006311	columbia_blood_medium	data/normalized_yaml/bacterial/medium_693_modified_for_dsm_22909.yaml	CultureMech:006309	medium_693_modified_for_dsm_22909	15	1	1	116	106	majority of records use VARIABLE concentrations	Same ingredient and concentration signature; review as possible duplicate source record.
875374f51dcc7178	REVIEW_REQUIRED	LOW	SOURCE_DUPLICATE	data/normalized_yaml/bacterial/KOMODO_693_COLUMBIA_BLOOD_medium.yaml	CultureMech:006311	columbia_blood_medium	data/normalized_yaml/bacterial/medium_693_modified_for_dsm_23385.yaml	CultureMech:006310	medium_693_modified_for_dsm_23385	15	1	1	116	106	majority of records use VARIABLE concentrations	Same ingredient and concentration signature; review as possible duplicate source record.
8284a6eeb3ff1da7	REVIEW_REQUIRED	LOW	CONCENTRATION_VARIANT	data/normalized_yaml/algae/pj.yaml	CultureMech:000112	pj	data/normalized_yaml/algae/mch.yaml	CultureMech:000087	mch	13	2	1	90	90	algae source-duplicate candidate has identical parsed ingredients but semantically broad medium names; verify source/formulation before migration	Same ingredient identity signature but concentration signature differs from parent.
8284a6eeb3ff1da7	REVIEW_REQUIRED	LOW	SOURCE_DUPLICATE	data/normalized_yaml/algae/pj.yaml	CultureMech:000112	pj	data/normalized_yaml/algae/ncl.yaml	CultureMech:000099	ncl	13	2	1	90	90	algae source-duplicate candidate has identical parsed ingredients but semantically broad medium names; verify source/formulation before migration	Same ingredient and concentration signature; review as possible duplicate source record.
8284a6eeb3ff1da7	REVIEW_REQUIRED	LOW	SOURCE_DUPLICATE	data/normalized_yaml/algae/pj.yaml	CultureMech:000112	pj	data/normalized_yaml/algae/ncl_0_01_npa.yaml	CultureMech:000102	ncl_0_01_npa	13	2	1	90	90	algae source-duplicate candidate has identical parsed ingredients but semantically broad medium names; verify source/formulation before migration	Same ingredient and concentration signature; review as possible duplicate source record.
8284a6eeb3ff1da7	REVIEW_REQUIRED	LOW	SOURCE_DUPLICATE	data/normalized_yaml/algae/pj.yaml	CultureMech:000112	pj	data/normalized_yaml/algae/ncl_mp.yaml	CultureMech:000103	ncl_mp	13	2	1	90	90	algae source-duplicate candidate has identical parsed ingredients but semantically broad medium names; verify source/formulation before migration	Same ingredient and concentration signature; review as possible duplicate source record.
8284a6eeb3ff1da7	REVIEW_REQUIRED	LOW	SOURCE_DUPLICATE	data/normalized_yaml/algae/pj.yaml	CultureMech:000112	pj	data/normalized_yaml/algae/ncl_pj.yaml	CultureMech:000101	ncl_pj	13	2	1	90	90	algae source-duplicate candidate has identical parsed ingredients but semantically broad medium names; verify source/formulation before migration	Same ingredient and concentration signature; review as possible duplicate source record.
8284a6eeb3ff1da7	REVIEW_REQUIRED	LOW	SOURCE_DUPLICATE	data/normalized_yaml/algae/pj.yaml	CultureMech:000112	pj	data/normalized_yaml/algae/ncl_pj_0_01_npa.yaml	CultureMech:000104	ncl_pj_0_01_npa	13	2	1	90	90	algae source-duplicate candidate has identical parsed ingredients but semantically broad medium names; verify source/formulation before migration	Same ingredient and concentration signature; review as possible duplicate source record.
8284a6eeb3ff1da7	REVIEW_REQUIRED	LOW	SOURCE_DUPLICATE	data/normalized_yaml/algae/pj.yaml	CultureMech:000112	pj	data/normalized_yaml/algae/pj_nn.yaml	CultureMech:000113	pj_nn	13	2	1	90	90	algae source-duplicate candidate has identical parsed ingredients but semantically broad medium names; verify source/formulation before migration	Same ingredient and concentration signature; review as possible duplicate source record.
8284a6eeb3ff1da7	REVIEW_REQUIRED	LOW	SOURCE_DUPLICATE	data/normalized_yaml/algae/pj.yaml	CultureMech:000112	pj	data/normalized_yaml/algae/rpl.yaml	CultureMech:000120	rpl	13	2	1	90	90	algae source-duplicate candidate has identical parsed ingredients but semantically broad medium names; verify source/formulation before migration	Same ingredient and concentration signature; review as possible duplicate source record.
8284a6eeb3ff1da7	REVIEW_REQUIRED	LOW	SOURCE_DUPLICATE	data/normalized_yaml/algae/pj.yaml	CultureMech:000112	pj	data/normalized_yaml/algae/rpl_0_01_rpa.yaml	CultureMech:000121	rpl_0_01_rpa	13	2	1	90	90	algae source-duplicate candidate has identical parsed ingredients but semantically broad medium names; verify source/formulation before migration	Same ingredient and concentration signature; review as possible duplicate source record.
8284a6eeb3ff1da7	REVIEW_REQUIRED	LOW	SOURCE_DUPLICATE	data/normalized_yaml/algae/pj.yaml	CultureMech:000112	pj	data/normalized_yaml/algae/rpl_mp.yaml	CultureMech:000122	rpl_mp	13	2	1	90	90	algae source-duplicate candidate has identical parsed ingredients but semantically broad medium names; verify source/formulation before migration	Same ingredient and concentration signature; review as possible duplicate source record.
8284a6eeb3ff1da7	REVIEW_REQUIRED	LOW	SOURCE_DUPLICATE	data/normalized_yaml/algae/pj.yaml	CultureMech:000112	pj	data/normalized_yaml/algae/rpl_pj.yaml	CultureMech:000123	rpl_pj	13	2	1	90	90	algae source-duplicate candidate has identical parsed ingredients but semantically broad medium names; verify source/formulation before migration	Same ingredient and concentration signature; review as possible duplicate source record.
8284a6eeb3ff1da7	REVIEW_REQUIRED	LOW	SOURCE_DUPLICATE	data/normalized_yaml/algae/pj.yaml	CultureMech:000112	pj	data/normalized_yaml/algae/rpl_pj_0_01_rpa.yaml	CultureMech:000124	rpl_pj_0_01_rpa	13	2	1	90	90	algae source-duplicate candidate has identical parsed ingredients but semantically broad medium names; verify source/formulation before migration	Same ingredient and concentration signature; review as possible duplicate source record.
6599882c9d7839df	REVIEW_REQUIRED	LOW	CONCENTRATION_VARIANT	data/normalized_yaml/bacterial/thiohalophilus_medium.yaml	CultureMech:003641	thiohalophilus_medium	data/normalized_yaml/bacterial/halothiobacillus_hl2_medium.yaml	CultureMech:000487	halothiobacillus_hl2_medium	8	3	1	136	136	missing concentration objects present	Same ingredient identity signature but concentration signature differs from parent.
6599882c9d7839df	REVIEW_REQUIRED	LOW	SOURCE_DUPLICATE	data/normalized_yaml/bacterial/thiohalophilus_medium.yaml	CultureMech:003641	thiohalophilus_medium	data/normalized_yaml/bacterial/thiohalospira_halophila_medium.yaml	CultureMech:000245	thiohalospira_halophila_medium	8	3	1	136	136	missing concentration objects present	Same ingredient and concentration signature; review as possible duplicate source record.
1d4d8371646a173c	REVIEW_REQUIRED	LOW	CONCENTRATION_VARIANT	data/normalized_yaml/bacterial/KOMODO_81_MINERAL_MEDIUM_FOR_CHEMOLITHOTROPHIC_GROWTH_H-3.yaml	CultureMech:006545	mineral_medium_for_chemolithotrophic_growth_h_3	data/normalized_yaml/bacterial/for_dsm_21436.yaml	CultureMech:006532	for_dsm_21436	7	2	1	148	118	missing concentration objects present	Same ingredient identity signature but concentration signature differs from parent.
1d4d8371646a173c	REVIEW_REQUIRED	LOW	CONCENTRATION_VARIANT	data/normalized_yaml/bacterial/KOMODO_81_MINERAL_MEDIUM_FOR_CHEMOLITHOTROPHIC_GROWTH_H-3.yaml	CultureMech:006545	mineral_medium_for_chemolithotrophic_growth_h_3	data/normalized_yaml/bacterial/for_growth_on_nitrogen_free_medium.yaml	CultureMech:006530	for_growth_on_nitrogen_free_medium	7	2	1	148	118	missing concentration objects present	Same ingredient identity signature but concentration signature differs from parent.
1d4d8371646a173c	REVIEW_REQUIRED	LOW	CONCENTRATION_VARIANT	data/normalized_yaml/bacterial/KOMODO_81_MINERAL_MEDIUM_FOR_CHEMOLITHOTROPHIC_GROWTH_H-3.yaml	CultureMech:006545	mineral_medium_for_chemolithotrophic_growth_h_3	data/normalized_yaml/bacterial/for_heterotrophic_growth.yaml	CultureMech:006528	for_heterotrophic_growth	7	2	1	148	118	missing concentration objects present	Same ingredient identity signature but concentration signature differs from parent.
1d4d8371646a173c	REVIEW_REQUIRED	LOW	CONCENTRATION_VARIANT	data/normalized_yaml/bacterial/KOMODO_81_MINERAL_MEDIUM_FOR_CHEMOLITHOTROPHIC_GROWTH_H-3.yaml	CultureMech:006545	mineral_medium_for_chemolithotrophic_growth_h_3	data/normalized_yaml/bacterial/medium_81_modified_for_dsm_21442.yaml	CultureMech:006529	medium_81_modified_for_dsm_21442	7	2	1	148	118	missing concentration objects present	Same ingredient identity signature but concentration signature differs from parent.
1d4d8371646a173c	REVIEW_REQUIRED	LOW	DERIVED_FROM	data/normalized_yaml/bacterial/KOMODO_81_MINERAL_MEDIUM_FOR_CHEMOLITHOTROPHIC_GROWTH_H-3.yaml	CultureMech:006545	mineral_medium_for_chemolithotrophic_growth_h_3	data/normalized_yaml/bacterial/mineral_medium_for_chemolithotrophic_growth_h_3.yaml	CultureMech:001967	mineral_medium_for_chemolithotrophic_growth_h_3	7	2	1	148	138	missing concentration objects present	Candidate child formulation requires source/formulation review.
98aea7afa68d4263	REVIEW_REQUIRED	LOW	DERIVED_FROM	data/normalized_yaml/bacterial/s_w.yaml	CultureMech:000414	s_w	data/normalized_yaml/algae/s_w.yaml	CultureMech:000138	s_w	6	2	2	115	85	majority of records use VARIABLE concentrations; group spans multiple category directories	Candidate child formulation requires source/formulation review.
98aea7afa68d4263	REVIEW_REQUIRED	LOW	PHYSICAL_STATE_VARIANT	data/normalized_yaml/bacterial/s_w.yaml	CultureMech:000414	s_w	data/normalized_yaml/algae/se1.yaml	CultureMech:000128	se1	6	2	2	115	85	majority of records use VARIABLE concentrations; group spans multiple category directories	Physical state differs from parent: BIPHASIC -> LIQUID.
98aea7afa68d4263	REVIEW_REQUIRED	LOW	PHYSICAL_STATE_VARIANT	data/normalized_yaml/bacterial/s_w.yaml	CultureMech:000414	s_w	data/normalized_yaml/algae/se2.yaml	CultureMech:000129	se2	6	2	2	115	85	majority of records use VARIABLE concentrations; group spans multiple category directories	Physical state differs from parent: BIPHASIC -> LIQUID.
98aea7afa68d4263	REVIEW_REQUIRED	LOW	PHYSICAL_STATE_VARIANT	data/normalized_yaml/bacterial/s_w.yaml	CultureMech:000414	s_w	data/normalized_yaml/bacterial/se1.yaml	CultureMech:000405	se1	6	2	2	115	115	majority of records use VARIABLE concentrations; group spans multiple category directories	Physical state differs from parent: BIPHASIC -> LIQUID.
98aea7afa68d4263	REVIEW_REQUIRED	LOW	PHYSICAL_STATE_VARIANT	data/normalized_yaml/bacterial/s_w.yaml	CultureMech:000414	s_w	data/normalized_yaml/bacterial/se2.yaml	CultureMech:000406	se2	6	2	2	115	115	majority of records use VARIABLE concentrations; group spans multiple category directories	Physical state differs from parent: BIPHASIC -> LIQUID.
7a22d72efc0b34a7	REVIEW_REQUIRED	LOW	SOURCE_DUPLICATE	data/normalized_yaml/algae/mdy_v.yaml	CultureMech:000088	mdy_v	data/normalized_yaml/algae/3n_bbm_v.yaml	CultureMech:000039	3n_bbm_v	5	1	1	93	90	algae source-duplicate candidate has identical parsed ingredients but semantically broad medium names; verify source/formulation before migration	Same ingredient and concentration signature; review as possible duplicate source record.
7a22d72efc0b34a7	REVIEW_REQUIRED	LOW	SOURCE_DUPLICATE	data/normalized_yaml/algae/mdy_v.yaml	CultureMech:000088	mdy_v	data/normalized_yaml/algae/CCAP_C Medium_ Modified.yaml	CultureMech:000057	c_medium_modified	5	1	1	93	93	algae source-duplicate candidate has identical parsed ingredients but semantically broad medium names; verify source/formulation before migration	Same ingredient and concentration signature; review as possible duplicate source record.
7a22d72efc0b34a7	REVIEW_REQUIRED	LOW	SOURCE_DUPLICATE	data/normalized_yaml/algae/mdy_v.yaml	CultureMech:000088	mdy_v	data/normalized_yaml/algae/abm.yaml	CultureMech:000040	abm	5	1	1	93	90	algae source-duplicate candidate has identical parsed ingredients but semantically broad medium names; verify source/formulation before migration	Same ingredient and concentration signature; review as possible duplicate source record.
7a22d72efc0b34a7	REVIEW_REQUIRED	LOW	SOURCE_DUPLICATE	data/normalized_yaml/algae/mdy_v.yaml	CultureMech:000088	mdy_v	data/normalized_yaml/algae/c_medium_modified.yaml	CultureMech:000056	c_medium_modified	5	1	1	93	93	algae source-duplicate candidate has identical parsed ingredients but semantically broad medium names; verify source/formulation before migration	Same ingredient and concentration signature; review as possible duplicate source record.
2b17e67d35b8f3b4	REVIEW_REQUIRED	LOW	SUPPLEMENTED_VARIANT	data/normalized_yaml/bacterial/KOMODO_1199_K7_medium.yaml	CultureMech:003938	k7_medium	data/normalized_yaml/bacterial/25_glucose_yeast_extract_peptone.yaml	CultureMech:007976	25_glucose_yeast_extract_peptone	5	3	1	125	115	majority of records use VARIABLE concentrations	Name suggests added supplement/component; verify ingredient delta against source.
2b17e67d35b8f3b4	REVIEW_REQUIRED	LOW	CONCENTRATION_VARIANT	data/normalized_yaml/bacterial/KOMODO_1199_K7_medium.yaml	CultureMech:003938	k7_medium	data/normalized_yaml/bacterial/ypd_liquid_medium.yaml	CultureMech:008153	ypd_liquid_medium	5	3	1	125	115	majority of records use VARIABLE concentrations	Same ingredient identity signature but concentration signature differs from parent.
b64a1760ba6ad291	REVIEW_REQUIRED	LOW	CONCENTRATION_VARIANT	data/normalized_yaml/algae/1_2_soil_seawater_medium.yaml	CultureMech:000005	1_2_soil_seawater_medium	data/normalized_yaml/algae/1_3_soil_seawater_medium.yaml	CultureMech:000007	1_3_soil_seawater_medium	4	4	1	115	115	majority of records use VARIABLE concentrations	Same ingredient identity signature but concentration signature differs from parent.
b64a1760ba6ad291	REVIEW_REQUIRED	LOW	CONCENTRATION_VARIANT	data/normalized_yaml/algae/1_2_soil_seawater_medium.yaml	CultureMech:000005	1_2_soil_seawater_medium	data/normalized_yaml/algae/1_4_soil_seawater_medium.yaml	CultureMech:000009	1_4_soil_seawater_medium	4	4	1	115	115	majority of records use VARIABLE concentrations	Same ingredient identity signature but concentration signature differs from parent.
b64a1760ba6ad291	REVIEW_REQUIRED	LOW	CONCENTRATION_VARIANT	data/normalized_yaml/algae/1_2_soil_seawater_medium.yaml	CultureMech:000005	1_2_soil_seawater_medium	data/normalized_yaml/algae/1_5_soil_seawater_medium.yaml	CultureMech:000011	1_5_soil_seawater_medium	4	4	1	115	115	majority of records use VARIABLE concentrations	Same ingredient identity signature but concentration signature differs from parent.
da8d3fb1f14b40fd	REVIEW_REQUIRED	LOW	CONCENTRATION_VARIANT	data/normalized_yaml/bacterial/desulfuromonas_medium_tce.yaml	CultureMech:001868	desulfuromonas_medium_tce	data/normalized_yaml/bacterial/for_dsm_13726.yaml	CultureMech:006375	for_dsm_13726	4	2	1	134	114	missing concentration objects present	Same ingredient identity signature but concentration signature differs from parent.
da8d3fb1f14b40fd	REVIEW_REQUIRED	LOW	CONCENTRATION_VARIANT	data/normalized_yaml/bacterial/desulfuromonas_medium_tce.yaml	CultureMech:001868	desulfuromonas_medium_tce	data/normalized_yaml/bacterial/for_dsm_15941.yaml	CultureMech:006376	for_dsm_15941	4	2	1	134	114	missing concentration objects present	Same ingredient identity signature but concentration signature differs from parent.
ea823542debf5dd1	REVIEW_REQUIRED	LOW	SOURCE_DUPLICATE	data/normalized_yaml/bacterial/marine_agar_2216_ph_8_5.yaml	CultureMech:007573	marine_agar_2216_ph_8_5	data/normalized_yaml/bacterial/marine_agar_2216_ph_9_0.yaml	CultureMech:007592	marine_agar_2216_ph_9_0	4	1	1	115	115	majority of records use VARIABLE concentrations; group spans multiple category directories	Same ingredient and concentration signature; review as possible duplicate source record.
ea823542debf5dd1	REVIEW_REQUIRED	LOW	DERIVED_FROM	data/normalized_yaml/bacterial/marine_agar_2216_ph_8_5.yaml	CultureMech:007573	marine_agar_2216_ph_8_5	data/normalized_yaml/specialized/marine_agar_2216_ph_8_5.yaml	CultureMech:015371	marine_agar_2216_ph_8_5	4	1	1	115	115	majority of records use VARIABLE concentrations; group spans multiple category directories	Candidate child formulation requires source/formulation review.
ea823542debf5dd1	REVIEW_REQUIRED	LOW	SOURCE_DUPLICATE	data/normalized_yaml/bacterial/marine_agar_2216_ph_8_5.yaml	CultureMech:007573	marine_agar_2216_ph_8_5	data/normalized_yaml/specialized/marine_agar_2216_ph_9_0.yaml	CultureMech:015373	marine_agar_2216_ph_9_0	4	1	1	115	115	majority of records use VARIABLE concentrations; group spans multiple category directories	Same ingredient and concentration signature; review as possible duplicate source record.
1faefc172624d952	REVIEW_REQUIRED	LOW	SOURCE_DUPLICATE	data/normalized_yaml/algae/dm.yaml	CultureMech:000063	dm	data/normalized_yaml/algae/jm.yaml	CultureMech:000074	jm	3	1	1	90	90	algae source-duplicate candidate has identical parsed ingredients but semantically broad medium names; verify source/formulation before migration	Same ingredient and concentration signature; review as possible duplicate source record.
1faefc172624d952	REVIEW_REQUIRED	LOW	SOURCE_DUPLICATE	data/normalized_yaml/algae/dm.yaml	CultureMech:000063	dm	data/normalized_yaml/algae/jm_se.yaml	CultureMech:000075	jm_se	3	1	1	90	90	algae source-duplicate candidate has identical parsed ingredients but semantically broad medium names; verify source/formulation before migration	Same ingredient and concentration signature; review as possible duplicate source record.
6485d1fd23c26f00	REVIEW_REQUIRED	LOW	CONCENTRATION_VARIANT	data/normalized_yaml/archaea/TOGO_M151_Thermococcus_Stetteri_Medium.yaml	CultureMech:008065	thermococcus_stetteri_medium	data/normalized_yaml/archaea/TOGO_M152_Thermococcus_Litoralis_Medium.yaml	CultureMech:008076	thermococcus_litoralis_medium	3	3	1	129	129	majority of records use VARIABLE concentrations	Same ingredient identity signature but concentration signature differs from parent.
6485d1fd23c26f00	REVIEW_REQUIRED	LOW	CONCENTRATION_VARIANT	data/normalized_yaml/archaea/TOGO_M151_Thermococcus_Stetteri_Medium.yaml	CultureMech:008065	thermococcus_stetteri_medium	data/normalized_yaml/archaea/TOGO_M233_Thermococcus_Fumicolans_Medium.yaml	CultureMech:008927	thermococcus_fumicolans_medium	3	3	1	129	129	majority of records use VARIABLE concentrations	Same ingredient identity signature but concentration signature differs from parent.
93c9425e9d4987c2	REVIEW_REQUIRED	LOW	CONCENTRATION_VARIANT	data/normalized_yaml/archaea/TOGO_M171_Stygiolobus_Medium.yaml	CultureMech:008283	stygiolobus_medium	data/normalized_yaml/archaea/TOGO_M168_Acidianus_Infernus_Medium_B.yaml	CultureMech:008249	acidianus_infernus_medium_b	3	3	1	130	130	majority of records use VARIABLE concentrations; group spans multiple category directories	Same ingredient identity signature but concentration signature differs from parent.
93c9425e9d4987c2	REVIEW_REQUIRED	LOW	CONCENTRATION_VARIANT	data/normalized_yaml/archaea/TOGO_M171_Stygiolobus_Medium.yaml	CultureMech:008283	stygiolobus_medium	data/normalized_yaml/bacterial/togo_medium_m179.yaml	CultureMech:008368	togo_medium_m179	3	3	1	130	120	majority of records use VARIABLE concentrations; group spans multiple category directories	Same ingredient identity signature but concentration signature differs from parent.
dde8b602fdd2117e	REVIEW_REQUIRED	LOW	CONCENTRATION_VARIANT	data/normalized_yaml/archaea/TOGO_M821_MH1_Medium_For_Halarchaeum.yaml	CultureMech:010234	mh1_medium_for_halarchaeum	data/normalized_yaml/archaea/TOGO_M989_MH1_Medium_For_Halarchaeum-2.yaml	CultureMech:010416	mh1_medium_for_halarchaeum_2	3	2	1	133	133	majority of records use VARIABLE concentrations; group spans multiple category directories	Same ingredient identity signature but concentration signature differs from parent.
dde8b602fdd2117e	REVIEW_REQUIRED	LOW	SOURCE_DUPLICATE	data/normalized_yaml/archaea/TOGO_M821_MH1_Medium_For_Halarchaeum.yaml	CultureMech:010234	mh1_medium_for_halarchaeum	data/normalized_yaml/bacterial/TOGO_M807_MH1_Medium_For_Saliarchaeum_Acidophilum.yaml	CultureMech:010219	mh1_medium_for_saliarchaeum_acidophilum	3	2	1	133	133	majority of records use VARIABLE concentrations; group spans multiple category directories	Same ingredient and concentration signature; review as possible duplicate source record.
9d5e9883e30ea329	REVIEW_REQUIRED	LOW	DERIVED_FROM	data/normalized_yaml/bacterial/JCM_J467_BHI_2_MEDIUM.yaml	CultureMech:002815	bhi_2_medium	data/normalized_yaml/bacterial/KOMODO_217_BHI_2_medium.yaml	CultureMech:004427	bhi_2_medium	3	1	1	115	115	majority of records use VARIABLE concentrations	Candidate child formulation requires source/formulation review.
9d5e9883e30ea329	REVIEW_REQUIRED	LOW	DERIVED_FROM	data/normalized_yaml/bacterial/JCM_J467_BHI_2_MEDIUM.yaml	CultureMech:002815	bhi_2_medium	data/normalized_yaml/bacterial/bhi_2_medium.yaml	CultureMech:001319	bhi_2_medium	3	1	1	115	105	majority of records use VARIABLE concentrations	Candidate child formulation requires source/formulation review.
5dcb9a7d6396ff75	REVIEW_REQUIRED	LOW	SOURCE_DUPLICATE	data/normalized_yaml/bacterial/KOMODO_135_ACETOBACTERIUM_medium.yaml	CultureMech:004107	acetobacterium_medium	data/normalized_yaml/bacterial/for_autotrophic_growth.yaml	CultureMech:004102	for_autotrophic_growth	3	1	1	148	138	majority of records use VARIABLE concentrations	Same ingredient and concentration signature; review as possible duplicate source record.
5dcb9a7d6396ff75	REVIEW_REQUIRED	LOW	SOURCE_DUPLICATE	data/normalized_yaml/bacterial/KOMODO_135_ACETOBACTERIUM_medium.yaml	CultureMech:004107	acetobacterium_medium	data/normalized_yaml/bacterial/for_dsm_4132.yaml	CultureMech:004104	for_dsm_4132	3	1	1	148	138	majority of records use VARIABLE concentrations	Same ingredient and concentration signature; review as possible duplicate source record.
d289efc9bb998ce3	REVIEW_REQUIRED	LOW	SOURCE_DUPLICATE	data/normalized_yaml/bacterial/KOMODO_420_BLOOD_AGAR_I.yaml	CultureMech:005245	blood_agar_i	data/normalized_yaml/bacterial/medium_420_modified_for_dsm_4690.yaml	CultureMech:005244	medium_420_modified_for_dsm_4690	3	1	1	114	104	majority of records use VARIABLE concentrations	Same ingredient and concentration signature; review as possible duplicate source record.
6a5a21b1831ab075	REVIEW_REQUIRED	LOW	SOURCE_DUPLICATE	data/normalized_yaml/bacterial/KOMODO_709_ACIDIMICROBIUM_medium.yaml	CultureMech:006343	acidimicrobium_medium	data/normalized_yaml/bacterial/autotrophic_growth_on_ferrous_sulfate.yaml	CultureMech:006342	autotrophic_growth_on_ferrous_sulfate	3	1	1	143	133	majority of records use VARIABLE concentrations	Same ingredient and concentration signature; review as possible duplicate source record.
6a5a21b1831ab075	REVIEW_REQUIRED	LOW	SUPPLEMENTED_VARIANT	data/normalized_yaml/bacterial/KOMODO_709_ACIDIMICROBIUM_medium.yaml	CultureMech:006343	acidimicrobium_medium	data/normalized_yaml/bacterial/heterotrophic_growth_on_yeast_extract.yaml	CultureMech:006341	heterotrophic_growth_on_yeast_extract	3	1	1	143	133	majority of records use VARIABLE concentrations	Name suggests added supplement/component; verify ingredient delta against source.
15e744e08ce799be	REVIEW_REQUIRED	LOW	SOURCE_DUPLICATE	data/normalized_yaml/bacterial/KOMODO_756c_AUTOTROPHIC_NITROBACTER_MEDIUM.yaml	CultureMech:006412	autotrophic_nitrobacter_medium	data/normalized_yaml/bacterial/KOMODO_756_HETEROTROPHIC_NITROBACTER_MEDIUM.yaml	CultureMech:006409	heterotrophic_nitrobacter_medium	3	1	1	142	142	majority of records use VARIABLE concentrations	Same ingredient and concentration signature; review as possible duplicate source record.
15e744e08ce799be	REVIEW_REQUIRED	LOW	SOURCE_DUPLICATE	data/normalized_yaml/bacterial/KOMODO_756c_AUTOTROPHIC_NITROBACTER_MEDIUM.yaml	CultureMech:006412	autotrophic_nitrobacter_medium	data/normalized_yaml/bacterial/KOMODO_756b_10_MIXOTROPHIC_NITROBACTER_medium.yaml	CultureMech:006411	10_mixotrophic_nitrobacter_medium	3	1	1	142	142	majority of records use VARIABLE concentrations	Same ingredient and concentration signature; review as possible duplicate source record.
1c21de60528491d9	REVIEW_REQUIRED	LOW	DERIVED_FROM	data/normalized_yaml/bacterial/KOMODO_833_DEHALOSPIRILLUM_medium.yaml	CultureMech:006625	dehalospirillum_medium	data/normalized_yaml/bacterial/TOGO_M2455_Dehalospirillum_Medium.yaml	CultureMech:009034	dehalospirillum_medium	3	1	1	140	140	majority of records use VARIABLE concentrations	Candidate child formulation requires source/formulation review.
27bc66502bbb0250	REVIEW_REQUIRED	LOW	DERIVED_FROM	data/normalized_yaml/bacterial/KOMODO_87a_CHLOROFLEXUS_AGGREGANS_medium.yaml	CultureMech:006721	chloroflexus_aggregans_medium	data/normalized_yaml/bacterial/chloroflexus_aggregans_medium.yaml	CultureMech:002039	chloroflexus_aggregans_medium	3	2	1	147	137	missing concentration objects present	Candidate child formulation requires source/formulation review.
27bc66502bbb0250	REVIEW_REQUIRED	LOW	CONCENTRATION_VARIANT	data/normalized_yaml/bacterial/KOMODO_87a_CHLOROFLEXUS_AGGREGANS_medium.yaml	CultureMech:006721	chloroflexus_aggregans_medium	data/normalized_yaml/bacterial/medium_87a_modified_for_dsm_13941.yaml	CultureMech:006720	medium_87a_modified_for_dsm_13941	3	2	1	147	117	missing concentration objects present	Same ingredient identity signature but concentration signature differs from parent.
7d8440934ce82588	REVIEW_REQUIRED	LOW	SOURCE_DUPLICATE	data/normalized_yaml/bacterial/KOMODO_88b_V24N_medium.yaml	CultureMech:006741	v24n_medium	data/normalized_yaml/archaea/KOMODO_88_SULFOLOBUS_medium.yaml	CultureMech:006740	sulfolobus_medium	3	1	1	146	146	majority of records use VARIABLE concentrations; group spans multiple category directories	Same ingredient and concentration signature; review as possible duplicate source record.
7d8440934ce82588	REVIEW_REQUIRED	LOW	SOURCE_DUPLICATE	data/normalized_yaml/bacterial/KOMODO_88b_V24N_medium.yaml	CultureMech:006741	v24n_medium	data/normalized_yaml/bacterial/for_dsm_14429_and_dsm_14430.yaml	CultureMech:006725	for_dsm_14429_and_dsm_14430	3	1	1	146	136	majority of records use VARIABLE concentrations; group spans multiple category directories	Same ingredient and concentration signature; review as possible duplicate source record.
8e9b4bb6d04c450b	REVIEW_REQUIRED	LOW	SOURCE_DUPLICATE	data/normalized_yaml/bacterial/KOMODO_909_TREPONEMA_DENTICOLA_medium.yaml	CultureMech:006781	treponema_denticola_medium	data/normalized_yaml/bacterial/medium_909_modified_for_dsm_14222.yaml	CultureMech:006780	medium_909_modified_for_dsm_14222	3	1	1	131	121	majority of records use VARIABLE concentrations	Same ingredient and concentration signature; review as possible duplicate source record.
aa2e0eb65a9a1b4e	REVIEW_REQUIRED	LOW	CONCENTRATION_VARIANT	data/normalized_yaml/bacterial/TOGO_M347_JT_Medium.yaml	CultureMech:009726	jt_medium	data/normalized_yaml/bacterial/TOGO_M325_Sporotomaculum_Medium.yaml	CultureMech:009687	sporotomaculum_medium	3	3	1	125	125	majority of records use VARIABLE concentrations	Same ingredient identity signature but concentration signature differs from parent.
aa2e0eb65a9a1b4e	REVIEW_REQUIRED	LOW	CONCENTRATION_VARIANT	data/normalized_yaml/bacterial/TOGO_M347_JT_Medium.yaml	CultureMech:009726	jt_medium	data/normalized_yaml/bacterial/TOGO_M580_Syntrophomonas_Palmiticicum_Medium.yaml	CultureMech:009976	syntrophomonas_palmiticicum_medium	3	3	1	125	125	majority of records use VARIABLE concentrations	Same ingredient identity signature but concentration signature differs from parent.
6a87f4e61fa3f4fc	REVIEW_REQUIRED	LOW	DERIVED_FROM	data/normalized_yaml/bacterial/TOGO_M419_MMJHS_Medium.yaml	CultureMech:009804	mmjhs_medium	data/normalized_yaml/bacterial/TOGO_M420_MMJHS_Medium.yaml	CultureMech:009806	mmjhs_medium	3	1	1	132	132	majority of records use VARIABLE concentrations	Candidate child formulation requires source/formulation review.
6a87f4e61fa3f4fc	REVIEW_REQUIRED	LOW	DERIVED_FROM	data/normalized_yaml/bacterial/TOGO_M419_MMJHS_Medium.yaml	CultureMech:009804	mmjhs_medium	data/normalized_yaml/bacterial/TOGO_M421_MMJHS_Medium.yaml	CultureMech:009807	mmjhs_medium	3	1	1	132	132	majority of records use VARIABLE concentrations	Candidate child formulation requires source/formulation review.
61750366b0dc7838	REVIEW_REQUIRED	LOW	SUPPLEMENTED_VARIANT	data/normalized_yaml/bacterial/TOGO_M73_Alkaline_Yeast_Extract-Malt_Extract_Agar.yaml	CultureMech:010146	alkaline_yeast_extract_malt_extract_agar	data/normalized_yaml/bacterial/yeast_extract_malt_extract_agar_isp_2_ph_8_5.yaml	CultureMech:010358	yeast_extract_malt_extract_agar_isp_2_ph_8_5	3	1	1	128	118	majority of records use VARIABLE concentrations	Name suggests added supplement/component; verify ingredient delta against source.
61750366b0dc7838	REVIEW_REQUIRED	LOW	SUPPLEMENTED_VARIANT	data/normalized_yaml/bacterial/TOGO_M73_Alkaline_Yeast_Extract-Malt_Extract_Agar.yaml	CultureMech:010146	alkaline_yeast_extract_malt_extract_agar	data/normalized_yaml/bacterial/yeast_extract_malt_extract_agar_ph_9_0.yaml	CultureMech:009921	yeast_extract_malt_extract_agar_ph_9_0	3	1	1	128	118	majority of records use VARIABLE concentrations	Name suggests added supplement/component; verify ingredient delta against source.
95c0a3db3c6895b0	REVIEW_REQUIRED	LOW	SUPPLEMENTED_VARIANT	data/normalized_yaml/bacterial/bhi_liquid_supplemented_with_haemin_and_nad.yaml	CultureMech:009431	bhi_liquid_supplemented_with_haemin_and_nad	data/normalized_yaml/bacterial/brain_heart_infusion_bhi_broth_supplemented_with_15_g_ml_nad_and_15_g_ml_haemin.yaml	CultureMech:008783	brain_heart_infusion_bhi_broth_supplemented_with_15_g_ml_nad_and_15_g_ml_haemin	3	2	1	107	107	majority of records use VARIABLE concentrations	Name suggests added supplement/component; verify ingredient delta against source.
95c0a3db3c6895b0	REVIEW_REQUIRED	LOW	SUPPLEMENTED_VARIANT	data/normalized_yaml/bacterial/bhi_liquid_supplemented_with_haemin_and_nad.yaml	CultureMech:009431	bhi_liquid_supplemented_with_haemin_and_nad	data/normalized_yaml/bacterial/brain_heart_infusion_bhi_broth_supplemented_with_haemin_and_nad.yaml	CultureMech:009459	brain_heart_infusion_bhi_broth_supplemented_with_haemin_and_nad	3	2	1	107	107	majority of records use VARIABLE concentrations	Name suggests added supplement/component; verify ingredient delta against source.
7fbfe52d2be0e314	REVIEW_REQUIRED	LOW	SOURCE_DUPLICATE	data/normalized_yaml/bacterial/brain_heart_infusion.yaml	CultureMech:008016	brain_heart_infusion	data/normalized_yaml/bacterial/1_10_brain_heart_infusion_medium_bhi.yaml	CultureMech:008659	1_10_brain_heart_infusion_medium_bhi	3	1	1	107	107	majority of records use VARIABLE concentrations	Same ingredient and concentration signature; review as possible duplicate source record.
7fbfe52d2be0e314	REVIEW_REQUIRED	LOW	SOURCE_DUPLICATE	data/normalized_yaml/bacterial/brain_heart_infusion.yaml	CultureMech:008016	brain_heart_infusion	data/normalized_yaml/bacterial/1_5_brain_heart_infusion.yaml	CultureMech:008472	1_5_brain_heart_infusion	3	1	1	107	107	majority of records use VARIABLE concentrations	Same ingredient and concentration signature; review as possible duplicate source record.
ba8acbb26bd78033	REVIEW_REQUIRED	LOW	CONCENTRATION_VARIANT	data/normalized_yaml/bacterial/desulfopila_corrodens_medium.yaml	CultureMech:000426	desulfopila_corrodens_medium	data/normalized_yaml/bacterial/for_dsm_15769.yaml	CultureMech:003515	for_dsm_15769	3	2	1	136	116	missing concentration objects present	Same ingredient identity signature but concentration signature differs from parent.
6f6024ca70c703f3	REVIEW_REQUIRED	LOW	CONCENTRATION_VARIANT	data/normalized_yaml/bacterial/desulfovibrio_shv_medium.yaml	CultureMech:006368	desulfovibrio_shv_medium	data/normalized_yaml/bacterial/desulfomicrobium_whb_medium.yaml	CultureMech:006367	desulfomicrobium_whb_medium	3	3	1	140	140	majority of records use VARIABLE concentrations	Same ingredient identity signature but concentration signature differs from parent.
6f6024ca70c703f3	REVIEW_REQUIRED	LOW	CONCENTRATION_VARIANT	data/normalized_yaml/bacterial/desulfovibrio_shv_medium.yaml	CultureMech:006368	desulfovibrio_shv_medium	data/normalized_yaml/bacterial/desulfovibrio_aespoeensis_medium.yaml	CultureMech:006364	desulfovibrio_aespoeensis_medium	3	3	1	140	140	majority of records use VARIABLE concentrations	Same ingredient identity signature but concentration signature differs from parent.
a0464f4708c86764	REVIEW_REQUIRED	LOW	CONCENTRATION_VARIANT	data/normalized_yaml/bacterial/desulfovibrio_sp_medium.yaml	CultureMech:004276	desulfovibrio_sp_medium	data/normalized_yaml/bacterial/desulfovibrio_baarsii_medium.yaml	CultureMech:004368	desulfovibrio_baarsii_medium	3	3	1	140	140	majority of records use VARIABLE concentrations	Same ingredient identity signature but concentration signature differs from parent.
a0464f4708c86764	REVIEW_REQUIRED	LOW	CONCENTRATION_VARIANT	data/normalized_yaml/bacterial/desulfovibrio_sp_medium.yaml	CultureMech:004276	desulfovibrio_sp_medium	data/normalized_yaml/bacterial/desulfovibrio_sapovorans_medium.yaml	CultureMech:004260	desulfovibrio_sapovorans_medium	3	3	1	140	140	majority of records use VARIABLE concentrations	Same ingredient identity signature but concentration signature differs from parent.
d7c3d25f18909602	REVIEW_REQUIRED	LOW	SOURCE_DUPLICATE	data/normalized_yaml/bacterial/dsm_10409.yaml	CultureMech:005599	dsm_10409	data/normalized_yaml/bacterial/dsm_10410.yaml	CultureMech:005600	dsm_10410	3	1	1	137	137	majority of records use VARIABLE concentrations	Same ingredient and concentration signature; review as possible duplicate source record.
24509a2a6d07630b	REVIEW_REQUIRED	LOW	SOURCE_DUPLICATE	data/normalized_yaml/bacterial/for_dsm_9463.yaml	CultureMech:006260	for_dsm_9463	data/normalized_yaml/bacterial/for_dsm_9466.yaml	CultureMech:006262	for_dsm_9466	3	1	1	140	140	majority of records use VARIABLE concentrations	Same ingredient and concentration signature; review as possible duplicate source record.
24509a2a6d07630b	REVIEW_REQUIRED	LOW	SOURCE_DUPLICATE	data/normalized_yaml/bacterial/for_dsm_9463.yaml	CultureMech:006260	for_dsm_9463	data/normalized_yaml/bacterial/for_dsm_9467.yaml	CultureMech:006263	for_dsm_9467	3	1	1	140	140	majority of records use VARIABLE concentrations	Same ingredient and concentration signature; review as possible duplicate source record.
ef787aff6644018a	REVIEW_REQUIRED	LOW	SOURCE_DUPLICATE	data/normalized_yaml/algae/bg11.yaml	CultureMech:015450	BG11	data/normalized_yaml/algae/bg11r.yaml	CultureMech:015456	BG11R	2	1	1	80	80	algae source-duplicate candidate has identical parsed ingredients but semantically broad medium names; verify source/formulation before migration	Same ingredient and concentration signature; review as possible duplicate source record.
75e8f7487127aabf	REVIEW_REQUIRED	LOW	SOURCE_DUPLICATE	data/normalized_yaml/algae/k35.yaml	CultureMech:000078	k35	data/normalized_yaml/algae/k_medium.yaml	CultureMech:000076	k_medium	2	1	1	88	88	algae source-duplicate candidate has identical parsed ingredients but semantically broad medium names; verify source/formulation before migration	Same ingredient and concentration signature; review as possible duplicate source record.
cc1e48b02d184f9f	REVIEW_REQUIRED	LOW	SOURCE_DUPLICATE	data/normalized_yaml/algae/sna.yaml	CultureMech:000133	sna	data/normalized_yaml/algae/sna_5.yaml	CultureMech:000134	sna_5	2	1	1	72	72	algae source-duplicate candidate has identical parsed ingredients but semantically broad medium names; verify source/formulation before migration	Same ingredient and concentration signature; review as possible duplicate source record.
98aaf1393e982b38	REVIEW_REQUIRED	LOW	SOURCE_DUPLICATE	data/normalized_yaml/archaea/KOMODO_150_ACIDIANUS_BRIERLEYI_MEDIUM.yaml	CultureMech:004173	acidianus_brierleyi_medium	data/normalized_yaml/bacterial/thiobacillus_caldus_medium.yaml	CultureMech:004174	thiobacillus_caldus_medium	2	1	1	150	140	majority of records use VARIABLE concentrations; group spans multiple category directories	Same ingredient and concentration signature; review as possible duplicate source record.
fdcf38112c226b1f	REVIEW_REQUIRED	LOW	SOURCE_DUPLICATE	data/normalized_yaml/archaea/KOMODO_182_SULFOLOBUS_medium.yaml	CultureMech:004205	sulfolobus_medium	data/normalized_yaml/archaea/sulfolobus_mt_4_medium.yaml	CultureMech:004206	sulfolobus_mt_4_medium	2	1	1	147	137	majority of records use VARIABLE concentrations	Same ingredient and concentration signature; review as possible duplicate source record.
73563db2d0b8e978	REVIEW_REQUIRED	LOW	SOURCE_DUPLICATE	data/normalized_yaml/archaea/KOMODO_203_METHANOTHERMUS_FERVIDUS_medium.yaml	CultureMech:004311	methanothermus_fervidus_medium	data/normalized_yaml/archaea/for_methanothermus_sociabilis.yaml	CultureMech:004298	for_methanothermus_sociabilis	2	1	1	146	136	majority of records use VARIABLE concentrations	Same ingredient and concentration signature; review as possible duplicate source record.
a3cb0716f8ad8fd0	REVIEW_REQUIRED	LOW	SOURCE_DUPLICATE	data/normalized_yaml/archaea/KOMODO_398_THERMOPLASMA_VOLCANIUM_medium.yaml	CultureMech:005187	thermoplasma_volcanium_medium	data/normalized_yaml/bacterial/aerobic_version.yaml	CultureMech:005186	aerobic_version	2	1	1	144	134	majority of records use VARIABLE concentrations; group spans multiple category directories	Same ingredient and concentration signature; review as possible duplicate source record.
bb47726309747a27	REVIEW_REQUIRED	LOW	SOURCE_DUPLICATE	data/normalized_yaml/archaea/KOMODO_795_STETTERIA_medium.yaml	CultureMech:006504	stetteria_medium	data/normalized_yaml/bacterial/KOMODO_795a_LEBETIMONAS_medium.yaml	CultureMech:006505	lebetimonas_medium	2	1	1	147	147	majority of records use VARIABLE concentrations; group spans multiple category directories	Same ingredient and concentration signature; review as possible duplicate source record.
99e71367bdca6382	REVIEW_REQUIRED	LOW	SOURCE_DUPLICATE	data/normalized_yaml/archaea/KOMODO_883_CALDIVIRGA_medium.yaml	CultureMech:006733	caldivirga_medium	data/normalized_yaml/archaea/KOMODO_991_CALDISPHAERA_medium.yaml	CultureMech:006963	caldisphaera_medium	2	1	1	146	146	majority of records use VARIABLE concentrations	Same ingredient and concentration signature; review as possible duplicate source record.
425a1798b359a899	REVIEW_REQUIRED	LOW	CONCENTRATION_VARIANT	data/normalized_yaml/archaea/TOGO_M167_Acidianus_Infernus_Medium_A.yaml	CultureMech:008238	acidianus_infernus_medium_a	data/normalized_yaml/bacterial/togo_medium_m178.yaml	CultureMech:008357	togo_medium_m178	2	2	1	126	116	majority of records use VARIABLE concentrations; group spans multiple category directories	Same ingredient identity signature but concentration signature differs from parent.
5207dc918946a5d9	REVIEW_REQUIRED	LOW	CONCENTRATION_VARIANT	data/normalized_yaml/archaea/TOGO_M223_Methanosarcina_Medium.yaml	CultureMech:008828	methanosarcina_medium	data/normalized_yaml/archaea/TOGO_M1187_Methanosarcina_Subterranea_Medium.yaml	CultureMech:007713	methanosarcina_subterranea_medium	2	2	1	130	130	majority of records use VARIABLE concentrations	Same ingredient identity signature but concentration signature differs from parent.
8257f02c8b9b22df	REVIEW_REQUIRED	LOW	CONCENTRATION_VARIANT	data/normalized_yaml/archaea/TOGO_M226_Picrophilus_Medium.yaml	CultureMech:008856	picrophilus_medium	data/normalized_yaml/archaea/TOGO_M173_Thermoplasma_Medium.yaml	CultureMech:008302	thermoplasma_medium	2	2	1	138	138	majority of records use VARIABLE concentrations	Same ingredient identity signature but concentration signature differs from parent.
4e8474d28d95a713	REVIEW_REQUIRED	LOW	CONCENTRATION_VARIANT	data/normalized_yaml/archaea/TOGO_M2385_Sulfolobus_Medium.yaml	CultureMech:008968	sulfolobus_medium	data/normalized_yaml/archaea/sulfolobus_medium_for_dsm_9790.yaml	CultureMech:008911	sulfolobus_medium_for_dsm_9790	2	2	1	142	132	majority of records use VARIABLE concentrations	Same ingredient identity signature but concentration signature differs from parent.
1b7d34f8032c274c	REVIEW_REQUIRED	LOW	CONCENTRATION_VARIANT	data/normalized_yaml/archaea/TOGO_M291_Vulcanisaeta_Medium.yaml	CultureMech:009455	vulcanisaeta_medium	data/normalized_yaml/archaea/TOGO_M176_Desulfurococcus_Medium.yaml	CultureMech:008335	desulfurococcus_medium	2	2	1	130	130	majority of records use VARIABLE concentrations	Same ingredient identity signature but concentration signature differs from parent.
c79fce49cb85dfca	REVIEW_REQUIRED	LOW	CONCENTRATION_VARIANT	data/normalized_yaml/archaea/methanogenium_sp_medium.yaml	CultureMech:005910	methanogenium_sp_medium	data/normalized_yaml/archaea/methanocorpusculum_medium.yaml	CultureMech:004706	methanocorpusculum_medium	2	2	1	117	117	missing concentration objects present	Same ingredient identity signature but concentration signature differs from parent.
669ca8ef9877a66c	REVIEW_REQUIRED	LOW	CONCENTRATION_VARIANT	data/normalized_yaml/archaea/methanolobus_ii_medium.yaml	CultureMech:005015	methanolobus_ii_medium	data/normalized_yaml/archaea/methanosarcina_frisia_medium.yaml	CultureMech:005072	methanosarcina_frisia_medium	2	2	1	138	138	majority of records use VARIABLE concentrations	Same ingredient identity signature but concentration signature differs from parent.
a5cad7f8b3c3a1aa	REVIEW_REQUIRED	LOW	SOURCE_DUPLICATE	data/normalized_yaml/archaea/sulfurisphaera_medium_ph_2_5.yaml	CultureMech:008214	sulfurisphaera_medium_ph_2_5	data/normalized_yaml/archaea/sulfurisphaera_medium_ph_5_0.yaml	CultureMech:008215	sulfurisphaera_medium_ph_5_0	2	1	1	129	129	majority of records use VARIABLE concentrations	Same ingredient and concentration signature; review as possible duplicate source record.
498122076c07a077	REVIEW_REQUIRED	LOW	SOURCE_DUPLICATE	data/normalized_yaml/bacterial/KOMODO_104_PYG-MEDIUM_modified.yaml	CultureMech:003608	pyg_medium_modified	data/normalized_yaml/bacterial/medium_104b_modified_for_dsm_13275.yaml	CultureMech:003612	medium_104b_modified_for_dsm_13275	2	1	1	138	128	majority of records use VARIABLE concentrations	Same ingredient and concentration signature; review as possible duplicate source record.
c59e76907ad5bcae	REVIEW_REQUIRED	LOW	DERIVED_FROM	data/normalized_yaml/bacterial/KOMODO_3073_Trace_element_solution_medium_318.yaml	CultureMech:004859	trace_element_solution_medium_318	data/normalized_yaml/bacterial/trace_element_solution_medium_318.yaml	CultureMech:004400	trace_element_solution_medium_318	2	1	1	150	140	majority of records use VARIABLE concentrations	Candidate child formulation requires source/formulation review.
2a963e7d39364f7f	REVIEW_REQUIRED	LOW	SOURCE_DUPLICATE	data/normalized_yaml/bacterial/KOMODO_350_CELLULOMONAS_FERMENTANS_medium.yaml	CultureMech:005066	cellulomonas_fermentans_medium	data/normalized_yaml/bacterial/for_aerobic_growth.yaml	CultureMech:005065	for_aerobic_growth	2	1	1	146	136	majority of records use VARIABLE concentrations	Same ingredient and concentration signature; review as possible duplicate source record.
c92b0f612f619306	REVIEW_REQUIRED	LOW	SALINITY_VARIANT	data/normalized_yaml/bacterial/KOMODO_63_DESULFOVIBRIO_medium.yaml	CultureMech:006160	desulfovibrio_medium	data/normalized_yaml/bacterial/for_dsm_12927_supplement_medium_with_10_g_l_nacl.yaml	CultureMech:006137	for_dsm_12927_supplement_medium_with_10_g_l_nacl	2	1	1	145	135	majority of records use VARIABLE concentrations	Name suggests salt/salinity change; verify concentration delta against source.
183aeb22a19bbfce	REVIEW_REQUIRED	LOW	SOURCE_DUPLICATE	data/normalized_yaml/bacterial/KOMODO_890_VM1_MEDIUM.yaml	CultureMech:006743	vm1_medium	data/normalized_yaml/bacterial/vm1_medium_for_heterotrophic_growth.yaml	CultureMech:006742	vm1_medium_for_heterotrophic_growth	2	1	1	150	140	majority of records use VARIABLE concentrations	Same ingredient and concentration signature; review as possible duplicate source record.
0f2857ff99c8b3ab	REVIEW_REQUIRED	LOW	CONCENTRATION_VARIANT	data/normalized_yaml/bacterial/KOMODO_891_SME_MEDIUM_MODIFIED_FOR_IS7.yaml	CultureMech:006744	sme_medium_modified_for_is7	data/normalized_yaml/bacterial/KOMODO_783_HYDROGENOTHERMUS_HIRSCHII_MEDIUM.yaml	CultureMech:006482	hydrogenothermus_hirschii_medium	2	2	1	150	150	majority of records use VARIABLE concentrations	Same ingredient identity signature but concentration signature differs from parent.
8aecf87fcd330746	REVIEW_REQUIRED	LOW	CONCENTRATION_VARIANT	data/normalized_yaml/bacterial/TOGO_M1044_IRD_Fusibacter_Medium.yaml	CultureMech:007560	ird_fusibacter_medium	data/normalized_yaml/bacterial/TOGO_M816_Clostridium_Lind_Medium.yaml	CultureMech:010228	clostridium_lind_medium	2	2	1	131	131	majority of records use VARIABLE concentrations	Same ingredient identity signature but concentration signature differs from parent.
85e871e644dcfe88	REVIEW_REQUIRED	LOW	CONCENTRATION_VARIANT	data/normalized_yaml/bacterial/TOGO_M1147_Alkaliphilus_3B_Medium.yaml	CultureMech:007670	alkaliphilus_3b_medium	data/normalized_yaml/bacterial/TOGO_M1146_Alkaliphilus_LACV_Medium.yaml	CultureMech:007669	alkaliphilus_lacv_medium	2	2	1	132	132	majority of records use VARIABLE concentrations	Same ingredient identity signature but concentration signature differs from parent.
fc285bcfb68dc643	REVIEW_REQUIRED	LOW	DERIVED_FROM	data/normalized_yaml/bacterial/TOGO_M1165_Bicarbonate_Buffered_Medium.yaml	CultureMech:007689	bicarbonate_buffered_medium	data/normalized_yaml/bacterial/TOGO_M1166_Bicarbonate_Buffered_Medium.yaml	CultureMech:007690	bicarbonate_buffered_medium	2	1	1	140	140	majority of records use VARIABLE concentrations	Candidate child formulation requires source/formulation review.
108f3c8d8156b800	REVIEW_REQUIRED	LOW	DERIVED_FROM	data/normalized_yaml/bacterial/TOGO_M118_Methanol-Utilizing_Bacteria_Medium_D.yaml	CultureMech:007715	methanol_utilizing_bacteria_medium_d	data/normalized_yaml/bacterial/methanol_utilizing_bacteria_medium_d.yaml	CultureMech:002435	methanol_utilizing_bacteria_medium_d	2	1	1	100	90	majority of records use VARIABLE concentrations	Candidate child formulation requires source/formulation review.
a8b17dc32ddea30c	REVIEW_REQUIRED	LOW	CONCENTRATION_VARIANT	data/normalized_yaml/bacterial/TOGO_M1200_Artficial_Brackish_Water_Medium.yaml	CultureMech:007727	artficial_brackish_water_medium	data/normalized_yaml/bacterial/artficial_marine_water_medium.yaml	CultureMech:007728	artficial_marine_water_medium	2	2	1	136	126	majority of records use VARIABLE concentrations	Same ingredient identity signature but concentration signature differs from parent.
67c061810175f9f9	REVIEW_REQUIRED	LOW	CONCENTRATION_VARIANT	data/normalized_yaml/bacterial/TOGO_M1242_Mollicutes_MZ-XQ_Medium.yaml	CultureMech:007772	mollicutes_mz_xq_medium	data/normalized_yaml/bacterial/medium_for_marine_spirochaetes.yaml	CultureMech:007761	medium_for_marine_spirochaetes	2	2	1	125	115	majority of records use VARIABLE concentrations	Same ingredient identity signature but concentration signature differs from parent.
c5ccdbeac6163c4a	REVIEW_REQUIRED	LOW	SOURCE_DUPLICATE	data/normalized_yaml/bacterial/TOGO_M1692_GYP_medium.yaml	CultureMech:008252	gyp_medium	data/normalized_yaml/bacterial/gyp_medium_ph_6.yaml	CultureMech:008233	gyp_medium_ph_6	2	1	1	132	122	majority of records use VARIABLE concentrations	Same ingredient and concentration signature; review as possible duplicate source record.
79cf219762fed12e	REVIEW_REQUIRED	LOW	SOURCE_DUPLICATE	data/normalized_yaml/bacterial/TOGO_M1739_YSG_Medium.yaml	CultureMech:008301	ysg_medium	data/normalized_yaml/bacterial/ysg_medium_ph_4_5.yaml	CultureMech:008347	ysg_medium_ph_4_5	2	1	1	123	113	majority of records use VARIABLE concentrations	Same ingredient and concentration signature; review as possible duplicate source record.
b4d55ac4d0a5d290	REVIEW_REQUIRED	LOW	DERIVED_FROM	data/normalized_yaml/bacterial/TOGO_M1784_Acidimicrobium_Medium.yaml	CultureMech:008351	acidimicrobium_medium	data/normalized_yaml/bacterial/TOGO_M719_Acidimicrobium_Medium.yaml	CultureMech:010126	acidimicrobium_medium	2	1	1	147	144	majority of records use VARIABLE concentrations	Candidate child formulation requires source/formulation review.
bd4b53f3d6c96e0a	REVIEW_REQUIRED	LOW	CONCENTRATION_VARIANT	data/normalized_yaml/bacterial/TOGO_M2332_Acidimicrobium_Medium.yaml	CultureMech:008919	acidimicrobium_medium	data/normalized_yaml/bacterial/TOGO_M1783_Acidimicrobium_Medium.yaml	CultureMech:008350	acidimicrobium_medium	2	2	1	144	141	majority of records use VARIABLE concentrations	Same ingredient identity signature but concentration signature differs from parent.
40e1af4a63b9a073	REVIEW_REQUIRED	LOW	SUPPLEMENTED_VARIANT	data/normalized_yaml/bacterial/TOGO_M2362_Columbia_Blood_Agar.yaml	CultureMech:008948	columbia_blood_agar	data/normalized_yaml/bacterial/TOGO_M2582_Columbia_Blood_Medium.yaml	CultureMech:009150	columbia_blood_medium	2	2	1	100	100	majority of records use VARIABLE concentrations	Name suggests added supplement/component; verify ingredient delta against source.
8e1bc403c7499a60	REVIEW_REQUIRED	LOW	SUPPLEMENTED_VARIANT	data/normalized_yaml/bacterial/TOGO_M2508_Columbia_agar_with_sheep_blood.yaml	CultureMech:009079	columbia_agar_with_sheep_blood	data/normalized_yaml/bacterial/columbia_agar_supplemented_with_5_sheep_blood.yaml	CultureMech:009379	columbia_agar_supplemented_with_5_sheep_blood	2	2	1	100	90	majority of records use VARIABLE concentrations	Name suggests added supplement/component; verify ingredient delta against source.
e9f112e393f86727	REVIEW_REQUIRED	LOW	SALINITY_VARIANT	data/normalized_yaml/bacterial/TOGO_M255_Brain_Heart_Infusion_Agar_With_2_NaCl.yaml	CultureMech:009128	brain_heart_infusion_agar_with_2_nacl	data/normalized_yaml/bacterial/NBRC_1245.yaml	CultureMech:007466	Brain Heart Infusion + 2% NaCl	2	2	1	127	123	majority of records use VARIABLE concentrations	Name suggests salt/salinity change; verify concentration delta against source.
3931be278d496a5e	REVIEW_REQUIRED	LOW	DERIVED_FROM	data/normalized_yaml/bacterial/TOGO_M2728_Thermoanaerobacter_BA_Medium.yaml	CultureMech:009278	thermoanaerobacter_ba_medium	data/normalized_yaml/bacterial/TOGO_M2730_Thermoanaerobacter_BA_Medium.yaml	CultureMech:009281	thermoanaerobacter_ba_medium	2	1	1	142	142	majority of records use VARIABLE concentrations	Candidate child formulation requires source/formulation review.
4da66a990b85a2b7	REVIEW_REQUIRED	LOW	DERIVED_FROM	data/normalized_yaml/bacterial/TOGO_M2729_Thermoanaerobacter_Brockii_Medium.yaml	CultureMech:009279	thermoanaerobacter_brockii_medium	data/normalized_yaml/bacterial/TOGO_M2731_Thermoanaerobacter_Brockii_Medium.yaml	CultureMech:009282	thermoanaerobacter_brockii_medium	2	1	1	139	139	majority of records use VARIABLE concentrations	Candidate child formulation requires source/formulation review.
5073273f32e0de8c	REVIEW_REQUIRED	LOW	SUPPLEMENTED_VARIANT	data/normalized_yaml/bacterial/TOGO_M2764_BHI_w_heat-inactivated_Fetal_Bovine_Serum_and_Glucose.yaml	CultureMech:009312	bhi_w_heat_inactivated_fetal_bovine_serum_and_glucose	data/normalized_yaml/bacterial/bhi_w_heat_inactivated_fetal_bovine_serum_and_glucose.yaml	CultureMech:009188	bhi_w_heat_inactivated_fetal_bovine_serum_and_glucose	2	1	1	118	108	majority of records use VARIABLE concentrations	Name suggests added supplement/component; verify ingredient delta against source.
28e97947cbc6644b	REVIEW_REQUIRED	LOW	CONCENTRATION_VARIANT	data/normalized_yaml/bacterial/TOGO_M2773_Serpulina_Murdochii_Medium.yaml	CultureMech:009321	serpulina_murdochii_medium	data/normalized_yaml/bacterial/TOGO_M2774_Serpulina_Murdochii_Medium.yaml	CultureMech:009322	serpulina_murdochii_medium	2	2	1	115	115	majority of records use VARIABLE concentrations	Same ingredient identity signature but concentration signature differs from parent.
9dde65860a4bcfbe	REVIEW_REQUIRED	LOW	DERIVED_FROM	data/normalized_yaml/bacterial/TOGO_M3200_Defined_minimal_medium.yaml	CultureMech:009643	defined_minimal_medium	data/normalized_yaml/bacterial/TOGO_M3201_Defined_minimal_medium.yaml	CultureMech:009644	defined_minimal_medium	2	1	1	144	144	majority of records use VARIABLE concentrations	Candidate child formulation requires source/formulation review.
b84482f3183f219b	REVIEW_REQUIRED	LOW	CONCENTRATION_VARIANT	data/normalized_yaml/bacterial/TOGO_M434_Anaerolinea_Medium.yaml	CultureMech:009820	anaerolinea_medium	data/normalized_yaml/bacterial/TOGO_M364_Tepidanaerobacter_Medium.yaml	CultureMech:009745	tepidanaerobacter_medium	2	2	1	125	125	majority of records use VARIABLE concentrations	Same ingredient identity signature but concentration signature differs from parent.
4ab21a7e682eeb75	REVIEW_REQUIRED	LOW	SALINITY_VARIANT	data/normalized_yaml/bacterial/TOGO_M555_Sulfate_Reducing_Bacterium_Medium_With_Lactate.yaml	CultureMech:009949	sulfate_reducing_bacterium_medium_with_lactate	data/normalized_yaml/bacterial/TOGO_M640_Sulfate-Reducing_Bacterium_Medium_With_2_NaCl_And_Lactate.yaml	CultureMech:010041	sulfate_reducing_bacterium_medium_with_2_nacl_and_lactate	2	2	1	127	127	majority of records use VARIABLE concentrations	Name suggests salt/salinity change; verify concentration delta against source.
3808d2bfd1d8b65b	REVIEW_REQUIRED	LOW	SOURCE_DUPLICATE	data/normalized_yaml/bacterial/TOGO_M601_Clostridium_Thermocellum_Medium.yaml	CultureMech:010000	clostridium_thermocellum_medium	data/normalized_yaml/bacterial/clostridium_thermocellum_medium_d58_medium.yaml	CultureMech:008330	clostridium_thermocellum_medium_d58_medium	2	1	1	131	124	majority of records use VARIABLE concentrations	Same ingredient and concentration signature; review as possible duplicate source record.
1cf2ed34786e61a9	REVIEW_REQUIRED	LOW	DERIVED_FROM	data/normalized_yaml/bacterial/TOGO_M802_Rumen_Fluid_Medium.yaml	CultureMech:010214	rumen_fluid_medium	data/normalized_yaml/bacterial/rumen_fluid_medium.yaml	CultureMech:003115	rumen_fluid_medium	2	1	1	137	127	majority of records use VARIABLE concentrations	Candidate child formulation requires source/formulation review.
2e0bff9ac620d7bc	REVIEW_REQUIRED	LOW	CONCENTRATION_VARIANT	data/normalized_yaml/bacterial/TOGO_M912_NM-57_Medium.yaml	CultureMech:010332	nm_57_medium	data/normalized_yaml/bacterial/TOGO_M871_7WAY-8-7_Medium.yaml	CultureMech:010289	7way_8_7_medium	2	2	1	125	125	majority of records use VARIABLE concentrations	Same ingredient identity signature but concentration signature differs from parent.
824ef9c5ac0ec55d	REVIEW_REQUIRED	LOW	DERIVED_FROM	data/normalized_yaml/bacterial/bacto_marine_agar.yaml	CultureMech:006092	bacto_marine_agar	data/normalized_yaml/specialized/bacto_marine_agar.yaml	CultureMech:015364	bacto_marine_agar	2	1	1	90	90	majority of records use VARIABLE concentrations; group spans multiple category directories	Candidate child formulation requires source/formulation review.
6d6fa906b0a89eae	REVIEW_REQUIRED	LOW	SUPPLEMENTED_VARIANT	data/normalized_yaml/bacterial/brain_heart_infusion_agar.yaml	CultureMech:002647	brain_heart_infusion_agar	data/normalized_yaml/bacterial/brain_heart_infusion_agar_with_soil_extract.yaml	CultureMech:002702	brain_heart_infusion_agar_with_soil_extract	2	1	1	110	110	majority of records use VARIABLE concentrations	Name suggests added supplement/component; verify ingredient delta against source.
bc408668a19b3c47	REVIEW_REQUIRED	LOW	SOURCE_DUPLICATE	data/normalized_yaml/bacterial/e31.yaml	CultureMech:000340	e31	data/normalized_yaml/bacterial/e26_biotin.yaml	CultureMech:000336	e26_biotin	2	1	1	127	127	majority of records use VARIABLE concentrations	Same ingredient and concentration signature; review as possible duplicate source record.
2baafe147a65de1c	REVIEW_REQUIRED	LOW	SOURCE_DUPLICATE	data/normalized_yaml/bacterial/fw_medium.yaml	CultureMech:009633	fw_medium	data/normalized_yaml/bacterial/anoxic_bicarbonate_buffered_freshwater_fw_medium.yaml	CultureMech:009632	anoxic_bicarbonate_buffered_freshwater_fw_medium	2	1	1	130	130	majority of records use VARIABLE concentrations	Same ingredient and concentration signature; review as possible duplicate source record.
b1d339ccadd0f6f4	REVIEW_REQUIRED	LOW	CONCENTRATION_VARIANT	data/normalized_yaml/bacterial/halo_1a.yaml	CultureMech:008665	halo_1a	data/normalized_yaml/bacterial/halo_2a.yaml	CultureMech:008664	halo_2a	2	2	1	130	130	majority of records use VARIABLE concentrations	Same ingredient identity signature but concentration signature differs from parent.
f2c6167a6e5175ec	REVIEW_REQUIRED	LOW	CONCENTRATION_VARIANT	data/normalized_yaml/bacterial/halo_1b.yaml	CultureMech:008666	halo_1b	data/normalized_yaml/bacterial/halo_2b.yaml	CultureMech:008623	halo_2b	2	2	1	130	130	majority of records use VARIABLE concentrations	Same ingredient identity signature but concentration signature differs from parent.
1acf73bfa5b0bc96	REVIEW_REQUIRED	LOW	CONCENTRATION_VARIANT	data/normalized_yaml/bacterial/ird_marine_desulfovibrio_medium_2.yaml	CultureMech:007720	ird_marine_desulfovibrio_medium_2	data/normalized_yaml/bacterial/ird_marine_desulfovibrio_medium_3.yaml	CultureMech:007721	ird_marine_desulfovibrio_medium_3	2	2	1	122	122	majority of records use VARIABLE concentrations	Same ingredient identity signature but concentration signature differs from parent.
5809969c6d7b500d	REVIEW_REQUIRED	LOW	CONCENTRATION_VARIANT	data/normalized_yaml/bacterial/marine_aob_medium_a.yaml	CultureMech:007643	marine_aob_medium_a	data/normalized_yaml/bacterial/marine_aob_medium_b.yaml	CultureMech:007644	marine_aob_medium_b	2	2	1	123	123	majority of records use VARIABLE concentrations	Same ingredient identity signature but concentration signature differs from parent.
0323c89587856738	REVIEW_REQUIRED	LOW	SOURCE_DUPLICATE	data/normalized_yaml/bacterial/masm.yaml	CultureMech:000357	masm	data/normalized_yaml/bacterial/bw_masm.yaml	CultureMech:000326	bw_masm	2	1	1	137	137	majority of records use VARIABLE concentrations	Same ingredient and concentration signature; review as possible duplicate source record.
f1d880f80105329d	REVIEW_REQUIRED	LOW	SOURCE_DUPLICATE	data/normalized_yaml/bacterial/medium_372_modified_for_dsm_18494.yaml	CultureMech:005096	medium_372_modified_for_dsm_18494	data/normalized_yaml/bacterial/medium_372_modified_for_dsm_18495.yaml	CultureMech:005097	medium_372_modified_for_dsm_18495	2	1	1	127	127	majority of records use VARIABLE concentrations	Same ingredient and concentration signature; review as possible duplicate source record.
dbfadfc5f66028f3	REVIEW_REQUIRED	LOW	SOURCE_DUPLICATE	data/normalized_yaml/bacterial/medium_830_modified_for_dsm_17997.yaml	CultureMech:006574	medium_830_modified_for_dsm_17997	data/normalized_yaml/bacterial/medium_830_modified_for_dsm_17998.yaml	CultureMech:006575	medium_830_modified_for_dsm_17998	2	1	1	132	132	majority of records use VARIABLE concentrations	Same ingredient and concentration signature; review as possible duplicate source record.
40f018093b8a69e0	REVIEW_REQUIRED	LOW	CONCENTRATION_VARIANT	data/normalized_yaml/bacterial/medium_for_strain_ja480.yaml	CultureMech:008447	medium_for_strain_ja480	data/normalized_yaml/bacterial/medium_for_strain_ja580.yaml	CultureMech:008492	medium_for_strain_ja580	2	2	1	126	126	majority of records use VARIABLE concentrations	Same ingredient identity signature but concentration signature differs from parent.
bf95c3468ea859c4	REVIEW_REQUIRED	LOW	CONCENTRATION_VARIANT	data/normalized_yaml/bacterial/medium_for_strain_t08.yaml	CultureMech:008634	medium_for_strain_t08	data/normalized_yaml/bacterial/medium_for_strain_bsn1.yaml	CultureMech:008559	medium_for_strain_bsn1	2	2	1	123	123	majority of records use VARIABLE concentrations	Same ingredient identity signature but concentration signature differs from parent.
230d297337fcf88d	REVIEW_REQUIRED	LOW	CONCENTRATION_VARIANT	data/normalized_yaml/bacterial/medium_for_strains_ja430.yaml	CultureMech:008438	medium_for_strains_ja430	data/normalized_yaml/bacterial/medium_for_strain_ja349_and_ja350.yaml	CultureMech:008399	medium_for_strain_ja349_and_ja350	2	2	1	124	124	majority of records use VARIABLE concentrations	Same ingredient identity signature but concentration signature differs from parent.
04284b82208305bb	REVIEW_REQUIRED	LOW	CONCENTRATION_VARIANT	data/normalized_yaml/bacterial/mm_w_medium_meoh.yaml	CultureMech:008704	mm_w_medium_meoh	data/normalized_yaml/bacterial/modified_mb_w_medium.yaml	CultureMech:008726	modified_mb_w_medium	2	2	1	135	135	majority of records use VARIABLE concentrations	Same ingredient identity signature but concentration signature differs from parent.
d4d6c1b6d8a68df9	REVIEW_REQUIRED	LOW	CONCENTRATION_VARIANT	data/normalized_yaml/bacterial/pelobacter_venetianus_marine_medium.yaml	CultureMech:004760	pelobacter_venetianus_marine_medium	data/normalized_yaml/bacterial/pelobacter_venetianus_fresh_water_medium.yaml	CultureMech:004774	pelobacter_venetianus_fresh_water_medium	2	2	1	140	140	majority of records use VARIABLE concentrations	Same ingredient identity signature but concentration signature differs from parent.
eea8ab1697f1bb59	REVIEW_REQUIRED	LOW	DERIVED_FROM	data/normalized_yaml/bacterial/s_w_amp.yaml	CultureMech:000307	s_w_amp	data/normalized_yaml/algae/s_w_amp.yaml	CultureMech:000136	s_w_amp	2	1	1	107	77	majority of records use VARIABLE concentrations; group spans multiple category directories	Candidate child formulation requires source/formulation review.
a83d969dec1c6fb3	REVIEW_REQUIRED	LOW	DERIVED_FROM	data/normalized_yaml/bacterial/s_w_ca.yaml	CultureMech:000308	s_w_ca	data/normalized_yaml/algae/s_w_ca.yaml	CultureMech:000137	s_w_ca	2	1	1	107	77	majority of records use VARIABLE concentrations; group spans multiple category directories	Candidate child formulation requires source/formulation review.
1071bd0f3f5cef19	REVIEW_REQUIRED	LOW	CONCENTRATION_VARIANT	data/normalized_yaml/bacterial/togo_medium_m1497.yaml	CultureMech:008042	togo_medium_m1497	data/normalized_yaml/archaea/picrophilus_torridus_medium.yaml	CultureMech:008207	picrophilus_torridus_medium	2	2	1	134	134	majority of records use VARIABLE concentrations; group spans multiple category directories	Same ingredient identity signature but concentration signature differs from parent.
dfce4eeca2b86086	REVIEW_REQUIRED	LOW	CONCENTRATION_VARIANT	data/normalized_yaml/specialized/marine_ammonium_mineral_salts.yaml	CultureMech:015337	marine_ammonium_mineral_salts	data/normalized_yaml/bacterial/medium_1313_modified_for_dsm_25384.yaml	CultureMech:004068	medium_1313_modified_for_dsm_25384	2	2	1	137	117	missing concentration objects present; group spans multiple category directories	Same ingredient identity signature but concentration signature differs from parent.
900cbf3d7803354f	REVIEW_REQUIRED	MEDIUM	SOURCE_DUPLICATE	data/normalized_yaml/bacterial/KOMODO_514b_medium_514_plus_additional_salt.yaml	CultureMech:005865	medium_514_plus_additional_salt	data/normalized_yaml/bacterial/bacto_marine_broth_difco_2216.yaml	CultureMech:005850	bacto_marine_broth_difco_2216	157	1	1	142	132	large group requires family-level review before migration; group spans multiple category directories	Same ingredient and concentration signature; review as possible duplicate source record.
900cbf3d7803354f	REVIEW_REQUIRED	MEDIUM	SOURCE_DUPLICATE	data/normalized_yaml/bacterial/KOMODO_514b_medium_514_plus_additional_salt.yaml	CultureMech:005865	medium_514_plus_additional_salt	data/normalized_yaml/bacterial/for_strains_dsm_21167_dsm_21194.yaml	CultureMech:005855	for_strains_dsm_21167_dsm_21194	157	1	1	142	92	large group requires family-level review before migration; group spans multiple category directories	Same ingredient and concentration signature; review as possible duplicate source record.
900cbf3d7803354f	REVIEW_REQUIRED	MEDIUM	SOURCE_DUPLICATE	data/normalized_yaml/bacterial/KOMODO_514b_medium_514_plus_additional_salt.yaml	CultureMech:005865	medium_514_plus_additional_salt	data/normalized_yaml/bacterial/for_strains_dsm_21373_dsm_21449_dsm_21450_dsm_21621_and_dsm_21632.yaml	CultureMech:005867	for_strains_dsm_21373_dsm_21449_dsm_21450_dsm_21621_and_dsm_21632	157	1	1	142	92	large group requires family-level review before migration; group spans multiple category directories	Same ingredient and concentration signature; review as possible duplicate source record.
900cbf3d7803354f	REVIEW_REQUIRED	MEDIUM	SOURCE_DUPLICATE	data/normalized_yaml/bacterial/KOMODO_514b_medium_514_plus_additional_salt.yaml	CultureMech:005865	medium_514_plus_additional_salt	data/normalized_yaml/bacterial/for_strains_dsm_23437_dsm_23508_dsm23509_dsm_21076_dsm_26132.yaml	CultureMech:005863	for_strains_dsm_23437_dsm_23508_dsm23509_dsm_21076_dsm_26132	157	1	1	142	92	large group requires family-level review before migration; group spans multiple category directories	Same ingredient and concentration signature; review as possible duplicate source record.
900cbf3d7803354f	REVIEW_REQUIRED	MEDIUM	SOURCE_DUPLICATE	data/normalized_yaml/bacterial/KOMODO_514b_medium_514_plus_additional_salt.yaml	CultureMech:005865	medium_514_plus_additional_salt	data/normalized_yaml/bacterial/for_strains_dsm_23438_dsm_21056_dsm_21166_dsm_21888_dsm_5160.yaml	CultureMech:005860	for_strains_dsm_23438_dsm_21056_dsm_21166_dsm_21888_dsm_5160	157	1	1	142	92	large group requires family-level review before migration; group spans multiple category directories	Same ingredient and concentration signature; review as possible duplicate source record.
900cbf3d7803354f	REVIEW_REQUIRED	MEDIUM	SOURCE_DUPLICATE	data/normalized_yaml/bacterial/KOMODO_514b_medium_514_plus_additional_salt.yaml	CultureMech:005865	medium_514_plus_additional_salt	data/normalized_yaml/bacterial/for_strains_dsm_24014.yaml	CultureMech:005862	for_strains_dsm_24014	157	1	1	142	92	large group requires family-level review before migration; group spans multiple category directories	Same ingredient and concentration signature; review as possible duplicate source record.
900cbf3d7803354f	REVIEW_REQUIRED	MEDIUM	SOURCE_DUPLICATE	data/normalized_yaml/bacterial/KOMODO_514b_medium_514_plus_additional_salt.yaml	CultureMech:005865	medium_514_plus_additional_salt	data/normalized_yaml/bacterial/for_strains_dsm_5349_dsm_24106_dsm_24107_dsm_24186_dsm_23100_dsm_21021_dsm_19800_dsm_19821.yaml	CultureMech:005859	for_strains_dsm_5349_dsm_24106_dsm_24107_dsm_24186_dsm_23100_dsm_21021_dsm_19800_dsm_19821	157	1	1	142	92	large group requires family-level review before migration; group spans multiple category directories	Same ingredient and concentration signature; review as possible duplicate source record.
900cbf3d7803354f	REVIEW_REQUIRED	MEDIUM	SOURCE_DUPLICATE	data/normalized_yaml/bacterial/KOMODO_514b_medium_514_plus_additional_salt.yaml	CultureMech:005865	medium_514_plus_additional_salt	data/normalized_yaml/bacterial/for_strains_dsm_5351_dsm_23229_dsm_22730_dsm_22404_dsm_22403_dsm_22402.yaml	CultureMech:005861	for_strains_dsm_5351_dsm_23229_dsm_22730_dsm_22404_dsm_22403_dsm_22402	157	1	1	142	92	large group requires family-level review before migration; group spans multiple category directories	Same ingredient and concentration signature; review as possible duplicate source record.
900cbf3d7803354f	REVIEW_REQUIRED	MEDIUM	SOURCE_DUPLICATE	data/normalized_yaml/bacterial/KOMODO_514b_medium_514_plus_additional_salt.yaml	CultureMech:005865	medium_514_plus_additional_salt	data/normalized_yaml/bacterial/half_strength_bacto_marine_broth.yaml	CultureMech:005853	half_strength_bacto_marine_broth	157	1	1	142	132	large group requires family-level review before migration; group spans multiple category directories	Same ingredient and concentration signature; review as possible duplicate source record.
900cbf3d7803354f	REVIEW_REQUIRED	MEDIUM	SOURCE_DUPLICATE	data/normalized_yaml/bacterial/KOMODO_514b_medium_514_plus_additional_salt.yaml	CultureMech:005865	medium_514_plus_additional_salt	data/normalized_yaml/bacterial/medium_514_modified_for_dsm_11573.yaml	CultureMech:005715	medium_514_modified_for_dsm_11573	157	1	1	142	132	large group requires family-level review before migration; group spans multiple category directories	Same ingredient and concentration signature; review as possible duplicate source record.
900cbf3d7803354f	REVIEW_REQUIRED	MEDIUM	SOURCE_DUPLICATE	data/normalized_yaml/bacterial/KOMODO_514b_medium_514_plus_additional_salt.yaml	CultureMech:005865	medium_514_plus_additional_salt	data/normalized_yaml/bacterial/medium_514_modified_for_dsm_11708.yaml	CultureMech:005716	medium_514_modified_for_dsm_11708	157	1	1	142	132	large group requires family-level review before migration; group spans multiple category directories	Same ingredient and concentration signature; review as possible duplicate source record.
900cbf3d7803354f	REVIEW_REQUIRED	MEDIUM	SOURCE_DUPLICATE	data/normalized_yaml/bacterial/KOMODO_514b_medium_514_plus_additional_salt.yaml	CultureMech:005865	medium_514_plus_additional_salt	data/normalized_yaml/bacterial/medium_514_modified_for_dsm_11709.yaml	CultureMech:005717	medium_514_modified_for_dsm_11709	157	1	1	142	132	large group requires family-level review before migration; group spans multiple category directories	Same ingredient and concentration signature; review as possible duplicate source record.
900cbf3d7803354f	REVIEW_REQUIRED	MEDIUM	SOURCE_DUPLICATE	data/normalized_yaml/bacterial/KOMODO_514b_medium_514_plus_additional_salt.yaml	CultureMech:005865	medium_514_plus_additional_salt	data/normalized_yaml/bacterial/medium_514_modified_for_dsm_12178.yaml	CultureMech:005718	medium_514_modified_for_dsm_12178	157	1	1	142	132	large group requires family-level review before migration; group spans multiple category directories	Same ingredient and concentration signature; review as possible duplicate source record.
900cbf3d7803354f	REVIEW_REQUIRED	MEDIUM	SOURCE_DUPLICATE	data/normalized_yaml/bacterial/KOMODO_514b_medium_514_plus_additional_salt.yaml	CultureMech:005865	medium_514_plus_additional_salt	data/normalized_yaml/bacterial/medium_514_modified_for_dsm_13445.yaml	CultureMech:005719	medium_514_modified_for_dsm_13445	157	1	1	142	132	large group requires family-level review before migration; group spans multiple category directories	Same ingredient and concentration signature; review as possible duplicate source record.
900cbf3d7803354f	REVIEW_REQUIRED	MEDIUM	SOURCE_DUPLICATE	data/normalized_yaml/bacterial/KOMODO_514b_medium_514_plus_additional_salt.yaml	CultureMech:005865	medium_514_plus_additional_salt	data/normalized_yaml/bacterial/medium_514_modified_for_dsm_13778.yaml	CultureMech:005720	medium_514_modified_for_dsm_13778	157	1	1	142	132	large group requires family-level review before migration; group spans multiple category directories	Same ingredient and concentration signature; review as possible duplicate source record.
900cbf3d7803354f	REVIEW_REQUIRED	MEDIUM	SOURCE_DUPLICATE	data/normalized_yaml/bacterial/KOMODO_514b_medium_514_plus_additional_salt.yaml	CultureMech:005865	medium_514_plus_additional_salt	data/normalized_yaml/bacterial/medium_514_modified_for_dsm_13965.yaml	CultureMech:005721	medium_514_modified_for_dsm_13965	157	1	1	142	132	large group requires family-level review before migration; group spans multiple category directories	Same ingredient and concentration signature; review as possible duplicate source record.
900cbf3d7803354f	REVIEW_REQUIRED	MEDIUM	SOURCE_DUPLICATE	data/normalized_yaml/bacterial/KOMODO_514b_medium_514_plus_additional_salt.yaml	CultureMech:005865	medium_514_plus_additional_salt	data/normalized_yaml/bacterial/medium_514_modified_for_dsm_14014.yaml	CultureMech:005722	medium_514_modified_for_dsm_14014	157	1	1	142	132	large group requires family-level review before migration; group spans multiple category directories	Same ingredient and concentration signature; review as possible duplicate source record.
900cbf3d7803354f	REVIEW_REQUIRED	MEDIUM	SOURCE_DUPLICATE	data/normalized_yaml/bacterial/KOMODO_514b_medium_514_plus_additional_salt.yaml	CultureMech:005865	medium_514_plus_additional_salt	data/normalized_yaml/bacterial/medium_514_modified_for_dsm_14161.yaml	CultureMech:005723	medium_514_modified_for_dsm_14161	157	1	1	142	132	large group requires family-level review before migration; group spans multiple category directories	Same ingredient and concentration signature; review as possible duplicate source record.
900cbf3d7803354f	REVIEW_REQUIRED	MEDIUM	SOURCE_DUPLICATE	data/normalized_yaml/bacterial/KOMODO_514b_medium_514_plus_additional_salt.yaml	CultureMech:005865	medium_514_plus_additional_salt	data/normalized_yaml/bacterial/medium_514_modified_for_dsm_14323.yaml	CultureMech:005724	medium_514_modified_for_dsm_14323	157	1	1	142	132	large group requires family-level review before migration; group spans multiple category directories	Same ingredient and concentration signature; review as possible duplicate source record.
900cbf3d7803354f	REVIEW_REQUIRED	MEDIUM	SOURCE_DUPLICATE	data/normalized_yaml/bacterial/KOMODO_514b_medium_514_plus_additional_salt.yaml	CultureMech:005865	medium_514_plus_additional_salt	data/normalized_yaml/bacterial/medium_514_modified_for_dsm_14512.yaml	CultureMech:005725	medium_514_modified_for_dsm_14512	157	1	1	142	132	large group requires family-level review before migration; group spans multiple category directories	Same ingredient and concentration signature; review as possible duplicate source record.
900cbf3d7803354f	REVIEW_REQUIRED	MEDIUM	SOURCE_DUPLICATE	data/normalized_yaml/bacterial/KOMODO_514b_medium_514_plus_additional_salt.yaml	CultureMech:005865	medium_514_plus_additional_salt	data/normalized_yaml/bacterial/medium_514_modified_for_dsm_14852.yaml	CultureMech:005726	medium_514_modified_for_dsm_14852	157	1	1	142	132	large group requires family-level review before migration; group spans multiple category directories	Same ingredient and concentration signature; review as possible duplicate source record.
900cbf3d7803354f	REVIEW_REQUIRED	MEDIUM	SOURCE_DUPLICATE	data/normalized_yaml/bacterial/KOMODO_514b_medium_514_plus_additional_salt.yaml	CultureMech:005865	medium_514_plus_additional_salt	data/normalized_yaml/bacterial/medium_514_modified_for_dsm_14866.yaml	CultureMech:005727	medium_514_modified_for_dsm_14866	157	1	1	142	132	large group requires family-level review before migration; group spans multiple category directories	Same ingredient and concentration signature; review as possible duplicate source record.
900cbf3d7803354f	REVIEW_REQUIRED	MEDIUM	SOURCE_DUPLICATE	data/normalized_yaml/bacterial/KOMODO_514b_medium_514_plus_additional_salt.yaml	CultureMech:005865	medium_514_plus_additional_salt	data/normalized_yaml/bacterial/medium_514_modified_for_dsm_14867.yaml	CultureMech:005728	medium_514_modified_for_dsm_14867	157	1	1	142	132	large group requires family-level review before migration; group spans multiple category directories	Same ingredient and concentration signature; review as possible duplicate source record.
900cbf3d7803354f	REVIEW_REQUIRED	MEDIUM	SOURCE_DUPLICATE	data/normalized_yaml/bacterial/KOMODO_514b_medium_514_plus_additional_salt.yaml	CultureMech:005865	medium_514_plus_additional_salt	data/normalized_yaml/bacterial/medium_514_modified_for_dsm_14868.yaml	CultureMech:005729	medium_514_modified_for_dsm_14868	157	1	1	142	132	large group requires family-level review before migration; group spans multiple category directories	Same ingredient and concentration signature; review as possible duplicate source record.
900cbf3d7803354f	REVIEW_REQUIRED	MEDIUM	SOURCE_DUPLICATE	data/normalized_yaml/bacterial/KOMODO_514b_medium_514_plus_additional_salt.yaml	CultureMech:005865	medium_514_plus_additional_salt	data/normalized_yaml/bacterial/medium_514_modified_for_dsm_14913.yaml	CultureMech:005730	medium_514_modified_for_dsm_14913	157	1	1	142	132	large group requires family-level review before migration; group spans multiple category directories	Same ingredient and concentration signature; review as possible duplicate source record.
900cbf3d7803354f	REVIEW_REQUIRED	MEDIUM	SOURCE_DUPLICATE	data/normalized_yaml/bacterial/KOMODO_514b_medium_514_plus_additional_salt.yaml	CultureMech:005865	medium_514_plus_additional_salt	data/normalized_yaml/bacterial/medium_514_modified_for_dsm_15140.yaml	CultureMech:005731	medium_514_modified_for_dsm_15140	157	1	1	142	132	large group requires family-level review before migration; group spans multiple category directories	Same ingredient and concentration signature; review as possible duplicate source record.
900cbf3d7803354f	REVIEW_REQUIRED	MEDIUM	SOURCE_DUPLICATE	data/normalized_yaml/bacterial/KOMODO_514b_medium_514_plus_additional_salt.yaml	CultureMech:005865	medium_514_plus_additional_salt	data/normalized_yaml/bacterial/medium_514_modified_for_dsm_15367.yaml	CultureMech:005732	medium_514_modified_for_dsm_15367	157	1	1	142	132	large group requires family-level review before migration; group spans multiple category directories	Same ingredient and concentration signature; review as possible duplicate source record.
900cbf3d7803354f	REVIEW_REQUIRED	MEDIUM	SOURCE_DUPLICATE	data/normalized_yaml/bacterial/KOMODO_514b_medium_514_plus_additional_salt.yaml	CultureMech:005865	medium_514_plus_additional_salt	data/normalized_yaml/bacterial/medium_514_modified_for_dsm_15516.yaml	CultureMech:005733	medium_514_modified_for_dsm_15516	157	1	1	142	132	large group requires family-level review before migration; group spans multiple category directories	Same ingredient and concentration signature; review as possible duplicate source record.
900cbf3d7803354f	REVIEW_REQUIRED	MEDIUM	SOURCE_DUPLICATE	data/normalized_yaml/bacterial/KOMODO_514b_medium_514_plus_additional_salt.yaml	CultureMech:005865	medium_514_plus_additional_salt	data/normalized_yaml/bacterial/medium_514_modified_for_dsm_15517.yaml	CultureMech:005734	medium_514_modified_for_dsm_15517	157	1	1	142	132	large group requires family-level review before migration; group spans multiple category directories	Same ingredient and concentration signature; review as possible duplicate source record.
900cbf3d7803354f	REVIEW_REQUIRED	MEDIUM	SOURCE_DUPLICATE	data/normalized_yaml/bacterial/KOMODO_514b_medium_514_plus_additional_salt.yaml	CultureMech:005865	medium_514_plus_additional_salt	data/normalized_yaml/bacterial/medium_514_modified_for_dsm_15547.yaml	CultureMech:005735	medium_514_modified_for_dsm_15547	157	1	1	142	132	large group requires family-level review before migration; group spans multiple category directories	Same ingredient and concentration signature; review as possible duplicate source record.
900cbf3d7803354f	REVIEW_REQUIRED	MEDIUM	SOURCE_DUPLICATE	data/normalized_yaml/bacterial/KOMODO_514b_medium_514_plus_additional_salt.yaml	CultureMech:005865	medium_514_plus_additional_salt	data/normalized_yaml/bacterial/medium_514_modified_for_dsm_15686.yaml	CultureMech:005736	medium_514_modified_for_dsm_15686	157	1	1	142	132	large group requires family-level review before migration; group spans multiple category directories	Same ingredient and concentration signature; review as possible duplicate source record.
900cbf3d7803354f	REVIEW_REQUIRED	MEDIUM	SOURCE_DUPLICATE	data/normalized_yaml/bacterial/KOMODO_514b_medium_514_plus_additional_salt.yaml	CultureMech:005865	medium_514_plus_additional_salt	data/normalized_yaml/bacterial/medium_514_modified_for_dsm_15720.yaml	CultureMech:005737	medium_514_modified_for_dsm_15720	157	1	1	142	132	large group requires family-level review before migration; group spans multiple category directories	Same ingredient and concentration signature; review as possible duplicate source record.
900cbf3d7803354f	REVIEW_REQUIRED	MEDIUM	SOURCE_DUPLICATE	data/normalized_yaml/bacterial/KOMODO_514b_medium_514_plus_additional_salt.yaml	CultureMech:005865	medium_514_plus_additional_salt	data/normalized_yaml/bacterial/medium_514_modified_for_dsm_15721.yaml	CultureMech:005738	medium_514_modified_for_dsm_15721	157	1	1	142	132	large group requires family-level review before migration; group spans multiple category directories	Same ingredient and concentration signature; review as possible duplicate source record.
900cbf3d7803354f	REVIEW_REQUIRED	MEDIUM	SOURCE_DUPLICATE	data/normalized_yaml/bacterial/KOMODO_514b_medium_514_plus_additional_salt.yaml	CultureMech:005865	medium_514_plus_additional_salt	data/normalized_yaml/bacterial/medium_514_modified_for_dsm_15722.yaml	CultureMech:005739	medium_514_modified_for_dsm_15722	157	1	1	142	132	large group requires family-level review before migration; group spans multiple category directories	Same ingredient and concentration signature; review as possible duplicate source record.
900cbf3d7803354f	REVIEW_REQUIRED	MEDIUM	SOURCE_DUPLICATE	data/normalized_yaml/bacterial/KOMODO_514b_medium_514_plus_additional_salt.yaml	CultureMech:005865	medium_514_plus_additional_salt	data/normalized_yaml/bacterial/medium_514_modified_for_dsm_15723.yaml	CultureMech:005740	medium_514_modified_for_dsm_15723	157	1	1	142	132	large group requires family-level review before migration; group spans multiple category directories	Same ingredient and concentration signature; review as possible duplicate source record.
900cbf3d7803354f	REVIEW_REQUIRED	MEDIUM	SOURCE_DUPLICATE	data/normalized_yaml/bacterial/KOMODO_514b_medium_514_plus_additional_salt.yaml	CultureMech:005865	medium_514_plus_additional_salt	data/normalized_yaml/bacterial/medium_514_modified_for_dsm_15724.yaml	CultureMech:005741	medium_514_modified_for_dsm_15724	157	1	1	142	132	large group requires family-level review before migration; group spans multiple category directories	Same ingredient and concentration signature; review as possible duplicate source record.
900cbf3d7803354f	REVIEW_REQUIRED	MEDIUM	SOURCE_DUPLICATE	data/normalized_yaml/bacterial/KOMODO_514b_medium_514_plus_additional_salt.yaml	CultureMech:005865	medium_514_plus_additional_salt	data/normalized_yaml/bacterial/medium_514_modified_for_dsm_15725.yaml	CultureMech:005742	medium_514_modified_for_dsm_15725	157	1	1	142	132	large group requires family-level review before migration; group spans multiple category directories	Same ingredient and concentration signature; review as possible duplicate source record.
900cbf3d7803354f	REVIEW_REQUIRED	MEDIUM	SOURCE_DUPLICATE	data/normalized_yaml/bacterial/KOMODO_514b_medium_514_plus_additional_salt.yaml	CultureMech:005865	medium_514_plus_additional_salt	data/normalized_yaml/bacterial/medium_514_modified_for_dsm_15911.yaml	CultureMech:005743	medium_514_modified_for_dsm_15911	157	1	1	142	132	large group requires family-level review before migration; group spans multiple category directories	Same ingredient and concentration signature; review as possible duplicate source record.
900cbf3d7803354f	REVIEW_REQUIRED	MEDIUM	SOURCE_DUPLICATE	data/normalized_yaml/bacterial/KOMODO_514b_medium_514_plus_additional_salt.yaml	CultureMech:005865	medium_514_plus_additional_salt	data/normalized_yaml/bacterial/medium_514_modified_for_dsm_16094.yaml	CultureMech:005744	medium_514_modified_for_dsm_16094	157	1	1	142	132	large group requires family-level review before migration; group spans multiple category directories	Same ingredient and concentration signature; review as possible duplicate source record.
900cbf3d7803354f	REVIEW_REQUIRED	MEDIUM	SOURCE_DUPLICATE	data/normalized_yaml/bacterial/KOMODO_514b_medium_514_plus_additional_salt.yaml	CultureMech:005865	medium_514_plus_additional_salt	data/normalized_yaml/bacterial/medium_514_modified_for_dsm_16096.yaml	CultureMech:005745	medium_514_modified_for_dsm_16096	157	1	1	142	132	large group requires family-level review before migration; group spans multiple category directories	Same ingredient and concentration signature; review as possible duplicate source record.
900cbf3d7803354f	REVIEW_REQUIRED	MEDIUM	SOURCE_DUPLICATE	data/normalized_yaml/bacterial/KOMODO_514b_medium_514_plus_additional_salt.yaml	CultureMech:005865	medium_514_plus_additional_salt	data/normalized_yaml/bacterial/medium_514_modified_for_dsm_16098.yaml	CultureMech:005746	medium_514_modified_for_dsm_16098	157	1	1	142	132	large group requires family-level review before migration; group spans multiple category directories	Same ingredient and concentration signature; review as possible duplicate source record.
900cbf3d7803354f	REVIEW_REQUIRED	MEDIUM	SOURCE_DUPLICATE	data/normalized_yaml/bacterial/KOMODO_514b_medium_514_plus_additional_salt.yaml	CultureMech:005865	medium_514_plus_additional_salt	data/normalized_yaml/bacterial/medium_514_modified_for_dsm_16108.yaml	CultureMech:005747	medium_514_modified_for_dsm_16108	157	1	1	142	132	large group requires family-level review before migration; group spans multiple category directories	Same ingredient and concentration signature; review as possible duplicate source record.
900cbf3d7803354f	REVIEW_REQUIRED	MEDIUM	SOURCE_DUPLICATE	data/normalized_yaml/bacterial/KOMODO_514b_medium_514_plus_additional_salt.yaml	CultureMech:005865	medium_514_plus_additional_salt	data/normalized_yaml/bacterial/medium_514_modified_for_dsm_16189.yaml	CultureMech:005748	medium_514_modified_for_dsm_16189	157	1	1	142	132	large group requires family-level review before migration; group spans multiple category directories	Same ingredient and concentration signature; review as possible duplicate source record.
900cbf3d7803354f	REVIEW_REQUIRED	MEDIUM	SOURCE_DUPLICATE	data/normalized_yaml/bacterial/KOMODO_514b_medium_514_plus_additional_salt.yaml	CultureMech:005865	medium_514_plus_additional_salt	data/normalized_yaml/bacterial/medium_514_modified_for_dsm_16226.yaml	CultureMech:005749	medium_514_modified_for_dsm_16226	157	1	1	142	132	large group requires family-level review before migration; group spans multiple category directories	Same ingredient and concentration signature; review as possible duplicate source record.
900cbf3d7803354f	REVIEW_REQUIRED	MEDIUM	SOURCE_DUPLICATE	data/normalized_yaml/bacterial/KOMODO_514b_medium_514_plus_additional_salt.yaml	CultureMech:005865	medium_514_plus_additional_salt	data/normalized_yaml/bacterial/medium_514_modified_for_dsm_16287.yaml	CultureMech:005750	medium_514_modified_for_dsm_16287	157	1	1	142	132	large group requires family-level review before migration; group spans multiple category directories	Same ingredient and concentration signature; review as possible duplicate source record.
900cbf3d7803354f	REVIEW_REQUIRED	MEDIUM	SOURCE_DUPLICATE	data/normalized_yaml/bacterial/KOMODO_514b_medium_514_plus_additional_salt.yaml	CultureMech:005865	medium_514_plus_additional_salt	data/normalized_yaml/bacterial/medium_514_modified_for_dsm_16303.yaml	CultureMech:005751	medium_514_modified_for_dsm_16303	157	1	1	142	132	large group requires family-level review before migration; group spans multiple category directories	Same ingredient and concentration signature; review as possible duplicate source record.
900cbf3d7803354f	REVIEW_REQUIRED	MEDIUM	SOURCE_DUPLICATE	data/normalized_yaml/bacterial/KOMODO_514b_medium_514_plus_additional_salt.yaml	CultureMech:005865	medium_514_plus_additional_salt	data/normalized_yaml/bacterial/medium_514_modified_for_dsm_16354.yaml	CultureMech:005752	medium_514_modified_for_dsm_16354	157	1	1	142	132	large group requires family-level review before migration; group spans multiple category directories	Same ingredient and concentration signature; review as possible duplicate source record.
900cbf3d7803354f	REVIEW_REQUIRED	MEDIUM	SOURCE_DUPLICATE	data/normalized_yaml/bacterial/KOMODO_514b_medium_514_plus_additional_salt.yaml	CultureMech:005865	medium_514_plus_additional_salt	data/normalized_yaml/bacterial/medium_514_modified_for_dsm_16425.yaml	CultureMech:005753	medium_514_modified_for_dsm_16425	157	1	1	142	132	large group requires family-level review before migration; group spans multiple category directories	Same ingredient and concentration signature; review as possible duplicate source record.
900cbf3d7803354f	REVIEW_REQUIRED	MEDIUM	SOURCE_DUPLICATE	data/normalized_yaml/bacterial/KOMODO_514b_medium_514_plus_additional_salt.yaml	CultureMech:005865	medium_514_plus_additional_salt	data/normalized_yaml/bacterial/medium_514_modified_for_dsm_16459.yaml	CultureMech:005754	medium_514_modified_for_dsm_16459	157	1	1	142	132	large group requires family-level review before migration; group spans multiple category directories	Same ingredient and concentration signature; review as possible duplicate source record.
900cbf3d7803354f	REVIEW_REQUIRED	MEDIUM	SOURCE_DUPLICATE	data/normalized_yaml/bacterial/KOMODO_514b_medium_514_plus_additional_salt.yaml	CultureMech:005865	medium_514_plus_additional_salt	data/normalized_yaml/bacterial/medium_514_modified_for_dsm_16460.yaml	CultureMech:005755	medium_514_modified_for_dsm_16460	157	1	1	142	132	large group requires family-level review before migration; group spans multiple category directories	Same ingredient and concentration signature; review as possible duplicate source record.
900cbf3d7803354f	REVIEW_REQUIRED	MEDIUM	SOURCE_DUPLICATE	data/normalized_yaml/bacterial/KOMODO_514b_medium_514_plus_additional_salt.yaml	CultureMech:005865	medium_514_plus_additional_salt	data/normalized_yaml/bacterial/medium_514_modified_for_dsm_16461.yaml	CultureMech:005756	medium_514_modified_for_dsm_16461	157	1	1	142	132	large group requires family-level review before migration; group spans multiple category directories	Same ingredient and concentration signature; review as possible duplicate source record.
900cbf3d7803354f	REVIEW_REQUIRED	MEDIUM	SOURCE_DUPLICATE	data/normalized_yaml/bacterial/KOMODO_514b_medium_514_plus_additional_salt.yaml	CultureMech:005865	medium_514_plus_additional_salt	data/normalized_yaml/bacterial/medium_514_modified_for_dsm_16462.yaml	CultureMech:005757	medium_514_modified_for_dsm_16462	157	1	1	142	132	large group requires family-level review before migration; group spans multiple category directories	Same ingredient and concentration signature; review as possible duplicate source record.
900cbf3d7803354f	REVIEW_REQUIRED	MEDIUM	SOURCE_DUPLICATE	data/normalized_yaml/bacterial/KOMODO_514b_medium_514_plus_additional_salt.yaml	CultureMech:005865	medium_514_plus_additional_salt	data/normalized_yaml/bacterial/medium_514_modified_for_dsm_16463.yaml	CultureMech:005758	medium_514_modified_for_dsm_16463	157	1	1	142	132	large group requires family-level review before migration; group spans multiple category directories	Same ingredient and concentration signature; review as possible duplicate source record.
900cbf3d7803354f	REVIEW_REQUIRED	MEDIUM	SOURCE_DUPLICATE	data/normalized_yaml/bacterial/KOMODO_514b_medium_514_plus_additional_salt.yaml	CultureMech:005865	medium_514_plus_additional_salt	data/normalized_yaml/bacterial/medium_514_modified_for_dsm_16464.yaml	CultureMech:005759	medium_514_modified_for_dsm_16464	157	1	1	142	132	large group requires family-level review before migration; group spans multiple category directories	Same ingredient and concentration signature; review as possible duplicate source record.
900cbf3d7803354f	REVIEW_REQUIRED	MEDIUM	SOURCE_DUPLICATE	data/normalized_yaml/bacterial/KOMODO_514b_medium_514_plus_additional_salt.yaml	CultureMech:005865	medium_514_plus_additional_salt	data/normalized_yaml/bacterial/medium_514_modified_for_dsm_16465.yaml	CultureMech:005760	medium_514_modified_for_dsm_16465	157	1	1	142	132	large group requires family-level review before migration; group spans multiple category directories	Same ingredient and concentration signature; review as possible duplicate source record.
900cbf3d7803354f	REVIEW_REQUIRED	MEDIUM	SOURCE_DUPLICATE	data/normalized_yaml/bacterial/KOMODO_514b_medium_514_plus_additional_salt.yaml	CultureMech:005865	medium_514_plus_additional_salt	data/normalized_yaml/bacterial/medium_514_modified_for_dsm_16468.yaml	CultureMech:005761	medium_514_modified_for_dsm_16468	157	1	1	142	132	large group requires family-level review before migration; group spans multiple category directories	Same ingredient and concentration signature; review as possible duplicate source record.
900cbf3d7803354f	REVIEW_REQUIRED	MEDIUM	SOURCE_DUPLICATE	data/normalized_yaml/bacterial/KOMODO_514b_medium_514_plus_additional_salt.yaml	CultureMech:005865	medium_514_plus_additional_salt	data/normalized_yaml/bacterial/medium_514_modified_for_dsm_16502.yaml	CultureMech:005762	medium_514_modified_for_dsm_16502	157	1	1	142	132	large group requires family-level review before migration; group spans multiple category directories	Same ingredient and concentration signature; review as possible duplicate source record.
900cbf3d7803354f	REVIEW_REQUIRED	MEDIUM	SOURCE_DUPLICATE	data/normalized_yaml/bacterial/KOMODO_514b_medium_514_plus_additional_salt.yaml	CultureMech:005865	medium_514_plus_additional_salt	data/normalized_yaml/bacterial/medium_514_modified_for_dsm_16628.yaml	CultureMech:005763	medium_514_modified_for_dsm_16628	157	1	1	142	132	large group requires family-level review before migration; group spans multiple category directories	Same ingredient and concentration signature; review as possible duplicate source record.
900cbf3d7803354f	REVIEW_REQUIRED	MEDIUM	SOURCE_DUPLICATE	data/normalized_yaml/bacterial/KOMODO_514b_medium_514_plus_additional_salt.yaml	CultureMech:005865	medium_514_plus_additional_salt	data/normalized_yaml/bacterial/medium_514_modified_for_dsm_16817.yaml	CultureMech:005764	medium_514_modified_for_dsm_16817	157	1	1	142	132	large group requires family-level review before migration; group spans multiple category directories	Same ingredient and concentration signature; review as possible duplicate source record.
900cbf3d7803354f	REVIEW_REQUIRED	MEDIUM	SOURCE_DUPLICATE	data/normalized_yaml/bacterial/KOMODO_514b_medium_514_plus_additional_salt.yaml	CultureMech:005865	medium_514_plus_additional_salt	data/normalized_yaml/bacterial/medium_514_modified_for_dsm_16826.yaml	CultureMech:005765	medium_514_modified_for_dsm_16826	157	1	1	142	132	large group requires family-level review before migration; group spans multiple category directories	Same ingredient and concentration signature; review as possible duplicate source record.
900cbf3d7803354f	REVIEW_REQUIRED	MEDIUM	SOURCE_DUPLICATE	data/normalized_yaml/bacterial/KOMODO_514b_medium_514_plus_additional_salt.yaml	CultureMech:005865	medium_514_plus_additional_salt	data/normalized_yaml/bacterial/medium_514_modified_for_dsm_16966.yaml	CultureMech:005766	medium_514_modified_for_dsm_16966	157	1	1	142	132	large group requires family-level review before migration; group spans multiple category directories	Same ingredient and concentration signature; review as possible duplicate source record.
900cbf3d7803354f	REVIEW_REQUIRED	MEDIUM	SOURCE_DUPLICATE	data/normalized_yaml/bacterial/KOMODO_514b_medium_514_plus_additional_salt.yaml	CultureMech:005865	medium_514_plus_additional_salt	data/normalized_yaml/bacterial/medium_514_modified_for_dsm_17056.yaml	CultureMech:005767	medium_514_modified_for_dsm_17056	157	1	1	142	132	large group requires family-level review before migration; group spans multiple category directories	Same ingredient and concentration signature; review as possible duplicate source record.
900cbf3d7803354f	REVIEW_REQUIRED	MEDIUM	SOURCE_DUPLICATE	data/normalized_yaml/bacterial/KOMODO_514b_medium_514_plus_additional_salt.yaml	CultureMech:005865	medium_514_plus_additional_salt	data/normalized_yaml/bacterial/medium_514_modified_for_dsm_17110.yaml	CultureMech:005768	medium_514_modified_for_dsm_17110	157	1	1	142	132	large group requires family-level review before migration; group spans multiple category directories	Same ingredient and concentration signature; review as possible duplicate source record.
900cbf3d7803354f	REVIEW_REQUIRED	MEDIUM	SOURCE_DUPLICATE	data/normalized_yaml/bacterial/KOMODO_514b_medium_514_plus_additional_salt.yaml	CultureMech:005865	medium_514_plus_additional_salt	data/normalized_yaml/bacterial/medium_514_modified_for_dsm_17331.yaml	CultureMech:005769	medium_514_modified_for_dsm_17331	157	1	1	142	132	large group requires family-level review before migration; group spans multiple category directories	Same ingredient and concentration signature; review as possible duplicate source record.
900cbf3d7803354f	REVIEW_REQUIRED	MEDIUM	SOURCE_DUPLICATE	data/normalized_yaml/bacterial/KOMODO_514b_medium_514_plus_additional_salt.yaml	CultureMech:005865	medium_514_plus_additional_salt	data/normalized_yaml/bacterial/medium_514_modified_for_dsm_17332.yaml	CultureMech:005770	medium_514_modified_for_dsm_17332	157	1	1	142	132	large group requires family-level review before migration; group spans multiple category directories	Same ingredient and concentration signature; review as possible duplicate source record.
900cbf3d7803354f	REVIEW_REQUIRED	MEDIUM	SOURCE_DUPLICATE	data/normalized_yaml/bacterial/KOMODO_514b_medium_514_plus_additional_salt.yaml	CultureMech:005865	medium_514_plus_additional_salt	data/normalized_yaml/bacterial/medium_514_modified_for_dsm_17333.yaml	CultureMech:005771	medium_514_modified_for_dsm_17333	157	1	1	142	132	large group requires family-level review before migration; group spans multiple category directories	Same ingredient and concentration signature; review as possible duplicate source record.
900cbf3d7803354f	REVIEW_REQUIRED	MEDIUM	SOURCE_DUPLICATE	data/normalized_yaml/bacterial/KOMODO_514b_medium_514_plus_additional_salt.yaml	CultureMech:005865	medium_514_plus_additional_salt	data/normalized_yaml/bacterial/medium_514_modified_for_dsm_17334.yaml	CultureMech:005772	medium_514_modified_for_dsm_17334	157	1	1	142	132	large group requires family-level review before migration; group spans multiple category directories	Same ingredient and concentration signature; review as possible duplicate source record.
900cbf3d7803354f	REVIEW_REQUIRED	MEDIUM	SOURCE_DUPLICATE	data/normalized_yaml/bacterial/KOMODO_514b_medium_514_plus_additional_salt.yaml	CultureMech:005865	medium_514_plus_additional_salt	data/normalized_yaml/bacterial/medium_514_modified_for_dsm_17335.yaml	CultureMech:005773	medium_514_modified_for_dsm_17335	157	1	1	142	132	large group requires family-level review before migration; group spans multiple category directories	Same ingredient and concentration signature; review as possible duplicate source record.
900cbf3d7803354f	REVIEW_REQUIRED	MEDIUM	SOURCE_DUPLICATE	data/normalized_yaml/bacterial/KOMODO_514b_medium_514_plus_additional_salt.yaml	CultureMech:005865	medium_514_plus_additional_salt	data/normalized_yaml/bacterial/medium_514_modified_for_dsm_17336.yaml	CultureMech:005774	medium_514_modified_for_dsm_17336	157	1	1	142	132	large group requires family-level review before migration; group spans multiple category directories	Same ingredient and concentration signature; review as possible duplicate source record.
900cbf3d7803354f	REVIEW_REQUIRED	MEDIUM	SOURCE_DUPLICATE	data/normalized_yaml/bacterial/KOMODO_514b_medium_514_plus_additional_salt.yaml	CultureMech:005865	medium_514_plus_additional_salt	data/normalized_yaml/bacterial/medium_514_modified_for_dsm_17337.yaml	CultureMech:005775	medium_514_modified_for_dsm_17337	157	1	1	142	132	large group requires family-level review before migration; group spans multiple category directories	Same ingredient and concentration signature; review as possible duplicate source record.
900cbf3d7803354f	REVIEW_REQUIRED	MEDIUM	SOURCE_DUPLICATE	data/normalized_yaml/bacterial/KOMODO_514b_medium_514_plus_additional_salt.yaml	CultureMech:005865	medium_514_plus_additional_salt	data/normalized_yaml/bacterial/medium_514_modified_for_dsm_17346.yaml	CultureMech:005776	medium_514_modified_for_dsm_17346	157	1	1	142	132	large group requires family-level review before migration; group spans multiple category directories	Same ingredient and concentration signature; review as possible duplicate source record.
900cbf3d7803354f	REVIEW_REQUIRED	MEDIUM	SOURCE_DUPLICATE	data/normalized_yaml/bacterial/KOMODO_514b_medium_514_plus_additional_salt.yaml	CultureMech:005865	medium_514_plus_additional_salt	data/normalized_yaml/bacterial/medium_514_modified_for_dsm_17544.yaml	CultureMech:005777	medium_514_modified_for_dsm_17544	157	1	1	142	132	large group requires family-level review before migration; group spans multiple category directories	Same ingredient and concentration signature; review as possible duplicate source record.
900cbf3d7803354f	REVIEW_REQUIRED	MEDIUM	SOURCE_DUPLICATE	data/normalized_yaml/bacterial/KOMODO_514b_medium_514_plus_additional_salt.yaml	CultureMech:005865	medium_514_plus_additional_salt	data/normalized_yaml/bacterial/medium_514_modified_for_dsm_17546.yaml	CultureMech:005778	medium_514_modified_for_dsm_17546	157	1	1	142	132	large group requires family-level review before migration; group spans multiple category directories	Same ingredient and concentration signature; review as possible duplicate source record.
900cbf3d7803354f	REVIEW_REQUIRED	MEDIUM	SOURCE_DUPLICATE	data/normalized_yaml/bacterial/KOMODO_514b_medium_514_plus_additional_salt.yaml	CultureMech:005865	medium_514_plus_additional_salt	data/normalized_yaml/bacterial/medium_514_modified_for_dsm_17547.yaml	CultureMech:005779	medium_514_modified_for_dsm_17547	157	1	1	142	132	large group requires family-level review before migration; group spans multiple category directories	Same ingredient and concentration signature; review as possible duplicate source record.
900cbf3d7803354f	REVIEW_REQUIRED	MEDIUM	SOURCE_DUPLICATE	data/normalized_yaml/bacterial/KOMODO_514b_medium_514_plus_additional_salt.yaml	CultureMech:005865	medium_514_plus_additional_salt	data/normalized_yaml/bacterial/medium_514_modified_for_dsm_17548.yaml	CultureMech:005780	medium_514_modified_for_dsm_17548	157	1	1	142	132	large group requires family-level review before migration; group spans multiple category directories	Same ingredient and concentration signature; review as possible duplicate source record.
900cbf3d7803354f	REVIEW_REQUIRED	MEDIUM	SOURCE_DUPLICATE	data/normalized_yaml/bacterial/KOMODO_514b_medium_514_plus_additional_salt.yaml	CultureMech:005865	medium_514_plus_additional_salt	data/normalized_yaml/bacterial/medium_514_modified_for_dsm_17549.yaml	CultureMech:005781	medium_514_modified_for_dsm_17549	157	1	1	142	132	large group requires family-level review before migration; group spans multiple category directories	Same ingredient and concentration signature; review as possible duplicate source record.
900cbf3d7803354f	REVIEW_REQUIRED	MEDIUM	SOURCE_DUPLICATE	data/normalized_yaml/bacterial/KOMODO_514b_medium_514_plus_additional_salt.yaml	CultureMech:005865	medium_514_plus_additional_salt	data/normalized_yaml/bacterial/medium_514_modified_for_dsm_17550.yaml	CultureMech:005782	medium_514_modified_for_dsm_17550	157	1	1	142	132	large group requires family-level review before migration; group spans multiple category directories	Same ingredient and concentration signature; review as possible duplicate source record.
900cbf3d7803354f	REVIEW_REQUIRED	MEDIUM	SOURCE_DUPLICATE	data/normalized_yaml/bacterial/KOMODO_514b_medium_514_plus_additional_salt.yaml	CultureMech:005865	medium_514_plus_additional_salt	data/normalized_yaml/bacterial/medium_514_modified_for_dsm_17551.yaml	CultureMech:005783	medium_514_modified_for_dsm_17551	157	1	1	142	132	large group requires family-level review before migration; group spans multiple category directories	Same ingredient and concentration signature; review as possible duplicate source record.
900cbf3d7803354f	REVIEW_REQUIRED	MEDIUM	SOURCE_DUPLICATE	data/normalized_yaml/bacterial/KOMODO_514b_medium_514_plus_additional_salt.yaml	CultureMech:005865	medium_514_plus_additional_salt	data/normalized_yaml/bacterial/medium_514_modified_for_dsm_17586.yaml	CultureMech:005784	medium_514_modified_for_dsm_17586	157	1	1	142	132	large group requires family-level review before migration; group spans multiple category directories	Same ingredient and concentration signature; review as possible duplicate source record.
900cbf3d7803354f	REVIEW_REQUIRED	MEDIUM	SOURCE_DUPLICATE	data/normalized_yaml/bacterial/KOMODO_514b_medium_514_plus_additional_salt.yaml	CultureMech:005865	medium_514_plus_additional_salt	data/normalized_yaml/bacterial/medium_514_modified_for_dsm_17587.yaml	CultureMech:005785	medium_514_modified_for_dsm_17587	157	1	1	142	132	large group requires family-level review before migration; group spans multiple category directories	Same ingredient and concentration signature; review as possible duplicate source record.
900cbf3d7803354f	REVIEW_REQUIRED	MEDIUM	SOURCE_DUPLICATE	data/normalized_yaml/bacterial/KOMODO_514b_medium_514_plus_additional_salt.yaml	CultureMech:005865	medium_514_plus_additional_salt	data/normalized_yaml/bacterial/medium_514_modified_for_dsm_17740.yaml	CultureMech:005786	medium_514_modified_for_dsm_17740	157	1	1	142	132	large group requires family-level review before migration; group spans multiple category directories	Same ingredient and concentration signature; review as possible duplicate source record.
900cbf3d7803354f	REVIEW_REQUIRED	MEDIUM	SOURCE_DUPLICATE	data/normalized_yaml/bacterial/KOMODO_514b_medium_514_plus_additional_salt.yaml	CultureMech:005865	medium_514_plus_additional_salt	data/normalized_yaml/bacterial/medium_514_modified_for_dsm_17747.yaml	CultureMech:005787	medium_514_modified_for_dsm_17747	157	1	1	142	132	large group requires family-level review before migration; group spans multiple category directories	Same ingredient and concentration signature; review as possible duplicate source record.
900cbf3d7803354f	REVIEW_REQUIRED	MEDIUM	SOURCE_DUPLICATE	data/normalized_yaml/bacterial/KOMODO_514b_medium_514_plus_additional_salt.yaml	CultureMech:005865	medium_514_plus_additional_salt	data/normalized_yaml/bacterial/medium_514_modified_for_dsm_17846.yaml	CultureMech:005788	medium_514_modified_for_dsm_17846	157	1	1	142	132	large group requires family-level review before migration; group spans multiple category directories	Same ingredient and concentration signature; review as possible duplicate source record.
900cbf3d7803354f	REVIEW_REQUIRED	MEDIUM	SOURCE_DUPLICATE	data/normalized_yaml/bacterial/KOMODO_514b_medium_514_plus_additional_salt.yaml	CultureMech:005865	medium_514_plus_additional_salt	data/normalized_yaml/bacterial/medium_514_modified_for_dsm_17856.yaml	CultureMech:005789	medium_514_modified_for_dsm_17856	157	1	1	142	132	large group requires family-level review before migration; group spans multiple category directories	Same ingredient and concentration signature; review as possible duplicate source record.
900cbf3d7803354f	REVIEW_REQUIRED	MEDIUM	SOURCE_DUPLICATE	data/normalized_yaml/bacterial/KOMODO_514b_medium_514_plus_additional_salt.yaml	CultureMech:005865	medium_514_plus_additional_salt	data/normalized_yaml/bacterial/medium_514_modified_for_dsm_17858.yaml	CultureMech:005790	medium_514_modified_for_dsm_17858	157	1	1	142	132	large group requires family-level review before migration; group spans multiple category directories	Same ingredient and concentration signature; review as possible duplicate source record.
900cbf3d7803354f	REVIEW_REQUIRED	MEDIUM	SOURCE_DUPLICATE	data/normalized_yaml/bacterial/KOMODO_514b_medium_514_plus_additional_salt.yaml	CultureMech:005865	medium_514_plus_additional_salt	data/normalized_yaml/bacterial/medium_514_modified_for_dsm_17892.yaml	CultureMech:005791	medium_514_modified_for_dsm_17892	157	1	1	142	132	large group requires family-level review before migration; group spans multiple category directories	Same ingredient and concentration signature; review as possible duplicate source record.
900cbf3d7803354f	REVIEW_REQUIRED	MEDIUM	SOURCE_DUPLICATE	data/normalized_yaml/bacterial/KOMODO_514b_medium_514_plus_additional_salt.yaml	CultureMech:005865	medium_514_plus_additional_salt	data/normalized_yaml/bacterial/medium_514_modified_for_dsm_18005.yaml	CultureMech:005793	medium_514_modified_for_dsm_18005	157	1	1	142	132	large group requires family-level review before migration; group spans multiple category directories	Same ingredient and concentration signature; review as possible duplicate source record.
900cbf3d7803354f	REVIEW_REQUIRED	MEDIUM	SUBSTITUTED_COMPONENT_VARIANT	data/normalized_yaml/bacterial/KOMODO_514b_medium_514_plus_additional_salt.yaml	CultureMech:005865	medium_514_plus_additional_salt	data/normalized_yaml/bacterial/medium_514_modified_for_dsm_18005_replace_horse_blood_with_sheep_blood.yaml	CultureMech:005792	medium_514_modified_for_dsm_18005_replace_horse_blood_with_sheep_blood	157	1	1	142	132	large group requires family-level review before migration; group spans multiple category directories	Name suggests substituted component; verify ingredient delta against source.
900cbf3d7803354f	REVIEW_REQUIRED	MEDIUM	SOURCE_DUPLICATE	data/normalized_yaml/bacterial/KOMODO_514b_medium_514_plus_additional_salt.yaml	CultureMech:005865	medium_514_plus_additional_salt	data/normalized_yaml/bacterial/medium_514_modified_for_dsm_18045.yaml	CultureMech:005794	medium_514_modified_for_dsm_18045	157	1	1	142	132	large group requires family-level review before migration; group spans multiple category directories	Same ingredient and concentration signature; review as possible duplicate source record.
900cbf3d7803354f	REVIEW_REQUIRED	MEDIUM	SOURCE_DUPLICATE	data/normalized_yaml/bacterial/KOMODO_514b_medium_514_plus_additional_salt.yaml	CultureMech:005865	medium_514_plus_additional_salt	data/normalized_yaml/bacterial/medium_514_modified_for_dsm_18098.yaml	CultureMech:005795	medium_514_modified_for_dsm_18098	157	1	1	142	132	large group requires family-level review before migration; group spans multiple category directories	Same ingredient and concentration signature; review as possible duplicate source record.
900cbf3d7803354f	REVIEW_REQUIRED	MEDIUM	SOURCE_DUPLICATE	data/normalized_yaml/bacterial/KOMODO_514b_medium_514_plus_additional_salt.yaml	CultureMech:005865	medium_514_plus_additional_salt	data/normalized_yaml/bacterial/medium_514_modified_for_dsm_18193.yaml	CultureMech:005796	medium_514_modified_for_dsm_18193	157	1	1	142	132	large group requires family-level review before migration; group spans multiple category directories	Same ingredient and concentration signature; review as possible duplicate source record.
900cbf3d7803354f	REVIEW_REQUIRED	MEDIUM	SOURCE_DUPLICATE	data/normalized_yaml/bacterial/KOMODO_514b_medium_514_plus_additional_salt.yaml	CultureMech:005865	medium_514_plus_additional_salt	data/normalized_yaml/bacterial/medium_514_modified_for_dsm_18252.yaml	CultureMech:005797	medium_514_modified_for_dsm_18252	157	1	1	142	132	large group requires family-level review before migration; group spans multiple category directories	Same ingredient and concentration signature; review as possible duplicate source record.
900cbf3d7803354f	REVIEW_REQUIRED	MEDIUM	SOURCE_DUPLICATE	data/normalized_yaml/bacterial/KOMODO_514b_medium_514_plus_additional_salt.yaml	CultureMech:005865	medium_514_plus_additional_salt	data/normalized_yaml/bacterial/medium_514_modified_for_dsm_18393.yaml	CultureMech:005798	medium_514_modified_for_dsm_18393	157	1	1	142	132	large group requires family-level review before migration; group spans multiple category directories	Same ingredient and concentration signature; review as possible duplicate source record.
900cbf3d7803354f	REVIEW_REQUIRED	MEDIUM	SOURCE_DUPLICATE	data/normalized_yaml/bacterial/KOMODO_514b_medium_514_plus_additional_salt.yaml	CultureMech:005865	medium_514_plus_additional_salt	data/normalized_yaml/bacterial/medium_514_modified_for_dsm_18394.yaml	CultureMech:005799	medium_514_modified_for_dsm_18394	157	1	1	142	132	large group requires family-level review before migration; group spans multiple category directories	Same ingredient and concentration signature; review as possible duplicate source record.
900cbf3d7803354f	REVIEW_REQUIRED	MEDIUM	SOURCE_DUPLICATE	data/normalized_yaml/bacterial/KOMODO_514b_medium_514_plus_additional_salt.yaml	CultureMech:005865	medium_514_plus_additional_salt	data/normalized_yaml/bacterial/medium_514_modified_for_dsm_18694.yaml	CultureMech:005800	medium_514_modified_for_dsm_18694	157	1	1	142	132	large group requires family-level review before migration; group spans multiple category directories	Same ingredient and concentration signature; review as possible duplicate source record.
900cbf3d7803354f	REVIEW_REQUIRED	MEDIUM	SOURCE_DUPLICATE	data/normalized_yaml/bacterial/KOMODO_514b_medium_514_plus_additional_salt.yaml	CultureMech:005865	medium_514_plus_additional_salt	data/normalized_yaml/bacterial/medium_514_modified_for_dsm_18936.yaml	CultureMech:005801	medium_514_modified_for_dsm_18936	157	1	1	142	132	large group requires family-level review before migration; group spans multiple category directories	Same ingredient and concentration signature; review as possible duplicate source record.
900cbf3d7803354f	REVIEW_REQUIRED	MEDIUM	SOURCE_DUPLICATE	data/normalized_yaml/bacterial/KOMODO_514b_medium_514_plus_additional_salt.yaml	CultureMech:005865	medium_514_plus_additional_salt	data/normalized_yaml/bacterial/medium_514_modified_for_dsm_18961.yaml	CultureMech:005802	medium_514_modified_for_dsm_18961	157	1	1	142	132	large group requires family-level review before migration; group spans multiple category directories	Same ingredient and concentration signature; review as possible duplicate source record.
900cbf3d7803354f	REVIEW_REQUIRED	MEDIUM	SOURCE_DUPLICATE	data/normalized_yaml/bacterial/KOMODO_514b_medium_514_plus_additional_salt.yaml	CultureMech:005865	medium_514_plus_additional_salt	data/normalized_yaml/bacterial/medium_514_modified_for_dsm_19029.yaml	CultureMech:005803	medium_514_modified_for_dsm_19029	157	1	1	142	132	large group requires family-level review before migration; group spans multiple category directories	Same ingredient and concentration signature; review as possible duplicate source record.
900cbf3d7803354f	REVIEW_REQUIRED	MEDIUM	SOURCE_DUPLICATE	data/normalized_yaml/bacterial/KOMODO_514b_medium_514_plus_additional_salt.yaml	CultureMech:005865	medium_514_plus_additional_salt	data/normalized_yaml/bacterial/medium_514_modified_for_dsm_19122.yaml	CultureMech:005804	medium_514_modified_for_dsm_19122	157	1	1	142	132	large group requires family-level review before migration; group spans multiple category directories	Same ingredient and concentration signature; review as possible duplicate source record.
900cbf3d7803354f	REVIEW_REQUIRED	MEDIUM	SOURCE_DUPLICATE	data/normalized_yaml/bacterial/KOMODO_514b_medium_514_plus_additional_salt.yaml	CultureMech:005865	medium_514_plus_additional_salt	data/normalized_yaml/bacterial/medium_514_modified_for_dsm_19219.yaml	CultureMech:005805	medium_514_modified_for_dsm_19219	157	1	1	142	132	large group requires family-level review before migration; group spans multiple category directories	Same ingredient and concentration signature; review as possible duplicate source record.
900cbf3d7803354f	REVIEW_REQUIRED	MEDIUM	SOURCE_DUPLICATE	data/normalized_yaml/bacterial/KOMODO_514b_medium_514_plus_additional_salt.yaml	CultureMech:005865	medium_514_plus_additional_salt	data/normalized_yaml/bacterial/medium_514_modified_for_dsm_19340.yaml	CultureMech:005806	medium_514_modified_for_dsm_19340	157	1	1	142	132	large group requires family-level review before migration; group spans multiple category directories	Same ingredient and concentration signature; review as possible duplicate source record.
900cbf3d7803354f	REVIEW_REQUIRED	MEDIUM	SOURCE_DUPLICATE	data/normalized_yaml/bacterial/KOMODO_514b_medium_514_plus_additional_salt.yaml	CultureMech:005865	medium_514_plus_additional_salt	data/normalized_yaml/bacterial/medium_514_modified_for_dsm_19582.yaml	CultureMech:005807	medium_514_modified_for_dsm_19582	157	1	1	142	132	large group requires family-level review before migration; group spans multiple category directories	Same ingredient and concentration signature; review as possible duplicate source record.
900cbf3d7803354f	REVIEW_REQUIRED	MEDIUM	SOURCE_DUPLICATE	data/normalized_yaml/bacterial/KOMODO_514b_medium_514_plus_additional_salt.yaml	CultureMech:005865	medium_514_plus_additional_salt	data/normalized_yaml/bacterial/medium_514_modified_for_dsm_19612.yaml	CultureMech:005808	medium_514_modified_for_dsm_19612	157	1	1	142	132	large group requires family-level review before migration; group spans multiple category directories	Same ingredient and concentration signature; review as possible duplicate source record.
900cbf3d7803354f	REVIEW_REQUIRED	MEDIUM	SOURCE_DUPLICATE	data/normalized_yaml/bacterial/KOMODO_514b_medium_514_plus_additional_salt.yaml	CultureMech:005865	medium_514_plus_additional_salt	data/normalized_yaml/bacterial/medium_514_modified_for_dsm_19633.yaml	CultureMech:005809	medium_514_modified_for_dsm_19633	157	1	1	142	132	large group requires family-level review before migration; group spans multiple category directories	Same ingredient and concentration signature; review as possible duplicate source record.
900cbf3d7803354f	REVIEW_REQUIRED	MEDIUM	SOURCE_DUPLICATE	data/normalized_yaml/bacterial/KOMODO_514b_medium_514_plus_additional_salt.yaml	CultureMech:005865	medium_514_plus_additional_salt	data/normalized_yaml/bacterial/medium_514_modified_for_dsm_19751.yaml	CultureMech:005810	medium_514_modified_for_dsm_19751	157	1	1	142	132	large group requires family-level review before migration; group spans multiple category directories	Same ingredient and concentration signature; review as possible duplicate source record.
900cbf3d7803354f	REVIEW_REQUIRED	MEDIUM	SOURCE_DUPLICATE	data/normalized_yaml/bacterial/KOMODO_514b_medium_514_plus_additional_salt.yaml	CultureMech:005865	medium_514_plus_additional_salt	data/normalized_yaml/bacterial/medium_514_modified_for_dsm_19794.yaml	CultureMech:005811	medium_514_modified_for_dsm_19794	157	1	1	142	132	large group requires family-level review before migration; group spans multiple category directories	Same ingredient and concentration signature; review as possible duplicate source record.
900cbf3d7803354f	REVIEW_REQUIRED	MEDIUM	SOURCE_DUPLICATE	data/normalized_yaml/bacterial/KOMODO_514b_medium_514_plus_additional_salt.yaml	CultureMech:005865	medium_514_plus_additional_salt	data/normalized_yaml/bacterial/medium_514_modified_for_dsm_19796.yaml	CultureMech:005812	medium_514_modified_for_dsm_19796	157	1	1	142	132	large group requires family-level review before migration; group spans multiple category directories	Same ingredient and concentration signature; review as possible duplicate source record.
900cbf3d7803354f	REVIEW_REQUIRED	MEDIUM	SOURCE_DUPLICATE	data/normalized_yaml/bacterial/KOMODO_514b_medium_514_plus_additional_salt.yaml	CultureMech:005865	medium_514_plus_additional_salt	data/normalized_yaml/bacterial/medium_514_modified_for_dsm_19797.yaml	CultureMech:005813	medium_514_modified_for_dsm_19797	157	1	1	142	132	large group requires family-level review before migration; group spans multiple category directories	Same ingredient and concentration signature; review as possible duplicate source record.
900cbf3d7803354f	REVIEW_REQUIRED	MEDIUM	SOURCE_DUPLICATE	data/normalized_yaml/bacterial/KOMODO_514b_medium_514_plus_additional_salt.yaml	CultureMech:005865	medium_514_plus_additional_salt	data/normalized_yaml/bacterial/medium_514_modified_for_dsm_19802.yaml	CultureMech:005814	medium_514_modified_for_dsm_19802	157	1	1	142	132	large group requires family-level review before migration; group spans multiple category directories	Same ingredient and concentration signature; review as possible duplicate source record.
900cbf3d7803354f	REVIEW_REQUIRED	MEDIUM	SOURCE_DUPLICATE	data/normalized_yaml/bacterial/KOMODO_514b_medium_514_plus_additional_salt.yaml	CultureMech:005865	medium_514_plus_additional_salt	data/normalized_yaml/bacterial/medium_514_modified_for_dsm_19939.yaml	CultureMech:005815	medium_514_modified_for_dsm_19939	157	1	1	142	132	large group requires family-level review before migration; group spans multiple category directories	Same ingredient and concentration signature; review as possible duplicate source record.
900cbf3d7803354f	REVIEW_REQUIRED	MEDIUM	SOURCE_DUPLICATE	data/normalized_yaml/bacterial/KOMODO_514b_medium_514_plus_additional_salt.yaml	CultureMech:005865	medium_514_plus_additional_salt	data/normalized_yaml/bacterial/medium_514_modified_for_dsm_19980.yaml	CultureMech:005816	medium_514_modified_for_dsm_19980	157	1	1	142	132	large group requires family-level review before migration; group spans multiple category directories	Same ingredient and concentration signature; review as possible duplicate source record.
900cbf3d7803354f	REVIEW_REQUIRED	MEDIUM	SOURCE_DUPLICATE	data/normalized_yaml/bacterial/KOMODO_514b_medium_514_plus_additional_salt.yaml	CultureMech:005865	medium_514_plus_additional_salt	data/normalized_yaml/bacterial/medium_514_modified_for_dsm_21077.yaml	CultureMech:005817	medium_514_modified_for_dsm_21077	157	1	1	142	132	large group requires family-level review before migration; group spans multiple category directories	Same ingredient and concentration signature; review as possible duplicate source record.
900cbf3d7803354f	REVIEW_REQUIRED	MEDIUM	SOURCE_DUPLICATE	data/normalized_yaml/bacterial/KOMODO_514b_medium_514_plus_additional_salt.yaml	CultureMech:005865	medium_514_plus_additional_salt	data/normalized_yaml/bacterial/medium_514_modified_for_dsm_21189.yaml	CultureMech:005818	medium_514_modified_for_dsm_21189	157	1	1	142	132	large group requires family-level review before migration; group spans multiple category directories	Same ingredient and concentration signature; review as possible duplicate source record.
900cbf3d7803354f	REVIEW_REQUIRED	MEDIUM	SOURCE_DUPLICATE	data/normalized_yaml/bacterial/KOMODO_514b_medium_514_plus_additional_salt.yaml	CultureMech:005865	medium_514_plus_additional_salt	data/normalized_yaml/bacterial/medium_514_modified_for_dsm_21190.yaml	CultureMech:005819	medium_514_modified_for_dsm_21190	157	1	1	142	132	large group requires family-level review before migration; group spans multiple category directories	Same ingredient and concentration signature; review as possible duplicate source record.
900cbf3d7803354f	REVIEW_REQUIRED	MEDIUM	SOURCE_DUPLICATE	data/normalized_yaml/bacterial/KOMODO_514b_medium_514_plus_additional_salt.yaml	CultureMech:005865	medium_514_plus_additional_salt	data/normalized_yaml/bacterial/medium_514_modified_for_dsm_21201.yaml	CultureMech:005820	medium_514_modified_for_dsm_21201	157	1	1	142	132	large group requires family-level review before migration; group spans multiple category directories	Same ingredient and concentration signature; review as possible duplicate source record.
900cbf3d7803354f	REVIEW_REQUIRED	MEDIUM	SOURCE_DUPLICATE	data/normalized_yaml/bacterial/KOMODO_514b_medium_514_plus_additional_salt.yaml	CultureMech:005865	medium_514_plus_additional_salt	data/normalized_yaml/bacterial/medium_514_modified_for_dsm_21365.yaml	CultureMech:005821	medium_514_modified_for_dsm_21365	157	1	1	142	132	large group requires family-level review before migration; group spans multiple category directories	Same ingredient and concentration signature; review as possible duplicate source record.
900cbf3d7803354f	REVIEW_REQUIRED	MEDIUM	SOURCE_DUPLICATE	data/normalized_yaml/bacterial/KOMODO_514b_medium_514_plus_additional_salt.yaml	CultureMech:005865	medium_514_plus_additional_salt	data/normalized_yaml/bacterial/medium_514_modified_for_dsm_21475.yaml	CultureMech:005822	medium_514_modified_for_dsm_21475	157	1	1	142	132	large group requires family-level review before migration; group spans multiple category directories	Same ingredient and concentration signature; review as possible duplicate source record.
900cbf3d7803354f	REVIEW_REQUIRED	MEDIUM	SOURCE_DUPLICATE	data/normalized_yaml/bacterial/KOMODO_514b_medium_514_plus_additional_salt.yaml	CultureMech:005865	medium_514_plus_additional_salt	data/normalized_yaml/bacterial/medium_514_modified_for_dsm_21539.yaml	CultureMech:005823	medium_514_modified_for_dsm_21539	157	1	1	142	132	large group requires family-level review before migration; group spans multiple category directories	Same ingredient and concentration signature; review as possible duplicate source record.
900cbf3d7803354f	REVIEW_REQUIRED	MEDIUM	SOURCE_DUPLICATE	data/normalized_yaml/bacterial/KOMODO_514b_medium_514_plus_additional_salt.yaml	CultureMech:005865	medium_514_plus_additional_salt	data/normalized_yaml/bacterial/medium_514_modified_for_dsm_21559.yaml	CultureMech:005824	medium_514_modified_for_dsm_21559	157	1	1	142	132	large group requires family-level review before migration; group spans multiple category directories	Same ingredient and concentration signature; review as possible duplicate source record.
900cbf3d7803354f	REVIEW_REQUIRED	MEDIUM	SOURCE_DUPLICATE	data/normalized_yaml/bacterial/KOMODO_514b_medium_514_plus_additional_salt.yaml	CultureMech:005865	medium_514_plus_additional_salt	data/normalized_yaml/bacterial/medium_514_modified_for_dsm_21619.yaml	CultureMech:005825	medium_514_modified_for_dsm_21619	157	1	1	142	132	large group requires family-level review before migration; group spans multiple category directories	Same ingredient and concentration signature; review as possible duplicate source record.
900cbf3d7803354f	REVIEW_REQUIRED	MEDIUM	SOURCE_DUPLICATE	data/normalized_yaml/bacterial/KOMODO_514b_medium_514_plus_additional_salt.yaml	CultureMech:005865	medium_514_plus_additional_salt	data/normalized_yaml/bacterial/medium_514_modified_for_dsm_21620.yaml	CultureMech:005826	medium_514_modified_for_dsm_21620	157	1	1	142	132	large group requires family-level review before migration; group spans multiple category directories	Same ingredient and concentration signature; review as possible duplicate source record.
900cbf3d7803354f	REVIEW_REQUIRED	MEDIUM	SOURCE_DUPLICATE	data/normalized_yaml/bacterial/KOMODO_514b_medium_514_plus_additional_salt.yaml	CultureMech:005865	medium_514_plus_additional_salt	data/normalized_yaml/bacterial/medium_514_modified_for_dsm_21935.yaml	CultureMech:005827	medium_514_modified_for_dsm_21935	157	1	1	142	132	large group requires family-level review before migration; group spans multiple category directories	Same ingredient and concentration signature; review as possible duplicate source record.
900cbf3d7803354f	REVIEW_REQUIRED	MEDIUM	SOURCE_DUPLICATE	data/normalized_yaml/bacterial/KOMODO_514b_medium_514_plus_additional_salt.yaml	CultureMech:005865	medium_514_plus_additional_salt	data/normalized_yaml/bacterial/medium_514_modified_for_dsm_22259.yaml	CultureMech:005828	medium_514_modified_for_dsm_22259	157	1	1	142	132	large group requires family-level review before migration; group spans multiple category directories	Same ingredient and concentration signature; review as possible duplicate source record.
900cbf3d7803354f	REVIEW_REQUIRED	MEDIUM	SOURCE_DUPLICATE	data/normalized_yaml/bacterial/KOMODO_514b_medium_514_plus_additional_salt.yaml	CultureMech:005865	medium_514_plus_additional_salt	data/normalized_yaml/bacterial/medium_514_modified_for_dsm_22302.yaml	CultureMech:005829	medium_514_modified_for_dsm_22302	157	1	1	142	132	large group requires family-level review before migration; group spans multiple category directories	Same ingredient and concentration signature; review as possible duplicate source record.
900cbf3d7803354f	REVIEW_REQUIRED	MEDIUM	SOURCE_DUPLICATE	data/normalized_yaml/bacterial/KOMODO_514b_medium_514_plus_additional_salt.yaml	CultureMech:005865	medium_514_plus_additional_salt	data/normalized_yaml/bacterial/medium_514_modified_for_dsm_22388.yaml	CultureMech:005830	medium_514_modified_for_dsm_22388	157	1	1	142	132	large group requires family-level review before migration; group spans multiple category directories	Same ingredient and concentration signature; review as possible duplicate source record.
900cbf3d7803354f	REVIEW_REQUIRED	MEDIUM	SOURCE_DUPLICATE	data/normalized_yaml/bacterial/KOMODO_514b_medium_514_plus_additional_salt.yaml	CultureMech:005865	medium_514_plus_additional_salt	data/normalized_yaml/bacterial/medium_514_modified_for_dsm_22440.yaml	CultureMech:005831	medium_514_modified_for_dsm_22440	157	1	1	142	132	large group requires family-level review before migration; group spans multiple category directories	Same ingredient and concentration signature; review as possible duplicate source record.
900cbf3d7803354f	REVIEW_REQUIRED	MEDIUM	SOURCE_DUPLICATE	data/normalized_yaml/bacterial/KOMODO_514b_medium_514_plus_additional_salt.yaml	CultureMech:005865	medium_514_plus_additional_salt	data/normalized_yaml/bacterial/medium_514_modified_for_dsm_22441.yaml	CultureMech:005832	medium_514_modified_for_dsm_22441	157	1	1	142	132	large group requires family-level review before migration; group spans multiple category directories	Same ingredient and concentration signature; review as possible duplicate source record.
900cbf3d7803354f	REVIEW_REQUIRED	MEDIUM	SOURCE_DUPLICATE	data/normalized_yaml/bacterial/KOMODO_514b_medium_514_plus_additional_salt.yaml	CultureMech:005865	medium_514_plus_additional_salt	data/normalized_yaml/bacterial/medium_514_modified_for_dsm_22530.yaml	CultureMech:005833	medium_514_modified_for_dsm_22530	157	1	1	142	132	large group requires family-level review before migration; group spans multiple category directories	Same ingredient and concentration signature; review as possible duplicate source record.
900cbf3d7803354f	REVIEW_REQUIRED	MEDIUM	SOURCE_DUPLICATE	data/normalized_yaml/bacterial/KOMODO_514b_medium_514_plus_additional_salt.yaml	CultureMech:005865	medium_514_plus_additional_salt	data/normalized_yaml/bacterial/medium_514_modified_for_dsm_22782.yaml	CultureMech:005834	medium_514_modified_for_dsm_22782	157	1	1	142	132	large group requires family-level review before migration; group spans multiple category directories	Same ingredient and concentration signature; review as possible duplicate source record.
900cbf3d7803354f	REVIEW_REQUIRED	MEDIUM	SOURCE_DUPLICATE	data/normalized_yaml/bacterial/KOMODO_514b_medium_514_plus_additional_salt.yaml	CultureMech:005865	medium_514_plus_additional_salt	data/normalized_yaml/bacterial/medium_514_modified_for_dsm_22784.yaml	CultureMech:005835	medium_514_modified_for_dsm_22784	157	1	1	142	132	large group requires family-level review before migration; group spans multiple category directories	Same ingredient and concentration signature; review as possible duplicate source record.
900cbf3d7803354f	REVIEW_REQUIRED	MEDIUM	SOURCE_DUPLICATE	data/normalized_yaml/bacterial/KOMODO_514b_medium_514_plus_additional_salt.yaml	CultureMech:005865	medium_514_plus_additional_salt	data/normalized_yaml/bacterial/medium_514_modified_for_dsm_22818.yaml	CultureMech:005836	medium_514_modified_for_dsm_22818	157	1	1	142	132	large group requires family-level review before migration; group spans multiple category directories	Same ingredient and concentration signature; review as possible duplicate source record.
900cbf3d7803354f	REVIEW_REQUIRED	MEDIUM	SOURCE_DUPLICATE	data/normalized_yaml/bacterial/KOMODO_514b_medium_514_plus_additional_salt.yaml	CultureMech:005865	medium_514_plus_additional_salt	data/normalized_yaml/bacterial/medium_514_modified_for_dsm_23007.yaml	CultureMech:005837	medium_514_modified_for_dsm_23007	157	1	1	142	132	large group requires family-level review before migration; group spans multiple category directories	Same ingredient and concentration signature; review as possible duplicate source record.
900cbf3d7803354f	REVIEW_REQUIRED	MEDIUM	SOURCE_DUPLICATE	data/normalized_yaml/bacterial/KOMODO_514b_medium_514_plus_additional_salt.yaml	CultureMech:005865	medium_514_plus_additional_salt	data/normalized_yaml/bacterial/medium_514_modified_for_dsm_23008.yaml	CultureMech:005838	medium_514_modified_for_dsm_23008	157	1	1	142	132	large group requires family-level review before migration; group spans multiple category directories	Same ingredient and concentration signature; review as possible duplicate source record.
900cbf3d7803354f	REVIEW_REQUIRED	MEDIUM	SOURCE_DUPLICATE	data/normalized_yaml/bacterial/KOMODO_514b_medium_514_plus_additional_salt.yaml	CultureMech:005865	medium_514_plus_additional_salt	data/normalized_yaml/bacterial/medium_514_modified_for_dsm_23009.yaml	CultureMech:005839	medium_514_modified_for_dsm_23009	157	1	1	142	132	large group requires family-level review before migration; group spans multiple category directories	Same ingredient and concentration signature; review as possible duplicate source record.
900cbf3d7803354f	REVIEW_REQUIRED	MEDIUM	SOURCE_DUPLICATE	data/normalized_yaml/bacterial/KOMODO_514b_medium_514_plus_additional_salt.yaml	CultureMech:005865	medium_514_plus_additional_salt	data/normalized_yaml/bacterial/medium_514_modified_for_dsm_23010.yaml	CultureMech:005840	medium_514_modified_for_dsm_23010	157	1	1	142	132	large group requires family-level review before migration; group spans multiple category directories	Same ingredient and concentration signature; review as possible duplicate source record.
900cbf3d7803354f	REVIEW_REQUIRED	MEDIUM	SOURCE_DUPLICATE	data/normalized_yaml/bacterial/KOMODO_514b_medium_514_plus_additional_salt.yaml	CultureMech:005865	medium_514_plus_additional_salt	data/normalized_yaml/bacterial/medium_514_modified_for_dsm_23111.yaml	CultureMech:005841	medium_514_modified_for_dsm_23111	157	1	1	142	132	large group requires family-level review before migration; group spans multiple category directories	Same ingredient and concentration signature; review as possible duplicate source record.
900cbf3d7803354f	REVIEW_REQUIRED	MEDIUM	SOURCE_DUPLICATE	data/normalized_yaml/bacterial/KOMODO_514b_medium_514_plus_additional_salt.yaml	CultureMech:005865	medium_514_plus_additional_salt	data/normalized_yaml/bacterial/medium_514_modified_for_dsm_23127.yaml	CultureMech:005842	medium_514_modified_for_dsm_23127	157	1	1	142	132	large group requires family-level review before migration; group spans multiple category directories	Same ingredient and concentration signature; review as possible duplicate source record.
900cbf3d7803354f	REVIEW_REQUIRED	MEDIUM	SOURCE_DUPLICATE	data/normalized_yaml/bacterial/KOMODO_514b_medium_514_plus_additional_salt.yaml	CultureMech:005865	medium_514_plus_additional_salt	data/normalized_yaml/bacterial/medium_514_modified_for_dsm_23507.yaml	CultureMech:005843	medium_514_modified_for_dsm_23507	157	1	1	142	132	large group requires family-level review before migration; group spans multiple category directories	Same ingredient and concentration signature; review as possible duplicate source record.
900cbf3d7803354f	REVIEW_REQUIRED	MEDIUM	SOURCE_DUPLICATE	data/normalized_yaml/bacterial/KOMODO_514b_medium_514_plus_additional_salt.yaml	CultureMech:005865	medium_514_plus_additional_salt	data/normalized_yaml/bacterial/medium_514_modified_for_dsm_23531.yaml	CultureMech:005844	medium_514_modified_for_dsm_23531	157	1	1	142	132	large group requires family-level review before migration; group spans multiple category directories	Same ingredient and concentration signature; review as possible duplicate source record.
900cbf3d7803354f	REVIEW_REQUIRED	MEDIUM	SOURCE_DUPLICATE	data/normalized_yaml/bacterial/KOMODO_514b_medium_514_plus_additional_salt.yaml	CultureMech:005865	medium_514_plus_additional_salt	data/normalized_yaml/bacterial/medium_514_modified_for_dsm_23775.yaml	CultureMech:005845	medium_514_modified_for_dsm_23775	157	1	1	142	132	large group requires family-level review before migration; group spans multiple category directories	Same ingredient and concentration signature; review as possible duplicate source record.
900cbf3d7803354f	REVIEW_REQUIRED	MEDIUM	SOURCE_DUPLICATE	data/normalized_yaml/bacterial/KOMODO_514b_medium_514_plus_additional_salt.yaml	CultureMech:005865	medium_514_plus_additional_salt	data/normalized_yaml/bacterial/medium_514_modified_for_dsm_23924.yaml	CultureMech:005846	medium_514_modified_for_dsm_23924	157	1	1	142	132	large group requires family-level review before migration; group spans multiple category directories	Same ingredient and concentration signature; review as possible duplicate source record.
900cbf3d7803354f	REVIEW_REQUIRED	MEDIUM	SOURCE_DUPLICATE	data/normalized_yaml/bacterial/KOMODO_514b_medium_514_plus_additional_salt.yaml	CultureMech:005865	medium_514_plus_additional_salt	data/normalized_yaml/bacterial/medium_514_modified_for_dsm_23995.yaml	CultureMech:005847	medium_514_modified_for_dsm_23995	157	1	1	142	132	large group requires family-level review before migration; group spans multiple category directories	Same ingredient and concentration signature; review as possible duplicate source record.
900cbf3d7803354f	REVIEW_REQUIRED	MEDIUM	SOURCE_DUPLICATE	data/normalized_yaml/bacterial/KOMODO_514b_medium_514_plus_additional_salt.yaml	CultureMech:005865	medium_514_plus_additional_salt	data/normalized_yaml/bacterial/medium_514_modified_for_dsm_44818.yaml	CultureMech:005848	medium_514_modified_for_dsm_44818	157	1	1	142	132	large group requires family-level review before migration; group spans multiple category directories	Same ingredient and concentration signature; review as possible duplicate source record.
900cbf3d7803354f	REVIEW_REQUIRED	MEDIUM	SOURCE_DUPLICATE	data/normalized_yaml/bacterial/KOMODO_514b_medium_514_plus_additional_salt.yaml	CultureMech:005865	medium_514_plus_additional_salt	data/normalized_yaml/bacterial/medium_514_modified_for_dsm_8798.yaml	CultureMech:005849	medium_514_modified_for_dsm_8798	157	1	1	142	132	large group requires family-level review before migration; group spans multiple category directories	Same ingredient and concentration signature; review as possible duplicate source record.
900cbf3d7803354f	REVIEW_REQUIRED	MEDIUM	SOURCE_DUPLICATE	data/normalized_yaml/bacterial/KOMODO_514b_medium_514_plus_additional_salt.yaml	CultureMech:005865	medium_514_plus_additional_salt	data/normalized_yaml/bacterial/medium_514a_modified_for_dsm_15882.yaml	CultureMech:005851	medium_514a_modified_for_dsm_15882	157	1	1	142	132	large group requires family-level review before migration; group spans multiple category directories	Same ingredient and concentration signature; review as possible duplicate source record.
900cbf3d7803354f	REVIEW_REQUIRED	MEDIUM	SOURCE_DUPLICATE	data/normalized_yaml/bacterial/KOMODO_514b_medium_514_plus_additional_salt.yaml	CultureMech:005865	medium_514_plus_additional_salt	data/normalized_yaml/bacterial/medium_514a_modified_for_dsm_22212.yaml	CultureMech:005852	medium_514a_modified_for_dsm_22212	157	1	1	142	132	large group requires family-level review before migration; group spans multiple category directories	Same ingredient and concentration signature; review as possible duplicate source record.
900cbf3d7803354f	REVIEW_REQUIRED	MEDIUM	SOURCE_DUPLICATE	data/normalized_yaml/bacterial/KOMODO_514b_medium_514_plus_additional_salt.yaml	CultureMech:005865	medium_514_plus_additional_salt	data/normalized_yaml/bacterial/medium_514b_modified_for_dsm_16010.yaml	CultureMech:005854	medium_514b_modified_for_dsm_16010	157	1	1	142	132	large group requires family-level review before migration; group spans multiple category directories	Same ingredient and concentration signature; review as possible duplicate source record.
900cbf3d7803354f	REVIEW_REQUIRED	MEDIUM	SOURCE_DUPLICATE	data/normalized_yaml/bacterial/KOMODO_514b_medium_514_plus_additional_salt.yaml	CultureMech:005865	medium_514_plus_additional_salt	data/normalized_yaml/bacterial/medium_514b_modified_for_dsm_21020.yaml	CultureMech:005856	medium_514b_modified_for_dsm_21020	157	1	1	142	132	large group requires family-level review before migration; group spans multiple category directories	Same ingredient and concentration signature; review as possible duplicate source record.
900cbf3d7803354f	REVIEW_REQUIRED	MEDIUM	SOURCE_DUPLICATE	data/normalized_yaml/bacterial/KOMODO_514b_medium_514_plus_additional_salt.yaml	CultureMech:005865	medium_514_plus_additional_salt	data/normalized_yaml/bacterial/medium_514b_modified_for_dsm_22359.yaml	CultureMech:005857	medium_514b_modified_for_dsm_22359	157	1	1	142	132	large group requires family-level review before migration; group spans multiple category directories	Same ingredient and concentration signature; review as possible duplicate source record.
900cbf3d7803354f	REVIEW_REQUIRED	MEDIUM	SOURCE_DUPLICATE	data/normalized_yaml/bacterial/KOMODO_514b_medium_514_plus_additional_salt.yaml	CultureMech:005865	medium_514_plus_additional_salt	data/normalized_yaml/bacterial/medium_514b_modified_for_dsm_26530.yaml	CultureMech:005858	medium_514b_modified_for_dsm_26530	157	1	1	142	132	large group requires family-level review before migration; group spans multiple category directories	Same ingredient and concentration signature; review as possible duplicate source record.
900cbf3d7803354f	REVIEW_REQUIRED	MEDIUM	SOURCE_DUPLICATE	data/normalized_yaml/bacterial/KOMODO_514b_medium_514_plus_additional_salt.yaml	CultureMech:005865	medium_514_plus_additional_salt	data/normalized_yaml/bacterial/medium_514b_modified_for_dsm_735.yaml	CultureMech:005864	medium_514b_modified_for_dsm_735	157	1	1	142	132	large group requires family-level review before migration; group spans multiple category directories	Same ingredient and concentration signature; review as possible duplicate source record.
900cbf3d7803354f	REVIEW_REQUIRED	MEDIUM	SOURCE_DUPLICATE	data/normalized_yaml/bacterial/KOMODO_514b_medium_514_plus_additional_salt.yaml	CultureMech:005865	medium_514_plus_additional_salt	data/normalized_yaml/bacterial/medium_514c_modified_for_dsm_23364.yaml	CultureMech:005866	medium_514c_modified_for_dsm_23364	157	1	1	142	132	large group requires family-level review before migration; group spans multiple category directories	Same ingredient and concentration signature; review as possible duplicate source record.
900cbf3d7803354f	REVIEW_REQUIRED	MEDIUM	SOURCE_DUPLICATE	data/normalized_yaml/bacterial/KOMODO_514b_medium_514_plus_additional_salt.yaml	CultureMech:005865	medium_514_plus_additional_salt	data/normalized_yaml/bacterial/medium_514d_modified_for_dsm_21633.yaml	CultureMech:005868	medium_514d_modified_for_dsm_21633	157	1	1	142	132	large group requires family-level review before migration; group spans multiple category directories	Same ingredient and concentration signature; review as possible duplicate source record.
900cbf3d7803354f	REVIEW_REQUIRED	MEDIUM	SOURCE_DUPLICATE	data/normalized_yaml/bacterial/KOMODO_514b_medium_514_plus_additional_salt.yaml	CultureMech:005865	medium_514_plus_additional_salt	data/normalized_yaml/bacterial/medium_514d_modified_for_dsm_21756.yaml	CultureMech:005869	medium_514d_modified_for_dsm_21756	157	1	1	142	132	large group requires family-level review before migration; group spans multiple category directories	Same ingredient and concentration signature; review as possible duplicate source record.
900cbf3d7803354f	REVIEW_REQUIRED	MEDIUM	SOURCE_DUPLICATE	data/normalized_yaml/bacterial/KOMODO_514b_medium_514_plus_additional_salt.yaml	CultureMech:005865	medium_514_plus_additional_salt	data/normalized_yaml/bacterial/modified_bacto_marine_broth.yaml	CultureMech:005870	modified_bacto_marine_broth	157	1	1	142	132	large group requires family-level review before migration; group spans multiple category directories	Same ingredient and concentration signature; review as possible duplicate source record.
900cbf3d7803354f	REVIEW_REQUIRED	MEDIUM	SUPPLEMENTED_VARIANT	data/normalized_yaml/bacterial/KOMODO_514b_medium_514_plus_additional_salt.yaml	CultureMech:005865	medium_514_plus_additional_salt	data/normalized_yaml/specialized/half_strength_bacto_marine_broth_with_50_seawater.yaml	CultureMech:015362	half_strength_bacto_marine_broth_with_50_seawater	157	1	1	142	132	large group requires family-level review before migration; group spans multiple category directories	Name suggests added supplement/component; verify ingredient delta against source.
f169197040d6c9d3	REVIEW_REQUIRED	MEDIUM	SUBSTITUTED_COMPONENT_VARIANT	data/normalized_yaml/bacterial/KOMODO_1_NUTRIENT_AGAR.yaml	CultureMech:004261	nutrient_agar	data/normalized_yaml/bacterial/medium_1_modified_for_dsm_15506_replace_k_oxalate_with_na_oxalate.yaml	CultureMech:003405	medium_1_modified_for_dsm_15506_replace_k_oxalate_with_na_oxalate	154	1	1	125	115	large group requires family-level review before migration	Name suggests substituted component; verify ingredient delta against source.
f169197040d6c9d3	REVIEW_REQUIRED	MEDIUM	SUBSTITUTED_COMPONENT_VARIANT	data/normalized_yaml/bacterial/KOMODO_1_NUTRIENT_AGAR.yaml	CultureMech:004261	nutrient_agar	data/normalized_yaml/bacterial/medium_1_modified_for_dsm_15507_replace_k_oxalate_with_na_oxalate.yaml	CultureMech:003407	medium_1_modified_for_dsm_15507_replace_k_oxalate_with_na_oxalate	154	1	1	125	115	large group requires family-level review before migration	Name suggests substituted component; verify ingredient delta against source.
c85ce07689018f62	REVIEW_REQUIRED	MEDIUM	SOURCE_DUPLICATE	data/normalized_yaml/bacterial/KOMODO_457d_MEDIUM_WITH_BIPHENYL.yaml	CultureMech:005462	medium_with_biphenyl	data/normalized_yaml/bacterial/KOMODO_457_MINERAL_MEDIUM_BRUNNER.yaml	CultureMech:005455	mineral_medium_brunner	153	1	1	136	136	large group requires family-level review before migration	Same ingredient and concentration signature; review as possible duplicate source record.
c85ce07689018f62	REVIEW_REQUIRED	MEDIUM	SUPPLEMENTED_VARIANT	data/normalized_yaml/bacterial/KOMODO_457d_MEDIUM_WITH_BIPHENYL.yaml	CultureMech:005462	medium_with_biphenyl	data/normalized_yaml/bacterial/KOMODO_457c_MEDIUM_WITH_CHLOROACRYLIC_ACID.yaml	CultureMech:005461	medium_with_chloroacrylic_acid	153	1	1	136	136	large group requires family-level review before migration	Name suggests added supplement/component; verify ingredient delta against source.
c85ce07689018f62	REVIEW_REQUIRED	MEDIUM	SOURCE_DUPLICATE	data/normalized_yaml/bacterial/KOMODO_457d_MEDIUM_WITH_BIPHENYL.yaml	CultureMech:005462	medium_with_biphenyl	data/normalized_yaml/bacterial/medium_457_modified_for_dsm_10330.yaml	CultureMech:005307	medium_457_modified_for_dsm_10330	153	1	1	136	126	large group requires family-level review before migration	Same ingredient and concentration signature; review as possible duplicate source record.
c85ce07689018f62	REVIEW_REQUIRED	MEDIUM	SOURCE_DUPLICATE	data/normalized_yaml/bacterial/KOMODO_457d_MEDIUM_WITH_BIPHENYL.yaml	CultureMech:005462	medium_with_biphenyl	data/normalized_yaml/bacterial/medium_457_modified_for_dsm_11019.yaml	CultureMech:005308	medium_457_modified_for_dsm_11019	153	1	1	136	126	large group requires family-level review before migration	Same ingredient and concentration signature; review as possible duplicate source record.
c85ce07689018f62	REVIEW_REQUIRED	MEDIUM	SOURCE_DUPLICATE	data/normalized_yaml/bacterial/KOMODO_457d_MEDIUM_WITH_BIPHENYL.yaml	CultureMech:005462	medium_with_biphenyl	data/normalized_yaml/bacterial/medium_457_modified_for_dsm_11097.yaml	CultureMech:005309	medium_457_modified_for_dsm_11097	153	1	1	136	126	large group requires family-level review before migration	Same ingredient and concentration signature; review as possible duplicate source record.
c85ce07689018f62	REVIEW_REQUIRED	MEDIUM	SOURCE_DUPLICATE	data/normalized_yaml/bacterial/KOMODO_457d_MEDIUM_WITH_BIPHENYL.yaml	CultureMech:005462	medium_with_biphenyl	data/normalized_yaml/bacterial/medium_457_modified_for_dsm_11213.yaml	CultureMech:005310	medium_457_modified_for_dsm_11213	153	1	1	136	126	large group requires family-level review before migration	Same ingredient and concentration signature; review as possible duplicate source record.
c85ce07689018f62	REVIEW_REQUIRED	MEDIUM	SOURCE_DUPLICATE	data/normalized_yaml/bacterial/KOMODO_457d_MEDIUM_WITH_BIPHENYL.yaml	CultureMech:005462	medium_with_biphenyl	data/normalized_yaml/bacterial/medium_457_modified_for_dsm_11214.yaml	CultureMech:005311	medium_457_modified_for_dsm_11214	153	1	1	136	126	large group requires family-level review before migration	Same ingredient and concentration signature; review as possible duplicate source record.
c85ce07689018f62	REVIEW_REQUIRED	MEDIUM	SOURCE_DUPLICATE	data/normalized_yaml/bacterial/KOMODO_457d_MEDIUM_WITH_BIPHENYL.yaml	CultureMech:005462	medium_with_biphenyl	data/normalized_yaml/bacterial/medium_457_modified_for_dsm_11215.yaml	CultureMech:005312	medium_457_modified_for_dsm_11215	153	1	1	136	126	large group requires family-level review before migration	Same ingredient and concentration signature; review as possible duplicate source record.
c85ce07689018f62	REVIEW_REQUIRED	MEDIUM	SOURCE_DUPLICATE	data/normalized_yaml/bacterial/KOMODO_457d_MEDIUM_WITH_BIPHENYL.yaml	CultureMech:005462	medium_with_biphenyl	data/normalized_yaml/bacterial/medium_457_modified_for_dsm_11216.yaml	CultureMech:005313	medium_457_modified_for_dsm_11216	153	1	1	136	126	large group requires family-level review before migration	Same ingredient and concentration signature; review as possible duplicate source record.
c85ce07689018f62	REVIEW_REQUIRED	MEDIUM	SOURCE_DUPLICATE	data/normalized_yaml/bacterial/KOMODO_457d_MEDIUM_WITH_BIPHENYL.yaml	CultureMech:005462	medium_with_biphenyl	data/normalized_yaml/bacterial/medium_457_modified_for_dsm_11217.yaml	CultureMech:005314	medium_457_modified_for_dsm_11217	153	1	1	136	126	large group requires family-level review before migration	Same ingredient and concentration signature; review as possible duplicate source record.
c85ce07689018f62	REVIEW_REQUIRED	MEDIUM	SOURCE_DUPLICATE	data/normalized_yaml/bacterial/KOMODO_457d_MEDIUM_WITH_BIPHENYL.yaml	CultureMech:005462	medium_with_biphenyl	data/normalized_yaml/bacterial/medium_457_modified_for_dsm_11218.yaml	CultureMech:005315	medium_457_modified_for_dsm_11218	153	1	1	136	126	large group requires family-level review before migration	Same ingredient and concentration signature; review as possible duplicate source record.
c85ce07689018f62	REVIEW_REQUIRED	MEDIUM	SOURCE_DUPLICATE	data/normalized_yaml/bacterial/KOMODO_457d_MEDIUM_WITH_BIPHENYL.yaml	CultureMech:005462	medium_with_biphenyl	data/normalized_yaml/bacterial/medium_457_modified_for_dsm_11219.yaml	CultureMech:005316	medium_457_modified_for_dsm_11219	153	1	1	136	126	large group requires family-level review before migration	Same ingredient and concentration signature; review as possible duplicate source record.
c85ce07689018f62	REVIEW_REQUIRED	MEDIUM	SOURCE_DUPLICATE	data/normalized_yaml/bacterial/KOMODO_457d_MEDIUM_WITH_BIPHENYL.yaml	CultureMech:005462	medium_with_biphenyl	data/normalized_yaml/bacterial/medium_457_modified_for_dsm_11220.yaml	CultureMech:005317	medium_457_modified_for_dsm_11220	153	1	1	136	126	large group requires family-level review before migration	Same ingredient and concentration signature; review as possible duplicate source record.
c85ce07689018f62	REVIEW_REQUIRED	MEDIUM	SOURCE_DUPLICATE	data/normalized_yaml/bacterial/KOMODO_457d_MEDIUM_WITH_BIPHENYL.yaml	CultureMech:005462	medium_with_biphenyl	data/normalized_yaml/bacterial/medium_457_modified_for_dsm_11345.yaml	CultureMech:005318	medium_457_modified_for_dsm_11345	153	1	1	136	126	large group requires family-level review before migration	Same ingredient and concentration signature; review as possible duplicate source record.
c85ce07689018f62	REVIEW_REQUIRED	MEDIUM	SOURCE_DUPLICATE	data/normalized_yaml/bacterial/KOMODO_457d_MEDIUM_WITH_BIPHENYL.yaml	CultureMech:005462	medium_with_biphenyl	data/normalized_yaml/bacterial/medium_457_modified_for_dsm_11346.yaml	CultureMech:005319	medium_457_modified_for_dsm_11346	153	1	1	136	126	large group requires family-level review before migration	Same ingredient and concentration signature; review as possible duplicate source record.
c85ce07689018f62	REVIEW_REQUIRED	MEDIUM	SOURCE_DUPLICATE	data/normalized_yaml/bacterial/KOMODO_457d_MEDIUM_WITH_BIPHENYL.yaml	CultureMech:005462	medium_with_biphenyl	data/normalized_yaml/bacterial/medium_457_modified_for_dsm_11531.yaml	CultureMech:005320	medium_457_modified_for_dsm_11531	153	1	1	136	126	large group requires family-level review before migration	Same ingredient and concentration signature; review as possible duplicate source record.
c85ce07689018f62	REVIEW_REQUIRED	MEDIUM	SOURCE_DUPLICATE	data/normalized_yaml/bacterial/KOMODO_457d_MEDIUM_WITH_BIPHENYL.yaml	CultureMech:005462	medium_with_biphenyl	data/normalized_yaml/bacterial/medium_457_modified_for_dsm_11532.yaml	CultureMech:005321	medium_457_modified_for_dsm_11532	153	1	1	136	126	large group requires family-level review before migration	Same ingredient and concentration signature; review as possible duplicate source record.
c85ce07689018f62	REVIEW_REQUIRED	MEDIUM	SOURCE_DUPLICATE	data/normalized_yaml/bacterial/KOMODO_457d_MEDIUM_WITH_BIPHENYL.yaml	CultureMech:005462	medium_with_biphenyl	data/normalized_yaml/bacterial/medium_457_modified_for_dsm_11533.yaml	CultureMech:005322	medium_457_modified_for_dsm_11533	153	1	1	136	126	large group requires family-level review before migration	Same ingredient and concentration signature; review as possible duplicate source record.
c85ce07689018f62	REVIEW_REQUIRED	MEDIUM	SOURCE_DUPLICATE	data/normalized_yaml/bacterial/KOMODO_457d_MEDIUM_WITH_BIPHENYL.yaml	CultureMech:005462	medium_with_biphenyl	data/normalized_yaml/bacterial/medium_457_modified_for_dsm_11535.yaml	CultureMech:005323	medium_457_modified_for_dsm_11535	153	1	1	136	126	large group requires family-level review before migration	Same ingredient and concentration signature; review as possible duplicate source record.
c85ce07689018f62	REVIEW_REQUIRED	MEDIUM	SOURCE_DUPLICATE	data/normalized_yaml/bacterial/KOMODO_457d_MEDIUM_WITH_BIPHENYL.yaml	CultureMech:005462	medium_with_biphenyl	data/normalized_yaml/bacterial/medium_457_modified_for_dsm_11562.yaml	CultureMech:005324	medium_457_modified_for_dsm_11562	153	1	1	136	126	large group requires family-level review before migration	Same ingredient and concentration signature; review as possible duplicate source record.
c85ce07689018f62	REVIEW_REQUIRED	MEDIUM	SOURCE_DUPLICATE	data/normalized_yaml/bacterial/KOMODO_457d_MEDIUM_WITH_BIPHENYL.yaml	CultureMech:005462	medium_with_biphenyl	data/normalized_yaml/bacterial/medium_457_modified_for_dsm_11563.yaml	CultureMech:005325	medium_457_modified_for_dsm_11563	153	1	1	136	126	large group requires family-level review before migration	Same ingredient and concentration signature; review as possible duplicate source record.
c85ce07689018f62	REVIEW_REQUIRED	MEDIUM	SOURCE_DUPLICATE	data/normalized_yaml/bacterial/KOMODO_457d_MEDIUM_WITH_BIPHENYL.yaml	CultureMech:005462	medium_with_biphenyl	data/normalized_yaml/bacterial/medium_457_modified_for_dsm_11564.yaml	CultureMech:005326	medium_457_modified_for_dsm_11564	153	1	1	136	126	large group requires family-level review before migration	Same ingredient and concentration signature; review as possible duplicate source record.
c85ce07689018f62	REVIEW_REQUIRED	MEDIUM	SOURCE_DUPLICATE	data/normalized_yaml/bacterial/KOMODO_457d_MEDIUM_WITH_BIPHENYL.yaml	CultureMech:005462	medium_with_biphenyl	data/normalized_yaml/bacterial/medium_457_modified_for_dsm_11565.yaml	CultureMech:005327	medium_457_modified_for_dsm_11565	153	1	1	136	126	large group requires family-level review before migration	Same ingredient and concentration signature; review as possible duplicate source record.
c85ce07689018f62	REVIEW_REQUIRED	MEDIUM	SOURCE_DUPLICATE	data/normalized_yaml/bacterial/KOMODO_457d_MEDIUM_WITH_BIPHENYL.yaml	CultureMech:005462	medium_with_biphenyl	data/normalized_yaml/bacterial/medium_457_modified_for_dsm_11566.yaml	CultureMech:005328	medium_457_modified_for_dsm_11566	153	1	1	136	126	large group requires family-level review before migration	Same ingredient and concentration signature; review as possible duplicate source record.
c85ce07689018f62	REVIEW_REQUIRED	MEDIUM	SOURCE_DUPLICATE	data/normalized_yaml/bacterial/KOMODO_457d_MEDIUM_WITH_BIPHENYL.yaml	CultureMech:005462	medium_with_biphenyl	data/normalized_yaml/bacterial/medium_457_modified_for_dsm_11567.yaml	CultureMech:005329	medium_457_modified_for_dsm_11567	153	1	1	136	126	large group requires family-level review before migration	Same ingredient and concentration signature; review as possible duplicate source record.
c85ce07689018f62	REVIEW_REQUIRED	MEDIUM	SOURCE_DUPLICATE	data/normalized_yaml/bacterial/KOMODO_457d_MEDIUM_WITH_BIPHENYL.yaml	CultureMech:005462	medium_with_biphenyl	data/normalized_yaml/bacterial/medium_457_modified_for_dsm_11568.yaml	CultureMech:005330	medium_457_modified_for_dsm_11568	153	1	1	136	126	large group requires family-level review before migration	Same ingredient and concentration signature; review as possible duplicate source record.
c85ce07689018f62	REVIEW_REQUIRED	MEDIUM	SOURCE_DUPLICATE	data/normalized_yaml/bacterial/KOMODO_457d_MEDIUM_WITH_BIPHENYL.yaml	CultureMech:005462	medium_with_biphenyl	data/normalized_yaml/bacterial/medium_457_modified_for_dsm_11569.yaml	CultureMech:005331	medium_457_modified_for_dsm_11569	153	1	1	136	126	large group requires family-level review before migration	Same ingredient and concentration signature; review as possible duplicate source record.
c85ce07689018f62	REVIEW_REQUIRED	MEDIUM	SOURCE_DUPLICATE	data/normalized_yaml/bacterial/KOMODO_457d_MEDIUM_WITH_BIPHENYL.yaml	CultureMech:005462	medium_with_biphenyl	data/normalized_yaml/bacterial/medium_457_modified_for_dsm_11570.yaml	CultureMech:005332	medium_457_modified_for_dsm_11570	153	1	1	136	126	large group requires family-level review before migration	Same ingredient and concentration signature; review as possible duplicate source record.
c85ce07689018f62	REVIEW_REQUIRED	MEDIUM	SOURCE_DUPLICATE	data/normalized_yaml/bacterial/KOMODO_457d_MEDIUM_WITH_BIPHENYL.yaml	CultureMech:005462	medium_with_biphenyl	data/normalized_yaml/bacterial/medium_457_modified_for_dsm_11591.yaml	CultureMech:005333	medium_457_modified_for_dsm_11591	153	1	1	136	126	large group requires family-level review before migration	Same ingredient and concentration signature; review as possible duplicate source record.
c85ce07689018f62	REVIEW_REQUIRED	MEDIUM	SOURCE_DUPLICATE	data/normalized_yaml/bacterial/KOMODO_457d_MEDIUM_WITH_BIPHENYL.yaml	CultureMech:005462	medium_with_biphenyl	data/normalized_yaml/bacterial/medium_457_modified_for_dsm_11738.yaml	CultureMech:005334	medium_457_modified_for_dsm_11738	153	1	1	136	126	large group requires family-level review before migration	Same ingredient and concentration signature; review as possible duplicate source record.
c85ce07689018f62	REVIEW_REQUIRED	MEDIUM	SOURCE_DUPLICATE	data/normalized_yaml/bacterial/KOMODO_457d_MEDIUM_WITH_BIPHENYL.yaml	CultureMech:005462	medium_with_biphenyl	data/normalized_yaml/bacterial/medium_457_modified_for_dsm_11850.yaml	CultureMech:005335	medium_457_modified_for_dsm_11850	153	1	1	136	126	large group requires family-level review before migration	Same ingredient and concentration signature; review as possible duplicate source record.
c85ce07689018f62	REVIEW_REQUIRED	MEDIUM	SOURCE_DUPLICATE	data/normalized_yaml/bacterial/KOMODO_457d_MEDIUM_WITH_BIPHENYL.yaml	CultureMech:005462	medium_with_biphenyl	data/normalized_yaml/bacterial/medium_457_modified_for_dsm_12401.yaml	CultureMech:005336	medium_457_modified_for_dsm_12401	153	1	1	136	126	large group requires family-level review before migration	Same ingredient and concentration signature; review as possible duplicate source record.
c85ce07689018f62	REVIEW_REQUIRED	MEDIUM	SOURCE_DUPLICATE	data/normalized_yaml/bacterial/KOMODO_457d_MEDIUM_WITH_BIPHENYL.yaml	CultureMech:005462	medium_with_biphenyl	data/normalized_yaml/bacterial/medium_457_modified_for_dsm_12418.yaml	CultureMech:005337	medium_457_modified_for_dsm_12418	153	1	1	136	126	large group requires family-level review before migration	Same ingredient and concentration signature; review as possible duplicate source record.
c85ce07689018f62	REVIEW_REQUIRED	MEDIUM	SOURCE_DUPLICATE	data/normalized_yaml/bacterial/KOMODO_457d_MEDIUM_WITH_BIPHENYL.yaml	CultureMech:005462	medium_with_biphenyl	data/normalized_yaml/bacterial/medium_457_modified_for_dsm_12444.yaml	CultureMech:005338	medium_457_modified_for_dsm_12444	153	1	1	136	126	large group requires family-level review before migration	Same ingredient and concentration signature; review as possible duplicate source record.
c85ce07689018f62	REVIEW_REQUIRED	MEDIUM	SOURCE_DUPLICATE	data/normalized_yaml/bacterial/KOMODO_457d_MEDIUM_WITH_BIPHENYL.yaml	CultureMech:005462	medium_with_biphenyl	data/normalized_yaml/bacterial/medium_457_modified_for_dsm_12445.yaml	CultureMech:005339	medium_457_modified_for_dsm_12445	153	1	1	136	126	large group requires family-level review before migration	Same ingredient and concentration signature; review as possible duplicate source record.
c85ce07689018f62	REVIEW_REQUIRED	MEDIUM	SOURCE_DUPLICATE	data/normalized_yaml/bacterial/KOMODO_457d_MEDIUM_WITH_BIPHENYL.yaml	CultureMech:005462	medium_with_biphenyl	data/normalized_yaml/bacterial/medium_457_modified_for_dsm_12447.yaml	CultureMech:005340	medium_457_modified_for_dsm_12447	153	1	1	136	126	large group requires family-level review before migration	Same ingredient and concentration signature; review as possible duplicate source record.
c85ce07689018f62	REVIEW_REQUIRED	MEDIUM	SOURCE_DUPLICATE	data/normalized_yaml/bacterial/KOMODO_457d_MEDIUM_WITH_BIPHENYL.yaml	CultureMech:005462	medium_with_biphenyl	data/normalized_yaml/bacterial/medium_457_modified_for_dsm_12448.yaml	CultureMech:005341	medium_457_modified_for_dsm_12448	153	1	1	136	126	large group requires family-level review before migration	Same ingredient and concentration signature; review as possible duplicate source record.
c85ce07689018f62	REVIEW_REQUIRED	MEDIUM	SOURCE_DUPLICATE	data/normalized_yaml/bacterial/KOMODO_457d_MEDIUM_WITH_BIPHENYL.yaml	CultureMech:005462	medium_with_biphenyl	data/normalized_yaml/bacterial/medium_457_modified_for_dsm_12586.yaml	CultureMech:005342	medium_457_modified_for_dsm_12586	153	1	1	136	126	large group requires family-level review before migration	Same ingredient and concentration signature; review as possible duplicate source record.
c85ce07689018f62	REVIEW_REQUIRED	MEDIUM	SOURCE_DUPLICATE	data/normalized_yaml/bacterial/KOMODO_457d_MEDIUM_WITH_BIPHENYL.yaml	CultureMech:005462	medium_with_biphenyl	data/normalized_yaml/bacterial/medium_457_modified_for_dsm_12647.yaml	CultureMech:005343	medium_457_modified_for_dsm_12647	153	1	1	136	126	large group requires family-level review before migration	Same ingredient and concentration signature; review as possible duplicate source record.
c85ce07689018f62	REVIEW_REQUIRED	MEDIUM	SOURCE_DUPLICATE	data/normalized_yaml/bacterial/KOMODO_457d_MEDIUM_WITH_BIPHENYL.yaml	CultureMech:005462	medium_with_biphenyl	data/normalized_yaml/bacterial/medium_457_modified_for_dsm_12677.yaml	CultureMech:005344	medium_457_modified_for_dsm_12677	153	1	1	136	126	large group requires family-level review before migration	Same ingredient and concentration signature; review as possible duplicate source record.
c85ce07689018f62	REVIEW_REQUIRED	MEDIUM	SOURCE_DUPLICATE	data/normalized_yaml/bacterial/KOMODO_457d_MEDIUM_WITH_BIPHENYL.yaml	CultureMech:005462	medium_with_biphenyl	data/normalized_yaml/bacterial/medium_457_modified_for_dsm_12734.yaml	CultureMech:005345	medium_457_modified_for_dsm_12734	153	1	1	136	126	large group requires family-level review before migration	Same ingredient and concentration signature; review as possible duplicate source record.
c85ce07689018f62	REVIEW_REQUIRED	MEDIUM	SOURCE_DUPLICATE	data/normalized_yaml/bacterial/KOMODO_457d_MEDIUM_WITH_BIPHENYL.yaml	CultureMech:005462	medium_with_biphenyl	data/normalized_yaml/bacterial/medium_457_modified_for_dsm_12735.yaml	CultureMech:005346	medium_457_modified_for_dsm_12735	153	1	1	136	126	large group requires family-level review before migration	Same ingredient and concentration signature; review as possible duplicate source record.
c85ce07689018f62	REVIEW_REQUIRED	MEDIUM	SOURCE_DUPLICATE	data/normalized_yaml/bacterial/KOMODO_457d_MEDIUM_WITH_BIPHENYL.yaml	CultureMech:005462	medium_with_biphenyl	data/normalized_yaml/bacterial/medium_457_modified_for_dsm_13225.yaml	CultureMech:005347	medium_457_modified_for_dsm_13225	153	1	1	136	126	large group requires family-level review before migration	Same ingredient and concentration signature; review as possible duplicate source record.
c85ce07689018f62	REVIEW_REQUIRED	MEDIUM	SOURCE_DUPLICATE	data/normalized_yaml/bacterial/KOMODO_457d_MEDIUM_WITH_BIPHENYL.yaml	CultureMech:005462	medium_with_biphenyl	data/normalized_yaml/bacterial/medium_457_modified_for_dsm_13337.yaml	CultureMech:005348	medium_457_modified_for_dsm_13337	153	1	1	136	126	large group requires family-level review before migration	Same ingredient and concentration signature; review as possible duplicate source record.
c85ce07689018f62	REVIEW_REQUIRED	MEDIUM	SOURCE_DUPLICATE	data/normalized_yaml/bacterial/KOMODO_457d_MEDIUM_WITH_BIPHENYL.yaml	CultureMech:005462	medium_with_biphenyl	data/normalized_yaml/bacterial/medium_457_modified_for_dsm_13646.yaml	CultureMech:005349	medium_457_modified_for_dsm_13646	153	1	1	136	126	large group requires family-level review before migration	Same ingredient and concentration signature; review as possible duplicate source record.
c85ce07689018f62	REVIEW_REQUIRED	MEDIUM	SOURCE_DUPLICATE	data/normalized_yaml/bacterial/KOMODO_457d_MEDIUM_WITH_BIPHENYL.yaml	CultureMech:005462	medium_with_biphenyl	data/normalized_yaml/bacterial/medium_457_modified_for_dsm_14157.yaml	CultureMech:005350	medium_457_modified_for_dsm_14157	153	1	1	136	126	large group requires family-level review before migration	Same ingredient and concentration signature; review as possible duplicate source record.
c85ce07689018f62	REVIEW_REQUIRED	MEDIUM	SOURCE_DUPLICATE	data/normalized_yaml/bacterial/KOMODO_457d_MEDIUM_WITH_BIPHENYL.yaml	CultureMech:005462	medium_with_biphenyl	data/normalized_yaml/bacterial/medium_457_modified_for_dsm_14291.yaml	CultureMech:005351	medium_457_modified_for_dsm_14291	153	1	1	136	126	large group requires family-level review before migration	Same ingredient and concentration signature; review as possible duplicate source record.
c85ce07689018f62	REVIEW_REQUIRED	MEDIUM	SOURCE_DUPLICATE	data/normalized_yaml/bacterial/KOMODO_457d_MEDIUM_WITH_BIPHENYL.yaml	CultureMech:005462	medium_with_biphenyl	data/normalized_yaml/bacterial/medium_457_modified_for_dsm_14292.yaml	CultureMech:005352	medium_457_modified_for_dsm_14292	153	1	1	136	126	large group requires family-level review before migration	Same ingredient and concentration signature; review as possible duplicate source record.
c85ce07689018f62	REVIEW_REQUIRED	MEDIUM	SOURCE_DUPLICATE	data/normalized_yaml/bacterial/KOMODO_457d_MEDIUM_WITH_BIPHENYL.yaml	CultureMech:005462	medium_with_biphenyl	data/normalized_yaml/bacterial/medium_457_modified_for_dsm_14576.yaml	CultureMech:005353	medium_457_modified_for_dsm_14576	153	1	1	136	126	large group requires family-level review before migration	Same ingredient and concentration signature; review as possible duplicate source record.
c85ce07689018f62	REVIEW_REQUIRED	MEDIUM	SOURCE_DUPLICATE	data/normalized_yaml/bacterial/KOMODO_457d_MEDIUM_WITH_BIPHENYL.yaml	CultureMech:005462	medium_with_biphenyl	data/normalized_yaml/bacterial/medium_457_modified_for_dsm_14677.yaml	CultureMech:005354	medium_457_modified_for_dsm_14677	153	1	1	136	126	large group requires family-level review before migration	Same ingredient and concentration signature; review as possible duplicate source record.
c85ce07689018f62	REVIEW_REQUIRED	MEDIUM	SOURCE_DUPLICATE	data/normalized_yaml/bacterial/KOMODO_457d_MEDIUM_WITH_BIPHENYL.yaml	CultureMech:005462	medium_with_biphenyl	data/normalized_yaml/bacterial/medium_457_modified_for_dsm_15090.yaml	CultureMech:005355	medium_457_modified_for_dsm_15090	153	1	1	136	126	large group requires family-level review before migration	Same ingredient and concentration signature; review as possible duplicate source record.
c85ce07689018f62	REVIEW_REQUIRED	MEDIUM	SOURCE_DUPLICATE	data/normalized_yaml/bacterial/KOMODO_457d_MEDIUM_WITH_BIPHENYL.yaml	CultureMech:005462	medium_with_biphenyl	data/normalized_yaml/bacterial/medium_457_modified_for_dsm_15091.yaml	CultureMech:005356	medium_457_modified_for_dsm_15091	153	1	1	136	126	large group requires family-level review before migration	Same ingredient and concentration signature; review as possible duplicate source record.
c85ce07689018f62	REVIEW_REQUIRED	MEDIUM	SOURCE_DUPLICATE	data/normalized_yaml/bacterial/KOMODO_457d_MEDIUM_WITH_BIPHENYL.yaml	CultureMech:005462	medium_with_biphenyl	data/normalized_yaml/bacterial/medium_457_modified_for_dsm_15418.yaml	CultureMech:005357	medium_457_modified_for_dsm_15418	153	1	1	136	126	large group requires family-level review before migration	Same ingredient and concentration signature; review as possible duplicate source record.
c85ce07689018f62	REVIEW_REQUIRED	MEDIUM	SOURCE_DUPLICATE	data/normalized_yaml/bacterial/KOMODO_457d_MEDIUM_WITH_BIPHENYL.yaml	CultureMech:005462	medium_with_biphenyl	data/normalized_yaml/bacterial/medium_457_modified_for_dsm_16272.yaml	CultureMech:005358	medium_457_modified_for_dsm_16272	153	1	1	136	126	large group requires family-level review before migration	Same ingredient and concentration signature; review as possible duplicate source record.
c85ce07689018f62	REVIEW_REQUIRED	MEDIUM	SOURCE_DUPLICATE	data/normalized_yaml/bacterial/KOMODO_457d_MEDIUM_WITH_BIPHENYL.yaml	CultureMech:005462	medium_with_biphenyl	data/normalized_yaml/bacterial/medium_457_modified_for_dsm_16273.yaml	CultureMech:005359	medium_457_modified_for_dsm_16273	153	1	1	136	126	large group requires family-level review before migration	Same ingredient and concentration signature; review as possible duplicate source record.
c85ce07689018f62	REVIEW_REQUIRED	MEDIUM	SOURCE_DUPLICATE	data/normalized_yaml/bacterial/KOMODO_457d_MEDIUM_WITH_BIPHENYL.yaml	CultureMech:005462	medium_with_biphenyl	data/normalized_yaml/bacterial/medium_457_modified_for_dsm_16274.yaml	CultureMech:005360	medium_457_modified_for_dsm_16274	153	1	1	136	126	large group requires family-level review before migration	Same ingredient and concentration signature; review as possible duplicate source record.
c85ce07689018f62	REVIEW_REQUIRED	MEDIUM	SOURCE_DUPLICATE	data/normalized_yaml/bacterial/KOMODO_457d_MEDIUM_WITH_BIPHENYL.yaml	CultureMech:005462	medium_with_biphenyl	data/normalized_yaml/bacterial/medium_457_modified_for_dsm_16482.yaml	CultureMech:005361	medium_457_modified_for_dsm_16482	153	1	1	136	126	large group requires family-level review before migration	Same ingredient and concentration signature; review as possible duplicate source record.
c85ce07689018f62	REVIEW_REQUIRED	MEDIUM	SOURCE_DUPLICATE	data/normalized_yaml/bacterial/KOMODO_457d_MEDIUM_WITH_BIPHENYL.yaml	CultureMech:005462	medium_with_biphenyl	data/normalized_yaml/bacterial/medium_457_modified_for_dsm_16503.yaml	CultureMech:005362	medium_457_modified_for_dsm_16503	153	1	1	136	126	large group requires family-level review before migration	Same ingredient and concentration signature; review as possible duplicate source record.
c85ce07689018f62	REVIEW_REQUIRED	MEDIUM	SOURCE_DUPLICATE	data/normalized_yaml/bacterial/KOMODO_457d_MEDIUM_WITH_BIPHENYL.yaml	CultureMech:005462	medium_with_biphenyl	data/normalized_yaml/bacterial/medium_457_modified_for_dsm_16638.yaml	CultureMech:005363	medium_457_modified_for_dsm_16638	153	1	1	136	126	large group requires family-level review before migration	Same ingredient and concentration signature; review as possible duplicate source record.
c85ce07689018f62	REVIEW_REQUIRED	MEDIUM	SOURCE_DUPLICATE	data/normalized_yaml/bacterial/KOMODO_457d_MEDIUM_WITH_BIPHENYL.yaml	CultureMech:005462	medium_with_biphenyl	data/normalized_yaml/bacterial/medium_457_modified_for_dsm_17164.yaml	CultureMech:005364	medium_457_modified_for_dsm_17164	153	1	1	136	126	large group requires family-level review before migration	Same ingredient and concentration signature; review as possible duplicate source record.
c85ce07689018f62	REVIEW_REQUIRED	MEDIUM	SOURCE_DUPLICATE	data/normalized_yaml/bacterial/KOMODO_457d_MEDIUM_WITH_BIPHENYL.yaml	CultureMech:005462	medium_with_biphenyl	data/normalized_yaml/bacterial/medium_457_modified_for_dsm_17367.yaml	CultureMech:005365	medium_457_modified_for_dsm_17367	153	1	1	136	126	large group requires family-level review before migration	Same ingredient and concentration signature; review as possible duplicate source record.
c85ce07689018f62	REVIEW_REQUIRED	MEDIUM	SOURCE_DUPLICATE	data/normalized_yaml/bacterial/KOMODO_457d_MEDIUM_WITH_BIPHENYL.yaml	CultureMech:005462	medium_with_biphenyl	data/normalized_yaml/bacterial/medium_457_modified_for_dsm_17668.yaml	CultureMech:005366	medium_457_modified_for_dsm_17668	153	1	1	136	126	large group requires family-level review before migration	Same ingredient and concentration signature; review as possible duplicate source record.
c85ce07689018f62	REVIEW_REQUIRED	MEDIUM	SOURCE_DUPLICATE	data/normalized_yaml/bacterial/KOMODO_457d_MEDIUM_WITH_BIPHENYL.yaml	CultureMech:005462	medium_with_biphenyl	data/normalized_yaml/bacterial/medium_457_modified_for_dsm_17773.yaml	CultureMech:005367	medium_457_modified_for_dsm_17773	153	1	1	136	126	large group requires family-level review before migration	Same ingredient and concentration signature; review as possible duplicate source record.
c85ce07689018f62	REVIEW_REQUIRED	MEDIUM	SOURCE_DUPLICATE	data/normalized_yaml/bacterial/KOMODO_457d_MEDIUM_WITH_BIPHENYL.yaml	CultureMech:005462	medium_with_biphenyl	data/normalized_yaml/bacterial/medium_457_modified_for_dsm_21786.yaml	CultureMech:005368	medium_457_modified_for_dsm_21786	153	1	1	136	126	large group requires family-level review before migration	Same ingredient and concentration signature; review as possible duplicate source record.
c85ce07689018f62	REVIEW_REQUIRED	MEDIUM	SOURCE_DUPLICATE	data/normalized_yaml/bacterial/KOMODO_457d_MEDIUM_WITH_BIPHENYL.yaml	CultureMech:005462	medium_with_biphenyl	data/normalized_yaml/bacterial/medium_457_modified_for_dsm_22800.yaml	CultureMech:005369	medium_457_modified_for_dsm_22800	153	1	1	136	126	large group requires family-level review before migration	Same ingredient and concentration signature; review as possible duplicate source record.
c85ce07689018f62	REVIEW_REQUIRED	MEDIUM	SOURCE_DUPLICATE	data/normalized_yaml/bacterial/KOMODO_457d_MEDIUM_WITH_BIPHENYL.yaml	CultureMech:005462	medium_with_biphenyl	data/normalized_yaml/bacterial/medium_457_modified_for_dsm_22895.yaml	CultureMech:005370	medium_457_modified_for_dsm_22895	153	1	1	136	126	large group requires family-level review before migration	Same ingredient and concentration signature; review as possible duplicate source record.
c85ce07689018f62	REVIEW_REQUIRED	MEDIUM	SOURCE_DUPLICATE	data/normalized_yaml/bacterial/KOMODO_457d_MEDIUM_WITH_BIPHENYL.yaml	CultureMech:005462	medium_with_biphenyl	data/normalized_yaml/bacterial/medium_457_modified_for_dsm_22896.yaml	CultureMech:005371	medium_457_modified_for_dsm_22896	153	1	1	136	126	large group requires family-level review before migration	Same ingredient and concentration signature; review as possible duplicate source record.
c85ce07689018f62	REVIEW_REQUIRED	MEDIUM	SOURCE_DUPLICATE	data/normalized_yaml/bacterial/KOMODO_457d_MEDIUM_WITH_BIPHENYL.yaml	CultureMech:005462	medium_with_biphenyl	data/normalized_yaml/bacterial/medium_457_modified_for_dsm_22897.yaml	CultureMech:005372	medium_457_modified_for_dsm_22897	153	1	1	136	126	large group requires family-level review before migration	Same ingredient and concentration signature; review as possible duplicate source record.
c85ce07689018f62	REVIEW_REQUIRED	MEDIUM	SOURCE_DUPLICATE	data/normalized_yaml/bacterial/KOMODO_457d_MEDIUM_WITH_BIPHENYL.yaml	CultureMech:005462	medium_with_biphenyl	data/normalized_yaml/bacterial/medium_457_modified_for_dsm_22944.yaml	CultureMech:005373	medium_457_modified_for_dsm_22944	153	1	1	136	126	large group requires family-level review before migration	Same ingredient and concentration signature; review as possible duplicate source record.
c85ce07689018f62	REVIEW_REQUIRED	MEDIUM	SOURCE_DUPLICATE	data/normalized_yaml/bacterial/KOMODO_457d_MEDIUM_WITH_BIPHENYL.yaml	CultureMech:005462	medium_with_biphenyl	data/normalized_yaml/bacterial/medium_457_modified_for_dsm_3226.yaml	CultureMech:005374	medium_457_modified_for_dsm_3226	153	1	1	136	126	large group requires family-level review before migration	Same ingredient and concentration signature; review as possible duplicate source record.
c85ce07689018f62	REVIEW_REQUIRED	MEDIUM	SOURCE_DUPLICATE	data/normalized_yaml/bacterial/KOMODO_457d_MEDIUM_WITH_BIPHENYL.yaml	CultureMech:005462	medium_with_biphenyl	data/normalized_yaml/bacterial/medium_457_modified_for_dsm_6014.yaml	CultureMech:005375	medium_457_modified_for_dsm_6014	153	1	1	136	126	large group requires family-level review before migration	Same ingredient and concentration signature; review as possible duplicate source record.
c85ce07689018f62	REVIEW_REQUIRED	MEDIUM	SOURCE_DUPLICATE	data/normalized_yaml/bacterial/KOMODO_457d_MEDIUM_WITH_BIPHENYL.yaml	CultureMech:005462	medium_with_biphenyl	data/normalized_yaml/bacterial/medium_457_modified_for_dsm_6263.yaml	CultureMech:005376	medium_457_modified_for_dsm_6263	153	1	1	136	126	large group requires family-level review before migration	Same ingredient and concentration signature; review as possible duplicate source record.
c85ce07689018f62	REVIEW_REQUIRED	MEDIUM	SOURCE_DUPLICATE	data/normalized_yaml/bacterial/KOMODO_457d_MEDIUM_WITH_BIPHENYL.yaml	CultureMech:005462	medium_with_biphenyl	data/normalized_yaml/bacterial/medium_457_modified_for_dsm_6264.yaml	CultureMech:005377	medium_457_modified_for_dsm_6264	153	1	1	136	126	large group requires family-level review before migration	Same ingredient and concentration signature; review as possible duplicate source record.
c85ce07689018f62	REVIEW_REQUIRED	MEDIUM	SOURCE_DUPLICATE	data/normalized_yaml/bacterial/KOMODO_457d_MEDIUM_WITH_BIPHENYL.yaml	CultureMech:005462	medium_with_biphenyl	data/normalized_yaml/bacterial/medium_457_modified_for_dsm_6279.yaml	CultureMech:005378	medium_457_modified_for_dsm_6279	153	1	1	136	126	large group requires family-level review before migration	Same ingredient and concentration signature; review as possible duplicate source record.
c85ce07689018f62	REVIEW_REQUIRED	MEDIUM	SOURCE_DUPLICATE	data/normalized_yaml/bacterial/KOMODO_457d_MEDIUM_WITH_BIPHENYL.yaml	CultureMech:005462	medium_with_biphenyl	data/normalized_yaml/bacterial/medium_457_modified_for_dsm_6290.yaml	CultureMech:005379	medium_457_modified_for_dsm_6290	153	1	1	136	126	large group requires family-level review before migration	Same ingredient and concentration signature; review as possible duplicate source record.
c85ce07689018f62	REVIEW_REQUIRED	MEDIUM	SOURCE_DUPLICATE	data/normalized_yaml/bacterial/KOMODO_457d_MEDIUM_WITH_BIPHENYL.yaml	CultureMech:005462	medium_with_biphenyl	data/normalized_yaml/bacterial/medium_457_modified_for_dsm_6308.yaml	CultureMech:005380	medium_457_modified_for_dsm_6308	153	1	1	136	126	large group requires family-level review before migration	Same ingredient and concentration signature; review as possible duplicate source record.
c85ce07689018f62	REVIEW_REQUIRED	MEDIUM	SOURCE_DUPLICATE	data/normalized_yaml/bacterial/KOMODO_457d_MEDIUM_WITH_BIPHENYL.yaml	CultureMech:005462	medium_with_biphenyl	data/normalized_yaml/bacterial/medium_457_modified_for_dsm_6343.yaml	CultureMech:005382	medium_457_modified_for_dsm_6343	153	1	1	136	126	large group requires family-level review before migration	Same ingredient and concentration signature; review as possible duplicate source record.
c85ce07689018f62	REVIEW_REQUIRED	MEDIUM	SUBSTITUTED_COMPONENT_VARIANT	data/normalized_yaml/bacterial/KOMODO_457d_MEDIUM_WITH_BIPHENYL.yaml	CultureMech:005462	medium_with_biphenyl	data/normalized_yaml/bacterial/medium_457_modified_for_dsm_6343_replace_dichloromethane_with_methanol.yaml	CultureMech:005381	medium_457_modified_for_dsm_6343_replace_dichloromethane_with_methanol	153	1	1	136	126	large group requires family-level review before migration	Name suggests substituted component; verify ingredient delta against source.
c85ce07689018f62	REVIEW_REQUIRED	MEDIUM	SOURCE_DUPLICATE	data/normalized_yaml/bacterial/KOMODO_457d_MEDIUM_WITH_BIPHENYL.yaml	CultureMech:005462	medium_with_biphenyl	data/normalized_yaml/bacterial/medium_457_modified_for_dsm_6363.yaml	CultureMech:005383	medium_457_modified_for_dsm_6363	153	1	1	136	126	large group requires family-level review before migration	Same ingredient and concentration signature; review as possible duplicate source record.
c85ce07689018f62	REVIEW_REQUIRED	MEDIUM	SOURCE_DUPLICATE	data/normalized_yaml/bacterial/KOMODO_457d_MEDIUM_WITH_BIPHENYL.yaml	CultureMech:005462	medium_with_biphenyl	data/normalized_yaml/bacterial/medium_457_modified_for_dsm_6377.yaml	CultureMech:005384	medium_457_modified_for_dsm_6377	153	1	1	136	126	large group requires family-level review before migration	Same ingredient and concentration signature; review as possible duplicate source record.
c85ce07689018f62	REVIEW_REQUIRED	MEDIUM	SOURCE_DUPLICATE	data/normalized_yaml/bacterial/KOMODO_457d_MEDIUM_WITH_BIPHENYL.yaml	CultureMech:005462	medium_with_biphenyl	data/normalized_yaml/bacterial/medium_457_modified_for_dsm_6385.yaml	CultureMech:005385	medium_457_modified_for_dsm_6385	153	1	1	136	126	large group requires family-level review before migration	Same ingredient and concentration signature; review as possible duplicate source record.
c85ce07689018f62	REVIEW_REQUIRED	MEDIUM	SOURCE_DUPLICATE	data/normalized_yaml/bacterial/KOMODO_457d_MEDIUM_WITH_BIPHENYL.yaml	CultureMech:005462	medium_with_biphenyl	data/normalized_yaml/bacterial/medium_457_modified_for_dsm_6390.yaml	CultureMech:005386	medium_457_modified_for_dsm_6390	153	1	1	136	126	large group requires family-level review before migration	Same ingredient and concentration signature; review as possible duplicate source record.
c85ce07689018f62	REVIEW_REQUIRED	MEDIUM	SOURCE_DUPLICATE	data/normalized_yaml/bacterial/KOMODO_457d_MEDIUM_WITH_BIPHENYL.yaml	CultureMech:005462	medium_with_biphenyl	data/normalized_yaml/bacterial/medium_457_modified_for_dsm_6391.yaml	CultureMech:005387	medium_457_modified_for_dsm_6391	153	1	1	136	126	large group requires family-level review before migration	Same ingredient and concentration signature; review as possible duplicate source record.
c85ce07689018f62	REVIEW_REQUIRED	MEDIUM	SOURCE_DUPLICATE	data/normalized_yaml/bacterial/KOMODO_457d_MEDIUM_WITH_BIPHENYL.yaml	CultureMech:005462	medium_with_biphenyl	data/normalized_yaml/bacterial/medium_457_modified_for_dsm_6410.yaml	CultureMech:005388	medium_457_modified_for_dsm_6410	153	1	1	136	126	large group requires family-level review before migration	Same ingredient and concentration signature; review as possible duplicate source record.
c85ce07689018f62	REVIEW_REQUIRED	MEDIUM	SOURCE_DUPLICATE	data/normalized_yaml/bacterial/KOMODO_457d_MEDIUM_WITH_BIPHENYL.yaml	CultureMech:005462	medium_with_biphenyl	data/normalized_yaml/bacterial/medium_457_modified_for_dsm_6411.yaml	CultureMech:005389	medium_457_modified_for_dsm_6411	153	1	1	136	126	large group requires family-level review before migration	Same ingredient and concentration signature; review as possible duplicate source record.
c85ce07689018f62	REVIEW_REQUIRED	MEDIUM	SOURCE_DUPLICATE	data/normalized_yaml/bacterial/KOMODO_457d_MEDIUM_WITH_BIPHENYL.yaml	CultureMech:005462	medium_with_biphenyl	data/normalized_yaml/bacterial/medium_457_modified_for_dsm_6413.yaml	CultureMech:005390	medium_457_modified_for_dsm_6413	153	1	1	136	126	large group requires family-level review before migration	Same ingredient and concentration signature; review as possible duplicate source record.
c85ce07689018f62	REVIEW_REQUIRED	MEDIUM	SOURCE_DUPLICATE	data/normalized_yaml/bacterial/KOMODO_457d_MEDIUM_WITH_BIPHENYL.yaml	CultureMech:005462	medium_with_biphenyl	data/normalized_yaml/bacterial/medium_457_modified_for_dsm_6506.yaml	CultureMech:005391	medium_457_modified_for_dsm_6506	153	1	1	136	126	large group requires family-level review before migration	Same ingredient and concentration signature; review as possible duplicate source record.
c85ce07689018f62	REVIEW_REQUIRED	MEDIUM	SOURCE_DUPLICATE	data/normalized_yaml/bacterial/KOMODO_457d_MEDIUM_WITH_BIPHENYL.yaml	CultureMech:005462	medium_with_biphenyl	data/normalized_yaml/bacterial/medium_457_modified_for_dsm_6521.yaml	CultureMech:005392	medium_457_modified_for_dsm_6521	153	1	1	136	126	large group requires family-level review before migration	Same ingredient and concentration signature; review as possible duplicate source record.
c85ce07689018f62	REVIEW_REQUIRED	MEDIUM	SOURCE_DUPLICATE	data/normalized_yaml/bacterial/KOMODO_457d_MEDIUM_WITH_BIPHENYL.yaml	CultureMech:005462	medium_with_biphenyl	data/normalized_yaml/bacterial/medium_457_modified_for_dsm_6538.yaml	CultureMech:005393	medium_457_modified_for_dsm_6538	153	1	1	136	126	large group requires family-level review before migration	Same ingredient and concentration signature; review as possible duplicate source record.
c85ce07689018f62	REVIEW_REQUIRED	MEDIUM	SOURCE_DUPLICATE	data/normalized_yaml/bacterial/KOMODO_457d_MEDIUM_WITH_BIPHENYL.yaml	CultureMech:005462	medium_with_biphenyl	data/normalized_yaml/bacterial/medium_457_modified_for_dsm_6607.yaml	CultureMech:005394	medium_457_modified_for_dsm_6607	153	1	1	136	126	large group requires family-level review before migration	Same ingredient and concentration signature; review as possible duplicate source record.
c85ce07689018f62	REVIEW_REQUIRED	MEDIUM	SOURCE_DUPLICATE	data/normalized_yaml/bacterial/KOMODO_457d_MEDIUM_WITH_BIPHENYL.yaml	CultureMech:005462	medium_with_biphenyl	data/normalized_yaml/bacterial/medium_457_modified_for_dsm_6608.yaml	CultureMech:005395	medium_457_modified_for_dsm_6608	153	1	1	136	126	large group requires family-level review before migration	Same ingredient and concentration signature; review as possible duplicate source record.
c85ce07689018f62	REVIEW_REQUIRED	MEDIUM	SOURCE_DUPLICATE	data/normalized_yaml/bacterial/KOMODO_457d_MEDIUM_WITH_BIPHENYL.yaml	CultureMech:005462	medium_with_biphenyl	data/normalized_yaml/bacterial/medium_457_modified_for_dsm_6609.yaml	CultureMech:005396	medium_457_modified_for_dsm_6609	153	1	1	136	126	large group requires family-level review before migration	Same ingredient and concentration signature; review as possible duplicate source record.
c85ce07689018f62	REVIEW_REQUIRED	MEDIUM	SOURCE_DUPLICATE	data/normalized_yaml/bacterial/KOMODO_457d_MEDIUM_WITH_BIPHENYL.yaml	CultureMech:005462	medium_with_biphenyl	data/normalized_yaml/bacterial/medium_457_modified_for_dsm_6610.yaml	CultureMech:005398	medium_457_modified_for_dsm_6610	153	1	1	136	126	large group requires family-level review before migration	Same ingredient and concentration signature; review as possible duplicate source record.
c85ce07689018f62	REVIEW_REQUIRED	MEDIUM	SUBSTITUTED_COMPONENT_VARIANT	data/normalized_yaml/bacterial/KOMODO_457d_MEDIUM_WITH_BIPHENYL.yaml	CultureMech:005462	medium_with_biphenyl	data/normalized_yaml/bacterial/medium_457_modified_for_dsm_6610_replace_4_hydroxy_benzoate_with_4_fluorobenzoate.yaml	CultureMech:005397	medium_457_modified_for_dsm_6610_replace_4_hydroxy_benzoate_with_4_fluorobenzoate	153	1	1	136	126	large group requires family-level review before migration	Name suggests substituted component; verify ingredient delta against source.
c85ce07689018f62	REVIEW_REQUIRED	MEDIUM	SOURCE_DUPLICATE	data/normalized_yaml/bacterial/KOMODO_457d_MEDIUM_WITH_BIPHENYL.yaml	CultureMech:005462	medium_with_biphenyl	data/normalized_yaml/bacterial/medium_457_modified_for_dsm_6611.yaml	CultureMech:005400	medium_457_modified_for_dsm_6611	153	1	1	136	126	large group requires family-level review before migration	Same ingredient and concentration signature; review as possible duplicate source record.
c85ce07689018f62	REVIEW_REQUIRED	MEDIUM	SUBSTITUTED_COMPONENT_VARIANT	data/normalized_yaml/bacterial/KOMODO_457d_MEDIUM_WITH_BIPHENYL.yaml	CultureMech:005462	medium_with_biphenyl	data/normalized_yaml/bacterial/medium_457_modified_for_dsm_6611_replace_4_hydroxy_benzoate_with_4_fluorobenzoate.yaml	CultureMech:005399	medium_457_modified_for_dsm_6611_replace_4_hydroxy_benzoate_with_4_fluorobenzoate	153	1	1	136	126	large group requires family-level review before migration	Name suggests substituted component; verify ingredient delta against source.
c85ce07689018f62	REVIEW_REQUIRED	MEDIUM	SOURCE_DUPLICATE	data/normalized_yaml/bacterial/KOMODO_457d_MEDIUM_WITH_BIPHENYL.yaml	CultureMech:005462	medium_with_biphenyl	data/normalized_yaml/bacterial/medium_457_modified_for_dsm_6612.yaml	CultureMech:005401	medium_457_modified_for_dsm_6612	153	1	1	136	126	large group requires family-level review before migration	Same ingredient and concentration signature; review as possible duplicate source record.
c85ce07689018f62	REVIEW_REQUIRED	MEDIUM	SOURCE_DUPLICATE	data/normalized_yaml/bacterial/KOMODO_457d_MEDIUM_WITH_BIPHENYL.yaml	CultureMech:005462	medium_with_biphenyl	data/normalized_yaml/bacterial/medium_457_modified_for_dsm_6613.yaml	CultureMech:005402	medium_457_modified_for_dsm_6613	153	1	1	136	126	large group requires family-level review before migration	Same ingredient and concentration signature; review as possible duplicate source record.
c85ce07689018f62	REVIEW_REQUIRED	MEDIUM	SOURCE_DUPLICATE	data/normalized_yaml/bacterial/KOMODO_457d_MEDIUM_WITH_BIPHENYL.yaml	CultureMech:005462	medium_with_biphenyl	data/normalized_yaml/bacterial/medium_457_modified_for_dsm_6695.yaml	CultureMech:005403	medium_457_modified_for_dsm_6695	153	1	1	136	126	large group requires family-level review before migration	Same ingredient and concentration signature; review as possible duplicate source record.
c85ce07689018f62	REVIEW_REQUIRED	MEDIUM	SOURCE_DUPLICATE	data/normalized_yaml/bacterial/KOMODO_457d_MEDIUM_WITH_BIPHENYL.yaml	CultureMech:005462	medium_with_biphenyl	data/normalized_yaml/bacterial/medium_457_modified_for_dsm_6696.yaml	CultureMech:005404	medium_457_modified_for_dsm_6696	153	1	1	136	126	large group requires family-level review before migration	Same ingredient and concentration signature; review as possible duplicate source record.
c85ce07689018f62	REVIEW_REQUIRED	MEDIUM	SOURCE_DUPLICATE	data/normalized_yaml/bacterial/KOMODO_457d_MEDIUM_WITH_BIPHENYL.yaml	CultureMech:005462	medium_with_biphenyl	data/normalized_yaml/bacterial/medium_457_modified_for_dsm_6697.yaml	CultureMech:005405	medium_457_modified_for_dsm_6697	153	1	1	136	126	large group requires family-level review before migration	Same ingredient and concentration signature; review as possible duplicate source record.
c85ce07689018f62	REVIEW_REQUIRED	MEDIUM	SOURCE_DUPLICATE	data/normalized_yaml/bacterial/KOMODO_457d_MEDIUM_WITH_BIPHENYL.yaml	CultureMech:005462	medium_with_biphenyl	data/normalized_yaml/bacterial/medium_457_modified_for_dsm_6706.yaml	CultureMech:005406	medium_457_modified_for_dsm_6706	153	1	1	136	126	large group requires family-level review before migration	Same ingredient and concentration signature; review as possible duplicate source record.
c85ce07689018f62	REVIEW_REQUIRED	MEDIUM	SOURCE_DUPLICATE	data/normalized_yaml/bacterial/KOMODO_457d_MEDIUM_WITH_BIPHENYL.yaml	CultureMech:005462	medium_with_biphenyl	data/normalized_yaml/bacterial/medium_457_modified_for_dsm_6753.yaml	CultureMech:005407	medium_457_modified_for_dsm_6753	153	1	1	136	126	large group requires family-level review before migration	Same ingredient and concentration signature; review as possible duplicate source record.
c85ce07689018f62	REVIEW_REQUIRED	MEDIUM	SOURCE_DUPLICATE	data/normalized_yaml/bacterial/KOMODO_457d_MEDIUM_WITH_BIPHENYL.yaml	CultureMech:005462	medium_with_biphenyl	data/normalized_yaml/bacterial/medium_457_modified_for_dsm_6756.yaml	CultureMech:005409	medium_457_modified_for_dsm_6756	153	1	1	136	126	large group requires family-level review before migration	Same ingredient and concentration signature; review as possible duplicate source record.
c85ce07689018f62	REVIEW_REQUIRED	MEDIUM	SUBSTITUTED_COMPONENT_VARIANT	data/normalized_yaml/bacterial/KOMODO_457d_MEDIUM_WITH_BIPHENYL.yaml	CultureMech:005462	medium_with_biphenyl	data/normalized_yaml/bacterial/medium_457_modified_for_dsm_6756_replace_monochloroacetate_with_dichloroacetate.yaml	CultureMech:005408	medium_457_modified_for_dsm_6756_replace_monochloroacetate_with_dichloroacetate	153	1	1	136	126	large group requires family-level review before migration	Name suggests substituted component; verify ingredient delta against source.
c85ce07689018f62	REVIEW_REQUIRED	MEDIUM	SOURCE_DUPLICATE	data/normalized_yaml/bacterial/KOMODO_457d_MEDIUM_WITH_BIPHENYL.yaml	CultureMech:005462	medium_with_biphenyl	data/normalized_yaml/bacterial/medium_457_modified_for_dsm_6758.yaml	CultureMech:005410	medium_457_modified_for_dsm_6758	153	1	1	136	126	large group requires family-level review before migration	Same ingredient and concentration signature; review as possible duplicate source record.
c85ce07689018f62	REVIEW_REQUIRED	MEDIUM	SOURCE_DUPLICATE	data/normalized_yaml/bacterial/KOMODO_457d_MEDIUM_WITH_BIPHENYL.yaml	CultureMech:005462	medium_with_biphenyl	data/normalized_yaml/bacterial/medium_457_modified_for_dsm_6818.yaml	CultureMech:005411	medium_457_modified_for_dsm_6818	153	1	1	136	126	large group requires family-level review before migration	Same ingredient and concentration signature; review as possible duplicate source record.
c85ce07689018f62	REVIEW_REQUIRED	MEDIUM	SOURCE_DUPLICATE	data/normalized_yaml/bacterial/KOMODO_457d_MEDIUM_WITH_BIPHENYL.yaml	CultureMech:005462	medium_with_biphenyl	data/normalized_yaml/bacterial/medium_457_modified_for_dsm_6837.yaml	CultureMech:005412	medium_457_modified_for_dsm_6837	153	1	1	136	126	large group requires family-level review before migration	Same ingredient and concentration signature; review as possible duplicate source record.
c85ce07689018f62	REVIEW_REQUIRED	MEDIUM	SOURCE_DUPLICATE	data/normalized_yaml/bacterial/KOMODO_457d_MEDIUM_WITH_BIPHENYL.yaml	CultureMech:005462	medium_with_biphenyl	data/normalized_yaml/bacterial/medium_457_modified_for_dsm_6838.yaml	CultureMech:005413	medium_457_modified_for_dsm_6838	153	1	1	136	126	large group requires family-level review before migration	Same ingredient and concentration signature; review as possible duplicate source record.
c85ce07689018f62	REVIEW_REQUIRED	MEDIUM	SOURCE_DUPLICATE	data/normalized_yaml/bacterial/KOMODO_457d_MEDIUM_WITH_BIPHENYL.yaml	CultureMech:005462	medium_with_biphenyl	data/normalized_yaml/bacterial/medium_457_modified_for_dsm_6899.yaml	CultureMech:005414	medium_457_modified_for_dsm_6899	153	1	1	136	126	large group requires family-level review before migration	Same ingredient and concentration signature; review as possible duplicate source record.
c85ce07689018f62	REVIEW_REQUIRED	MEDIUM	SOURCE_DUPLICATE	data/normalized_yaml/bacterial/KOMODO_457d_MEDIUM_WITH_BIPHENYL.yaml	CultureMech:005462	medium_with_biphenyl	data/normalized_yaml/bacterial/medium_457_modified_for_dsm_6900.yaml	CultureMech:005416	medium_457_modified_for_dsm_6900	153	1	1	136	126	large group requires family-level review before migration	Same ingredient and concentration signature; review as possible duplicate source record.
c85ce07689018f62	REVIEW_REQUIRED	MEDIUM	SUBSTITUTED_COMPONENT_VARIANT	data/normalized_yaml/bacterial/KOMODO_457d_MEDIUM_WITH_BIPHENYL.yaml	CultureMech:005462	medium_with_biphenyl	data/normalized_yaml/bacterial/medium_457_modified_for_dsm_6900_replace_naphthalene_with_3_xylene.yaml	CultureMech:005415	medium_457_modified_for_dsm_6900_replace_naphthalene_with_3_xylene	153	1	1	136	126	large group requires family-level review before migration	Name suggests substituted component; verify ingredient delta against source.
c85ce07689018f62	REVIEW_REQUIRED	MEDIUM	SOURCE_DUPLICATE	data/normalized_yaml/bacterial/KOMODO_457d_MEDIUM_WITH_BIPHENYL.yaml	CultureMech:005462	medium_with_biphenyl	data/normalized_yaml/bacterial/medium_457_modified_for_dsm_6978.yaml	CultureMech:005417	medium_457_modified_for_dsm_6978	153	1	1	136	126	large group requires family-level review before migration	Same ingredient and concentration signature; review as possible duplicate source record.
c85ce07689018f62	REVIEW_REQUIRED	MEDIUM	SOURCE_DUPLICATE	data/normalized_yaml/bacterial/KOMODO_457d_MEDIUM_WITH_BIPHENYL.yaml	CultureMech:005462	medium_with_biphenyl	data/normalized_yaml/bacterial/medium_457_modified_for_dsm_7098.yaml	CultureMech:005418	medium_457_modified_for_dsm_7098	153	1	1	136	126	large group requires family-level review before migration	Same ingredient and concentration signature; review as possible duplicate source record.
c85ce07689018f62	REVIEW_REQUIRED	MEDIUM	SOURCE_DUPLICATE	data/normalized_yaml/bacterial/KOMODO_457d_MEDIUM_WITH_BIPHENYL.yaml	CultureMech:005462	medium_with_biphenyl	data/normalized_yaml/bacterial/medium_457_modified_for_dsm_7116.yaml	CultureMech:005419	medium_457_modified_for_dsm_7116	153	1	1	136	126	large group requires family-level review before migration	Same ingredient and concentration signature; review as possible duplicate source record.
c85ce07689018f62	REVIEW_REQUIRED	MEDIUM	SOURCE_DUPLICATE	data/normalized_yaml/bacterial/KOMODO_457d_MEDIUM_WITH_BIPHENYL.yaml	CultureMech:005462	medium_with_biphenyl	data/normalized_yaml/bacterial/medium_457_modified_for_dsm_7122.yaml	CultureMech:005420	medium_457_modified_for_dsm_7122	153	1	1	136	126	large group requires family-level review before migration	Same ingredient and concentration signature; review as possible duplicate source record.
c85ce07689018f62	REVIEW_REQUIRED	MEDIUM	SOURCE_DUPLICATE	data/normalized_yaml/bacterial/KOMODO_457d_MEDIUM_WITH_BIPHENYL.yaml	CultureMech:005462	medium_with_biphenyl	data/normalized_yaml/bacterial/medium_457_modified_for_dsm_7135.yaml	CultureMech:005421	medium_457_modified_for_dsm_7135	153	1	1	136	126	large group requires family-level review before migration	Same ingredient and concentration signature; review as possible duplicate source record.
c85ce07689018f62	REVIEW_REQUIRED	MEDIUM	SOURCE_DUPLICATE	data/normalized_yaml/bacterial/KOMODO_457d_MEDIUM_WITH_BIPHENYL.yaml	CultureMech:005462	medium_with_biphenyl	data/normalized_yaml/bacterial/medium_457_modified_for_dsm_7162.yaml	CultureMech:005422	medium_457_modified_for_dsm_7162	153	1	1	136	126	large group requires family-level review before migration	Same ingredient and concentration signature; review as possible duplicate source record.
c85ce07689018f62	REVIEW_REQUIRED	MEDIUM	SOURCE_DUPLICATE	data/normalized_yaml/bacterial/KOMODO_457d_MEDIUM_WITH_BIPHENYL.yaml	CultureMech:005462	medium_with_biphenyl	data/normalized_yaml/bacterial/medium_457_modified_for_dsm_7189.yaml	CultureMech:005423	medium_457_modified_for_dsm_7189	153	1	1	136	126	large group requires family-level review before migration	Same ingredient and concentration signature; review as possible duplicate source record.
c85ce07689018f62	REVIEW_REQUIRED	MEDIUM	SOURCE_DUPLICATE	data/normalized_yaml/bacterial/KOMODO_457d_MEDIUM_WITH_BIPHENYL.yaml	CultureMech:005462	medium_with_biphenyl	data/normalized_yaml/bacterial/medium_457_modified_for_dsm_7300.yaml	CultureMech:005424	medium_457_modified_for_dsm_7300	153	1	1	136	126	large group requires family-level review before migration	Same ingredient and concentration signature; review as possible duplicate source record.
c85ce07689018f62	REVIEW_REQUIRED	MEDIUM	SOURCE_DUPLICATE	data/normalized_yaml/bacterial/KOMODO_457d_MEDIUM_WITH_BIPHENYL.yaml	CultureMech:005462	medium_with_biphenyl	data/normalized_yaml/bacterial/medium_457_modified_for_dsm_7324.yaml	CultureMech:005425	medium_457_modified_for_dsm_7324	153	1	1	136	126	large group requires family-level review before migration	Same ingredient and concentration signature; review as possible duplicate source record.
c85ce07689018f62	REVIEW_REQUIRED	MEDIUM	SOURCE_DUPLICATE	data/normalized_yaml/bacterial/KOMODO_457d_MEDIUM_WITH_BIPHENYL.yaml	CultureMech:005462	medium_with_biphenyl	data/normalized_yaml/bacterial/medium_457_modified_for_dsm_7325.yaml	CultureMech:005426	medium_457_modified_for_dsm_7325	153	1	1	136	126	large group requires family-level review before migration	Same ingredient and concentration signature; review as possible duplicate source record.
c85ce07689018f62	REVIEW_REQUIRED	MEDIUM	SOURCE_DUPLICATE	data/normalized_yaml/bacterial/KOMODO_457d_MEDIUM_WITH_BIPHENYL.yaml	CultureMech:005462	medium_with_biphenyl	data/normalized_yaml/bacterial/medium_457_modified_for_dsm_7346.yaml	CultureMech:005427	medium_457_modified_for_dsm_7346	153	1	1	136	126	large group requires family-level review before migration	Same ingredient and concentration signature; review as possible duplicate source record.
c85ce07689018f62	REVIEW_REQUIRED	MEDIUM	SOURCE_DUPLICATE	data/normalized_yaml/bacterial/KOMODO_457d_MEDIUM_WITH_BIPHENYL.yaml	CultureMech:005462	medium_with_biphenyl	data/normalized_yaml/bacterial/medium_457_modified_for_dsm_7355.yaml	CultureMech:005428	medium_457_modified_for_dsm_7355	153	1	1	136	126	large group requires family-level review before migration	Same ingredient and concentration signature; review as possible duplicate source record.
c85ce07689018f62	REVIEW_REQUIRED	MEDIUM	SOURCE_DUPLICATE	data/normalized_yaml/bacterial/KOMODO_457d_MEDIUM_WITH_BIPHENYL.yaml	CultureMech:005462	medium_with_biphenyl	data/normalized_yaml/bacterial/medium_457_modified_for_dsm_7390.yaml	CultureMech:005429	medium_457_modified_for_dsm_7390	153	1	1	136	126	large group requires family-level review before migration	Same ingredient and concentration signature; review as possible duplicate source record.
c85ce07689018f62	REVIEW_REQUIRED	MEDIUM	SOURCE_DUPLICATE	data/normalized_yaml/bacterial/KOMODO_457d_MEDIUM_WITH_BIPHENYL.yaml	CultureMech:005462	medium_with_biphenyl	data/normalized_yaml/bacterial/medium_457_modified_for_dsm_7511.yaml	CultureMech:005430	medium_457_modified_for_dsm_7511	153	1	1	136	126	large group requires family-level review before migration	Same ingredient and concentration signature; review as possible duplicate source record.
c85ce07689018f62	REVIEW_REQUIRED	MEDIUM	SOURCE_DUPLICATE	data/normalized_yaml/bacterial/KOMODO_457d_MEDIUM_WITH_BIPHENYL.yaml	CultureMech:005462	medium_with_biphenyl	data/normalized_yaml/bacterial/medium_457_modified_for_dsm_7512.yaml	CultureMech:005431	medium_457_modified_for_dsm_7512	153	1	1	136	126	large group requires family-level review before migration	Same ingredient and concentration signature; review as possible duplicate source record.
c85ce07689018f62	REVIEW_REQUIRED	MEDIUM	SOURCE_DUPLICATE	data/normalized_yaml/bacterial/KOMODO_457d_MEDIUM_WITH_BIPHENYL.yaml	CultureMech:005462	medium_with_biphenyl	data/normalized_yaml/bacterial/medium_457_modified_for_dsm_7516.yaml	CultureMech:005433	medium_457_modified_for_dsm_7516	153	1	1	136	126	large group requires family-level review before migration	Same ingredient and concentration signature; review as possible duplicate source record.
c85ce07689018f62	REVIEW_REQUIRED	MEDIUM	SUBSTITUTED_COMPONENT_VARIANT	data/normalized_yaml/bacterial/KOMODO_457d_MEDIUM_WITH_BIPHENYL.yaml	CultureMech:005462	medium_with_biphenyl	data/normalized_yaml/bacterial/medium_457_modified_for_dsm_7516_replace_chloroacetate_with_fluoroacetate.yaml	CultureMech:005432	medium_457_modified_for_dsm_7516_replace_chloroacetate_with_fluoroacetate	153	1	1	136	126	large group requires family-level review before migration	Name suggests substituted component; verify ingredient delta against source.
c85ce07689018f62	REVIEW_REQUIRED	MEDIUM	SOURCE_DUPLICATE	data/normalized_yaml/bacterial/KOMODO_457d_MEDIUM_WITH_BIPHENYL.yaml	CultureMech:005462	medium_with_biphenyl	data/normalized_yaml/bacterial/medium_457_modified_for_dsm_8219.yaml	CultureMech:005434	medium_457_modified_for_dsm_8219	153	1	1	136	126	large group requires family-level review before migration	Same ingredient and concentration signature; review as possible duplicate source record.
c85ce07689018f62	REVIEW_REQUIRED	MEDIUM	SOURCE_DUPLICATE	data/normalized_yaml/bacterial/KOMODO_457d_MEDIUM_WITH_BIPHENYL.yaml	CultureMech:005462	medium_with_biphenyl	data/normalized_yaml/bacterial/medium_457_modified_for_dsm_8341.yaml	CultureMech:005435	medium_457_modified_for_dsm_8341	153	1	1	136	126	large group requires family-level review before migration	Same ingredient and concentration signature; review as possible duplicate source record.
c85ce07689018f62	REVIEW_REQUIRED	MEDIUM	SOURCE_DUPLICATE	data/normalized_yaml/bacterial/KOMODO_457d_MEDIUM_WITH_BIPHENYL.yaml	CultureMech:005462	medium_with_biphenyl	data/normalized_yaml/bacterial/medium_457_modified_for_dsm_8368.yaml	CultureMech:005436	medium_457_modified_for_dsm_8368	153	1	1	136	126	large group requires family-level review before migration	Same ingredient and concentration signature; review as possible duplicate source record.
c85ce07689018f62	REVIEW_REQUIRED	MEDIUM	SOURCE_DUPLICATE	data/normalized_yaml/bacterial/KOMODO_457d_MEDIUM_WITH_BIPHENYL.yaml	CultureMech:005462	medium_with_biphenyl	data/normalized_yaml/bacterial/medium_457_modified_for_dsm_8369.yaml	CultureMech:005437	medium_457_modified_for_dsm_8369	153	1	1	136	126	large group requires family-level review before migration	Same ingredient and concentration signature; review as possible duplicate source record.
c85ce07689018f62	REVIEW_REQUIRED	MEDIUM	SOURCE_DUPLICATE	data/normalized_yaml/bacterial/KOMODO_457d_MEDIUM_WITH_BIPHENYL.yaml	CultureMech:005462	medium_with_biphenyl	data/normalized_yaml/bacterial/medium_457_modified_for_dsm_8370.yaml	CultureMech:005438	medium_457_modified_for_dsm_8370	153	1	1	136	126	large group requires family-level review before migration	Same ingredient and concentration signature; review as possible duplicate source record.
c85ce07689018f62	REVIEW_REQUIRED	MEDIUM	SOURCE_DUPLICATE	data/normalized_yaml/bacterial/KOMODO_457d_MEDIUM_WITH_BIPHENYL.yaml	CultureMech:005462	medium_with_biphenyl	data/normalized_yaml/bacterial/medium_457_modified_for_dsm_8424.yaml	CultureMech:005439	medium_457_modified_for_dsm_8424	153	1	1	136	126	large group requires family-level review before migration	Same ingredient and concentration signature; review as possible duplicate source record.
c85ce07689018f62	REVIEW_REQUIRED	MEDIUM	SOURCE_DUPLICATE	data/normalized_yaml/bacterial/KOMODO_457d_MEDIUM_WITH_BIPHENYL.yaml	CultureMech:005462	medium_with_biphenyl	data/normalized_yaml/bacterial/medium_457_modified_for_dsm_8425.yaml	CultureMech:005440	medium_457_modified_for_dsm_8425	153	1	1	136	126	large group requires family-level review before migration	Same ingredient and concentration signature; review as possible duplicate source record.
c85ce07689018f62	REVIEW_REQUIRED	MEDIUM	SOURCE_DUPLICATE	data/normalized_yaml/bacterial/KOMODO_457d_MEDIUM_WITH_BIPHENYL.yaml	CultureMech:005462	medium_with_biphenyl	data/normalized_yaml/bacterial/medium_457_modified_for_dsm_8530.yaml	CultureMech:005441	medium_457_modified_for_dsm_8530	153	1	1	136	126	large group requires family-level review before migration	Same ingredient and concentration signature; review as possible duplicate source record.
c85ce07689018f62	REVIEW_REQUIRED	MEDIUM	SOURCE_DUPLICATE	data/normalized_yaml/bacterial/KOMODO_457d_MEDIUM_WITH_BIPHENYL.yaml	CultureMech:005462	medium_with_biphenyl	data/normalized_yaml/bacterial/medium_457_modified_for_dsm_8531.yaml	CultureMech:005442	medium_457_modified_for_dsm_8531	153	1	1	136	126	large group requires family-level review before migration	Same ingredient and concentration signature; review as possible duplicate source record.
c85ce07689018f62	REVIEW_REQUIRED	MEDIUM	SOURCE_DUPLICATE	data/normalized_yaml/bacterial/KOMODO_457d_MEDIUM_WITH_BIPHENYL.yaml	CultureMech:005462	medium_with_biphenyl	data/normalized_yaml/bacterial/medium_457_modified_for_dsm_8542.yaml	CultureMech:005443	medium_457_modified_for_dsm_8542	153	1	1	136	126	large group requires family-level review before migration	Same ingredient and concentration signature; review as possible duplicate source record.
c85ce07689018f62	REVIEW_REQUIRED	MEDIUM	SOURCE_DUPLICATE	data/normalized_yaml/bacterial/KOMODO_457d_MEDIUM_WITH_BIPHENYL.yaml	CultureMech:005462	medium_with_biphenyl	data/normalized_yaml/bacterial/medium_457_modified_for_dsm_8543.yaml	CultureMech:005444	medium_457_modified_for_dsm_8543	153	1	1	136	126	large group requires family-level review before migration	Same ingredient and concentration signature; review as possible duplicate source record.
c85ce07689018f62	REVIEW_REQUIRED	MEDIUM	SOURCE_DUPLICATE	data/normalized_yaml/bacterial/KOMODO_457d_MEDIUM_WITH_BIPHENYL.yaml	CultureMech:005462	medium_with_biphenyl	data/normalized_yaml/bacterial/medium_457_modified_for_dsm_8544.yaml	CultureMech:005445	medium_457_modified_for_dsm_8544	153	1	1	136	126	large group requires family-level review before migration	Same ingredient and concentration signature; review as possible duplicate source record.
c85ce07689018f62	REVIEW_REQUIRED	MEDIUM	SOURCE_DUPLICATE	data/normalized_yaml/bacterial/KOMODO_457d_MEDIUM_WITH_BIPHENYL.yaml	CultureMech:005462	medium_with_biphenyl	data/normalized_yaml/bacterial/medium_457_modified_for_dsm_8566.yaml	CultureMech:005446	medium_457_modified_for_dsm_8566	153	1	1	136	126	large group requires family-level review before migration	Same ingredient and concentration signature; review as possible duplicate source record.
c85ce07689018f62	REVIEW_REQUIRED	MEDIUM	SOURCE_DUPLICATE	data/normalized_yaml/bacterial/KOMODO_457d_MEDIUM_WITH_BIPHENYL.yaml	CultureMech:005462	medium_with_biphenyl	data/normalized_yaml/bacterial/medium_457_modified_for_dsm_8628.yaml	CultureMech:005447	medium_457_modified_for_dsm_8628	153	1	1	136	126	large group requires family-level review before migration	Same ingredient and concentration signature; review as possible duplicate source record.
c85ce07689018f62	REVIEW_REQUIRED	MEDIUM	SOURCE_DUPLICATE	data/normalized_yaml/bacterial/KOMODO_457d_MEDIUM_WITH_BIPHENYL.yaml	CultureMech:005462	medium_with_biphenyl	data/normalized_yaml/bacterial/medium_457_modified_for_dsm_8910.yaml	CultureMech:005448	medium_457_modified_for_dsm_8910	153	1	1	136	126	large group requires family-level review before migration	Same ingredient and concentration signature; review as possible duplicate source record.
c85ce07689018f62	REVIEW_REQUIRED	MEDIUM	SOURCE_DUPLICATE	data/normalized_yaml/bacterial/KOMODO_457d_MEDIUM_WITH_BIPHENYL.yaml	CultureMech:005462	medium_with_biphenyl	data/normalized_yaml/bacterial/medium_457_modified_for_dsm_8924.yaml	CultureMech:005449	medium_457_modified_for_dsm_8924	153	1	1	136	126	large group requires family-level review before migration	Same ingredient and concentration signature; review as possible duplicate source record.
c85ce07689018f62	REVIEW_REQUIRED	MEDIUM	SOURCE_DUPLICATE	data/normalized_yaml/bacterial/KOMODO_457d_MEDIUM_WITH_BIPHENYL.yaml	CultureMech:005462	medium_with_biphenyl	data/normalized_yaml/bacterial/medium_457_modified_for_dsm_9000.yaml	CultureMech:005450	medium_457_modified_for_dsm_9000	153	1	1	136	126	large group requires family-level review before migration	Same ingredient and concentration signature; review as possible duplicate source record.
c85ce07689018f62	REVIEW_REQUIRED	MEDIUM	SOURCE_DUPLICATE	data/normalized_yaml/bacterial/KOMODO_457d_MEDIUM_WITH_BIPHENYL.yaml	CultureMech:005462	medium_with_biphenyl	data/normalized_yaml/bacterial/medium_457_modified_for_dsm_9750.yaml	CultureMech:005451	medium_457_modified_for_dsm_9750	153	1	1	136	126	large group requires family-level review before migration	Same ingredient and concentration signature; review as possible duplicate source record.
c85ce07689018f62	REVIEW_REQUIRED	MEDIUM	SOURCE_DUPLICATE	data/normalized_yaml/bacterial/KOMODO_457d_MEDIUM_WITH_BIPHENYL.yaml	CultureMech:005462	medium_with_biphenyl	data/normalized_yaml/bacterial/medium_457_modified_for_dsm_9751.yaml	CultureMech:005452	medium_457_modified_for_dsm_9751	153	1	1	136	126	large group requires family-level review before migration	Same ingredient and concentration signature; review as possible duplicate source record.
c85ce07689018f62	REVIEW_REQUIRED	MEDIUM	SOURCE_DUPLICATE	data/normalized_yaml/bacterial/KOMODO_457d_MEDIUM_WITH_BIPHENYL.yaml	CultureMech:005462	medium_with_biphenyl	data/normalized_yaml/bacterial/medium_457_modified_for_dsm_9958.yaml	CultureMech:005453	medium_457_modified_for_dsm_9958	153	1	1	136	126	large group requires family-level review before migration	Same ingredient and concentration signature; review as possible duplicate source record.
c85ce07689018f62	REVIEW_REQUIRED	MEDIUM	SOURCE_DUPLICATE	data/normalized_yaml/bacterial/KOMODO_457d_MEDIUM_WITH_BIPHENYL.yaml	CultureMech:005462	medium_with_biphenyl	data/normalized_yaml/bacterial/medium_457_modified_for_dsm_9959.yaml	CultureMech:005454	medium_457_modified_for_dsm_9959	153	1	1	136	126	large group requires family-level review before migration	Same ingredient and concentration signature; review as possible duplicate source record.
c85ce07689018f62	REVIEW_REQUIRED	MEDIUM	SUBSTITUTED_COMPONENT_VARIANT	data/normalized_yaml/bacterial/KOMODO_457d_MEDIUM_WITH_BIPHENYL.yaml	CultureMech:005462	medium_with_biphenyl	data/normalized_yaml/bacterial/medium_with_chloroacrylic_acid_replace_3_chloroacrylic_acid_with_glucose.yaml	CultureMech:005460	medium_with_chloroacrylic_acid_replace_3_chloroacrylic_acid_with_glucose	153	1	1	136	126	large group requires family-level review before migration	Name suggests substituted component; verify ingredient delta against source.
c85ce07689018f62	REVIEW_REQUIRED	MEDIUM	SUPPLEMENTED_VARIANT	data/normalized_yaml/bacterial/KOMODO_457d_MEDIUM_WITH_BIPHENYL.yaml	CultureMech:005462	medium_with_biphenyl	data/normalized_yaml/bacterial/mineral_medium_with_dibenzofuran.yaml	CultureMech:001572	mineral_medium_with_dibenzofuran	153	1	1	136	126	large group requires family-level review before migration	Name suggests added supplement/component; verify ingredient delta against source.
4084bb94f123ace9	REVIEW_REQUIRED	MEDIUM	SOURCE_DUPLICATE	data/normalized_yaml/bacterial/KOMODO_220_CASO_AGAR_Merck_105458.yaml	CultureMech:004575	caso_agar_merck_105458	data/normalized_yaml/bacterial/for_strain_dsm_21449_und_dsm_21450.yaml	CultureMech:004514	for_strain_dsm_21449_und_dsm_21450	147	3	1	133	83	large group requires family-level review before migration	Same ingredient and concentration signature; review as possible duplicate source record.
4084bb94f123ace9	REVIEW_REQUIRED	MEDIUM	SOURCE_DUPLICATE	data/normalized_yaml/bacterial/KOMODO_220_CASO_AGAR_Merck_105458.yaml	CultureMech:004575	caso_agar_merck_105458	data/normalized_yaml/bacterial/medium_220_modified_for_dsm_11483.yaml	CultureMech:004431	medium_220_modified_for_dsm_11483	147	3	1	133	123	large group requires family-level review before migration	Same ingredient and concentration signature; review as possible duplicate source record.
4084bb94f123ace9	REVIEW_REQUIRED	MEDIUM	SOURCE_DUPLICATE	data/normalized_yaml/bacterial/KOMODO_220_CASO_AGAR_Merck_105458.yaml	CultureMech:004575	caso_agar_merck_105458	data/normalized_yaml/bacterial/medium_220_modified_for_dsm_11705.yaml	CultureMech:004432	medium_220_modified_for_dsm_11705	147	3	1	133	123	large group requires family-level review before migration	Same ingredient and concentration signature; review as possible duplicate source record.
4084bb94f123ace9	REVIEW_REQUIRED	MEDIUM	SOURCE_DUPLICATE	data/normalized_yaml/bacterial/KOMODO_220_CASO_AGAR_Merck_105458.yaml	CultureMech:004575	caso_agar_merck_105458	data/normalized_yaml/bacterial/medium_220_modified_for_dsm_11706.yaml	CultureMech:004433	medium_220_modified_for_dsm_11706	147	3	1	133	123	large group requires family-level review before migration	Same ingredient and concentration signature; review as possible duplicate source record.
4084bb94f123ace9	REVIEW_REQUIRED	MEDIUM	SOURCE_DUPLICATE	data/normalized_yaml/bacterial/KOMODO_220_CASO_AGAR_Merck_105458.yaml	CultureMech:004575	caso_agar_merck_105458	data/normalized_yaml/bacterial/medium_220_modified_for_dsm_11707.yaml	CultureMech:004434	medium_220_modified_for_dsm_11707	147	3	1	133	123	large group requires family-level review before migration	Same ingredient and concentration signature; review as possible duplicate source record.
4084bb94f123ace9	REVIEW_REQUIRED	MEDIUM	SOURCE_DUPLICATE	data/normalized_yaml/bacterial/KOMODO_220_CASO_AGAR_Merck_105458.yaml	CultureMech:004575	caso_agar_merck_105458	data/normalized_yaml/bacterial/medium_220_modified_for_dsm_11713.yaml	CultureMech:004435	medium_220_modified_for_dsm_11713	147	3	1	133	123	large group requires family-level review before migration	Same ingredient and concentration signature; review as possible duplicate source record.
4084bb94f123ace9	REVIEW_REQUIRED	MEDIUM	SOURCE_DUPLICATE	data/normalized_yaml/bacterial/KOMODO_220_CASO_AGAR_Merck_105458.yaml	CultureMech:004575	caso_agar_merck_105458	data/normalized_yaml/bacterial/medium_220_modified_for_dsm_12654.yaml	CultureMech:004436	medium_220_modified_for_dsm_12654	147	3	1	133	123	large group requires family-level review before migration	Same ingredient and concentration signature; review as possible duplicate source record.
4084bb94f123ace9	REVIEW_REQUIRED	MEDIUM	SOURCE_DUPLICATE	data/normalized_yaml/bacterial/KOMODO_220_CASO_AGAR_Merck_105458.yaml	CultureMech:004575	caso_agar_merck_105458	data/normalized_yaml/bacterial/medium_220_modified_for_dsm_12655.yaml	CultureMech:004437	medium_220_modified_for_dsm_12655	147	3	1	133	123	large group requires family-level review before migration	Same ingredient and concentration signature; review as possible duplicate source record.
4084bb94f123ace9	REVIEW_REQUIRED	MEDIUM	SOURCE_DUPLICATE	data/normalized_yaml/bacterial/KOMODO_220_CASO_AGAR_Merck_105458.yaml	CultureMech:004575	caso_agar_merck_105458	data/normalized_yaml/bacterial/medium_220_modified_for_dsm_12656.yaml	CultureMech:004438	medium_220_modified_for_dsm_12656	147	3	1	133	123	large group requires family-level review before migration	Same ingredient and concentration signature; review as possible duplicate source record.
4084bb94f123ace9	REVIEW_REQUIRED	MEDIUM	SOURCE_DUPLICATE	data/normalized_yaml/bacterial/KOMODO_220_CASO_AGAR_Merck_105458.yaml	CultureMech:004575	caso_agar_merck_105458	data/normalized_yaml/bacterial/medium_220_modified_for_dsm_12833.yaml	CultureMech:004439	medium_220_modified_for_dsm_12833	147	3	1	133	123	large group requires family-level review before migration	Same ingredient and concentration signature; review as possible duplicate source record.
4084bb94f123ace9	REVIEW_REQUIRED	MEDIUM	SOURCE_DUPLICATE	data/normalized_yaml/bacterial/KOMODO_220_CASO_AGAR_Merck_105458.yaml	CultureMech:004575	caso_agar_merck_105458	data/normalized_yaml/bacterial/medium_220_modified_for_dsm_13060.yaml	CultureMech:004440	medium_220_modified_for_dsm_13060	147	3	1	133	123	large group requires family-level review before migration	Same ingredient and concentration signature; review as possible duplicate source record.
4084bb94f123ace9	REVIEW_REQUIRED	MEDIUM	SOURCE_DUPLICATE	data/normalized_yaml/bacterial/KOMODO_220_CASO_AGAR_Merck_105458.yaml	CultureMech:004575	caso_agar_merck_105458	data/normalized_yaml/bacterial/medium_220_modified_for_dsm_13240.yaml	CultureMech:004441	medium_220_modified_for_dsm_13240	147	3	1	133	123	large group requires family-level review before migration	Same ingredient and concentration signature; review as possible duplicate source record.
4084bb94f123ace9	REVIEW_REQUIRED	MEDIUM	SOURCE_DUPLICATE	data/normalized_yaml/bacterial/KOMODO_220_CASO_AGAR_Merck_105458.yaml	CultureMech:004575	caso_agar_merck_105458	data/normalized_yaml/bacterial/medium_220_modified_for_dsm_13815.yaml	CultureMech:004442	medium_220_modified_for_dsm_13815	147	3	1	133	123	large group requires family-level review before migration	Same ingredient and concentration signature; review as possible duplicate source record.
4084bb94f123ace9	REVIEW_REQUIRED	MEDIUM	SOURCE_DUPLICATE	data/normalized_yaml/bacterial/KOMODO_220_CASO_AGAR_Merck_105458.yaml	CultureMech:004575	caso_agar_merck_105458	data/normalized_yaml/bacterial/medium_220_modified_for_dsm_14791.yaml	CultureMech:004444	medium_220_modified_for_dsm_14791	147	3	1	133	123	large group requires family-level review before migration	Same ingredient and concentration signature; review as possible duplicate source record.
4084bb94f123ace9	REVIEW_REQUIRED	MEDIUM	SOURCE_DUPLICATE	data/normalized_yaml/bacterial/KOMODO_220_CASO_AGAR_Merck_105458.yaml	CultureMech:004575	caso_agar_merck_105458	data/normalized_yaml/bacterial/medium_220_modified_for_dsm_14914.yaml	CultureMech:004445	medium_220_modified_for_dsm_14914	147	3	1	133	123	large group requires family-level review before migration	Same ingredient and concentration signature; review as possible duplicate source record.
4084bb94f123ace9	REVIEW_REQUIRED	MEDIUM	SOURCE_DUPLICATE	data/normalized_yaml/bacterial/KOMODO_220_CASO_AGAR_Merck_105458.yaml	CultureMech:004575	caso_agar_merck_105458	data/normalized_yaml/bacterial/medium_220_modified_for_dsm_14988.yaml	CultureMech:004446	medium_220_modified_for_dsm_14988	147	3	1	133	123	large group requires family-level review before migration	Same ingredient and concentration signature; review as possible duplicate source record.
4084bb94f123ace9	REVIEW_REQUIRED	MEDIUM	SOURCE_DUPLICATE	data/normalized_yaml/bacterial/KOMODO_220_CASO_AGAR_Merck_105458.yaml	CultureMech:004575	caso_agar_merck_105458	data/normalized_yaml/bacterial/medium_220_modified_for_dsm_15028.yaml	CultureMech:004447	medium_220_modified_for_dsm_15028	147	3	1	133	123	large group requires family-level review before migration	Same ingredient and concentration signature; review as possible duplicate source record.
4084bb94f123ace9	REVIEW_REQUIRED	MEDIUM	SOURCE_DUPLICATE	data/normalized_yaml/bacterial/KOMODO_220_CASO_AGAR_Merck_105458.yaml	CultureMech:004575	caso_agar_merck_105458	data/normalized_yaml/bacterial/medium_220_modified_for_dsm_15077.yaml	CultureMech:004448	medium_220_modified_for_dsm_15077	147	3	1	133	123	large group requires family-level review before migration	Same ingredient and concentration signature; review as possible duplicate source record.
4084bb94f123ace9	REVIEW_REQUIRED	MEDIUM	SOURCE_DUPLICATE	data/normalized_yaml/bacterial/KOMODO_220_CASO_AGAR_Merck_105458.yaml	CultureMech:004575	caso_agar_merck_105458	data/normalized_yaml/bacterial/medium_220_modified_for_dsm_15220.yaml	CultureMech:004449	medium_220_modified_for_dsm_15220	147	3	1	133	123	large group requires family-level review before migration	Same ingredient and concentration signature; review as possible duplicate source record.
4084bb94f123ace9	REVIEW_REQUIRED	MEDIUM	SOURCE_DUPLICATE	data/normalized_yaml/bacterial/KOMODO_220_CASO_AGAR_Merck_105458.yaml	CultureMech:004575	caso_agar_merck_105458	data/normalized_yaml/bacterial/medium_220_modified_for_dsm_15391.yaml	CultureMech:004450	medium_220_modified_for_dsm_15391	147	3	1	133	123	large group requires family-level review before migration	Same ingredient and concentration signature; review as possible duplicate source record.
4084bb94f123ace9	REVIEW_REQUIRED	MEDIUM	SOURCE_DUPLICATE	data/normalized_yaml/bacterial/KOMODO_220_CASO_AGAR_Merck_105458.yaml	CultureMech:004575	caso_agar_merck_105458	data/normalized_yaml/bacterial/medium_220_modified_for_dsm_15392.yaml	CultureMech:004451	medium_220_modified_for_dsm_15392	147	3	1	133	123	large group requires family-level review before migration	Same ingredient and concentration signature; review as possible duplicate source record.
4084bb94f123ace9	REVIEW_REQUIRED	MEDIUM	SOURCE_DUPLICATE	data/normalized_yaml/bacterial/KOMODO_220_CASO_AGAR_Merck_105458.yaml	CultureMech:004575	caso_agar_merck_105458	data/normalized_yaml/bacterial/medium_220_modified_for_dsm_15402.yaml	CultureMech:004452	medium_220_modified_for_dsm_15402	147	3	1	133	123	large group requires family-level review before migration	Same ingredient and concentration signature; review as possible duplicate source record.
4084bb94f123ace9	REVIEW_REQUIRED	MEDIUM	SOURCE_DUPLICATE	data/normalized_yaml/bacterial/KOMODO_220_CASO_AGAR_Merck_105458.yaml	CultureMech:004575	caso_agar_merck_105458	data/normalized_yaml/bacterial/medium_220_modified_for_dsm_15428.yaml	CultureMech:004453	medium_220_modified_for_dsm_15428	147	3	1	133	123	large group requires family-level review before migration	Same ingredient and concentration signature; review as possible duplicate source record.
4084bb94f123ace9	REVIEW_REQUIRED	MEDIUM	SOURCE_DUPLICATE	data/normalized_yaml/bacterial/KOMODO_220_CASO_AGAR_Merck_105458.yaml	CultureMech:004575	caso_agar_merck_105458	data/normalized_yaml/bacterial/medium_220_modified_for_dsm_15478.yaml	CultureMech:004454	medium_220_modified_for_dsm_15478	147	3	1	133	123	large group requires family-level review before migration	Same ingredient and concentration signature; review as possible duplicate source record.
4084bb94f123ace9	REVIEW_REQUIRED	MEDIUM	SOURCE_DUPLICATE	data/normalized_yaml/bacterial/KOMODO_220_CASO_AGAR_Merck_105458.yaml	CultureMech:004575	caso_agar_merck_105458	data/normalized_yaml/bacterial/medium_220_modified_for_dsm_15534.yaml	CultureMech:004455	medium_220_modified_for_dsm_15534	147	3	1	133	123	large group requires family-level review before migration	Same ingredient and concentration signature; review as possible duplicate source record.
4084bb94f123ace9	REVIEW_REQUIRED	MEDIUM	SOURCE_DUPLICATE	data/normalized_yaml/bacterial/KOMODO_220_CASO_AGAR_Merck_105458.yaml	CultureMech:004575	caso_agar_merck_105458	data/normalized_yaml/bacterial/medium_220_modified_for_dsm_15595.yaml	CultureMech:004456	medium_220_modified_for_dsm_15595	147	3	1	133	123	large group requires family-level review before migration	Same ingredient and concentration signature; review as possible duplicate source record.
4084bb94f123ace9	REVIEW_REQUIRED	MEDIUM	SOURCE_DUPLICATE	data/normalized_yaml/bacterial/KOMODO_220_CASO_AGAR_Merck_105458.yaml	CultureMech:004575	caso_agar_merck_105458	data/normalized_yaml/bacterial/medium_220_modified_for_dsm_15596.yaml	CultureMech:004457	medium_220_modified_for_dsm_15596	147	3	1	133	123	large group requires family-level review before migration	Same ingredient and concentration signature; review as possible duplicate source record.
4084bb94f123ace9	REVIEW_REQUIRED	MEDIUM	SOURCE_DUPLICATE	data/normalized_yaml/bacterial/KOMODO_220_CASO_AGAR_Merck_105458.yaml	CultureMech:004575	caso_agar_merck_105458	data/normalized_yaml/bacterial/medium_220_modified_for_dsm_15730.yaml	CultureMech:004458	medium_220_modified_for_dsm_15730	147	3	1	133	123	large group requires family-level review before migration	Same ingredient and concentration signature; review as possible duplicate source record.
4084bb94f123ace9	REVIEW_REQUIRED	MEDIUM	SOURCE_DUPLICATE	data/normalized_yaml/bacterial/KOMODO_220_CASO_AGAR_Merck_105458.yaml	CultureMech:004575	caso_agar_merck_105458	data/normalized_yaml/bacterial/medium_220_modified_for_dsm_15820.yaml	CultureMech:004459	medium_220_modified_for_dsm_15820	147	3	1	133	123	large group requires family-level review before migration	Same ingredient and concentration signature; review as possible duplicate source record.
4084bb94f123ace9	REVIEW_REQUIRED	MEDIUM	SOURCE_DUPLICATE	data/normalized_yaml/bacterial/KOMODO_220_CASO_AGAR_Merck_105458.yaml	CultureMech:004575	caso_agar_merck_105458	data/normalized_yaml/bacterial/medium_220_modified_for_dsm_15822.yaml	CultureMech:004460	medium_220_modified_for_dsm_15822	147	3	1	133	123	large group requires family-level review before migration	Same ingredient and concentration signature; review as possible duplicate source record.
4084bb94f123ace9	REVIEW_REQUIRED	MEDIUM	SOURCE_DUPLICATE	data/normalized_yaml/bacterial/KOMODO_220_CASO_AGAR_Merck_105458.yaml	CultureMech:004575	caso_agar_merck_105458	data/normalized_yaml/bacterial/medium_220_modified_for_dsm_15865.yaml	CultureMech:004461	medium_220_modified_for_dsm_15865	147	3	1	133	123	large group requires family-level review before migration	Same ingredient and concentration signature; review as possible duplicate source record.
4084bb94f123ace9	REVIEW_REQUIRED	MEDIUM	SOURCE_DUPLICATE	data/normalized_yaml/bacterial/KOMODO_220_CASO_AGAR_Merck_105458.yaml	CultureMech:004575	caso_agar_merck_105458	data/normalized_yaml/bacterial/medium_220_modified_for_dsm_15866.yaml	CultureMech:004462	medium_220_modified_for_dsm_15866	147	3	1	133	123	large group requires family-level review before migration	Same ingredient and concentration signature; review as possible duplicate source record.
4084bb94f123ace9	REVIEW_REQUIRED	MEDIUM	SOURCE_DUPLICATE	data/normalized_yaml/bacterial/KOMODO_220_CASO_AGAR_Merck_105458.yaml	CultureMech:004575	caso_agar_merck_105458	data/normalized_yaml/bacterial/medium_220_modified_for_dsm_16012.yaml	CultureMech:004463	medium_220_modified_for_dsm_16012	147	3	1	133	123	large group requires family-level review before migration	Same ingredient and concentration signature; review as possible duplicate source record.
4084bb94f123ace9	REVIEW_REQUIRED	MEDIUM	SOURCE_DUPLICATE	data/normalized_yaml/bacterial/KOMODO_220_CASO_AGAR_Merck_105458.yaml	CultureMech:004575	caso_agar_merck_105458	data/normalized_yaml/bacterial/medium_220_modified_for_dsm_16013.yaml	CultureMech:004464	medium_220_modified_for_dsm_16013	147	3	1	133	123	large group requires family-level review before migration	Same ingredient and concentration signature; review as possible duplicate source record.
4084bb94f123ace9	REVIEW_REQUIRED	MEDIUM	SOURCE_DUPLICATE	data/normalized_yaml/bacterial/KOMODO_220_CASO_AGAR_Merck_105458.yaml	CultureMech:004575	caso_agar_merck_105458	data/normalized_yaml/bacterial/medium_220_modified_for_dsm_16014.yaml	CultureMech:004465	medium_220_modified_for_dsm_16014	147	3	1	133	123	large group requires family-level review before migration	Same ingredient and concentration signature; review as possible duplicate source record.
4084bb94f123ace9	REVIEW_REQUIRED	MEDIUM	SOURCE_DUPLICATE	data/normalized_yaml/bacterial/KOMODO_220_CASO_AGAR_Merck_105458.yaml	CultureMech:004575	caso_agar_merck_105458	data/normalized_yaml/bacterial/medium_220_modified_for_dsm_16016.yaml	CultureMech:004466	medium_220_modified_for_dsm_16016	147	3	1	133	123	large group requires family-level review before migration	Same ingredient and concentration signature; review as possible duplicate source record.
4084bb94f123ace9	REVIEW_REQUIRED	MEDIUM	SOURCE_DUPLICATE	data/normalized_yaml/bacterial/KOMODO_220_CASO_AGAR_Merck_105458.yaml	CultureMech:004575	caso_agar_merck_105458	data/normalized_yaml/bacterial/medium_220_modified_for_dsm_16117.yaml	CultureMech:004467	medium_220_modified_for_dsm_16117	147	3	1	133	123	large group requires family-level review before migration	Same ingredient and concentration signature; review as possible duplicate source record.
4084bb94f123ace9	REVIEW_REQUIRED	MEDIUM	SOURCE_DUPLICATE	data/normalized_yaml/bacterial/KOMODO_220_CASO_AGAR_Merck_105458.yaml	CultureMech:004575	caso_agar_merck_105458	data/normalized_yaml/bacterial/medium_220_modified_for_dsm_16288.yaml	CultureMech:004468	medium_220_modified_for_dsm_16288	147	3	1	133	123	large group requires family-level review before migration	Same ingredient and concentration signature; review as possible duplicate source record.
4084bb94f123ace9	REVIEW_REQUIRED	MEDIUM	SOURCE_DUPLICATE	data/normalized_yaml/bacterial/KOMODO_220_CASO_AGAR_Merck_105458.yaml	CultureMech:004575	caso_agar_merck_105458	data/normalized_yaml/bacterial/medium_220_modified_for_dsm_16317.yaml	CultureMech:004469	medium_220_modified_for_dsm_16317	147	3	1	133	123	large group requires family-level review before migration	Same ingredient and concentration signature; review as possible duplicate source record.
4084bb94f123ace9	REVIEW_REQUIRED	MEDIUM	SOURCE_DUPLICATE	data/normalized_yaml/bacterial/KOMODO_220_CASO_AGAR_Merck_105458.yaml	CultureMech:004575	caso_agar_merck_105458	data/normalized_yaml/bacterial/medium_220_modified_for_dsm_16318.yaml	CultureMech:004470	medium_220_modified_for_dsm_16318	147	3	1	133	123	large group requires family-level review before migration	Same ingredient and concentration signature; review as possible duplicate source record.
4084bb94f123ace9	REVIEW_REQUIRED	MEDIUM	SOURCE_DUPLICATE	data/normalized_yaml/bacterial/KOMODO_220_CASO_AGAR_Merck_105458.yaml	CultureMech:004575	caso_agar_merck_105458	data/normalized_yaml/bacterial/medium_220_modified_for_dsm_16319.yaml	CultureMech:004471	medium_220_modified_for_dsm_16319	147	3	1	133	123	large group requires family-level review before migration	Same ingredient and concentration signature; review as possible duplicate source record.
4084bb94f123ace9	REVIEW_REQUIRED	MEDIUM	SOURCE_DUPLICATE	data/normalized_yaml/bacterial/KOMODO_220_CASO_AGAR_Merck_105458.yaml	CultureMech:004575	caso_agar_merck_105458	data/normalized_yaml/bacterial/medium_220_modified_for_dsm_16325.yaml	CultureMech:004472	medium_220_modified_for_dsm_16325	147	3	1	133	123	large group requires family-level review before migration	Same ingredient and concentration signature; review as possible duplicate source record.
4084bb94f123ace9	REVIEW_REQUIRED	MEDIUM	SOURCE_DUPLICATE	data/normalized_yaml/bacterial/KOMODO_220_CASO_AGAR_Merck_105458.yaml	CultureMech:004575	caso_agar_merck_105458	data/normalized_yaml/bacterial/medium_220_modified_for_dsm_16423.yaml	CultureMech:004473	medium_220_modified_for_dsm_16423	147	3	1	133	123	large group requires family-level review before migration	Same ingredient and concentration signature; review as possible duplicate source record.
4084bb94f123ace9	REVIEW_REQUIRED	MEDIUM	SOURCE_DUPLICATE	data/normalized_yaml/bacterial/KOMODO_220_CASO_AGAR_Merck_105458.yaml	CultureMech:004575	caso_agar_merck_105458	data/normalized_yaml/bacterial/medium_220_modified_for_dsm_16467.yaml	CultureMech:004474	medium_220_modified_for_dsm_16467	147	3	1	133	123	large group requires family-level review before migration	Same ingredient and concentration signature; review as possible duplicate source record.
4084bb94f123ace9	REVIEW_REQUIRED	MEDIUM	SOURCE_DUPLICATE	data/normalized_yaml/bacterial/KOMODO_220_CASO_AGAR_Merck_105458.yaml	CultureMech:004575	caso_agar_merck_105458	data/normalized_yaml/bacterial/medium_220_modified_for_dsm_16557.yaml	CultureMech:004475	medium_220_modified_for_dsm_16557	147	3	1	133	123	large group requires family-level review before migration	Same ingredient and concentration signature; review as possible duplicate source record.
4084bb94f123ace9	REVIEW_REQUIRED	MEDIUM	SOURCE_DUPLICATE	data/normalized_yaml/bacterial/KOMODO_220_CASO_AGAR_Merck_105458.yaml	CultureMech:004575	caso_agar_merck_105458	data/normalized_yaml/bacterial/medium_220_modified_for_dsm_16731.yaml	CultureMech:004476	medium_220_modified_for_dsm_16731	147	3	1	133	123	large group requires family-level review before migration	Same ingredient and concentration signature; review as possible duplicate source record.
4084bb94f123ace9	REVIEW_REQUIRED	MEDIUM	SOURCE_DUPLICATE	data/normalized_yaml/bacterial/KOMODO_220_CASO_AGAR_Merck_105458.yaml	CultureMech:004575	caso_agar_merck_105458	data/normalized_yaml/bacterial/medium_220_modified_for_dsm_16920.yaml	CultureMech:004477	medium_220_modified_for_dsm_16920	147	3	1	133	123	large group requires family-level review before migration	Same ingredient and concentration signature; review as possible duplicate source record.
4084bb94f123ace9	REVIEW_REQUIRED	MEDIUM	SOURCE_DUPLICATE	data/normalized_yaml/bacterial/KOMODO_220_CASO_AGAR_Merck_105458.yaml	CultureMech:004575	caso_agar_merck_105458	data/normalized_yaml/bacterial/medium_220_modified_for_dsm_16921.yaml	CultureMech:004478	medium_220_modified_for_dsm_16921	147	3	1	133	123	large group requires family-level review before migration	Same ingredient and concentration signature; review as possible duplicate source record.
4084bb94f123ace9	REVIEW_REQUIRED	MEDIUM	SOURCE_DUPLICATE	data/normalized_yaml/bacterial/KOMODO_220_CASO_AGAR_Merck_105458.yaml	CultureMech:004575	caso_agar_merck_105458	data/normalized_yaml/bacterial/medium_220_modified_for_dsm_16941.yaml	CultureMech:004479	medium_220_modified_for_dsm_16941	147	3	1	133	123	large group requires family-level review before migration	Same ingredient and concentration signature; review as possible duplicate source record.
4084bb94f123ace9	REVIEW_REQUIRED	MEDIUM	SOURCE_DUPLICATE	data/normalized_yaml/bacterial/KOMODO_220_CASO_AGAR_Merck_105458.yaml	CultureMech:004575	caso_agar_merck_105458	data/normalized_yaml/bacterial/medium_220_modified_for_dsm_16942.yaml	CultureMech:004480	medium_220_modified_for_dsm_16942	147	3	1	133	123	large group requires family-level review before migration	Same ingredient and concentration signature; review as possible duplicate source record.
4084bb94f123ace9	REVIEW_REQUIRED	MEDIUM	SOURCE_DUPLICATE	data/normalized_yaml/bacterial/KOMODO_220_CASO_AGAR_Merck_105458.yaml	CultureMech:004575	caso_agar_merck_105458	data/normalized_yaml/bacterial/medium_220_modified_for_dsm_16943.yaml	CultureMech:004481	medium_220_modified_for_dsm_16943	147	3	1	133	123	large group requires family-level review before migration	Same ingredient and concentration signature; review as possible duplicate source record.
4084bb94f123ace9	REVIEW_REQUIRED	MEDIUM	SOURCE_DUPLICATE	data/normalized_yaml/bacterial/KOMODO_220_CASO_AGAR_Merck_105458.yaml	CultureMech:004575	caso_agar_merck_105458	data/normalized_yaml/bacterial/medium_220_modified_for_dsm_16944.yaml	CultureMech:004482	medium_220_modified_for_dsm_16944	147	3	1	133	123	large group requires family-level review before migration	Same ingredient and concentration signature; review as possible duplicate source record.
4084bb94f123ace9	REVIEW_REQUIRED	MEDIUM	SOURCE_DUPLICATE	data/normalized_yaml/bacterial/KOMODO_220_CASO_AGAR_Merck_105458.yaml	CultureMech:004575	caso_agar_merck_105458	data/normalized_yaml/bacterial/medium_220_modified_for_dsm_16945.yaml	CultureMech:004483	medium_220_modified_for_dsm_16945	147	3	1	133	123	large group requires family-level review before migration	Same ingredient and concentration signature; review as possible duplicate source record.
4084bb94f123ace9	REVIEW_REQUIRED	MEDIUM	SOURCE_DUPLICATE	data/normalized_yaml/bacterial/KOMODO_220_CASO_AGAR_Merck_105458.yaml	CultureMech:004575	caso_agar_merck_105458	data/normalized_yaml/bacterial/medium_220_modified_for_dsm_16970.yaml	CultureMech:004484	medium_220_modified_for_dsm_16970	147	3	1	133	123	large group requires family-level review before migration	Same ingredient and concentration signature; review as possible duplicate source record.
4084bb94f123ace9	REVIEW_REQUIRED	MEDIUM	SOURCE_DUPLICATE	data/normalized_yaml/bacterial/KOMODO_220_CASO_AGAR_Merck_105458.yaml	CultureMech:004575	caso_agar_merck_105458	data/normalized_yaml/bacterial/medium_220_modified_for_dsm_16971.yaml	CultureMech:004485	medium_220_modified_for_dsm_16971	147	3	1	133	123	large group requires family-level review before migration	Same ingredient and concentration signature; review as possible duplicate source record.
4084bb94f123ace9	REVIEW_REQUIRED	MEDIUM	SOURCE_DUPLICATE	data/normalized_yaml/bacterial/KOMODO_220_CASO_AGAR_Merck_105458.yaml	CultureMech:004575	caso_agar_merck_105458	data/normalized_yaml/bacterial/medium_220_modified_for_dsm_17040.yaml	CultureMech:004486	medium_220_modified_for_dsm_17040	147	3	1	133	123	large group requires family-level review before migration	Same ingredient and concentration signature; review as possible duplicate source record.
4084bb94f123ace9	REVIEW_REQUIRED	MEDIUM	SOURCE_DUPLICATE	data/normalized_yaml/bacterial/KOMODO_220_CASO_AGAR_Merck_105458.yaml	CultureMech:004575	caso_agar_merck_105458	data/normalized_yaml/bacterial/medium_220_modified_for_dsm_17057.yaml	CultureMech:004487	medium_220_modified_for_dsm_17057	147	3	1	133	123	large group requires family-level review before migration	Same ingredient and concentration signature; review as possible duplicate source record.
4084bb94f123ace9	REVIEW_REQUIRED	MEDIUM	SOURCE_DUPLICATE	data/normalized_yaml/bacterial/KOMODO_220_CASO_AGAR_Merck_105458.yaml	CultureMech:004575	caso_agar_merck_105458	data/normalized_yaml/bacterial/medium_220_modified_for_dsm_17075.yaml	CultureMech:004488	medium_220_modified_for_dsm_17075	147	3	1	133	123	large group requires family-level review before migration	Same ingredient and concentration signature; review as possible duplicate source record.
4084bb94f123ace9	REVIEW_REQUIRED	MEDIUM	SOURCE_DUPLICATE	data/normalized_yaml/bacterial/KOMODO_220_CASO_AGAR_Merck_105458.yaml	CultureMech:004575	caso_agar_merck_105458	data/normalized_yaml/bacterial/medium_220_modified_for_dsm_17127.yaml	CultureMech:004489	medium_220_modified_for_dsm_17127	147	3	1	133	123	large group requires family-level review before migration	Same ingredient and concentration signature; review as possible duplicate source record.
4084bb94f123ace9	REVIEW_REQUIRED	MEDIUM	SOURCE_DUPLICATE	data/normalized_yaml/bacterial/KOMODO_220_CASO_AGAR_Merck_105458.yaml	CultureMech:004575	caso_agar_merck_105458	data/normalized_yaml/bacterial/medium_220_modified_for_dsm_17140.yaml	CultureMech:004490	medium_220_modified_for_dsm_17140	147	3	1	133	123	large group requires family-level review before migration	Same ingredient and concentration signature; review as possible duplicate source record.
4084bb94f123ace9	REVIEW_REQUIRED	MEDIUM	SOURCE_DUPLICATE	data/normalized_yaml/bacterial/KOMODO_220_CASO_AGAR_Merck_105458.yaml	CultureMech:004575	caso_agar_merck_105458	data/normalized_yaml/bacterial/medium_220_modified_for_dsm_17253.yaml	CultureMech:004491	medium_220_modified_for_dsm_17253	147	3	1	133	123	large group requires family-level review before migration	Same ingredient and concentration signature; review as possible duplicate source record.
4084bb94f123ace9	REVIEW_REQUIRED	MEDIUM	SOURCE_DUPLICATE	data/normalized_yaml/bacterial/KOMODO_220_CASO_AGAR_Merck_105458.yaml	CultureMech:004575	caso_agar_merck_105458	data/normalized_yaml/bacterial/medium_220_modified_for_dsm_17254.yaml	CultureMech:004492	medium_220_modified_for_dsm_17254	147	3	1	133	123	large group requires family-level review before migration	Same ingredient and concentration signature; review as possible duplicate source record.
4084bb94f123ace9	REVIEW_REQUIRED	MEDIUM	SOURCE_DUPLICATE	data/normalized_yaml/bacterial/KOMODO_220_CASO_AGAR_Merck_105458.yaml	CultureMech:004575	caso_agar_merck_105458	data/normalized_yaml/bacterial/medium_220_modified_for_dsm_17255.yaml	CultureMech:004493	medium_220_modified_for_dsm_17255	147	3	1	133	123	large group requires family-level review before migration	Same ingredient and concentration signature; review as possible duplicate source record.
4084bb94f123ace9	REVIEW_REQUIRED	MEDIUM	SOURCE_DUPLICATE	data/normalized_yaml/bacterial/KOMODO_220_CASO_AGAR_Merck_105458.yaml	CultureMech:004575	caso_agar_merck_105458	data/normalized_yaml/bacterial/medium_220_modified_for_dsm_17256.yaml	CultureMech:004494	medium_220_modified_for_dsm_17256	147	3	1	133	123	large group requires family-level review before migration	Same ingredient and concentration signature; review as possible duplicate source record.
4084bb94f123ace9	REVIEW_REQUIRED	MEDIUM	SOURCE_DUPLICATE	data/normalized_yaml/bacterial/KOMODO_220_CASO_AGAR_Merck_105458.yaml	CultureMech:004575	caso_agar_merck_105458	data/normalized_yaml/bacterial/medium_220_modified_for_dsm_17376.yaml	CultureMech:004495	medium_220_modified_for_dsm_17376	147	3	1	133	123	large group requires family-level review before migration	Same ingredient and concentration signature; review as possible duplicate source record.
4084bb94f123ace9	REVIEW_REQUIRED	MEDIUM	SOURCE_DUPLICATE	data/normalized_yaml/bacterial/KOMODO_220_CASO_AGAR_Merck_105458.yaml	CultureMech:004575	caso_agar_merck_105458	data/normalized_yaml/bacterial/medium_220_modified_for_dsm_17399.yaml	CultureMech:004496	medium_220_modified_for_dsm_17399	147	3	1	133	123	large group requires family-level review before migration	Same ingredient and concentration signature; review as possible duplicate source record.
4084bb94f123ace9	REVIEW_REQUIRED	MEDIUM	SOURCE_DUPLICATE	data/normalized_yaml/bacterial/KOMODO_220_CASO_AGAR_Merck_105458.yaml	CultureMech:004575	caso_agar_merck_105458	data/normalized_yaml/bacterial/medium_220_modified_for_dsm_17608.yaml	CultureMech:004497	medium_220_modified_for_dsm_17608	147	3	1	133	123	large group requires family-level review before migration	Same ingredient and concentration signature; review as possible duplicate source record.
4084bb94f123ace9	REVIEW_REQUIRED	MEDIUM	SOURCE_DUPLICATE	data/normalized_yaml/bacterial/KOMODO_220_CASO_AGAR_Merck_105458.yaml	CultureMech:004575	caso_agar_merck_105458	data/normalized_yaml/bacterial/medium_220_modified_for_dsm_17643.yaml	CultureMech:004498	medium_220_modified_for_dsm_17643	147	3	1	133	123	large group requires family-level review before migration	Same ingredient and concentration signature; review as possible duplicate source record.
4084bb94f123ace9	REVIEW_REQUIRED	MEDIUM	SOURCE_DUPLICATE	data/normalized_yaml/bacterial/KOMODO_220_CASO_AGAR_Merck_105458.yaml	CultureMech:004575	caso_agar_merck_105458	data/normalized_yaml/bacterial/medium_220_modified_for_dsm_17723.yaml	CultureMech:004499	medium_220_modified_for_dsm_17723	147	3	1	133	123	large group requires family-level review before migration	Same ingredient and concentration signature; review as possible duplicate source record.
4084bb94f123ace9	REVIEW_REQUIRED	MEDIUM	SOURCE_DUPLICATE	data/normalized_yaml/bacterial/KOMODO_220_CASO_AGAR_Merck_105458.yaml	CultureMech:004575	caso_agar_merck_105458	data/normalized_yaml/bacterial/medium_220_modified_for_dsm_17842.yaml	CultureMech:004500	medium_220_modified_for_dsm_17842	147	3	1	133	123	large group requires family-level review before migration	Same ingredient and concentration signature; review as possible duplicate source record.
4084bb94f123ace9	REVIEW_REQUIRED	MEDIUM	SOURCE_DUPLICATE	data/normalized_yaml/bacterial/KOMODO_220_CASO_AGAR_Merck_105458.yaml	CultureMech:004575	caso_agar_merck_105458	data/normalized_yaml/bacterial/medium_220_modified_for_dsm_18677.yaml	CultureMech:004501	medium_220_modified_for_dsm_18677	147	3	1	133	123	large group requires family-level review before migration	Same ingredient and concentration signature; review as possible duplicate source record.
4084bb94f123ace9	REVIEW_REQUIRED	MEDIUM	SOURCE_DUPLICATE	data/normalized_yaml/bacterial/KOMODO_220_CASO_AGAR_Merck_105458.yaml	CultureMech:004575	caso_agar_merck_105458	data/normalized_yaml/bacterial/medium_220_modified_for_dsm_18679.yaml	CultureMech:004502	medium_220_modified_for_dsm_18679	147	3	1	133	123	large group requires family-level review before migration	Same ingredient and concentration signature; review as possible duplicate source record.
4084bb94f123ace9	REVIEW_REQUIRED	MEDIUM	SOURCE_DUPLICATE	data/normalized_yaml/bacterial/KOMODO_220_CASO_AGAR_Merck_105458.yaml	CultureMech:004575	caso_agar_merck_105458	data/normalized_yaml/bacterial/medium_220_modified_for_dsm_18784.yaml	CultureMech:004503	medium_220_modified_for_dsm_18784	147	3	1	133	123	large group requires family-level review before migration	Same ingredient and concentration signature; review as possible duplicate source record.
4084bb94f123ace9	REVIEW_REQUIRED	MEDIUM	SOURCE_DUPLICATE	data/normalized_yaml/bacterial/KOMODO_220_CASO_AGAR_Merck_105458.yaml	CultureMech:004575	caso_agar_merck_105458	data/normalized_yaml/bacterial/medium_220_modified_for_dsm_18926.yaml	CultureMech:004504	medium_220_modified_for_dsm_18926	147	3	1	133	123	large group requires family-level review before migration	Same ingredient and concentration signature; review as possible duplicate source record.
4084bb94f123ace9	REVIEW_REQUIRED	MEDIUM	SOURCE_DUPLICATE	data/normalized_yaml/bacterial/KOMODO_220_CASO_AGAR_Merck_105458.yaml	CultureMech:004575	caso_agar_merck_105458	data/normalized_yaml/bacterial/medium_220_modified_for_dsm_19097.yaml	CultureMech:004505	medium_220_modified_for_dsm_19097	147	3	1	133	123	large group requires family-level review before migration	Same ingredient and concentration signature; review as possible duplicate source record.
4084bb94f123ace9	REVIEW_REQUIRED	MEDIUM	SOURCE_DUPLICATE	data/normalized_yaml/bacterial/KOMODO_220_CASO_AGAR_Merck_105458.yaml	CultureMech:004575	caso_agar_merck_105458	data/normalized_yaml/bacterial/medium_220_modified_for_dsm_19099.yaml	CultureMech:004506	medium_220_modified_for_dsm_19099	147	3	1	133	123	large group requires family-level review before migration	Same ingredient and concentration signature; review as possible duplicate source record.
4084bb94f123ace9	REVIEW_REQUIRED	MEDIUM	SOURCE_DUPLICATE	data/normalized_yaml/bacterial/KOMODO_220_CASO_AGAR_Merck_105458.yaml	CultureMech:004575	caso_agar_merck_105458	data/normalized_yaml/bacterial/medium_220_modified_for_dsm_19248.yaml	CultureMech:004507	medium_220_modified_for_dsm_19248	147	3	1	133	123	large group requires family-level review before migration	Same ingredient and concentration signature; review as possible duplicate source record.
4084bb94f123ace9	REVIEW_REQUIRED	MEDIUM	SOURCE_DUPLICATE	data/normalized_yaml/bacterial/KOMODO_220_CASO_AGAR_Merck_105458.yaml	CultureMech:004575	caso_agar_merck_105458	data/normalized_yaml/bacterial/medium_220_modified_for_dsm_19268.yaml	CultureMech:004508	medium_220_modified_for_dsm_19268	147	3	1	133	123	large group requires family-level review before migration	Same ingredient and concentration signature; review as possible duplicate source record.
4084bb94f123ace9	REVIEW_REQUIRED	MEDIUM	SOURCE_DUPLICATE	data/normalized_yaml/bacterial/KOMODO_220_CASO_AGAR_Merck_105458.yaml	CultureMech:004575	caso_agar_merck_105458	data/normalized_yaml/bacterial/medium_220_modified_for_dsm_19269.yaml	CultureMech:004509	medium_220_modified_for_dsm_19269	147	3	1	133	123	large group requires family-level review before migration	Same ingredient and concentration signature; review as possible duplicate source record.
4084bb94f123ace9	REVIEW_REQUIRED	MEDIUM	SOURCE_DUPLICATE	data/normalized_yaml/bacterial/KOMODO_220_CASO_AGAR_Merck_105458.yaml	CultureMech:004575	caso_agar_merck_105458	data/normalized_yaml/bacterial/medium_220_modified_for_dsm_19292.yaml	CultureMech:004510	medium_220_modified_for_dsm_19292	147	3	1	133	123	large group requires family-level review before migration	Same ingredient and concentration signature; review as possible duplicate source record.
4084bb94f123ace9	REVIEW_REQUIRED	MEDIUM	SOURCE_DUPLICATE	data/normalized_yaml/bacterial/KOMODO_220_CASO_AGAR_Merck_105458.yaml	CultureMech:004575	caso_agar_merck_105458	data/normalized_yaml/bacterial/medium_220_modified_for_dsm_19293.yaml	CultureMech:004511	medium_220_modified_for_dsm_19293	147	3	1	133	123	large group requires family-level review before migration	Same ingredient and concentration signature; review as possible duplicate source record.
4084bb94f123ace9	REVIEW_REQUIRED	MEDIUM	SOURCE_DUPLICATE	data/normalized_yaml/bacterial/KOMODO_220_CASO_AGAR_Merck_105458.yaml	CultureMech:004575	caso_agar_merck_105458	data/normalized_yaml/bacterial/medium_220_modified_for_dsm_19409.yaml	CultureMech:004512	medium_220_modified_for_dsm_19409	147	3	1	133	123	large group requires family-level review before migration	Same ingredient and concentration signature; review as possible duplicate source record.
4084bb94f123ace9	REVIEW_REQUIRED	MEDIUM	SOURCE_DUPLICATE	data/normalized_yaml/bacterial/KOMODO_220_CASO_AGAR_Merck_105458.yaml	CultureMech:004575	caso_agar_merck_105458	data/normalized_yaml/bacterial/medium_220_modified_for_dsm_19613.yaml	CultureMech:004513	medium_220_modified_for_dsm_19613	147	3	1	133	123	large group requires family-level review before migration	Same ingredient and concentration signature; review as possible duplicate source record.
4084bb94f123ace9	REVIEW_REQUIRED	MEDIUM	SOURCE_DUPLICATE	data/normalized_yaml/bacterial/KOMODO_220_CASO_AGAR_Merck_105458.yaml	CultureMech:004575	caso_agar_merck_105458	data/normalized_yaml/bacterial/medium_220_modified_for_dsm_21291.yaml	CultureMech:004515	medium_220_modified_for_dsm_21291	147	3	1	133	123	large group requires family-level review before migration	Same ingredient and concentration signature; review as possible duplicate source record.
4084bb94f123ace9	REVIEW_REQUIRED	MEDIUM	SOURCE_DUPLICATE	data/normalized_yaml/bacterial/KOMODO_220_CASO_AGAR_Merck_105458.yaml	CultureMech:004575	caso_agar_merck_105458	data/normalized_yaml/bacterial/medium_220_modified_for_dsm_21292.yaml	CultureMech:004516	medium_220_modified_for_dsm_21292	147	3	1	133	123	large group requires family-level review before migration	Same ingredient and concentration signature; review as possible duplicate source record.
4084bb94f123ace9	REVIEW_REQUIRED	MEDIUM	SOURCE_DUPLICATE	data/normalized_yaml/bacterial/KOMODO_220_CASO_AGAR_Merck_105458.yaml	CultureMech:004575	caso_agar_merck_105458	data/normalized_yaml/bacterial/medium_220_modified_for_dsm_21315.yaml	CultureMech:004517	medium_220_modified_for_dsm_21315	147	3	1	133	123	large group requires family-level review before migration	Same ingredient and concentration signature; review as possible duplicate source record.
4084bb94f123ace9	REVIEW_REQUIRED	MEDIUM	SOURCE_DUPLICATE	data/normalized_yaml/bacterial/KOMODO_220_CASO_AGAR_Merck_105458.yaml	CultureMech:004575	caso_agar_merck_105458	data/normalized_yaml/bacterial/medium_220_modified_for_dsm_21336.yaml	CultureMech:004518	medium_220_modified_for_dsm_21336	147	3	1	133	123	large group requires family-level review before migration	Same ingredient and concentration signature; review as possible duplicate source record.
4084bb94f123ace9	REVIEW_REQUIRED	MEDIUM	SOURCE_DUPLICATE	data/normalized_yaml/bacterial/KOMODO_220_CASO_AGAR_Merck_105458.yaml	CultureMech:004575	caso_agar_merck_105458	data/normalized_yaml/bacterial/medium_220_modified_for_dsm_21356.yaml	CultureMech:004519	medium_220_modified_for_dsm_21356	147	3	1	133	123	large group requires family-level review before migration	Same ingredient and concentration signature; review as possible duplicate source record.
4084bb94f123ace9	REVIEW_REQUIRED	MEDIUM	SOURCE_DUPLICATE	data/normalized_yaml/bacterial/KOMODO_220_CASO_AGAR_Merck_105458.yaml	CultureMech:004575	caso_agar_merck_105458	data/normalized_yaml/bacterial/medium_220_modified_for_dsm_21510.yaml	CultureMech:004520	medium_220_modified_for_dsm_21510	147	3	1	133	123	large group requires family-level review before migration	Same ingredient and concentration signature; review as possible duplicate source record.
4084bb94f123ace9	REVIEW_REQUIRED	MEDIUM	SOURCE_DUPLICATE	data/normalized_yaml/bacterial/KOMODO_220_CASO_AGAR_Merck_105458.yaml	CultureMech:004575	caso_agar_merck_105458	data/normalized_yaml/bacterial/medium_220_modified_for_dsm_21623.yaml	CultureMech:004521	medium_220_modified_for_dsm_21623	147	3	1	133	123	large group requires family-level review before migration	Same ingredient and concentration signature; review as possible duplicate source record.
4084bb94f123ace9	REVIEW_REQUIRED	MEDIUM	SOURCE_DUPLICATE	data/normalized_yaml/bacterial/KOMODO_220_CASO_AGAR_Merck_105458.yaml	CultureMech:004575	caso_agar_merck_105458	data/normalized_yaml/bacterial/medium_220_modified_for_dsm_21631.yaml	CultureMech:004522	medium_220_modified_for_dsm_21631	147	3	1	133	123	large group requires family-level review before migration	Same ingredient and concentration signature; review as possible duplicate source record.
4084bb94f123ace9	REVIEW_REQUIRED	MEDIUM	SOURCE_DUPLICATE	data/normalized_yaml/bacterial/KOMODO_220_CASO_AGAR_Merck_105458.yaml	CultureMech:004575	caso_agar_merck_105458	data/normalized_yaml/bacterial/medium_220_modified_for_dsm_21861.yaml	CultureMech:004523	medium_220_modified_for_dsm_21861	147	3	1	133	123	large group requires family-level review before migration	Same ingredient and concentration signature; review as possible duplicate source record.
4084bb94f123ace9	REVIEW_REQUIRED	MEDIUM	SOURCE_DUPLICATE	data/normalized_yaml/bacterial/KOMODO_220_CASO_AGAR_Merck_105458.yaml	CultureMech:004575	caso_agar_merck_105458	data/normalized_yaml/bacterial/medium_220_modified_for_dsm_21911.yaml	CultureMech:004524	medium_220_modified_for_dsm_21911	147	3	1	133	123	large group requires family-level review before migration	Same ingredient and concentration signature; review as possible duplicate source record.
4084bb94f123ace9	REVIEW_REQUIRED	MEDIUM	SOURCE_DUPLICATE	data/normalized_yaml/bacterial/KOMODO_220_CASO_AGAR_Merck_105458.yaml	CultureMech:004575	caso_agar_merck_105458	data/normalized_yaml/bacterial/medium_220_modified_for_dsm_21989.yaml	CultureMech:004525	medium_220_modified_for_dsm_21989	147	3	1	133	123	large group requires family-level review before migration	Same ingredient and concentration signature; review as possible duplicate source record.
4084bb94f123ace9	REVIEW_REQUIRED	MEDIUM	SOURCE_DUPLICATE	data/normalized_yaml/bacterial/KOMODO_220_CASO_AGAR_Merck_105458.yaml	CultureMech:004575	caso_agar_merck_105458	data/normalized_yaml/bacterial/medium_220_modified_for_dsm_21993.yaml	CultureMech:004526	medium_220_modified_for_dsm_21993	147	3	1	133	123	large group requires family-level review before migration	Same ingredient and concentration signature; review as possible duplicate source record.
4084bb94f123ace9	REVIEW_REQUIRED	MEDIUM	SOURCE_DUPLICATE	data/normalized_yaml/bacterial/KOMODO_220_CASO_AGAR_Merck_105458.yaml	CultureMech:004575	caso_agar_merck_105458	data/normalized_yaml/bacterial/medium_220_modified_for_dsm_22072.yaml	CultureMech:004527	medium_220_modified_for_dsm_22072	147	3	1	133	123	large group requires family-level review before migration	Same ingredient and concentration signature; review as possible duplicate source record.
4084bb94f123ace9	REVIEW_REQUIRED	MEDIUM	SOURCE_DUPLICATE	data/normalized_yaml/bacterial/KOMODO_220_CASO_AGAR_Merck_105458.yaml	CultureMech:004575	caso_agar_merck_105458	data/normalized_yaml/bacterial/medium_220_modified_for_dsm_22073.yaml	CultureMech:004528	medium_220_modified_for_dsm_22073	147	3	1	133	123	large group requires family-level review before migration	Same ingredient and concentration signature; review as possible duplicate source record.
4084bb94f123ace9	REVIEW_REQUIRED	MEDIUM	SOURCE_DUPLICATE	data/normalized_yaml/bacterial/KOMODO_220_CASO_AGAR_Merck_105458.yaml	CultureMech:004575	caso_agar_merck_105458	data/normalized_yaml/bacterial/medium_220_modified_for_dsm_22132.yaml	CultureMech:004529	medium_220_modified_for_dsm_22132	147	3	1	133	123	large group requires family-level review before migration	Same ingredient and concentration signature; review as possible duplicate source record.
4084bb94f123ace9	REVIEW_REQUIRED	MEDIUM	SOURCE_DUPLICATE	data/normalized_yaml/bacterial/KOMODO_220_CASO_AGAR_Merck_105458.yaml	CultureMech:004575	caso_agar_merck_105458	data/normalized_yaml/bacterial/medium_220_modified_for_dsm_22162.yaml	CultureMech:004530	medium_220_modified_for_dsm_22162	147	3	1	133	123	large group requires family-level review before migration	Same ingredient and concentration signature; review as possible duplicate source record.
4084bb94f123ace9	REVIEW_REQUIRED	MEDIUM	SOURCE_DUPLICATE	data/normalized_yaml/bacterial/KOMODO_220_CASO_AGAR_Merck_105458.yaml	CultureMech:004575	caso_agar_merck_105458	data/normalized_yaml/bacterial/medium_220_modified_for_dsm_22170.yaml	CultureMech:004531	medium_220_modified_for_dsm_22170	147	3	1	133	123	large group requires family-level review before migration	Same ingredient and concentration signature; review as possible duplicate source record.
4084bb94f123ace9	REVIEW_REQUIRED	MEDIUM	SOURCE_DUPLICATE	data/normalized_yaml/bacterial/KOMODO_220_CASO_AGAR_Merck_105458.yaml	CultureMech:004575	caso_agar_merck_105458	data/normalized_yaml/bacterial/medium_220_modified_for_dsm_22203.yaml	CultureMech:004532	medium_220_modified_for_dsm_22203	147	3	1	133	123	large group requires family-level review before migration	Same ingredient and concentration signature; review as possible duplicate source record.
4084bb94f123ace9	REVIEW_REQUIRED	MEDIUM	SOURCE_DUPLICATE	data/normalized_yaml/bacterial/KOMODO_220_CASO_AGAR_Merck_105458.yaml	CultureMech:004575	caso_agar_merck_105458	data/normalized_yaml/bacterial/medium_220_modified_for_dsm_22204.yaml	CultureMech:004533	medium_220_modified_for_dsm_22204	147	3	1	133	123	large group requires family-level review before migration	Same ingredient and concentration signature; review as possible duplicate source record.
4084bb94f123ace9	REVIEW_REQUIRED	MEDIUM	SOURCE_DUPLICATE	data/normalized_yaml/bacterial/KOMODO_220_CASO_AGAR_Merck_105458.yaml	CultureMech:004575	caso_agar_merck_105458	data/normalized_yaml/bacterial/medium_220_modified_for_dsm_22253.yaml	CultureMech:004534	medium_220_modified_for_dsm_22253	147	3	1	133	123	large group requires family-level review before migration	Same ingredient and concentration signature; review as possible duplicate source record.
4084bb94f123ace9	REVIEW_REQUIRED	MEDIUM	SOURCE_DUPLICATE	data/normalized_yaml/bacterial/KOMODO_220_CASO_AGAR_Merck_105458.yaml	CultureMech:004575	caso_agar_merck_105458	data/normalized_yaml/bacterial/medium_220_modified_for_dsm_22254.yaml	CultureMech:004535	medium_220_modified_for_dsm_22254	147	3	1	133	123	large group requires family-level review before migration	Same ingredient and concentration signature; review as possible duplicate source record.
4084bb94f123ace9	REVIEW_REQUIRED	MEDIUM	SOURCE_DUPLICATE	data/normalized_yaml/bacterial/KOMODO_220_CASO_AGAR_Merck_105458.yaml	CultureMech:004575	caso_agar_merck_105458	data/normalized_yaml/bacterial/medium_220_modified_for_dsm_22255.yaml	CultureMech:004536	medium_220_modified_for_dsm_22255	147	3	1	133	123	large group requires family-level review before migration	Same ingredient and concentration signature; review as possible duplicate source record.
4084bb94f123ace9	REVIEW_REQUIRED	MEDIUM	SOURCE_DUPLICATE	data/normalized_yaml/bacterial/KOMODO_220_CASO_AGAR_Merck_105458.yaml	CultureMech:004575	caso_agar_merck_105458	data/normalized_yaml/bacterial/medium_220_modified_for_dsm_22280.yaml	CultureMech:004537	medium_220_modified_for_dsm_22280	147	3	1	133	123	large group requires family-level review before migration	Same ingredient and concentration signature; review as possible duplicate source record.
4084bb94f123ace9	REVIEW_REQUIRED	MEDIUM	SOURCE_DUPLICATE	data/normalized_yaml/bacterial/KOMODO_220_CASO_AGAR_Merck_105458.yaml	CultureMech:004575	caso_agar_merck_105458	data/normalized_yaml/bacterial/medium_220_modified_for_dsm_22281.yaml	CultureMech:004538	medium_220_modified_for_dsm_22281	147	3	1	133	123	large group requires family-level review before migration	Same ingredient and concentration signature; review as possible duplicate source record.
4084bb94f123ace9	REVIEW_REQUIRED	MEDIUM	SOURCE_DUPLICATE	data/normalized_yaml/bacterial/KOMODO_220_CASO_AGAR_Merck_105458.yaml	CultureMech:004575	caso_agar_merck_105458	data/normalized_yaml/bacterial/medium_220_modified_for_dsm_22342.yaml	CultureMech:004539	medium_220_modified_for_dsm_22342	147	3	1	133	123	large group requires family-level review before migration	Same ingredient and concentration signature; review as possible duplicate source record.
4084bb94f123ace9	REVIEW_REQUIRED	MEDIUM	SOURCE_DUPLICATE	data/normalized_yaml/bacterial/KOMODO_220_CASO_AGAR_Merck_105458.yaml	CultureMech:004575	caso_agar_merck_105458	data/normalized_yaml/bacterial/medium_220_modified_for_dsm_22343.yaml	CultureMech:004540	medium_220_modified_for_dsm_22343	147	3	1	133	123	large group requires family-level review before migration	Same ingredient and concentration signature; review as possible duplicate source record.
4084bb94f123ace9	REVIEW_REQUIRED	MEDIUM	SOURCE_DUPLICATE	data/normalized_yaml/bacterial/KOMODO_220_CASO_AGAR_Merck_105458.yaml	CultureMech:004575	caso_agar_merck_105458	data/normalized_yaml/bacterial/medium_220_modified_for_dsm_22699.yaml	CultureMech:004541	medium_220_modified_for_dsm_22699	147	3	1	133	123	large group requires family-level review before migration	Same ingredient and concentration signature; review as possible duplicate source record.
4084bb94f123ace9	REVIEW_REQUIRED	MEDIUM	SOURCE_DUPLICATE	data/normalized_yaml/bacterial/KOMODO_220_CASO_AGAR_Merck_105458.yaml	CultureMech:004575	caso_agar_merck_105458	data/normalized_yaml/bacterial/medium_220_modified_for_dsm_22866.yaml	CultureMech:004542	medium_220_modified_for_dsm_22866	147	3	1	133	123	large group requires family-level review before migration	Same ingredient and concentration signature; review as possible duplicate source record.
4084bb94f123ace9	REVIEW_REQUIRED	MEDIUM	SOURCE_DUPLICATE	data/normalized_yaml/bacterial/KOMODO_220_CASO_AGAR_Merck_105458.yaml	CultureMech:004575	caso_agar_merck_105458	data/normalized_yaml/bacterial/medium_220_modified_for_dsm_22868.yaml	CultureMech:004543	medium_220_modified_for_dsm_22868	147	3	1	133	123	large group requires family-level review before migration	Same ingredient and concentration signature; review as possible duplicate source record.
4084bb94f123ace9	REVIEW_REQUIRED	MEDIUM	SOURCE_DUPLICATE	data/normalized_yaml/bacterial/KOMODO_220_CASO_AGAR_Merck_105458.yaml	CultureMech:004575	caso_agar_merck_105458	data/normalized_yaml/bacterial/medium_220_modified_for_dsm_22870.yaml	CultureMech:004544	medium_220_modified_for_dsm_22870	147	3	1	133	123	large group requires family-level review before migration	Same ingredient and concentration signature; review as possible duplicate source record.
4084bb94f123ace9	REVIEW_REQUIRED	MEDIUM	SOURCE_DUPLICATE	data/normalized_yaml/bacterial/KOMODO_220_CASO_AGAR_Merck_105458.yaml	CultureMech:004575	caso_agar_merck_105458	data/normalized_yaml/bacterial/medium_220_modified_for_dsm_22905.yaml	CultureMech:004545	medium_220_modified_for_dsm_22905	147	3	1	133	123	large group requires family-level review before migration	Same ingredient and concentration signature; review as possible duplicate source record.
4084bb94f123ace9	REVIEW_REQUIRED	MEDIUM	SOURCE_DUPLICATE	data/normalized_yaml/bacterial/KOMODO_220_CASO_AGAR_Merck_105458.yaml	CultureMech:004575	caso_agar_merck_105458	data/normalized_yaml/bacterial/medium_220_modified_for_dsm_22952.yaml	CultureMech:004546	medium_220_modified_for_dsm_22952	147	3	1	133	123	large group requires family-level review before migration	Same ingredient and concentration signature; review as possible duplicate source record.
4084bb94f123ace9	REVIEW_REQUIRED	MEDIUM	SOURCE_DUPLICATE	data/normalized_yaml/bacterial/KOMODO_220_CASO_AGAR_Merck_105458.yaml	CultureMech:004575	caso_agar_merck_105458	data/normalized_yaml/bacterial/medium_220_modified_for_dsm_22953.yaml	CultureMech:004547	medium_220_modified_for_dsm_22953	147	3	1	133	123	large group requires family-level review before migration	Same ingredient and concentration signature; review as possible duplicate source record.
4084bb94f123ace9	REVIEW_REQUIRED	MEDIUM	SOURCE_DUPLICATE	data/normalized_yaml/bacterial/KOMODO_220_CASO_AGAR_Merck_105458.yaml	CultureMech:004575	caso_agar_merck_105458	data/normalized_yaml/bacterial/medium_220_modified_for_dsm_22991.yaml	CultureMech:004548	medium_220_modified_for_dsm_22991	147	3	1	133	123	large group requires family-level review before migration	Same ingredient and concentration signature; review as possible duplicate source record.
4084bb94f123ace9	REVIEW_REQUIRED	MEDIUM	SOURCE_DUPLICATE	data/normalized_yaml/bacterial/KOMODO_220_CASO_AGAR_Merck_105458.yaml	CultureMech:004575	caso_agar_merck_105458	data/normalized_yaml/bacterial/medium_220_modified_for_dsm_23019.yaml	CultureMech:004549	medium_220_modified_for_dsm_23019	147	3	1	133	123	large group requires family-level review before migration	Same ingredient and concentration signature; review as possible duplicate source record.
4084bb94f123ace9	REVIEW_REQUIRED	MEDIUM	SOURCE_DUPLICATE	data/normalized_yaml/bacterial/KOMODO_220_CASO_AGAR_Merck_105458.yaml	CultureMech:004575	caso_agar_merck_105458	data/normalized_yaml/bacterial/medium_220_modified_for_dsm_23020.yaml	CultureMech:004550	medium_220_modified_for_dsm_23020	147	3	1	133	123	large group requires family-level review before migration	Same ingredient and concentration signature; review as possible duplicate source record.
4084bb94f123ace9	REVIEW_REQUIRED	MEDIUM	SOURCE_DUPLICATE	data/normalized_yaml/bacterial/KOMODO_220_CASO_AGAR_Merck_105458.yaml	CultureMech:004575	caso_agar_merck_105458	data/normalized_yaml/bacterial/medium_220_modified_for_dsm_23148.yaml	CultureMech:004551	medium_220_modified_for_dsm_23148	147	3	1	133	123	large group requires family-level review before migration	Same ingredient and concentration signature; review as possible duplicate source record.
4084bb94f123ace9	REVIEW_REQUIRED	MEDIUM	SOURCE_DUPLICATE	data/normalized_yaml/bacterial/KOMODO_220_CASO_AGAR_Merck_105458.yaml	CultureMech:004575	caso_agar_merck_105458	data/normalized_yaml/bacterial/medium_220_modified_for_dsm_23149.yaml	CultureMech:004552	medium_220_modified_for_dsm_23149	147	3	1	133	123	large group requires family-level review before migration	Same ingredient and concentration signature; review as possible duplicate source record.
4084bb94f123ace9	REVIEW_REQUIRED	MEDIUM	SOURCE_DUPLICATE	data/normalized_yaml/bacterial/KOMODO_220_CASO_AGAR_Merck_105458.yaml	CultureMech:004575	caso_agar_merck_105458	data/normalized_yaml/bacterial/medium_220_modified_for_dsm_23151.yaml	CultureMech:004553	medium_220_modified_for_dsm_23151	147	3	1	133	123	large group requires family-level review before migration	Same ingredient and concentration signature; review as possible duplicate source record.
4084bb94f123ace9	REVIEW_REQUIRED	MEDIUM	SOURCE_DUPLICATE	data/normalized_yaml/bacterial/KOMODO_220_CASO_AGAR_Merck_105458.yaml	CultureMech:004575	caso_agar_merck_105458	data/normalized_yaml/bacterial/medium_220_modified_for_dsm_23175.yaml	CultureMech:004554	medium_220_modified_for_dsm_23175	147	3	1	133	123	large group requires family-level review before migration	Same ingredient and concentration signature; review as possible duplicate source record.
4084bb94f123ace9	REVIEW_REQUIRED	MEDIUM	SOURCE_DUPLICATE	data/normalized_yaml/bacterial/KOMODO_220_CASO_AGAR_Merck_105458.yaml	CultureMech:004575	caso_agar_merck_105458	data/normalized_yaml/bacterial/medium_220_modified_for_dsm_23211.yaml	CultureMech:004555	medium_220_modified_for_dsm_23211	147	3	1	133	123	large group requires family-level review before migration	Same ingredient and concentration signature; review as possible duplicate source record.
4084bb94f123ace9	REVIEW_REQUIRED	MEDIUM	SOURCE_DUPLICATE	data/normalized_yaml/bacterial/KOMODO_220_CASO_AGAR_Merck_105458.yaml	CultureMech:004575	caso_agar_merck_105458	data/normalized_yaml/bacterial/medium_220_modified_for_dsm_23212.yaml	CultureMech:004556	medium_220_modified_for_dsm_23212	147	3	1	133	123	large group requires family-level review before migration	Same ingredient and concentration signature; review as possible duplicate source record.
4084bb94f123ace9	REVIEW_REQUIRED	MEDIUM	SOURCE_DUPLICATE	data/normalized_yaml/bacterial/KOMODO_220_CASO_AGAR_Merck_105458.yaml	CultureMech:004575	caso_agar_merck_105458	data/normalized_yaml/bacterial/medium_220_modified_for_dsm_23332.yaml	CultureMech:004557	medium_220_modified_for_dsm_23332	147	3	1	133	123	large group requires family-level review before migration	Same ingredient and concentration signature; review as possible duplicate source record.
4084bb94f123ace9	REVIEW_REQUIRED	MEDIUM	SOURCE_DUPLICATE	data/normalized_yaml/bacterial/KOMODO_220_CASO_AGAR_Merck_105458.yaml	CultureMech:004575	caso_agar_merck_105458	data/normalized_yaml/bacterial/medium_220_modified_for_dsm_23494.yaml	CultureMech:004558	medium_220_modified_for_dsm_23494	147	3	1	133	123	large group requires family-level review before migration	Same ingredient and concentration signature; review as possible duplicate source record.
4084bb94f123ace9	REVIEW_REQUIRED	MEDIUM	SOURCE_DUPLICATE	data/normalized_yaml/bacterial/KOMODO_220_CASO_AGAR_Merck_105458.yaml	CultureMech:004575	caso_agar_merck_105458	data/normalized_yaml/bacterial/medium_220_modified_for_dsm_23495.yaml	CultureMech:004559	medium_220_modified_for_dsm_23495	147	3	1	133	123	large group requires family-level review before migration	Same ingredient and concentration signature; review as possible duplicate source record.
4084bb94f123ace9	REVIEW_REQUIRED	MEDIUM	SOURCE_DUPLICATE	data/normalized_yaml/bacterial/KOMODO_220_CASO_AGAR_Merck_105458.yaml	CultureMech:004575	caso_agar_merck_105458	data/normalized_yaml/bacterial/medium_220_modified_for_dsm_23520.yaml	CultureMech:004560	medium_220_modified_for_dsm_23520	147	3	1	133	123	large group requires family-level review before migration	Same ingredient and concentration signature; review as possible duplicate source record.
4084bb94f123ace9	REVIEW_REQUIRED	MEDIUM	SOURCE_DUPLICATE	data/normalized_yaml/bacterial/KOMODO_220_CASO_AGAR_Merck_105458.yaml	CultureMech:004575	caso_agar_merck_105458	data/normalized_yaml/bacterial/medium_220_modified_for_dsm_23540.yaml	CultureMech:004561	medium_220_modified_for_dsm_23540	147	3	1	133	123	large group requires family-level review before migration	Same ingredient and concentration signature; review as possible duplicate source record.
4084bb94f123ace9	REVIEW_REQUIRED	MEDIUM	SOURCE_DUPLICATE	data/normalized_yaml/bacterial/KOMODO_220_CASO_AGAR_Merck_105458.yaml	CultureMech:004575	caso_agar_merck_105458	data/normalized_yaml/bacterial/medium_220_modified_for_dsm_23541.yaml	CultureMech:004562	medium_220_modified_for_dsm_23541	147	3	1	133	123	large group requires family-level review before migration	Same ingredient and concentration signature; review as possible duplicate source record.
4084bb94f123ace9	REVIEW_REQUIRED	MEDIUM	SOURCE_DUPLICATE	data/normalized_yaml/bacterial/KOMODO_220_CASO_AGAR_Merck_105458.yaml	CultureMech:004575	caso_agar_merck_105458	data/normalized_yaml/bacterial/medium_220_modified_for_dsm_23542.yaml	CultureMech:004563	medium_220_modified_for_dsm_23542	147	3	1	133	123	large group requires family-level review before migration	Same ingredient and concentration signature; review as possible duplicate source record.
4084bb94f123ace9	REVIEW_REQUIRED	MEDIUM	SOURCE_DUPLICATE	data/normalized_yaml/bacterial/KOMODO_220_CASO_AGAR_Merck_105458.yaml	CultureMech:004575	caso_agar_merck_105458	data/normalized_yaml/bacterial/medium_220_modified_for_dsm_23543.yaml	CultureMech:004564	medium_220_modified_for_dsm_23543	147	3	1	133	123	large group requires family-level review before migration	Same ingredient and concentration signature; review as possible duplicate source record.
4084bb94f123ace9	REVIEW_REQUIRED	MEDIUM	SOURCE_DUPLICATE	data/normalized_yaml/bacterial/KOMODO_220_CASO_AGAR_Merck_105458.yaml	CultureMech:004575	caso_agar_merck_105458	data/normalized_yaml/bacterial/medium_220_modified_for_dsm_23544.yaml	CultureMech:004565	medium_220_modified_for_dsm_23544	147	3	1	133	123	large group requires family-level review before migration	Same ingredient and concentration signature; review as possible duplicate source record.
4084bb94f123ace9	REVIEW_REQUIRED	MEDIUM	SOURCE_DUPLICATE	data/normalized_yaml/bacterial/KOMODO_220_CASO_AGAR_Merck_105458.yaml	CultureMech:004575	caso_agar_merck_105458	data/normalized_yaml/bacterial/medium_220_modified_for_dsm_23966.yaml	CultureMech:004566	medium_220_modified_for_dsm_23966	147	3	1	133	123	large group requires family-level review before migration	Same ingredient and concentration signature; review as possible duplicate source record.
4084bb94f123ace9	REVIEW_REQUIRED	MEDIUM	SOURCE_DUPLICATE	data/normalized_yaml/bacterial/KOMODO_220_CASO_AGAR_Merck_105458.yaml	CultureMech:004575	caso_agar_merck_105458	data/normalized_yaml/bacterial/medium_220_modified_for_dsm_25300.yaml	CultureMech:004567	medium_220_modified_for_dsm_25300	147	3	1	133	123	large group requires family-level review before migration	Same ingredient and concentration signature; review as possible duplicate source record.
4084bb94f123ace9	REVIEW_REQUIRED	MEDIUM	SOURCE_DUPLICATE	data/normalized_yaml/bacterial/KOMODO_220_CASO_AGAR_Merck_105458.yaml	CultureMech:004575	caso_agar_merck_105458	data/normalized_yaml/bacterial/medium_220_modified_for_dsm_33.yaml	CultureMech:004568	medium_220_modified_for_dsm_33	147	3	1	133	123	large group requires family-level review before migration	Same ingredient and concentration signature; review as possible duplicate source record.
4084bb94f123ace9	REVIEW_REQUIRED	MEDIUM	SOURCE_DUPLICATE	data/normalized_yaml/bacterial/KOMODO_220_CASO_AGAR_Merck_105458.yaml	CultureMech:004575	caso_agar_merck_105458	data/normalized_yaml/bacterial/medium_220_modified_for_dsm_6379.yaml	CultureMech:004569	medium_220_modified_for_dsm_6379	147	3	1	133	123	large group requires family-level review before migration	Same ingredient and concentration signature; review as possible duplicate source record.
4084bb94f123ace9	REVIEW_REQUIRED	MEDIUM	SOURCE_DUPLICATE	data/normalized_yaml/bacterial/KOMODO_220_CASO_AGAR_Merck_105458.yaml	CultureMech:004575	caso_agar_merck_105458	data/normalized_yaml/bacterial/medium_220_modified_for_dsm_6458.yaml	CultureMech:004570	medium_220_modified_for_dsm_6458	147	3	1	133	123	large group requires family-level review before migration	Same ingredient and concentration signature; review as possible duplicate source record.
4084bb94f123ace9	REVIEW_REQUIRED	MEDIUM	SOURCE_DUPLICATE	data/normalized_yaml/bacterial/KOMODO_220_CASO_AGAR_Merck_105458.yaml	CultureMech:004575	caso_agar_merck_105458	data/normalized_yaml/bacterial/medium_220_modified_for_dsm_6459.yaml	CultureMech:004571	medium_220_modified_for_dsm_6459	147	3	1	133	123	large group requires family-level review before migration	Same ingredient and concentration signature; review as possible duplicate source record.
4084bb94f123ace9	REVIEW_REQUIRED	MEDIUM	SOURCE_DUPLICATE	data/normalized_yaml/bacterial/KOMODO_220_CASO_AGAR_Merck_105458.yaml	CultureMech:004575	caso_agar_merck_105458	data/normalized_yaml/bacterial/medium_220_modified_for_dsm_6460.yaml	CultureMech:004572	medium_220_modified_for_dsm_6460	147	3	1	133	123	large group requires family-level review before migration	Same ingredient and concentration signature; review as possible duplicate source record.
4084bb94f123ace9	REVIEW_REQUIRED	MEDIUM	SOURCE_DUPLICATE	data/normalized_yaml/bacterial/KOMODO_220_CASO_AGAR_Merck_105458.yaml	CultureMech:004575	caso_agar_merck_105458	data/normalized_yaml/bacterial/medium_220_modified_for_dsm_6472.yaml	CultureMech:004573	medium_220_modified_for_dsm_6472	147	3	1	133	123	large group requires family-level review before migration	Same ingredient and concentration signature; review as possible duplicate source record.
4084bb94f123ace9	REVIEW_REQUIRED	MEDIUM	SOURCE_DUPLICATE	data/normalized_yaml/bacterial/KOMODO_220_CASO_AGAR_Merck_105458.yaml	CultureMech:004575	caso_agar_merck_105458	data/normalized_yaml/bacterial/medium_220_modified_for_dsm_6706.yaml	CultureMech:004574	medium_220_modified_for_dsm_6706	147	3	1	133	123	large group requires family-level review before migration	Same ingredient and concentration signature; review as possible duplicate source record.
4084bb94f123ace9	REVIEW_REQUIRED	MEDIUM	SUPPLEMENTED_VARIANT	data/normalized_yaml/bacterial/KOMODO_220_CASO_AGAR_Merck_105458.yaml	CultureMech:004575	caso_agar_merck_105458	data/normalized_yaml/bacterial/reactivation_with_tryptone_soya_broth.yaml	CultureMech:001324	reactivation_with_tryptone_soya_broth	147	3	1	133	123	large group requires family-level review before migration	Name suggests added supplement/component; verify ingredient delta against source.
4084bb94f123ace9	REVIEW_REQUIRED	MEDIUM	SUPPLEMENTED_VARIANT	data/normalized_yaml/bacterial/KOMODO_220_CASO_AGAR_Merck_105458.yaml	CultureMech:004575	caso_agar_merck_105458	data/normalized_yaml/bacterial/tryptone_soya_broth_tsb_with_additional.yaml	CultureMech:000989	tryptone_soya_broth_tsb_with_additional	147	3	1	133	123	large group requires family-level review before migration	Name suggests added supplement/component; verify ingredient delta against source.
4084bb94f123ace9	REVIEW_REQUIRED	MEDIUM	SALINITY_VARIANT	data/normalized_yaml/bacterial/KOMODO_220_CASO_AGAR_Merck_105458.yaml	CultureMech:004575	caso_agar_merck_105458	data/normalized_yaml/bacterial/tryptone_soya_broth_tsb_with_additional_salts.yaml	CultureMech:000823	tryptone_soya_broth_tsb_with_additional_salts	147	3	1	133	123	large group requires family-level review before migration	Name suggests salt/salinity change; verify concentration delta against source.
