file_path	record_id	flagged_rows	water_as_volume	trace_salt_as_stock	indicator_unit_slip	has_solutions_block	flattened_cocktail
algae/2asw.yaml	CultureMech:000038	1	0	0	1	no	no
algae/CCAP_TAP Medium.yaml	CultureMech:000139	5	0	5	0	no	yes
algae/ant.yaml	CultureMech:000042	1	0	1	0	no	no
algae/asw.yaml	CultureMech:000050	1	0	0	1	no	no
algae/asw_barley.yaml	CultureMech:000043	1	0	0	1	no	no
algae/asw_ses.yaml	CultureMech:000052	1	0	0	1	no	no
algae/bb.yaml	CultureMech:000053	3	0	3	0	no	yes
algae/bb_merds.yaml	CultureMech:000054	3	0	3	0	no	yes
algae/bg.yaml	CultureMech:000055	1	0	1	0	no	no
algae/e26_biotin_ant.yaml	CultureMech:000065	1	0	1	0	no	no
algae/e31_ant.yaml	CultureMech:000068	1	0	1	0	no	no
algae/f_2.yaml	CultureMech:000149	5	0	1	4	no	yes
algae/f_2_si.yaml	CultureMech:000148	5	0	1	4	no	yes
algae/f_2_si_for_heterotrophic_growth.yaml	CultureMech:000147	2	0	1	1	no	no
algae/fdmed.yaml	CultureMech:000072	1	0	1	0	no	no
algae/k35.yaml	CultureMech:000078	5	0	1	4	no	yes
algae/k_medium.yaml	CultureMech:000076	5	0	1	4	no	yes
algae/k_minimum.yaml	CultureMech:000077	5	0	1	4	no	yes
algae/l1.yaml	CultureMech:000079	4	0	0	4	no	yes
algae/met_44.yaml	CultureMech:000096	4	0	0	4	no	yes
algae/mwc.yaml	CultureMech:000094	5	0	1	4	no	yes
algae/nss_low.yaml	CultureMech:000107	1	0	0	1	no	no
algae/s88_vitamins.yaml	CultureMech:000126	1	0	0	1	no	no
algae/sp.yaml	CultureMech:000135	1	0	0	1	no	no
algae/ucm.yaml	CultureMech:000140	3	0	2	1	no	no
algae/walnes.yaml	CultureMech:000142	3	0	3	0	no	yes
algae/waris_h.yaml	CultureMech:000143	1	0	1	0	no	no
algae/zm_10.yaml	CultureMech:000146	1	0	1	0	no	no
archaea/DSMZ_1399_HALOPHILIC_MEDIUM.yaml	CultureMech:000252	1	0	1	0	no	no
archaea/JCM_J1149_METHANOMASSILIICOCCUS_ALVUS_MEDIUM.yaml	CultureMech:002322	1	0	1	0	no	no
archaea/JCM_J230_METHANOSARCINA_MEDIUM.yaml	CultureMech:002591	1	0	1	0	no	no
archaea/JCM_J243_METHANOTHRIX_MEDIUM.yaml	CultureMech:002604	1	0	1	0	no	no
archaea/JCM_J283_FERROPLASMA_ACIDIPHILUM_MEDIUM.yaml	CultureMech:002641	1	0	1	0	no	no
archaea/JCM_J507_METHANOCELLA_MEDIUM.yaml	CultureMech:002857	1	0	1	0	no	no
archaea/JCM_J911_METHANOCELLA_CONRADII_MEDIUM.yaml	CultureMech:003260	4	0	1	3	no	yes
archaea/KOMODO_1083_ACIDULIPROFUNDUM_medium.yaml	CultureMech:003735	4	0	4	0	no	yes
archaea/KOMODO_1164_HALOMICROBIUM_KATESII_medium.yaml	CultureMech:003877	1	0	1	0	no	no
archaea/KOMODO_119_METHANOBACTERIUM_medium.yaml	CultureMech:003939	2	0	2	0	no	no
archaea/KOMODO_120_METHANOSARCINA_medium.yaml	CultureMech:003958	3	0	2	1	no	no
archaea/KOMODO_120b_METHANOMICROCOCCUS_medium.yaml	CultureMech:003960	3	0	2	1	no	no
archaea/KOMODO_1210_GEOGLOBUS_medium.yaml	CultureMech:003962	2	0	1	1	no	no
archaea/KOMODO_1257_METHANOCELLA_medium.yaml	CultureMech:004017	2	0	1	1	no	no
archaea/KOMODO_1273_METHANOSPIRILLUM_LACUNAE_MEDIUM.yaml	CultureMech:004027	1	0	0	1	no	no
archaea/KOMODO_1318_METHANOCELLA_CONRADII_medium.yaml	CultureMech:004073	6	0	1	5	no	yes
archaea/KOMODO_1329_METHANOSAETA_PELAGICA_medium.yaml	CultureMech:004085	2	0	1	1	no	no
archaea/KOMODO_150_ACIDIANUS_BRIERLEYI_MEDIUM.yaml	CultureMech:004173	1	0	1	0	no	no
archaea/KOMODO_158_THERMOPLASMA_ACIDOPHILUM_medium.yaml	CultureMech:004181	1	0	1	0	no	no
archaea/KOMODO_161_METHANOMICROBIUM_MOBILE_medium.yaml	CultureMech:004186	1	0	0	1	no	no
archaea/KOMODO_182_SULFOLOBUS_medium.yaml	CultureMech:004205	1	0	1	0	no	no
archaea/KOMODO_203_METHANOTHERMUS_FERVIDUS_medium.yaml	CultureMech:004311	1	0	0	1	no	no
archaea/KOMODO_280_METHANOCOCCOIDES_medium.yaml	CultureMech:004733	1	0	0	1	no	no
archaea/KOMODO_329_METHANOHALOPHILUS_HALOPHILUS_medium.yaml	CultureMech:005022	2	0	1	1	no	no
archaea/KOMODO_334_METHANOTHRIX_medium.yaml	CultureMech:005028	2	0	1	1	no	no
archaea/KOMODO_373_METHANOGENIUM_CV_medium.yaml	CultureMech:005105	1	0	0	1	no	no
archaea/KOMODO_374_METHANOSPIRILLUM_SK_medium.yaml	CultureMech:005106	1	0	1	0	no	no
archaea/KOMODO_375_METHANOHALOBIUM_medium.yaml	CultureMech:005107	2	0	1	1	no	no
archaea/KOMODO_395_DESULFUROCOCCUS_AMYLOLYTICUS_medium.yaml	CultureMech:005182	2	0	1	1	no	no
archaea/KOMODO_480d_THERMOPROTEUS_UZONIENSIS_medium.yaml	CultureMech:005602	2	0	1	1	no	no
archaea/KOMODO_506_METHANOBACTERIUM_ESPANOLAE_MEDIUM.yaml	CultureMech:005699	1	0	0	1	no	no
archaea/KOMODO_511_METHANOPYRUS_MEDIUM.yaml	CultureMech:005713	2	0	1	1	no	no
archaea/KOMODO_589_HALOBACTERIUM_LACUSPROFUNDII_medium.yaml	CultureMech:006068	4	1	0	3	no	yes
archaea/KOMODO_623_THERMOCOCCUS_LITORALIS_medium.yaml	CultureMech:006129	1	0	0	1	no	no
archaea/KOMODO_730_FERROGLOBUS_PLACIDUS_MEDIUM.yaml	CultureMech:006373	1	0	0	1	no	no
archaea/KOMODO_734_METHANOBREVIBACTER_CURVATUS_medium.yaml	CultureMech:006381	5	0	1	4	no	yes
archaea/KOMODO_770_SULFOPHOBOCOCCUS_ZILLIGII_medium.yaml	CultureMech:006427	1	0	1	0	no	no
archaea/KOMODO_792_PYROLOBUS_FUMARII_MEDIUM.yaml	CultureMech:006501	4	0	4	0	no	yes
archaea/KOMODO_795_STETTERIA_medium.yaml	CultureMech:006504	1	0	0	1	no	no
archaea/KOMODO_817_THERMOSPHAERA_medium.yaml	CultureMech:006541	1	0	0	1	no	no
archaea/KOMODO_825_METHANOBACTERIUM_II_medium.yaml	CultureMech:006555	1	0	0	1	no	no
archaea/KOMODO_874_FERROPLASMA_ACIDIPHILUM_medium.yaml	CultureMech:006711	2	0	2	0	no	no
archaea/KOMODO_883_CALDIVIRGA_medium.yaml	CultureMech:006733	1	0	0	1	no	no
archaea/KOMODO_892_METHANOCALCULUS_PUMILUS_medium.yaml	CultureMech:006745	2	0	1	1	no	no
archaea/KOMODO_901_ACIDOLOBUS_ACETICUS_medium.yaml	CultureMech:006771	2	0	1	1	no	no
archaea/KOMODO_927_HALORHABDUS_UTAHENSIS_medium.yaml	CultureMech:006845	2	0	2	0	no	no
archaea/KOMODO_991_CALDISPHAERA_medium.yaml	CultureMech:006963	1	0	0	1	no	no
archaea/TOGO_M1023_Halorhabdus_Segorensis_Medium.yaml	CultureMech:007537	1	1	0	0	no	no
archaea/TOGO_M1024_Halorhabdus_Segorensis_Medium.yaml	CultureMech:007538	1	1	0	0	no	no
archaea/TOGO_M1038_Methanomethylovorans_Uponensis_Medium.yaml	CultureMech:007553	1	0	0	1	yes	no
archaea/TOGO_M1064_Modified_Halobacteria_Medium-2.yaml	CultureMech:007581	1	0	1	0	yes	no
archaea/TOGO_M1065_Modified_Halobacteria_Medium-3.yaml	CultureMech:007582	1	0	1	0	no	no
archaea/TOGO_M1089_Methanogens_Saline_Water_Medium.yaml	CultureMech:007605	1	0	0	1	yes	no
archaea/TOGO_M1090_Methanogens_Saline_Water_Medium.yaml	CultureMech:007607	1	0	0	1	yes	no
archaea/TOGO_M1091_Methanogens_Saline_Water_Medium.yaml	CultureMech:007608	1	0	0	1	yes	no
archaea/TOGO_M1103_Methanobacterium_Medium_VI.yaml	CultureMech:007622	1	0	0	1	yes	no
archaea/TOGO_M1104_Methanobacterium_Medium_VII.yaml	CultureMech:007623	7	0	1	6	yes	no
archaea/TOGO_M1113_Methanogen_High_Salt_Medium.yaml	CultureMech:007633	1	0	0	1	yes	no
archaea/TOGO_M1114_Methanogen_High_Salt_Medium.yaml	CultureMech:007634	1	0	0	1	yes	no
archaea/TOGO_M1129_Halobacteria_MH4.2_Medium.yaml	CultureMech:007650	1	0	1	0	yes	no
archaea/TOGO_M1130_Halobacteria_MH4.2_Medium.yaml	CultureMech:007652	1	0	1	0	yes	no
archaea/TOGO_M1148_Halanaeroarchaeum_Medium.yaml	CultureMech:007671	1	0	1	0	yes	no
archaea/TOGO_M1183_Marine_Methanogenic_Medium.yaml	CultureMech:007709	1	0	0	1	yes	no
archaea/TOGO_M1184_Liquid_Basal_Medium_For_Methanosarcina.yaml	CultureMech:007710	8	0	7	1	yes	no
archaea/TOGO_M1187_Methanosarcina_Subterranea_Medium.yaml	CultureMech:007713	2	0	1	1	yes	no
archaea/TOGO_M1215_Methanobacterium_Medium_For_Strain_CAN.yaml	CultureMech:007743	1	0	0	1	yes	no
archaea/TOGO_M1228_Methanimicrococcus_Medium.yaml	CultureMech:007756	1	0	0	1	yes	no
archaea/TOGO_M1230_Nitrososphaera_Gargensis_Medium.yaml	CultureMech:007759	1	0	1	0	yes	no
archaea/TOGO_M1231_Methanomassiliicoccus_Alvus_Medium.yaml	CultureMech:007760	1	0	0	1	yes	no
archaea/TOGO_M1260_Methanosarcina_JL01_Medium.yaml	CultureMech:007792	1	0	0	1	yes	no
archaea/TOGO_M1279_Methanothermococcus_HHB_Medium.yaml	CultureMech:007812	1	0	0	1	yes	no
archaea/TOGO_M1298_Methanocaldococcus_Leighii_Medium.yaml	CultureMech:007831	3	0	2	1	yes	no
archaea/TOGO_M1307_Modified_Methanohalophilus_Medium.yaml	CultureMech:007842	1	0	0	1	yes	no
archaea/TOGO_M1319_Zestosphaera_Medium.yaml	CultureMech:007855	1	0	0	1	yes	no
archaea/TOGO_M1363_Modified_Picrophilus_Medium.yaml	CultureMech:007901	9	0	0	9	yes	no
archaea/TOGO_M142_Pyrococcus_Medium.yaml	CultureMech:007968	2	0	1	1	yes	no
archaea/TOGO_M150_Thermococcus_Celer_Medium.yaml	CultureMech:008054	1	0	0	1	yes	no
archaea/TOGO_M151_Thermococcus_Stetteri_Medium.yaml	CultureMech:008065	1	0	0	1	yes	no
archaea/TOGO_M152_Thermococcus_Litoralis_Medium.yaml	CultureMech:008076	1	0	0	1	yes	no
archaea/TOGO_M156_Sulfolobus_Medium.yaml	CultureMech:008118	3	0	3	0	yes	no
archaea/TOGO_M1584_Archaeoglobus_Medium.yaml	CultureMech:008134	1	0	0	1	yes	no
archaea/TOGO_M1585_Archaeoglobus_profundus_medium.yaml	CultureMech:008135	1	0	0	1	yes	no
archaea/TOGO_M1596_Methanosarcina_Medium.yaml	CultureMech:008147	20	1	9	10	yes	no
archaea/TOGO_M1597_Methanobacterium_Medium.yaml	CultureMech:008148	10	0	0	10	yes	no
archaea/TOGO_M159_Halobacteria_Medium.yaml	CultureMech:008151	1	0	1	0	no	no
archaea/TOGO_M160_Halobacteria_Medium.yaml	CultureMech:008163	1	0	1	0	no	no
archaea/TOGO_M1610_Methanocaldococcus_jannaschii_Medium.yaml	CultureMech:008164	11	0	1	10	yes	no
archaea/TOGO_M1630_Pyrodictium_Medium.yaml	CultureMech:008186	2	0	1	1	yes	no
archaea/TOGO_M1633_Thermoproteus_neutrophilus_Medium.yaml	CultureMech:008188	3	0	2	1	no	no
archaea/TOGO_M1634_Methanosarcina_Medium.yaml	CultureMech:008189	10	0	0	10	yes	no
archaea/TOGO_M1637_Archaeoglobus_Medium.yaml	CultureMech:008192	9	0	1	8	yes	no
archaea/TOGO_M1641_Pyrococcus_Medium.yaml	CultureMech:008197	1	0	0	1	yes	no
archaea/TOGO_M1649_Pyrobaculum_aerophilum_Medium.yaml	CultureMech:008205	1	0	1	0	yes	no
archaea/TOGO_M164_Sulfolobus_Solfataricus_Medium.yaml	CultureMech:008206	2	0	2	0	no	no
archaea/TOGO_M1655_Methanopyrus_Medium.yaml	CultureMech:008212	9	0	1	8	yes	no
archaea/TOGO_M1656_Methanosarcina_acetivorans_Medium.yaml	CultureMech:008213	9	0	1	8	yes	no
archaea/TOGO_M1672_Archaeoglobus_profundus_Medium.yaml	CultureMech:008230	9	0	1	8	yes	no
archaea/TOGO_M1673_Methanobacterium_Medium.yaml	CultureMech:008231	8	0	0	8	yes	no
archaea/TOGO_M1674_Methanoculleus_Medium.yaml	CultureMech:008232	8	0	0	8	yes	no
archaea/TOGO_M168_Acidianus_Infernus_Medium_B.yaml	CultureMech:008249	1	0	0	1	yes	no
archaea/TOGO_M1690_Methanothrix_Medium.yaml	CultureMech:008250	10	0	2	8	yes	no
archaea/TOGO_M1706_Methanogenium_Medium.yaml	CultureMech:008268	7	0	0	7	yes	no
archaea/TOGO_M1717_Methanosaeta_harundinacea_medium.yaml	CultureMech:008280	10	0	2	8	yes	no
archaea/TOGO_M171_Stygiolobus_Medium.yaml	CultureMech:008283	1	0	0	1	yes	no
archaea/TOGO_M1732_Methanolinea_Medium.yaml	CultureMech:008296	8	0	0	8	yes	no
archaea/TOGO_M176_Desulfurococcus_Medium.yaml	CultureMech:008335	1	0	0	1	yes	no
archaea/TOGO_M1771_Methanobacterium_Medium.yaml	CultureMech:008337	8	0	0	8	yes	no
archaea/TOGO_M177_Pyrobaculum_Medium.yaml	CultureMech:008346	1	0	0	1	yes	no
archaea/TOGO_M1794_Archaeoglobus_fulgidus_Medium.yaml	CultureMech:008362	9	0	1	8	yes	no
archaea/TOGO_M1795_Methanofollis_ethanolicus_medium.yaml	CultureMech:008363	17	0	7	10	yes	no
archaea/TOGO_M180_Desulfurococcus_Amylolyticus_Medium.yaml	CultureMech:008380	10	1	8	1	yes	no
archaea/TOGO_M1834_Methanobacterium_Medium.yaml	CultureMech:008407	9	0	1	8	yes	no
archaea/TOGO_M1848_Methanobacterium_alcaliphilum_medium.yaml	CultureMech:008422	8	0	0	8	yes	no
archaea/TOGO_M1882_Methanoregula_medium.yaml	CultureMech:008456	8	0	0	8	yes	no
archaea/TOGO_M188_Thermoproteus_Neutrophilus_Medium.yaml	CultureMech:008464	1	0	0	1	yes	no
archaea/TOGO_M189_Thermoproteus_Tenax_Medium.yaml	CultureMech:008475	4	0	3	1	no	yes
archaea/TOGO_M1908_Methanococcoides_medium.yaml	CultureMech:008485	9	0	1	8	yes	no
archaea/TOGO_M1909_Methanohalobium_medium.yaml	CultureMech:008486	9	0	1	8	yes	no
archaea/TOGO_M1910_Methanohalophilus_medium.yaml	CultureMech:008488	9	0	1	8	yes	no
archaea/TOGO_M196_Pyrodictium_Brockii_Medium.yaml	CultureMech:008551	1	0	0	1	yes	no
archaea/TOGO_M1974_Methanosaeta_thermophila_medium.yaml	CultureMech:008556	9	0	1	8	yes	no
archaea/TOGO_M197_Pyrodictium_Ocultum_Medium.yaml	CultureMech:008562	1	0	0	1	yes	no
archaea/TOGO_M198_Pyrodictium_Abysii_Medium.yaml	CultureMech:008573	1	0	0	1	yes	no
archaea/TOGO_M1990_Methanomethylovorans_medium.yaml	CultureMech:008574	10	0	0	10	yes	no
archaea/TOGO_M2014_Methanosarcina_Medium.yaml	CultureMech:008601	9	0	1	8	yes	no
archaea/TOGO_M2019_Methanohalophilus_Medium.yaml	CultureMech:008606	9	0	1	8	yes	no
archaea/TOGO_M206_Archaeoglobus_Fulgidus_Medium.yaml	CultureMech:008658	1	0	0	1	yes	no
archaea/TOGO_M207_Archaeoglobus_Profundus_Medium.yaml	CultureMech:008669	1	0	0	1	yes	no
archaea/TOGO_M208_Pyrobaculum_Aerophilum_Medium.yaml	CultureMech:008680	1	0	1	0	yes	no
archaea/TOGO_M2092_Hydrogen-using_marine_methanogen_medium.yaml	CultureMech:008683	9	0	1	8	yes	no
archaea/TOGO_M2219_Pyrobaculum_BS_Medium.yaml	CultureMech:008808	2	1	1	0	yes	no
archaea/TOGO_M221_Methanococcus_McC_Medium.yaml	CultureMech:008809	2	0	1	1	yes	no
archaea/TOGO_M223_Methanosarcina_Medium.yaml	CultureMech:008828	2	0	1	1	yes	no
archaea/TOGO_M224_Methanobacterium_Thermoautotrophicum_Medium.yaml	CultureMech:008838	3	1	1	1	yes	no
archaea/TOGO_M225_Methanocaldococcus_Jannaschii_Medium.yaml	CultureMech:008846	1	0	0	1	yes	no
archaea/TOGO_M228_Thermocladium_Medium.yaml	CultureMech:008876	1	0	0	1	yes	no
archaea/TOGO_M2294_Halopiger_Medium.yaml	CultureMech:008880	1	1	0	0	no	no
archaea/TOGO_M2306_Saccharolobus_Solfataricus_Medium.yaml	CultureMech:008892	7	1	6	0	yes	no
archaea/TOGO_M2321_Natronobacterium_Medium.yaml	CultureMech:008909	1	1	0	0	no	no
archaea/TOGO_M233_Thermococcus_Fumicolans_Medium.yaml	CultureMech:008927	1	0	0	1	yes	no
archaea/TOGO_M235_Methanothrix_Medium.yaml	CultureMech:008945	2	0	1	1	yes	no
archaea/TOGO_M2369_Halobacteria_Medium.yaml	CultureMech:008953	2	1	1	0	no	no
archaea/TOGO_M236_Stetteria_Medium.yaml	CultureMech:008954	4	0	3	1	yes	no
archaea/TOGO_M2373_Halobacterium_Medium.yaml	CultureMech:008957	1	1	0	0	no	no
archaea/TOGO_M2375_Haloquadratum_Walsbyi_Medium.yaml	CultureMech:008959	1	1	0	0	no	no
archaea/TOGO_M2377_Halorhabdus_Utahensis_Medium.yaml	CultureMech:008961	3	1	2	0	yes	no
archaea/TOGO_M2384_Thermoplasma_Acidophilum_Medium.yaml	CultureMech:008967	6	1	5	0	yes	no
archaea/TOGO_M2385_Sulfolobus_Medium.yaml	CultureMech:008968	7	1	6	0	yes	no
archaea/TOGO_M2386_Caldivirga_Medium.yaml	CultureMech:008969	16	1	6	9	yes	no
archaea/TOGO_M2396_Sulfolobus_Medium.yaml	CultureMech:008977	7	1	6	0	yes	no
archaea/TOGO_M243_Methanothermus_Fervidus_Medium.yaml	CultureMech:009019	2	0	1	1	yes	no
archaea/TOGO_M244_Sulfophobococcus_Medium.yaml	CultureMech:009029	5	0	4	1	no	yes
archaea/TOGO_M2457_Pyrobaculum_Calidifontis_Medium.yaml	CultureMech:009035	1	1	0	0	no	no
archaea/TOGO_M2460_Pyrobaculum_Ferrireducens_Medium.yaml	CultureMech:009039	20	1	10	9	yes	no
archaea/TOGO_M2470_Pyrobaculum_Medium.yaml	CultureMech:009046	8	1	7	0	yes	no
archaea/TOGO_M2472_Aciduliprofundum_Medium.yaml	CultureMech:009048	2	1	0	1	no	no
archaea/TOGO_M254_Methanoculleus_Medium.yaml	CultureMech:009119	1	0	0	1	yes	no
archaea/TOGO_M2554_Pyrococcus_medium.yaml	CultureMech:009123	2	0	1	1	yes	no
archaea/TOGO_M2561_Methanocella_Conradii_Medium.yaml	CultureMech:009130	22	1	10	11	yes	no
archaea/TOGO_M2564_Desulfurococcus_Medium.yaml	CultureMech:009133	18	1	8	9	yes	no
archaea/TOGO_M257_Methanogenium_Medium.yaml	CultureMech:009148	1	0	0	1	yes	no
archaea/TOGO_M258_Methanomicrobium_Mobile_Medium.yaml	CultureMech:009157	2	0	1	1	yes	no
archaea/TOGO_M2598_Methanogenium_Medium.yaml	CultureMech:009165	9	1	0	8	yes	no
archaea/TOGO_M2600_Pyrobaculum_Medium.yaml	CultureMech:009169	7	1	6	0	yes	no
archaea/TOGO_M2605_Methanocaldococcus_Medium.yaml	CultureMech:009173	9	1	0	8	yes	no
archaea/TOGO_M2614_Ignicoccus_Medium.yaml	CultureMech:009181	2	1	1	0	yes	no
archaea/TOGO_M2641_Methanogenium_Medium_H2_CO2.yaml	CultureMech:009198	9	1	0	8	yes	no
archaea/TOGO_M2644_Methanococcoides_Medium_N2_CO2.yaml	CultureMech:009201	10	1	0	9	yes	no
archaea/TOGO_M2647_Methanohalobium_Medium.yaml	CultureMech:009203	9	1	8	0	yes	no
archaea/TOGO_M2648_Methanosalsum_Zhilinae_Medium.yaml	CultureMech:009204	1	1	0	0	yes	no
archaea/TOGO_M2654_Methanoregula_Peat_Medium.yaml	CultureMech:009209	19	1	9	9	yes	no
archaea/TOGO_M2655_Methanosphaerula_Peat_Medium.yaml	CultureMech:009210	18	1	8	9	yes	no
archaea/TOGO_M2662_Methanothermus_Medium.yaml	CultureMech:009217	10	1	0	9	yes	no
archaea/TOGO_M2663_Methanopyrus_Medium.yaml	CultureMech:009218	11	1	1	9	yes	no
archaea/TOGO_M2664_Archaeoglobus_Medium.yaml	CultureMech:009219	1	1	0	0	yes	no
archaea/TOGO_M2666_Ferroglobus_Placidus_Medium.yaml	CultureMech:009221	10	1	0	9	yes	no
archaea/TOGO_M2667_Pyrococcus_Medium.yaml	CultureMech:009222	3	1	2	0	yes	no
archaea/TOGO_M2669_Aciduliprofundum_Medium.yaml	CultureMech:009224	5	1	4	0	yes	no
archaea/TOGO_M2671_Desulfurococcus_medium.yaml	CultureMech:009227	9	1	7	1	yes	no
archaea/TOGO_M2672_Thermosphaera_Medium.yaml	CultureMech:009228	10	1	0	9	yes	no
archaea/TOGO_M2675_Hyperthermus_Butylicus_Medium.yaml	CultureMech:009230	2	1	1	0	yes	no
archaea/TOGO_M2676_Thermoproteus_Medium.yaml	CultureMech:009231	8	1	6	1	yes	no
archaea/TOGO_M2677_Thermoproteus_medium.yaml	CultureMech:009232	7	0	6	1	yes	no
archaea/TOGO_M2680_Caldisphaera_Medium.yaml	CultureMech:009235	16	1	6	9	yes	no
archaea/TOGO_M2681_Fervidicoccus_Medium.yaml	CultureMech:009236	18	1	8	9	yes	no
archaea/TOGO_M2683_Pyrolobus_Fumarii_Medium.yaml	CultureMech:009238	11	1	5	5	yes	no
archaea/TOGO_M273_Thermococcus_Medium.yaml	CultureMech:009290	1	0	0	1	yes	no
archaea/TOGO_M274_Thermococcus_Medium.yaml	CultureMech:009300	1	0	0	1	yes	no
archaea/TOGO_M277_Ferroplasma_Acidiphilum_Medium.yaml	CultureMech:009328	1	0	1	0	no	no
archaea/TOGO_M279_Methanosaeta_Thermophila_Medium.yaml	CultureMech:009347	1	0	0	1	yes	no
archaea/TOGO_M288_Halorhabdus_Medium.yaml	CultureMech:009425	2	0	2	0	yes	no
archaea/TOGO_M291_Vulcanisaeta_Medium.yaml	CultureMech:009455	1	0	0	1	yes	no
archaea/TOGO_M303_Acidilobus_Medium.yaml	CultureMech:009552	1	0	0	1	yes	no
archaea/TOGO_M304_Pyrobaculum_Arsenaticum_Medium.yaml	CultureMech:009563	1	0	0	1	yes	no
archaea/TOGO_M3138_Modified_Methanobacterium_Medium.yaml	CultureMech:009606	14	1	8	5	yes	no
archaea/TOGO_M3148_Methanobacterium_Medium.yaml	CultureMech:009612	10	1	9	0	yes	no
archaea/TOGO_M349_Methanosphaera_Medium.yaml	CultureMech:009728	2	0	1	1	yes	no
archaea/TOGO_M355_Methanocaldococcus_Indiensis_Medium.yaml	CultureMech:009735	1	0	0	1	yes	no
archaea/TOGO_M380_Methanosarcina_Acetivorans_Medium.yaml	CultureMech:009762	1	0	0	1	yes	no
archaea/TOGO_M424_Methanolinea_Medium.yaml	CultureMech:009810	2	1	0	1	yes	no
archaea/TOGO_M448_Methanobacterium_Adherens_Medium.yaml	CultureMech:009834	1	0	0	1	yes	no
archaea/TOGO_M485_Modified_Methanocaldococcus_Medium.yaml	CultureMech:009872	1	0	0	1	yes	no
archaea/TOGO_M507_Ignisphaera_Medium.yaml	CultureMech:009897	2	0	1	1	yes	no
archaea/TOGO_M508_Methanocella_Medium.yaml	CultureMech:009898	1	0	0	1	yes	no
archaea/TOGO_M514_Caldococcus_Medium.yaml	CultureMech:009905	4	0	3	1	yes	no
archaea/TOGO_M526_Acidianus_SP._JP7_Medium.yaml	CultureMech:009918	3	1	2	0	no	no
archaea/TOGO_M527_Norris_Ferroplasma_Medium.yaml	CultureMech:009919	1	0	1	0	no	no
archaea/TOGO_M576_Modified_Halobacteria_Medium.yaml	CultureMech:009972	1	0	1	0	yes	no
archaea/TOGO_M598_Modified_9K_Medium_For_Ferroplasma_Aeolicum.yaml	CultureMech:009995	1	0	1	0	yes	no
archaea/TOGO_M650_Methanolobus_R15_Medium.yaml	CultureMech:010052	1	0	0	1	yes	no
archaea/TOGO_M692_Methanopyrus_Medium_For_Strain_116.yaml	CultureMech:010098	4	0	3	1	yes	no
archaea/TOGO_M701_Methanofollis_Ethanolicus_Medium.yaml	CultureMech:010109	11	1	1	9	yes	no
archaea/TOGO_M711_Aerobic_Sulfolobales_Medium.yaml	CultureMech:010118	2	0	2	0	yes	no
archaea/TOGO_M724_Methanobacterium_Medium_II.yaml	CultureMech:010132	1	0	0	1	yes	no
archaea/TOGO_M725_Methanobacterium_Medium_II_With_Formae.yaml	CultureMech:010133	1	0	0	1	yes	no
archaea/TOGO_M773_Metallosphaera_Cuprina_Medium.yaml	CultureMech:010181	1	0	1	0	yes	no
archaea/TOGO_M817_Halobacterium_TMM_Mediium.yaml	CultureMech:010229	1	0	1	0	no	no
archaea/TOGO_M818_Halobacterium_TMM_Mediium.yaml	CultureMech:010230	1	0	1	0	no	no
archaea/TOGO_M819_Natronoarchaeum_Medium.yaml	CultureMech:010231	1	0	1	0	no	no
archaea/TOGO_M820_Natronoarchaeum_Medium.yaml	CultureMech:010233	1	0	1	0	no	no
archaea/TOGO_M827_Methanobacterium_Medium_III.yaml	CultureMech:010240	1	0	0	1	yes	no
archaea/TOGO_M842_WR_Medium_For_Methanobacteriaceae.yaml	CultureMech:010257	1	0	0	1	yes	no
archaea/TOGO_M845_Thermococcales_Rich_Medium.yaml	CultureMech:010260	3	0	2	1	no	no
archaea/TOGO_M895_Pyrolobus_Medium.yaml	CultureMech:010312	1	0	0	1	yes	no
archaea/TOGO_M911_Methanobacterium_Medium_IV.yaml	CultureMech:010331	1	0	0	1	yes	no
archaea/TOGO_M945_Halobacteria_Starch_Medium.yaml	CultureMech:010368	1	0	1	0	no	no
archaea/TOGO_M946_Halobacteria_Starch_Medium.yaml	CultureMech:010369	1	0	1	0	no	no
archaea/TOGO_M956_Methanocella_Conradii_Medium.yaml	CultureMech:010380	2	0	1	1	yes	no
archaea/TOGO_M959_Halobacteria_Medium_With_15_NaCl.yaml	CultureMech:010383	1	0	1	0	no	no
archaea/TOGO_M960_Halobacteria_Medium_With_15_NaCl.yaml	CultureMech:010385	1	0	1	0	no	no
archaea/TOGO_M980_Acidilobus_Saccharovorans_Medium.yaml	CultureMech:010407	1	0	0	1	yes	no
archaea/TOGO_M981_Fervidicoccus_Fontis_Medium.yaml	CultureMech:010408	1	0	0	1	yes	no
archaea/TOGO_M991_MW_Medium_For_Methanosarcina.yaml	CultureMech:010419	9	0	0	9	yes	no
archaea/TOGO_M992_MB_Medium_For_Methanobacterium.yaml	CultureMech:010420	1	0	0	1	yes	no
archaea/TOGO_M995_Modified_Balch_s_Methanogen_Medium_1_B.yaml	CultureMech:010423	2	0	1	1	yes	no
archaea/acidianus_manzaensis_medium_for_autotrophic_growth.yaml	CultureMech:008183	5	0	5	0	no	yes
archaea/acidianus_manzaensis_medium_for_heterotrophic_growth.yaml	CultureMech:008184	5	0	5	0	no	yes
archaea/acidianus_medium.yaml	CultureMech:008458	3	0	2	1	no	no
archaea/acidilobus_medium.yaml	CultureMech:002665	1	0	1	0	no	no
archaea/acidilobus_saccharovorans_medium.yaml	CultureMech:003282	1	0	1	0	no	no
archaea/acidolobus_aceticus_medium.yaml	CultureMech:002067	2	0	1	1	no	no
archaea/acidolobus_aceticus_medium_for_dsm_16705.yaml	CultureMech:009233	18	1	8	9	yes	no
archaea/anaerobic_sulfolobales_medium.yaml	CultureMech:010119	1	0	0	1	yes	no
archaea/archaeoglobus_medium_dsm_399.yaml	CultureMech:009220	1	0	0	1	yes	no
archaea/archaeoglobus_neptunius_medium.yaml	CultureMech:001509	2	0	1	1	no	no
archaea/archaeoglobus_sulfaticallidus_medium.yaml	CultureMech:000741	1	0	0	1	no	no
archaea/caldisphaera_medium.yaml	CultureMech:002173	1	0	0	1	no	no
archaea/caldivirga_medium.yaml	CultureMech:002043	1	0	0	1	no	no
archaea/caldococcus_medium.yaml	CultureMech:002864	3	0	3	0	no	yes
archaea/cm1a_halorubrum_medium.yaml	CultureMech:001165	3	0	1	2	no	no
archaea/conexivisphaera_medium.yaml	CultureMech:001193	1	0	0	1	no	no
archaea/desulfurococcus_amylolyticus_medium.yaml	CultureMech:002548	1	0	1	0	no	no
archaea/desulfurococcus_medium.yaml	CultureMech:001502	2	0	1	1	no	no
archaea/ferroglobus_placidus_medium.yaml	CultureMech:001865	1	0	0	1	no	no
archaea/ferroplasma_acidiphilum_medium.yaml	CultureMech:002032	2	0	2	0	no	no
archaea/fervidicoccus_fontis_medium.yaml	CultureMech:003283	1	0	1	0	no	no
archaea/fervidicoccus_medium.yaml	CultureMech:001504	2	0	1	1	no	no
archaea/for_methanothermus_sociabilis.yaml	CultureMech:004298	1	0	0	1	no	no
archaea/for_strains_of_methanosarcina_mazei_and_dsm_1538_dsm_11429_dsm_11430_dsm11431_dsm_11432_dsm_11433_and_dsm_11434.yaml	CultureMech:003943	3	0	2	1	no	no
archaea/geoglobus_ahangari_medium.yaml	CultureMech:001006	2	0	1	1	no	no
archaea/geoglobus_medium.yaml	CultureMech:000665	3	0	2	1	no	no
archaea/halanaeroarchaeum_medium.yaml	CultureMech:002259	1	0	1	0	no	no
archaea/halarchaeum_medium_rs94.yaml	CultureMech:000951	1	0	1	0	no	no
archaea/halobacterium_lacusprofundii_medium.yaml	CultureMech:001716	1	1	0	0	yes	no
archaea/haloferax_gibbonsii_medium.yaml	CultureMech:001221	1	1	0	0	no	no
archaea/halogranum_medium.yaml	CultureMech:000838	1	1	0	0	no	no
archaea/halohasta_a2.yaml	CultureMech:001266	4	0	1	3	no	yes
archaea/halomicrobium_katesii_medium.yaml	CultureMech:000605	1	0	1	0	no	no
archaea/halophilic_sob_medium.yaml	CultureMech:000285	1	0	1	0	yes	no
archaea/halorhabdus_medium.yaml	CultureMech:002651	1	0	1	0	no	no
archaea/halorhabdus_utahensis_medium.yaml	CultureMech:002099	2	0	2	0	no	no
archaea/halorussus_varius_medium_msc_15_2.yaml	CultureMech:001167	1	0	1	0	no	no
archaea/halorutilales_haloarchaeon_medium.yaml	CultureMech:001265	2	0	1	1	no	no
archaea/halosimplex_medium.yaml	CultureMech:002655	3	0	3	0	no	yes
archaea/hydrogen_using_marine_methanogen_medium.yaml	CultureMech:008597	9	0	1	8	yes	no
archaea/hydrogen_using_methanogen_medium.yaml	CultureMech:008308	9	0	1	8	yes	no
archaea/hydrogenotrophic_methanogen_medium.yaml	CultureMech:009523	1	0	0	1	yes	no
archaea/ignicoccus_medium_for_dsm_18386.yaml	CultureMech:009166	2	1	1	0	yes	no
archaea/liquid_basal_medium_for_methanosarcina.yaml	CultureMech:002284	7	0	7	0	no	yes
archaea/marine_h2_using_methanogen_medium.yaml	CultureMech:008267	9	0	1	8	yes	no
archaea/marine_methanobacterium_medium.yaml	CultureMech:007804	1	0	0	1	yes	no
archaea/marine_methanosaeta_medium.yaml	CultureMech:008439	9	0	1	8	yes	no
archaea/medium_for_co_culture_of_strain_jt_with_methanospirillum_hungatei_nbrc_100397.yaml	CultureMech:008179	17	0	7	10	yes	no
archaea/medium_for_iron_using_methanogen.yaml	CultureMech:008281	8	0	1	7	yes	no
archaea/medium_for_natronophilic_methylotrophic_methanogen.yaml	CultureMech:008603	8	0	1	7	yes	no
archaea/metallosphaera_cuprina_medium.yaml	CultureMech:003091	1	0	1	0	no	no
archaea/methanimicrococcus_medium.yaml	CultureMech:002319	1	0	1	0	no	no
archaea/methanobacteria_medium_atcc_medium_1045_with_0_2_yeast_extract_and_0_5_glucose.yaml	CultureMech:009258	8	0	0	8	yes	no
archaea/methanobacterium_espanolae_medium.yaml	CultureMech:001638	1	0	0	1	no	no
archaea/methanobacterium_ii_medium.yaml	CultureMech:001973	1	0	0	1	no	no
archaea/methanobacterium_ii_medium_n2_co2.yaml	CultureMech:001974	1	0	0	1	no	no
archaea/methanobacterium_medium.yaml	CultureMech:000643	2	0	2	0	no	no
archaea/methanobacterium_medium_for_strain_can.yaml	CultureMech:002308	1	0	1	0	no	no
archaea/methanobacterium_medium_iv.yaml	CultureMech:003219	1	0	1	0	no	no
archaea/methanobacterium_medium_vi.yaml	CultureMech:002222	1	0	1	0	no	no
archaea/methanobacterium_medium_vii.yaml	CultureMech:002223	5	0	1	4	no	yes
archaea/methanobrevibacter_medium.yaml	CultureMech:000644	2	0	2	0	no	no
archaea/methanocalculus_alkaliphilus_medium.yaml	CultureMech:001074	2	0	1	1	no	no
archaea/methanocalculus_mb_medium.yaml	CultureMech:002094	1	0	0	1	no	no
archaea/methanocalculus_medium.yaml	CultureMech:009214	1	0	0	1	yes	no
archaea/methanocalculus_natronophilus_medium.yaml	CultureMech:001921	2	0	1	1	no	no
archaea/methanocalculus_pumilus_medium.yaml	CultureMech:002055	2	0	1	1	no	no
archaea/methanocaldococcus_lauensis_medium.yaml	CultureMech:000881	1	0	0	1	no	no
archaea/methanocaldococcus_medium.yaml	CultureMech:001378	1	0	0	1	no	no
archaea/methanocaldococcus_villosus_medium.yaml	CultureMech:001379	1	0	0	1	no	no
archaea/methanocella_conradii_medium.yaml	CultureMech:000776	6	0	1	5	no	yes
archaea/methanocella_medium.yaml	CultureMech:000715	2	0	1	1	no	no
archaea/methanococcoides_medium.yaml	CultureMech:000883	1	0	0	1	no	no
archaea/methanococcoides_medium_2.yaml	CultureMech:009543	1	0	0	1	yes	no
archaea/methanococcoides_medium_n2_co2.yaml	CultureMech:001376	1	0	0	1	no	no
archaea/methanococcus_deltae_medium.yaml	CultureMech:004745	1	0	0	1	no	no
archaea/methanococcus_jannaschii_medium.yaml	CultureMech:004739	1	0	0	1	no	no
archaea/methanococcus_maripaludis_medium.yaml	CultureMech:001385	1	0	0	1	no	no
archaea/methanococcus_mcc_medium.yaml	CultureMech:002588	1	0	1	0	no	no
archaea/methanococcus_voltae_medium.yaml	CultureMech:001498	1	0	0	1	no	no
archaea/methanoculleus_bourgense_medium.yaml	CultureMech:009207	1	1	0	0	yes	no
archaea/methanoculleus_chikugoensis_medium.yaml	CultureMech:001384	1	0	0	1	no	no
archaea/methanoculleus_sp_medium.yaml	CultureMech:000882	1	0	0	1	no	no
archaea/methanofollis_ethanolicus_medium.yaml	CultureMech:003028	1	0	1	0	no	no
archaea/methanofollis_mb_medium_5_g_l_nacl.yaml	CultureMech:002095	1	0	0	1	no	no
archaea/methanofollis_medium.yaml	CultureMech:001100	1	0	0	1	no	no
archaea/methanogen_ms_i_medium.yaml	CultureMech:000293	4	0	4	0	no	yes
archaea/methanogenium_cv_medium.yaml	CultureMech:000263	1	0	0	1	no	no
archaea/methanogenium_medium_h2_co2_for_dsm_14266.yaml	CultureMech:009125	10	1	0	9	yes	no
archaea/methanogenium_olentangyi_medium.yaml	CultureMech:004744	1	0	0	1	no	no
archaea/methanogens_saline_water_medium.yaml	CultureMech:000286	1	0	1	0	no	no
archaea/methanohalobium_medium.yaml	CultureMech:001476	2	0	1	1	no	no
archaea/methanohalophilus_halophilus_medium.yaml	CultureMech:000261	2	0	1	1	no	no
archaea/methanohalophilus_mg_medium.yaml	CultureMech:000269	1	0	0	1	no	no
archaea/methanohalophilus_mg_nacl_medium.yaml	CultureMech:000270	1	0	0	1	no	no
archaea/methanohalophilus_portucalensis_medium.yaml	CultureMech:000262	1	0	1	0	no	no
archaea/methanol_using_methanogen_medium.yaml	CultureMech:008309	9	0	1	8	yes	no
archaea/methanolacinia_medium.yaml	CultureMech:001371	1	0	0	1	no	no
archaea/methanolinea_medium.yaml	CultureMech:002777	1	0	1	0	no	no
archaea/methanolobus_i_medium.yaml	CultureMech:004609	1	0	0	1	no	no
archaea/methanolobus_medium.yaml	CultureMech:000664	3	0	2	1	no	no
archaea/methanolobus_r15_medium.yaml	CultureMech:002983	1	0	1	0	no	no
archaea/methanolobus_tindarius_medium.yaml	CultureMech:001336	1	0	0	1	no	no
archaea/methanomassiliicoccus_medium.yaml	CultureMech:000645	2	0	2	0	no	no
archaea/methanomethylovorans_medium.yaml	CultureMech:008490	9	0	1	8	yes	no
archaea/methanomethylovorans_thermophila_medium.yaml	CultureMech:008491	9	0	1	8	yes	no
archaea/methanomethylovorans_uponensis_medium.yaml	CultureMech:003334	1	0	1	0	no	no
archaea/methanomicrobium_paynteri_medium.yaml	CultureMech:004702	1	0	0	1	no	no
archaea/methanomicrococcus_medium.yaml	CultureMech:000662	3	0	2	1	no	no
archaea/methanonatronarchaeum_medium.yaml	CultureMech:001076	2	0	1	1	no	no
archaea/methanopyrus_medium.yaml	CultureMech:001644	2	0	1	1	no	no
archaea/methanopyrus_medium_for_strain_116.yaml	CultureMech:003018	1	0	1	0	no	no
archaea/methanoregula_medium.yaml	CultureMech:004033	3	0	2	1	no	no
archaea/methanoregula_peat_medium.yaml	CultureMech:000744	3	0	2	1	no	no
archaea/methanosaeta_concilii_medium.yaml	CultureMech:008344	10	0	2	8	yes	no
archaea/methanosaeta_harundinacea_medium.yaml	CultureMech:005029	2	0	1	1	no	no
archaea/methanosaeta_pelagica_medium.yaml	CultureMech:000786	2	0	1	1	no	no
archaea/methanosalsum_medium.yaml	CultureMech:008489	9	0	1	8	yes	no
archaea/methanosalsum_natronophilum_medium.yaml	CultureMech:001075	2	0	1	1	no	no
archaea/methanosarcina_barkeri_medium.yaml	CultureMech:000661	3	0	2	1	no	no
archaea/methanosarcina_bcyt_medium.yaml	CultureMech:005005	2	0	1	1	no	no
archaea/methanosarcina_jl01_medium.yaml	CultureMech:002347	1	0	1	0	no	no
archaea/methanosarcina_mazei_goe1_medium.yaml	CultureMech:000663	3	0	2	1	no	no
archaea/methanosarcina_mb_medium_1_g_l_nacl.yaml	CultureMech:002096	1	0	0	1	no	no
archaea/methanosarcina_medium.yaml	CultureMech:000660	3	0	2	1	no	no
archaea/methanosarcina_sp_medium_n2_co2_for_dsm_2834.yaml	CultureMech:009174	9	1	0	8	yes	no
archaea/methanosarcina_subterranea_medium.yaml	CultureMech:002287	1	0	1	0	no	no
archaea/methanosarcina_thermophila_bcyt_medium.yaml	CultureMech:000260	2	0	1	1	no	no
archaea/methanosphaera_cuniculi_medium.yaml	CultureMech:001514	1	0	0	1	no	no
archaea/methanosphaera_mcb_3_medium.yaml	CultureMech:009213	10	1	0	9	yes	no
archaea/methanosphaera_medium.yaml	CultureMech:001424	2	0	1	1	no	no
archaea/methanosphaera_medium_i.yaml	CultureMech:005013	2	0	1	1	no	no
archaea/methanosphaera_medium_ii.yaml	CultureMech:005219	1	0	0	1	no	no
archaea/methanosphaerula_medium.yaml	CultureMech:003744	3	0	2	1	no	no
archaea/methanosphaerula_peat_medium.yaml	CultureMech:000525	3	0	2	1	no	no
archaea/methanosphaerula_peat_medium_for_dsm_25616.yaml	CultureMech:009216	18	1	8	9	yes	no
archaea/methanospirillum_lacunae_medium.yaml	CultureMech:000735	1	0	0	1	no	no
archaea/methanospirillum_medium.yaml	CultureMech:008161	10	0	0	10	yes	no
archaea/methanospirillum_purgamenti_medium.yaml	CultureMech:001196	2	0	1	1	no	no
archaea/methanospirillum_sk_medium.yaml	CultureMech:001475	1	0	1	0	no	no
archaea/methanothermobacter_medium.yaml	CultureMech:008141	8	0	0	8	yes	no
archaea/methanothermococcus_hhb_medium.yaml	CultureMech:002361	1	0	1	0	yes	no
archaea/methanothermus_medium.yaml	CultureMech:001302	1	0	0	1	no	no
archaea/methanothrix_medium.yaml	CultureMech:001433	2	0	1	1	no	no
archaea/methanothrix_soehngenii_medium.yaml	CultureMech:001434	2	0	1	1	no	no
archaea/modified_9k_medium_for_ferroplasma_aeolicum.yaml	CultureMech:002941	2	0	2	0	no	no
archaea/modified_cellulolytic_haloarchaea_medium.yaml	CultureMech:002353	1	0	1	0	no	no
archaea/modified_methanobacterium_medium_for_dsm_1093.yaml	CultureMech:009215	14	1	8	5	yes	no
archaea/modified_methanoculleus_medium.yaml	CultureMech:008672	17	0	7	10	yes	no
archaea/modified_picrophilus_medium.yaml	CultureMech:002433	4	0	4	0	no	yes
archaea/natranaeroarchaeum_medium.yaml	CultureMech:002261	1	0	1	0	no	no
archaea/natranaeroarchaeum_medium_aarc1.yaml	CultureMech:000945	2	0	1	1	no	no
archaea/natronorubrum_thiooxidans_medium.yaml	CultureMech:000885	1	0	1	0	no	no
archaea/nitrosopumilus_medium.yaml	CultureMech:001111	1	0	1	0	no	no
archaea/nitrosopumilus_ureiphilus_medium.yaml	CultureMech:001112	1	0	1	0	no	no
archaea/nitrososphaera_gargensis_medium.yaml	CultureMech:001268	1	1	0	0	no	no
archaea/nitrososphaera_medium.yaml	CultureMech:001110	1	0	1	0	no	no
archaea/nitrosotalea_aoa_fresh_water_medium_fw.yaml	CultureMech:001267	1	1	0	0	no	no
archaea/norris_ferroplasma_medium.yaml	CultureMech:002877	1	0	1	0	no	no
archaea/palaeococcus_medium.yaml	CultureMech:001479	1	0	0	1	no	no
archaea/peat_medium_2_for_methanobacteria.yaml	CultureMech:003271	3	0	2	1	no	no
archaea/pfennig_ignisphaera_medium.yaml	CultureMech:009692	1	0	0	1	yes	no
archaea/pyrobaculum_ferrireducens_medium.yaml	CultureMech:001053	2	0	1	1	no	no
archaea/pyrococcus_medium_2.yaml	CultureMech:008136	2	0	1	1	yes	no
archaea/pyrodictium_abyssi_medium.yaml	CultureMech:005709	5	0	0	5	no	yes
archaea/pyrodictium_delaneyi_medium.yaml	CultureMech:000667	3	0	2	1	no	no
archaea/pyrodictium_occultum_medium.yaml	CultureMech:008187	2	0	1	1	yes	no
archaea/pyrolobus_medium.yaml	CultureMech:003204	4	0	4	0	no	yes
archaea/revised_sulfolobus_medium.yaml	CultureMech:008895	2	0	2	0	no	no
archaea/saccharolobus_mt_4_medium.yaml	CultureMech:001258	1	0	1	0	no	no
archaea/sulfolobus_medium_anaerobic.yaml	CultureMech:008970	7	1	6	0	yes	no
archaea/sulfolobus_medium_anaerobic_for_dsm_2162.yaml	CultureMech:009226	7	1	6	0	yes	no
archaea/sulfolobus_medium_for_dsm_5348.yaml	CultureMech:008908	7	1	6	0	yes	no
archaea/sulfolobus_medium_for_dsm_9790.yaml	CultureMech:008911	7	1	6	0	yes	no
archaea/sulfolobus_metallicus_medium.yaml	CultureMech:008286	2	0	2	0	no	no
archaea/sulfolobus_mt_4_medium.yaml	CultureMech:004206	1	0	1	0	no	no
archaea/sulfolobus_tokodaii_medium.yaml	CultureMech:008138	2	0	2	0	yes	no
archaea/sulfophobococcus_zilligii_medium.yaml	CultureMech:001904	1	0	1	0	no	no
archaea/sulfurisphaera_medium_ph_2_5.yaml	CultureMech:008214	2	0	2	0	no	no
archaea/sulfurisphaera_medium_ph_5_0.yaml	CultureMech:008215	2	0	2	0	no	no
archaea/synthetic_crenarchaeota_medium_scm.yaml	CultureMech:001114	1	1	0	0	no	no
archaea/thermococcus_litoralis_medium.yaml	CultureMech:001755	1	0	0	1	no	no
archaea/thermoplasma_acidophilum_medium.yaml	CultureMech:001066	1	0	1	0	no	no
archaea/thermoproteus_and_vulcanisaeta_medium.yaml	CultureMech:008200	3	0	2	1	no	no
archaea/thermoproteus_tenax_medium.yaml	CultureMech:002558	3	0	3	0	no	yes
archaea/thermoproteus_tenax_medium_2.yaml	CultureMech:008190	3	0	2	1	no	no
archaea/thermoproteus_uzoniensis_medium.yaml	CultureMech:001609	1	0	1	0	no	no
archaea/thermosphaera_medium.yaml	CultureMech:001964	1	0	0	1	no	no
archaea/wr_medium_for_methanobacteriaceae.yaml	CultureMech:003152	1	0	1	0	no	no
bacterial/0_01_lb_seawater_medium.yaml	CultureMech:002439	4	1	0	3	no	yes
bacterial/0_3_x_hyphomicrobium_medium.yaml	CultureMech:002268	3	0	2	1	no	no
bacterial/1650_medium_for_strain_j5b.yaml	CultureMech:001132	1	0	1	0	no	no
bacterial/16av_medium.yaml	CultureMech:004770	5	0	1	4	no	yes
bacterial/16av_medium_replace_galactose_with_cellobiose.yaml	CultureMech:004769	5	0	1	4	no	yes
bacterial/1_2_r2a_75_asw.yaml	CultureMech:008341	1	0	1	0	yes	no
bacterial/1_2_tryptic_soy_broth_anaerobic.yaml	CultureMech:009314	1	1	0	0	no	no
bacterial/1a_medium.yaml	CultureMech:008437	1	0	1	0	yes	no
bacterial/2_5_nacl_gypfk_agar_broth.yaml	CultureMech:008125	3	1	2	0	yes	no
bacterial/2_glucose_yeast_extract_peptone_agar.yaml	CultureMech:009517	1	0	1	0	no	no
bacterial/2asw.yaml	CultureMech:000415	1	0	0	1	no	no
bacterial/3_8m_characterization_medium_no_1.yaml	CultureMech:002472	1	0	1	0	no	no
bacterial/3n_bbm_v.yaml	CultureMech:000321	2	0	0	2	no	no
bacterial/3n_bbm_v_recipe_for_customer_orders.yaml	CultureMech:000322	2	0	0	2	no	no
bacterial/573c_medium.yaml	CultureMech:002235	1	0	1	0	no	no
bacterial/7way_8_7_medium.yaml	CultureMech:003179	1	0	1	0	no	no
bacterial/8kg_4_medium.yaml	CultureMech:003180	1	0	1	0	no	no
bacterial/9k_medium.yaml	CultureMech:003277	1	0	1	0	no	no
bacterial/CCAP_C18_BG11₀.yaml	CultureMech:000325	2	0	2	0	no	no
bacterial/DSMZ_1014_THIOALKALIVIBRIO_HALOPHILUS_MEDIUM.yaml	CultureMech:000243	1	0	1	0	no	no
bacterial/DSMZ_1170_METHYLONATRUM_MEDIUM.yaml	CultureMech:000612	1	0	0	1	no	no
bacterial/DSMZ_1419_HYPHOMICROBIUM_MEDIUM.yaml	CultureMech:000880	2	0	2	0	no	no
bacterial/DSMZ_1593_Cyanobacteria_Medium_BG11.yaml	CultureMech:001070	4	0	3	1	no	yes
bacterial/DSMZ_1753_SEAWATER_MEDIUM.yaml	CultureMech:001226	1	1	0	0	no	no
bacterial/DSMZ_46_PFENNIG_S_MEDIUM_I_WITH_SALT.yaml	CultureMech:001599	1	0	0	1	no	no
bacterial/DSMZ_470_PSEUDOMONAS_HALOPHILA_MEDIUM.yaml	CultureMech:000265	1	0	1	0	no	no
bacterial/DSMZ_572_GYE_-_MEDIUM.yaml	CultureMech:001700	1	1	0	0	no	no
bacterial/DSMZ_590_DICHOTOMICROBIUM_THERMOHALOPHILUM_MEDIUM.yaml	CultureMech:000274	1	0	1	0	no	no
bacterial/DSMZ_628_MMB_MEDIUM.yaml	CultureMech:001759	1	0	1	0	no	no
bacterial/DSMZ_668_FLEXIBACTER_MEDIUM.yaml	CultureMech:001809	1	1	0	0	yes	no
bacterial/DSMZ_798_TINDALLIA_MEDIUM.yaml	CultureMech:001942	1	0	1	0	no	no
bacterial/DSMZ_962a_THERMOVENABULUM_MEDIUM.yaml	CultureMech:002143	1	0	0	1	no	no
bacterial/DSMZ_969_SULFOBACILLUS_MEDIUM.yaml	CultureMech:002151	1	0	1	0	no	no
bacterial/JCM_J1013_ACETIVIBRIO_MEDIUM.yaml	CultureMech:002198	1	0	1	0	yes	no
bacterial/JCM_J1024_THERMUS_162_MEDIUM.yaml	CultureMech:002208	1	0	1	0	no	no
bacterial/JCM_J1080_HALODESULFURIARCHAEUM_MEDIUM.yaml	CultureMech:002260	1	0	1	0	no	no
bacterial/JCM_J1085_ANAEROBACTER_MEDIUM.yaml	CultureMech:002265	1	0	1	0	no	no
bacterial/JCM_J1104_HYPNOCYCLICUS_MEDIUM.yaml	CultureMech:002282	3	0	1	2	no	no
bacterial/JCM_J1192_GEOTHERMOBACTER_MEDIUM.yaml	CultureMech:002359	1	0	1	0	no	no
bacterial/JCM_J1203_TREPONEMA_SACCHAROPHILUM_MEDIUM.yaml	CultureMech:002372	1	0	0	1	no	no
bacterial/JCM_J1204_SPOROMUSA_ACIDOVORANS_MEDIUM.yaml	CultureMech:002373	2	0	2	0	no	no
bacterial/JCM_J1237_TREPONEMA_THERMOPHILUM_MEDIUM.yaml	CultureMech:000291	1	0	1	0	no	no
bacterial/JCM_J1303_UREAPLASMA_MEDIUM.yaml	CultureMech:002467	1	0	0	1	no	no
bacterial/JCM_J1353_GBS_SALTS_MEDIUM_FOR_FERVIDIBACTER.yaml	CultureMech:015836	2	0	2	0	no	no
bacterial/JCM_J1357_Marinagarivorans_sp_GE09_medium.yaml	CultureMech:015838	1	0	1	0	no	no
bacterial/JCM_J1419_HALOTHIOBACILLUS_LS2_MEDIUM.yaml	CultureMech:015859	2	0	2	0	no	no
bacterial/JCM_J1435_LIMNOCHORDIA_LN_MEDIUM.yaml	CultureMech:015867	1	0	1	0	no	no
bacterial/JCM_J16_LACTOBACILLUS_MEDIUM_II.yaml	CultureMech:002529	1	0	1	0	no	no
bacterial/JCM_J192_PYS_MEDIUM.yaml	CultureMech:002554	1	0	1	0	no	no
bacterial/JCM_J270_GNYS_MEDIUM.yaml	CultureMech:002628	1	0	1	0	no	no
bacterial/JCM_J275_MODIFIED_CM_YE_MEDIUM_B.yaml	CultureMech:002632	1	0	1	0	no	no
bacterial/JCM_J276_CASTENHOLZ_MEDIUM.yaml	CultureMech:002633	1	0	1	0	no	no
bacterial/JCM_J303_PE_MEDIUM.yaml	CultureMech:002661	11	0	6	5	no	yes
bacterial/JCM_J330_SPOROTOMACULUM_MEDIUM.yaml	CultureMech:002689	1	0	1	0	no	no
bacterial/JCM_J370_TEPIDANAEROBACTER_MEDIUM.yaml	CultureMech:002729	1	0	1	0	no	no
bacterial/JCM_J381_TRICHOCOCCUS_MEDIUM.yaml	CultureMech:002738	1	0	1	0	no	no
bacterial/JCM_J383_DESULFOBACTERIUM_MEDIUM.yaml	CultureMech:002740	2	0	2	0	no	no
bacterial/JCM_J433_PSEUDOMONAS_HALOPHILA_MEDIUM.yaml	CultureMech:000297	1	0	1	0	no	no
bacterial/JCM_J434_ANAEROLINEA_MEDIUM.yaml	CultureMech:002785	1	0	1	0	no	no
bacterial/JCM_J436_VY_2_AGAR.yaml	CultureMech:002787	1	1	0	0	no	no
bacterial/JCM_J470_VULCANIBACILLUS_MEDIUM.yaml	CultureMech:002819	4	0	4	0	no	yes
bacterial/JCM_J471_DESULFONAUTICUS_MEDIUM.yaml	CultureMech:002820	2	0	2	0	no	no
bacterial/JCM_J496_MODIFIED_BIEBL_AND_PFENNIG_S_MEDIUM.yaml	CultureMech:002847	1	0	1	0	no	no
bacterial/JCM_J515_RHODOVULUM_VISAKHUM_MEDIUM.yaml	CultureMech:002866	2	0	1	1	no	no
bacterial/JCM_J531_BACILLUS_FILIFORMIS_MEDIUM.yaml	CultureMech:002880	1	0	1	0	no	no
bacterial/JCM_J59_CM_YE_MEDIUM.yaml	CultureMech:002947	1	0	1	0	no	no
bacterial/JCM_J601_ANCALOMICROBIUM_MEDIUM.yaml	CultureMech:002949	1	0	1	0	no	no
bacterial/JCM_J618_CYS_MEDIUM.yaml	CultureMech:002965	6	0	6	0	no	yes
bacterial/JCM_J631_MMB_MEDIUM.yaml	CultureMech:002978	1	0	1	0	no	no
bacterial/JCM_J672_FLEXIBACTER_CANADENSIS_MEDIUM.yaml	CultureMech:003017	2	0	1	1	no	no
bacterial/JCM_J685_ALICYCLOBACILLUS_FERROOXYDANS_MEDIUM.yaml	CultureMech:003030	1	0	1	0	no	no
bacterial/JCM_J706_SPOROSALIBACTERIUM_MEDIUM.yaml	CultureMech:003052	1	0	1	0	no	no
bacterial/JCM_J720_TCG_MEDIUM.yaml	CultureMech:003065	1	1	0	0	no	no
bacterial/JCM_J729_ACIDITHIOBACILLUS_FERRIVORANS_MEDIUM.yaml	CultureMech:003073	1	0	1	0	no	no
bacterial/JCM_J753_DEHALOSPIRILLUM_MEDIUM.yaml	CultureMech:003096	1	0	1	0	yes	no
bacterial/JCM_J784_DESULFOSPOROSINUS_ACIDOPHILUS_MEDIUM.yaml	CultureMech:003127	1	0	1	0	no	no
bacterial/JCM_J824_DESULFOHALOBIUM_MEDIUM.yaml	CultureMech:003168	2	0	2	0	no	no
bacterial/JCM_J846_MO-CFXI_MEDIUM.yaml	CultureMech:003191	1	0	1	0	no	no
bacterial/JCM_J876_DESULFONEMA_MAGNUM_MEDIUM.yaml	CultureMech:003223	2	0	2	0	no	no
bacterial/JCM_J881_KNH_MEDIUM.yaml	CultureMech:003229	1	0	1	0	no	no
bacterial/JCM_J884_HYPHOMICROBIUM_MEDIUM.yaml	CultureMech:003232	2	0	2	0	no	no
bacterial/JCM_J889_METALLIBACTERIUM_MEDIUM.yaml	CultureMech:003237	4	0	4	0	no	yes
bacterial/JCM_J907_GEOBACTER_MEDIUM.yaml	CultureMech:003256	1	0	1	0	no	no
bacterial/JCM_J918_DESULFAMPLUS_MEDIUM.yaml	CultureMech:003265	2	0	1	1	no	no
bacterial/KOMODO_1001_BASAL_MEDIUM.yaml	CultureMech:003498	1	0	1	0	no	no
bacterial/KOMODO_1004_ANAEROLINEA_medium.yaml	CultureMech:003504	2	0	1	1	no	no
bacterial/KOMODO_1005_THERMODESULFOBIUM_MEDIUM.yaml	CultureMech:003505	2	0	1	1	no	no
bacterial/KOMODO_1007_MINERAL_MEDIUM.yaml	CultureMech:003510	1	0	1	0	no	no
bacterial/KOMODO_1009_TCG_medium.yaml	CultureMech:003514	1	1	0	0	no	no
bacterial/KOMODO_1010_Artificial_SEAWATER_MEDIUM.yaml	CultureMech:003516	6	0	1	5	no	yes
bacterial/KOMODO_1023_MANNING_medium.yaml	CultureMech:003535	1	0	1	0	no	no
bacterial/KOMODO_1025_MARICAULIS_medium.yaml	CultureMech:003537	1	0	0	1	no	no
bacterial/KOMODO_1030_SMITHELLA_medium.yaml	CultureMech:003543	5	0	4	1	no	yes
bacterial/KOMODO_1031_YMA-MEDIUM.yaml	CultureMech:003544	1	0	1	0	no	no
bacterial/KOMODO_1032_MEDIUM_FOR_METHYLOBACTERIUM_PODARIUM.yaml	CultureMech:003545	3	0	3	0	no	yes
bacterial/KOMODO_1034_ALKALIPHILIC_HALOMONAS_medium.yaml	CultureMech:003547	1	0	1	0	no	no
bacterial/KOMODO_1039_ANACKER-ORDAL_AGAR.yaml	CultureMech:003553	1	1	0	0	no	no
bacterial/KOMODO_1041_SYFAC_medium.yaml	CultureMech:003599	5	0	4	1	no	yes
bacterial/KOMODO_1042_VULCANIBACILLUS_medium.yaml	CultureMech:003601	5	0	4	1	no	yes
bacterial/KOMODO_1046_ANOXYBACILLUS_AMYLOLYTICUS_medium.yaml	CultureMech:003604	1	1	0	0	no	no
bacterial/KOMODO_1049_SELENATE_REDUCER_MEDIUM.yaml	CultureMech:003607	2	0	2	0	no	no
bacterial/KOMODO_1053_SULFURIMONAS_PARALVINELLA_MEDIUM.yaml	CultureMech:003629	1	0	0	1	no	no
bacterial/KOMODO_1054_A1-MEDIUM.yaml	CultureMech:003630	1	1	0	0	no	no
bacterial/KOMODO_1055_DESULFOHALOBIUM_UTAHENSE_medium.yaml	CultureMech:003634	2	0	1	1	no	no
bacterial/KOMODO_1057_ETHANOLIGENES_medium.yaml	CultureMech:003635	2	0	1	1	no	no
bacterial/KOMODO_1059_GEOALKALIBACTER_medium.yaml	CultureMech:003642	1	0	1	0	no	no
bacterial/KOMODO_1062_DESULFITOBACTERIUM_PCE_II_medium.yaml	CultureMech:003645	4	0	0	4	no	yes
bacterial/KOMODO_1063_MICROCELLA_ALKALIPHILA_medium.yaml	CultureMech:003646	5	0	1	4	no	yes
bacterial/KOMODO_1065_M1-NOCARDIOPSIS_ARABIA_medium.yaml	CultureMech:003648	1	1	0	0	no	no
bacterial/KOMODO_1072_PSEUDOALTEROMONAS_SPIRALIS_medium.yaml	CultureMech:003660	2	0	0	2	no	no
bacterial/KOMODO_1086_DESULFATIRHABDIUM_medium.yaml	CultureMech:003738	2	0	1	1	no	no
bacterial/KOMODO_1092_THERMOSULFIDIBACTER_medium.yaml	CultureMech:003743	5	0	4	1	no	yes
bacterial/KOMODO_1095_NATRANAEROBIUS_medium.yaml	CultureMech:003747	2	0	1	1	no	no
bacterial/KOMODO_1097_SULFUROSPIRILLUM_MV_MEDIUM.yaml	CultureMech:003749	2	0	1	1	no	no
bacterial/KOMODO_1099_DESULFOLUNA_medium.yaml	CultureMech:003751	1	0	1	0	no	no
bacterial/KOMODO_109_RHODOPSEUDOMONAS_SULFOVIRIDIS_medium.yaml	CultureMech:003752	1	0	0	1	no	no
bacterial/KOMODO_1100_DESULFACINUM_medium.yaml	CultureMech:003800	1	0	1	0	no	no
bacterial/KOMODO_1101_DESULFONATRONOSPIRA_medium.yaml	CultureMech:003802	2	0	1	1	no	no
bacterial/KOMODO_1104_DETHIOBACTER_medium.yaml	CultureMech:003804	2	0	1	1	no	no
bacterial/KOMODO_1105_NITRILIRUPTOR_ALKALIPHILUS_MEDIUM.yaml	CultureMech:003805	1	0	1	0	no	no
bacterial/KOMODO_1108_CYS_MEDIUM.yaml	CultureMech:003808	3	0	3	0	no	yes
bacterial/KOMODO_1108a_CYS_MEDIUM_WITH_MODIFIED_NACL_CONCENTRATION.yaml	CultureMech:003809	3	0	3	0	no	yes
bacterial/KOMODO_1112_CALDITERRIVIBRIO_MEDIUM.yaml	CultureMech:003814	2	0	1	1	no	no
bacterial/KOMODO_1114_THIOFABA_MEDIUM.yaml	CultureMech:003815	1	0	0	1	no	no
bacterial/KOMODO_1116_STEROIDOBACTER_MEDIUM.yaml	CultureMech:003818	1	0	1	0	no	no
bacterial/KOMODO_1117_PYS_medium.yaml	CultureMech:003819	1	1	0	0	no	no
bacterial/KOMODO_1119_GNYS_medium.yaml	CultureMech:003821	1	0	1	0	no	no
bacterial/KOMODO_1122_MEDIUM_K.yaml	CultureMech:003826	1	0	0	1	no	no
bacterial/KOMODO_1128_RHODOVULUM_VISAKHUM_medium.yaml	CultureMech:003832	2	0	1	1	no	no
bacterial/KOMODO_1132_LC_2.yaml	CultureMech:003842	1	0	1	0	no	no
bacterial/KOMODO_1135_HD-MEDIUM_1_10_diluted_modified.yaml	CultureMech:003844	1	1	0	0	no	no
bacterial/KOMODO_1136_RHODOVULUM_KHOLENSE_medium.yaml	CultureMech:003845	1	0	1	0	no	no
bacterial/KOMODO_1137_RUBRITALEA_medium.yaml	CultureMech:003846	1	0	1	0	no	no
bacterial/KOMODO_113_THIOBACILLUS_DENITRIFICANS_MEDIUM.yaml	CultureMech:003849	2	0	1	1	no	no
bacterial/KOMODO_1144_SINGULISPHAERA_medium.yaml	CultureMech:003855	1	0	1	0	no	no
bacterial/KOMODO_1147_RV5_medium.yaml	CultureMech:003858	1	0	1	0	no	no
bacterial/KOMODO_1149_OCEANITHERMUS_medium.yaml	CultureMech:003859	1	0	1	0	no	no
bacterial/KOMODO_1150_HALOALKALIPHILIC_GROWTH_medium.yaml	CultureMech:003861	1	0	1	0	no	no
bacterial/KOMODO_1155_SME_MEDIUM.yaml	CultureMech:003864	1	1	0	0	no	no
bacterial/KOMODO_1157_PYEM_medium.yaml	CultureMech:003867	1	0	0	1	no	no
bacterial/KOMODO_1162_THIOPHAEOCOCCUS_MANGROVI_medium.yaml	CultureMech:003873	2	0	1	1	no	no
bacterial/KOMODO_1165_SPIROCHAETA_AMERICANA_medium.yaml	CultureMech:003878	4	0	4	0	no	yes
bacterial/KOMODO_1167_NSY-MEDIUM_FOR_POLYNUCLEOBACTER.yaml	CultureMech:003885	1	1	0	0	no	no
bacterial/KOMODO_1170_METHYLONATRUM_MEDIUM.yaml	CultureMech:003889	1	0	0	1	no	no
bacterial/KOMODO_1174_NITRINCOLA_medium.yaml	CultureMech:003894	1	0	1	0	no	no
bacterial/KOMODO_1176_HALOVIBRIO_medium.yaml	CultureMech:003896	1	0	1	0	no	no
bacterial/KOMODO_1177_RUBITELEA_medium.yaml	CultureMech:003897	1	1	0	0	no	no
bacterial/KOMODO_1180_METHYLOMICROBIUM_MEDIUM.yaml	CultureMech:003900	1	0	1	0	no	no
bacterial/KOMODO_1183_ROSEICYCLUS_medium.yaml	CultureMech:003903	2	0	0	2	no	no
bacterial/KOMODO_1187_ANOYXNATRONUM_medium.yaml	CultureMech:003907	1	0	1	0	no	no
bacterial/KOMODO_1191_EGGC.yaml	CultureMech:003928	5	1	0	4	no	yes
bacterial/KOMODO_1196_ZAVARZINELLA_FORMOSA_medium.yaml	CultureMech:003932	1	0	1	0	no	no
bacterial/KOMODO_1197_RHODOBACTER_THIOCAPSA_medium.yaml	CultureMech:003935	1	0	0	1	no	no
bacterial/KOMODO_1200_ANAEROMYXOBACTER-MEDIUM.yaml	CultureMech:003948	2	0	1	1	no	no
bacterial/KOMODO_1201_ALICYCLOBACILLUS_FERROOXYDANS_medium.yaml	CultureMech:003949	1	0	1	0	no	no
bacterial/KOMODO_1206_CALDANAEROVIRGA_medium.yaml	CultureMech:003954	1	0	0	1	no	no
bacterial/KOMODO_1208_BACILLUS_ALKALIDIAZOTROPHICUS_medium.yaml	CultureMech:003956	1	0	1	0	no	no
bacterial/KOMODO_1211_CALDISERICUM_medium.yaml	CultureMech:003963	1	0	1	0	no	no
bacterial/KOMODO_1217_ROSEOCOCCUS_SUDUNTUYENSIS_medium.yaml	CultureMech:003968	1	0	1	0	no	no
bacterial/KOMODO_1218_ROSEINATRONOBACTER_MONICUS_medium.yaml	CultureMech:003969	1	0	1	0	no	no
bacterial/KOMODO_1219_METHYLOVIRGULA_LIGNI_medium.yaml	CultureMech:003970	1	0	1	0	no	no
bacterial/KOMODO_1220_ACIDOSOMA_medium.yaml	CultureMech:003973	1	0	1	0	no	no
bacterial/KOMODO_1222_RHODOVULUM_MARINUM_MEDIUM.yaml	CultureMech:003976	2	0	1	1	no	no
bacterial/KOMODO_1224_ECTOTHIORHODOSPIRA_VARIABILIS_medium.yaml	CultureMech:003978	1	0	1	0	no	no
bacterial/KOMODO_1226_THIOHALOCAPSA_MARINA_medium.yaml	CultureMech:003981	1	0	0	1	no	no
bacterial/KOMODO_1227_RHODOBACA_BARGUZINENSIS_medium.yaml	CultureMech:003982	1	0	0	1	no	no
bacterial/KOMODO_1229_THIOHALOSPIRA_ALKALIPHILA_MEDIUM.yaml	CultureMech:003984	1	0	0	1	no	no
bacterial/KOMODO_1231_HALOPLASMA_CONTRACTILE_medium.yaml	CultureMech:003987	1	1	0	0	no	no
bacterial/KOMODO_1236_SPOROLITUUS_medium.yaml	CultureMech:003993	1	0	1	0	no	no
bacterial/KOMODO_1237_TEPIDIMICROBIUM_medium.yaml	CultureMech:003994	1	0	0	1	no	no
bacterial/KOMODO_1238_WOODSHOLEA_MEDIUM.yaml	CultureMech:003995	1	0	0	1	no	no
bacterial/KOMODO_1239_DESULFURISPIRILLUM_medium.yaml	CultureMech:003996	1	0	1	0	no	no
bacterial/KOMODO_1240_STARCH-MINERAL_SALT-AGAR_10_NACL.yaml	CultureMech:003998	3	0	3	0	no	yes
bacterial/KOMODO_1244_SCHLESNERIA_PALUDICOLA_medium.yaml	CultureMech:004001	1	0	1	0	no	no
bacterial/KOMODO_1249_FRR_medium.yaml	CultureMech:004006	1	0	1	0	no	no
bacterial/KOMODO_1250_DESULFOSPOROSINUS_ACIDOPHILUS_medium.yaml	CultureMech:004012	2	0	1	1	no	no
bacterial/KOMODO_1252_KISTIMONAS_ASTERIAE_medium.yaml	CultureMech:004014	1	1	0	0	no	no
bacterial/KOMODO_1255_THERMOVENABULUM_medium.yaml	CultureMech:004016	2	0	1	1	no	no
bacterial/KOMODO_1264_SPIROCHAETA_SP._medium.yaml	CultureMech:004021	1	0	0	1	no	no
bacterial/KOMODO_1275_GEORGFUCHSIA_MEDIUM.yaml	CultureMech:004029	2	0	1	1	no	no
bacterial/KOMODO_1277_SULFURICELLA_MEDIUM.yaml	CultureMech:004030	2	0	1	1	no	no
bacterial/KOMODO_1278_HYL_medium.yaml	CultureMech:004031	1	0	0	1	no	no
bacterial/KOMODO_1282_SH_SEAWATER_medium.yaml	CultureMech:004034	3	1	2	0	no	no
bacterial/KOMODO_1294_DESULFURISPIRILLUM_INDICUM_MEDIUM.yaml	CultureMech:004044	6	0	1	5	no	yes
bacterial/KOMODO_1299_THERMOSIPHO_AFFECTUS_medium.yaml	CultureMech:004046	2	0	1	1	no	no
bacterial/KOMODO_12_SOIL_EXTRACT_medium.yaml	CultureMech:004048	1	1	0	0	no	no
bacterial/KOMODO_1301_TEPIDANAEROBACTER_ACETATOXYDANS_medium.yaml	CultureMech:004056	1	0	1	0	no	no
bacterial/KOMODO_1304_SULFURITALEA_MEDIUM.yaml	CultureMech:004059	1	0	1	0	no	no
bacterial/KOMODO_1306_DEINOCOCCUS_medium.yaml	CultureMech:004061	1	0	1	0	no	no
bacterial/KOMODO_1321_ACIDIHALOBACTER_medium.yaml	CultureMech:004077	1	0	1	0	no	no
bacterial/KOMODO_1322_METHYLOFERULA_STELLATA_MEDIUM.yaml	CultureMech:004078	1	0	1	0	no	no
bacterial/KOMODO_1323_METHYLOCAPSA_AUREA_MEDIUM.yaml	CultureMech:004079	1	0	1	0	no	no
bacterial/KOMODO_1325_PARACOCCUS_BOGORIENSIS_medium.yaml	CultureMech:004081	1	0	1	0	no	no
bacterial/KOMODO_1327_LARKINELLA_ARBORICOLA_medium.yaml	CultureMech:004083	2	0	2	0	no	no
bacterial/KOMODO_1328_DEFLUVIITOGA_medium.yaml	CultureMech:004084	1	0	1	0	no	no
bacterial/KOMODO_1332_ALGORIPHAGUS_AQUAEDUCTUS_medium.yaml	CultureMech:004095	5	0	1	4	no	yes
bacterial/KOMODO_1341_MIN_E_-_METHYLOVERSATILIS_MEDIUM.yaml	CultureMech:004099	4	0	3	1	no	yes
bacterial/KOMODO_135_ACETOBACTERIUM_medium.yaml	CultureMech:004107	1	0	0	1	no	no
bacterial/KOMODO_1360_HIPPEA_JASONIAE_medium.yaml	CultureMech:004108	1	0	0	1	no	no
bacterial/KOMODO_137_MINERAL_LACTATE_MEDIUM_low_carbon_content.yaml	CultureMech:004110	5	0	5	0	no	yes
bacterial/KOMODO_1381_S_HELIORESTIS_medium.yaml	CultureMech:004111	1	0	1	0	no	no
bacterial/KOMODO_1398_1_10_PYGV_medium_modified.yaml	CultureMech:004115	6	0	0	6	no	yes
bacterial/KOMODO_1409_METHYLOCYSTIS_MEDIUM.yaml	CultureMech:004120	1	0	1	0	no	no
bacterial/KOMODO_1416_MST-MEDIUM_AUTOTROPHIC_GROWTH.yaml	CultureMech:004143	1	0	1	0	no	no
bacterial/KOMODO_1426_SSE_HD_1_10_medium.yaml	CultureMech:004152	1	0	1	0	no	no
bacterial/KOMODO_142_THIOMICROSPIRA_PELOPHILA_MEDIUM.yaml	CultureMech:004155	9	0	5	4	no	yes
bacterial/KOMODO_1446_ALKALISPIRILLUM_MOBILE_medium.yaml	CultureMech:004162	1	0	1	0	no	no
bacterial/KOMODO_1451_DEFERRISOMA_medium.yaml	CultureMech:004165	2	0	1	1	no	no
bacterial/KOMODO_1457_ALCALILIMNICOLA_EHRLICHII_MHLE-1_MEDIUM.yaml	CultureMech:004166	1	0	1	0	no	no
bacterial/KOMODO_152_NICOTINIC_ACID_medium.yaml	CultureMech:004175	1	0	0	1	no	no
bacterial/KOMODO_165_ACETIVIBRIO_CELLULOLYTICUS_MEDIUM.yaml	CultureMech:004192	2	0	1	1	no	no
bacterial/KOMODO_166_HYPHOMICROBIUM_STRAIN_X_MEDIUM.yaml	CultureMech:004193	5	0	5	0	no	yes
bacterial/KOMODO_193a_PHB_PYRUVATE_MEDIUM.yaml	CultureMech:004228	2	0	1	1	no	no
bacterial/KOMODO_194_DESULFOBULBUS_MEDIUM.yaml	CultureMech:004235	6	0	2	4	no	yes
bacterial/KOMODO_202_DESULFONEMA_MAGNUM_MEDIUM.yaml	CultureMech:004297	3	0	2	1	no	no
bacterial/KOMODO_212_SYNTHROPHOMONAS_medium.yaml	CultureMech:004403	5	0	1	4	no	yes
bacterial/KOMODO_213_SYNTHROPHOMONAS_medium_-SULFATE_FREE.yaml	CultureMech:004405	5	0	1	4	no	yes
bacterial/KOMODO_223_POLYANGIUM_MEDIUM.yaml	CultureMech:004578	1	1	0	0	no	no
bacterial/KOMODO_252_STARCH_-_MINERAL_salt_-_AGAR_STMS.yaml	CultureMech:004654	3	0	3	0	no	yes
bacterial/KOMODO_253_medium_FOR_ECTOTHIORHODOSPIRA.yaml	CultureMech:004655	4	0	1	3	no	yes
bacterial/KOMODO_268_TEA_FUNGUS_medium.yaml	CultureMech:004671	1	1	0	0	no	no
bacterial/KOMODO_26_ACID_RHODOSPIRILLACEAE_medium.yaml	CultureMech:004676	1	0	0	1	no	no
bacterial/KOMODO_27_RHODOSPIRILLACEAE_medium_modified.yaml	CultureMech:004707	1	0	0	1	no	no
bacterial/KOMODO_292_ACIDAMINOBACTER_medium.yaml	CultureMech:004754	2	0	1	1	no	no
bacterial/KOMODO_294_PELOBACTER_ACIDIGALLICI_MEDIUM.yaml	CultureMech:004758	5	0	1	4	no	yes
bacterial/KOMODO_298e_LuPhet1_medium.yaml	CultureMech:004768	5	0	1	4	no	yes
bacterial/KOMODO_29a_MEDIUM_FOR_CHLOROBIUM_FERROOXIDANS.yaml	CultureMech:004776	3	0	2	1	no	no
bacterial/KOMODO_300_RUMINOCOCCUS_PASTEURII_MEDIUM.yaml	CultureMech:004788	2	0	1	1	no	no
bacterial/KOMODO_311_SPOROMUSA_medium.yaml	CultureMech:004964	2	0	1	1	no	no
bacterial/KOMODO_314_ILYOBACTER_POLYTROPUS_medium.yaml	CultureMech:004998	2	0	1	1	no	no
bacterial/KOMODO_319_SPOROHALOBACTER_LORTETII_medium.yaml	CultureMech:005007	1	0	0	1	no	no
bacterial/KOMODO_320_CLOSTRIDIUM_CELLULOVORANS_medium.yaml	CultureMech:005010	1	0	1	0	no	no
bacterial/KOMODO_335_EUBACTERIUM_OXIDOREDUCENS_medium.yaml	CultureMech:005030	5	0	1	4	no	yes
bacterial/KOMODO_337_SYNTROPHOCOCCUS_SUCROMUTANS_medium.yaml	CultureMech:005034	5	0	1	4	no	yes
bacterial/KOMODO_347a_SYNTROPHOMONAS_ZEHNDERI_medium.yaml	CultureMech:005060	5	0	1	4	no	yes
bacterial/KOMODO_351_RHODOBACTER_ADRIATICUS_MEDIUM.yaml	CultureMech:005067	5	0	1	4	no	yes
bacterial/KOMODO_356_THIOSPHAERA_PANTOTROPHA_medium.yaml	CultureMech:005073	1	0	1	0	no	no
bacterial/KOMODO_357_FLEXIBACTER_CANADENSIS_medium.yaml	CultureMech:005074	1	0	1	0	no	no
bacterial/KOMODO_371_NATRONOBACTERIA_medium.yaml	CultureMech:005093	1	0	1	0	no	no
bacterial/KOMODO_380_MAGNETOSPIRILLUM_MEDIUM.yaml	CultureMech:005116	2	0	1	1	no	no
bacterial/KOMODO_382_MINERAL_MEDIUM_M9_for_E._coli_JM_strains.yaml	CultureMech:005129	1	0	0	1	no	no
bacterial/KOMODO_383_DESULFOBACTERIUM_MEDIUM.yaml	CultureMech:005154	2	0	1	1	no	no
bacterial/KOMODO_383d_DESULFONAUTICUS_medium.yaml	CultureMech:005159	2	0	1	1	no	no
bacterial/KOMODO_385_DESULFOBACTERIUM_CATECHOLICUM_MEDIUM.yaml	CultureMech:005161	2	0	1	1	no	no
bacterial/KOMODO_388_DICTYOGLOMUS_medium.yaml	CultureMech:005165	1	0	0	1	no	no
bacterial/KOMODO_391-1_For_DSM_4254.yaml	CultureMech:005173	1	0	0	1	no	no
bacterial/KOMODO_397_FERULATE_medium.yaml	CultureMech:005184	5	0	1	4	no	yes
bacterial/KOMODO_403_BSK-MEDIUM.yaml	CultureMech:005218	1	1	0	0	no	no
bacterial/KOMODO_40_PFENNIG_S_MEDIUM_II_WITH_SALT.yaml	CultureMech:005231	2	0	1	1	no	no
bacterial/KOMODO_419_OXALOBACTER_medium.yaml	CultureMech:005243	1	0	1	0	no	no
bacterial/KOMODO_428_HETEROTROPHIC_medium_H3P.yaml	CultureMech:005254	4	0	0	4	no	yes
bacterial/KOMODO_430_ECTOTHIORHODOSPIRA_ABDELMALEKII_MEDIUM.yaml	CultureMech:005278	5	0	1	4	no	yes
bacterial/KOMODO_431_ECTOTHIORHODOSPIRA_VACUOLATA_MEDIUM.yaml	CultureMech:005279	5	0	1	4	no	yes
bacterial/KOMODO_441_DIAZOTROPHIC_medium_RBA.yaml	CultureMech:005288	4	0	0	4	no	yes
bacterial/KOMODO_450_SUPPLEMENTED_ARGININE_M9_MEDIUM.yaml	CultureMech:005290	1	0	0	1	no	no
bacterial/KOMODO_452_GLUCOSE_medium_NAKAYAMA.yaml	CultureMech:005291	2	0	2	0	no	no
bacterial/KOMODO_454_EBA_MEDIUM.yaml	CultureMech:005304	2	0	1	1	no	no
bacterial/KOMODO_463_NITRILOTRIACETATE_MEDIUM.yaml	CultureMech:005507	1	0	1	0	no	no
bacterial/KOMODO_463a_EDTA-MEDIUM.yaml	CultureMech:005508	1	0	1	0	no	no
bacterial/KOMODO_467_OTTOW_medium.yaml	CultureMech:005580	1	1	0	0	no	no
bacterial/KOMODO_473_MEDIUM_WITH_EDTA_AS_CARBON_SOURCE.yaml	CultureMech:005588	3	0	0	3	no	yes
bacterial/KOMODO_477_THIOBACILLUS_PROSPERUS_MEDIUM.yaml	CultureMech:005591	1	0	1	0	no	no
bacterial/KOMODO_480_DESULFURELLA_medium.yaml	CultureMech:005596	2	0	1	1	no	no
bacterial/KOMODO_480b_TTD-MEDIUM.yaml	CultureMech:005598	2	0	1	1	no	no
bacterial/KOMODO_482_ANAEROBACTER_medium.yaml	CultureMech:005604	1	0	1	0	no	no
bacterial/KOMODO_492_CLOSTRIDIUM_METHYLPENTOSUM_MEDIUM.yaml	CultureMech:005620	1	0	0	1	no	no
bacterial/KOMODO_494_ACETOHALOBIUM_medium.yaml	CultureMech:005623	1	0	0	1	no	no
bacterial/KOMODO_499_DESULFOHALOBIUM_medium.yaml	CultureMech:005632	1	0	1	0	no	no
bacterial/KOMODO_503c_PROPIONISPORA_MEDIUM.yaml	CultureMech:005683	5	0	1	4	no	yes
bacterial/KOMODO_507_CARBOXYDOTHERMUS_medium.yaml	CultureMech:005708	1	0	0	1	no	no
bacterial/KOMODO_516_ANAEROCELLUM_medium.yaml	CultureMech:005874	2	0	1	1	no	no
bacterial/KOMODO_517_DESULFOBACTERIUM_OLEOVORANS_MEDIUM.yaml	CultureMech:005875	3	0	1	2	no	no
bacterial/KOMODO_520_CM3_medium.yaml	CultureMech:005882	1	0	1	0	no	no
bacterial/KOMODO_521_DESULFOMONILE_medium.yaml	CultureMech:005883	1	0	1	0	no	no
bacterial/KOMODO_540_ACETITOMACULUM_medium.yaml	CultureMech:005968	1	0	0	1	no	no
bacterial/KOMODO_541_SULFUROSPIRILLUM_MEDIUM.yaml	CultureMech:005970	1	0	1	0	no	no
bacterial/KOMODO_547_ISP_medium_4.yaml	CultureMech:005991	3	0	3	0	no	yes
bacterial/KOMODO_549_CM_YE_medium.yaml	CultureMech:005996	1	0	1	0	no	no
bacterial/KOMODO_559_TMBS4_medium.yaml	CultureMech:006010	1	0	1	0	no	no
bacterial/KOMODO_572_GYE_-_medium.yaml	CultureMech:006019	1	1	0	0	no	no
bacterial/KOMODO_579_GEOBACTER_MEDIUM.yaml	CultureMech:006023	1	0	0	1	no	no
bacterial/KOMODO_586_THAUERA_AROMATICA_MEDIUM.yaml	CultureMech:006064	1	0	1	0	no	no
bacterial/KOMODO_58_BIFIDOBACTERIUM_medium.yaml	CultureMech:006069	1	0	0	1	no	no
bacterial/KOMODO_591_HALOBACTEROIDES_HALOINCOLA_medium.yaml	CultureMech:006073	1	0	1	0	no	no
bacterial/KOMODO_592_THERMOMICROBIUM_ROSEUM_medium.yaml	CultureMech:006074	3	0	3	0	no	yes
bacterial/KOMODO_595_CAULOBACTER_medium.yaml	CultureMech:006076	1	1	0	0	no	no
bacterial/KOMODO_596_BLASTOCOCCUS_AGGREGATUS_MEDIUM.yaml	CultureMech:006077	3	0	3	0	no	yes
bacterial/KOMODO_600_M14_PIRELLULA_MARINA_MEDIUM.yaml	CultureMech:006087	1	0	1	0	no	no
bacterial/KOMODO_600a_M13a_PIRELLULA_medium.yaml	CultureMech:006088	1	0	1	0	no	no
bacterial/KOMODO_603_ANCALOMICROBIUM_MEDIUM.yaml	CultureMech:006091	1	0	1	0	no	no
bacterial/KOMODO_606_COLBY_AND_ZATHMAN_MEDIUM.yaml	CultureMech:006095	1	0	1	0	no	no
bacterial/KOMODO_607_M13_VERRUCOMICROBIUM_medium.yaml	CultureMech:006096	1	0	1	0	no	no
bacterial/KOMODO_607a_FILOBACILLUS_MILOSENSIS_medium.yaml	CultureMech:006097	1	0	1	0	no	no
bacterial/KOMODO_612_DESULFOBACTERIUM_CETONICUM_MEDIUM.yaml	CultureMech:006102	1	0	1	0	no	no
bacterial/KOMODO_617_MARINOMONAS_VAGA_medium.yaml	CultureMech:006109	1	1	0	0	no	no
bacterial/KOMODO_617a_BLOOD_AGAR_BASE_OXOID_CM55.yaml	CultureMech:006111	1	1	0	0	no	no
bacterial/KOMODO_619_HYPHOMICROBIUM_METHYLOVORUM_MEDIUM.yaml	CultureMech:006113	1	1	0	0	no	no
bacterial/KOMODO_628_MMB_medium.yaml	CultureMech:006134	1	0	1	0	no	no
bacterial/KOMODO_629_STALEY_S_MAINTENANCE_medium.yaml	CultureMech:006135	1	0	1	0	no	no
bacterial/KOMODO_630_MODIFIED_THERMUS_162_medium.yaml	CultureMech:006145	1	0	1	0	no	no
bacterial/KOMODO_635_SPIROCHAETA_CALDARIA_medium.yaml	CultureMech:006151	2	0	1	1	no	no
bacterial/KOMODO_63_DESULFOVIBRIO_medium.yaml	CultureMech:006160	1	0	1	0	no	no
bacterial/KOMODO_640_CALDICELLULOSIRUPTOR_medium.yaml	CultureMech:006174	1	0	1	0	no	no
bacterial/KOMODO_649_DESULFUROMONAS_SUCCINOXIDANS_MEDIUM.yaml	CultureMech:006196	5	0	1	4	no	yes
bacterial/KOMODO_650_CENTENUM_medium.yaml	CultureMech:006227	1	1	0	0	no	no
bacterial/KOMODO_651_R_8_A_H_medium.yaml	CultureMech:006228	2	0	0	2	no	no
bacterial/KOMODO_654_SPIRILLUM_GRACILE_medium.yaml	CultureMech:006231	1	1	0	0	no	no
bacterial/KOMODO_663_DESULFITOBACTERIUM_medium.yaml	CultureMech:006245	1	0	0	1	no	no
bacterial/KOMODO_665_SULFOBACILLUS_medium.yaml	CultureMech:006248	1	0	1	0	no	no
bacterial/KOMODO_668_FLEXIBACTER_medium.yaml	CultureMech:006257	4	1	3	0	no	yes
bacterial/KOMODO_669_CYTOPHAGA_medium.yaml	CultureMech:006258	1	1	0	0	no	no
bacterial/KOMODO_670_MS-MEDIUM.yaml	CultureMech:006265	1	0	1	0	no	no
bacterial/KOMODO_684_MPOB_medium.yaml	CultureMech:006289	2	0	1	1	no	no
bacterial/KOMODO_685_ANAEROBRANCA_medium.yaml	CultureMech:006290	1	0	0	1	no	no
bacterial/KOMODO_689_ACE_medium.yaml	CultureMech:006293	1	0	0	1	no	no
bacterial/KOMODO_690_DMA_MEDIUM.yaml	CultureMech:006295	1	0	0	1	no	no
bacterial/KOMODO_691_CreDm1_MEDIUM.yaml	CultureMech:006296	2	0	1	1	no	no
bacterial/KOMODO_694_MEDIUM_E-2.yaml	CultureMech:006312	1	1	0	0	no	no
bacterial/KOMODO_702_HALOCELLA_CELLULOLYTICA_medium.yaml	CultureMech:006333	1	0	1	0	no	no
bacterial/KOMODO_710_KoKo_medium.yaml	CultureMech:006347	2	0	1	1	no	no
bacterial/KOMODO_711_SPOROBACTER_medium.yaml	CultureMech:006348	1	0	1	0	no	no
bacterial/KOMODO_711a_EUBACTERIUM_AGGREGANS_medium.yaml	CultureMech:006349	1	0	1	0	no	no
bacterial/KOMODO_712_PSEUDOBUTYRIVIBRIO_medium.yaml	CultureMech:006350	1	0	0	1	no	no
bacterial/KOMODO_717_DESULFITOBACTERIUM_PCE_MEDIUM.yaml	CultureMech:006354	5	0	0	5	no	yes
bacterial/KOMODO_718_PETROTOGA_medium.yaml	CultureMech:006360	1	0	0	1	no	no
bacterial/KOMODO_719_ANAEROFILUM_medium.yaml	CultureMech:006361	2	0	2	0	no	no
bacterial/KOMODO_720_DESULFITOBACTERIUM_HAFNIENSE_medium.yaml	CultureMech:006363	2	0	1	1	no	no
bacterial/KOMODO_728_DESULFOBACCA_MEDIUM.yaml	CultureMech:006370	5	0	1	4	no	yes
bacterial/KOMODO_731_THERMOSYNTROPHA_medium.yaml	CultureMech:006374	1	0	0	1	no	no
bacterial/KOMODO_737_DPM_MEDIUM.yaml	CultureMech:006385	3	0	3	0	no	yes
bacterial/KOMODO_739_DESULFONEMA_ISHIMOTOI_MEDIUM.yaml	CultureMech:006388	3	0	2	1	no	no
bacterial/KOMODO_742_DESULFONATRONOVIBRIO_medium.yaml	CultureMech:006393	1	0	0	1	no	no
bacterial/KOMODO_745_RHODOBIUM_MEDIUM.yaml	CultureMech:006396	1	0	1	0	no	no
bacterial/KOMODO_746_RHODOVULUM_STRICTUM_medium.yaml	CultureMech:006397	1	0	1	0	no	no
bacterial/KOMODO_747_DSIC_medium_modified.yaml	CultureMech:006398	2	0	1	1	no	no
bacterial/KOMODO_748_CENS_medium.yaml	CultureMech:006399	1	0	1	0	no	no
bacterial/KOMODO_749_THERMODESULFOVIBRIO_YELLOWSTONII_medium.yaml	CultureMech:006400	1	0	0	1	no	no
bacterial/KOMODO_752_HALOMONAS_PANTELLERIENSE.yaml	CultureMech:006404	2	0	2	0	no	no
bacterial/KOMODO_768_M17_MEDIUM_FOR_FILOMICROBIUM_FUSIFORME.yaml	CultureMech:006423	1	0	1	0	no	no
bacterial/KOMODO_769_CLOSTRIDIUM_VINCENTII_medium.yaml	CultureMech:006425	1	0	0	1	no	no
bacterial/KOMODO_773_PARACOCCUS_KOCURII_MEDIUM.yaml	CultureMech:006430	1	0	1	0	no	no
bacterial/KOMODO_778_THERMOTERRABACTERIUM_medium.yaml	CultureMech:006439	2	0	1	1	no	no
bacterial/KOMODO_784_NATRONIELLA_medium.yaml	CultureMech:006484	2	0	1	1	no	no
bacterial/KOMODO_791_PORPHYROBACTER_TEPIDARIUS_medium.yaml	CultureMech:006498	6	0	1	5	no	yes
bacterial/KOMODO_793_MOORELLA_GLYCERINI_medium.yaml	CultureMech:006502	2	0	1	1	no	no
bacterial/KOMODO_795a_LEBETIMONAS_medium.yaml	CultureMech:006505	1	0	0	1	no	no
bacterial/KOMODO_798_TINDALLIA_medium.yaml	CultureMech:006509	1	0	1	0	no	no
bacterial/KOMODO_802_GRACILIBACILLUS_medium.yaml	CultureMech:006519	2	0	2	0	no	no
bacterial/KOMODO_803_SPHAEROTILUS-LEPTOTHRIX_medium.yaml	CultureMech:006520	1	1	0	0	no	no
bacterial/KOMODO_807_HALOANAEROBIUM_ALCALIPHILUM_medium.yaml	CultureMech:006525	1	0	1	0	no	no
bacterial/KOMODO_81-3_For_heterotrophic_growth.yaml	CultureMech:006531	4	0	0	4	no	yes
bacterial/KOMODO_813_DESULFONATRONUM_medium.yaml	CultureMech:006536	2	0	1	1	no	no
bacterial/KOMODO_818_CHRYSIOGENES_MEDIUM.yaml	CultureMech:006543	6	0	1	5	no	yes
bacterial/KOMODO_81_MINERAL_MEDIUM_FOR_CHEMOLITHOTROPHIC_GROWTH_H-3.yaml	CultureMech:006545	4	0	0	4	no	yes
bacterial/KOMODO_826_GEOBACTER_MEDIUM.yaml	CultureMech:006556	1	0	0	1	no	no
bacterial/KOMODO_827_THERMOANAEROBACTER_SULFUROPHILUS_medium.yaml	CultureMech:006558	2	0	1	1	no	no
bacterial/KOMODO_828_NEVSKIA_MEDIUM.yaml	CultureMech:006559	5	0	1	4	no	yes
bacterial/KOMODO_829_DESULFUROBACTERIUM_MEDIUM.yaml	CultureMech:006564	5	0	1	4	no	yes
bacterial/KOMODO_829a_DESULFUROBACTERIUM_ATLANTICUM_MEDIUM.yaml	CultureMech:006565	5	0	1	4	no	yes
bacterial/KOMODO_830_R2A_medium.yaml	CultureMech:006618	1	0	1	0	no	no
bacterial/KOMODO_830a_medium_R2A_MODIFIED.yaml	CultureMech:006620	1	0	1	0	no	no
bacterial/KOMODO_830b_medium_R2A_FOR_DENITRIFYING_BACTERIA.yaml	CultureMech:006621	1	0	1	0	no	no
bacterial/KOMODO_833_DEHALOSPIRILLUM_medium.yaml	CultureMech:006625	7	0	2	5	no	yes
bacterial/KOMODO_834_COPROTHERMOBACTER_PLATENSIS_medium.yaml	CultureMech:006626	2	0	1	1	no	no
bacterial/KOMODO_835_DESULFUROMONAS_CHLOROETHENICA_MEDIUM.yaml	CultureMech:006627	2	0	1	1	no	no
bacterial/KOMODO_837_DESULFUROMONAS_PALMITATIS_MEDIUM.yaml	CultureMech:006630	1	0	0	1	no	no
bacterial/KOMODO_841_MSV-THIOTRIX-MEDIUM.yaml	CultureMech:006644	4	0	0	4	no	yes
bacterial/KOMODO_842_HALOANAEROBACTER_SALINARIUS_medium.yaml	CultureMech:006645	2	0	1	1	no	no
bacterial/KOMODO_847_MACROMONAS_medium.yaml	CultureMech:006654	5	0	1	4	no	yes
bacterial/KOMODO_84_ROLLED_OATS_MINERAL_medium.yaml	CultureMech:006657	3	0	3	0	no	yes
bacterial/KOMODO_854_HIPPEA_medium.yaml	CultureMech:006671	1	0	0	1	no	no
bacterial/KOMODO_856_STARCH_NITRATE_medium.yaml	CultureMech:006674	3	0	3	0	no	yes
bacterial/KOMODO_864_HALOTHIOBACILLUS_MEDIUM.yaml	CultureMech:006694	1	0	1	0	no	no
bacterial/KOMODO_867_RHODOBACTER_VELDKAMPII_MEDIUM.yaml	CultureMech:006697	5	0	0	5	no	yes
bacterial/KOMODO_870_SYNTROPHOTHERMUS_MEDIUM.yaml	CultureMech:006705	1	0	0	1	no	no
bacterial/KOMODO_872_PAPILLIBACTER_medium.yaml	CultureMech:006707	1	0	1	0	no	no
bacterial/KOMODO_873_THERMOANAEROVIBRIO_medium.yaml	CultureMech:006708	2	0	1	1	no	no
bacterial/KOMODO_875_DESULFACINUM_HYDROTHERMALE_MEDIUM.yaml	CultureMech:006712	5	0	1	4	no	yes
bacterial/KOMODO_876_TD3-MEDIUM.yaml	CultureMech:006713	6	0	1	5	no	yes
bacterial/KOMODO_878_THERMUS_162_medium.yaml	CultureMech:006717	1	0	1	0	no	no
bacterial/KOMODO_879_CLOSTRIDIUM_LJUNGDAHLII_medium.yaml	CultureMech:006718	1	0	0	1	no	no
bacterial/KOMODO_87_CHLOROFLEXUS_medium_modified.yaml	CultureMech:006719	5	0	0	5	no	yes
bacterial/KOMODO_87a_CHLOROFLEXUS_AGGREGANS_medium.yaml	CultureMech:006721	5	0	0	5	no	yes
bacterial/KOMODO_881_DENITROVIBRIO_MEDIUM.yaml	CultureMech:006731	5	0	1	4	no	yes
bacterial/KOMODO_882_LEPTOSPIRILLUM_HH_MEDIUM.yaml	CultureMech:006732	1	0	1	0	no	no
bacterial/KOMODO_888_AQUASPIRILLUM_medium.yaml	CultureMech:006738	2	0	1	1	no	no
bacterial/KOMODO_895_ANAEROBRANCA_GOTTSCHALKII_medium.yaml	CultureMech:006750	1	0	0	1	no	no
bacterial/KOMODO_896_DESULFOVIBRIO_MAGNETICUS_MEDIUM.yaml	CultureMech:006751	2	0	1	1	no	no
bacterial/KOMODO_898_ANOXYBACILLUS_medium.yaml	CultureMech:006758	2	0	1	1	no	no
bacterial/KOMODO_900_ACETOBACTERIUM_TUNDRAE_MEDIUM.yaml	CultureMech:006769	5	0	1	4	no	yes
bacterial/KOMODO_903_THERMOANAEROBACTERIUM_medium.yaml	CultureMech:006773	5	0	1	4	no	yes
bacterial/KOMODO_906_DETHIOSULFOVIBRIO_II_medium.yaml	CultureMech:006777	1	0	1	0	no	no
bacterial/KOMODO_908_MEDIUM_FOR_CHLORATE_RESPIRERS.yaml	CultureMech:006779	1	0	1	0	no	no
bacterial/KOMODO_909_TREPONEMA_DENTICOLA_medium.yaml	CultureMech:006781	1	0	0	1	no	no
bacterial/KOMODO_910_MODIFIED_CM_YE_medium_B.yaml	CultureMech:006784	1	0	1	0	no	no
bacterial/KOMODO_913_THERMOTOGA_PETROPHILA_medium.yaml	CultureMech:006788	1	0	0	1	no	no
bacterial/KOMODO_918_THAUERA_MECHERNICHI_MEDIUM.yaml	CultureMech:006795	5	0	5	0	no	yes
bacterial/KOMODO_921_METHYLOSARCINA_QUISQUILLARUM_AND_M._FIBRATA_MEDIUM.yaml	CultureMech:006827	1	0	1	0	no	no
bacterial/KOMODO_922_METHYLOCAPSA_ACIDOPHILA_MEDIUM.yaml	CultureMech:006828	1	0	1	0	no	no
bacterial/KOMODO_928_ROSEINATRONOBACTER_medium.yaml	CultureMech:006846	1	0	1	0	no	no
bacterial/KOMODO_929_RHODOVULUM_IODOSUM_AND_R._ROBIGINOSUM_MEDIUM.yaml	CultureMech:006847	1	0	1	0	no	no
bacterial/KOMODO_935_DEFERRIBACTER_medium.yaml	CultureMech:006857	1	0	0	1	no	no
bacterial/KOMODO_938_ST21_AGAR_FOR_CELLULOSE_DEGRADERS.yaml	CultureMech:006861	2	1	1	0	no	no
bacterial/KOMODO_939_METHYLOTROPHIC_ARTHROBACTER_AND_HYPHOMICROBIUM_MEDIUM.yaml	CultureMech:006866	3	0	3	0	no	yes
bacterial/KOMODO_941_medium_FOR_ARHODOMONAS_AND_MARINOBACTER.yaml	CultureMech:006873	1	0	1	0	no	no
bacterial/KOMODO_944_PSEUDOMONAS_CHLOROTIDISMUTANS_MEDIUM.yaml	CultureMech:006875	1	0	1	0	no	no
bacterial/KOMODO_946_NAUTILIA_medium.yaml	CultureMech:006883	1	0	0	1	no	no
bacterial/KOMODO_951_METHYLOPHAGA_SULFIDOVORANS_MEDIUM.yaml	CultureMech:006894	5	0	1	4	no	yes
bacterial/KOMODO_95_DESULFUROMONAS_ACETOXIDANS_medium.yaml	CultureMech:006905	1	0	1	0	no	no
bacterial/KOMODO_960_PELOTOMACULUM_medium.yaml	CultureMech:006916	2	0	1	1	no	no
bacterial/KOMODO_962_THERMOVENABULUM_medium.yaml	CultureMech:006919	1	0	0	1	no	no
bacterial/KOMODO_963_THERMOANAEROMONAS_medium.yaml	CultureMech:006920	2	0	1	1	no	no
bacterial/KOMODO_978_THERMOACTINOMYCES_medium.yaml	CultureMech:006936	3	0	3	0	no	yes
bacterial/KOMODO_981_GEOTHERMOBACTER_medium.yaml	CultureMech:006942	2	0	1	1	no	no
bacterial/KOMODO_992_BACILLUS_FILIFORMIS_medium.yaml	CultureMech:006964	1	0	1	0	no	no
bacterial/KOMODO_993_ISP_5_MEDIUM.yaml	CultureMech:006973	3	0	3	0	no	yes
bacterial/KOMODO_993a_NESTERENKONIA_MODIFIED_medium.yaml	CultureMech:006974	3	0	3	0	no	yes
bacterial/KOMODO_993b_MODIFIED_ISP5_medium.yaml	CultureMech:006975	3	0	3	0	no	yes
bacterial/KOMODO_993c_MODIFIED_ISP5_MEDIUM_WITH_SODIUM_CHLORIDE.yaml	CultureMech:006976	3	0	3	0	no	yes
bacterial/KOMODO_998_medium_FOR_ROSEOSPIRA.yaml	CultureMech:006983	1	0	1	0	no	no
bacterial/KOMODO_999_HALORHODOSPIRA_medium.yaml	CultureMech:006984	1	0	1	0	no	no
bacterial/TOGO_M1000_IRD_Desulfocurvus_Medium.yaml	CultureMech:007513	1	0	0	1	yes	no
bacterial/TOGO_M1003_Thermodesulfobacterium_Geofontis_Medium.yaml	CultureMech:007516	1	0	0	1	yes	no
bacterial/TOGO_M1006_Desulfohalobium_Utahense_Medium.yaml	CultureMech:007519	1	0	0	1	yes	no
bacterial/TOGO_M1007_Sea_Salts_TYG_Medium.yaml	CultureMech:007520	1	0	0	1	yes	no
bacterial/TOGO_M1009_Syntrophus_Aciditrophicus_Medium.yaml	CultureMech:007522	1	0	0	1	yes	no
bacterial/TOGO_M1010_Modified_HM_Medium.yaml	CultureMech:007524	1	0	1	0	no	no
bacterial/TOGO_M1011_Modified_HM_Medium.yaml	CultureMech:007525	1	0	1	0	no	no
bacterial/TOGO_M1012_GAL1_Medium.yaml	CultureMech:007526	1	0	0	1	yes	no
bacterial/TOGO_M1013_Desulfotomaculum_Tongense_Medium.yaml	CultureMech:007527	1	0	0	1	yes	no
bacterial/TOGO_M1014_480G_Medium.yaml	CultureMech:007528	4	0	3	1	yes	no
bacterial/TOGO_M1015_G-S_Medium.yaml	CultureMech:007529	2	0	1	1	yes	no
bacterial/TOGO_M1016_PA_Medium.yaml	CultureMech:007530	1	0	0	1	yes	no
bacterial/TOGO_M1017_KD-1_Medium.yaml	CultureMech:007531	1	0	0	1	yes	no
bacterial/TOGO_M1018_Modified_Caldicellulosiruptor_Medium.yaml	CultureMech:007532	2	0	1	1	yes	no
bacterial/TOGO_M1020_Acidifferobacter_Murciensis_Medium.yaml	CultureMech:007535	8	1	7	0	yes	no
bacterial/TOGO_M1025_Alkalinus_Abyssiniese_Medium.yaml	CultureMech:007539	6	0	6	0	yes	no
bacterial/TOGO_M1029_Thermoflexus_Hungenholtzii_Medium.yaml	CultureMech:007543	7	0	7	0	yes	no
bacterial/TOGO_M102_Alkaline_Cellulose_Agar.yaml	CultureMech:007544	1	1	0	0	yes	no
bacterial/TOGO_M1030_VNG_Medium.yaml	CultureMech:007545	5	0	5	0	yes	no
bacterial/TOGO_M1032_M13_Medium.yaml	CultureMech:007547	7	1	1	5	yes	no
bacterial/TOGO_M1036_Artificial_Seawater_Medium_With_Pullulan.yaml	CultureMech:007551	1	0	0	1	yes	no
bacterial/TOGO_M1037_Mesanospirillum_X-18_Medium.yaml	CultureMech:007552	2	0	1	1	yes	no
bacterial/TOGO_M1040_CEJFB1T_Medium.yaml	CultureMech:007556	1	0	0	1	yes	no
bacterial/TOGO_M1041_MPOB_Medium.yaml	CultureMech:007557	1	0	0	1	yes	no
bacterial/TOGO_M1042_IRD_Aminobacterium_Medium.yaml	CultureMech:007558	1	0	0	1	yes	no
bacterial/TOGO_M1043_Modified_MPOB_Medium.yaml	CultureMech:007559	1	0	0	1	yes	no
bacterial/TOGO_M1044_IRD_Fusibacter_Medium.yaml	CultureMech:007560	1	0	0	1	yes	no
bacterial/TOGO_M1045_Diluted_Nitrate_Mineral_Medium.yaml	CultureMech:007561	1	1	0	0	yes	no
bacterial/TOGO_M1048_MBM_Medium_2.yaml	CultureMech:007564	1	0	0	1	yes	no
bacterial/TOGO_M1049_M30.yaml	CultureMech:007565	6	0	0	6	yes	no
bacterial/TOGO_M104_CM3_Medium.yaml	CultureMech:007566	1	0	1	0	no	no
bacterial/TOGO_M1052_Marinitoga_Medium.yaml	CultureMech:007568	1	0	0	1	no	no
bacterial/TOGO_M1053_Desulfosporosinus_Acidodurans_Medium.yaml	CultureMech:007569	1	0	0	1	yes	no
bacterial/TOGO_M1054_Desulfosporosinus_Acidodurans_Medium.yaml	CultureMech:007570	1	0	0	1	yes	no
bacterial/TOGO_M1058_YTPS_Medium.yaml	CultureMech:007574	1	0	0	1	yes	no
bacterial/TOGO_M1060_Freshwater_Medium_For_Soil_AOA.yaml	CultureMech:007577	15	1	7	7	yes	no
bacterial/TOGO_M106_Microtetraspora_Medium.yaml	CultureMech:007587	4	0	4	0	no	yes
bacterial/TOGO_M1071_Acetivibrio_Medium.yaml	CultureMech:007589	1	0	0	1	yes	no
bacterial/TOGO_M1072_NASU_Iron_Reducer_Medium.yaml	CultureMech:007590	3	1	2	0	yes	no
bacterial/TOGO_M107_Modified_CM_YE_Medium_A.yaml	CultureMech:007595	1	0	1	0	yes	no
bacterial/TOGO_M1081_Desulfocarbo_Indianensis_Medium.yaml	CultureMech:007597	2	0	1	1	yes	no
bacterial/TOGO_M1082_MM4Y_Medium.yaml	CultureMech:007598	1	0	1	0	yes	no
bacterial/TOGO_M1084_Pyvl_Medium.yaml	CultureMech:007600	5	0	0	5	yes	no
bacterial/TOGO_M1087_PYX_Medium.yaml	CultureMech:007603	1	0	0	1	yes	no
bacterial/TOGO_M1088_IRD_Marinifilum_Medium.yaml	CultureMech:007604	1	0	0	1	yes	no
bacterial/TOGO_M1093_Rumen_Bacteria_Medium.yaml	CultureMech:007610	1	0	0	1	yes	no
bacterial/TOGO_M1094_Dissulfurimicrobium_Hydrothermale_Medium.yaml	CultureMech:007611	8	1	7	0	yes	no
bacterial/TOGO_M1098_IRD_SM40_Medium.yaml	CultureMech:007615	1	0	0	1	yes	no
bacterial/TOGO_M1106_Thiobacillus_Prosperus_FO1_Medium.yaml	CultureMech:007625	1	0	1	0	yes	no
bacterial/TOGO_M1109_ML-15_Medium.yaml	CultureMech:007628	1	0	1	0	yes	no
bacterial/TOGO_M1112_Marinitoga_Medium.yaml	CultureMech:007632	1	0	0	1	yes	no
bacterial/TOGO_M1118_Endomicrobium_Proavitum_RSA_Medium.yaml	CultureMech:007638	1	0	0	1	yes	no
bacterial/TOGO_M1124_Acetomicrobium_Faecale_Medium.yaml	CultureMech:007645	1	0	0	1	yes	no
bacterial/TOGO_M1131_Desulfuromonas_Carbonis_Medium.yaml	CultureMech:007653	1	0	1	0	yes	no
bacterial/TOGO_M1133_Geosporobacter_Medium.yaml	CultureMech:007655	1	0	0	1	yes	no
bacterial/TOGO_M1134_Acidified_MPOB_Medium.yaml	CultureMech:007656	1	0	0	1	yes	no
bacterial/TOGO_M1135_M25Y_Medium.yaml	CultureMech:007657	1	0	0	1	yes	no
bacterial/TOGO_M1139_MO-XQ_Medium.yaml	CultureMech:007661	1	0	0	1	yes	no
bacterial/TOGO_M1140_MO-YS_Medium.yaml	CultureMech:007663	1	0	0	1	yes	no
bacterial/TOGO_M1143_Vulcanibacillus_B5_Medium.yaml	CultureMech:007666	1	0	0	1	yes	no
bacterial/TOGO_M1145_Alkaliphilus_Lact_Medium.yaml	CultureMech:007668	1	0	0	1	yes	no
bacterial/TOGO_M1146_Alkaliphilus_LACV_Medium.yaml	CultureMech:007669	1	0	0	1	yes	no
bacterial/TOGO_M1147_Alkaliphilus_3B_Medium.yaml	CultureMech:007670	1	0	0	1	yes	no
bacterial/TOGO_M114_Acidomonas_Medium.yaml	CultureMech:007673	1	1	0	0	yes	no
bacterial/TOGO_M1153_Thiobacillus_Prosperus_Medium.yaml	CultureMech:007677	2	0	2	0	yes	no
bacterial/TOGO_M1154_Anaerobacter_Medium.yaml	CultureMech:007678	1	0	0	1	yes	no
bacterial/TOGO_M1158_0.3_x_Hyphomicrobium_Medium.yaml	CultureMech:007681	5	0	0	5	yes	no
bacterial/TOGO_M1165_Bicarbonate_Buffered_Medium.yaml	CultureMech:007689	1	0	0	1	yes	no
bacterial/TOGO_M1166_Bicarbonate_Buffered_Medium.yaml	CultureMech:007690	1	0	0	1	yes	no
bacterial/TOGO_M1167_Bicarbonate_Buffered_Medium.yaml	CultureMech:007691	1	0	0	1	yes	no
bacterial/TOGO_M1168_Bicarbonate_Buffered_Medium.yaml	CultureMech:007692	1	0	0	1	yes	no
bacterial/TOGO_M1169_PYGA_Medium.yaml	CultureMech:007693	1	1	0	0	yes	no
bacterial/TOGO_M1170_Seawater_Pyruvate_Thiosulfate_Medium.yaml	CultureMech:007695	8	0	0	8	yes	no
bacterial/TOGO_M1171_BSM-RC_Medium.yaml	CultureMech:007696	7	0	7	0	yes	no
bacterial/TOGO_M1173_CTM_Medium.yaml	CultureMech:007698	12	0	2	10	yes	no
bacterial/TOGO_M1174_Halolactibacillus_9G_Medium.yaml	CultureMech:007699	1	0	0	1	yes	no
bacterial/TOGO_M1176_Anaerobic_Natural_Seawater_Medium.yaml	CultureMech:007701	1	0	0	1	yes	no
bacterial/TOGO_M1178_Anaerobic_Natural_Seawater_Medium.yaml	CultureMech:007703	1	0	0	1	yes	no
bacterial/TOGO_M1179_Anaerolinea_Medium_C.yaml	CultureMech:007704	10	1	8	1	yes	no
bacterial/TOGO_M1180_Hypnocyclicus_Medium.yaml	CultureMech:007706	1	0	0	1	yes	no
bacterial/TOGO_M1196_Sulfurimonas_JS_Medium.yaml	CultureMech:007722	6	0	3	3	yes	no
bacterial/TOGO_M1199_AZC_1502_Medium.yaml	CultureMech:007724	4	0	4	0	yes	no
bacterial/TOGO_M119_Methanol-Utilizing_Bacteria_Medium_E.yaml	CultureMech:007725	1	0	0	1	yes	no
bacterial/TOGO_M1200_Artficial_Brackish_Water_Medium.yaml	CultureMech:007727	1	0	0	1	yes	no
bacterial/TOGO_M1202_Artficial_Freshwater_Medium_I.yaml	CultureMech:007729	1	0	0	1	yes	no
bacterial/TOGO_M1203_Artficial_Freshwater_Medium_II.yaml	CultureMech:007730	1	0	0	1	yes	no
bacterial/TOGO_M1204_Artficial_Freshwater_Medium_II.yaml	CultureMech:007731	1	0	0	1	yes	no
bacterial/TOGO_M1205_Sulfate-Free_Metako_Medium.yaml	CultureMech:007732	2	0	1	1	yes	no
bacterial/TOGO_M1206_Sulfate-Free_Metako_Medium.yaml	CultureMech:007733	2	0	1	1	yes	no
bacterial/TOGO_M1209_HESP1_Medium.yaml	CultureMech:007736	1	0	0	1	yes	no
bacterial/TOGO_M120_Hydrogenobacter_Halophilus_Medium.yaml	CultureMech:007737	5	0	5	0	yes	no
bacterial/TOGO_M1210_YCFA_Medium.yaml	CultureMech:007738	9	1	0	8	yes	no
bacterial/TOGO_M1211_Salinispira_L21_Medium.yaml	CultureMech:007739	1	0	0	1	yes	no
bacterial/TOGO_M1216_IRD_F1F22_Medium.yaml	CultureMech:007744	1	0	0	1	yes	no
bacterial/TOGO_M1217_Roseibaca_Calidilacus_Medium.yaml	CultureMech:007745	6	1	5	0	yes	no
bacterial/TOGO_M1224_Tepidibacillus_Decaturensis_Medium.yaml	CultureMech:007752	1	0	0	1	yes	no
bacterial/TOGO_M1225_Orenia_Metallireducens_Medium.yaml	CultureMech:007753	1	0	0	1	yes	no
bacterial/TOGO_M1226_Abyssisolibacter_Medium.yaml	CultureMech:007754	1	0	0	1	yes	no
bacterial/TOGO_M1229_Methanobacterum_Medium_IX.yaml	CultureMech:007757	1	0	0	1	yes	no
bacterial/TOGO_M122_Alkaline_Xylan_Medium.yaml	CultureMech:007758	3	0	2	1	yes	no
bacterial/TOGO_M1233_Desulfobacterium_Naphthalenivolans_Medium.yaml	CultureMech:007762	1	0	0	1	yes	no
bacterial/TOGO_M1237_Desulfoobulbus_Oligotrophicus_Medium.yaml	CultureMech:007766	1	0	0	1	yes	no
bacterial/TOGO_M1239_Desulfonatronum_PAR180_Medium.yaml	CultureMech:007768	6	0	0	6	yes	no
bacterial/TOGO_M1240_Ghiorsea_Bivora_Medium.yaml	CultureMech:007770	9	0	0	9	yes	no
bacterial/TOGO_M1241_Mollicutes_H-RF3_Medium.yaml	CultureMech:007771	1	0	0	1	yes	no
bacterial/TOGO_M1242_Mollicutes_MZ-XQ_Medium.yaml	CultureMech:007772	1	0	0	1	yes	no
bacterial/TOGO_M1248_Desulfovibrio_Dechloracetivorans_Medium.yaml	CultureMech:007778	1	0	0	1	yes	no
bacterial/TOGO_M1249_MMFC1_Medium.yaml	CultureMech:007779	5	0	4	1	yes	no
bacterial/TOGO_M124_Medium_10.yaml	CultureMech:007780	1	1	0	0	yes	no
bacterial/TOGO_M1252_A7_Medium.yaml	CultureMech:007783	1	0	0	1	yes	no
bacterial/TOGO_M1253_M39_Methylomonas_Medium.yaml	CultureMech:007784	9	0	1	8	yes	no
bacterial/TOGO_M1256_Methylotenera_Medium.yaml	CultureMech:007787	1	0	1	0	yes	no
bacterial/TOGO_M1257_Methylotenera_Medium.yaml	CultureMech:007788	1	0	1	0	yes	no
bacterial/TOGO_M1259_Caenicola_Mobile_Medium.yaml	CultureMech:007790	1	0	0	1	yes	no
bacterial/TOGO_M1261_Sedimentisphaera_L21_Medium.yaml	CultureMech:007793	1	0	0	1	yes	no
bacterial/TOGO_M1268_Chloroflexus_Medium.yaml	CultureMech:007800	8	0	0	8	yes	no
bacterial/TOGO_M1269_Atalassotoga_AZC2201_Medium.yaml	CultureMech:007801	1	0	0	1	yes	no
bacterial/TOGO_M1275_Vallitalea_70B-A_Medium.yaml	CultureMech:007808	1	0	0	1	yes	no
bacterial/TOGO_M127_Maleate_Liquid_Medium.yaml	CultureMech:007813	17	0	10	7	no	yes
bacterial/TOGO_M1281_Acidihalobacter_Medium.yaml	CultureMech:007815	2	1	1	0	yes	no
bacterial/TOGO_M1282_Acidihalobacter_Prosperus_F5_Medium.yaml	CultureMech:007816	2	1	1	0	yes	no
bacterial/TOGO_M1290_Sporomusa_Acidovorans_Medium.yaml	CultureMech:007825	1	0	0	1	yes	no
bacterial/TOGO_M1295_Marine_Tryptone_Yeast_Extract_Medium.yaml	CultureMech:007828	1	0	0	1	yes	no
bacterial/TOGO_M1296_Halanaerobium_Hydrogeniformans_Medium.yaml	CultureMech:007829	3	0	2	1	yes	no
bacterial/TOGO_M1297_Marinitoga_Hydrogenitolerans_Medium.yaml	CultureMech:007830	1	0	0	1	yes	no
bacterial/TOGO_M1299_Modified_Makkar_s_Medium_C.yaml	CultureMech:007832	1	0	0	1	yes	no
bacterial/TOGO_M1300_PYG_Medium_J_Modified.yaml	CultureMech:007835	1	0	0	1	yes	no
bacterial/TOGO_M1302_Modified_Haloalkaliphile_Medium.yaml	CultureMech:007837	1	1	0	0	yes	no
bacterial/TOGO_M1303_Modified_Haloalkaliphile_Medium.yaml	CultureMech:007838	1	1	0	0	yes	no
bacterial/TOGO_M1312_Modified_Nitrate_Mineral_Salts_Medium-2.yaml	CultureMech:007848	1	0	0	1	yes	no
bacterial/TOGO_M1315_Widdel_Freshwater_Medium_With_Lactate.yaml	CultureMech:007851	1	0	0	1	yes	no
bacterial/TOGO_M1316_Widdel_Freshwater_Medium_With_Glycerin.yaml	CultureMech:007852	1	0	0	1	yes	no
bacterial/TOGO_M1317_Widdel_Freshwater_Medium_With_Pyruvate.yaml	CultureMech:007853	1	0	0	1	yes	no
bacterial/TOGO_M1323_HLH_Medium.yaml	CultureMech:007860	5	0	5	0	yes	no
bacterial/TOGO_M1332_Tanner_MOD2_Medium.yaml	CultureMech:007868	8	0	7	1	yes	no
bacterial/TOGO_M1336_Anaerobaculum_Medium.yaml	CultureMech:007872	1	0	0	1	yes	no
bacterial/TOGO_M1337_Vulcano_Low_Salt_Medium.yaml	CultureMech:007873	5	1	3	1	yes	no
bacterial/TOGO_M1342_Mineral_Salts_Medium_With_TCE.yaml	CultureMech:007878	1	0	0	1	yes	no
bacterial/TOGO_M1344_Methylococcaceae_IN20_Medium.yaml	CultureMech:007880	1	0	1	0	yes	no
bacterial/TOGO_M1352_Desulfocella_Medium.yaml	CultureMech:007889	1	0	0	1	yes	no
bacterial/TOGO_M1353_Desulfobacterium_Catecholicum_Medium.yaml	CultureMech:007890	1	0	0	1	yes	no
bacterial/TOGO_M1354_Desulfobacterium_Oleovorans_Medium.yaml	CultureMech:007891	1	0	0	1	yes	no
bacterial/TOGO_M1369_0.01_LB_Seawater_Medium.yaml	CultureMech:007907	3	0	0	3	no	yes
bacterial/TOGO_M1370_BM7CO_Medium.yaml	CultureMech:007909	1	0	0	1	yes	no
bacterial/TOGO_M1373_Vulcano_High_Salt_Medium.yaml	CultureMech:007912	1	0	0	1	yes	no
bacterial/TOGO_M1377_Glucose_bicarbonate-Buffered_Medium.yaml	CultureMech:007916	1	0	0	1	yes	no
bacterial/TOGO_M1379_SIUC-3_Medium.yaml	CultureMech:007918	2	0	1	1	yes	no
bacterial/TOGO_M1386_NRmbB1_Medium.yaml	CultureMech:007920	1	0	0	1	yes	no
bacterial/TOGO_M1387_GS2_Medium_With_Cellobiose.yaml	CultureMech:007921	1	0	0	1	yes	no
bacterial/TOGO_M1388_MQ116_Medium.yaml	CultureMech:007922	1	0	0	1	yes	no
bacterial/TOGO_M1390_MMJ_KT2_Medium.yaml	CultureMech:007925	1	0	0	1	yes	no
bacterial/TOGO_M1391_Alkaline_Clostridial_Nutrient_Medium.yaml	CultureMech:007926	1	1	0	0	yes	no
bacterial/TOGO_M1392_Alkaline_Clostridial_Nutrient_Medium.yaml	CultureMech:007927	1	1	0	0	yes	no
bacterial/TOGO_M1395_ABSS2.yaml	CultureMech:007930	6	0	0	6	yes	no
bacterial/TOGO_M1396_Paenibacillus_DC-8A_Medium.yaml	CultureMech:007931	1	0	0	1	yes	no
bacterial/TOGO_M1397_Tepidanaerobacter_GT38_Medium.yaml	CultureMech:007932	1	0	0	1	yes	no
bacterial/TOGO_M1398_Spirochaetea_NS_Medium.yaml	CultureMech:007933	1	0	0	1	yes	no
bacterial/TOGO_M1399_Sea_Salts_YTG_Medium.yaml	CultureMech:007934	1	0	0	1	yes	no
bacterial/TOGO_M1400_Ureaplasma_Medium.yaml	CultureMech:007937	1	0	0	1	yes	no
bacterial/TOGO_M1401_Freshwater_Medium_With_Rhamnose.yaml	CultureMech:007938	9	0	8	1	yes	no
bacterial/TOGO_M140_Tetramethyl_Ammonium_Medium.yaml	CultureMech:007946	6	0	5	1	no	yes
bacterial/TOGO_M146_Dubos_Salts_Medium.yaml	CultureMech:008012	1	0	1	0	no	no
bacterial/TOGO_M14_Lactobacillus_Medium_III.yaml	CultureMech:008045	2	0	2	0	no	no
bacterial/TOGO_M1514_Gauze_s_Synthetic_Medium_No.1.yaml	CultureMech:008059	1	0	1	0	no	no
bacterial/TOGO_M155_Hydrogenobacter_Acidophilus_Medium.yaml	CultureMech:008108	1	0	1	0	yes	no
bacterial/TOGO_M1568_PYS_Medium.yaml	CultureMech:008116	8	0	8	0	yes	no
bacterial/TOGO_M1569_MMYS-II_Medium.yaml	CultureMech:008117	8	0	8	0	yes	no
bacterial/TOGO_M1572_Ekho_Lake_Strains_Medium.yaml	CultureMech:008121	14	0	7	7	yes	no
bacterial/TOGO_M1573_Oceanithermus_medium.yaml	CultureMech:008122	7	0	0	7	yes	no
bacterial/TOGO_M1579_PE_Medium.yaml	CultureMech:008128	8	0	1	7	yes	no
bacterial/TOGO_M1589_VY_2_Agar.yaml	CultureMech:008139	1	0	0	1	no	no
bacterial/TOGO_M1592_Modified_CM_YE_medium_B.yaml	CultureMech:008143	1	0	1	0	yes	no
bacterial/TOGO_M1595_Oceanithermus_profundus_Medium.yaml	CultureMech:008146	9	0	0	9	yes	no
bacterial/TOGO_M1607_Thioglycolate_Medium.yaml	CultureMech:008160	1	0	0	1	yes	no
bacterial/TOGO_M1618_GYP-Sodium_Acetate-Mineral_Salts_Broth.yaml	CultureMech:008172	2	0	2	0	no	no
bacterial/TOGO_M162_Artificial_Deep_Lake_Vitamin_Medium.yaml	CultureMech:008185	3	0	0	3	yes	no
bacterial/TOGO_M1677_Deferribacter_Medium.yaml	CultureMech:008235	9	0	1	8	yes	no
bacterial/TOGO_M1681_Allantoin_Mineral_Medium.yaml	CultureMech:008240	1	0	1	0	no	no
bacterial/TOGO_M1692_GYP_medium.yaml	CultureMech:008252	2	0	2	0	yes	no
bacterial/TOGO_M1695_Sulfur-oxidizing_bacteria_Medium.yaml	CultureMech:008255	8	0	1	7	yes	no
bacterial/TOGO_M1704_GS_medium.yaml	CultureMech:008266	10	0	0	10	yes	no
bacterial/TOGO_M1707_Casamino_acids-peptone-Czapek_s_agar.yaml	CultureMech:008269	1	0	1	0	no	no
bacterial/TOGO_M1714_Oceanithermus_profundus_medium.yaml	CultureMech:008277	7	0	0	7	yes	no
bacterial/TOGO_M1739_YSG_Medium.yaml	CultureMech:008301	1	1	0	0	yes	no
bacterial/TOGO_M1762_Thermus_Medium.yaml	CultureMech:008327	1	0	1	0	yes	no
bacterial/TOGO_M1766_Clostridium_thermocellum_Medium_D58_Medium.yaml	CultureMech:008331	2	0	1	1	no	no
bacterial/TOGO_M1767_S6_Medium.yaml	CultureMech:008332	2	0	2	0	yes	no
bacterial/TOGO_M1777_MMJS_medium.yaml	CultureMech:008343	9	0	1	8	yes	no
bacterial/TOGO_M1784_Acidimicrobium_Medium.yaml	CultureMech:008351	1	0	1	0	no	no
bacterial/TOGO_M1788_Pelobacter_carbinolicus_Medium.yaml	CultureMech:008355	9	0	8	1	yes	no
bacterial/TOGO_M1789_Medium_for_Ectothiorhodospira.yaml	CultureMech:008356	10	1	8	1	yes	no
bacterial/TOGO_M1791_Pelobacter_acetylenicus_Medium.yaml	CultureMech:008359	9	0	8	1	yes	no
bacterial/TOGO_M1796_Desulfovibrio_medium.yaml	CultureMech:008364	2	1	0	1	yes	no
bacterial/TOGO_M1802_Modified_WS_medium.yaml	CultureMech:008372	9	0	1	8	yes	no
bacterial/TOGO_M1836_Medium_for_strains_JA145_JA193_JA310_JA334_JA415_JA430_JA447_and_JA643.yaml	CultureMech:008409	1	0	0	1	yes	no
bacterial/TOGO_M1837_SYPG_Medium.yaml	CultureMech:008410	13	0	4	9	yes	no
bacterial/TOGO_M183_LYS_Medium.yaml	CultureMech:008413	9	0	8	1	yes	no
bacterial/TOGO_M1846_MMJHS_medium.yaml	CultureMech:008420	9	0	0	9	yes	no
bacterial/TOGO_M1860_Thermus_medium.yaml	CultureMech:008435	1	0	1	0	yes	no
bacterial/TOGO_M1868_Sporulation_Medium.yaml	CultureMech:008442	2	1	1	0	no	no
bacterial/TOGO_M1873_Thermotoga_medium.yaml	CultureMech:008448	9	0	1	8	yes	no
bacterial/TOGO_M1875_Thermus_medium.yaml	CultureMech:008450	1	0	1	0	yes	no
bacterial/TOGO_M1878_MMB_medium.yaml	CultureMech:008452	10	0	5	5	yes	no
bacterial/TOGO_M1879_Thermus_medium.yaml	CultureMech:008453	1	0	1	0	yes	no
bacterial/TOGO_M1885_Thermus_medium.yaml	CultureMech:008459	1	0	1	0	yes	no
bacterial/TOGO_M1894_Thermotoga_hypogea_medium.yaml	CultureMech:008469	2	0	1	1	yes	no
bacterial/TOGO_M1922_Azospirillum_amazonense_medium.yaml	CultureMech:008501	1	0	1	0	no	no
bacterial/TOGO_M1925_Thermotoga_elfii_medium.yaml	CultureMech:008504	2	0	1	1	yes	no
bacterial/TOGO_M1927_Thiobacillus_plumbophilus_Medium.yaml	CultureMech:008506	1	0	1	0	yes	no
bacterial/TOGO_M1933_W-medium.yaml	CultureMech:008511	3	0	3	0	no	yes
bacterial/TOGO_M1934_MMA_medium.yaml	CultureMech:008512	1	0	1	0	yes	no
bacterial/TOGO_M1939_Petrotoga_Medium.yaml	CultureMech:008517	8	0	0	8	yes	no
bacterial/TOGO_M1948_BG11.yaml	CultureMech:008527	5	0	5	0	yes	no
bacterial/TOGO_M1964_Alkaliphilic_spirochaete_medium.yaml	CultureMech:008545	10	0	1	9	yes	no
bacterial/TOGO_M1995_Thermoanaerobium_medium.yaml	CultureMech:008579	10	0	2	8	yes	no
bacterial/TOGO_M1996_KTM_medium.yaml	CultureMech:008580	9	0	1	8	yes	no
bacterial/TOGO_M1997_Petrotoga_medium.yaml	CultureMech:008581	9	0	1	8	yes	no
bacterial/TOGO_M1_MRS_Medium.yaml	CultureMech:008586	1	0	1	0	no	no
bacterial/TOGO_M2001_Thermosipho_africanus_medium.yaml	CultureMech:008588	9	0	1	8	yes	no
bacterial/TOGO_M2002_SL_medium.yaml	CultureMech:008589	1	0	0	1	no	no
bacterial/TOGO_M2031_GV-medium.yaml	CultureMech:008620	21	0	11	10	yes	no
bacterial/TOGO_M2035_CM_YE_Medium.yaml	CultureMech:008624	1	0	1	0	yes	no
bacterial/TOGO_M2038_Leptospirillum_HH_Medium.yaml	CultureMech:008627	7	0	7	0	yes	no
bacterial/TOGO_M2057_T5_medium.yaml	CultureMech:008647	3	0	3	0	no	yes
bacterial/TOGO_M2122_Oceanotoga_Medium.yaml	CultureMech:008715	9	0	1	8	yes	no
bacterial/TOGO_M214_Thermoanaerobacter_Ethanolicus_Medium.yaml	CultureMech:008744	10	1	1	8	yes	no
bacterial/TOGO_M2167_Denitrovibrio_Medium.yaml	CultureMech:008761	20	0	10	10	yes	no
bacterial/TOGO_M2173_Chloroflexus_Aggregans_Medium.yaml	CultureMech:008767	8	1	0	7	yes	no
bacterial/TOGO_M2174_Triple-Sugar-Iron_Medium_Difco.yaml	CultureMech:008768	1	1	0	0	no	no
bacterial/TOGO_M2175_Capnocytophaga_Medium.yaml	CultureMech:008769	1	1	0	0	no	no
bacterial/TOGO_M2184_Medium_For_Chlorate_Respirers.yaml	CultureMech:008778	19	1	10	8	yes	no
bacterial/TOGO_M2186_CENS_medium.yaml	CultureMech:008780	8	1	6	1	yes	no
bacterial/TOGO_M2191_Trypticase_Soy_Yeast_Extract_Medium.yaml	CultureMech:008784	1	1	0	0	no	no
bacterial/TOGO_M2192_Nutrient_Agar_Broth.yaml	CultureMech:008785	1	1	0	0	no	no
bacterial/TOGO_M2193_Nutrient_Agar_Broth.yaml	CultureMech:008786	1	1	0	0	no	no
bacterial/TOGO_M2199_LB_Agar_Broth_Miller.yaml	CultureMech:008791	1	1	0	0	no	no
bacterial/TOGO_M2207_GC_Agar_Broth_Medium.yaml	CultureMech:008799	1	1	0	0	yes	no
bacterial/TOGO_M2228_Friis_medium.yaml	CultureMech:008816	1	1	0	0	yes	no
bacterial/TOGO_M2232_Anaerolinea_Medium.yaml	CultureMech:008821	20	1	10	9	yes	no
bacterial/TOGO_M2243_Half_Strength_Bacto_Marine_Broth.yaml	CultureMech:008832	2	1	1	0	no	no
bacterial/TOGO_M2246_Van_Niel_s_Yeast_Agar.yaml	CultureMech:008834	1	1	0	0	no	no
bacterial/TOGO_M2250_Lactobacilli_MRS_Agar_Broth.yaml	CultureMech:008839	1	1	0	0	no	no
bacterial/TOGO_M2258_Pfennig_s_Medium_II_With_Salt.yaml	CultureMech:008844	10	1	8	1	yes	no
bacterial/TOGO_M2266_Marine_Agar_Broth_2216.yaml	CultureMech:008853	1	1	0	0	no	no
bacterial/TOGO_M2279_Singulisphaera_Medium.yaml	CultureMech:008864	6	1	5	0	no	yes
bacterial/TOGO_M2280_Sulfurospirillum_Medium.yaml	CultureMech:008866	9	1	8	0	yes	no
bacterial/TOGO_M2281_Sulfurospirillum_Barnesii_Medium.yaml	CultureMech:008867	20	1	10	9	yes	no
bacterial/TOGO_M2282_OS_Medium.yaml	CultureMech:008868	3	2	1	0	yes	no
bacterial/TOGO_M2283_Oceanithermus_Profundus_Medium.yaml	CultureMech:008869	10	1	0	9	yes	no
bacterial/TOGO_M2284_Persephonella_Medium.yaml	CultureMech:008870	6	0	6	0	yes	no
bacterial/TOGO_M2285_Vibrio_Natriegens_Medium.yaml	CultureMech:008871	1	1	0	0	no	no
bacterial/TOGO_M2292_Mineral_Medium_Brunner.yaml	CultureMech:008878	1	1	0	0	yes	no
bacterial/TOGO_M2293_YED_Medium_salted.yaml	CultureMech:008879	1	1	0	0	no	no
bacterial/TOGO_M2295_Marinithermus_Hydrothermalis_Medium.yaml	CultureMech:008881	1	1	0	0	yes	no
bacterial/TOGO_M2296_Cytophaga_marine_Medium.yaml	CultureMech:008882	1	1	0	0	no	no
bacterial/TOGO_M2297_Acidithiobacillus_ferrooxidans_Medium.yaml	CultureMech:008883	2	1	1	0	yes	no
bacterial/TOGO_M2298_Thermus_Medium.yaml	CultureMech:008884	1	1	0	0	yes	no
bacterial/TOGO_M229_Thermotoga_Medium.yaml	CultureMech:008885	3	0	2	1	yes	no
bacterial/TOGO_M2300_VY_4-SWS_Agar.yaml	CultureMech:008887	2	1	0	1	yes	no
bacterial/TOGO_M2301_R2A_Medium.yaml	CultureMech:008888	1	1	0	0	no	no
bacterial/TOGO_M2303_Thermus_Ruber_Medium.yaml	CultureMech:008889	1	1	0	0	no	no
bacterial/TOGO_M230_Artificial_Soil_Agar.yaml	CultureMech:008896	1	0	1	0	no	no
bacterial/TOGO_M2312_Castenholz_TYE_medium.yaml	CultureMech:008899	2	1	1	0	yes	no
bacterial/TOGO_M2316_Ottow_Medium.yaml	CultureMech:008903	1	1	0	0	no	no
bacterial/TOGO_M2322_Natronobacteria_Medium.yaml	CultureMech:008910	9	1	8	0	yes	no
bacterial/TOGO_M2327_Trypticase_Soy_Broth_Agar.yaml	CultureMech:008913	1	1	0	0	no	no
bacterial/TOGO_M2329_Peptone_Meat_Extract_Glycerol_Agar.yaml	CultureMech:008915	1	1	0	0	no	no
bacterial/TOGO_M2330_Trypticase_Soy_Yeast_Extract_Medium.yaml	CultureMech:008917	1	1	0	0	no	no
bacterial/TOGO_M2331_GYM_Streptomyces_Medium.yaml	CultureMech:008918	1	1	0	0	no	no
bacterial/TOGO_M2332_Acidimicrobium_Medium.yaml	CultureMech:008919	1	1	0	0	no	no
bacterial/TOGO_M2333_Thermus_162_Medium.yaml	CultureMech:008920	5	1	4	0	yes	no
bacterial/TOGO_M2334_Chthonomonas_Medium.yaml	CultureMech:008921	14	1	8	5	yes	no
bacterial/TOGO_M2335_CY-Agar.yaml	CultureMech:008922	1	1	0	0	no	no
bacterial/TOGO_M2336_Bacto_Marine_Broth_Difco_2216.yaml	CultureMech:008923	2	1	1	0	no	no
bacterial/TOGO_M2337_Cytophaga_Hutchinsonii_Medium.yaml	CultureMech:008924	1	1	0	0	no	no
bacterial/TOGO_M2338_Thermus_162_Medium.yaml	CultureMech:008925	5	1	4	0	yes	no
bacterial/TOGO_M2339_Nutrient_Agar.yaml	CultureMech:008926	1	1	0	0	no	no
bacterial/TOGO_M2340_Nutrient_Agar.yaml	CultureMech:008928	2	1	1	0	no	no
bacterial/TOGO_M2342_J-Agar.yaml	CultureMech:008930	1	1	0	0	no	no
bacterial/TOGO_M2343_Tepidanaerobacter_Acetatoxydans_Medium.yaml	CultureMech:008931	20	1	10	9	yes	no
bacterial/TOGO_M2346_M14_Pirellula_Marina_Medium.yaml	CultureMech:008932	12	1	6	5	yes	no
bacterial/TOGO_M2349_Mixotrophic_Nitrobacter_Medium.yaml	CultureMech:008933	6	1	5	0	yes	no
bacterial/TOGO_M2350_10_Mixotrophic_Nitrobacter_Medium.yaml	CultureMech:008935	6	1	5	0	yes	no
bacterial/TOGO_M2351_Autotrophic_Nitrobacter_Medium.yaml	CultureMech:008936	6	1	5	0	yes	no
bacterial/TOGO_M2352_CASO_Agar_Merck_105458.yaml	CultureMech:008937	1	1	0	0	no	no
bacterial/TOGO_M2353_Rhizobium_Medium.yaml	CultureMech:008938	1	1	0	0	no	no
bacterial/TOGO_M2355_Caulobacter_Medium.yaml	CultureMech:008940	1	1	0	0	no	no
bacterial/TOGO_M2357_Reactivation_With_Liquid_Medium.yaml	CultureMech:008942	1	1	0	0	no	no
bacterial/TOGO_M2358_Reactivation_With_Liquid_Medium_1.yaml	CultureMech:008943	1	1	0	0	no	no
bacterial/TOGO_M2360_BHI_Medium.yaml	CultureMech:008946	1	1	0	0	no	no
bacterial/TOGO_M2361_YE_10_Ca_Medium.yaml	CultureMech:008947	1	1	0	0	no	no
bacterial/TOGO_M2364_Sulfurimonas_MJ_Medium.yaml	CultureMech:008949	10	1	0	9	yes	no
bacterial/TOGO_M2370_N-Z-Amine-Medium.yaml	CultureMech:008955	1	1	0	0	no	no
bacterial/TOGO_M2380_Payne_Seghal_Gibbons_Medium.yaml	CultureMech:008965	2	1	1	0	no	no
bacterial/TOGO_M2390_Alicyclobacillus_Medium.yaml	CultureMech:008973	2	2	0	0	yes	no
bacterial/TOGO_M2391_Alicyclobacillus_Medium.yaml	CultureMech:008974	1	1	0	0	yes	no
bacterial/TOGO_M2392_Bacillus_Tusciae_Medium.yaml	CultureMech:008975	1	1	0	0	yes	no
bacterial/TOGO_M2417_Nutrient_Agar.yaml	CultureMech:008999	1	1	0	0	no	no
bacterial/TOGO_M2418_Nutrient_Broth.yaml	CultureMech:009000	1	1	0	0	no	no
bacterial/TOGO_M2419_CASO_Agar_Merck_105458.yaml	CultureMech:009001	2	1	1	0	no	no
bacterial/TOGO_M2420_Alkaline_Nutrient_Agar.yaml	CultureMech:009003	1	1	0	0	yes	no
bacterial/TOGO_M2425_Brain_Heart_Infusion_Agar.yaml	CultureMech:009008	1	1	0	0	no	no
bacterial/TOGO_M2439_MRS_Medium.yaml	CultureMech:009018	1	1	0	0	no	no
bacterial/TOGO_M2441_BHI_2_Medium.yaml	CultureMech:009020	1	1	0	0	no	no
bacterial/TOGO_M2442_Van_Niel_s_Yeast_Agar.yaml	CultureMech:009021	1	1	0	0	no	no
bacterial/TOGO_M2443_Thauera_Aromatica_Medium.yaml	CultureMech:009022	17	1	8	8	yes	no
bacterial/TOGO_M2447_LB_Agar_Miller.yaml	CultureMech:009026	1	1	0	0	no	no
bacterial/TOGO_M2455_Dehalospirillum_Medium.yaml	CultureMech:009034	23	1	11	11	yes	no
bacterial/TOGO_M2459_Alkaliphilic_Sulphur_Respiring_Strains_Medium.yaml	CultureMech:009037	9	1	8	0	yes	no
bacterial/TOGO_M2464_Anaerolinea_Medium.yaml	CultureMech:009042	20	1	10	9	yes	no
bacterial/TOGO_M2467_HI_Plus_Medium_w_YE_3.yaml	CultureMech:009044	1	1	0	0	no	no
bacterial/TOGO_M2471_Modified_Sea_Water_Agar.yaml	CultureMech:009047	1	1	0	0	no	no
bacterial/TOGO_M2474_Medium_Modified_For_Dechloromonas_SPP..yaml	CultureMech:009050	20	1	10	9	yes	no
bacterial/TOGO_M2475_Clostridium_GV_Medium.yaml	CultureMech:009051	20	1	10	9	yes	no
bacterial/TOGO_M2476_LB_Luria-Bertani_Medium.yaml	CultureMech:009052	1	1	0	0	no	no
bacterial/TOGO_M2477_Pfennig_s_Medium_II_With_Salt.yaml	CultureMech:009053	10	1	8	1	yes	no
bacterial/TOGO_M2481_Marine_Broth_2216.yaml	CultureMech:009055	1	1	0	0	no	no
bacterial/TOGO_M2499_BG11.yaml	CultureMech:009072	2	0	2	0	no	no
bacterial/TOGO_M2520_R2A_Medium.yaml	CultureMech:009090	9	1	0	8	yes	no
bacterial/TOGO_M2526_Desulfofarcimen_Medium.yaml	CultureMech:009096	20	1	10	9	yes	no
bacterial/TOGO_M2527_Syntrophothermus_Medium.yaml	CultureMech:009097	10	1	0	9	yes	no
bacterial/TOGO_M2530_Desulfovibrio_Postgate_Medium.yaml	CultureMech:009100	1	1	0	0	yes	no
bacterial/TOGO_M2531_Desulfosporosinus_Acidophilus_Medium.yaml	CultureMech:009101	20	1	10	9	yes	no
bacterial/TOGO_M2532_Gottschalkia_Medium.yaml	CultureMech:009102	11	1	10	0	yes	no
bacterial/TOGO_M2534_Chopped_Meat_Medium_With_Carbohydrates.yaml	CultureMech:009104	1	1	0	0	yes	no
bacterial/TOGO_M2535_Chopped_Meat_Medium_With_Carbohydrates.yaml	CultureMech:009105	1	1	0	0	yes	no
bacterial/TOGO_M2536_Chopped_Meat_Medium_With_Carbohydrates.yaml	CultureMech:009106	1	1	0	0	yes	no
bacterial/TOGO_M2537_Chopped_Meat_Medium_With_Carbohydrates.yaml	CultureMech:009107	1	1	0	0	yes	no
bacterial/TOGO_M2539_Natranaerobius_Medium.yaml	CultureMech:009108	18	1	8	9	yes	no
bacterial/TOGO_M2541_Thermoanaerobacter_Medium.yaml	CultureMech:009110	1	1	0	0	yes	no
bacterial/TOGO_M2543_Sediminispirochaeta_Smaragdinae_Medium.yaml	CultureMech:009112	1	1	0	0	yes	no
bacterial/TOGO_M2544_Tryptone_Yeast_Extract_Mineral_Medium.yaml	CultureMech:009113	2	1	0	1	no	no
bacterial/TOGO_M2545_Columbia_Blood_Agar.yaml	CultureMech:009114	1	1	0	0	no	no
bacterial/TOGO_M2548_Sediminispirochaeta_Smaragdinae_Medium.yaml	CultureMech:009117	1	1	0	0	yes	no
bacterial/TOGO_M2549_Aminomonas_Medium.yaml	CultureMech:009118	20	1	10	9	yes	no
bacterial/TOGO_M2550_Desulfohalobium_Medium.yaml	CultureMech:009120	11	1	10	0	yes	no
bacterial/TOGO_M2551_Denitrovibrio_Medium.yaml	CultureMech:009121	14	1	8	5	yes	no
bacterial/TOGO_M2565_Opitutus_Medium.yaml	CultureMech:009134	20	1	10	9	yes	no
bacterial/TOGO_M2567_YPS_medium.yaml	CultureMech:009135	3	0	2	1	no	no
bacterial/TOGO_M2569_Dictyoglomus_medium.yaml	CultureMech:009137	6	0	5	1	yes	no
bacterial/TOGO_M2577_Modified_NOS_Medium.yaml	CultureMech:009146	2	0	0	2	yes	no
bacterial/TOGO_M2581_Trypticase_Soy_Broth_Agar_blood.yaml	CultureMech:009149	1	1	0	0	no	no
bacterial/TOGO_M2585_PYG_Medium_modified.yaml	CultureMech:009153	2	1	0	1	yes	no
bacterial/TOGO_M2587_Desulfurobacterium_Medium.yaml	CultureMech:009155	16	1	10	5	yes	no
bacterial/TOGO_M2588_Chopped_Meat_Medium.yaml	CultureMech:009156	2	1	0	1	no	no
bacterial/TOGO_M2591_Flexibacter_Canadensis_Medium.yaml	CultureMech:009158	11	1	8	2	yes	no
bacterial/TOGO_M2592_R2A_Medium.yaml	CultureMech:009159	1	1	0	0	no	no
bacterial/TOGO_M2594_Caldithrix_Medium.yaml	CultureMech:009161	9	1	0	8	yes	no
bacterial/TOGO_M2595_Pfennig_s_Medium_II.yaml	CultureMech:009162	10	1	8	1	yes	no
bacterial/TOGO_M2597_Desulfurispirillum_Indicum_Medium.yaml	CultureMech:009164	20	1	10	9	yes	no
bacterial/TOGO_M259_AN1_Medium.yaml	CultureMech:009167	1	0	0	1	no	no
bacterial/TOGO_M2602_Deferribacter_Desulfuricans_Medium.yaml	CultureMech:009171	9	1	0	8	yes	no
bacterial/TOGO_M2608_Bacto_Marine_Broth_Difco_2216.yaml	CultureMech:009175	2	1	1	0	no	no
bacterial/TOGO_M2609_Carboxydothermus_Medium.yaml	CultureMech:009176	17	1	8	8	yes	no
bacterial/TOGO_M2610_Carboxydothermus_Medium_Heterotroph.yaml	CultureMech:009178	10	1	0	9	yes	no
bacterial/TOGO_M2611_Veillonella_Medium.yaml	CultureMech:009179	2	1	0	1	no	no
bacterial/TOGO_M2615_Desulfovibrio_Postgate_Medium.yaml	CultureMech:009182	1	1	0	0	yes	no
bacterial/TOGO_M2617_Wolinella_Medium.yaml	CultureMech:009184	1	1	0	0	no	no
bacterial/TOGO_M2619_LB_Luria-Bertani_Medium.yaml	CultureMech:009186	1	1	0	0	no	no
bacterial/TOGO_M2624_Thermodesulfobacterium_Medium.yaml	CultureMech:009189	9	1	0	8	yes	no
bacterial/TOGO_M2625_Petrotoga_Medium.yaml	CultureMech:009190	9	1	0	8	yes	no
bacterial/TOGO_M2638_Selenomonas_Ruminantium_Medium.yaml	CultureMech:009195	2	1	0	1	no	no
bacterial/TOGO_M266_TM_Broth_Medium.yaml	CultureMech:009225	1	0	1	0	yes	no
bacterial/TOGO_M2686_Acidaminococcus_Fermentans_Medium.yaml	CultureMech:009241	1	1	0	0	no	no
bacterial/TOGO_M268_Modified_CM_YE_Medium_B.yaml	CultureMech:009242	1	0	1	0	yes	no
bacterial/TOGO_M2692_Alkaline_xylan_medium.yaml	CultureMech:009244	3	0	2	1	yes	no
bacterial/TOGO_M2695_Synthrophomonas_Medium_Sulfate_Free.yaml	CultureMech:009247	14	1	8	5	yes	no
bacterial/TOGO_M2703_Clostridium_Kluyveri_Medium.yaml	CultureMech:009256	16	1	10	5	yes	no
bacterial/TOGO_M2708_PYE_Medium.yaml	CultureMech:009259	6	0	5	1	yes	no
bacterial/TOGO_M2709_Thermobacteroides_Proteolyticus_Medium.yaml	CultureMech:009260	2	1	0	1	yes	no
bacterial/TOGO_M270_MJYP_Medium.yaml	CultureMech:009261	2	0	1	1	yes	no
bacterial/TOGO_M2711_Clostridium_Cellulolytic_medium.yaml	CultureMech:009263	2	0	1	1	no	no
bacterial/TOGO_M2714_Ammonifex_Degensii_Medium.yaml	CultureMech:009265	1	1	0	0	yes	no
bacterial/TOGO_M2715_Thermoanaerobacter_KoKo_Medium.yaml	CultureMech:009266	18	1	8	9	yes	no
bacterial/TOGO_M2717_CMC_Medium_N2_CO2.yaml	CultureMech:009268	1	1	0	0	yes	no
bacterial/TOGO_M2718_Thermotoga_Elfii_Medium.yaml	CultureMech:009269	1	1	0	0	yes	no
bacterial/TOGO_M2719_Acetohalobium_Medium.yaml	CultureMech:009270	10	1	0	9	yes	no
bacterial/TOGO_M2720_Acetohalobium_medium.yaml	CultureMech:009271	10	0	0	10	yes	no
bacterial/TOGO_M2726_Clostridium_medium.yaml	CultureMech:009276	9	1	4	4	yes	no
bacterial/TOGO_M2728_Thermoanaerobacter_BA_Medium.yaml	CultureMech:009278	10	1	0	9	yes	no
bacterial/TOGO_M2729_Thermoanaerobacter_Brockii_Medium.yaml	CultureMech:009279	10	1	0	9	yes	no
bacterial/TOGO_M2730_Thermoanaerobacter_BA_Medium.yaml	CultureMech:009281	10	1	0	9	yes	no
bacterial/TOGO_M2731_Thermoanaerobacter_Brockii_Medium.yaml	CultureMech:009282	10	1	0	9	yes	no
bacterial/TOGO_M2732_Syntrophobotulus_Medium.yaml	CultureMech:009283	18	1	8	9	yes	no
bacterial/TOGO_M2733_Ruminoclostridium_Cellulolyticum_CM3_Medium.yaml	CultureMech:009284	9	1	8	0	yes	no
bacterial/TOGO_M2734_Thermodesulfobium_Medium.yaml	CultureMech:009285	11	1	1	9	yes	no
bacterial/TOGO_M2736_Acetobacterium_Medium.yaml	CultureMech:009287	10	1	0	9	yes	no
bacterial/TOGO_M2739_Thermoacetogenium_Medium.yaml	CultureMech:009289	20	1	10	9	yes	no
bacterial/TOGO_M2740_Halobacteroides_Halobius_Medium.yaml	CultureMech:009291	1	1	0	0	no	no
bacterial/TOGO_M2741_Clostridium_GS_Medium.yaml	CultureMech:009292	1	1	0	0	yes	no
bacterial/TOGO_M2742_PY_X_Medium.yaml	CultureMech:009293	1	1	0	0	yes	no
bacterial/TOGO_M2743_Chopped_Meat_Medium_With_Carbohydrates.yaml	CultureMech:009294	1	1	0	0	yes	no
bacterial/TOGO_M2744_Chopped_Meat_Medium_With_Carbohydrates.yaml	CultureMech:009295	1	1	0	0	yes	no
bacterial/TOGO_M2745_Dehalobacter_Restrictus_Medium_TCE.yaml	CultureMech:009296	20	1	8	11	yes	no
bacterial/TOGO_M2747_Thermoanaerobacter_Kivui_Medium.yaml	CultureMech:009298	1	1	0	0	yes	no
bacterial/TOGO_M2749_Acetobacterium_medium.yaml	CultureMech:009299	9	0	0	9	yes	no
bacterial/TOGO_M2750_PY_X_Medium_N2_CO2.yaml	CultureMech:009301	1	1	0	0	yes	no
bacterial/TOGO_M2752_Anaerotignum_Medium.yaml	CultureMech:009303	2	1	1	0	yes	no
bacterial/TOGO_M2755_Pseudoclostridium_Medium.yaml	CultureMech:009306	18	1	8	9	yes	no
bacterial/TOGO_M2756_Thermoclostridium_A-GÖ_Medium.yaml	CultureMech:009307	18	1	8	9	yes	no
bacterial/TOGO_M2768_Spirochaeta_RI_19.B1_Medium.yaml	CultureMech:009315	20	1	10	9	yes	no
bacterial/TOGO_M2769_Alkaliphilic_Spirochaete_Medium.yaml	CultureMech:009316	10	1	0	9	yes	no
bacterial/TOGO_M2775_Sphaerochaeta_Medium.yaml	CultureMech:009323	1	1	0	0	yes	no
bacterial/TOGO_M2780_YPS_medium.yaml	CultureMech:009329	1	0	0	1	yes	no
bacterial/TOGO_M278_SI_Medium.yaml	CultureMech:009337	13	1	3	9	yes	no
bacterial/TOGO_M281_WT1_Medium.yaml	CultureMech:009365	1	0	0	1	no	no
bacterial/TOGO_M2825_basal_medium.yaml	CultureMech:009371	2	1	0	1	no	no
bacterial/TOGO_M282_Thermosipho_Geolei_Medium.yaml	CultureMech:009374	1	0	0	1	no	no
bacterial/TOGO_M2833_MRS_medium.yaml	CultureMech:009377	1	0	1	0	no	no
bacterial/TOGO_M289_Cellulomonas_Fermentans_Medium.yaml	CultureMech:009436	1	0	1	0	yes	no
bacterial/TOGO_M290_EGGC_Medium.yaml	CultureMech:009446	7	0	0	7	yes	no
bacterial/TOGO_M294_RC_Medium.yaml	CultureMech:009476	1	0	0	1	no	no
bacterial/TOGO_M296_Thermodesulfobacterium_Hydrogenophilum_Medium.yaml	CultureMech:009492	1	0	0	1	yes	no
bacterial/TOGO_M298_PE_Medium.yaml	CultureMech:009509	12	0	6	6	yes	no
bacterial/TOGO_M2997_Acidiphilium_Medium.yaml	CultureMech:009513	1	1	0	0	yes	no
bacterial/TOGO_M2998_Acidiphilium_Medium.yaml	CultureMech:009514	1	1	0	0	yes	no
bacterial/TOGO_M2999_Acidobacterium_Medium.yaml	CultureMech:009515	1	1	0	0	yes	no
bacterial/TOGO_M2_Xylose-YP_Broth.yaml	CultureMech:009518	2	0	2	0	no	no
bacterial/TOGO_M3000_Acidobacterium_Medium.yaml	CultureMech:009519	1	1	0	0	yes	no
bacterial/TOGO_M3015_Sulfuriflexus_Medium.yaml	CultureMech:009531	2	0	2	0	yes	no
bacterial/TOGO_M3030_Ectothiorhodospira_Abdelmalekii_Medium.yaml	CultureMech:009542	1	1	0	0	yes	no
bacterial/TOGO_M3032_Chloroflexus_Aggregans_Medium.yaml	CultureMech:009544	8	1	0	7	yes	no
bacterial/TOGO_M3035_Thiomonas_cuprina_medium.yaml	CultureMech:009547	4	0	4	0	yes	no
bacterial/TOGO_M3036_Thiomonas_cuprina_medium.yaml	CultureMech:009548	4	0	4	0	yes	no
bacterial/TOGO_M3038_Modified_YCFA_medium.yaml	CultureMech:009550	8	0	0	8	yes	no
bacterial/TOGO_M3072_Chopped_Meat_Medium_With_Carbohydrates.yaml	CultureMech:009581	1	1	0	0	yes	no
bacterial/TOGO_M3116_Nutrient_Agar.yaml	CultureMech:009588	1	1	0	0	no	no
bacterial/TOGO_M3119_Thermodesulfobium_Acidiphilum_Medium.yaml	CultureMech:009590	17	1	8	8	yes	no
bacterial/TOGO_M311_Thermocrinis_Albus_Medium.yaml	CultureMech:009591	1	0	1	0	yes	no
bacterial/TOGO_M3120_BG11_medium.yaml	CultureMech:009592	2	1	1	0	yes	no
bacterial/TOGO_M3121_Modified_SME_medium.yaml	CultureMech:009593	3	0	2	1	yes	no
bacterial/TOGO_M3122_Caminibacter_Mediatlanticus_Medium.yaml	CultureMech:009594	6	1	5	0	yes	no
bacterial/TOGO_M3125_Thermophilic_Hydrogen_Bacteria_Medium.yaml	CultureMech:009595	7	1	6	0	yes	no
bacterial/TOGO_M3126_Mineral_Medium_For_Chemolithotrophic_Growth_H-3.yaml	CultureMech:009596	8	1	0	7	yes	no
bacterial/TOGO_M3127_MMJS_medium.yaml	CultureMech:009597	9	0	0	9	yes	no
bacterial/TOGO_M3128_Thermosulfidibacter_Medium.yaml	CultureMech:009598	13	1	4	8	yes	no
bacterial/TOGO_M3130_Desulfurella_Medium.yaml	CultureMech:009601	17	1	8	8	yes	no
bacterial/TOGO_M3132_Hippea_Medium.yaml	CultureMech:009603	9	1	0	8	yes	no
bacterial/TOGO_M3134_Clostridium_Ljungdahlii_Medium.yaml	CultureMech:009604	9	1	0	8	yes	no
bacterial/TOGO_M3141_Chloroflexus_Medium_modified.yaml	CultureMech:009609	1	1	0	0	yes	no
bacterial/TOGO_M3142_Chloroflexus_medium.yaml	CultureMech:009610	1	0	1	0	yes	no
bacterial/TOGO_M315_Thermotoga_YE_Medium.yaml	CultureMech:009618	1	0	0	1	yes	no
bacterial/TOGO_M3167_LC_medium.yaml	CultureMech:009624	2	0	2	0	no	no
bacterial/TOGO_M3174_Clostridium_thermocellum_medium.yaml	CultureMech:009627	17	0	7	10	yes	no
bacterial/TOGO_M317_Thermovibrio_Rubrum_Medium.yaml	CultureMech:009630	1	0	0	1	yes	no
bacterial/TOGO_M319_MMJY_Medium.yaml	CultureMech:009641	3	0	2	1	yes	no
bacterial/TOGO_M3212_Nutrient_agar.yaml	CultureMech:009653	1	1	0	0	no	no
bacterial/TOGO_M3231_Minimal_media.yaml	CultureMech:009671	1	0	1	0	no	no
bacterial/TOGO_M3246_9_K_medium.yaml	CultureMech:009679	1	0	1	0	no	no
bacterial/TOGO_M324_Halobius_Medium.yaml	CultureMech:009682	1	0	1	0	no	no
bacterial/TOGO_M3254_MB_medium.yaml	CultureMech:009686	9	1	0	8	yes	no
bacterial/TOGO_M325_Sporotomaculum_Medium.yaml	CultureMech:009687	2	1	0	1	yes	no
bacterial/TOGO_M3270_Tmbs4_Medium.yaml	CultureMech:009690	2	1	0	1	yes	no
bacterial/TOGO_M3287_MNYP_medium.yaml	CultureMech:009701	2	0	2	0	yes	no
bacterial/TOGO_M3290_modified_PYG_Medium.yaml	CultureMech:009703	2	1	0	1	yes	no
bacterial/TOGO_M336_VY_2-ASW_Agar.yaml	CultureMech:009714	1	0	0	1	no	no
bacterial/TOGO_M342_SME_Medium.yaml	CultureMech:009721	1	0	0	1	yes	no
bacterial/TOGO_M347_JT_Medium.yaml	CultureMech:009726	2	1	0	1	yes	no
bacterial/TOGO_M348_Modified_Sulfate_Reducing_Bacteria_Medium.yaml	CultureMech:009727	2	0	1	1	yes	no
bacterial/TOGO_M352_ATYP_Medium.yaml	CultureMech:009732	13	0	9	4	yes	no
bacterial/TOGO_M354_MMJ_Medium.yaml	CultureMech:009734	3	0	2	1	yes	no
bacterial/TOGO_M356_MGP_Medium.yaml	CultureMech:009736	2	1	0	1	yes	no
bacterial/TOGO_M362_MJAIS_Medium.yaml	CultureMech:009743	2	0	1	1	yes	no
bacterial/TOGO_M363_MMJH_Medium.yaml	CultureMech:009744	1	0	1	0	yes	no
bacterial/TOGO_M364_Tepidanaerobacter_Medium.yaml	CultureMech:009745	2	1	0	1	yes	no
bacterial/TOGO_M365_Thermovibrio_Ammonificans_Medium.yaml	CultureMech:009746	2	0	1	1	yes	no
bacterial/TOGO_M366_TH_Agar.yaml	CultureMech:009747	5	0	5	0	no	yes
bacterial/TOGO_M371_Lentibacillus_Medium.yaml	CultureMech:009752	1	0	1	0	no	no
bacterial/TOGO_M372_Lentibacillus_Medium.yaml	CultureMech:009753	1	0	1	0	no	no
bacterial/TOGO_M373_Alkaliphilus_Crotonatoxidans_Medium.yaml	CultureMech:009754	3	1	1	1	yes	no
bacterial/TOGO_M374_Carnobacterium_Pleistocaenium_Medium.yaml	CultureMech:009755	1	0	0	1	yes	no
bacterial/TOGO_M375_Gelidivirgula_Medium.yaml	CultureMech:009756	1	0	0	1	yes	no
bacterial/TOGO_M376_Trichococcus_Medium.yaml	CultureMech:009757	1	0	0	1	yes	no
bacterial/TOGO_M377_AGC2_Medium.yaml	CultureMech:009758	2	1	1	0	no	no
bacterial/TOGO_M378_Desulfobacterium_Medium.yaml	CultureMech:009759	2	0	1	1	yes	no
bacterial/TOGO_M379_Glycerol-Soil_Medium.yaml	CultureMech:009760	1	1	0	0	no	no
bacterial/TOGO_M383_MV_Lactate_Medium.yaml	CultureMech:009764	1	0	0	1	yes	no
bacterial/TOGO_M384_Desulfovibrio_Medium.yaml	CultureMech:009765	1	0	0	1	no	no
bacterial/TOGO_M385_JI_Medium.yaml	CultureMech:009766	2	1	0	1	yes	no
bacterial/TOGO_M387_Marine_Desulfosarcina_Medium.yaml	CultureMech:009768	1	0	0	1	yes	no
bacterial/TOGO_M389_Desulfobacterium_Niacini_Medium.yaml	CultureMech:009770	2	0	1	1	yes	no
bacterial/TOGO_M390_Desulfobacterium_Vacuolatum_Medium.yaml	CultureMech:009772	2	0	1	1	yes	no
bacterial/TOGO_M391_Desulfobacterium_Cetonicum_Medium.yaml	CultureMech:009773	1	0	0	1	yes	no
bacterial/TOGO_M392_Desulfosarcina_Ovata_Medium.yaml	CultureMech:009774	2	0	1	1	yes	no
bacterial/TOGO_M393_TD3_Medium.yaml	CultureMech:009775	4	0	2	2	yes	no
bacterial/TOGO_M396_Desulfovibrio_Piger_Medium.yaml	CultureMech:009778	1	0	0	1	yes	no
bacterial/TOGO_M397_Propionivibrio_Medium.yaml	CultureMech:009779	1	0	0	1	yes	no
bacterial/TOGO_M401_Acetobacterium_Submarinus_Medium.yaml	CultureMech:009785	7	0	1	6	yes	no
bacterial/TOGO_M410_Fe_III_-Reducer_Freshwater_Enrichment_Medium.yaml	CultureMech:009795	1	0	1	0	yes	no
bacterial/TOGO_M411_MMJS_Medium.yaml	CultureMech:009796	1	0	1	0	yes	no
bacterial/TOGO_M412_Modified_SOB_Medium.yaml	CultureMech:009797	3	1	2	0	yes	no
bacterial/TOGO_M415_MJYTFSH_Medium.yaml	CultureMech:009800	2	0	2	0	yes	no
bacterial/TOGO_M418_MJAIS_MD_Medium.yaml	CultureMech:009803	5	0	4	1	yes	no
bacterial/TOGO_M426_Beer_Medium.yaml	CultureMech:009811	1	0	1	0	no	no
bacterial/TOGO_M430_Desulfosporomusa_Medium.yaml	CultureMech:009816	1	0	0	1	yes	no
bacterial/TOGO_M431_BN3_Medium.yaml	CultureMech:009817	12	0	10	2	yes	no
bacterial/TOGO_M433_Pseudomonas_Halophila_Medium.yaml	CultureMech:009819	15	1	8	6	yes	no
bacterial/TOGO_M434_Anaerolinea_Medium.yaml	CultureMech:009820	2	1	0	1	yes	no
bacterial/TOGO_M435_Anaerolinea_Medium-B.yaml	CultureMech:009821	2	1	0	1	yes	no
bacterial/TOGO_M438_RT2_Medium.yaml	CultureMech:009823	2	1	0	1	yes	no
bacterial/TOGO_M439_Desulfovibrio_Aerotolerans_DVO5_Medium.yaml	CultureMech:009824	9	0	8	1	yes	no
bacterial/TOGO_M440_TB2_Medium.yaml	CultureMech:009826	2	0	1	1	yes	no
bacterial/TOGO_M449_KA22_Medium.yaml	CultureMech:009835	1	0	0	1	yes	no
bacterial/TOGO_M454_Spirochaeta_Californiensis_Medium.yaml	CultureMech:009841	2	1	0	1	yes	no
bacterial/TOGO_M45_MGA_Agar.yaml	CultureMech:009847	1	0	1	0	yes	no
bacterial/TOGO_M461_Chopped_Meat_Medium.yaml	CultureMech:009849	1	0	0	1	no	no
bacterial/TOGO_M462_Chopped_Meat_Medium.yaml	CultureMech:009850	1	0	0	1	no	no
bacterial/TOGO_M463_Saltwater_Medium_With_Lactate.yaml	CultureMech:009851	4	1	0	3	yes	no
bacterial/TOGO_M464_Saltwater_Medium_With_Acetate_And_Ferric_Citrate.yaml	CultureMech:009852	2	1	0	1	yes	no
bacterial/TOGO_M469_Veillonella_Medium.yaml	CultureMech:009857	1	0	0	1	no	no
bacterial/TOGO_M471_Vulcanibacillus_Medium.yaml	CultureMech:009860	5	0	4	1	yes	no
bacterial/TOGO_M472_Desulfonauticus_Medium.yaml	CultureMech:009861	2	0	1	1	yes	no
bacterial/TOGO_M478_Methanosaeta_Brevibacterium_Medium.yaml	CultureMech:009864	1	0	0	1	yes	no
bacterial/TOGO_M479_Modified_MMJHS_Medium_For_GO25.yaml	CultureMech:009865	3	0	2	1	yes	no
bacterial/TOGO_M480_Thermodesulfovibrio_Medium.yaml	CultureMech:009867	2	1	0	1	yes	no
bacterial/TOGO_M481_Modified_Sporomusa_Medium.yaml	CultureMech:009868	2	0	1	1	yes	no
bacterial/TOGO_M48_Sporulation_Agar.yaml	CultureMech:009877	1	0	1	0	no	no
bacterial/TOGO_M490_Catonella_Ureilytica_Medium.yaml	CultureMech:009878	1	0	0	1	no	no
bacterial/TOGO_M491_Mg50_Medium.yaml	CultureMech:009879	3	1	1	1	yes	no
bacterial/TOGO_M493_MMJ-TL_Medium.yaml	CultureMech:009881	3	0	2	1	yes	no
bacterial/TOGO_M495_MMJ-MH_Medium.yaml	CultureMech:009883	1	0	0	1	yes	no
bacterial/TOGO_M496_MMJ-DO_Medium.yaml	CultureMech:009884	1	0	0	1	yes	no
bacterial/TOGO_M497_Modified_Biebl_And_Pfennig_s_Medium.yaml	CultureMech:009885	8	0	8	0	yes	no
bacterial/TOGO_M498_Modified_Eichler_And_Pfennig_s_Medium.yaml	CultureMech:009886	1	0	0	1	yes	no
bacterial/TOGO_M500_Sulfate-Free_Syntrophomonus_Medium.yaml	CultureMech:009890	6	0	0	6	yes	no
bacterial/TOGO_M501_TYE_Medium.yaml	CultureMech:009891	2	0	2	0	no	no
bacterial/TOGO_M504_UI_Medium.yaml	CultureMech:009894	2	1	0	1	yes	no
bacterial/TOGO_M505_NE23-3_Medium.yaml	CultureMech:009895	2	1	0	1	yes	no
bacterial/TOGO_M509_Modified_MMJS_Medium.yaml	CultureMech:009899	2	0	2	0	yes	no
bacterial/TOGO_M511_NMS_Medium.yaml	CultureMech:009902	8	0	8	0	yes	no
bacterial/TOGO_M512_Desulfobulbus_Medium.yaml	CultureMech:009903	1	0	0	1	yes	no
bacterial/TOGO_M515_Glucose_Sulfide_Medium.yaml	CultureMech:009906	6	0	0	6	yes	no
bacterial/TOGO_M516_Rhodovulum_Visakhum_Medium.yaml	CultureMech:009907	1	0	0	1	yes	no
bacterial/TOGO_M517_Rhodobium_Gokurnum_Medium.yaml	CultureMech:009908	7	0	7	0	yes	no
bacterial/TOGO_M51_CM_YE_Medium.yaml	CultureMech:009911	1	0	1	0	yes	no
bacterial/TOGO_M520_Syntrophomonas_Medium_for_Syntrophospora_cellicola_19J-3.yaml	CultureMech:009912	5	0	0	5	yes	no
bacterial/TOGO_M521_Rhodovulum_Imhoffii_Medium.yaml	CultureMech:009913	8	0	7	1	yes	no
bacterial/TOGO_M522_Modified_Desulfoglaeba_Alkanexedens_Medium.yaml	CultureMech:009914	1	0	0	1	yes	no
bacterial/TOGO_M533_Bacillus_Filiformis_Medium.yaml	CultureMech:009925	1	0	1	0	yes	no
bacterial/TOGO_M535_Marichromatium_Bheemlicum_Medium.yaml	CultureMech:009927	8	0	7	1	yes	no
bacterial/TOGO_M538_PHE91_Medium.yaml	CultureMech:009930	12	0	8	4	yes	no
bacterial/TOGO_M539_Treponema_Isopterocola_Medium.yaml	CultureMech:009931	8	0	0	8	yes	no
bacterial/TOGO_M541_Modified_Synthrophomonas_Medium.yaml	CultureMech:009934	1	0	0	1	yes	no
bacterial/TOGO_M542_Modified_Syntrophomonas_Medium_For_OL4.yaml	CultureMech:009935	1	0	0	1	yes	no
bacterial/TOGO_M543_MV_Pyruvate_Medium.yaml	CultureMech:009936	1	0	0	1	yes	no
bacterial/TOGO_M545_Tindallia_Texcoconensis_Medium.yaml	CultureMech:009938	2	1	0	1	yes	no
bacterial/TOGO_M546_Thermodesulfovibrio_Hydrogeniphilus_Medium.yaml	CultureMech:009939	1	0	0	1	yes	no
bacterial/TOGO_M547_Desulfotomaculum_Lam5_Medium.yaml	CultureMech:009940	1	0	0	1	yes	no
bacterial/TOGO_M550_Geosporobacter_Subterreneus_Medium.yaml	CultureMech:009944	1	0	0	1	yes	no
bacterial/TOGO_M551_Desulfovibrio_As36_Medium.yaml	CultureMech:009945	1	0	0	1	yes	no
bacterial/TOGO_M553_Desulfovibrio_Marinus_Medium.yaml	CultureMech:009947	1	0	0	1	yes	no
bacterial/TOGO_M554_Sulfate_Reducing_Bacterium_Medium_With_Lactate.yaml	CultureMech:009948	3	0	0	3	yes	no
bacterial/TOGO_M555_Sulfate_Reducing_Bacterium_Medium_With_Lactate.yaml	CultureMech:009949	1	0	0	1	yes	no
bacterial/TOGO_M556_Sulfate_Reducing_Bacterium_Medium_With_Pyruvate.yaml	CultureMech:009950	1	0	0	1	yes	no
bacterial/TOGO_M557_Sulfate_Reducing_Bacterium_Medium_With_Pyruvate.yaml	CultureMech:009951	1	0	0	1	yes	no
bacterial/TOGO_M558_Trichlorobacter_Media_TTFA.yaml	CultureMech:009952	1	0	1	0	yes	no
bacterial/TOGO_M559_Syntrophomonas_Medium_Without_Sulfate.yaml	CultureMech:009953	1	0	0	1	yes	no
bacterial/TOGO_M560_Methylosoma_Difficile_Medium.yaml	CultureMech:009955	5	0	0	5	yes	no
bacterial/TOGO_M562_Magnetospirillum_Medium_A.yaml	CultureMech:009957	6	0	2	4	yes	no
bacterial/TOGO_M563_1_2_SME_Medium.yaml	CultureMech:009958	1	0	0	1	no	no
bacterial/TOGO_M567_Treponema_Zioleckii_Medium.yaml	CultureMech:009962	1	0	0	1	yes	no
bacterial/TOGO_M569_Desulfovibrio_HEB233_Medium.yaml	CultureMech:009964	1	0	0	1	yes	no
bacterial/TOGO_M572_Roseospira_Medium.yaml	CultureMech:009968	7	0	7	0	yes	no
bacterial/TOGO_M577_Clostridiisalibacter_Paucivorans_Medium.yaml	CultureMech:009973	1	0	0	1	yes	no
bacterial/TOGO_M578_DB_Characterization_Medium_NO._2.yaml	CultureMech:009974	8	0	0	8	yes	no
bacterial/TOGO_M57_Cellulose_Agar.yaml	CultureMech:009975	1	0	1	0	no	no
bacterial/TOGO_M580_Syntrophomonas_Palmiticicum_Medium.yaml	CultureMech:009976	2	1	0	1	yes	no
bacterial/TOGO_M581_Desulfatibacillus_Olefinivorans_Medium.yaml	CultureMech:009977	9	0	8	1	yes	no
bacterial/TOGO_M582_Desulfatirhabdium_Butyrativorans_Medium.yaml	CultureMech:009978	2	1	0	1	yes	no
bacterial/TOGO_M585_Rhodobacter_Sphaeroides_Medium.yaml	CultureMech:009981	7	0	7	0	yes	no
bacterial/TOGO_M593_Modified_Rhodobacter_Spaeroides_Medium.yaml	CultureMech:009990	7	0	7	0	yes	no
bacterial/TOGO_M595_A-MMX_Medium.yaml	CultureMech:009992	1	0	0	1	yes	no
bacterial/TOGO_M596_Half_Strength_Trypticase_Soy_Broth_Agar_pH_4.0.yaml	CultureMech:009993	1	1	0	0	yes	no
bacterial/TOGO_M597_Modified_MMJS_Medium_B.yaml	CultureMech:009994	2	0	2	0	yes	no
bacterial/TOGO_M599_Alicycliphilus_Denitrificans_Medium.yaml	CultureMech:009996	1	1	0	0	yes	no
bacterial/TOGO_M600_Alicycliphilus_Denitrificans_Medium.yaml	CultureMech:009999	1	1	0	0	yes	no
bacterial/TOGO_M601_Clostridium_Thermocellum_Medium.yaml	CultureMech:010000	2	0	1	1	no	no
bacterial/TOGO_M607_G5G6_Medium.yaml	CultureMech:010006	1	0	0	1	yes	no
bacterial/TOGO_M609_Desulfovibrio_Magnus_Medium.yaml	CultureMech:010008	16	1	9	6	yes	no
bacterial/TOGO_M60_GYP-Sodium_Acetate-Mineral_Salts_Broth.yaml	CultureMech:010009	2	0	2	0	no	no
bacterial/TOGO_M610_mMMJS_PT.yaml	CultureMech:010010	2	0	2	0	yes	no
bacterial/TOGO_M614_Halomonas_Subglaciescola_Medium.yaml	CultureMech:010014	2	0	2	0	yes	no
bacterial/TOGO_M622_Bacillus_Fumarioli_Medium.yaml	CultureMech:010022	1	0	1	0	no	no
bacterial/TOGO_M625_Desulfomicrobium_Medium.yaml	CultureMech:010025	12	0	7	5	yes	no
bacterial/TOGO_M626_Modified_PY4S_Agar.yaml	CultureMech:010026	1	0	0	1	yes	no
bacterial/TOGO_M627_CYS_Medium.yaml	CultureMech:010027	6	0	6	0	no	yes
bacterial/TOGO_M628_CYS_Medium_For_YMO722.yaml	CultureMech:010028	6	0	6	0	no	yes
bacterial/TOGO_M631_HYL_Medium.yaml	CultureMech:010032	4	0	3	1	yes	no
bacterial/TOGO_M638_Fervidobacterium_Tianchisum_Medium.yaml	CultureMech:010038	2	0	2	0	no	no
bacterial/TOGO_M639_Sulfate-Reducing_Bacterium_Medium_With_2_NaCl_And_Lactate.yaml	CultureMech:010039	1	0	0	1	yes	no
bacterial/TOGO_M640_Sulfate-Reducing_Bacterium_Medium_With_2_NaCl_And_Lactate.yaml	CultureMech:010041	1	0	0	1	yes	no
bacterial/TOGO_M641_Freshwater_Iron-Oxidizing_Bacteria_Medium.yaml	CultureMech:010042	1	0	1	0	yes	no
bacterial/TOGO_M644_MMB_Medium.yaml	CultureMech:010045	4	0	1	3	yes	no
bacterial/TOGO_M648_Alkaliphilus_Succinacidus_Medium.yaml	CultureMech:010049	1	0	0	1	no	no
bacterial/TOGO_M649_Clostridium_Bovis_Medium.yaml	CultureMech:010050	1	0	0	1	no	no
bacterial/TOGO_M651_Clostridium_R6_Medium.yaml	CultureMech:010053	1	0	0	1	yes	no
bacterial/TOGO_M654_Clostridium_SW_Medium.yaml	CultureMech:010056	1	0	0	1	yes	no
bacterial/TOGO_M655_NCDC-99X_Medium.yaml	CultureMech:010057	1	0	0	1	yes	no
bacterial/TOGO_M656_Moorella_AN10_Medium.yaml	CultureMech:010058	1	0	0	1	yes	no
bacterial/TOGO_M657_VRI_Medium.yaml	CultureMech:010059	1	0	0	1	yes	no
bacterial/TOGO_M662_Thiocapsa_Medium.yaml	CultureMech:010065	1	0	0	1	yes	no
bacterial/TOGO_M665_Thiophaeococcus_Medium.yaml	CultureMech:010068	1	0	0	1	yes	no
bacterial/TOGO_M670_Postgate_J._R_S_Medium_C.yaml	CultureMech:010074	1	0	1	0	yes	no
bacterial/TOGO_M679_Modified_AM5_Medium.yaml	CultureMech:010083	1	0	0	1	yes	no
bacterial/TOGO_M683_Freshwater_Iron_GEL_Medium.yaml	CultureMech:010088	8	0	0	8	yes	no
bacterial/TOGO_M689_Spirochaeta_Caldaria_Medium.yaml	CultureMech:010094	1	0	0	1	yes	no
bacterial/TOGO_M690_Thermoanaerobium_Medium.yaml	CultureMech:010096	2	0	1	1	yes	no
bacterial/TOGO_M691_Flexibacter_Canadensis_Medium.yaml	CultureMech:010097	2	0	0	2	yes	no
bacterial/TOGO_M693_PYG_Medium_F.yaml	CultureMech:010099	1	1	0	0	yes	no
bacterial/TOGO_M694_Ruminococcus_Albus_Medium.yaml	CultureMech:010100	2	1	0	1	yes	no
bacterial/TOGO_M695_PYG_Medium_G.yaml	CultureMech:010101	1	0	0	1	yes	no
bacterial/TOGO_M698_Dehalogenimonas_Medium.yaml	CultureMech:010104	1	0	0	1	yes	no
bacterial/TOGO_M699_Desulfovibrio_Tunisiensis_Medium.yaml	CultureMech:010105	1	0	0	1	yes	no
bacterial/TOGO_M6_BL_Agar_Glucose_Blood_Liver_Agar.yaml	CultureMech:010107	1	1	0	0	yes	no
bacterial/TOGO_M704_Alicyclobacillus_Ferrooxydans_Medium.yaml	CultureMech:010111	1	0	1	0	yes	no
bacterial/TOGO_M705_Alicyclobacillus_Ferrooxydans_Medium.yaml	CultureMech:010112	1	0	1	0	yes	no
bacterial/TOGO_M707_MB_Medium_With_Methanol.yaml	CultureMech:010114	1	0	0	1	yes	no
bacterial/TOGO_M708_MB_Medium_With_Formate.yaml	CultureMech:010115	1	0	0	1	yes	no
bacterial/TOGO_M70_Methanol-Utilizing_Bacteria_Medium_B.yaml	CultureMech:010117	3	0	2	1	no	no
bacterial/TOGO_M714_Spirochaeta_Smaeagdinae_Medium.yaml	CultureMech:010121	1	0	0	1	yes	no
bacterial/TOGO_M715_Nautilia_Abyssi_Medium.yaml	CultureMech:010122	1	0	0	1	yes	no
bacterial/TOGO_M718_Acidimicrobium_Medium.yaml	CultureMech:010125	1	0	1	0	yes	no
bacterial/TOGO_M719_Acidimicrobium_Medium.yaml	CultureMech:010126	1	0	1	0	no	no
bacterial/TOGO_M720_Modified_Thiocapsa_Medium.yaml	CultureMech:010128	13	1	8	4	yes	no
bacterial/TOGO_M726_Anoxybacillus_Tunisiense_Medium.yaml	CultureMech:010134	3	1	2	0	yes	no
bacterial/TOGO_M727_Selenomonas_WG_Medium.yaml	CultureMech:010135	1	0	0	1	yes	no
bacterial/TOGO_M728_Sporosalibacterium_Medium.yaml	CultureMech:010136	1	0	0	1	yes	no
bacterial/TOGO_M729_Lactate_Sulfate_Medium.yaml	CultureMech:010137	1	0	0	1	yes	no
bacterial/TOGO_M72_Gauze_s_Synthetic_Medium_NO._1.yaml	CultureMech:010138	1	0	1	0	no	no
bacterial/TOGO_M730_Defined_Medium_For_Sulfate-Reducing_Bacteria_With_Butyrate.yaml	CultureMech:010139	1	0	0	1	yes	no
bacterial/TOGO_M731_Defined_Medium_For_Sulfate-Reducing_Bacteria_With_Butyrate.yaml	CultureMech:010140	1	0	0	1	yes	no
bacterial/TOGO_M736_Thermovorax_Subterraneus_Medium.yaml	CultureMech:010145	13	1	3	9	yes	no
bacterial/TOGO_M745_CYS_Medium_For_Strain_SS.yaml	CultureMech:010150	6	0	6	0	yes	no
bacterial/TOGO_M747_Ravot_Modified_Medium_For_Marinitoga_Litoralis.yaml	CultureMech:010152	1	0	0	1	yes	no
bacterial/TOGO_M748_Ravot_Modified_Medium_For_Thermoanaerovibrio_SP._R101.yaml	CultureMech:010153	1	0	0	1	yes	no
bacterial/TOGO_M754_Sporomusa_Medium.yaml	CultureMech:010160	2	1	0	1	yes	no
bacterial/TOGO_M762_BM_For_Syntrophicus_Schinkii.yaml	CultureMech:010169	1	0	0	1	yes	no
bacterial/TOGO_M763_BM_For_Tepidanaerobacter_Acetoxydans.yaml	CultureMech:010170	1	0	0	1	yes	no
bacterial/TOGO_M766_Acetobacterium_Medium.yaml	CultureMech:010173	5	0	4	1	yes	no
bacterial/TOGO_M767_Clostridium_Aerotolerans_Medium.yaml	CultureMech:010174	1	0	0	1	no	no
bacterial/TOGO_M768_Clostridium_Thermosulfurogenes_Medium.yaml	CultureMech:010175	7	0	6	1	yes	no
bacterial/TOGO_M769_Modified_HB-1_Medium.yaml	CultureMech:010176	2	0	1	1	yes	no
bacterial/TOGO_M774_Desulfobulbus_Medium_With_Lactate.yaml	CultureMech:010182	1	0	0	1	yes	no
bacterial/TOGO_M776_Modified_Nautilia_Lithotrophica_Medium.yaml	CultureMech:010184	1	0	0	1	yes	no
bacterial/TOGO_M778_Dehalospirillum_Medium.yaml	CultureMech:010186	1	0	0	1	yes	no
bacterial/TOGO_M779_MJ_Medium_For_Defferibacter_SP._Strain_Nejineji.yaml	CultureMech:010187	5	0	4	1	yes	no
bacterial/TOGO_M780_MMJ-S304_Medium.yaml	CultureMech:010189	1	0	0	1	yes	no
bacterial/TOGO_M781_Geobacter_Daltonii_Medium.yaml	CultureMech:010190	1	0	0	1	yes	no
bacterial/TOGO_M782_Desulfovibrio_Mexicanus_Medium.yaml	CultureMech:010191	2	1	0	1	yes	no
bacterial/TOGO_M783_Dethiosulfovibrio_II_Medium.yaml	CultureMech:010192	1	0	0	1	yes	no
bacterial/TOGO_M784_Dethiosulfovibrio_Peptidovorans_Medium.yaml	CultureMech:010193	1	0	0	1	yes	no
bacterial/TOGO_M792_Desulfovibrio_Oceani_Medium.yaml	CultureMech:010202	1	0	0	1	yes	no
bacterial/TOGO_M798_Betaine_bicarbonate_Buffered_Medium.yaml	CultureMech:010208	6	1	1	4	yes	no
bacterial/TOGO_M801_Saltwater_Medium_With_Hydrogen.yaml	CultureMech:010213	1	0	0	1	yes	no
bacterial/TOGO_M802_Rumen_Fluid_Medium.yaml	CultureMech:010214	2	0	1	1	yes	no
bacterial/TOGO_M806_MH1_Medium_For_Saliarchaeum_Rubrodurum.yaml	CultureMech:010218	1	1	0	0	yes	no
bacterial/TOGO_M808_Thermoanaeromonas_Medium.yaml	CultureMech:010220	1	0	0	1	yes	no
bacterial/TOGO_M80_SM_Medium.yaml	CultureMech:010222	5	0	5	0	yes	no
bacterial/TOGO_M811_Clostridium_Acetate_1_Medium.yaml	CultureMech:010223	1	0	0	1	yes	no
bacterial/TOGO_M813_Clostridium_TH7C1_Medium.yaml	CultureMech:010225	1	0	0	1	yes	no
bacterial/TOGO_M814_Desulfosporosinus_Acidophilus_Medium.yaml	CultureMech:010226	1	0	0	1	yes	no
bacterial/TOGO_M816_Clostridium_Lind_Medium.yaml	CultureMech:010228	1	0	0	1	yes	no
bacterial/TOGO_M81_S6_Medium.yaml	CultureMech:010232	2	0	2	0	yes	no
bacterial/TOGO_M823_S200_Medium.yaml	CultureMech:010236	1	0	0	1	yes	no
bacterial/TOGO_M824_Lind_8A_Medium.yaml	CultureMech:010237	1	0	0	1	yes	no
bacterial/TOGO_M82_S6_Medium.yaml	CultureMech:010243	2	0	2	0	yes	no
bacterial/TOGO_M830_Desulfitocella_Medium.yaml	CultureMech:010244	1	0	0	1	yes	no
bacterial/TOGO_M836_BHI-S_Medium.yaml	CultureMech:010250	1	0	0	1	no	no
bacterial/TOGO_M841_GS_Medium.yaml	CultureMech:010256	1	0	0	1	yes	no
bacterial/TOGO_M843_Sulfurimonas_GD1_Medium.yaml	CultureMech:010258	2	0	1	1	yes	no
bacterial/TOGO_M844_Spirochaeta_Stenostrepta_Medium.yaml	CultureMech:010259	1	0	0	1	no	no
bacterial/TOGO_M847_Modified_Brock_s_Basal_Salts-Yeast_Extract-Tryptone_Medium.yaml	CultureMech:010262	3	0	3	0	no	yes
bacterial/TOGO_M849_Tepidimicrobium_Xylanilyticum_Medium.yaml	CultureMech:010264	1	0	0	1	yes	no
bacterial/TOGO_M84_9K_Medium.yaml	CultureMech:010265	1	0	1	0	no	no
bacterial/TOGO_M852_Low-Salt_Methanotrophic_Medium.yaml	CultureMech:010268	6	0	0	6	yes	no
bacterial/TOGO_M853_Halanaerobacter_Jeridensis_Medium.yaml	CultureMech:010269	1	0	0	1	yes	no
bacterial/TOGO_M854_Bacillus_Macyae_Medium.yaml	CultureMech:010270	6	0	0	6	yes	no
bacterial/TOGO_M855_Methanotroph_1A_Medium.yaml	CultureMech:010271	1	0	1	0	yes	no
bacterial/TOGO_M857_Fermentative_Cellulolytic_Anaerobes_Medium.yaml	CultureMech:010273	1	0	0	1	yes	no
bacterial/TOGO_M858_Tepidibacter_Mesophilus_Medium.yaml	CultureMech:010274	1	0	0	1	yes	no
bacterial/TOGO_M859_Desulfohalobium_Medium.yaml	CultureMech:010275	3	1	1	1	yes	no
bacterial/TOGO_M85_W_Medium.yaml	CultureMech:010276	1	0	1	0	no	no
bacterial/TOGO_M860_KOKO_Medium.yaml	CultureMech:010277	1	0	0	1	yes	no
bacterial/TOGO_M861_Modified_CM3_Medium.yaml	CultureMech:010278	2	0	1	1	yes	no
bacterial/TOGO_M862_Dehalococcoides_Medium.yaml	CultureMech:010279	9	0	0	9	yes	no
bacterial/TOGO_M863_Modified_NMS_Medium.yaml	CultureMech:010280	1	1	0	0	yes	no
bacterial/TOGO_M866_Desulfovibrio_B0109P2_Medium.yaml	CultureMech:010283	1	0	0	1	yes	no
bacterial/TOGO_M867_Desulfovibrio_Arsenicitolerans_Medium.yaml	CultureMech:010284	1	0	0	1	yes	no
bacterial/TOGO_M869_IP3-3_Medium.yaml	CultureMech:010286	2	1	0	1	yes	no
bacterial/TOGO_M871_7WAY-8-7_Medium.yaml	CultureMech:010289	2	1	0	1	yes	no
bacterial/TOGO_M872_8KG-4_Medium.yaml	CultureMech:010290	2	1	0	1	yes	no
bacterial/TOGO_M873_Syfac_Medium.yaml	CultureMech:010291	1	0	0	1	yes	no
bacterial/TOGO_M877_Propionispora_Medium.yaml	CultureMech:010295	1	0	0	1	yes	no
bacterial/TOGO_M879_Lind_BHT_Medium.yaml	CultureMech:010297	1	0	0	1	yes	no
bacterial/TOGO_M87_Rhodopseudomonas_Rutila_Medium.yaml	CultureMech:010298	3	0	1	2	no	no
bacterial/TOGO_M880_Rsulfac1_Medium.yaml	CultureMech:010299	1	0	0	1	yes	no
bacterial/TOGO_M882_MO-CFXI_Medium.yaml	CultureMech:010301	2	1	0	1	yes	no
bacterial/TOGO_M883_C5BEL_Medium.yaml	CultureMech:010302	1	0	0	1	yes	no
bacterial/TOGO_M884_Modified_1_10_PYGV_Medium.yaml	CultureMech:010303	6	0	0	6	yes	no
bacterial/TOGO_M886_Thermosyntropha_L-60_Medium.yaml	CultureMech:010304	1	0	0	1	yes	no
bacterial/TOGO_M888_Spirochaeta_Medium.yaml	CultureMech:010306	13	0	5	8	yes	no
bacterial/TOGO_M891_MO-SEDI_Medium.yaml	CultureMech:010309	2	1	0	1	yes	no
bacterial/TOGO_M892_Thermovenbulum_Medium.yaml	CultureMech:010310	1	0	0	1	yes	no
bacterial/TOGO_M893_Lactate_bicarbonate_Buffered_Medium.yaml	CultureMech:010311	1	0	0	1	yes	no
bacterial/TOGO_M899_Steroidobacter_Medium.yaml	CultureMech:010316	9	0	2	7	yes	no
bacterial/TOGO_M901_ML_Medium.yaml	CultureMech:010320	1	0	1	0	no	no
bacterial/TOGO_M902_Desulfosporosinus_Bsrei1_Medium.yaml	CultureMech:010321	1	0	0	1	yes	no
bacterial/TOGO_M903_Desulfotomaculum_BS_Medium.yaml	CultureMech:010322	1	0	0	1	yes	no
bacterial/TOGO_M905_Geomonas_Saccharovorans_Medium.yaml	CultureMech:010324	1	0	0	1	yes	no
bacterial/TOGO_M910_Proteiniphilus_5MH_Medium.yaml	CultureMech:010330	1	0	0	1	yes	no
bacterial/TOGO_M912_NM-57_Medium.yaml	CultureMech:010332	2	1	0	1	yes	no
bacterial/TOGO_M913_BELH1_Medium.yaml	CultureMech:010333	1	0	0	1	yes	no
bacterial/TOGO_M914_Phosphoac3_Medium.yaml	CultureMech:010334	1	0	0	1	yes	no
bacterial/TOGO_M915_Desulfonema_Magnum_Medium.yaml	CultureMech:010335	1	0	0	1	yes	no
bacterial/TOGO_M922_KNH_Medium.yaml	CultureMech:010343	1	0	0	1	yes	no
bacterial/TOGO_M923_Dethiosulfovibrio_Belb1_Medium.yaml	CultureMech:010344	1	0	0	1	yes	no
bacterial/TOGO_M924_Petrotoga_AR80_Medium.yaml	CultureMech:010345	8	0	7	1	yes	no
bacterial/TOGO_M925_Hyphomicrobium_Medium.yaml	CultureMech:010346	1	0	1	0	yes	no
bacterial/TOGO_M927_MMA_Medium.yaml	CultureMech:010348	1	0	1	0	yes	no
bacterial/TOGO_M930_Metallibacterium_Medium.yaml	CultureMech:010352	1	0	1	0	yes	no
bacterial/TOGO_M933_MMJYP2_For_AC55.yaml	CultureMech:010355	2	0	2	0	yes	no
bacterial/TOGO_M934_Mbbs_Medium_For_Hydrogenobacter.yaml	CultureMech:010356	3	0	3	0	yes	no
bacterial/TOGO_M939_Syphc_Medium.yaml	CultureMech:010361	5	0	0	5	yes	no
bacterial/TOGO_M93_Bacillus_Acidocaldarius_Medium.yaml	CultureMech:010362	1	1	0	0	yes	no
bacterial/TOGO_M940_Thermobacter_Roseum_Medium.yaml	CultureMech:010363	16	0	8	8	yes	no
bacterial/TOGO_M941_M13a_Medium.yaml	CultureMech:010364	8	1	1	6	yes	no
bacterial/TOGO_M944_Thiomicrospira_V2501_Medium.yaml	CultureMech:010367	8	0	2	6	yes	no
bacterial/TOGO_M949_MK_Medium.yaml	CultureMech:010372	1	0	1	0	yes	no
bacterial/TOGO_M950_MK_Medium.yaml	CultureMech:010374	1	0	1	0	yes	no
bacterial/TOGO_M961_Semi-Solid_Autotrophic_Growth_Medium_For_Magnetococcus_Marinus.yaml	CultureMech:010386	8	0	0	8	yes	no
bacterial/TOGO_M964_Desulfamplus_Medium.yaml	CultureMech:010389	1	0	0	1	yes	no
bacterial/TOGO_M966_Hydrogenispora_Medium.yaml	CultureMech:010391	1	0	0	1	yes	no
bacterial/TOGO_M969_Peat_Medium_1_For_Methanoregura_Boonei.yaml	CultureMech:010394	17	0	9	8	yes	no
bacterial/TOGO_M972_IRD_Mesotoga_Medium.yaml	CultureMech:010398	1	0	0	1	yes	no
bacterial/TOGO_M973_Desulfatiferula_Berrense_Medium.yaml	CultureMech:010399	1	0	0	1	yes	no
bacterial/TOGO_M974_Methylobacter_MR1_Medium.yaml	CultureMech:010400	1	0	1	0	yes	no
bacterial/TOGO_M982_LX-D_Medium.yaml	CultureMech:010409	1	0	0	1	yes	no
bacterial/TOGO_M983_IRD_Alkaliphilus_Medium.yaml	CultureMech:010410	1	0	0	1	yes	no
bacterial/TOGO_M987_Aminivibrio_Asinoensis_Medium.yaml	CultureMech:010414	4	0	0	4	yes	no
bacterial/TOGO_M988_Sulfurimonas_Hongkongensis_Medium.yaml	CultureMech:010415	1	1	0	0	yes	no
bacterial/TOGO_M98_Half_Strength_Skim_Milk_Agar.yaml	CultureMech:010417	1	1	0	0	yes	no
bacterial/TOGO_M994_Caldicellulosiruptor_Medium_With_2.5_NaCl.yaml	CultureMech:010422	2	0	1	1	yes	no
bacterial/TOGO_M997_NH-JN4_Medium.yaml	CultureMech:010425	1	0	0	1	yes	no
bacterial/TOGO_M998_C41_Medium.yaml	CultureMech:010426	2	0	1	1	yes	no
bacterial/TOGO_M9_Lactobacillus_Medium_II.yaml	CultureMech:010429	1	0	1	0	yes	no
bacterial/a1_medium.yaml	CultureMech:000483	1	1	0	0	no	no
bacterial/a2_medium.yaml	CultureMech:001227	2	0	2	0	no	no
bacterial/a3.yaml	CultureMech:008520	6	0	6	0	yes	no
bacterial/a_medium.yaml	CultureMech:008389	11	0	3	8	yes	no
bacterial/abm.yaml	CultureMech:000327	2	0	0	2	no	no
bacterial/abss2.yaml	CultureMech:002460	4	0	1	3	no	yes
bacterial/acb90_medium.yaml	CultureMech:004772	5	0	1	4	no	yes
bacterial/ace_medium.yaml	CultureMech:001825	1	0	0	1	no	no
bacterial/acetitomaculum_medium.yaml	CultureMech:001673	1	0	0	1	no	no
bacterial/acetivibrio_alkalicellulosi_medium.yaml	CultureMech:000459	1	0	1	0	no	no
bacterial/acetivibrio_cellulolyticus_medium.yaml	CultureMech:001142	2	0	1	1	no	no
bacterial/acetobacterium_dehalogenans_medium.yaml	CultureMech:000819	1	0	0	1	no	no
bacterial/acetobacterium_fimetarium_medium.yaml	CultureMech:001743	1	0	0	1	no	no
bacterial/acetobacterium_medium.yaml	CultureMech:000818	1	0	0	1	no	no
bacterial/acetobacterium_sp_medium.yaml	CultureMech:006105	1	0	0	1	no	no
bacterial/acetobacterium_submarinus_medium.yaml	CultureMech:002759	3	0	0	3	no	yes
bacterial/acetobacteroides_medium.yaml	CultureMech:001130	1	0	1	0	no	no
bacterial/acetogenium_medium.yaml	CultureMech:004198	1	0	1	0	no	no
bacterial/acetohalobium_medium.yaml	CultureMech:001622	1	0	0	1	no	no
bacterial/acetohalobium_medium_replace_trimethylamine_x_hcl_with_glycinebetaine.yaml	CultureMech:005622	1	0	0	1	no	no
bacterial/acid_rhodospirillaceae_medium.yaml	CultureMech:001369	1	0	0	1	no	no
bacterial/acidaminobacter_medium.yaml	CultureMech:001391	2	0	1	1	no	no
bacterial/acidic_glycerol_asparagine_agar_ph_5_0.yaml	CultureMech:002775	3	0	3	0	no	yes
bacterial/acidic_oatmeal_agar_ph_5_0.yaml	CultureMech:002754	3	0	3	0	no	yes
bacterial/acidicapsa_medium_gys_medium.yaml	CultureMech:001156	1	0	1	0	no	no
bacterial/acidiferrobacter_medium.yaml	CultureMech:003207	2	0	2	0	no	no
bacterial/acidiferrobacter_ms_medium.yaml	CultureMech:001811	1	0	1	0	no	no
bacterial/acidifferobacter_murciensis_medium.yaml	CultureMech:003319	7	0	7	0	no	yes
bacterial/acidified_mpob_medium.yaml	CultureMech:002245	1	0	1	0	no	no
bacterial/acidihalobacter_ferrooxidans_medium.yaml	CultureMech:000778	1	0	1	0	no	no
bacterial/acidihalobacter_medium.yaml	CultureMech:002363	1	0	1	0	no	no
bacterial/acidihalobacter_prosperus_f5_medium.yaml	CultureMech:002364	8	0	8	0	no	yes
bacterial/acidihalobacter_prosperus_medium.yaml	CultureMech:001604	1	0	1	0	no	no
bacterial/acidiphilium_medium_for_dsm_11244.yaml	CultureMech:008912	1	1	0	0	no	no
bacterial/acidithiobacillus_aph_medium.yaml	CultureMech:001370	1	0	1	0	no	no
bacterial/acidithiobacillus_caldus_medium.yaml	CultureMech:000981	1	0	1	0	no	no
bacterial/acidithiobacillus_ferrooxidans_medium.yaml	CultureMech:001847	1	0	1	0	no	no
bacterial/acidithrix_ferrooydans_medium.yaml	CultureMech:002197	1	0	1	0	no	no
bacterial/acidobacteriaceae_medium_modified_vsb_medium.yaml	CultureMech:001175	4	0	1	3	no	yes
bacterial/acidosoma_medium.yaml	CultureMech:000679	1	0	1	0	no	no
bacterial/actinotalea_fermentas_medium.yaml	CultureMech:008423	2	0	1	1	no	no
bacterial/activated_carbon_medium.yaml	CultureMech:001956	1	1	0	0	no	no
bacterial/af6.yaml	CultureMech:008317	7	0	4	3	yes	no
bacterial/af6_ph4_0.yaml	CultureMech:008731	7	0	4	3	yes	no
bacterial/af6_rice_extract.yaml	CultureMech:008655	7	0	4	3	yes	no
bacterial/aht3_medium.yaml	CultureMech:004045	2	0	1	1	no	no
bacterial/ajs.yaml	CultureMech:000338	2	0	2	0	no	no
bacterial/alcalilimnicola_ehrlichii_mhle_1_medium.yaml	CultureMech:000923	1	0	1	0	no	no
bacterial/alicycliphilus_denitrificans_medium.yaml	CultureMech:002942	4	0	1	3	no	yes
bacterial/alicyclobacillus_ferrooxydans_medium.yaml	CultureMech:000651	1	0	1	0	no	no
bacterial/alkali_a_medium.yaml	CultureMech:008366	1	1	0	0	yes	no
bacterial/alkali_b_medium.yaml	CultureMech:008367	1	1	0	0	yes	no
bacterial/alkalic_mrs_ph_8_5_3_nacl.yaml	CultureMech:008441	1	1	0	0	yes	no
bacterial/alkaline_malt_extract_agar.yaml	CultureMech:007924	1	1	0	0	yes	no
bacterial/alkaline_nutrient_agar_for_sporulation.yaml	CultureMech:009004	2	1	1	0	yes	no
bacterial/alkaline_tryptone_yeast_extract_medium.yaml	CultureMech:009971	1	1	0	0	yes	no
bacterial/alkaliphiles_pirellula_medium_m1.yaml	CultureMech:000904	1	0	1	0	no	no
bacterial/alkaliphiles_pirellula_medium_m1apy.yaml	CultureMech:000901	1	0	1	0	no	no
bacterial/alkaliphiles_pirellula_medium_m1py.yaml	CultureMech:000899	1	0	1	0	no	no
bacterial/alkaliphilic_halomonas_medium.yaml	CultureMech:000457	1	0	1	0	no	no
bacterial/alkaliphilus_3b_medium.yaml	CultureMech:002258	1	0	1	0	no	no
bacterial/alkaliphilus_crotonatoxidans_medium.yaml	CultureMech:002735	1	0	1	0	no	no
bacterial/alkaliphilus_halophilus_medium.yaml	CultureMech:004040	1	0	0	1	no	no
bacterial/alkaliphilus_lact_medium.yaml	CultureMech:002256	1	0	1	0	no	no
bacterial/alkaliphilus_lacv_medium.yaml	CultureMech:002257	1	0	1	0	no	no
bacterial/alkaliphilus_medium.yaml	CultureMech:000753	1	0	0	1	no	no
bacterial/alkaliphilus_namsaraevii_medium.yaml	CultureMech:001144	2	0	1	1	no	no
bacterial/alkalispirillum_mobile_medium.yaml	CultureMech:000909	1	0	1	0	no	no
bacterial/allocatenococcus_medium.yaml	CultureMech:001781	1	0	1	0	no	no
bacterial/alternative_rumen_bacteria_medium.yaml	CultureMech:000921	1	0	0	1	no	no
bacterial/alteromonas_medium.yaml	CultureMech:000896	1	0	1	0	no	no
bacterial/am5_medium_elusimicrobium_medium.yaml	CultureMech:001186	1	0	1	0	no	no
bacterial/amh_medium.yaml	CultureMech:003812	2	0	1	1	no	no
bacterial/aminithiophilus_medium.yaml	CultureMech:001636	2	0	1	1	no	no
bacterial/aminivibrio_asinoensis_medium.yaml	CultureMech:003288	2	0	1	1	no	no
bacterial/aminobacterium_medium.yaml	CultureMech:002003	2	0	1	1	no	no
bacterial/aminobacterium_shuijingfangii_medium.yaml	CultureMech:002195	2	0	1	1	no	no
bacterial/aminomonas_medium.yaml	CultureMech:002002	2	0	1	1	no	no
bacterial/aml60_medium.yaml	CultureMech:000505	1	0	1	0	no	no
bacterial/ammonifex_thiophilus_medium.yaml	CultureMech:001633	2	0	1	1	no	no
bacterial/amo_1_medium.yaml	CultureMech:006284	2	0	1	1	no	no
bacterial/amo_1_medium_replace_n_methylhydantoin_with_creatinine.yaml	CultureMech:006283	2	0	1	1	no	no
bacterial/amphibacillus_medium.yaml	CultureMech:000875	1	0	1	0	no	no
bacterial/ams_medium.yaml	CultureMech:002091	1	0	1	0	no	no
bacterial/anacker_ordal_agar.yaml	CultureMech:000462	1	1	0	0	no	no
bacterial/anaerobacca_medium.yaml	CultureMech:001263	1	0	0	1	no	no
bacterial/anaerobacillus_arseniciselenatis_medium.yaml	CultureMech:002149	1	0	1	0	no	no
bacterial/anaerobacillus_medium.yaml	CultureMech:002062	2	0	1	1	no	no
bacterial/anaerobacter_medium.yaml	CultureMech:001611	1	0	1	0	no	no
bacterial/anaerobacterium_medium.yaml	CultureMech:001015	2	0	1	1	no	no
bacterial/anaerobe_medium_no_1.yaml	CultureMech:003133	1	0	0	1	no	no
bacterial/anaerobic_alkaline_glucose_medium.yaml	CultureMech:007857	1	1	0	0	yes	no
bacterial/anaerobic_alkaline_ye_medium.yaml	CultureMech:007563	1	0	0	1	yes	no
bacterial/anaerobic_bicarbonate_buffered_medium_with_phenol.yaml	CultureMech:007549	1	0	0	1	yes	no
bacterial/anaerobic_butyrate_rhodospirillaceae_medium_rm.yaml	CultureMech:009631	9	0	6	3	no	yes
bacterial/anaerobic_cellulolytic_medium.yaml	CultureMech:009277	1	0	0	1	yes	no
bacterial/anaerobic_cholesterol_medium.yaml	CultureMech:006675	1	0	1	0	no	no
bacterial/anaerobic_freshwater_fwm_medium_for_dsm_15978.yaml	CultureMech:009205	17	1	11	5	yes	no
bacterial/anaerobic_marine_broth_2216.yaml	CultureMech:010147	1	0	0	1	no	no
bacterial/anaerobic_mineral_medium_with_yeast_extract.yaml	CultureMech:007716	1	0	0	1	yes	no
bacterial/anaerobic_natural_seawater_medium.yaml	CultureMech:007700	1	0	0	1	yes	no
bacterial/anaerobic_serine_arginine_medium.yaml	CultureMech:006653	2	0	1	1	no	no
bacterial/anaerobic_thauera_medium.yaml	CultureMech:004072	1	0	1	0	no	no
bacterial/anaerobranca_gottschalkii_medium.yaml	CultureMech:002058	1	0	0	1	no	no
bacterial/anaerobranca_medium.yaml	CultureMech:001822	1	0	0	1	no	no
bacterial/anaerocellum_medium.yaml	CultureMech:001648	2	0	1	1	no	no
bacterial/anaerocolumna_medium.yaml	CultureMech:002019	1	0	1	0	no	no
bacterial/anaerofilum_medium.yaml	CultureMech:001857	2	0	2	0	no	no
bacterial/anaerolinea_medium.yaml	CultureMech:000420	2	0	1	1	no	no
bacterial/anaerolinea_medium_b.yaml	CultureMech:002786	1	0	1	0	no	no
bacterial/anaerolinea_medium_c.yaml	CultureMech:002281	2	0	2	0	no	no
bacterial/anaeromyxobacter_medium.yaml	CultureMech:000650	2	0	1	1	no	no
bacterial/anaerotignum_neopropionicum_medium.yaml	CultureMech:001418	2	0	1	1	no	no
bacterial/anb_aerobic.yaml	CultureMech:001235	2	0	1	1	no	no
bacterial/ancalomicrobium_medium.yaml	CultureMech:001731	1	0	1	0	no	no
bacterial/anoxic_bicarbonate_buffered_basal_medium_bbm_with_10_mm_sodium_nitrate_and_various_concentrations_of_sodium_acetate.yaml	CultureMech:008779	9	0	0	9	no	yes
bacterial/anoxic_medium_for_strain_acbe2_1.yaml	CultureMech:002801	5	0	1	4	yes	no
bacterial/anoxybacillus_amylolyticus_medium.yaml	CultureMech:000469	1	1	0	0	no	no
bacterial/anoxybacillus_medium.yaml	CultureMech:002061	2	0	1	1	no	no
bacterial/anoxybacillus_tunisiense_medium.yaml	CultureMech:003050	2	0	2	0	no	no
bacterial/anoyxnatronum_medium.yaml	CultureMech:000629	1	0	1	0	no	no
bacterial/ant.yaml	CultureMech:000349	1	0	1	0	no	no
bacterial/ap11mh_medium.yaml	CultureMech:008415	9	0	1	8	yes	no
bacterial/aquaspirillum_medium.yaml	CultureMech:002048	2	0	1	1	no	no
bacterial/arc51_medium.yaml	CultureMech:003750	8	0	4	4	no	yes
bacterial/archeoglobus_veneficus_medium.yaml	CultureMech:006506	4	0	4	0	no	yes
bacterial/arcobacter_anaerophilus_medium.yaml	CultureMech:000992	1	0	0	1	no	no
bacterial/aromatoleum_medium.yaml	CultureMech:001192	3	1	1	1	no	no
bacterial/artficial_brackish_water_medium.yaml	CultureMech:002296	1	0	1	0	yes	no
bacterial/artficial_freshwater_medium_i.yaml	CultureMech:002297	1	0	1	0	yes	no
bacterial/artficial_freshwater_medium_ii.yaml	CultureMech:002298	1	0	1	0	yes	no
bacterial/artficial_marine_water_medium.yaml	CultureMech:007728	1	0	0	1	yes	no
bacterial/artificial_deep_lake_medium.yaml	CultureMech:008960	3	0	0	3	yes	no
bacterial/artificial_deep_lake_vitamin_medium.yaml	CultureMech:002530	3	0	0	3	no	yes
bacterial/artificial_pilot_plant_water_medium.yaml	CultureMech:002487	1	0	1	0	no	no
bacterial/artificial_sea_water_tryptone_soy_broth_medium_asw_tsb_medium.yaml	CultureMech:001173	2	1	1	0	no	no
bacterial/artificial_seawater_medium_for_strain_js_srb250lac.yaml	CultureMech:008354	21	1	10	10	yes	no
bacterial/artificial_seawater_medium_with_pullulan.yaml	CultureMech:003332	1	0	1	0	no	no
bacterial/as_168_medium.yaml	CultureMech:008707	1	0	1	0	no	no
bacterial/as_medium.yaml	CultureMech:008388	11	0	3	8	yes	no
bacterial/asn_iii.yaml	CultureMech:000317	2	0	2	0	no	no
bacterial/aso4_medium.yaml	CultureMech:003884	2	0	1	1	no	no
bacterial/astidious_anaerobe_agar.yaml	CultureMech:009091	1	1	0	0	no	no
bacterial/asw.yaml	CultureMech:000360	1	0	0	1	no	no
bacterial/asw_barley.yaml	CultureMech:000371	2	1	0	1	no	no
bacterial/asw_bg.yaml	CultureMech:000316	2	0	2	0	no	no
bacterial/asw_hd_1_10_diluted.yaml	CultureMech:001131	2	1	1	0	no	no
bacterial/asw_ses.yaml	CultureMech:000318	2	1	0	1	no	no
bacterial/atalassotoga_azc2201_medium.yaml	CultureMech:002355	3	0	3	0	yes	no
bacterial/athalassotoga_medium.yaml	CultureMech:001085	1	0	0	1	no	no
bacterial/atribacterium_medium.yaml	CultureMech:002438	1	0	1	0	yes	no
bacterial/atyp_medium.yaml	CultureMech:002717	5	0	1	4	no	yes
bacterial/azc_1502_medium.yaml	CultureMech:002295	3	0	3	0	no	yes
bacterial/azoarcus_taiwanensis_medium.yaml	CultureMech:001123	1	0	1	0	no	no
bacterial/azospira_medium.yaml	CultureMech:009571	4	0	4	0	yes	no
bacterial/bacillus_alkalidiazotrophicus_medium.yaml	CultureMech:000658	1	0	1	0	no	no
bacterial/bacillus_filiformis_medium.yaml	CultureMech:002174	1	0	1	0	no	no
bacterial/bacillus_macyae_medium.yaml	CultureMech:003163	5	0	1	4	no	yes
bacterial/bacillus_medium.yaml	CultureMech:009007	1	1	0	0	no	no
bacterial/bacillus_selenitireducens_medium.yaml	CultureMech:006925	2	0	1	1	no	no
bacterial/bacillus_tusciae_medium_add_agar.yaml	CultureMech:008976	1	1	0	0	yes	no
bacterial/bacto_marine_broth_difco_2216_for_dsm_11879.yaml	CultureMech:008906	2	1	1	0	no	no
bacterial/basal_medium.yaml	CultureMech:000417	1	0	1	0	no	no
bacterial/basal_salt_medium_with_biphenyl.yaml	CultureMech:008625	1	1	0	0	yes	no
bacterial/basal_salts_medium.yaml	CultureMech:009411	2	0	2	0	no	no
bacterial/basic_mineral_medium.yaml	CultureMech:001096	2	0	1	1	no	no
bacterial/bb.yaml	CultureMech:000320	5	0	5	0	no	yes
bacterial/bb_merds.yaml	CultureMech:000323	6	1	5	0	no	yes
bacterial/bbm_v.yaml	CultureMech:001244	6	0	4	2	no	yes
bacterial/belh1_medium.yaml	CultureMech:003221	1	0	1	0	no	no
bacterial/betaine_bicarbonate_buffered_medium.yaml	CultureMech:003112	4	0	1	3	no	yes
bacterial/bg11.yaml	CultureMech:000324	2	0	2	0	no	no
bacterial/bg11_medium.yaml	CultureMech:009170	3	1	2	0	no	no
bacterial/bg11_ph9_0.yaml	CultureMech:008730	5	0	5	0	yes	no
bacterial/bg_11.yaml	CultureMech:008951	2	1	1	0	yes	no
bacterial/bicarbonate_buffered_medium.yaml	CultureMech:002274	1	0	1	0	no	no
bacterial/bicarbonate_buffered_medium_with_acethylene.yaml	CultureMech:002412	1	0	1	0	no	no
bacterial/bifidobacterium_medium.yaml	CultureMech:001717	1	0	0	1	no	no
bacterial/bl_agar_glucose_blood_liver_agar.yaml	CultureMech:002499	2	0	2	0	no	no
bacterial/blautia_medium.yaml	CultureMech:002083	1	0	0	1	no	no
bacterial/blood_agar_base_oxoid_cm55.yaml	CultureMech:001747	1	1	0	0	no	no
bacterial/bm_for_syntrophicus_schinkii.yaml	CultureMech:003080	1	0	1	0	no	no
bacterial/bn3_medium.yaml	CultureMech:002783	2	0	1	1	no	no
bacterial/bordet_gengou_broth_medium.yaml	CultureMech:008894	1	1	0	0	no	no
bacterial/brackish_water_desulfovibrio_postgate_medium.yaml	CultureMech:001519	1	0	1	0	no	no
bacterial/brain_heart_infusion_broth.yaml	CultureMech:009009	1	1	0	0	no	no
bacterial/brain_heart_infusion_media_bhi_supplemented_with_0_5_of_tween_80.yaml	CultureMech:009424	1	1	0	0	no	no
bacterial/brockia_medium.yaml	CultureMech:001503	2	0	1	1	no	no
bacterial/brucella_albimi_broth.yaml	CultureMech:008874	1	1	0	0	no	no
bacterial/bsk_medium.yaml	CultureMech:001513	1	1	0	0	no	no
bacterial/bsm_medium.yaml	CultureMech:001146	1	0	1	0	no	no
bacterial/bsm_rc_medium.yaml	CultureMech:002277	1	0	1	0	no	no
bacterial/bsw3_agar.yaml	CultureMech:002385	1	1	0	0	no	no
bacterial/bt_medium.yaml	CultureMech:006540	1	0	1	0	no	no
bacterial/bw_masm.yaml	CultureMech:000326	2	0	0	2	no	no
bacterial/by_medium.yaml	CultureMech:009522	1	0	0	1	yes	no
bacterial/byg_medium_for_acidiphilium_multivorum.yaml	CultureMech:008199	1	1	0	0	yes	no
bacterial/c41_medium.yaml	CultureMech:003299	1	0	1	0	no	no
bacterial/c_medium_modified.yaml	CultureMech:000328	2	0	0	2	no	no
bacterial/caenicola_mobile_medium.yaml	CultureMech:002346	1	0	1	0	no	no
bacterial/caldanaerovirga_medium.yaml	CultureMech:000656	1	0	0	1	no	no
bacterial/calderihabitans_medium.yaml	CultureMech:000978	1	0	0	1	no	no
bacterial/caldicellulosiruptor_medium.yaml	CultureMech:001777	1	0	1	0	no	no
bacterial/caldicellulosiruptor_medium_for_dsm_10319.yaml	CultureMech:009111	9	1	8	0	yes	no
bacterial/caldicellulosiruptor_medium_with_2_5_nacl.yaml	CultureMech:003295	1	0	1	0	no	no
bacterial/caldimicrobium_medium.yaml	CultureMech:001913	2	0	1	1	no	no
bacterial/caldimicrobium_thiodismutans_medium.yaml	CultureMech:000740	6	0	2	4	no	yes
bacterial/caldisericum_medium.yaml	CultureMech:000669	1	0	1	0	no	no
bacterial/calditerrivibrio_medium.yaml	CultureMech:000548	2	0	1	1	no	no
bacterial/caldithrix_medium.yaml	CultureMech:002125	1	0	0	1	no	no
bacterial/caloramator_proteoclasticus_medium.yaml	CultureMech:006489	5	0	1	4	no	yes
bacterial/caloramator_quimbayensis_medium.yaml	CultureMech:000944	2	0	1	1	no	no
bacterial/caloramator_viterbensis_medium.yaml	CultureMech:006884	2	0	1	1	no	no
bacterial/caloramator_viterbiensis_medium.yaml	CultureMech:002126	2	0	1	1	no	no
bacterial/carboxydocella_manganica_medium.yaml	CultureMech:001641	1	0	0	1	no	no
bacterial/carboxydothermus_medium.yaml	CultureMech:001639	2	0	1	1	no	no
bacterial/carboxydothermus_medium_for_dsm_22663.yaml	CultureMech:009229	18	1	8	9	yes	no
bacterial/carboxydothermus_medium_heterotroph.yaml	CultureMech:001642	5	0	0	5	no	yes
bacterial/carboxydothermus_siderophilus_medium.yaml	CultureMech:001640	1	0	0	1	no	no
bacterial/carcboxydibrachium_medium.yaml	CultureMech:002069	2	0	1	1	no	no
bacterial/carcboxydobrachium_pacificum_medium.yaml	CultureMech:006772	2	0	1	1	no	no
bacterial/carnobacterium_pleistocaenium_medium.yaml	CultureMech:002736	1	0	1	0	no	no
bacterial/casamino_acids_peptone_czapeks_agar.yaml	CultureMech:007534	1	0	1	0	no	no
bacterial/caso_agar_merck_105458_10mg_l_mnso4.yaml	CultureMech:008851	2	1	1	0	no	no
bacterial/castenholz_tye_medium.yaml	CultureMech:008898	2	1	1	0	yes	no
bacterial/catenococcus_medium.yaml	CultureMech:006184	1	0	1	0	no	no
bacterial/caulobacter_medium.yaml	CultureMech:001722	1	1	0	0	no	no
bacterial/caulobacter_medium_add_agar.yaml	CultureMech:008941	1	1	0	0	no	no
bacterial/cdm_lab_medium.yaml	CultureMech:008827	14	0	6	8	no	yes
bacterial/cdmm.yaml	CultureMech:001228	3	0	2	1	no	no
bacterial/cedears_standard_medium_2.yaml	CultureMech:008684	8	0	1	7	yes	no
bacterial/cedears_standard_medium_3.yaml	CultureMech:008766	8	0	1	7	yes	no
bacterial/cejfb1t_medium.yaml	CultureMech:003336	1	0	1	0	no	no
bacterial/cellulolytic_natronoarchaea_medium.yaml	CultureMech:002352	1	0	1	0	no	no
bacterial/cens_medium.yaml	CultureMech:001882	1	0	1	0	no	no
bacterial/centenum_medium.yaml	CultureMech:001789	1	1	0	0	no	no
bacterial/cfmm_medium_0_1_dibenzofuran.yaml	CultureMech:008538	1	0	1	0	no	no
bacterial/cgm.yaml	CultureMech:000329	2	0	0	2	no	no
bacterial/chemically_de_ned_minimal_medium_mm.yaml	CultureMech:009440	1	0	0	1	no	no
bacterial/chemically_defined_medium.yaml	CultureMech:009589	19	1	8	10	yes	no
bacterial/chitinispirillum_medium.yaml	CultureMech:000931	2	0	1	1	no	no
bacterial/chitinivibrio_medium.yaml	CultureMech:000930	2	0	1	1	no	no
bacterial/chloroflexus_medium.yaml	CultureMech:002354	2	0	1	1	no	no
bacterial/chopped_meat_carbohydrate_medium.yaml	CultureMech:009264	1	1	0	0	yes	no
bacterial/chopped_meat_carbohydrate_medium_w_tween_80.yaml	CultureMech:009272	2	1	0	1	no	no
bacterial/chopped_meat_medium_add_vitamin_k1.yaml	CultureMech:009092	2	1	0	1	yes	no
bacterial/chopped_meat_medium_add_vitamin_k1_and_agar.yaml	CultureMech:009094	2	1	0	1	yes	no
bacterial/chopped_meat_medium_add_vitamin_k3.yaml	CultureMech:009093	2	1	0	1	yes	no
bacterial/chopped_meat_medium_add_vitamin_k3_and_agar.yaml	CultureMech:009095	2	1	0	1	yes	no
bacterial/chopped_meat_medium_for_fretibacterium_sp.yaml	CultureMech:001929	1	0	0	1	no	no
bacterial/chromatium_medium.yaml	CultureMech:009124	12	1	6	5	yes	no
bacterial/chromatium_tepidum_medium.yaml	CultureMech:001482	1	0	1	0	no	no
bacterial/chrysiogenes_medium.yaml	CultureMech:001965	6	0	1	5	no	yes
bacterial/clostridium_acetate_1_medium.yaml	CultureMech:003124	1	0	1	0	no	no
bacterial/clostridium_acidiurici_medium.yaml	CultureMech:006426	1	0	1	0	no	no
bacterial/clostridium_aldrichii_medium.yaml	CultureMech:009273	9	0	0	9	yes	no
bacterial/clostridium_alkalicellum_medium.yaml	CultureMech:003549	1	0	1	0	no	no
bacterial/clostridium_bryantii_medium.yaml	CultureMech:005017	2	0	1	1	no	no
bacterial/clostridium_caminithermalis_medium.yaml	CultureMech:006948	1	0	0	1	no	no
bacterial/clostridium_cellulolytic_medium.yaml	CultureMech:009254	2	0	1	1	yes	no
bacterial/clostridium_cellulovorans_medium.yaml	CultureMech:001422	1	0	1	0	no	no
bacterial/clostridium_cellulovorans_medium_replace_rumen_fluid_clarified_with_sludge_fluid_medium_119.yaml	CultureMech:005009	1	0	1	0	no	no
bacterial/clostridium_gv_medium.yaml	CultureMech:001628	2	0	1	1	no	no
bacterial/clostridium_hydroxybenzoicum_medium.yaml	CultureMech:006183	1	0	0	1	no	no
bacterial/clostridium_kluyveri_medium_modified.yaml	CultureMech:005893	5	0	1	4	no	yes
bacterial/clostridium_kn_medium_hydroxybenzoate.yaml	CultureMech:001624	2	0	1	1	no	no
bacterial/clostridium_ljungdahlii_medium.yaml	CultureMech:002037	1	0	0	1	no	no
bacterial/clostridium_m1_medium.yaml	CultureMech:005611	2	0	1	1	no	no
bacterial/clostridium_methylpentosum_medium.yaml	CultureMech:001620	1	0	0	1	no	no
bacterial/clostridium_pfennigii_medium.yaml	CultureMech:005031	5	0	1	4	no	yes
bacterial/clostridium_r6_medium.yaml	CultureMech:002984	1	0	1	0	no	no
bacterial/clostridium_rb_1_medium.yaml	CultureMech:001692	1	0	0	1	no	no
bacterial/clostridium_rb_9_medium.yaml	CultureMech:001693	1	0	0	1	no	no
bacterial/clostridium_sw_medium.yaml	CultureMech:002987	1	0	1	0	no	no
bacterial/clostridium_swellfunianum_medium.yaml	CultureMech:002193	2	0	1	1	no	no
bacterial/clostridium_termitidis_medium.yaml	CultureMech:005966	1	0	1	0	no	no
bacterial/clostridium_termitidis_medium_replace_cellulose_with_cellobiose.yaml	CultureMech:005965	1	0	1	0	no	no
bacterial/clostridium_thermocellum_medium_atcc_medium_1190_with_18_75_g_filter_paper_substituted_for_the_glucose.yaml	CultureMech:009249	17	0	7	10	yes	no
bacterial/clostridium_thermocellum_medium_d58_medium.yaml	CultureMech:008330	2	0	1	1	no	no
bacterial/clostridium_thermolacticum_medium.yaml	CultureMech:005019	2	0	1	1	no	no
bacterial/clostridium_thermolacticum_medium_replace_cellobiose_with_sucrose.yaml	CultureMech:005018	2	0	1	1	no	no
bacterial/clostridium_thermosuccinogenes_medium.yaml	CultureMech:005657	2	0	1	1	no	no
bacterial/clostridium_ultunense_medium.yaml	CultureMech:001862	2	0	1	1	no	no
bacterial/clostridium_vincentii_medium.yaml	CultureMech:001902	1	0	0	1	no	no
bacterial/cm_medium.yaml	CultureMech:000974	1	0	1	0	no	no
bacterial/cm_ye_medium.yaml	CultureMech:001683	1	0	1	0	no	no
bacterial/cm_ye_medium_ph_9.yaml	CultureMech:002400	1	0	1	0	no	no
bacterial/colby_and_zathman_medium.yaml	CultureMech:001734	1	0	1	0	no	no
bacterial/contubernalis_medium.yaml	CultureMech:001079	1	0	1	0	no	no
bacterial/coprothermobacter_platensis_medium.yaml	CultureMech:001991	2	0	1	1	no	no
bacterial/corn_steep_liquor_medium_csl_medium.yaml	CultureMech:009439	1	0	1	0	no	no
bacterial/cow_manure_agar.yaml	CultureMech:001794	1	1	0	0	no	no
bacterial/creatinine_nmh_medium.yaml	CultureMech:006007	2	0	1	1	no	no
bacterial/credm1_medium.yaml	CultureMech:001828	2	0	1	1	no	no
bacterial/cryptoanaerobacter_medium.yaml	CultureMech:000444	2	0	1	1	no	no
bacterial/ctm_medium.yaml	CultureMech:002279	12	0	2	10	no	yes
bacterial/cy_h_liquid_medium_for_myxobacteria.yaml	CultureMech:001020	1	0	0	1	no	no
bacterial/cyanobacteria_medium_1_2_swes_brackish_water_medium.yaml	CultureMech:001261	5	0	4	1	no	yes
bacterial/cyanobacteria_medium_ba.yaml	CultureMech:001159	4	0	3	1	no	yes
bacterial/cyanobacteria_medium_bg11.yaml	CultureMech:001069	4	0	3	1	no	yes
bacterial/cyanobacteria_medium_bg11_tes_buffered.yaml	CultureMech:001071	4	0	3	1	no	yes
bacterial/cyanobacteria_medium_mcl.yaml	CultureMech:001162	8	0	5	3	no	yes
bacterial/cyanobacteria_medium_swes_seawater_soil_extract_salts.yaml	CultureMech:001260	5	0	4	1	no	yes
bacterial/cyclonatronum_proteivorans_medium_omega.yaml	CultureMech:000959	1	0	1	0	no	no
bacterial/cyclonatrum_proteilyticum_medium.yaml	CultureMech:002334	1	0	1	0	no	no
bacterial/cys_medium.yaml	CultureMech:000541	3	0	3	0	no	yes
bacterial/cys_medium_for_strain_ss.yaml	CultureMech:003067	1	0	1	0	no	no
bacterial/cys_medium_for_ymo722.yaml	CultureMech:002966	6	0	6	0	no	yes
bacterial/cys_medium_with_modified_nacl_concentration.yaml	CultureMech:000542	3	0	3	0	no	yes
bacterial/cytophaga_medium.yaml	CultureMech:001810	1	1	0	0	no	no
bacterial/czapek_solution_agar_a.yaml	CultureMech:008886	1	0	1	0	no	no
bacterial/czapek_solution_agar_b.yaml	CultureMech:009206	1	0	1	0	no	no
bacterial/czapeks_solution_agar_with_200_g_sucrose.yaml	CultureMech:009642	1	0	1	0	no	no
bacterial/db_characterization_medium_no_2.yaml	CultureMech:002922	1	0	1	0	no	no
bacterial/db_characterization_medium_no_2_with_1_sea_salts.yaml	CultureMech:002239	1	0	1	0	no	no
bacterial/deferribacter_autotrophicus_medium.yaml	CultureMech:002167	2	0	1	1	no	no
bacterial/deferribacter_desulfuricans_medium.yaml	CultureMech:002109	1	0	0	1	no	no
bacterial/deferribacter_medium.yaml	CultureMech:002108	2	0	1	1	no	no
bacterial/deferrisoma_medium.yaml	CultureMech:000917	2	0	1	1	no	no
bacterial/deferrisoma_paleochrorii_medium.yaml	CultureMech:002236	1	0	1	0	no	no
bacterial/defined_medium_for_sulfate_reducing_bacteria_with_butyrate.yaml	CultureMech:003054	1	0	1	0	no	no
bacterial/defluviitoga_medium.yaml	CultureMech:000785	1	0	1	0	no	no
bacterial/dehalobacter_restrictus_medium.yaml	CultureMech:006377	6	0	1	5	no	yes
bacterial/dehalobacter_restrictus_medium_tce.yaml	CultureMech:001867	6	0	1	5	no	yes
bacterial/dehalococcoides_medium.yaml	CultureMech:003171	3	0	1	2	no	no
bacterial/dehalogenimonas_medium.yaml	CultureMech:003024	1	0	1	0	yes	no
bacterial/dehalospirillum_medium.yaml	CultureMech:001990	7	0	2	5	no	yes
bacterial/deinococcus_medium.yaml	CultureMech:000768	1	0	1	0	no	no
bacterial/desulfacinum_medium.yaml	CultureMech:000533	1	0	1	0	no	no
bacterial/desulfallas_medium.yaml	CultureMech:001446	2	0	1	1	no	no
bacterial/desulfallas_thermosapovorans_medium.yaml	CultureMech:001808	2	0	1	1	no	no
bacterial/desulfatibacillus_olefinivorans_medium.yaml	CultureMech:002924	4	0	1	3	yes	no
bacterial/desulfatiferula_berrense_medium.yaml	CultureMech:003274	4	0	1	3	no	yes
bacterial/desulfatirhabdium_butyrativorans_medium.yaml	CultureMech:002925	1	0	1	0	no	no
bacterial/desulfatirhabdium_medium.yaml	CultureMech:000520	2	0	1	1	no	no
bacterial/desulfitobacterium_aromaticivorans_medium.yaml	CultureMech:004000	1	0	0	1	no	no
bacterial/desulfitobacterium_dehalogenans_medium.yaml	CultureMech:009144	3	0	3	0	yes	no
bacterial/desulfitobacterium_frappieri_medium.yaml	CultureMech:006629	1	0	1	0	no	no
bacterial/desulfitobacterium_hafniense_medium.yaml	CultureMech:001859	2	0	1	1	no	no
bacterial/desulfitobacterium_medium.yaml	CultureMech:001801	1	0	0	1	no	no
bacterial/desulfitobacterium_pce_medium.yaml	CultureMech:001855	5	0	0	5	no	yes
bacterial/desulfitobacterium_pcp_1_medium.yaml	CultureMech:001993	1	0	1	0	no	no
bacterial/desulfobacter_curvatus_medium.yaml	CultureMech:001291	2	0	1	1	no	no
bacterial/desulfobacter_medium.yaml	CultureMech:001285	2	0	1	1	no	no
bacterial/desulfobacter_medium_for_dsm_10631.yaml	CultureMech:009115	20	1	10	9	yes	no
bacterial/desulfobacter_medium_with_lactate.yaml	CultureMech:009539	1	0	0	1	yes	no
bacterial/desulfobacter_postgatei_medium.yaml	CultureMech:004227	2	0	1	1	no	no
bacterial/desulfobacter_sp_medium.yaml	CultureMech:004252	2	0	1	1	no	no
bacterial/desulfobacter_sp_medium_lactate.yaml	CultureMech:001293	2	0	1	1	no	no
bacterial/desulfobacterium_catecholicum_medium.yaml	CultureMech:002423	1	0	1	0	no	no
bacterial/desulfobacterium_cetonicum_medium.yaml	CultureMech:002751	1	0	1	0	no	no
bacterial/desulfobacterium_medium.yaml	CultureMech:001489	2	0	1	1	no	no
bacterial/desulfobacterium_medium_for_dsm_17291.yaml	CultureMech:009116	20	1	10	9	yes	no
bacterial/desulfobacterium_naphthalenivolans_medium.yaml	CultureMech:002324	7	0	1	6	no	yes
bacterial/desulfobacterium_niacini_medium.yaml	CultureMech:002749	2	0	2	0	no	no
bacterial/desulfobacterium_oleovorans_medium.yaml	CultureMech:002424	1	0	1	0	yes	no
bacterial/desulfobacterium_vacuolatum_medium.yaml	CultureMech:002750	2	0	2	0	no	no
bacterial/desulfobacula_toluolica_medium.yaml	CultureMech:005157	2	0	1	1	no	no
bacterial/desulfobotulus_par22n_medium.yaml	CultureMech:002360	3	0	3	0	yes	no
bacterial/desulfobulbus_medium.yaml	CultureMech:002862	1	0	1	0	no	no
bacterial/desulfobulbus_medium_with_lactate.yaml	CultureMech:003092	1	0	1	0	no	no
bacterial/desulfobulbus_sp_medium.yaml	CultureMech:004257	2	0	2	0	no	no
bacterial/desulfobulbus_sp_medium_freshwater.yaml	CultureMech:001288	2	0	1	1	no	no
bacterial/desulfobulbus_sp_medium_freshwater_for_dsm_14880.yaml	CultureMech:009098	20	1	10	9	yes	no
bacterial/desulfocapsa_sulfexigens_medium.yaml	CultureMech:001295	2	0	2	0	no	no
bacterial/desulfocastaena_medium.yaml	CultureMech:001492	2	0	1	1	no	no
bacterial/desulfocella_halophila_medium.yaml	CultureMech:000283	1	0	1	0	no	no
bacterial/desulfocella_medium.yaml	CultureMech:002422	1	0	1	0	no	no
bacterial/desulfofaba_hansenii_medium.yaml	CultureMech:002084	2	0	1	1	no	no
bacterial/desulfofalx_medium.yaml	CultureMech:002024	2	0	1	1	no	no
bacterial/desulfofarcimen_medium.yaml	CultureMech:000709	2	0	1	1	no	no
bacterial/desulfofarcimen_medium_for_dsm_7213.yaml	CultureMech:009103	20	1	10	9	yes	no
bacterial/desulfofrigus_medium.yaml	CultureMech:002020	2	0	1	1	no	no
bacterial/desulfohalobium_medium.yaml	CultureMech:001626	1	0	1	0	no	no
bacterial/desulfohalobium_utahense_medium.yaml	CultureMech:003305	1	0	1	0	no	no
bacterial/desulfohalotomaculum_medium.yaml	CultureMech:001962	1	0	1	0	no	no
bacterial/desulfohalovibrio_l21_ls_medium.yaml	CultureMech:001000	1	0	0	1	no	no
bacterial/desulfoluna_medium.yaml	CultureMech:000530	1	0	1	0	no	no
bacterial/desulfomicrobium_medium.yaml	CultureMech:002963	5	0	1	4	no	yes
bacterial/desulfomonile_medium.yaml	CultureMech:001654	1	0	1	0	no	no
bacterial/desulfomusa_hansenii_medium.yaml	CultureMech:006793	2	0	1	1	no	no
bacterial/desulfonatronospira_medium.yaml	CultureMech:000534	2	0	1	1	no	no
bacterial/desulfonatronovibrio_medium.yaml	CultureMech:001877	1	0	0	1	no	no
bacterial/desulfonatronum_alkalitolerans_medium.yaml	CultureMech:000952	1	0	1	0	no	no
bacterial/desulfonatronum_lacustre_medium.yaml	CultureMech:001960	2	0	1	1	no	no
bacterial/desulfonatronum_medium.yaml	CultureMech:001958	2	0	1	1	no	no
bacterial/desulfonatronum_par180_medium.yaml	CultureMech:002329	3	0	3	0	yes	no
bacterial/desulfonatronum_thioautotrophicum_medium.yaml	CultureMech:000607	2	0	1	1	no	no
bacterial/desulfonatronum_thiodismutans_medium.yaml	CultureMech:001959	2	0	1	1	no	no
bacterial/desulfonauticus_medium.yaml	CultureMech:001491	2	0	1	1	no	no
bacterial/desulfonema_ishimotoi_medium.yaml	CultureMech:001875	3	0	2	1	no	no
bacterial/desulfonema_limicola_medium.yaml	CultureMech:001300	2	0	1	1	no	no
bacterial/desulfonema_magnum_medium.yaml	CultureMech:001301	3	0	2	1	no	no
bacterial/desulfopila_corrodens_medium.yaml	CultureMech:000426	6	0	1	5	no	yes
bacterial/desulfopila_msl86_medium.yaml	CultureMech:000500	2	0	1	1	no	no
bacterial/desulforhabdus_amnigena_medium.yaml	CultureMech:001845	6	0	1	5	no	yes
bacterial/desulforhabdus_amnigenus_medium.yaml	CultureMech:006340	6	0	1	5	no	yes
bacterial/desulfosalsimonas_medium.yaml	CultureMech:000485	2	0	1	1	no	no
bacterial/desulfosarcina_cetonica_medium.yaml	CultureMech:001741	1	0	1	0	no	no
bacterial/desulfosarcina_medium.yaml	CultureMech:004259	2	0	1	1	no	no
bacterial/desulfosarcina_medium_brackish_water.yaml	CultureMech:001296	2	0	1	1	no	no
bacterial/desulfosarcina_ovata_medium.yaml	CultureMech:002752	2	0	2	0	no	no
bacterial/desulfosoma_medium.yaml	CultureMech:000922	1	0	1	0	no	no
bacterial/desulfosporomusa_medium.yaml	CultureMech:002782	1	0	1	0	no	no
bacterial/desulfosporosinus_acidiphilus_medium.yaml	CultureMech:003072	2	0	2	0	no	no
bacterial/desulfosporosinus_acidodurans_medium.yaml	CultureMech:003347	1	0	1	0	no	no
bacterial/desulfosporosinus_acidophilus_medium.yaml	CultureMech:000710	2	0	1	1	no	no
bacterial/desulfosporosinus_bsrei1_medium.yaml	CultureMech:003211	1	0	1	0	no	no
bacterial/desulfosudis_medium.yaml	CultureMech:001649	3	0	1	2	no	no
bacterial/desulfotalea_psychrophila_medium.yaml	CultureMech:002021	2	0	1	1	no	no
bacterial/desulfothermobacter_medium.yaml	CultureMech:001158	2	0	1	1	no	no
bacterial/desulfothermus_mj_medium_h2_co2.yaml	CultureMech:000430	1	0	0	1	no	no
bacterial/desulfothermus_naphthae_medium.yaml	CultureMech:002034	6	0	1	5	no	yes
bacterial/desulfotignum_medium.yaml	CultureMech:001490	2	0	1	1	no	no
bacterial/desulfotomaculum_14_5_medium.yaml	CultureMech:001774	1	0	1	0	no	no
bacterial/desulfotomaculum_acetoxidans_medium.yaml	CultureMech:004007	2	0	1	1	no	no
bacterial/desulfotomaculum_alkaliphilum_medium.yaml	CultureMech:006696	2	0	1	1	no	no
bacterial/desulfotomaculum_bs_medium.yaml	CultureMech:003212	1	0	1	0	no	no
bacterial/desulfotomaculum_groll_medium.yaml	CultureMech:004008	2	0	1	1	no	no
bacterial/desulfotomaculum_halophilum_medium.yaml	CultureMech:006539	1	0	1	0	no	no
bacterial/desulfotomaculum_lam5_medium.yaml	CultureMech:002893	1	0	1	0	no	no
bacterial/desulfotomaculum_sapomandens_medium.yaml	CultureMech:005058	2	0	1	1	no	no
bacterial/desulfotomaculum_sp_medium_i.yaml	CultureMech:006161	1	0	1	0	no	no
bacterial/desulfotomaculum_thermosapovorans_medium.yaml	CultureMech:006256	2	0	1	1	no	no
bacterial/desulfovectis_medium.yaml	CultureMech:000958	1	0	1	0	no	no
bacterial/desulfovermiculus_medium.yaml	CultureMech:000484	2	0	1	1	no	no
bacterial/desulfovibrio_aerotolerans_dvo5_medium.yaml	CultureMech:002790	4	0	1	3	no	yes
bacterial/desulfovibrio_arsenicitolerans_medium.yaml	CultureMech:003175	1	0	1	0	yes	no
bacterial/desulfovibrio_as36_medium.yaml	CultureMech:002896	1	0	1	0	no	no
bacterial/desulfovibrio_b0109p2_medium.yaml	CultureMech:003174	1	0	1	0	no	no
bacterial/desulfovibrio_dechloracetivorans_medium.yaml	CultureMech:002338	3	0	1	2	no	no
bacterial/desulfovibrio_fss_1_medium.yaml	CultureMech:002374	1	0	0	1	no	no
bacterial/desulfovibrio_gabonensis_medium.yaml	CultureMech:006365	5	0	1	4	no	yes
bacterial/desulfovibrio_gigas_medium.yaml	CultureMech:004170	4	0	0	4	no	yes
bacterial/desulfovibrio_halophilus_medium.yaml	CultureMech:005626	2	0	1	1	no	no
bacterial/desulfovibrio_heb233_medium.yaml	CultureMech:002914	1	0	1	0	no	no
bacterial/desulfovibrio_magneticus_medium.yaml	CultureMech:002755	1	0	1	0	no	no
bacterial/desulfovibrio_magnus_medium.yaml	CultureMech:002950	6	0	0	6	no	yes
bacterial/desulfovibrio_marine_medium.yaml	CultureMech:004189	1	0	1	0	no	no
bacterial/desulfovibrio_marinus_medium.yaml	CultureMech:002899	1	0	1	0	no	no
bacterial/desulfovibrio_medium_brackish.yaml	CultureMech:005232	1	0	1	0	no	no
bacterial/desulfovibrio_medium_choline.yaml	CultureMech:001776	1	0	1	0	no	no
bacterial/desulfovibrio_medium_seawater.yaml	CultureMech:001775	1	0	1	0	no	no
bacterial/desulfovibrio_mexicanus_medium.yaml	CultureMech:003100	1	0	1	0	no	no
bacterial/desulfovibrio_mv_medium.yaml	CultureMech:001779	2	0	1	1	no	no
bacterial/desulfovibrio_mv_medium_for_dsm_13257.yaml	CultureMech:009288	20	1	10	9	yes	no
bacterial/desulfovibrio_oceani_medium.yaml	CultureMech:003107	1	0	1	0	yes	no
bacterial/desulfovibrio_postgate_medium.yaml	CultureMech:001773	1	0	1	0	no	no
bacterial/desulfovibrio_sax_medium.yaml	CultureMech:005156	2	0	1	1	no	no
bacterial/desulfovibrio_sulfodismutans_medium.yaml	CultureMech:005162	5	0	1	4	no	yes
bacterial/desulfovibrio_zosterae_medium.yaml	CultureMech:005158	2	0	1	1	no	no
bacterial/desulfovirga_medium.yaml	CultureMech:001289	6	0	2	4	no	yes
bacterial/desulfurella_ii_medium.yaml	CultureMech:005601	2	0	1	1	no	no
bacterial/desulfurella_k_119_medium.yaml	CultureMech:001608	2	0	1	1	no	no
bacterial/desulfurella_medium.yaml	CultureMech:001605	2	0	1	1	no	no
bacterial/desulfurella_medium_brackish_water.yaml	CultureMech:001606	2	0	1	1	no	no
bacterial/desulfurella_multipotens_medium.yaml	CultureMech:005597	2	0	1	1	no	no
bacterial/desulfurella_tr1_medium.yaml	CultureMech:002263	7	0	0	7	no	yes
bacterial/desulfuribacillus_medium_arsenate.yaml	CultureMech:000608	2	0	1	1	no	no
bacterial/desulfurispirillum_indicum_medium.yaml	CultureMech:000756	6	0	1	5	no	yes
bacterial/desulfurispirillum_medium.yaml	CultureMech:000698	1	0	1	0	no	no
bacterial/desulfurobacterium_crinifex_medium.yaml	CultureMech:001981	1	0	0	1	no	no
bacterial/desulfurobacterium_hr11_medium.yaml	CultureMech:001380	1	0	0	1	no	no
bacterial/desulfurobacterium_indicum_medium.yaml	CultureMech:001982	1	0	0	1	no	no
bacterial/desulfuromonas_acetexigenes_medium.yaml	CultureMech:006194	5	0	1	4	no	yes
bacterial/desulfuromonas_acetoxidans_medium.yaml	CultureMech:002139	1	0	1	0	no	no
bacterial/desulfuromonas_carbonis_medium.yaml	CultureMech:001059	2	0	1	1	no	no
bacterial/desulfuromonas_chloroethenica_medium.yaml	CultureMech:001992	2	0	1	1	no	no
bacterial/desulfuromonas_medium_tce.yaml	CultureMech:001868	6	0	1	5	no	yes
bacterial/desulfuromonas_palmitatis_medium.yaml	CultureMech:001994	1	0	0	1	no	no
bacterial/desulfuromonas_sp_medium.yaml	CultureMech:004169	5	0	1	4	no	yes
bacterial/desulfuromusa_medium.yaml	CultureMech:001292	2	0	1	1	no	no
bacterial/dethiobacter_medium.yaml	CultureMech:000537	2	0	1	1	no	no
bacterial/dethiosulfovibrio_ii_medium.yaml	CultureMech:003101	1	0	1	0	no	no
bacterial/dethiosulfovibrio_medium.yaml	CultureMech:002074	1	0	1	0	no	no
bacterial/dichotomicrobium_thermohalophilum_medium.yaml	CultureMech:006070	1	0	1	0	no	no
bacterial/dictyoglomus_medium.yaml	CultureMech:001494	1	0	0	1	no	no
bacterial/dm.yaml	CultureMech:000333	2	0	2	0	no	no
bacterial/dma_medium.yaml	CultureMech:001827	1	0	0	1	no	no
bacterial/dpm_medium.yaml	CultureMech:001873	3	0	3	0	no	yes
bacterial/dsic_medium_modified.yaml	CultureMech:001881	2	0	1	1	no	no
bacterial/dsm_10111.yaml	CultureMech:006553	1	0	0	1	no	no
bacterial/dsm_10131_and_dsm_10132.yaml	CultureMech:006552	1	0	0	1	no	no
bacterial/dsm_10409.yaml	CultureMech:005599	2	0	1	1	no	no
bacterial/dsm_10410.yaml	CultureMech:005600	2	0	1	1	no	no
bacterial/dsm_11106.yaml	CultureMech:006554	1	0	0	1	no	no
bacterial/dsm_135_medium.yaml	CultureMech:009613	14	0	5	9	yes	no
bacterial/dsm_15672.yaml	CultureMech:003507	1	0	1	0	no	no
bacterial/dsm_15673.yaml	CultureMech:003508	1	0	1	0	no	no
bacterial/dsm_16658.yaml	CultureMech:006500	4	0	4	0	no	yes
bacterial/dsm_16984_dsm_24478_24479_24480_24481_24492_24493_and_24527.yaml	CultureMech:003509	1	0	1	0	no	no
bacterial/dsm_24515.yaml	CultureMech:003961	2	0	1	1	no	no
bacterial/dsm_5262.yaml	CultureMech:006424	1	0	0	1	no	no
bacterial/dsmz_medium_854.yaml	CultureMech:009602	7	1	0	6	yes	no
bacterial/e26_biotin_ant.yaml	CultureMech:000337	2	1	1	0	no	no
bacterial/e31_ant.yaml	CultureMech:000341	2	1	1	0	no	no
bacterial/eba_medium.yaml	CultureMech:001564	2	0	1	1	no	no
bacterial/ectothiorhodospira_magna_medium.yaml	CultureMech:000829	1	0	1	0	no	no
bacterial/ectothiorhodospira_medium.yaml	CultureMech:009540	1	1	0	0	yes	no
bacterial/ectothiorhodospira_variabilis_medium.yaml	CultureMech:000683	1	0	1	0	no	no
bacterial/edta_medium.yaml	CultureMech:001582	1	0	1	0	no	no
bacterial/eg_jm.yaml	CultureMech:000335	2	0	2	0	no	no
bacterial/eggc.yaml	CultureMech:000634	1	1	0	0	yes	no
bacterial/elbe_methanotroph_medium.yaml	CultureMech:002369	3	0	1	2	no	no
bacterial/elusimicrobium_minutum_medium.yaml	CultureMech:009172	2	1	0	1	yes	no
bacterial/ema_medium.yaml	CultureMech:009335	2	0	0	2	no	no
bacterial/emssdq4_medium.yaml	CultureMech:003950	2	0	1	1	no	no
bacterial/endomicrobium_proavitum_rsa_medium.yaml	CultureMech:002234	1	0	1	0	yes	no
bacterial/enhydrobacter_medium.yaml	CultureMech:000895	1	0	1	0	no	no
bacterial/es_medium_marine.yaml	CultureMech:004023	5	0	4	1	no	yes
bacterial/ethane_c_medium.yaml	CultureMech:002294	1	0	0	1	no	no
bacterial/ethanoligenes_medium.yaml	CultureMech:000486	2	0	1	1	no	no
bacterial/etsa_medium.yaml	CultureMech:009136	1	1	0	0	yes	no
bacterial/eubacterium_acidaminophilum_medium.yaml	CultureMech:009297	12	1	9	2	yes	no
bacterial/eubacterium_aggregans_medium.yaml	CultureMech:001850	1	0	1	0	no	no
bacterial/eyga_medium.yaml	CultureMech:001337	1	0	1	0	no	no
bacterial/f_10.yaml	CultureMech:000345	6	1	2	3	no	yes
bacterial/f_2.yaml	CultureMech:000343	6	1	2	3	no	yes
bacterial/f_2_quad.yaml	CultureMech:000344	6	1	2	3	no	yes
bacterial/f_2_si.yaml	CultureMech:000346	6	1	2	3	no	yes
bacterial/f_2_si_for_heterotrophic_growth.yaml	CultureMech:000347	3	1	1	1	no	no
bacterial/fe_iii_reducer_freshwater_enrichment_medium.yaml	CultureMech:002768	1	0	1	0	no	no
bacterial/fe_iii_reducer_marine_enrichment_medium.yaml	CultureMech:009793	1	0	1	0	yes	no
bacterial/ferriphaselus_es_medium.yaml	CultureMech:000727	2	0	1	1	no	no
bacterial/ferrous_iron_yeast_extract_medium.yaml	CultureMech:007799	7	0	7	0	yes	no
bacterial/ferrous_sulfate_yeast_extract_medium.yaml	CultureMech:003927	1	0	1	0	no	no
bacterial/ferrovum_medium.yaml	CultureMech:003206	2	0	2	0	no	no
bacterial/fervidobacterium_tf_a_medium.yaml	CultureMech:001876	1	0	0	1	no	no
bacterial/fibrobacter_medium.yaml	CultureMech:009139	9	1	1	7	yes	no
bacterial/filobacillus_milosensis_medium.yaml	CultureMech:001736	1	0	1	0	no	no
bacterial/flexibacter_canadensis_medium.yaml	CultureMech:001456	1	0	1	0	no	no
bacterial/flglym_medium.yaml	CultureMech:004765	5	0	1	4	no	yes
bacterial/for_allochromatium_phaeobacterium_dsm_19781.yaml	CultureMech:003980	1	0	0	1	no	no
bacterial/for_arhodomonas.yaml	CultureMech:006871	1	0	1	0	no	no
bacterial/for_autotrophic_growth.yaml	CultureMech:004102	1	0	0	1	no	no
bacterial/for_dsm12681.yaml	CultureMech:006704	1	0	0	1	no	no
bacterial/for_dsm_10674.yaml	CultureMech:006355	1	0	0	1	no	no
bacterial/for_dsm_10691.yaml	CultureMech:006356	1	0	0	1	no	no
bacterial/for_dsm_11046.yaml	CultureMech:005673	5	0	1	4	no	yes
bacterial/for_dsm_11111_strain_rfm_2.yaml	CultureMech:006379	5	0	1	4	no	yes
bacterial/for_dsm_11139_strain_rfm_1.yaml	CultureMech:006380	5	0	1	4	no	yes
bacterial/for_dsm_11261.yaml	CultureMech:005674	5	0	1	4	no	yes
bacterial/for_dsm_11262.yaml	CultureMech:005675	5	0	1	4	no	yes
bacterial/for_dsm_11263_and_dsm_11489.yaml	CultureMech:005676	5	0	1	4	no	yes
bacterial/for_dsm_11321.yaml	CultureMech:005595	2	0	1	1	no	no
bacterial/for_dsm_11379_dsm_11380_dsm_11381_and_dsm_11382.yaml	CultureMech:004965	2	0	1	1	no	no
bacterial/for_dsm_11763.yaml	CultureMech:006538	1	0	1	0	no	no
bacterial/for_dsm_12260.yaml	CultureMech:006652	2	0	1	1	no	no
bacterial/for_dsm_12261_and_dsm_12262.yaml	CultureMech:006651	2	0	1	1	no	no
bacterial/for_dsm_12326.yaml	CultureMech:005701	1	0	0	1	no	no
bacterial/for_dsm_12341.yaml	CultureMech:006689	2	0	1	1	no	no
bacterial/for_dsm_12342_dsm_12343_and_dsm_12345.yaml	CultureMech:006690	2	0	1	1	no	no
bacterial/for_dsm_12343.yaml	CultureMech:006688	2	0	1	1	no	no
bacterial/for_dsm_12344.yaml	CultureMech:006691	2	0	1	1	no	no
bacterial/for_dsm_12503.yaml	CultureMech:006681	1	0	1	0	no	no
bacterial/for_dsm_12504.yaml	CultureMech:006682	1	0	1	0	no	no
bacterial/for_dsm_12505.yaml	CultureMech:006683	1	0	1	0	no	no
bacterial/for_dsm_12596.yaml	CultureMech:006072	1	0	1	0	no	no
bacterial/for_dsm_12680.yaml	CultureMech:006703	1	0	0	1	no	no
bacterial/for_dsm_12861_and_dsm_12883.yaml	CultureMech:005149	2	0	1	1	no	no
bacterial/for_dsm_12881.yaml	CultureMech:005690	5	0	1	4	no	yes
bacterial/for_dsm_12888.yaml	CultureMech:005151	2	0	1	1	no	no
bacterial/for_dsm_12927_supplement_medium_with_10_g_l_nacl.yaml	CultureMech:006137	1	0	1	0	no	no
bacterial/for_dsm_13105.yaml	CultureMech:006684	1	0	1	0	no	no
bacterial/for_dsm_13106_and_dsm_23801.yaml	CultureMech:006685	1	0	1	0	no	no
bacterial/for_dsm_13116.yaml	CultureMech:006686	1	0	1	0	no	no
bacterial/for_dsm_13326.yaml	CultureMech:005684	5	0	1	4	no	yes
bacterial/for_dsm_13327.yaml	CultureMech:005685	5	0	1	4	no	yes
bacterial/for_dsm_13497.yaml	CultureMech:006881	1	0	0	1	no	no
bacterial/for_dsm_13639_and_dsm_13655.yaml	CultureMech:006436	2	0	1	1	no	no
bacterial/for_dsm_13687.yaml	CultureMech:005691	5	0	1	4	no	yes
bacterial/for_dsm_13726.yaml	CultureMech:006375	6	0	1	5	no	yes
bacterial/for_dsm_13752_and_dsm_21041.yaml	CultureMech:006907	2	0	1	1	no	no
bacterial/for_dsm_13782.yaml	CultureMech:006357	1	0	0	1	no	no
bacterial/for_dsm_13862.yaml	CultureMech:006647	6	0	1	5	no	yes
bacterial/for_dsm_14005.yaml	CultureMech:006918	1	0	0	1	no	no
bacterial/for_dsm_14174.yaml	CultureMech:004076	1	0	1	0	no	no
bacterial/for_dsm_14290.yaml	CultureMech:006561	5	0	1	4	no	yes
bacterial/for_dsm_14367_dsm_15579_dsm_15816_dsm_19338_dsm_22027.yaml	CultureMech:005153	2	0	1	1	no	no
bacterial/for_dsm_14424.yaml	CultureMech:005677	5	0	1	4	no	yes
bacterial/for_dsm_14454.yaml	CultureMech:005142	2	0	1	1	no	no
bacterial/for_dsm_14465_and_dsm_14466.yaml	CultureMech:006790	1	0	0	1	no	no
bacterial/for_dsm_14469.yaml	CultureMech:006791	1	0	0	1	no	no
bacterial/for_dsm_14539_dsm_14646_and_dsm_14648.yaml	CultureMech:006831	1	0	0	1	no	no
bacterial/for_dsm_14661.yaml	CultureMech:006830	1	0	0	1	no	no
bacterial/for_dsm_14663_and_dsm_15483.yaml	CultureMech:006832	1	0	0	1	no	no
bacterial/for_dsm_14691.yaml	CultureMech:005668	5	0	1	4	no	yes
bacterial/for_dsm_14708.yaml	CultureMech:006535	2	0	1	1	no	no
bacterial/for_dsm_14728.yaml	CultureMech:005134	2	0	1	1	no	no
bacterial/for_dsm_14795.yaml	CultureMech:006908	2	0	1	1	no	no
bacterial/for_dsm_14811.yaml	CultureMech:006358	1	0	0	1	no	no
bacterial/for_dsm_14813.yaml	CultureMech:006856	1	0	0	1	no	no
bacterial/for_dsm_14823.yaml	CultureMech:006286	2	0	1	1	no	no
bacterial/for_dsm_14826.yaml	CultureMech:006748	1	0	0	1	no	no
bacterial/for_dsm_14828.yaml	CultureMech:006749	1	0	0	1	no	no
bacterial/for_dsm_14880.yaml	CultureMech:004231	6	0	2	4	no	yes
bacterial/for_dsm_14888.yaml	CultureMech:006833	1	0	0	1	no	no
bacterial/for_dsm_14947.yaml	CultureMech:006909	2	0	1	1	no	no
bacterial/for_dsm_14956.yaml	CultureMech:004220	2	0	1	1	no	no
bacterial/for_dsm_14982.yaml	CultureMech:005135	2	0	1	1	no	no
bacterial/for_dsm_14994.yaml	CultureMech:004020	1	0	0	1	no	no
bacterial/for_dsm_15011_and_dsm_24906.yaml	CultureMech:003874	1	0	0	1	no	no
bacterial/for_dsm_15070_and_dsm_15071.yaml	CultureMech:003636	5	0	1	4	no	yes
bacterial/for_dsm_15074.yaml	CultureMech:003637	5	0	1	4	no	yes
bacterial/for_dsm_15102.yaml	CultureMech:004223	2	0	1	1	no	no
bacterial/for_dsm_15200_and_dsm_15578.yaml	CultureMech:006910	2	0	1	1	no	no
bacterial/for_dsm_15206.yaml	CultureMech:005661	5	0	1	4	no	yes
bacterial/for_dsm_15218_dsm_15521_dsm_15522_dsm_16304.yaml	CultureMech:006562	5	0	1	4	no	yes
bacterial/for_dsm_15249.yaml	CultureMech:004221	2	0	1	1	no	no
bacterial/for_dsm_15286_and_dsm_21156.yaml	CultureMech:005136	2	0	1	1	no	no
bacterial/for_dsm_15288_and_dsm_16228.yaml	CultureMech:006632	1	0	1	0	no	no
bacterial/for_dsm_15576_and_dsm_16219.yaml	CultureMech:004247	2	0	1	1	no	no
bacterial/for_dsm_15682_and_dsm_16215.yaml	CultureMech:004404	5	0	1	4	no	yes
bacterial/for_dsm_15698_and_dsm_24425.yaml	CultureMech:006499	4	0	4	0	no	yes
bacterial/for_dsm_15699.yaml	CultureMech:003638	5	0	1	4	no	yes
bacterial/for_dsm_15769.yaml	CultureMech:003515	6	0	1	5	no	yes
bacterial/for_dsm_15841_and_dsm_16925.yaml	CultureMech:003639	5	0	1	4	no	yes
bacterial/for_dsm_15941.yaml	CultureMech:006376	6	0	1	5	no	yes
bacterial/for_dsm_15970.yaml	CultureMech:005663	5	0	1	4	no	yes
bacterial/for_dsm_15978.yaml	CultureMech:005664	5	0	1	4	no	yes
bacterial/for_dsm_16036_dsm_16058_and_dsm_21394.yaml	CultureMech:006179	2	0	1	1	no	no
bacterial/for_dsm_16082.yaml	CultureMech:005665	5	0	1	4	no	yes
bacterial/for_dsm_16109_and_dsm_17464.yaml	CultureMech:005137	2	0	1	1	no	no
bacterial/for_dsm_16121.yaml	CultureMech:006911	2	0	1	1	no	no
bacterial/for_dsm_16145.yaml	CultureMech:006912	2	0	1	1	no	no
bacterial/for_dsm_16346.yaml	CultureMech:006542	6	0	1	5	no	yes
bacterial/for_dsm_16401.yaml	CultureMech:006633	1	0	1	0	no	no
bacterial/for_dsm_16494_and_dsm_22288.yaml	CultureMech:006913	2	0	1	1	no	no
bacterial/for_dsm_16504.yaml	CultureMech:006754	2	0	1	1	no	no
bacterial/for_dsm_16529.yaml	CultureMech:006695	2	0	1	1	no	no
bacterial/for_dsm_16532.yaml	CultureMech:005179	2	0	1	1	no	no
bacterial/for_dsm_16547.yaml	CultureMech:006557	2	0	1	1	no	no
bacterial/for_dsm_16554_dsm_16555_and_dsm_17877.yaml	CultureMech:003501	2	0	1	1	no	no
bacterial/for_dsm_16556.yaml	CultureMech:003502	2	0	1	1	no	no
bacterial/for_dsm_16624.yaml	CultureMech:006437	2	0	1	1	no	no
bacterial/for_dsm_16632_and_dsm_16643.yaml	CultureMech:003918	2	0	2	0	no	no
bacterial/for_dsm_16651.yaml	CultureMech:006709	2	0	2	0	no	no
bacterial/for_dsm_16652.yaml	CultureMech:004952	2	0	1	1	no	no
bacterial/for_dsm_16697.yaml	CultureMech:004224	2	0	1	1	no	no
bacterial/for_dsm_16705.yaml	CultureMech:006770	2	0	1	1	no	no
bacterial/for_dsm_16923.yaml	CultureMech:006359	1	0	0	1	no	no
bacterial/for_dsm_17232.yaml	CultureMech:006288	2	0	1	1	no	no
bacterial/for_dsm_17291.yaml	CultureMech:005138	2	0	1	1	no	no
bacterial/for_dsm_17375.yaml	CultureMech:003517	1	0	0	1	no	no
bacterial/for_dsm_1744.yaml	CultureMech:004230	6	0	2	4	no	yes
bacterial/for_dsm_17477.yaml	CultureMech:005139	2	0	1	1	no	no
bacterial/for_dsm_17682.yaml	CultureMech:003597	5	0	4	1	no	yes
bacterial/for_dsm_17711_and_dsm_23604.yaml	CultureMech:006914	2	0	1	1	no	no
bacterial/for_dsm_17721.yaml	CultureMech:003631	2	0	1	1	no	no
bacterial/for_dsm_17722.yaml	CultureMech:006755	2	0	1	1	no	no
bacterial/for_dsm_17771.yaml	CultureMech:006915	2	0	1	1	no	no
bacterial/for_dsm_17883.yaml	CultureMech:006390	1	0	0	1	no	no
bacterial/for_dsm_18149.yaml	CultureMech:005969	1	0	1	0	no	no
bacterial/for_dsm_18151.yaml	CultureMech:006180	2	0	1	1	no	no
bacterial/for_dsm_18346_and_dsm_18979.yaml	CultureMech:006756	2	0	1	1	no	no
bacterial/for_dsm_18378_and_dsm_18379.yaml	CultureMech:005140	2	0	1	1	no	no
bacterial/for_dsm_18409.yaml	CultureMech:006710	2	0	2	0	no	no
bacterial/for_dsm_18709.yaml	CultureMech:006906	2	0	1	1	no	no
bacterial/for_dsm_18732.yaml	CultureMech:005155	2	0	1	1	no	no
bacterial/for_dsm_18760.yaml	CultureMech:003745	2	0	1	1	no	no
bacterial/for_dsm_18770.yaml	CultureMech:003746	2	0	1	1	no	no
bacterial/for_dsm_18774.yaml	CultureMech:003933	1	0	0	1	no	no
bacterial/for_dsm_18786.yaml	CultureMech:004172	1	0	1	0	no	no
bacterial/for_dsm_18834.yaml	CultureMech:003632	2	0	1	1	no	no
bacterial/for_dsm_18843.yaml	CultureMech:004222	2	0	1	1	no	no
bacterial/for_dsm_18923.yaml	CultureMech:005702	1	0	0	1	no	no
bacterial/for_dsm_18924.yaml	CultureMech:005180	2	0	1	1	no	no
bacterial/for_dsm_18978.yaml	CultureMech:006757	2	0	1	1	no	no
bacterial/for_dsm_19089.yaml	CultureMech:003803	2	0	1	1	no	no
bacterial/for_dsm_19306.yaml	CultureMech:006946	2	0	1	1	no	no
bacterial/for_dsm_19335.yaml	CultureMech:005692	5	0	1	4	no	yes
bacterial/for_dsm_19350_and_dsm_22248.yaml	CultureMech:006634	1	0	1	0	no	no
bacterial/for_dsm_19353.yaml	CultureMech:003628	1	0	0	1	no	no
bacterial/for_dsm_19380.yaml	CultureMech:005181	2	0	1	1	no	no
bacterial/for_dsm_19393.yaml	CultureMech:006438	2	0	1	1	no	no
bacterial/for_dsm_19491.yaml	CultureMech:003801	2	0	1	1	no	no
bacterial/for_dsm_19636.yaml	CultureMech:005666	5	0	1	4	no	yes
bacterial/for_dsm_1974.yaml	CultureMech:004103	1	0	0	1	no	no
bacterial/for_dsm_19780.yaml	CultureMech:003934	1	0	0	1	no	no
bacterial/for_dsm_19849.yaml	CultureMech:005698	1	0	0	1	no	no
bacterial/for_dsm_21152.yaml	CultureMech:003640	5	0	1	4	no	yes
bacterial/for_dsm_21157.yaml	CultureMech:006563	5	0	1	4	no	yes
bacterial/for_dsm_21278.yaml	CultureMech:005703	1	0	0	1	no	no
bacterial/for_dsm_21436.yaml	CultureMech:006532	4	0	0	4	no	yes
bacterial/for_dsm_21556.yaml	CultureMech:004232	6	0	2	4	no	yes
bacterial/for_dsm_21571.yaml	CultureMech:003946	3	0	2	1	no	no
bacterial/for_dsm_21662.yaml	CultureMech:005667	5	0	1	4	no	yes
bacterial/for_dsm_21830.yaml	CultureMech:005704	1	0	0	1	no	no
bacterial/for_dsm_21940.yaml	CultureMech:006882	1	0	0	1	no	no
bacterial/for_dsm_22050.yaml	CultureMech:003518	1	0	0	1	no	no
bacterial/for_dsm_22071.yaml	CultureMech:003879	2	0	1	1	no	no
bacterial/for_dsm_22131.yaml	CultureMech:003600	5	0	4	1	no	yes
bacterial/for_dsm_22224.yaml	CultureMech:006591	1	0	1	0	no	no
bacterial/for_dsm_22410.yaml	CultureMech:003881	2	0	1	1	no	no
bacterial/for_dsm_22549.yaml	CultureMech:004736	1	0	0	1	no	no
bacterial/for_dsm_22612.yaml	CultureMech:004737	1	0	0	1	no	no
bacterial/for_dsm_22659.yaml	CultureMech:003503	2	0	1	1	no	no
bacterial/for_dsm_22980.yaml	CultureMech:003841	1	0	1	0	no	no
bacterial/for_dsm_23053.yaml	CultureMech:003825	1	0	0	1	no	no
bacterial/for_dsm_23132.yaml	CultureMech:005705	1	0	0	1	no	no
bacterial/for_dsm_23290.yaml	CultureMech:003519	1	0	0	1	no	no
bacterial/for_dsm_23698.yaml	CultureMech:005707	1	0	0	1	no	no
bacterial/for_dsm_2376.yaml	CultureMech:004755	1	0	1	0	no	no
bacterial/for_dsm_2392_dsm_9464_and_dsm_9465.yaml	CultureMech:006261	1	0	1	0	no	no
bacterial/for_dsm_24176_and_dsm_24629.yaml	CultureMech:003882	2	0	1	1	no	no
bacterial/for_dsm_24179.yaml	CultureMech:003883	2	0	1	1	no	no
bacterial/for_dsm_24312.yaml	CultureMech:003633	2	0	1	1	no	no
bacterial/for_dsm_24400.yaml	CultureMech:003880	2	0	1	1	no	no
bacterial/for_dsm_24660.yaml	CultureMech:003520	1	0	0	1	no	no
bacterial/for_dsm_24739.yaml	CultureMech:003875	1	0	0	1	no	no
bacterial/for_dsm_3014_b.yaml	CultureMech:005016	2	0	1	1	no	no
bacterial/for_dsm_3132.yaml	CultureMech:004949	2	0	1	1	no	no
bacterial/for_dsm_3379_dsm_3380_dsm_3381.yaml	CultureMech:005141	2	0	1	1	no	no
bacterial/for_dsm_3382.yaml	CultureMech:005143	2	0	1	1	no	no
bacterial/for_dsm_3383.yaml	CultureMech:005144	2	0	1	1	no	no
bacterial/for_dsm_3384.yaml	CultureMech:005145	2	0	1	1	no	no
bacterial/for_dsm_3385.yaml	CultureMech:005146	2	0	1	1	no	no
bacterial/for_dsm_4132.yaml	CultureMech:004104	1	0	0	1	no	no
bacterial/for_dsm_4440.yaml	CultureMech:004951	2	0	1	1	no	no
bacterial/for_dsm_4556_dsm_10334_and_dsm_13486.yaml	CultureMech:003944	3	0	2	1	no	no
bacterial/for_dsm_4661.yaml	CultureMech:004246	2	0	1	1	no	no
bacterial/for_dsm_5388.yaml	CultureMech:005610	2	0	1	1	no	no
bacterial/for_dsm_5651.yaml	CultureMech:005671	5	0	1	4	no	yes
bacterial/for_dsm_5671_strain_kn245.yaml	CultureMech:005627	2	0	1	1	no	no
bacterial/for_dsm_5672_strain_wo021.yaml	CultureMech:005628	2	0	1	1	no	no
bacterial/for_dsm_5673_strain_kn032.yaml	CultureMech:005629	2	0	1	1	no	no
bacterial/for_dsm_5700_dsm_5701_dsm_5702_dsm_5703_and_dsm_5814.yaml	CultureMech:005887	1	0	0	1	no	no
bacterial/for_dsm_5847.yaml	CultureMech:005669	5	0	1	4	no	yes
bacterial/for_dsm_5848.yaml	CultureMech:005687	5	0	1	4	no	yes
bacterial/for_dsm_5849.yaml	CultureMech:005670	5	0	1	4	no	yes
bacterial/for_dsm_5885.yaml	CultureMech:005694	2	0	1	1	no	no
bacterial/for_dsm_5974_and_dsm_17427.yaml	CultureMech:005879	1	0	1	0	no	no
bacterial/for_dsm_6139.yaml	CultureMech:005695	2	0	1	1	no	no
bacterial/for_dsm_6150.yaml	CultureMech:005696	2	0	1	1	no	no
bacterial/for_dsm_6233.yaml	CultureMech:005688	5	0	1	4	no	yes
bacterial/for_dsm_6578.yaml	CultureMech:005710	2	0	1	1	no	no
bacterial/for_dsm_6641_dsm_6642_dsm_6638_dsm_6639_dsm_6643_and_dsm_7212_and_150_0_g_l_for_dsm_6640.yaml	CultureMech:006071	1	0	1	0	no	no
bacterial/for_dsm_6724.yaml	CultureMech:005872	2	0	1	1	no	no
bacterial/for_dsm_6779.yaml	CultureMech:005672	5	0	1	4	no	yes
bacterial/for_dsm_6876.yaml	CultureMech:006005	2	0	1	1	no	no
bacterial/for_dsm_6877.yaml	CultureMech:006006	2	0	1	1	no	no
bacterial/for_dsm_6898.yaml	CultureMech:006063	1	0	1	0	no	no
bacterial/for_dsm_7232.yaml	CultureMech:006110	1	1	0	0	no	no
bacterial/for_dsm_749_dsm_1741_dsm_7074_dsm_7075_dsm_8344_dsm_15449_dsm_16022_dsm_16057_dsm_16059_dsm_16695_dsm_17215_dsm_17524_dsm_17734_dsm_17965_dsm_18033_dsm_19190_dsm_19191_dsm_19430_dsm_19637_and_dsm_23265.yaml	CultureMech:006178	2	0	1	1	no	no
bacterial/for_dsm_8238.yaml	CultureMech:006104	1	0	0	1	no	no
bacterial/for_dsm_8271.yaml	CultureMech:004764	5	0	1	4	no	yes
bacterial/for_dsm_8541.yaml	CultureMech:005147	2	0	1	1	no	no
bacterial/for_dsm_8988.yaml	CultureMech:006193	5	0	1	4	no	yes
bacterial/for_dsm_9120_dsm_17456_and_dsm_19275.yaml	CultureMech:005148	2	0	1	1	no	no
bacterial/for_dsm_9195.yaml	CultureMech:003945	3	0	2	1	no	no
bacterial/for_dsm_9463.yaml	CultureMech:006260	1	0	1	0	no	no
bacterial/for_dsm_9466.yaml	CultureMech:006262	1	0	1	0	no	no
bacterial/for_dsm_9467.yaml	CultureMech:006263	1	0	1	0	no	no
bacterial/for_dsm_9468.yaml	CultureMech:006264	1	0	1	0	no	no
bacterial/for_dsm_9705.yaml	CultureMech:005689	5	0	1	4	no	yes
bacterial/for_dsm_9736.yaml	CultureMech:006631	1	0	1	0	no	no
bacterial/for_growth_on_nitrogen_free_medium.yaml	CultureMech:006530	4	0	0	4	no	yes
bacterial/for_heterotrophic_growth.yaml	CultureMech:006528	4	0	0	4	no	yes
bacterial/for_marinobacter.yaml	CultureMech:006872	1	0	1	0	no	no
bacterial/for_strain_dsm_4310.yaml	CultureMech:005174	1	0	0	1	no	no
bacterial/for_strains_dsm_12138_12139_12140_and_12143.yaml	CultureMech:004071	1	0	1	0	no	no
bacterial/for_strains_dsm_15114_and_at2115.yaml	CultureMech:006982	1	0	1	0	no	no
bacterial/for_thiobacillus_halophilus_dsm_6132.yaml	CultureMech:005606	3	0	3	0	no	yes
bacterial/formate_medium.yaml	CultureMech:009652	5	0	5	0	yes	no
bacterial/formivibrio_medium.yaml	CultureMech:001637	2	0	1	1	no	no
bacterial/francisella_persica_medium.yaml	CultureMech:001081	7	0	6	1	no	yes
bacterial/freshwater_iron_gel_medium.yaml	CultureMech:003011	1	0	1	0	no	no
bacterial/freshwater_iron_oxidizing_bacteria_medium.yaml	CultureMech:002974	1	0	1	0	no	no
bacterial/freshwater_iron_oxidizing_bacteria_medium_ii.yaml	CultureMech:002247	1	0	1	0	no	no
bacterial/freshwater_medium_for_soil_aoa.yaml	CultureMech:002190	1	0	0	1	no	no
bacterial/freshwater_medium_with_rhamnose.yaml	CultureMech:002468	3	0	1	2	no	no
bacterial/freshwater_medium_with_toluene.yaml	CultureMech:003090	4	0	1	3	yes	no
bacterial/frr_medium.yaml	CultureMech:003029	1	0	1	0	no	no
bacterial/fuf_medium.yaml	CultureMech:005006	2	0	1	1	no	no
bacterial/full_media_gym_streptomyces_medium.yaml	CultureMech:009668	1	1	0	0	no	no
bacterial/full_media_trypticase_soy_broth_medium.yaml	CultureMech:009670	1	1	0	0	no	no
bacterial/fumarate_medium.yaml	CultureMech:004253	2	0	1	1	no	no
bacterial/fundidesulfovibrio_magnetotactcus_medium.yaml	CultureMech:007826	2	1	0	1	yes	no
bacterial/fwm_medium.yaml	CultureMech:005678	5	0	1	4	no	yes
bacterial/fwm_medium_modified.yaml	CultureMech:005682	5	0	1	4	no	yes
bacterial/fwm_medium_perchlorate.yaml	CultureMech:001632	1	0	0	1	no	no
bacterial/fyp_medium.yaml	CultureMech:008675	2	0	2	0	yes	no
bacterial/g5g6_medium.yaml	CultureMech:002948	1	0	1	0	no	no
bacterial/g_1_medium.yaml	CultureMech:003959	3	0	2	1	no	no
bacterial/gal1_medium.yaml	CultureMech:003310	1	0	1	0	no	no
bacterial/galenea_mj_medium_co2.yaml	CultureMech:000431	1	0	0	1	no	no
bacterial/gallionella_es_medium.yaml	CultureMech:000729	5	0	4	1	no	yes
bacterial/gbs_salts_medium_for_rhodothermus.yaml	CultureMech:002432	1	0	1	0	no	no
bacterial/gbs_salts_medium_for_thermanaeromonas_inyoensis.yaml	CultureMech:002431	1	0	1	0	no	no
bacterial/gbs_salts_modified_for_thermocrinis_jamiesonii.yaml	CultureMech:000953	1	0	1	0	no	no
bacterial/gc_agar_broth_medium.yaml	CultureMech:008798	1	1	0	0	yes	no
bacterial/gelidivirgula_medium.yaml	CultureMech:002737	1	0	1	0	no	no
bacterial/geoalkalibacter_medium.yaml	CultureMech:000491	1	0	1	0	no	no
bacterial/geoalkalibacter_subterraneus_medium.yaml	CultureMech:000708	1	0	1	0	no	no
bacterial/geoanaerobacter_medium.yaml	CultureMech:001995	1	0	1	0	no	no
bacterial/geobacter_daltonii_medium.yaml	CultureMech:003099	1	0	1	0	yes	no
bacterial/geobacter_dfr2_medium.yaml	CultureMech:006635	1	0	1	0	no	no
bacterial/geobacter_medium.yaml	CultureMech:001705	1	0	0	1	no	no
bacterial/geobacter_nbaf_medium.yaml	CultureMech:002490	1	0	1	0	no	no
bacterial/geobacter_pelophilus_medium_for_dsm_15288.yaml	CultureMech:009275	20	1	10	9	yes	no
bacterial/geobacter_sulfurreducens_medium.yaml	CultureMech:001975	1	0	0	1	no	no
bacterial/geomonas_saccharovorans_medium.yaml	CultureMech:003214	1	0	1	0	yes	no
bacterial/georgfuchsia_medium.yaml	CultureMech:000736	2	0	1	1	no	no
bacterial/geothermobacter_medium.yaml	CultureMech:002163	2	0	1	1	no	no
bacterial/ghiorsea_medium.yaml	CultureMech:001220	1	0	0	1	no	no
bacterial/glucose_bicarbonate_buffered_medium.yaml	CultureMech:002448	4	0	1	3	no	yes
bacterial/glucose_medium_nakayama.yaml	CultureMech:001562	2	0	2	0	no	no
bacterial/glycerol_asparagine_agar_isp_5.yaml	CultureMech:002957	3	0	3	0	no	yes
bacterial/gnys_medium.yaml	CultureMech:000555	1	0	1	0	no	no
bacterial/gol_chi1_medium.yaml	CultureMech:004766	5	0	1	4	no	yes
bacterial/gottschalkia_medium.yaml	CultureMech:001903	1	0	1	0	no	no
bacterial/gracilibacillus_medium.yaml	CultureMech:001946	2	0	2	0	no	no
bacterial/gracilinema_medium.yaml	CultureMech:001769	2	0	1	1	no	no
bacterial/green_sulfur_bacterium_medium.yaml	CultureMech:008209	1	0	0	1	yes	no
bacterial/gudongella_medium.yaml	CultureMech:000646	2	0	2	0	no	no
bacterial/guyparkeria_medium.yaml	CultureMech:001650	4	0	3	1	no	yes
bacterial/gv_medium.yaml	CultureMech:005650	2	0	1	1	no	no
bacterial/gyp_agar.yaml	CultureMech:003122	2	0	2	0	no	no
bacterial/gyp_glucose_yeast_peptone_medium.yaml	CultureMech:006668	2	0	2	0	no	no
bacterial/gyp_medium_ph_6.yaml	CultureMech:008233	2	0	2	0	yes	no
bacterial/gyp_medium_ph_6_for_anaerobe.yaml	CultureMech:008716	3	0	2	1	yes	no
bacterial/gys_medium.yaml	CultureMech:008483	7	1	6	0	yes	no
bacterial/haha100_medium.yaml	CultureMech:001040	1	0	1	0	no	no
bacterial/haha100_v_medium.yaml	CultureMech:001042	5	0	1	4	no	yes
bacterial/halarsenatibacter_medium.yaml	CultureMech:000867	2	0	2	0	no	no
bacterial/half_strenghs_hyphomicrobium_medium.yaml	CultureMech:000884	2	0	2	0	no	no
bacterial/halo_1a.yaml	CultureMech:008665	1	0	1	0	yes	no
bacterial/halo_1b.yaml	CultureMech:008666	1	0	1	0	yes	no
bacterial/halo_1c.yaml	CultureMech:008667	1	0	1	0	yes	no
bacterial/halo_2a.yaml	CultureMech:008664	1	0	1	0	yes	no
bacterial/halo_2b.yaml	CultureMech:008623	1	0	1	0	yes	no
bacterial/halo_2g.yaml	CultureMech:008661	1	0	1	0	yes	no
bacterial/haloalkaliphilic_growth_medium.yaml	CultureMech:000589	1	0	1	0	no	no
bacterial/haloanaerobacter_salinarius_medium.yaml	CultureMech:001998	2	0	1	1	no	no
bacterial/haloanaerobium_alcaliphilum_medium.yaml	CultureMech:001951	1	0	1	0	no	no
bacterial/halobacteroides_haloincola_medium.yaml	CultureMech:001718	1	0	1	0	no	no
bacterial/halocella_cellulolytica_medium.yaml	CultureMech:001841	1	0	1	0	no	no
bacterial/halocella_cellulolytica_medium_replace_cellulose_with_cellobiose.yaml	CultureMech:006332	1	0	1	0	no	no
bacterial/halodesulfovibrio_postgate_medium.yaml	CultureMech:001124	1	0	1	0	no	no
bacterial/halodesulfuriarchaeum_medium.yaml	CultureMech:000946	1	0	1	0	no	no
bacterial/halolactibacillus_9g_medium.yaml	CultureMech:002280	1	0	1	0	no	no
bacterial/halomonas_pantelleriense.yaml	CultureMech:001885	2	0	2	0	no	no
bacterial/halomonas_subglaciescola.yaml	CultureMech:001730	1	0	1	0	no	no
bacterial/halomonas_subglaciescola_artificial_organic_lake_medium.yaml	CultureMech:006090	1	0	1	0	no	no
bacterial/halomonas_subglaciescola_medium.yaml	CultureMech:002954	1	0	1	0	no	no
bacterial/halophilic_sob_medium.yaml	CultureMech:007580	1	0	1	0	yes	no
bacterial/haloplasma_contractile_medium.yaml	CultureMech:000690	1	1	0	0	no	no
bacterial/halorhodospira_medium.yaml	CultureMech:002184	1	0	1	0	no	no
bacterial/halorhodospira_neutriphila_medium.yaml	CultureMech:003257	3	0	1	2	no	no
bacterial/halothiobacillus_medium.yaml	CultureMech:002023	1	0	1	0	no	no
bacterial/halothiobacillus_neapolitanus_medium.yaml	CultureMech:001826	6	0	5	1	no	yes
bacterial/halovibrio_medium.yaml	CultureMech:000618	1	0	1	0	no	no
bacterial/haroarcula_medium.yaml	CultureMech:008219	1	0	1	0	no	no
bacterial/hayflick_medium.yaml	CultureMech:009333	1	0	0	1	no	no
bacterial/hd_medium_1_10_diluted_modified.yaml	CultureMech:000571	1	1	0	0	no	no
bacterial/heliobacillus_mobilis_medium.yaml	CultureMech:005963	2	0	2	0	no	no
bacterial/heliobacillus_mobilis_medium_modified_van_niels_medium.yaml	CultureMech:001669	2	0	2	0	no	no
bacterial/helmutkoenigia_medium.yaml	CultureMech:001999	6	0	1	5	no	yes
bacterial/hesp1_medium.yaml	CultureMech:002301	1	0	1	0	no	no
bacterial/hesp1_sr1_tmc4_lup_medium.yaml	CultureMech:006687	1	0	1	0	no	no
bacterial/hi_plus_medium_w_ye_3.yaml	CultureMech:008771	1	1	0	0	no	no
bacterial/hippea_jasoniae_medium.yaml	CultureMech:000821	1	0	0	1	no	no
bacterial/hippea_medium.yaml	CultureMech:002013	1	0	0	1	no	no
bacterial/hlh_700_medium.yaml	CultureMech:001086	2	0	2	0	no	no
bacterial/hlh_medium.yaml	CultureMech:002398	2	0	2	0	no	no
bacterial/hqg_1_medium.yaml	CultureMech:004763	5	0	1	4	no	yes
bacterial/hs_tma.yaml	CultureMech:008621	9	0	1	8	yes	no
bacterial/hso_medium.yaml	CultureMech:008700	2	0	1	1	yes	no
bacterial/html_lb_agar_with_mnso_sub_4_sub_html.yaml	CultureMech:007624	1	0	1	0	no	no
bacterial/hydrogen_oxidizing_bacteria_medium.yaml	CultureMech:008290	8	0	1	7	yes	no
bacterial/hydrogen_using_marine_sulfate_reducer_medium.yaml	CultureMech:008598	9	0	1	8	yes	no
bacterial/hydrogenispora_medium.yaml	CultureMech:003268	1	0	1	0	no	no
bacterial/hydrogenobacter_florentissimum_medium.yaml	CultureMech:002421	1	0	1	0	no	no
bacterial/hydrogenobacter_medium.yaml	CultureMech:008278	8	0	1	7	yes	no
bacterial/hydrogenobacter_thermophilus_medium.yaml	CultureMech:008001	1	0	1	0	yes	no
bacterial/hydroxybenzoate_medium.yaml	CultureMech:005630	2	0	1	1	no	no
bacterial/hyl_medium.yaml	CultureMech:002968	3	0	3	0	no	yes
bacterial/hylemonella_gracilis_medium.yaml	CultureMech:002458	1	1	0	0	no	no
bacterial/hyphomicrobium_medium.yaml	CultureMech:000813	2	0	2	0	no	no
bacterial/hyphomicrobium_medium_saf.yaml	CultureMech:000846	3	0	1	2	no	no
bacterial/hyphomicrobium_methylovorum_medium.yaml	CultureMech:001749	1	1	0	0	no	no
bacterial/ilyobacter_medium.yaml	CultureMech:002915	1	0	0	1	no	no
bacterial/ilyobacter_polytropus_medium.yaml	CultureMech:001414	2	0	1	1	no	no
bacterial/inorganic_salts_starch_agar_isp_4.yaml	CultureMech:002937	3	0	3	0	no	yes
bacterial/ip3_3_medium.yaml	CultureMech:003177	1	0	1	0	yes	no
bacterial/ird_aminobacterium_medium.yaml	CultureMech:003338	1	0	1	0	no	no
bacterial/ird_desulfocurvus_medium.yaml	CultureMech:003301	1	0	1	0	no	no
bacterial/ird_f1f22_medium.yaml	CultureMech:002309	1	0	1	0	no	no
bacterial/ird_marine_clostrida_medium.yaml	CultureMech:010377	1	0	0	1	yes	no
bacterial/ird_marine_desulfovibrio_medium.yaml	CultureMech:007627	1	0	0	1	yes	no
bacterial/ird_marine_desulfovibrio_medium_2.yaml	CultureMech:007720	1	0	0	1	yes	no
bacterial/ird_marine_desulfovibrio_medium_3.yaml	CultureMech:007721	1	0	0	1	yes	no
bacterial/ird_marinifilum_medium.yaml	CultureMech:002210	1	0	1	0	no	no
bacterial/ird_sm40_medium.yaml	CultureMech:002218	1	0	1	0	no	no
bacterial/isosphaera_medium.yaml	CultureMech:008891	10	1	9	0	yes	no
bacterial/isosphaera_pallida_medium.yaml	CultureMech:001898	2	0	0	2	no	no
bacterial/isp2_modified_medium_for_methylibium.yaml	CultureMech:001062	1	0	1	0	no	no
bacterial/jcm_medium_161.yaml	CultureMech:009223	3	0	2	1	no	no
bacterial/jcm_medium_242.yaml	CultureMech:009605	10	0	1	9	no	yes
bacterial/jcm_medium_no_1046.yaml	CultureMech:002230	4	0	3	1	no	yes
bacterial/jcm_medium_no_216.yaml	CultureMech:002578	1	0	1	0	no	no
bacterial/jcm_medium_no_223.yaml	CultureMech:002585	1	0	0	1	no	no
bacterial/jcm_medium_no_239.yaml	CultureMech:002599	3	0	3	0	no	yes
bacterial/jcm_medium_no_272.yaml	CultureMech:002629	1	0	1	0	no	no
bacterial/jcm_medium_no_310.yaml	CultureMech:002668	1	0	1	0	no	no
bacterial/jcm_medium_no_311.yaml	CultureMech:002669	1	0	1	0	no	no
bacterial/jcm_medium_no_312.yaml	CultureMech:002670	1	0	1	0	no	no
bacterial/jcm_medium_no_314.yaml	CultureMech:002672	1	0	1	0	no	no
bacterial/jcm_medium_no_317.yaml	CultureMech:002675	1	0	1	0	no	no
bacterial/jcm_medium_no_319.yaml	CultureMech:002677	6	0	1	5	no	yes
bacterial/jcm_medium_no_335.yaml	CultureMech:002694	1	0	1	0	no	no
bacterial/jm.yaml	CultureMech:000350	2	0	2	0	no	no
bacterial/jm_se.yaml	CultureMech:000351	2	0	2	0	no	no
bacterial/jt_medium.yaml	CultureMech:002713	1	0	1	0	no	no
bacterial/jxt_medium.yaml	CultureMech:002586	1	1	0	0	no	no
bacterial/k35.yaml	CultureMech:000354	9	0	6	3	no	yes
bacterial/k_101_flexibacter_medium.yaml	CultureMech:009160	9	0	7	2	yes	no
bacterial/k_medium.yaml	CultureMech:000352	9	0	6	3	no	yes
bacterial/k_minimum.yaml	CultureMech:000353	7	1	3	3	no	yes
bacterial/ka22_medium.yaml	CultureMech:002798	1	0	0	1	no	no
bacterial/kallotenue_medium.yaml	CultureMech:000996	1	0	0	1	no	no
bacterial/kim_medium.yaml	CultureMech:009676	1	0	1	0	no	no
bacterial/kiritimatiella_l21_ls_medium.yaml	CultureMech:000998	1	0	0	1	no	no
bacterial/kistimonas_asteriae_medium.yaml	CultureMech:000712	1	1	0	0	no	no
bacterial/knh_medium.yaml	CultureMech:001294	2	0	1	1	no	no
bacterial/ko2_nh4.yaml	CultureMech:008320	2	0	2	0	yes	no
bacterial/ko2_no3.yaml	CultureMech:008318	2	0	2	0	yes	no
bacterial/kosmotoga_medium.yaml	CultureMech:001382	1	0	0	1	no	no
bacterial/kosmotoga_olearia_medium.yaml	CultureMech:000603	1	0	0	1	no	no
bacterial/ktm_medium.yaml	CultureMech:003876	1	0	0	1	no	no
bacterial/l1.yaml	CultureMech:000355	6	1	2	3	no	yes
bacterial/lactate_bicarbonate_buffered_medium.yaml	CultureMech:003203	4	0	1	3	no	yes
bacterial/lactic_acid_bacteria_broth.yaml	CultureMech:002551	2	0	2	0	no	no
bacterial/lactobacilli_mrs_agar.yaml	CultureMech:009016	1	1	0	0	no	no
bacterial/lactobacilli_mrs_agar_broth.yaml	CultureMech:008837	1	1	0	0	no	no
bacterial/lactobacilli_mrs_broth.yaml	CultureMech:009017	1	1	0	0	no	no
bacterial/lamprobacter_medium.yaml	CultureMech:000849	1	0	1	0	no	no
bacterial/larkinella_arboricola_medium.yaml	CultureMech:000784	2	0	2	0	no	no
bacterial/lb_agar_broth_miller.yaml	CultureMech:008790	1	1	0	0	no	no
bacterial/lb_agar_miller.yaml	CultureMech:009025	1	1	0	0	no	no
bacterial/lb_broth_miller.yaml	CultureMech:009027	1	1	0	0	no	no
bacterial/lc_2.yaml	CultureMech:000568	1	0	1	0	no	no
bacterial/lc_medium.yaml	CultureMech:009623	2	0	2	0	no	no
bacterial/lebetimonas_medium.yaml	CultureMech:001939	1	0	0	1	no	no
bacterial/leeming_amp_notman_agar_lna_leeming_amp_notman_1987_in_the_yeasts_a_taxonomic_study_5th_edn.yaml	CultureMech:008670	1	1	0	0	no	no
bacterial/lentimonas_medium.yaml	CultureMech:001187	6	0	4	2	yes	no
bacterial/leptospirillum_hh_medium.yaml	CultureMech:002042	1	0	1	0	no	no
bacterial/limihaloglobus_medium.yaml	CultureMech:001002	1	0	0	1	no	no
bacterial/limnochordia_l945_medium.yaml	CultureMech:009695	1	0	0	1	yes	no
bacterial/lind_bht_medium.yaml	CultureMech:003188	1	0	1	0	no	no
bacterial/liquid_fermentation_medium.yaml	CultureMech:009657	3	0	3	0	yes	no
bacterial/ls4d.yaml	CultureMech:009357	11	0	3	8	yes	no
bacterial/lutria3_medium.yaml	CultureMech:004767	5	0	1	4	no	yes
bacterial/lx_d_medium.yaml	CultureMech:003284	1	0	1	0	no	no
bacterial/lyalikoviella_medium.yaml	CultureMech:000877	1	0	1	0	no	no
bacterial/lys_medium.yaml	CultureMech:002552	2	0	1	1	no	no
bacterial/lyu03_medium.yaml	CultureMech:000802	3	0	1	2	no	no
bacterial/m13_3x_pirellula_medium.yaml	CultureMech:001729	1	0	1	0	no	no
bacterial/m13_medium.yaml	CultureMech:003328	1	0	1	0	no	no
bacterial/m13_verrucomicrobium_medium.yaml	CultureMech:001735	1	0	1	0	no	no
bacterial/m13a_medium.yaml	CultureMech:003249	1	0	1	0	no	no
bacterial/m13a_pirellula_medium.yaml	CultureMech:001728	1	0	1	0	no	no
bacterial/m14_pirellula_marina_medium.yaml	CultureMech:001727	1	0	1	0	no	no
bacterial/m17_medium_for_filomicrobium_fusiforme.yaml	CultureMech:001901	1	0	1	0	no	no
bacterial/m17_medium_oxoid_supplemented_with_0_5_wt_vol_glucose.yaml	CultureMech:009418	1	1	0	0	yes	no
bacterial/m17_medium_oxoid_supplemented_with_1_wt_vol_glucose.yaml	CultureMech:009428	1	1	0	0	yes	no
bacterial/m1_nocardiopsis_arabia_medium.yaml	CultureMech:000498	1	1	0	0	no	no
bacterial/m1d_medium.yaml	CultureMech:008142	1	0	0	1	no	no
bacterial/m25y_medium.yaml	CultureMech:002246	3	0	3	0	no	yes
bacterial/m2_medium.yaml	CultureMech:000805	1	0	1	0	no	no
bacterial/m2gsc_medium.yaml	CultureMech:009240	1	0	0	1	no	no
bacterial/m2sgc_broth_containing_tetracycline_10_g_ml_or_rifampin_100_g_ml.yaml	CultureMech:009336	1	0	0	1	no	no
bacterial/m98_5.yaml	CultureMech:002570	1	0	0	1	yes	no
bacterial/m9_minimal_media.yaml	CultureMech:009338	3	0	3	0	yes	no
bacterial/m_medium_ebr45.yaml	CultureMech:008259	10	0	0	10	yes	no
bacterial/m_medium_ebr46_ebr599.yaml	CultureMech:008287	10	0	0	10	yes	no
bacterial/m_medium_ebr596.yaml	CultureMech:008322	10	0	0	10	yes	no
bacterial/m_r2a_medium.yaml	CultureMech:008890	3	0	3	0	no	yes
bacterial/ma.yaml	CultureMech:008952	1	0	1	0	no	no
bacterial/mac.yaml	CultureMech:008582	7	0	4	3	yes	no
bacterial/madctw_medium.yaml	CultureMech:008986	2	0	0	2	no	no
bacterial/maf6_se.yaml	CultureMech:000356	2	0	0	2	no	no
bacterial/magnetospirillum_medium.yaml	CultureMech:001484	5	0	1	4	no	yes
bacterial/magnetospirillum_medium_a.yaml	CultureMech:002906	4	0	0	4	no	yes
bacterial/magnetospirillum_medium_b.yaml	CultureMech:003013	1	0	1	0	no	no
bacterial/magnetovibrio_medium.yaml	CultureMech:000954	2	0	1	1	no	no
bacterial/maleate_liquid_medium.yaml	CultureMech:002496	17	0	9	8	no	yes
bacterial/manning_medium.yaml	CultureMech:000445	1	0	1	0	no	no
bacterial/maricaulis_medium.yaml	CultureMech:000447	1	0	0	1	no	no
bacterial/marichromatium_bheemlicum_medium.yaml	CultureMech:002881	1	0	0	1	no	no
bacterial/marine_agar_broth_2216.yaml	CultureMech:008852	1	1	0	0	no	no
bacterial/marine_ammonium_mineral_salts.yaml	CultureMech:004069	6	0	1	5	no	yes
bacterial/marine_aob_medium_a.yaml	CultureMech:007643	6	0	5	1	yes	no
bacterial/marine_aob_medium_b.yaml	CultureMech:007644	6	0	5	1	yes	no
bacterial/marine_caulobacter_medium.yaml	CultureMech:006089	1	1	0	0	no	no
bacterial/marine_caulobacter_medium_spyem_containing_sea_salts_and_nh4cl.yaml	CultureMech:008859	2	0	0	2	no	no
bacterial/marine_clostridium_medium.yaml	CultureMech:007805	1	0	0	1	yes	no
bacterial/marine_desulfosarcina_medium.yaml	CultureMech:009767	1	0	0	1	yes	no
bacterial/marine_desulfovibrio_complex_medium.yaml	CultureMech:009535	1	0	0	1	yes	no
bacterial/marine_srb_medium.yaml	CultureMech:007665	2	0	1	1	yes	no
bacterial/marine_tryptone_yeast_extract_medium.yaml	CultureMech:007827	1	0	0	1	yes	no
bacterial/marinifilum_medium.yaml	CultureMech:001012	2	0	1	1	no	no
bacterial/marinifilum_medium_ird_medium.yaml	CultureMech:001011	1	0	1	0	no	no
bacterial/marinomonas_vaga_medium.yaml	CultureMech:001746	1	1	0	0	no	no
bacterial/marinospirillum_celere.yaml	CultureMech:000670	1	0	1	0	no	no
bacterial/mariprofundus_es_medium.yaml	CultureMech:000728	5	0	4	1	no	yes
bacterial/masm.yaml	CultureMech:000357	2	0	0	2	no	no
bacterial/mb_medium.yaml	CultureMech:006834	1	0	0	1	no	no
bacterial/mb_w_medium_fa.yaml	CultureMech:008645	9	0	1	8	yes	no
bacterial/mbbm.yaml	CultureMech:000358	2	0	0	2	no	no
bacterial/mdm.yaml	CultureMech:001254	3	0	2	1	no	no
bacterial/mdy_v.yaml	CultureMech:000363	3	0	1	2	no	no
bacterial/medium_10.yaml	CultureMech:002493	1	0	0	1	no	no
bacterial/medium_1190_modified_for_dsm_19497.yaml	CultureMech:003925	1	0	1	0	no	no
bacterial/medium_1190_modified_for_dsm_19514.yaml	CultureMech:003926	1	0	1	0	no	no
bacterial/medium_119_modified_for_dsm_11975.yaml	CultureMech:003911	2	0	2	0	no	no
bacterial/medium_119_modified_for_dsm_11977.yaml	CultureMech:003912	2	0	2	0	no	no
bacterial/medium_119_modified_for_dsm_11978.yaml	CultureMech:003913	2	0	2	0	no	no
bacterial/medium_119_modified_for_dsm_11979.yaml	CultureMech:003914	2	0	2	0	no	no
bacterial/medium_119_modified_for_dsm_11995.yaml	CultureMech:003915	2	0	2	0	no	no
bacterial/medium_119_modified_for_dsm_1224.yaml	CultureMech:003916	2	0	2	0	no	no
bacterial/medium_119_modified_for_dsm_15163.yaml	CultureMech:003917	2	0	2	0	no	no
bacterial/medium_119_modified_for_dsm_3468.yaml	CultureMech:003919	2	0	2	0	no	no
bacterial/medium_119_modified_for_dsm_4855.yaml	CultureMech:003920	2	0	2	0	no	no
bacterial/medium_119_modified_for_dsm_6216.yaml	CultureMech:003921	2	0	2	0	no	no
bacterial/medium_119_modified_for_dsm_7057.yaml	CultureMech:003922	2	0	2	0	no	no
bacterial/medium_119_modified_for_dsm_7256.yaml	CultureMech:003923	2	0	2	0	no	no
bacterial/medium_119_modified_for_dsm_9575.yaml	CultureMech:003924	2	0	2	0	no	no
bacterial/medium_120_modified_for_dsm_7058.yaml	CultureMech:003947	3	0	2	1	no	no
bacterial/medium_1313_modified_for_dsm_25384.yaml	CultureMech:004068	6	0	1	5	no	yes
bacterial/medium_135_modified_for_dsm_7417.yaml	CultureMech:004105	1	0	0	1	no	no
bacterial/medium_1416_modified_for_dsm_25733.yaml	CultureMech:004142	1	0	1	0	no	no
bacterial/medium_142_modified_for_dsm_12346.yaml	CultureMech:004146	9	0	5	4	no	yes
bacterial/medium_142_modified_for_dsm_12350.yaml	CultureMech:004147	9	0	5	4	no	yes
bacterial/medium_142_modified_for_dsm_12351.yaml	CultureMech:004148	9	0	5	4	no	yes
bacterial/medium_142_modified_for_dsm_12352.yaml	CultureMech:004149	9	0	5	4	no	yes
bacterial/medium_142_modified_for_dsm_12353.yaml	CultureMech:004150	9	0	5	4	no	yes
bacterial/medium_142_modified_for_dsm_12354.yaml	CultureMech:004151	9	0	5	4	no	yes
bacterial/medium_163_modified_for_dsm_10520.yaml	CultureMech:004188	1	0	1	0	no	no
bacterial/medium_193_modified_for_dsm_6637.yaml	CultureMech:004225	2	0	1	1	no	no
bacterial/medium_193_modified_for_dsm_8775.yaml	CultureMech:004226	2	0	1	1	no	no
bacterial/medium_194_modified_for_dsm_13527.yaml	CultureMech:004229	6	0	2	4	no	yes
bacterial/medium_194_modified_for_dsm_5092.yaml	CultureMech:004233	6	0	2	4	no	yes
bacterial/medium_194_modified_for_dsm_6523.yaml	CultureMech:004234	6	0	2	4	no	yes
bacterial/medium_195_modified_for_dsm_12130.yaml	CultureMech:004236	2	0	1	1	no	no
bacterial/medium_195_modified_for_dsm_13036.yaml	CultureMech:004237	2	0	1	1	no	no
bacterial/medium_195_modified_for_dsm_13037.yaml	CultureMech:004238	2	0	1	1	no	no
bacterial/medium_195_modified_for_dsm_13038.yaml	CultureMech:004239	2	0	1	1	no	no
bacterial/medium_195_modified_for_dsm_13039.yaml	CultureMech:004240	2	0	1	1	no	no
bacterial/medium_195_modified_for_dsm_13040.yaml	CultureMech:004241	2	0	1	1	no	no
bacterial/medium_195_modified_for_dsm_13041.yaml	CultureMech:004242	2	0	1	1	no	no
bacterial/medium_195_modified_for_dsm_13042.yaml	CultureMech:004243	2	0	1	1	no	no
bacterial/medium_195_modified_for_dsm_13043.yaml	CultureMech:004244	2	0	1	1	no	no
bacterial/medium_195_modified_for_dsm_13044.yaml	CultureMech:004245	2	0	1	1	no	no
bacterial/medium_195_modified_for_dsm_5091.yaml	CultureMech:004248	2	0	1	1	no	no
bacterial/medium_195_modified_for_dsm_8776.yaml	CultureMech:004249	2	0	1	1	no	no
bacterial/medium_195_modified_for_dsm_9756.yaml	CultureMech:004250	2	0	1	1	no	no
bacterial/medium_195_modified_for_dsm_9788.yaml	CultureMech:004251	2	0	1	1	no	no
bacterial/medium_196_modified_for_dsm_11383.yaml	CultureMech:004254	2	0	2	0	no	no
bacterial/medium_196_modified_for_dsm_13871.yaml	CultureMech:004255	2	0	2	0	no	no
bacterial/medium_196_modified_for_dsm_9700.yaml	CultureMech:004256	2	0	2	0	no	no
bacterial/medium_1_liquid_with_20_horse_serum.yaml	CultureMech:008794	1	1	0	0	no	no
bacterial/medium_203_modified_for_dsm_3537.yaml	CultureMech:004299	1	0	0	1	no	no
bacterial/medium_203_modified_for_dsm_3538.yaml	CultureMech:004300	1	0	0	1	no	no
bacterial/medium_233_modified_for_dsm_6564.yaml	CultureMech:004608	1	0	0	1	no	no
bacterial/medium_252_modified_for_dsm_41399.yaml	CultureMech:004624	3	0	3	0	no	yes
bacterial/medium_252_modified_for_dsm_41400.yaml	CultureMech:004625	3	0	3	0	no	yes
bacterial/medium_252_modified_for_dsm_41403.yaml	CultureMech:004626	3	0	3	0	no	yes
bacterial/medium_252_modified_for_dsm_41404.yaml	CultureMech:004627	3	0	3	0	no	yes
bacterial/medium_252_modified_for_dsm_41405.yaml	CultureMech:004628	3	0	3	0	no	yes
bacterial/medium_252_modified_for_dsm_41406.yaml	CultureMech:004629	3	0	3	0	no	yes
bacterial/medium_252_modified_for_dsm_41407.yaml	CultureMech:004630	3	0	3	0	no	yes
bacterial/medium_252_modified_for_dsm_41408.yaml	CultureMech:004631	3	0	3	0	no	yes
bacterial/medium_252_modified_for_dsm_41410.yaml	CultureMech:004632	3	0	3	0	no	yes
bacterial/medium_252_modified_for_dsm_41411.yaml	CultureMech:004633	3	0	3	0	no	yes
bacterial/medium_252_modified_for_dsm_41412.yaml	CultureMech:004634	3	0	3	0	no	yes
bacterial/medium_252_modified_for_dsm_41413.yaml	CultureMech:004635	3	0	3	0	no	yes
bacterial/medium_252_modified_for_dsm_41415.yaml	CultureMech:004636	3	0	3	0	no	yes
bacterial/medium_252_modified_for_dsm_41416.yaml	CultureMech:004637	3	0	3	0	no	yes
bacterial/medium_252_modified_for_dsm_41417.yaml	CultureMech:004638	3	0	3	0	no	yes
bacterial/medium_252_modified_for_dsm_41418.yaml	CultureMech:004639	3	0	3	0	no	yes
bacterial/medium_252_modified_for_dsm_41419.yaml	CultureMech:004640	3	0	3	0	no	yes
bacterial/medium_252_modified_for_dsm_41420.yaml	CultureMech:004641	3	0	3	0	no	yes
bacterial/medium_252_modified_for_dsm_41877.yaml	CultureMech:004642	3	0	3	0	no	yes
bacterial/medium_252_modified_for_dsm_44410.yaml	CultureMech:004643	3	0	3	0	no	yes
bacterial/medium_252_modified_for_dsm_44964.yaml	CultureMech:004644	3	0	3	0	no	yes
bacterial/medium_252_modified_for_dsm_45004.yaml	CultureMech:004645	3	0	3	0	no	yes
bacterial/medium_252_modified_for_dsm_45007.yaml	CultureMech:004646	3	0	3	0	no	yes
bacterial/medium_252_modified_for_dsm_45009.yaml	CultureMech:004647	3	0	3	0	no	yes
bacterial/medium_252_modified_for_dsm_45012.yaml	CultureMech:004648	3	0	3	0	no	yes
bacterial/medium_252_modified_for_dsm_45015.yaml	CultureMech:004649	3	0	3	0	no	yes
bacterial/medium_252_modified_for_dsm_45017.yaml	CultureMech:004650	3	0	3	0	no	yes
bacterial/medium_252_modified_for_dsm_45088.yaml	CultureMech:004651	3	0	3	0	no	yes
bacterial/medium_252_modified_for_dsm_45210.yaml	CultureMech:004652	3	0	3	0	no	yes
bacterial/medium_252_modified_for_dsm_45211.yaml	CultureMech:004653	3	0	3	0	no	yes
bacterial/medium_271_modified_for_dsm_11477.yaml	CultureMech:004696	1	0	1	0	no	no
bacterial/medium_271_modified_for_dsm_11478.yaml	CultureMech:004697	1	0	1	0	no	no
bacterial/medium_271_modified_for_dsm_24413.yaml	CultureMech:004698	1	0	1	0	no	no
bacterial/medium_27_modified_for_dsm_10138.yaml	CultureMech:004677	1	0	0	1	no	no
bacterial/medium_27_modified_for_dsm_10139.yaml	CultureMech:004678	1	0	0	1	no	no
bacterial/medium_27_modified_for_dsm_13233.yaml	CultureMech:004679	1	0	0	1	no	no
bacterial/medium_27_modified_for_dsm_13235.yaml	CultureMech:004680	1	0	0	1	no	no
bacterial/medium_27_modified_for_dsm_1374.yaml	CultureMech:004681	1	0	0	1	no	no
bacterial/medium_27_modified_for_dsm_17143.yaml	CultureMech:004682	1	0	0	1	no	no
bacterial/medium_27_modified_for_dsm_18633.yaml	CultureMech:004683	1	0	0	1	no	no
bacterial/medium_27_modified_for_dsm_18937.yaml	CultureMech:004684	1	0	0	1	no	no
bacterial/medium_27_modified_for_dsm_19785.yaml	CultureMech:004685	1	0	0	1	no	no
bacterial/medium_27_modified_for_dsm_19945.yaml	CultureMech:004686	1	0	0	1	no	no
bacterial/medium_27_modified_for_dsm_19946.yaml	CultureMech:004687	1	0	0	1	no	no
bacterial/medium_27_modified_for_dsm_2132.yaml	CultureMech:004688	1	0	0	1	no	no
bacterial/medium_27_modified_for_dsm_2351.yaml	CultureMech:004689	1	0	0	1	no	no
bacterial/medium_27_modified_for_dsm_2698.yaml	CultureMech:004690	1	0	0	1	no	no
bacterial/medium_27_modified_for_dsm_2780.yaml	CultureMech:004691	1	0	0	1	no	no
bacterial/medium_27_modified_for_dsm_4180.yaml	CultureMech:004692	1	0	0	1	no	no
bacterial/medium_27_modified_for_dsm_5909.yaml	CultureMech:004693	1	0	0	1	no	no
bacterial/medium_27_modified_for_dsm_9894.yaml	CultureMech:004694	1	0	0	1	no	no
bacterial/medium_27_modified_for_dsm_9987.yaml	CultureMech:004695	1	0	0	1	no	no
bacterial/medium_280_modified_for_dsm_6242.yaml	CultureMech:004732	1	0	0	1	no	no
bacterial/medium_282_modified_for_dsm_16983.yaml	CultureMech:004735	1	0	0	1	no	no
bacterial/medium_282_modified_for_dsm_5666.yaml	CultureMech:004738	1	0	0	1	no	no
bacterial/medium_29_modified_for_dsm_12025.yaml	CultureMech:004751	3	0	2	1	no	no
bacterial/medium_2_for_sulfurospirillum.yaml	CultureMech:008729	20	0	10	10	yes	no
bacterial/medium_311_modified_for_dsm_2767.yaml	CultureMech:004950	2	0	1	1	no	no
bacterial/medium_311_modified_for_dsm_5090.yaml	CultureMech:004953	2	0	1	1	no	no
bacterial/medium_383_modified_for_dsm_10085.yaml	CultureMech:005130	2	0	1	1	no	no
bacterial/medium_383_modified_for_dsm_10141.yaml	CultureMech:005131	2	0	1	1	no	no
bacterial/medium_383_modified_for_dsm_10259.yaml	CultureMech:005132	2	0	1	1	no	no
bacterial/medium_383_modified_for_dsm_11384.yaml	CultureMech:005133	2	0	1	1	no	no
bacterial/medium_383_modified_for_dsm_8540.yaml	CultureMech:005150	2	0	1	1	no	no
bacterial/medium_383_modified_for_dsm_9755.yaml	CultureMech:005152	2	0	1	1	no	no
bacterial/medium_430_modified_for_dsm_13718.yaml	CultureMech:005277	5	0	1	4	no	yes
bacterial/medium_473_modified_for_dsm_6780.yaml	CultureMech:005587	3	0	0	3	no	yes
bacterial/medium_496_modified_for_dsm_11498.yaml	CultureMech:005625	2	0	1	1	no	no
bacterial/medium_500_modified_for_dsm_10612.yaml	CultureMech:005634	2	0	1	1	no	no
bacterial/medium_500_modified_for_dsm_9179.yaml	CultureMech:005641	2	0	1	1	no	no
bacterial/medium_503_modified_for_dsm_11045.yaml	CultureMech:005658	5	0	1	4	no	yes
bacterial/medium_503_modified_for_dsm_11480.yaml	CultureMech:005659	5	0	1	4	no	yes
bacterial/medium_503_modified_for_dsm_11493.yaml	CultureMech:005660	5	0	1	4	no	yes
bacterial/medium_503_modified_for_dsm_12018.yaml	CultureMech:005662	5	0	1	4	no	yes
bacterial/medium_503b_modified_for_dsm_14691.yaml	CultureMech:005680	5	0	1	4	no	yes
bacterial/medium_503b_modified_for_dsm_14692.yaml	CultureMech:005681	5	0	1	4	no	yes
bacterial/medium_507_modified_for_dsm_7242.yaml	CultureMech:005706	1	0	0	1	no	no
bacterial/medium_516_modified_for_dsm_9003.yaml	CultureMech:005873	2	0	1	1	no	no
bacterial/medium_520_modified_for_dsm_7093.yaml	CultureMech:005880	1	0	1	0	no	no
bacterial/medium_520_modified_for_dsm_9801.yaml	CultureMech:005881	1	0	1	0	no	no
bacterial/medium_547_modified_for_dsm_44048.yaml	CultureMech:005988	3	0	3	0	no	yes
bacterial/medium_547_modified_for_dsm_44681.yaml	CultureMech:005989	3	0	3	0	no	yes
bacterial/medium_547_modified_for_dsm_44682.yaml	CultureMech:005990	3	0	3	0	no	yes
bacterial/medium_549_modified_for_dsm_25790.yaml	CultureMech:005994	1	0	1	0	no	no
bacterial/medium_549_modified_for_dsm_44640.yaml	CultureMech:005995	1	0	1	0	no	no
bacterial/medium_586_modified_for_dsm_14742.yaml	CultureMech:006056	1	0	1	0	no	no
bacterial/medium_586_modified_for_dsm_14743.yaml	CultureMech:006057	1	0	1	0	no	no
bacterial/medium_586_modified_for_dsm_14744.yaml	CultureMech:006058	1	0	1	0	no	no
bacterial/medium_586_modified_for_dsm_14773.yaml	CultureMech:006059	1	0	1	0	no	no
bacterial/medium_586_modified_for_dsm_14793.yaml	CultureMech:006060	1	0	1	0	no	no
bacterial/medium_586_modified_for_dsm_14794.yaml	CultureMech:006061	1	0	1	0	no	no
bacterial/medium_586_modified_for_dsm_14805.yaml	CultureMech:006062	1	0	1	0	no	no
bacterial/medium_58_modified_for_dsm_16839.yaml	CultureMech:006025	1	0	0	1	no	no
bacterial/medium_58_modified_for_dsm_16840.yaml	CultureMech:006026	1	0	0	1	no	no
bacterial/medium_58_modified_for_dsm_16980.yaml	CultureMech:006027	1	0	0	1	no	no
bacterial/medium_58_modified_for_dsm_16981.yaml	CultureMech:006028	1	0	0	1	no	no
bacterial/medium_58_modified_for_dsm_17042.yaml	CultureMech:006029	1	0	0	1	no	no
bacterial/medium_58_modified_for_dsm_17774.yaml	CultureMech:006030	1	0	0	1	no	no
bacterial/medium_58_modified_for_dsm_17775.yaml	CultureMech:006031	1	0	0	1	no	no
bacterial/medium_58_modified_for_dsm_17776.yaml	CultureMech:006032	1	0	0	1	no	no
bacterial/medium_58_modified_for_dsm_17777.yaml	CultureMech:006033	1	0	0	1	no	no
bacterial/medium_58_modified_for_dsm_17778.yaml	CultureMech:006034	1	0	0	1	no	no
bacterial/medium_58_modified_for_dsm_17779.yaml	CultureMech:006035	1	0	0	1	no	no
bacterial/medium_58_modified_for_dsm_20461.yaml	CultureMech:006036	1	0	0	1	no	no
bacterial/medium_58_modified_for_dsm_20462.yaml	CultureMech:006037	1	0	0	1	no	no
bacterial/medium_58_modified_for_dsm_20465.yaml	CultureMech:006038	1	0	0	1	no	no
bacterial/medium_58_modified_for_dsm_20466.yaml	CultureMech:006039	1	0	0	1	no	no
bacterial/medium_58_modified_for_dsm_20467.yaml	CultureMech:006040	1	0	0	1	no	no
bacterial/medium_58_modified_for_dsm_20756.yaml	CultureMech:006041	1	0	0	1	no	no
bacterial/medium_58_modified_for_dsm_20757.yaml	CultureMech:006042	1	0	0	1	no	no
bacterial/medium_58_modified_for_dsm_20762.yaml	CultureMech:006043	1	0	0	1	no	no
bacterial/medium_58_modified_for_dsm_20764.yaml	CultureMech:006044	1	0	0	1	no	no
bacterial/medium_58_modified_for_dsm_20765.yaml	CultureMech:006045	1	0	0	1	no	no
bacterial/medium_58_modified_for_dsm_21655.yaml	CultureMech:006046	1	0	0	1	no	no
bacterial/medium_58_modified_for_dsm_24661.yaml	CultureMech:006047	1	0	0	1	no	no
bacterial/medium_58_modified_for_dsm_7198.yaml	CultureMech:006048	1	0	0	1	no	no
bacterial/medium_58_modified_for_dsm_7199.yaml	CultureMech:006049	1	0	0	1	no	no
bacterial/medium_58_modified_for_dsm_7200.yaml	CultureMech:006050	1	0	0	1	no	no
bacterial/medium_58_modified_for_dsm_7201.yaml	CultureMech:006051	1	0	0	1	no	no
bacterial/medium_630_modified_for_dsm_12048.yaml	CultureMech:006140	1	0	1	0	no	no
bacterial/medium_630_modified_for_dsm_12049.yaml	CultureMech:006141	1	0	1	0	no	no
bacterial/medium_630_modified_for_dsm_22673.yaml	CultureMech:006142	1	0	1	0	no	no
bacterial/medium_630_modified_for_dsm_4252.yaml	CultureMech:006143	1	0	1	0	no	no
bacterial/medium_630_modified_for_dsm_4253.yaml	CultureMech:006144	1	0	1	0	no	no
bacterial/medium_63_modified_for_dsm_12838.yaml	CultureMech:006136	1	0	1	0	no	no
bacterial/medium_63_modified_for_dsm_21064.yaml	CultureMech:006138	1	0	1	0	no	no
bacterial/medium_63_modified_for_dsm_6605.yaml	CultureMech:006139	1	0	1	0	no	no
bacterial/medium_640_modified_for_dsm_10061.yaml	CultureMech:006163	1	0	1	0	no	no
bacterial/medium_640_modified_for_dsm_10170.yaml	CultureMech:006164	1	0	1	0	no	no
bacterial/medium_640_modified_for_dsm_10319.yaml	CultureMech:006165	1	0	1	0	no	no
bacterial/medium_640_modified_for_dsm_11055.yaml	CultureMech:006166	1	0	1	0	no	no
bacterial/medium_640_modified_for_dsm_11056.yaml	CultureMech:006167	1	0	1	0	no	no
bacterial/medium_640_modified_for_dsm_11057.yaml	CultureMech:006168	1	0	1	0	no	no
bacterial/medium_640_modified_for_dsm_11426.yaml	CultureMech:006169	1	0	1	0	no	no
bacterial/medium_640_modified_for_dsm_19027.yaml	CultureMech:006170	1	0	1	0	no	no
bacterial/medium_640_modified_for_dsm_8685.yaml	CultureMech:006171	1	0	1	0	no	no
bacterial/medium_640_modified_for_dsm_8691.yaml	CultureMech:006172	1	0	1	0	no	no
bacterial/medium_640_modified_for_dsm_8692.yaml	CultureMech:006173	1	0	1	0	no	no
bacterial/medium_641_modified_for_dsm_10349.yaml	CultureMech:006175	2	0	1	1	no	no
bacterial/medium_641_modified_for_dsm_13257.yaml	CultureMech:006176	2	0	1	1	no	no
bacterial/medium_641_modified_for_dsm_16056.yaml	CultureMech:006177	2	0	1	1	no	no
bacterial/medium_650_modified_for_dsm_8319.yaml	CultureMech:006226	1	1	0	0	no	no
bacterial/medium_684_modified_for_dsm_14055.yaml	CultureMech:006285	2	0	1	1	no	no
bacterial/medium_684_modified_for_dsm_23957.yaml	CultureMech:006287	2	0	1	1	no	no
bacterial/medium_710_modified_for_dsm_12299.yaml	CultureMech:006346	2	0	1	1	no	no
bacterial/medium_81_modified_for_dsm_21442.yaml	CultureMech:006529	4	0	0	4	no	yes
bacterial/medium_829_modified_for_dsm_16661.yaml	CultureMech:006560	5	0	1	4	no	yes
bacterial/medium_830_modified_for_dsm_13665.yaml	CultureMech:006567	1	0	1	0	no	no
bacterial/medium_830_modified_for_dsm_14773.yaml	CultureMech:006568	1	0	1	0	no	no
bacterial/medium_830_modified_for_dsm_14805.yaml	CultureMech:006569	1	0	1	0	no	no
bacterial/medium_830_modified_for_dsm_15671.yaml	CultureMech:006570	1	0	1	0	no	no
bacterial/medium_830_modified_for_dsm_16968.yaml	CultureMech:006571	1	0	1	0	no	no
bacterial/medium_830_modified_for_dsm_16969.yaml	CultureMech:006572	1	0	1	0	no	no
bacterial/medium_830_modified_for_dsm_17871.yaml	CultureMech:006573	1	0	1	0	no	no
bacterial/medium_830_modified_for_dsm_17997.yaml	CultureMech:006574	1	0	1	0	no	no
bacterial/medium_830_modified_for_dsm_17998.yaml	CultureMech:006575	1	0	1	0	no	no
bacterial/medium_830_modified_for_dsm_18042.yaml	CultureMech:006576	1	0	1	0	no	no
bacterial/medium_830_modified_for_dsm_18043.yaml	CultureMech:006577	1	0	1	0	no	no
bacterial/medium_830_modified_for_dsm_18045.yaml	CultureMech:006578	1	0	1	0	no	no
bacterial/medium_830_modified_for_dsm_18135.yaml	CultureMech:006579	1	0	1	0	no	no
bacterial/medium_830_modified_for_dsm_18203.yaml	CultureMech:006580	1	0	1	0	no	no
bacterial/medium_830_modified_for_dsm_18221.yaml	CultureMech:006581	1	0	1	0	no	no
bacterial/medium_830_modified_for_dsm_18603.yaml	CultureMech:006582	1	0	1	0	no	no
bacterial/medium_830_modified_for_dsm_18704.yaml	CultureMech:006583	1	0	1	0	no	no
bacterial/medium_830_modified_for_dsm_18758.yaml	CultureMech:006584	1	0	1	0	no	no
bacterial/medium_830_modified_for_dsm_19096.yaml	CultureMech:006585	1	0	1	0	no	no
bacterial/medium_830_modified_for_dsm_19249.yaml	CultureMech:006586	1	0	1	0	no	no
bacterial/medium_830_modified_for_dsm_19250.yaml	CultureMech:006587	1	0	1	0	no	no
bacterial/medium_830_modified_for_dsm_19309.yaml	CultureMech:006588	1	0	1	0	no	no
bacterial/medium_830_modified_for_dsm_19717.yaml	CultureMech:006589	1	0	1	0	no	no
bacterial/medium_830_modified_for_dsm_19724.yaml	CultureMech:006590	1	0	1	0	no	no
bacterial/medium_830_modified_for_dsm_21036.yaml	CultureMech:006592	1	0	1	0	no	no
bacterial/medium_830_modified_for_dsm_21240.yaml	CultureMech:006593	1	0	1	0	no	no
bacterial/medium_830_modified_for_dsm_21316.yaml	CultureMech:006594	1	0	1	0	no	no
bacterial/medium_830_modified_for_dsm_21346.yaml	CultureMech:006595	1	0	1	0	no	no
bacterial/medium_830_modified_for_dsm_21362.yaml	CultureMech:006596	1	0	1	0	no	no
bacterial/medium_830_modified_for_dsm_21490.yaml	CultureMech:006597	1	0	1	0	no	no
bacterial/medium_830_modified_for_dsm_21568.yaml	CultureMech:006598	1	0	1	0	no	no
bacterial/medium_830_modified_for_dsm_21670.yaml	CultureMech:006599	1	0	1	0	no	no
bacterial/medium_830_modified_for_dsm_21789.yaml	CultureMech:006600	1	0	1	0	no	no
bacterial/medium_830_modified_for_dsm_21942.yaml	CultureMech:006601	1	0	1	0	no	no
bacterial/medium_830_modified_for_dsm_21994.yaml	CultureMech:006602	1	0	1	0	no	no
bacterial/medium_830_modified_for_dsm_22342.yaml	CultureMech:006603	1	0	1	0	no	no
bacterial/medium_830_modified_for_dsm_22349.yaml	CultureMech:006604	1	0	1	0	no	no
bacterial/medium_830_modified_for_dsm_22405.yaml	CultureMech:006605	1	0	1	0	no	no
bacterial/medium_830_modified_for_dsm_22464.yaml	CultureMech:006606	1	0	1	0	no	no
bacterial/medium_830_modified_for_dsm_22489.yaml	CultureMech:006608	1	0	1	0	no	no
bacterial/medium_830_modified_for_dsm_22489_replace_glucose_with_fructose.yaml	CultureMech:006607	1	0	1	0	no	no
bacterial/medium_830_modified_for_dsm_22869.yaml	CultureMech:006609	1	0	1	0	no	no
bacterial/medium_830_modified_for_dsm_23119.yaml	CultureMech:006610	1	0	1	0	no	no
bacterial/medium_830_modified_for_dsm_23228.yaml	CultureMech:006611	1	0	1	0	no	no
bacterial/medium_830_modified_for_dsm_23491.yaml	CultureMech:006612	1	0	1	0	no	no
bacterial/medium_830_modified_for_dsm_23630.yaml	CultureMech:006613	1	0	1	0	no	no
bacterial/medium_830_modified_for_dsm_23886.yaml	CultureMech:006614	1	0	1	0	no	no
bacterial/medium_830_modified_for_dsm_23906.yaml	CultureMech:006615	1	0	1	0	no	no
bacterial/medium_830_modified_for_dsm_24448.yaml	CultureMech:006616	1	0	1	0	no	no
bacterial/medium_830_modified_for_dsm_25262.yaml	CultureMech:006617	1	0	1	0	no	no
bacterial/medium_830a_modified_for_dsm_15637.yaml	CultureMech:006619	1	0	1	0	no	no
bacterial/medium_830c_modified_for_dsm_13663.yaml	CultureMech:006622	1	0	1	0	no	no
bacterial/medium_830c_modified_for_dsm_25221.yaml	CultureMech:006623	1	0	1	0	no	no
bacterial/medium_836_modified_for_dsm_13498.yaml	CultureMech:006628	1	0	1	0	no	no
bacterial/medium_843_modified_for_dsm_18056.yaml	CultureMech:006646	6	0	1	5	no	yes
bacterial/medium_84_modified_for_dsm_40886.yaml	CultureMech:006637	3	0	3	0	no	yes
bacterial/medium_84_modified_for_dsm_40887.yaml	CultureMech:006638	3	0	3	0	no	yes
bacterial/medium_84_modified_for_dsm_40888.yaml	CultureMech:006639	3	0	3	0	no	yes
bacterial/medium_84_modified_for_dsm_40889.yaml	CultureMech:006640	3	0	3	0	no	yes
bacterial/medium_84_modified_for_dsm_41697.yaml	CultureMech:006641	3	0	3	0	no	yes
bacterial/medium_84_modified_for_dsm_44681.yaml	CultureMech:006642	3	0	3	0	no	yes
bacterial/medium_852_modified_for_dsm_45022.yaml	CultureMech:006660	2	0	2	0	no	no
bacterial/medium_852_modified_for_dsm_45023.yaml	CultureMech:006661	2	0	2	0	no	no
bacterial/medium_852_modified_for_dsm_45025.yaml	CultureMech:006662	2	0	2	0	no	no
bacterial/medium_852_modified_for_dsm_45026.yaml	CultureMech:006663	2	0	2	0	no	no
bacterial/medium_852_modified_for_dsm_45027.yaml	CultureMech:006664	2	0	2	0	no	no
bacterial/medium_852_modified_for_dsm_45029.yaml	CultureMech:006665	2	0	2	0	no	no
bacterial/medium_852_modified_for_dsm_45031.yaml	CultureMech:006666	2	0	2	0	no	no
bacterial/medium_852_modified_for_dsm_45032.yaml	CultureMech:006667	2	0	2	0	no	no
bacterial/medium_878_modified_for_dsm_21543.yaml	CultureMech:006715	1	0	1	0	no	no
bacterial/medium_878_modified_for_dsm_9941.yaml	CultureMech:006716	1	0	1	0	no	no
bacterial/medium_87a_modified_for_dsm_13941.yaml	CultureMech:006720	5	0	0	5	no	yes
bacterial/medium_909_modified_for_dsm_14222.yaml	CultureMech:006780	1	0	0	1	no	no
bacterial/medium_910_modified_for_dsm_44618.yaml	CultureMech:006783	1	0	1	0	no	no
bacterial/medium_921_modified_for_dsm_23269.yaml	CultureMech:006826	1	0	1	0	no	no
bacterial/medium_935_modified_for_dsm_14783.yaml	CultureMech:006855	1	0	0	1	no	no
bacterial/medium_944a_modified_for_dsm_18852.yaml	CultureMech:006876	1	0	1	0	no	no
bacterial/medium_993_modified_for_dsm_16375.yaml	CultureMech:006965	3	0	3	0	no	yes
bacterial/medium_993_modified_for_dsm_44844.yaml	CultureMech:006966	3	0	3	0	no	yes
bacterial/medium_993_modified_for_dsm_45009.yaml	CultureMech:006967	3	0	3	0	no	yes
bacterial/medium_993_modified_for_dsm_45010.yaml	CultureMech:006968	3	0	3	0	no	yes
bacterial/medium_993_modified_for_dsm_45011.yaml	CultureMech:006969	3	0	3	0	no	yes
bacterial/medium_993_modified_for_dsm_45013.yaml	CultureMech:006970	3	0	3	0	no	yes
bacterial/medium_993_modified_for_dsm_45014.yaml	CultureMech:006971	3	0	3	0	no	yes
bacterial/medium_993_modified_for_dsm_45016.yaml	CultureMech:006972	3	0	3	0	no	yes
bacterial/medium_bg_11_for_blue_green_algae.yaml	CultureMech:008772	3	1	2	0	no	no
bacterial/medium_d.yaml	CultureMech:009608	2	1	1	0	yes	no
bacterial/medium_dh.yaml	CultureMech:008830	3	2	1	0	yes	no
bacterial/medium_e_2.yaml	CultureMech:001831	1	1	0	0	no	no
bacterial/medium_for_acidithiobacillus_ferrooxidans.yaml	CultureMech:008660	1	0	1	0	yes	no
bacterial/medium_for_aerobic_growth_of_strain_sk43h.yaml	CultureMech:008470	17	1	10	6	yes	no
bacterial/medium_for_alicyclobacillus_acidiphilus.yaml	CultureMech:008218	1	1	0	0	yes	no
bacterial/medium_for_arhodomonas_and_marinobacter.yaml	CultureMech:002117	1	0	1	0	no	no
bacterial/medium_for_campylobacter_dsm_806.yaml	CultureMech:003971	1	0	1	0	no	no
bacterial/medium_for_carbon_dioxide_reducers.yaml	CultureMech:006792	1	0	0	1	no	no
bacterial/medium_for_chlorate_respirers.yaml	CultureMech:002076	1	0	1	0	no	no
bacterial/medium_for_chlorobium_ferrooxidans.yaml	CultureMech:001398	3	0	2	1	no	no
bacterial/medium_for_d_indonesiensis.yaml	CultureMech:006162	1	0	1	0	no	no
bacterial/medium_for_freshwater_flexibacteria.yaml	CultureMech:008096	7	0	6	1	yes	no
bacterial/medium_for_h_dombrowski.yaml	CultureMech:008963	1	1	0	0	no	no
bacterial/medium_for_hj250.yaml	CultureMech:001188	1	0	1	0	no	no
bacterial/medium_for_marine_flexibacteria.yaml	CultureMech:008091	6	0	6	0	yes	no
bacterial/medium_for_marine_spirochaetes.yaml	CultureMech:007761	1	0	0	1	yes	no
bacterial/medium_for_methylotrophs.yaml	CultureMech:009556	1	0	1	0	yes	no
bacterial/medium_for_nautilia_profundicola_baa_1463.yaml	CultureMech:009122	10	0	2	8	yes	no
bacterial/medium_for_nitrite_oxidizer.yaml	CultureMech:009565	5	0	5	0	no	yes
bacterial/medium_for_nitrosococcus.yaml	CultureMech:008754	5	0	5	0	yes	no
bacterial/medium_for_roseospira.yaml	CultureMech:002183	1	0	1	0	no	no
bacterial/medium_for_sm250.yaml	CultureMech:001171	1	0	0	1	no	no
bacterial/medium_for_strain_bsn1.yaml	CultureMech:008559	18	1	10	7	yes	no
bacterial/medium_for_strain_c_g2.yaml	CultureMech:008224	15	1	10	4	yes	no
bacterial/medium_for_strain_c_l2.yaml	CultureMech:008225	14	1	9	4	yes	no
bacterial/medium_for_strain_gh1.yaml	CultureMech:008524	20	0	10	10	yes	no
bacterial/medium_for_strain_gk12.yaml	CultureMech:008531	17	0	7	10	yes	no
bacterial/medium_for_strain_ha5.yaml	CultureMech:008635	20	1	10	9	yes	no
bacterial/medium_for_strain_hc45_anaerobic_cultivation.yaml	CultureMech:008616	18	1	10	7	yes	no
bacterial/medium_for_strain_ja143.yaml	CultureMech:008382	8	0	8	0	yes	no
bacterial/medium_for_strain_ja333_and_ja492.yaml	CultureMech:008480	10	0	8	2	yes	no
bacterial/medium_for_strain_ja349_and_ja350.yaml	CultureMech:008399	10	0	8	2	yes	no
bacterial/medium_for_strain_ja363_ja395_and_ja418.yaml	CultureMech:008405	9	0	8	1	yes	no
bacterial/medium_for_strain_ja480.yaml	CultureMech:008447	10	0	8	2	yes	no
bacterial/medium_for_strain_ja580.yaml	CultureMech:008492	10	0	8	2	yes	no
bacterial/medium_for_strain_ja746.yaml	CultureMech:008530	10	0	8	2	yes	no
bacterial/medium_for_strain_kc3.yaml	CultureMech:008608	1	0	0	1	yes	no
bacterial/medium_for_strain_kkc1.yaml	CultureMech:008555	17	1	7	9	yes	no
bacterial/medium_for_strain_koba311.yaml	CultureMech:008636	21	1	10	10	yes	no
bacterial/medium_for_strain_m6_x2.yaml	CultureMech:008649	10	0	0	10	yes	no
bacterial/medium_for_strain_mp_01.yaml	CultureMech:010405	2	0	1	1	yes	no
bacterial/medium_for_strain_ok2g.yaml	CultureMech:008701	8	0	8	0	yes	no
bacterial/medium_for_strain_pf12b.yaml	CultureMech:008617	18	1	10	7	yes	no
bacterial/medium_for_strain_r_1.yaml	CultureMech:008433	1	0	0	1	no	no
bacterial/medium_for_strain_rasen.yaml	CultureMech:008326	15	0	5	10	yes	no
bacterial/medium_for_strain_sanae.yaml	CultureMech:008264	8	0	0	8	yes	no
bacterial/medium_for_strain_sk43h.yaml	CultureMech:008431	18	1	10	7	yes	no
bacterial/medium_for_strain_skb26.yaml	CultureMech:008419	17	1	10	6	yes	no
bacterial/medium_for_strain_sr45.yaml	CultureMech:008558	12	1	10	1	yes	no
bacterial/medium_for_strain_t08.yaml	CultureMech:008634	18	1	10	7	yes	no
bacterial/medium_for_strain_t_1_35.yaml	CultureMech:008566	16	1	10	5	yes	no
bacterial/medium_for_strain_tut3615.yaml	CultureMech:008484	6	0	6	0	yes	no
bacterial/medium_for_strain_ug1.yaml	CultureMech:008481	10	0	0	10	yes	no
bacterial/medium_for_strains_ja121_and_ja322.yaml	CultureMech:008370	9	0	8	1	yes	no
bacterial/medium_for_strains_ja145_ja193_ja310_ja334_ja415_ja430_ja447_and_ja643.yaml	CultureMech:008408	9	0	8	1	yes	no
bacterial/medium_for_strains_ja430.yaml	CultureMech:008438	10	0	8	2	yes	no
bacterial/medium_for_sulfospirillum_dsm_806.yaml	CultureMech:000678	1	0	1	0	no	no
bacterial/medium_for_sulfur_disproportionating_bacterium.yaml	CultureMech:008642	8	0	1	7	yes	no
bacterial/medium_for_sulfur_oxidizing_bacteria.yaml	CultureMech:008686	10	0	3	7	yes	no
bacterial/medium_for_sulfurospirillum.yaml	CultureMech:008561	20	0	10	10	yes	no
bacterial/medium_for_tepidanaerobacter.yaml	CultureMech:008131	17	0	7	10	yes	no
bacterial/medium_for_thiorhodovibrio_frisius.yaml	CultureMech:001206	3	1	1	1	no	no
bacterial/medium_for_treponema_pectinovorum.yaml	CultureMech:002504	1	0	0	1	no	no
bacterial/medium_gy_vl55.yaml	CultureMech:000726	1	0	1	0	no	no
bacterial/medium_modified_for_dechloromonas_spp.yaml	CultureMech:002121	1	0	1	0	no	no
bacterial/medium_mygs.yaml	CultureMech:001278	1	0	1	0	no	no
bacterial/medium_r2a_for_denitrifying_bacteria.yaml	CultureMech:001986	1	0	1	0	no	no
bacterial/medium_vl55.yaml	CultureMech:000725	1	0	1	0	no	no
bacterial/medium_with_edta_as_carbon_source.yaml	CultureMech:001602	3	0	0	3	no	yes
bacterial/medium_ycfagsc.yaml	CultureMech:009196	5	0	0	5	no	yes
bacterial/meiothermus_hypogaeus_medium.yaml	CultureMech:000920	1	0	1	0	no	no
bacterial/merds.yaml	CultureMech:000364	1	1	0	0	no	no
bacterial/mesanospirillum_x_18_medium.yaml	CultureMech:003333	1	0	1	0	no	no
bacterial/metallibacterium_medium.yaml	CultureMech:000942	5	0	4	1	no	yes
bacterial/methane_oxidizing_bacterium_medium.yaml	CultureMech:002875	1	0	1	0	no	no
bacterial/methanobacterum_medium_ix.yaml	CultureMech:002320	1	0	1	0	no	no
bacterial/methanol_utilizing_bacteria_medium_e.yaml	CultureMech:002446	1	0	0	1	no	no
bacterial/methylocapsa_acidophila_medium.yaml	CultureMech:002092	1	0	1	0	no	no
bacterial/methylocapsa_aurea_medium.yaml	CultureMech:000780	1	0	1	0	no	no
bacterial/methyloceanibacter_medium_nacl_danms.yaml	CultureMech:001092	1	0	1	0	no	no
bacterial/methylococcaceae_in20_medium.yaml	CultureMech:002417	1	0	1	0	no	no
bacterial/methylocystis_medium.yaml	CultureMech:000870	1	0	1	0	no	no
bacterial/methylocystis_medium_nls.yaml	CultureMech:001219	1	0	1	0	no	no
bacterial/methyloferula_stellata_medium.yaml	CultureMech:000779	1	0	1	0	no	no
bacterial/methylomicrobium_medium.yaml	CultureMech:000622	1	0	1	0	no	no
bacterial/methylomonas_medium_elbe.yaml	CultureMech:001135	3	0	1	2	no	no
bacterial/methylomonas_medium_surf.yaml	CultureMech:001216	1	0	1	0	no	no
bacterial/methylomonas_medium_wsc.yaml	CultureMech:001215	1	0	1	0	no	no
bacterial/methylonatrum_medium_replace_methanol_with_sodium_acetate.yaml	CultureMech:003888	1	0	0	1	no	no
bacterial/methylophaga_medium.yaml	CultureMech:000794	1	0	0	1	no	no
bacterial/methylophaga_medium_1403.yaml	CultureMech:009040	8	1	7	0	yes	no
bacterial/methylophaga_medium_1403_add_agar.yaml	CultureMech:009041	8	1	7	0	yes	no
bacterial/methylosarcina_quisquillarum_and_m_fibrata_medium.yaml	CultureMech:002090	1	0	1	0	no	no
bacterial/methylosinus_medium_mm2.yaml	CultureMech:000887	1	0	1	0	no	no
bacterial/methylosoma_difficile_medium.yaml	CultureMech:002904	3	0	1	2	no	no
bacterial/methylothermus_subterraneus_medium.yaml	CultureMech:002874	1	0	1	0	no	no
bacterial/methylotroph_medium.yaml	CultureMech:002387	2	0	2	0	no	no
bacterial/methylotrophic_arthrobacter_and_hyphomicrobium_medium_replace_dimethysulfone_with_fructose.yaml	CultureMech:006862	3	0	3	0	no	yes
bacterial/methylotrophic_arthrobacter_and_hyphomicrobium_medium_replace_dimethysulfone_with_glucose.yaml	CultureMech:006863	3	0	3	0	no	yes
bacterial/methylotrophic_arthrobacter_and_hyphomicrobium_medium_replace_dimethysulfone_with_methanol.yaml	CultureMech:006864	3	0	3	0	no	yes
bacterial/methylotrophic_arthrobacter_and_hyphomicrobium_medium_replace_dimethysulfone_with_methylamine.yaml	CultureMech:006865	3	0	3	0	no	yes
bacterial/methyloversatilis_thermotolerans_medium.yaml	CultureMech:000560	1	0	0	1	no	no
bacterial/methylovirgula_ligni_medium.yaml	CultureMech:000677	1	0	1	0	no	no
bacterial/mg_medium.yaml	CultureMech:005888	1	0	0	1	no	no
bacterial/mga_agar.yaml	CultureMech:002888	3	0	3	0	no	yes
bacterial/mgp_medium.yaml	CultureMech:002721	1	0	1	0	no	no
bacterial/mh_ocm_medium.yaml	CultureMech:009202	2	1	0	1	yes	no
bacterial/mhy.yaml	CultureMech:000366	2	0	0	2	no	no
bacterial/microaerobic_sulfur_oxidizing_bacteria_medium.yaml	CultureMech:008292	8	0	1	7	yes	no
bacterial/microaerophilic_thermus_medium.yaml	CultureMech:003243	1	0	1	0	no	no
bacterial/microbacter_medium.yaml	CultureMech:001048	2	0	1	1	no	no
bacterial/middle_brook_medium.yaml	CultureMech:008914	1	1	0	0	no	no
bacterial/middlebrook_7h10_with_oadc.yaml	CultureMech:008980	1	1	0	0	no	no
bacterial/middlebrook_7h11_agar.yaml	CultureMech:008525	2	0	0	2	yes	no
bacterial/middlebrook_7h11_agar_difco.yaml	CultureMech:008990	2	0	0	2	no	no
bacterial/middlebrook_7h9_broth_supplemented_with_oleic_acid_albumin_dextrose_catalase_difco.yaml	CultureMech:008985	3	1	0	2	no	no
bacterial/middlebrook_7h9_broth_w_adc_enrichment.yaml	CultureMech:008978	3	1	0	2	no	no
bacterial/min_e_methyloversatilis_medium.yaml	CultureMech:000799	4	0	3	1	no	yes
bacterial/mineral_medium.yaml	CultureMech:000423	1	0	1	0	no	no
bacterial/mineral_medium_jagmann.yaml	CultureMech:001199	1	0	1	0	no	no
bacterial/mineral_medium_m9_for_e_coli_jm_strains.yaml	CultureMech:001488	1	0	0	1	no	no
bacterial/mineral_medium_nagel_and_andreesen.yaml	CultureMech:001575	1	0	1	0	no	no
bacterial/mineral_medium_with_glucose.yaml	CultureMech:002288	1	0	1	0	no	no
bacterial/mineral_medium_with_nicotinic_acid.yaml	CultureMech:001557	1	0	0	1	no	no
bacterial/mineral_salts_medium_with_tce.yaml	CultureMech:002414	1	0	1	0	no	no
bacterial/mineral_sulfide_free_medium.yaml	CultureMech:009510	1	0	1	0	no	no
bacterial/minimal_mineral_medium.yaml	CultureMech:009388	2	0	2	0	yes	no
bacterial/minimal_nitrification_medium_nm.yaml	CultureMech:009629	2	0	2	0	no	no
bacterial/mj_medium.yaml	CultureMech:003521	1	0	0	1	no	no
bacterial/mj_medium_for_thiobacter_subterraneus.yaml	CultureMech:003522	1	0	0	1	no	no
bacterial/mjyp_medium.yaml	CultureMech:002634	1	0	1	0	no	no
bacterial/ml_15_medium.yaml	CultureMech:002228	1	0	1	0	no	no
bacterial/ml_medium.yaml	CultureMech:003210	1	0	1	0	no	no
bacterial/mlms_1_medium.yaml	CultureMech:006926	2	0	1	1	no	no
bacterial/mlms_1_medium_arsenate.yaml	CultureMech:002150	2	0	1	1	no	no
bacterial/mm_succinate_mms.yaml	CultureMech:009660	3	0	3	0	yes	no
bacterial/mm_w_medium_meoh.yaml	CultureMech:008704	9	0	1	8	yes	no
bacterial/mmb_medium.yaml	CultureMech:000879	1	0	1	0	no	no
bacterial/mmb_medium_atcc_2254.yaml	CultureMech:001205	1	0	1	0	no	no
bacterial/mmj_kt2_medium.yaml	CultureMech:002456	1	1	0	0	no	no
bacterial/mmyp_medium.yaml	CultureMech:008592	1	0	0	1	no	no
bacterial/mmypf_medium.yaml	CultureMech:008593	1	0	0	1	no	no
bacterial/mmys_i_medium.yaml	CultureMech:002555	1	0	1	0	no	no
bacterial/mmys_ii_medium.yaml	CultureMech:002556	1	0	1	0	no	no
bacterial/mmys_iii_medium.yaml	CultureMech:002561	1	0	1	0	no	no
bacterial/mn_ii_oxidation_medium.yaml	CultureMech:008735	1	0	1	0	no	no
bacterial/mn_marine_medium_atcc_medium_957_with_20_mcg_l_of_vitamin_b12.yaml	CultureMech:009056	2	0	2	0	no	no
bacterial/mnyp_medium.yaml	CultureMech:009700	2	0	2	0	yes	no
bacterial/mo_cfxi_medium.yaml	CultureMech:000839	2	0	1	1	no	no
bacterial/mo_sedi_medium.yaml	CultureMech:003201	1	0	1	0	no	no
bacterial/mo_xq_medium.yaml	CultureMech:002251	1	0	1	0	no	no
bacterial/mo_ys_medium.yaml	CultureMech:002252	1	0	1	0	no	no
bacterial/modified_1161_medium.yaml	CultureMech:008694	18	1	10	7	yes	no
bacterial/modified_1_10_pygv_medium.yaml	CultureMech:003193	6	0	0	6	no	yes
bacterial/modified_1_5_sws_casein_starch_medium.yaml	CultureMech:008383	6	0	6	0	yes	no
bacterial/modified_289_medium.yaml	CultureMech:008578	10	0	4	6	yes	no
bacterial/modified_337a_agar_medium.yaml	CultureMech:009024	5	1	3	1	yes	no
bacterial/modified_337a_broth_medium.yaml	CultureMech:009023	5	1	3	1	yes	no
bacterial/modified_9k_medium.yaml	CultureMech:009678	5	0	5	0	yes	no
bacterial/modified_allen_medium.yaml	CultureMech:008560	2	0	2	0	yes	no
bacterial/modified_am5_medium.yaml	CultureMech:003007	1	0	1	0	yes	no
bacterial/modified_am5_medium_2.yaml	CultureMech:002477	1	0	1	0	yes	no
bacterial/modified_as_168_medium.yaml	CultureMech:008736	1	0	1	0	no	no
bacterial/modified_as_168_medium2.yaml	CultureMech:008739	1	0	1	0	no	no
bacterial/modified_ba_medium.yaml	CultureMech:006267	1	0	0	1	no	no
bacterial/modified_ba_medium_replace_cellobiose_with_cellulose.yaml	CultureMech:006266	1	0	0	1	no	no
bacterial/modified_baar_s_medium_for_sulfate_reducers.yaml	CultureMech:009183	1	1	0	0	no	no
bacterial/modified_basal_medium.yaml	CultureMech:009619	7	0	0	7	yes	no
bacterial/modified_biebl_and_pennings_medium.yaml	CultureMech:008745	15	0	8	7	yes	no
bacterial/modified_bn_medium_for_m08dhb.yaml	CultureMech:009526	1	0	0	1	yes	no
bacterial/modified_brocks_basal_salts_yeast_extract_medeium_b.yaml	CultureMech:009987	3	0	3	0	no	yes
bacterial/modified_brocks_basal_salts_yeast_extract_medium.yaml	CultureMech:009937	3	0	3	0	no	yes
bacterial/modified_brocks_basal_salts_yeast_extract_tryptone_medium.yaml	CultureMech:010261	3	0	3	0	no	yes
bacterial/modified_caldicellulosiruptor_medium.yaml	CultureMech:003316	1	0	1	0	no	no
bacterial/modified_cm3_medium.yaml	CultureMech:003170	2	0	1	1	no	no
bacterial/modified_cm_ye_medium_a.yaml	CultureMech:002332	1	0	1	0	no	no
bacterial/modified_cm_ye_medium_b.yaml	CultureMech:002078	1	0	1	0	no	no
bacterial/modified_csy_3_agar.yaml	CultureMech:003147	1	1	0	0	no	no
bacterial/modified_d58_medium.yaml	CultureMech:008587	3	1	1	1	yes	no
bacterial/modified_dechloromonas_medium.yaml	CultureMech:006877	1	0	1	0	no	no
bacterial/modified_desulfoglaeba_medium.yaml	CultureMech:003661	5	0	4	1	no	yes
bacterial/modified_desulfovibrio_medium.yaml	CultureMech:002489	1	0	1	0	no	no
bacterial/modified_eichler_and_pfennigs_medium.yaml	CultureMech:002848	2	0	1	1	no	no
bacterial/modified_gs_2_medium.yaml	CultureMech:009628	5	0	0	5	yes	no
bacterial/modified_m13_verrucomicrobium_medium.yaml	CultureMech:001082	1	0	1	0	no	no
bacterial/modified_m17_medium.yaml	CultureMech:008804	1	1	0	0	no	no
bacterial/modified_m1_agar.yaml	CultureMech:003143	1	1	0	0	no	no
bacterial/modified_m30_medium.yaml	CultureMech:008747	13	1	3	9	yes	no
bacterial/modified_m9_medium.yaml	CultureMech:009533	1	0	1	0	yes	no
bacterial/modified_marine_medium_for_desulfovibrio_tokyoensis.yaml	CultureMech:009893	1	1	0	0	yes	no
bacterial/modified_marine_medium_for_dethiosulfobacter.yaml	CultureMech:009892	1	1	0	0	yes	no
bacterial/modified_mb_medium.yaml	CultureMech:008203	1	0	0	1	yes	no
bacterial/modified_mb_w_medium.yaml	CultureMech:008726	9	0	1	8	yes	no
bacterial/modified_medium_for_marine_spirochaetes.yaml	CultureMech:007786	1	0	0	1	yes	no
bacterial/modified_mg_basal_medium.yaml	CultureMech:009129	18	0	9	9	yes	no
bacterial/modified_mj_nutrient_medium.yaml	CultureMech:009626	5	0	1	4	no	yes
bacterial/modified_mjys_medium.yaml	CultureMech:008571	9	0	1	8	yes	no
bacterial/modified_mmjy_medium.yaml	CultureMech:008216	9	0	1	8	yes	no
bacterial/modified_mpob_medium.yaml	CultureMech:003340	1	0	1	0	no	no
bacterial/modified_mv_medium.yaml	CultureMech:002476	2	0	1	1	no	no
bacterial/modified_nbrc_medium_802_ph_10_0_6_m_total_na.yaml	CultureMech:008430	1	1	0	0	yes	no
bacterial/modified_nitrate_mineral_salts_medium_2.yaml	CultureMech:002389	1	0	1	0	no	no
bacterial/modified_nitrosospaera_medium.yaml	CultureMech:001113	1	1	0	0	no	no
bacterial/modified_norkans_c_mnc.yaml	CultureMech:008440	1	0	0	1	yes	no
bacterial/modified_nos_medium.yaml	CultureMech:002503	2	0	0	2	no	no
bacterial/modified_nutrient_agar.yaml	CultureMech:000775	1	1	0	0	no	no
bacterial/modified_p7_medium.yaml	CultureMech:009620	5	0	0	5	yes	no
bacterial/modified_pfennigs_medium_ii_green_sulfur_bacteria.yaml	CultureMech:008358	10	1	8	1	yes	no
bacterial/modified_provasoli.yaml	CultureMech:000367	4	0	1	3	no	yes
bacterial/modified_reinforced_clostridial.yaml	CultureMech:009140	2	1	0	1	no	no
bacterial/modified_schaedler_medium_infect_immun_29_768_777_1980_without_glucose_but_supplemented_with_0_1_m_sodium_lactate.yaml	CultureMech:009251	2	1	0	1	no	no
bacterial/modified_sob_medium.yaml	CultureMech:002770	2	0	2	0	no	no
bacterial/modified_sphaerotilus_natans_ssp_sulfidivorans_medium.yaml	CultureMech:001148	5	0	1	4	no	yes
bacterial/modified_synthrophomonas_medium.yaml	CultureMech:002887	1	0	1	0	no	no
bacterial/modified_syntrophomonas_medium_for_ol4.yaml	CultureMech:002889	1	0	1	0	no	no
bacterial/modified_tc_medium.yaml	CultureMech:008572	11	0	1	10	yes	no
bacterial/modified_thermus_162_medium.yaml	CultureMech:001761	1	0	1	0	no	no
bacterial/modified_thermus_medium_878.yaml	CultureMech:001137	1	0	1	0	no	no
bacterial/modified_thermus_medium_with_3_nacl.yaml	CultureMech:002970	1	0	1	0	no	no
bacterial/modified_thermus_sv_medium.yaml	CultureMech:002971	1	0	1	0	no	no
bacterial/modified_thiocapsa_medium.yaml	CultureMech:003044	3	0	1	2	no	no
bacterial/modified_vwm_medium.yaml	CultureMech:005679	5	0	1	4	no	yes
bacterial/modified_vy_2_agar.yaml	CultureMech:008725	7	0	6	1	yes	no
bacterial/modified_w_medium.yaml	CultureMech:008507	3	0	3	0	yes	no
bacterial/modified_ws_medium.yaml	CultureMech:008371	9	0	1	8	yes	no
bacterial/modified_ws_medium_2.yaml	CultureMech:008703	9	0	1	8	yes	no
bacterial/modified_ycfa_medium.yaml	CultureMech:009545	8	1	0	7	yes	no
bacterial/mollicutes_mz_xq_medium.yaml	CultureMech:002333	1	0	1	0	yes	no
bacterial/moorella_glycerini_medium.yaml	CultureMech:001936	2	0	1	1	no	no
bacterial/moorella_thermoacetica_medium.yaml	CultureMech:000820	1	0	0	1	no	no
bacterial/mp_medium.yaml	CultureMech:000842	1	0	1	0	no	no
bacterial/mpa_medium.yaml	CultureMech:008285	15	0	5	10	yes	no
bacterial/mpob_medium.yaml	CultureMech:003337	1	0	1	0	no	no
bacterial/mq116_medium.yaml	CultureMech:002454	1	0	1	0	no	no
bacterial/mrs_broth.yaml	CultureMech:008826	1	0	1	0	no	no
bacterial/mrs_de_man_rogosa_sharpe_medium.yaml	CultureMech:009477	1	0	1	0	no	no
bacterial/ms_ocm_base_medium.yaml	CultureMech:009199	2	1	0	1	yes	no
bacterial/ms_sulf_medium.yaml	CultureMech:002479	4	0	4	0	no	yes
bacterial/msf_medium.yaml	CultureMech:009685	5	0	4	1	no	yes
bacterial/msl86_medium.yaml	CultureMech:003650	2	0	1	1	no	no
bacterial/mst_medium_autotrophic_growth.yaml	CultureMech:000878	1	0	1	0	no	no
bacterial/msys_medium.yaml	CultureMech:000862	1	0	1	0	no	no
bacterial/mtc10_medium.yaml	CultureMech:008426	5	0	5	0	yes	no
bacterial/mv_lactate_medium.yaml	CultureMech:002745	1	0	1	0	no	no
bacterial/mv_medium.yaml	CultureMech:006181	2	0	1	1	no	no
bacterial/mv_pyruvate_medium.yaml	CultureMech:002890	1	0	1	0	no	no
bacterial/mvl_medium.yaml	CultureMech:003083	1	0	0	1	no	no
bacterial/mw.yaml	CultureMech:000369	1	1	0	0	no	no
bacterial/mwc.yaml	CultureMech:000370	6	0	3	3	no	yes
bacterial/mwmm_medium.yaml	CultureMech:008719	17	0	10	7	yes	no
bacterial/mycoplasma_acholeplasma_medium_cip_medium_88.yaml	CultureMech:000513	1	0	0	1	no	no
bacterial/mycoplasma_medium_cip_medium_89.yaml	CultureMech:000514	1	0	0	1	no	no
bacterial/mycoplasma_medium_with_sucrose.yaml	CultureMech:008194	1	0	0	1	yes	no
bacterial/mys_medium.yaml	CultureMech:002563	1	0	1	0	no	no
bacterial/n75s_nsw.yaml	CultureMech:000374	1	1	0	0	no	no
bacterial/nas_02_medium.yaml	CultureMech:002335	3	0	3	0	no	yes
bacterial/nasu_iron_reducer_medium.yaml	CultureMech:002199	3	0	3	0	no	yes
bacterial/natranaerobius_medium.yaml	CultureMech:000526	2	0	1	1	no	no
bacterial/natranaerofaba_medium.yaml	CultureMech:001077	1	0	1	0	no	no
bacterial/natroniella_medium.yaml	CultureMech:001920	2	0	1	1	no	no
bacterial/natroniella_medium_for_anb_phb2.yaml	CultureMech:002451	1	0	1	0	no	no
bacterial/natroniella_medium_replace_trace_element_solution_sl_4_medium_457_with_trace_element_solution_sl_11_medium_784.yaml	CultureMech:006483	2	0	1	1	no	no
bacterial/natroniella_sulfidigena_medium.yaml	CultureMech:000759	2	0	1	1	no	no
bacterial/natronoarchaea_medium_with_glucosamine.yaml	CultureMech:002376	1	0	1	0	no	no
bacterial/natronoarchaea_medium_with_starch.yaml	CultureMech:002375	1	0	1	0	no	no
bacterial/natronobacteria_medium.yaml	CultureMech:001473	1	0	1	0	no	no
bacterial/natronospira_proteinivora_medium.yaml	CultureMech:002312	1	0	1	0	no	no
bacterial/nautilia_medium.yaml	CultureMech:002124	1	0	0	1	no	no
bacterial/nautilia_profundicola_medium.yaml	CultureMech:000546	2	0	1	1	no	no
bacterial/nav_medium.yaml	CultureMech:008612	4	0	0	4	yes	no
bacterial/ne23_3_medium.yaml	CultureMech:002854	1	0	1	0	no	no
bacterial/nh_jn4_medium.yaml	CultureMech:003298	1	0	1	0	no	no
bacterial/nicotinic_acid_medium.yaml	CultureMech:001007	1	0	0	1	no	no
bacterial/nitrate_mineral_salts_medium_nms_0_01_tryptone.yaml	CultureMech:008446	7	0	7	0	yes	no
bacterial/nitriliruptor_alkaliphilus_medium.yaml	CultureMech:000538	1	0	1	0	no	no
bacterial/nitrilotriacetate_medium.yaml	CultureMech:001581	1	0	1	0	no	no
bacterial/nitrincola_medium.yaml	CultureMech:000616	1	0	1	0	no	no
bacterial/nitrobacter_medium_203.yaml	CultureMech:008824	1	1	0	0	yes	no
bacterial/nitrogen_free_sm_medium.yaml	CultureMech:008840	1	0	0	1	no	no
bacterial/nitrogen_limited_mineral_salts_medium.yaml	CultureMech:009587	1	0	1	0	yes	no
bacterial/nitrosolobus_medium.yaml	CultureMech:008956	6	0	4	2	yes	no
bacterial/nitrosomonas_mobilis_medium.yaml	CultureMech:008714	1	0	1	0	yes	no
bacterial/nitrospira_inopinata_medium.yaml	CultureMech:001172	1	0	1	0	no	no
bacterial/nm_57_medium.yaml	CultureMech:003220	1	0	1	0	no	no
bacterial/nms_modified_for_gela4.yaml	CultureMech:008567	4	0	4	0	yes	no
bacterial/nrmbb1_medium.yaml	CultureMech:002452	1	0	1	0	yes	no
bacterial/nsw.yaml	CultureMech:000384	1	1	0	0	no	no
bacterial/nsy_medium_for_polynucleobacter.yaml	CultureMech:000609	1	1	0	0	no	no
bacterial/nutrient_agar_10mg_l_mnso4.yaml	CultureMech:008850	2	1	1	0	no	no
bacterial/nutrient_agar_for_sporulation.yaml	CultureMech:008929	2	1	1	0	no	no
bacterial/nutrient_broth_5_nacl_ph_10_0.yaml	CultureMech:008325	1	1	0	0	yes	no
bacterial/oat_flakes_agar_with_yeast_extract.yaml	CultureMech:004620	3	0	3	0	no	yes
bacterial/oatmeal_agar_isp_3.yaml	CultureMech:002860	3	0	3	0	no	yes
bacterial/oatmeal_agar_ph_6_0.yaml	CultureMech:003034	3	0	3	0	no	yes
bacterial/obsidian_pool_fermentor_opf_medium_modified_from_m_b_allen_1959.yaml	CultureMech:009237	8	1	7	0	yes	no
bacterial/oceanirhabdus_medium.yaml	CultureMech:000987	1	0	1	0	no	no
bacterial/oceanithermus_medium.yaml	CultureMech:000587	1	0	1	0	no	no
bacterial/oceanotoga_medium.yaml	CultureMech:000604	1	0	0	1	no	no
bacterial/omiz_pat_medium_modified.yaml	CultureMech:000962	6	0	3	3	no	yes
bacterial/opitutus_medium.yaml	CultureMech:001393	2	0	1	1	no	no
bacterial/opitutus_terrae_medium.yaml	CultureMech:003095	1	0	1	0	no	no
bacterial/orenia_chitinitropha.yaml	CultureMech:001045	2	0	1	1	no	no
bacterial/orenia_metallireducens_medium.yaml	CultureMech:002316	1	0	1	0	no	no
bacterial/oscillibacter_gh_medium.yaml	CultureMech:003280	1	0	1	0	no	no
bacterial/osu967.yaml	CultureMech:009212	6	0	5	1	yes	no
bacterial/ottow_medium.yaml	CultureMech:001596	1	1	0	0	no	no
bacterial/oxalobacter_medium.yaml	CultureMech:001524	1	0	1	0	no	no
bacterial/oxalophagus_medium.yaml	CultureMech:001290	2	0	1	1	no	no
bacterial/pa_medium.yaml	CultureMech:003314	1	0	1	0	no	no
bacterial/paludisphaera_borealis_medium_px4.yaml	CultureMech:001034	1	0	1	0	no	no
bacterial/papillibacter_medium.yaml	CultureMech:002030	1	0	1	0	no	no
bacterial/paracoccus_bogoriensis_medium.yaml	CultureMech:000782	1	0	1	0	no	no
bacterial/paracoccus_kocurii_medium.yaml	CultureMech:001907	1	0	1	0	no	no
bacterial/paradesulfitobacterium_medium.yaml	CultureMech:000702	1	0	0	1	no	no
bacterial/paramaledivibacter_medium.yaml	CultureMech:002168	1	0	0	1	no	no
bacterial/payne_seghal_gibbons_medium_add_agar.yaml	CultureMech:008966	2	1	1	0	no	no
bacterial/pb90_1_medium.yaml	CultureMech:004771	5	0	1	4	no	yes
bacterial/pcr_s11_medium.yaml	CultureMech:008849	2	1	1	0	yes	no
bacterial/pe_medium.yaml	CultureMech:000966	6	0	1	5	no	yes
bacterial/pe_medium_ph_6_8.yaml	CultureMech:002695	6	0	1	5	no	yes
bacterial/pe_medium_ph_7_2.yaml	CultureMech:002696	6	0	1	5	no	yes
bacterial/peat_medium_1_for_methanoregura_boonei.yaml	CultureMech:003270	3	0	2	1	no	no
bacterial/peat_medium_with_sucrose.yaml	CultureMech:002266	2	0	2	0	no	no
bacterial/pelobacter_acidigallici_medium.yaml	CultureMech:001419	2	0	1	1	no	no
bacterial/pelobacter_carbinolicus_medium.yaml	CultureMech:004759	2	0	1	1	no	no
bacterial/pelobacter_fuf_medium.yaml	CultureMech:001417	2	0	1	1	no	no
bacterial/pelobacter_propionicus_medium.yaml	CultureMech:004762	5	0	1	4	no	yes
bacterial/pelobacter_propionicus_medium_freshwater.yaml	CultureMech:001394	1	0	1	0	no	no
bacterial/pelobacter_venetianus_medium.yaml	CultureMech:008360	9	0	8	1	yes	no
bacterial/pelotomaculum_medium.yaml	CultureMech:002140	2	0	1	1	no	no
bacterial/pelotomaculum_medium_for_dsm_17711.yaml	CultureMech:009211	11	1	1	9	yes	no
bacterial/peptoclostridium_medium_betaine.yaml	CultureMech:001615	2	0	1	1	no	no
bacterial/peptone_czapeks_agar.yaml	CultureMech:009965	1	0	1	0	no	no
bacterial/pes_provasoli_s_enriched_seawater_medium_7_psu_at_25_c.yaml	CultureMech:001163	8	0	5	3	no	yes
bacterial/petc_medium.yaml	CultureMech:009267	15	1	6	8	yes	no
bacterial/petc_mes_medium.yaml	CultureMech:009617	8	0	1	7	yes	no
bacterial/petrothermobacter_medium.yaml	CultureMech:008708	18	0	10	8	yes	no
bacterial/petrotoga_halophila_medium.yaml	CultureMech:000279	1	0	0	1	no	no
bacterial/petrotoga_medium.yaml	CultureMech:001856	1	0	0	1	no	no
bacterial/pfennig_s_medium.yaml	CultureMech:008863	6	1	4	1	yes	no
bacterial/pfennigs_medium.yaml	CultureMech:003027	1	0	1	0	no	no
bacterial/pfennigs_medium_i.yaml	CultureMech:001387	2	0	1	1	no	no
bacterial/pfennigs_medium_i_with_salt.yaml	CultureMech:001548	1	0	0	1	no	no
bacterial/pfennigs_medium_i_with_yeast_extract.yaml	CultureMech:005189	1	0	0	1	no	no
bacterial/pfennigs_medium_ii.yaml	CultureMech:001397	3	0	2	1	no	no
bacterial/pfennigs_medium_ii_modified_1988_for_green_sulfur_bacteria.yaml	CultureMech:004775	3	0	2	1	no	no
bacterial/pfennigs_medium_ii_with_salt.yaml	CultureMech:001518	2	0	1	1	no	no
bacterial/pfennigs_medium_iii.yaml	CultureMech:001229	1	0	1	0	no	no
bacterial/phaeovibrio_sulphidiphilus_medium.yaml	CultureMech:000817	1	0	0	1	no	no
bacterial/phb_pyruvate_medium.yaml	CultureMech:001286	2	0	1	1	no	no
bacterial/phe91_medium.yaml	CultureMech:002884	2	0	1	1	no	no
bacterial/phosphate_buffered_basal_medium_pbbm.yaml	CultureMech:009311	11	0	0	11	yes	no
bacterial/pirellula_medium_m30.yaml	CultureMech:001022	1	0	1	0	no	no
bacterial/pirellula_medium_m30_py.yaml	CultureMech:000906	1	0	1	0	no	no
bacterial/pirellula_medium_m30a.yaml	CultureMech:000907	1	0	1	0	no	no
bacterial/pirellula_medium_m31.yaml	CultureMech:000903	1	0	1	0	no	no
bacterial/pirellula_medium_m31_py.yaml	CultureMech:000900	1	0	1	0	no	no
bacterial/pirellula_medium_m31py.yaml	CultureMech:000898	1	0	1	0	no	no
bacterial/pirellula_medium_m33a.yaml	CultureMech:000905	1	0	1	0	no	no
bacterial/planctomyces_medium.yaml	CultureMech:001133	2	1	1	0	no	no
bacterial/planctomyces_medium_with_double_concentrated_artifical_sea_water.yaml	CultureMech:001037	2	1	1	0	no	no
bacterial/planctomyces_pyreformis_medium.yaml	CultureMech:001009	1	0	1	0	no	no
bacterial/planctomycetales_bacterium_medium.yaml	CultureMech:000822	2	0	1	1	no	no
bacterial/pleomorphochaeta_medium.yaml	CultureMech:000733	2	0	1	1	no	no
bacterial/pm_medium.yaml	CultureMech:000591	1	0	1	0	no	no
bacterial/polyangium_medium.yaml	CultureMech:001327	1	1	0	0	no	no
bacterial/polymorhobacter_medium.yaml	CultureMech:001101	1	1	0	0	no	no
bacterial/pontiella_medium.yaml	CultureMech:001209	1	0	0	1	no	no
bacterial/porphyrobacter_medium.yaml	CultureMech:000876	2	0	0	2	no	no
bacterial/porphyrobacter_tepidarius_medium.yaml	CultureMech:001931	6	0	1	5	no	yes
bacterial/ppll_medium.yaml	CultureMech:002470	4	0	1	3	no	yes
bacterial/pplo_glucose_broth.yaml	CultureMech:002522	1	0	0	1	no	no
bacterial/ppm.yaml	CultureMech:008662	1	0	1	0	yes	no
bacterial/prolixibacter_medium_gysw.yaml	CultureMech:000941	1	0	1	0	no	no
bacterial/propionigenium_modestum_medium.yaml	CultureMech:004756	1	0	1	0	no	no
bacterial/propionispora_medium.yaml	CultureMech:003186	1	0	1	0	no	no
bacterial/propionivibrio_acetivibrio_formivibrio_medium.yaml	CultureMech:005697	2	0	1	1	no	no
bacterial/proteiniphilus_5mh_medium.yaml	CultureMech:003218	1	0	1	0	no	no
bacterial/proteinivorax_hydrogeniformans_medium.yaml	CultureMech:000976	5	0	1	4	no	yes
bacterial/proteinivorax_medium.yaml	CultureMech:000975	1	0	1	0	no	no
bacterial/pseudoalteromonas_spiralis_medium.yaml	CultureMech:000504	2	0	0	2	no	no
bacterial/pseudobutyrivibrio_medium.yaml	CultureMech:001851	1	0	0	1	no	no
bacterial/pseudoclostridium_medium.yaml	CultureMech:001630	2	0	1	1	no	no
bacterial/pseudodesulfovibrio_medium.yaml	CultureMech:001623	2	0	1	1	no	no
bacterial/pseudomonas_chlorotidismutans_medium.yaml	CultureMech:002120	1	0	1	0	no	no
bacterial/pseudomonas_halophila_medium.yaml	CultureMech:005583	1	0	1	0	no	no
bacterial/pseudothermotoga_subterranea_medium.yaml	CultureMech:001824	1	0	0	1	no	no
bacterial/psychrobacter_medium.yaml	CultureMech:000868	1	0	1	0	no	no
bacterial/py4s_medium.yaml	CultureMech:009567	1	0	0	1	no	no
bacterial/py_glucose_atcc_medium_1524_with_10_g_glucose_per_liter_of_medium.yaml	CultureMech:009274	1	1	0	0	yes	no
bacterial/pyem_medium.yaml	CultureMech:000595	1	0	0	1	no	no
bacterial/pyg_medium.yaml	CultureMech:008652	2	1	0	1	yes	no
bacterial/pyg_medium_k.yaml	CultureMech:009528	1	0	0	1	yes	no
bacterial/pygv_marine_medium_a.yaml	CultureMech:009516	9	0	3	6	yes	no
bacterial/pyruvate_as_an_alternative_substrate_for_dsm_6008_dsm_14886_and_dsm_16521.yaml	CultureMech:005700	1	0	0	1	no	no
bacterial/pys_medium.yaml	CultureMech:000553	1	1	0	0	no	no
bacterial/pyvg_medium.yaml	CultureMech:002187	1	0	0	1	no	no
bacterial/r75s_nsw.yaml	CultureMech:000402	1	1	0	0	no	no
bacterial/r8_medium.yaml	CultureMech:006787	2	0	1	1	no	no
bacterial/r_8_a_h_medium.yaml	CultureMech:001790	2	0	0	2	no	no
bacterial/raeh_medium.yaml	CultureMech:002480	2	0	2	0	no	no
bacterial/rb_1_rb_9_medium.yaml	CultureMech:006009	1	0	0	1	no	no
bacterial/rb_1_rb_9_medium_replace_glucose_with_starch.yaml	CultureMech:006008	1	0	0	1	no	no
bacterial/reactivation_with_liquid_medium_1_for_sporulation.yaml	CultureMech:008944	2	1	1	0	no	no
bacterial/reactivation_with_liquid_medium_464_plate_count_agar.yaml	CultureMech:008897	1	1	0	0	no	no
bacterial/reinforced_clostridial_medium_oxoid_cm149_with_sodium_lactate_60_solution_at_a_concentration_of_1_5.yaml	CultureMech:009180	1	1	0	0	yes	no
bacterial/rgca_medium.yaml	CultureMech:009192	1	1	0	0	yes	no
bacterial/rhamnose_salt_medium.yaml	CultureMech:008068	1	0	1	0	no	no
bacterial/rhodobaca_barguzinensis_medium.yaml	CultureMech:000685	1	0	0	1	no	no
bacterial/rhodobacter_marinus_medium_nkpb.yaml	CultureMech:001141	2	0	2	0	no	no
bacterial/rhodobacter_sphaeroides_medium.yaml	CultureMech:002928	1	0	0	1	no	no
bacterial/rhodobacter_thiocapsa_medium.yaml	CultureMech:000640	1	0	0	1	no	no
bacterial/rhodobacter_veldkampii_medium.yaml	CultureMech:002025	5	0	0	5	no	yes
bacterial/rhodobium_medium.yaml	CultureMech:001879	1	0	1	0	no	no
bacterial/rhodopseudomonas_sulfoviridis_medium.yaml	CultureMech:000531	1	0	0	1	no	no
bacterial/rhodospirillaceae_medium_modified.yaml	CultureMech:001375	1	0	0	1	no	no
bacterial/rhodothermus_bifrosti_medium.yaml	CultureMech:001218	1	0	1	0	no	no
bacterial/rhodothermus_medium.yaml	CultureMech:001191	1	0	1	0	no	no
bacterial/rhodovulum_imhoffii_medium.yaml	CultureMech:002871	1	0	0	1	no	no
bacterial/rhodovulum_iodosum_and_r_robiginosum_medium.yaml	CultureMech:002101	1	0	1	0	no	no
bacterial/rhodovulum_kholense_medium.yaml	CultureMech:000572	1	0	1	0	no	no
bacterial/rhodovulum_marinum_medium.yaml	CultureMech:000681	2	0	1	1	no	no
bacterial/rhodovulum_marinum_medium_replace_sorbitol_with_na_pyruvate.yaml	CultureMech:003975	2	0	1	1	no	no
bacterial/rhodovulum_strictum_medium.yaml	CultureMech:001880	1	0	1	0	no	no
bacterial/rhodovulum_visakhum_medium.yaml	CultureMech:000565	2	0	1	1	no	no
bacterial/rich_organic_medium.yaml	CultureMech:000831	2	0	0	2	no	no
bacterial/rm_medium.yaml	CultureMech:009036	1	1	0	0	no	no
bacterial/roseibaca_calidilacus_medium.yaml	CultureMech:002310	2	0	2	0	no	no
bacterial/roseicyclus_medium.yaml	CultureMech:000625	2	0	0	2	no	no
bacterial/roseinatronobacter_medium.yaml	CultureMech:002100	1	0	1	0	no	no
bacterial/roseinatronobacter_monicus_medium.yaml	CultureMech:000676	1	0	1	0	no	no
bacterial/roseococcus_suduntuyensis_medium.yaml	CultureMech:000675	1	0	1	0	no	no
bacterial/rpl_medium.yaml	CultureMech:008717	1	0	1	0	yes	no
bacterial/rsulfac1_medium.yaml	CultureMech:003189	1	0	1	0	no	no
bacterial/rt2_medium.yaml	CultureMech:002789	1	0	0	1	yes	no
bacterial/rubitelea_medium.yaml	CultureMech:000619	1	1	0	0	no	no
bacterial/rubritalea_medium.yaml	CultureMech:000573	1	0	1	0	no	no
bacterial/rugosibacter_medium.yaml	CultureMech:001103	2	0	1	1	no	no
bacterial/rumen_fluid_glucose_cellobiose_agar.yaml	CultureMech:002494	1	0	0	1	no	no
bacterial/ruminiclostridium_cellobioparum_medium.yaml	CultureMech:001671	1	0	1	0	no	no
bacterial/ruminoclostridium_cellulolyticum_cm3_medium.yaml	CultureMech:001653	1	0	1	0	no	no
bacterial/ruminococcus_albus_medium_maltose_1g_l_starch_1g_l.yaml	CultureMech:009193	2	1	0	1	yes	no
bacterial/ruminococcus_pasteurii_medium.yaml	CultureMech:001400	2	0	1	1	no	no
bacterial/rv5_medium.yaml	CultureMech:000585	1	0	1	0	no	no
bacterial/s88_vitamins.yaml	CultureMech:000310	1	0	0	1	no	no
bacterial/s_heliorestis_medium.yaml	CultureMech:000841	1	0	1	0	no	no
bacterial/s_medium.yaml	CultureMech:009071	14	0	9	5	yes	no
bacterial/sa_medium.yaml	CultureMech:008107	9	0	5	4	yes	no
bacterial/salimesophilobacter_medium.yaml	CultureMech:000943	1	0	1	0	no	no
bacterial/salinarimonas_medium.yaml	CultureMech:000626	2	0	0	2	no	no
bacterial/saline_basal_medium.yaml	CultureMech:009654	1	0	1	0	yes	no
bacterial/salinispira_l21_ls_medium.yaml	CultureMech:000997	1	0	0	1	no	no
bacterial/salinivibrio_sharmensis_medium.yaml	CultureMech:000927	2	0	2	0	no	no
bacterial/salinivirga_l21_hs_medium.yaml	CultureMech:001004	1	0	0	1	no	no
bacterial/saltwater_iron_oxidizing_bacteria_medium_ii.yaml	CultureMech:002248	1	0	1	0	no	no
bacterial/saltwater_medium_with_acetate_and_ferric_citrate.yaml	CultureMech:002812	5	0	1	4	no	yes
bacterial/saltwater_medium_with_hydrogen.yaml	CultureMech:003114	1	0	1	0	yes	no
bacterial/saltwater_medium_with_lactate.yaml	CultureMech:002811	5	0	1	4	no	yes
bacterial/sbbm.yaml	CultureMech:000403	4	0	2	2	no	no
bacterial/schlesneria_paludicola_medium.yaml	CultureMech:000703	1	0	1	0	no	no
bacterial/sea_salts_tyg_medium.yaml	CultureMech:003306	4	0	4	0	no	yes
bacterial/sea_salts_yeast_extract_glucose_medium.yaml	CultureMech:007654	1	0	0	1	no	no
bacterial/sea_salts_ytg_medium.yaml	CultureMech:002466	1	0	1	0	no	no
bacterial/sea_water_yeast_peptone_medium.yaml	CultureMech:006887	1	1	0	0	no	no
bacterial/seawater_medium.yaml	CultureMech:001225	1	1	0	0	no	no
bacterial/seawater_pyruvate_thiosulfate_medium.yaml	CultureMech:002276	1	0	1	0	no	no
bacterial/sedimentibacter_acidaminivorans_medium.yaml	CultureMech:001097	2	0	1	1	no	no
bacterial/sedimentibacter_medium.yaml	CultureMech:001780	1	0	0	1	no	no
bacterial/sedimentisphaera_l21_hs_medium.yaml	CultureMech:001003	1	0	0	1	no	no
bacterial/selenate_reducer_medium.yaml	CultureMech:000472	2	0	2	0	no	no
bacterial/semi_solid_autotrophic_growth_medium_for_magnetococcus_marinus.yaml	CultureMech:003263	2	0	1	1	no	no
bacterial/serpentinicella_medium.yaml	CultureMech:002063	2	0	1	1	no	no
bacterial/serpentinomonas_minimal_medium.yaml	CultureMech:001118	1	1	0	0	no	no
bacterial/sf1_medium.yaml	CultureMech:005061	1	0	1	0	no	no
bacterial/sh_seawater_medium.yaml	CultureMech:000746	3	1	2	0	no	no
bacterial/si_medium.yaml	CultureMech:002642	1	0	1	0	no	no
bacterial/singulisphaera_medium.yaml	CultureMech:000582	1	0	1	0	no	no
bacterial/sm_medium.yaml	CultureMech:003248	5	0	5	0	no	yes
bacterial/sme_medium.yaml	CultureMech:000594	1	1	0	0	no	no
bacterial/soil_extract_medium.yaml	CultureMech:000762	1	1	0	0	no	no
bacterial/solidesulfovibrio_marrakechensis_medium.yaml	CultureMech:000652	2	0	1	1	no	no
bacterial/solidesulfovibrio_medium.yaml	CultureMech:002059	2	0	1	1	no	no
bacterial/sot_medium.yaml	CultureMech:009080	7	0	7	0	yes	no
bacterial/sp.yaml	CultureMech:000413	1	0	0	1	no	no
bacterial/sp_4_medium.yaml	CultureMech:009489	1	0	0	1	yes	no
bacterial/sphaerotilus_leptothrix_medium.yaml	CultureMech:001947	1	1	0	0	no	no
bacterial/sphaerotilus_natans_subspec_sulfidivorans_medium.yaml	CultureMech:001147	5	0	1	4	no	yes
bacterial/spirillum_d427_medium.yaml	CultureMech:006650	5	0	1	4	no	yes
bacterial/spirillum_gracile_medium.yaml	CultureMech:001792	1	1	0	0	no	no
bacterial/spirochaeta_caldaria_medium.yaml	CultureMech:003015	1	0	1	0	no	no
bacterial/spirochaeta_californiensis_medium.yaml	CultureMech:002804	2	0	1	1	no	no
bacterial/spirochaeta_medium.yaml	CultureMech:003198	1	0	1	0	no	no
bacterial/spirochaeta_ri_19_b1_medium.yaml	CultureMech:001643	2	0	1	1	no	no
bacterial/spirochaeta_sp_medium.yaml	CultureMech:000723	1	0	0	1	no	no
bacterial/spirochaeta_thermophila_medium.yaml	CultureMech:000268	2	0	1	1	no	no
bacterial/spirochete_thermophile_medium.yaml	CultureMech:005711	2	0	1	1	no	no
bacterial/spirulina_ogawa_terui_sot_medium.yaml	CultureMech:008795	4	0	4	0	no	yes
bacterial/sporobacter_medium.yaml	CultureMech:001849	2	0	1	1	no	no
bacterial/sporohalobacter_lortetii_medium.yaml	CultureMech:001420	1	0	0	1	no	no
bacterial/sporolituus_medium.yaml	CultureMech:000695	1	0	1	0	no	no
bacterial/sporolituus_thermophilus_medium.yaml	CultureMech:000303	1	0	1	0	no	no
bacterial/sporomusa_acidovorans_medium.yaml	CultureMech:001412	2	0	1	1	no	no
bacterial/sporomusa_medium.yaml	CultureMech:003076	1	0	1	0	no	no
bacterial/sporomusa_medium_betaine.yaml	CultureMech:001410	2	0	1	1	no	no
bacterial/sporomusa_medium_h2_co2.yaml	CultureMech:001411	2	0	1	1	no	no
bacterial/sporomusa_medium_modified.yaml	CultureMech:004966	2	0	1	1	no	no
bacterial/sporotomaculum_medium.yaml	CultureMech:001963	1	0	1	0	no	no
bacterial/srb_psychrophile_medium.yaml	CultureMech:006692	2	0	1	1	no	no
bacterial/ss1_medium.yaml	CultureMech:001952	1	0	1	0	no	no
bacterial/sse_hd_1_10_medium.yaml	CultureMech:000890	1	0	1	0	no	no
bacterial/sse_hd_1_10_medium_hepes.yaml	CultureMech:000889	1	0	1	0	no	no
bacterial/st21_agar_for_cellulose_degraders.yaml	CultureMech:002113	2	1	1	0	no	no
bacterial/staleys_maintenance_medium.yaml	CultureMech:001760	1	0	1	0	no	no
bacterial/standard_petc_medium.yaml	CultureMech:009621	8	0	1	7	yes	no
bacterial/steroidobacter_medium.yaml	CultureMech:000552	1	0	1	0	no	no
bacterial/steroidobacter_medium_replace_testosterone_with_heptanoate.yaml	CultureMech:003817	1	0	1	0	no	no
bacterial/strength_marine_medium.yaml	CultureMech:008842	1	1	0	0	no	no
bacterial/substrate_for_dsm_13769.yaml	CultureMech:005640	2	0	1	1	no	no
bacterial/substrate_for_dsm_2767_dsm_5905_dsm_5906_dsm_5907_and_dsm_9187.yaml	CultureMech:005636	2	0	1	1	no	no
bacterial/substrate_for_dsm_5704.yaml	CultureMech:005635	2	0	1	1	no	no
bacterial/substrate_for_dsm_6222.yaml	CultureMech:005637	2	0	1	1	no	no
bacterial/substrate_for_dsm_6268.yaml	CultureMech:005638	2	0	1	1	no	no
bacterial/substrate_for_dsm_6736.yaml	CultureMech:005639	2	0	1	1	no	no
bacterial/succinate_minimal_salts_medium_sms.yaml	CultureMech:000833	2	0	0	2	no	no
bacterial/sucrose_nitrate_agar_czapek_dox_agar.yaml	CultureMech:009827	1	0	1	0	no	no
bacterial/sulfate_free_syntrophomonus_medium.yaml	CultureMech:002850	1	0	1	0	no	no
bacterial/sulfate_reducer_medium.yaml	CultureMech:008211	9	0	1	8	yes	no
bacterial/sulfate_reducing_bacterium_medium_with_2_nacl_and_lactate.yaml	CultureMech:002973	4	0	1	3	no	yes
bacterial/sulfate_reducing_bacterium_medium_with_lactate.yaml	CultureMech:002900	4	0	1	3	no	yes
bacterial/sulfate_reducing_bacterium_medium_with_pyruvate.yaml	CultureMech:002901	4	0	1	3	no	yes
bacterial/sulfer_free_mineral_medium_sfmm.yaml	CultureMech:008622	5	1	4	0	yes	no
bacterial/sulfobacillus_medium.yaml	CultureMech:001804	1	0	1	0	no	no
bacterial/sulforhabdus_medium.yaml	CultureMech:005163	5	0	1	4	no	yes
bacterial/sulfur_oxidizer_medium.yaml	CultureMech:008328	8	0	1	7	yes	no
bacterial/sulfur_oxidizing_bacteria_medium.yaml	CultureMech:008242	8	0	1	7	yes	no
bacterial/sulfur_oxidizing_bacterium_medium.yaml	CultureMech:008706	17	1	10	6	yes	no
bacterial/sulfuricella_medium.yaml	CultureMech:000738	2	0	1	1	no	no
bacterial/sulfuriferula_thiophila_medium.yaml	CultureMech:001061	1	0	1	0	no	no
bacterial/sulfuriflexus_medium.yaml	CultureMech:001119	2	0	1	1	no	no
bacterial/sulfurifustis_medium.yaml	CultureMech:000739	2	0	1	1	no	no
bacterial/sulfurimonas_crateris_medium.yaml	CultureMech:001179	1	0	0	1	no	no
bacterial/sulfurimonas_gd1_medium.yaml	CultureMech:003153	1	0	1	0	no	no
bacterial/sulfurimonas_gotlandica_medium.yaml	CultureMech:000985	2	0	1	1	no	no
bacterial/sulfurimonas_hongkongensis_medium.yaml	CultureMech:000577	2	0	1	1	no	no
bacterial/sulfurimonas_js_medium.yaml	CultureMech:002291	1	0	0	1	no	no
bacterial/sulfurimonas_marisnigri_medium.yaml	CultureMech:001243	2	0	1	1	no	no
bacterial/sulfurimonas_mj_medium.yaml	CultureMech:000427	1	0	0	1	no	no
bacterial/sulfurimonas_paralvinella_medium.yaml	CultureMech:000481	1	0	0	1	no	no
bacterial/sulfurimonas_tb_medium.yaml	CultureMech:002292	1	0	0	1	no	no
bacterial/sulfuritalea_medium.yaml	CultureMech:000766	1	0	1	0	no	no
bacterial/sulfurospirillum_barnesii_medium.yaml	CultureMech:001905	2	0	1	1	no	no
bacterial/sulfurospirillum_ii_medium.yaml	CultureMech:006428	2	0	1	1	no	no
bacterial/sulfurospirillum_medium.yaml	CultureMech:001674	1	0	1	0	no	no
bacterial/sulfurospirillum_mv_medium.yaml	CultureMech:000528	2	0	1	1	no	no
bacterial/superstespora_medium.yaml	CultureMech:001183	1	0	1	0	no	no
bacterial/supplemented_arginine_m9_medium.yaml	CultureMech:001560	1	0	0	1	no	no
bacterial/supplemented_middlebrook.yaml	CultureMech:008987	3	1	0	2	no	no
bacterial/supplemented_tryptophan_m9_medium.yaml	CultureMech:001561	1	0	0	1	no	no
bacterial/svo_medium.yaml	CultureMech:009126	10	1	0	9	yes	no
bacterial/swm_medium.yaml	CultureMech:005693	5	0	1	4	no	yes
bacterial/swmty_marine_medium.yaml	CultureMech:008800	7	0	7	0	yes	no
bacterial/syfac_medium.yaml	CultureMech:003181	4	0	4	0	no	yes
bacterial/sylc_medium.yaml	CultureMech:003598	5	0	4	1	no	yes
bacterial/synthetic_dextrose_sd_minimal_medium.yaml	CultureMech:008682	1	1	0	0	no	no
bacterial/syntrophobacter_mpob_medium.yaml	CultureMech:001821	2	0	1	1	no	no
bacterial/syntrophobotulus_medium.yaml	CultureMech:001396	2	0	1	1	no	no
bacterial/syntrophococcus_sucromutans_medium_replace_rumen_fluid_with_crude_egg_yolk_phosphatidylcholine_sigma_type_ix_e.yaml	CultureMech:005033	5	0	1	4	no	yes
bacterial/syntrophococcus_sucromutans_medium_replace_trypticase_bbl_with_casitone.yaml	CultureMech:005032	5	0	1	4	no	yes
bacterial/syntrophomonas_bryantii_medium.yaml	CultureMech:005059	5	0	1	4	no	yes
bacterial/syntrophomonas_medium_for_syntrophospora_cellicola_19j_3.yaml	CultureMech:002870	1	0	1	0	no	no
bacterial/syntrophomonas_medium_without_sulfate.yaml	CultureMech:002903	1	0	1	0	no	no
bacterial/syntrophomonas_palmiticicum_medium.yaml	CultureMech:002923	1	0	1	0	no	no
bacterial/syntrophomonas_sp_medium.yaml	CultureMech:005227	5	0	1	4	no	yes
bacterial/syntrophospora_medium.yaml	CultureMech:001426	2	0	1	1	no	no
bacterial/syntrophothermus_medium.yaml	CultureMech:002028	1	0	0	1	no	no
bacterial/syntrophus_aciditrophicus_medium.yaml	CultureMech:003308	1	0	1	0	no	no
bacterial/syntrophus_medium.yaml	CultureMech:004741	1	0	0	1	no	no
bacterial/sypc_medium.yaml	CultureMech:003908	4	0	4	0	no	yes
bacterial/sypg_medium.yaml	CultureMech:003816	8	0	4	4	no	yes
bacterial/syphc_medium.yaml	CultureMech:003246	8	0	4	4	no	yes
bacterial/t2_medium_for_thiobacillus.yaml	CultureMech:008823	7	1	6	0	yes	no
bacterial/t49_medium.yaml	CultureMech:004041	5	0	1	4	no	yes
bacterial/t_asw_medium.yaml	CultureMech:006021	5	0	5	0	no	yes
bacterial/tanner_mod2_medium.yaml	CultureMech:002404	1	0	1	0	no	no
bacterial/tcg_medium.yaml	CultureMech:000425	1	1	0	0	no	no
bacterial/tcp_medium.yaml	CultureMech:008257	10	0	0	10	yes	no
bacterial/td3_medium.yaml	CultureMech:002753	3	0	3	0	no	yes
bacterial/tea_fungus_medium.yaml	CultureMech:001367	1	1	0	0	no	no
bacterial/telmatocola_medium.yaml	CultureMech:000827	1	0	1	0	no	no
bacterial/telmatospirillum_peat_medium.yaml	CultureMech:001485	2	0	1	1	no	no
bacterial/tepidanaerobacter_acetatoxydans_medium.yaml	CultureMech:000764	1	0	1	0	no	no
bacterial/tepidibacillus_b5_medium.yaml	CultureMech:002285	2	0	0	2	no	no
bacterial/tepidibacillus_decaturensis_medium.yaml	CultureMech:002315	1	0	1	0	no	no
bacterial/tepidibacillus_marianaensis_medium.yaml	CultureMech:009691	1	1	0	0	yes	no
bacterial/tepidibacillus_medium.yaml	CultureMech:001120	1	0	0	1	no	no
bacterial/tepidibacter_medium.yaml	CultureMech:006947	2	0	1	1	no	no
bacterial/tepidibacter_mesophilus_medium.yaml	CultureMech:003167	1	0	1	0	no	no
bacterial/tepidimicrobium_medium.yaml	CultureMech:000696	1	0	0	1	no	no
bacterial/tepidimicrobium_xylanilyticum_medium.yaml	CultureMech:003158	1	0	1	0	no	no
bacterial/teredinibacter_turnerae_medium.yaml	CultureMech:002148	2	0	2	0	no	no
bacterial/tetramethyl_ammonium_medium.yaml	CultureMech:002507	1	0	1	0	no	no
bacterial/tf_a_medium.yaml	CultureMech:006391	1	0	0	1	no	no
bacterial/tf_c_medium.yaml	CultureMech:006103	1	0	0	1	no	no
bacterial/tf_d_medium.yaml	CultureMech:003988	1	0	0	1	no	no
bacterial/thauera_aminoaromatica_medium.yaml	CultureMech:001276	1	0	0	1	no	no
bacterial/thauera_aromatica_ar_1_medium.yaml	CultureMech:006673	2	0	1	1	no	no
bacterial/thauera_aromatica_ar_1_medium_anaerobic.yaml	CultureMech:006672	2	0	1	1	no	no
bacterial/thauera_aromatica_medium.yaml	CultureMech:001713	1	0	1	0	no	no
bacterial/thauera_aromatica_medium_anaerob.yaml	CultureMech:002014	2	0	1	1	no	no
bacterial/the_basal_medium.yaml	CultureMech:009163	9	0	0	9	yes	no
bacterial/thermanaerobacter_thermophila_medium.yaml	CultureMech:007521	1	0	0	1	yes	no
bacterial/thermanaeromonas_medium.yaml	CultureMech:008254	10	0	1	9	yes	no
bacterial/thermincola_ferriacetica_medium.yaml	CultureMech:002142	1	0	0	1	no	no
bacterial/thermincola_medium.yaml	CultureMech:003540	5	0	4	1	no	yes
bacterial/thermithiobacillus_medium.yaml	CultureMech:001432	4	0	3	1	no	yes
bacterial/thermoacetogenium_medium.yaml	CultureMech:002040	2	0	1	1	no	no
bacterial/thermoacetogenium_phaeum_medium.yaml	CultureMech:006730	2	0	1	1	no	no
bacterial/thermoanaerobacter_ba_medium.yaml	CultureMech:001812	1	0	0	1	no	no
bacterial/thermoanaerobacter_ethanolicus_medium.yaml	CultureMech:002583	3	0	0	3	no	yes
bacterial/thermoanaerobacter_kivui_medium.yaml	CultureMech:001198	1	0	1	0	no	no
bacterial/thermoanaerobacter_koko_medium.yaml	CultureMech:001848	2	0	1	1	no	no
bacterial/thermoanaerobacter_sulfurophilus_medium.yaml	CultureMech:001976	2	0	1	1	no	no
bacterial/thermoanaerobaculum_aquaticum_medium.yaml	CultureMech:003281	1	0	1	0	no	no
bacterial/thermoanaerobaculum_medium.yaml	CultureMech:001169	1	0	1	0	no	no
bacterial/thermoanaeromonas_medium.yaml	CultureMech:002144	2	0	1	1	no	no
bacterial/thermoanaeromyces_medium.yaml	CultureMech:001189	1	0	1	0	no	no
bacterial/thermoanaerovibrio_medium.yaml	CultureMech:002031	2	0	1	1	no	no
bacterial/thermobacter_roseum_medium.yaml	CultureMech:003247	1	0	0	1	no	no
bacterial/thermochromatium_allochromatium_medium.yaml	CultureMech:000935	1	0	1	0	no	no
bacterial/thermoclostridium_a_g_medium.yaml	CultureMech:001427	2	0	1	1	no	no
bacterial/thermoclostridium_caenicola_medium.yaml	CultureMech:001778	1	0	1	0	no	no
bacterial/thermodesulfitimonas_medium.yaml	CultureMech:001635	6	0	5	1	no	yes
bacterial/thermodesulfobacterium_auxiliatotris_medium.yaml	CultureMech:002395	1	0	1	0	yes	no
bacterial/thermodesulfobium_acidiphilum_medium.yaml	CultureMech:002068	2	0	1	1	no	no
bacterial/thermodesulfobium_medium.yaml	CultureMech:000421	2	0	1	1	no	no
bacterial/thermodesulfobium_narugense_medium.yaml	CultureMech:008133	10	0	1	9	yes	no
bacterial/thermodesulfovibrio_hydrogeniphilus_medium.yaml	CultureMech:002892	1	0	1	0	no	no
bacterial/thermodesulfovibrio_yellowstonii_medium.yaml	CultureMech:001883	1	0	0	1	no	no
bacterial/thermoflexus_hungenholtzii_medium.yaml	CultureMech:003325	1	0	1	0	no	no
bacterial/thermoheterotroph_medium.yaml	CultureMech:008379	9	0	1	8	yes	no
bacterial/thermolithobacter_medium.yaml	CultureMech:001912	2	0	1	1	no	no
bacterial/thermophilic_rc_i_medium.yaml	CultureMech:008425	8	0	0	8	yes	no
bacterial/thermosipho_affectus_medium.yaml	CultureMech:000761	2	0	1	1	no	no
bacterial/thermosipho_mj_medium.yaml	CultureMech:000429	1	0	0	1	no	no
bacterial/thermosulfurimonas_medium.yaml	CultureMech:000666	2	0	1	1	no	no
bacterial/thermosulfuriphilus_medium.yaml	CultureMech:000668	2	0	1	1	no	no
bacterial/thermosyntropha_l_60_medium.yaml	CultureMech:003196	1	0	1	0	no	no
bacterial/thermosyntropha_medium.yaml	CultureMech:001866	1	0	0	1	no	no
bacterial/thermoterrabacterium_medium.yaml	CultureMech:001911	2	0	1	1	no	no
bacterial/thermotoga_lettingae_medium.yaml	CultureMech:008505	2	0	1	1	yes	no
bacterial/thermotoga_maritima_medium.yaml	CultureMech:008204	2	0	1	1	yes	no
bacterial/thermotoga_neapolitana_medium.yaml	CultureMech:001443	1	0	0	1	no	no
bacterial/thermotoga_petrophila_medium.yaml	CultureMech:002081	1	0	0	1	no	no
bacterial/thermotoga_profunda_medium.yaml	CultureMech:001016	2	0	1	1	no	no
bacterial/thermotoga_subterranea_medium.yaml	CultureMech:006292	1	0	0	1	no	no
bacterial/thermotoga_tf_c_medium.yaml	CultureMech:001742	1	0	0	1	no	no
bacterial/thermotoga_tf_d_medium.yaml	CultureMech:000691	1	0	0	1	no	no
bacterial/thermovenabulum_medium.yaml	CultureMech:000714	2	0	1	1	no	no
bacterial/thermovorax_subterraneus_medium.yaml	CultureMech:003060	3	0	1	2	no	no
bacterial/thermus_162_medium.yaml	CultureMech:002036	1	0	1	0	no	no
bacterial/thioalbus_denitrificans_medium.yaml	CultureMech:003066	3	0	1	2	no	no
bacterial/thioalkalivibrio_halophilus_medium.yaml	CultureMech:003524	1	0	1	0	no	no
bacterial/thiobacillus_aquaesulis_medium.yaml	CultureMech:005166	3	0	3	0	no	yes
bacterial/thiobacillus_caldus_medium.yaml	CultureMech:004174	1	0	1	0	no	no
bacterial/thiobacillus_denitrificans_medium.yaml	CultureMech:000576	1	0	1	0	no	no
bacterial/thiobacillus_ferrooxidans_medium_aph.yaml	CultureMech:004699	1	0	1	0	no	no
bacterial/thiobacillus_ferrooxidans_medium_with_ferrous_sulfate.yaml	CultureMech:006344	1	0	1	0	no	no
bacterial/thiobacillus_halophilus_medium.yaml	CultureMech:005876	4	0	3	1	no	yes
bacterial/thiobacillus_neapolitanus_medium.yaml	CultureMech:006294	6	0	5	1	no	yes
bacterial/thiobacillus_novellus_medium.yaml	CultureMech:006324	5	0	5	0	no	yes
bacterial/thiobacillus_prosperus_fo1_medium.yaml	CultureMech:002226	1	0	1	0	no	no
bacterial/thiobacillus_tepidarius_medium.yaml	CultureMech:005027	4	0	3	1	no	yes
bacterial/thiobacillus_thioparus_ii_medium.yaml	CultureMech:005609	4	0	3	1	no	yes
bacterial/thiobacillus_thioparus_tk_m_medium.yaml	CultureMech:001614	4	0	3	1	no	yes
bacterial/thiobacillus_thyasiris_and_t_halophilus_medium.yaml	CultureMech:005607	3	0	3	0	no	yes
bacterial/thiobacter_mj_medium.yaml	CultureMech:000428	1	0	0	1	no	no
bacterial/thiocapsa_halophila_medium.yaml	CultureMech:000272	2	0	1	1	no	no
bacterial/thiocapsa_medium.yaml	CultureMech:002993	1	0	0	1	no	no
bacterial/thiofaba_medium.yaml	CultureMech:000550	1	0	0	1	no	no
bacterial/thiogranum_medium.yaml	CultureMech:001047	1	0	0	1	no	no
bacterial/thiohalocapsa_marina_medium.yaml	CultureMech:000684	1	0	0	1	no	no
bacterial/thiohalophilus_medium.yaml	CultureMech:003641	5	0	1	4	no	yes
bacterial/thiohalospira_alkaliphila_medium.yaml	CultureMech:000687	1	0	0	1	no	no
bacterial/thiomicrospira_psychrophila_medium.yaml	CultureMech:004156	9	0	5	4	no	yes
bacterial/thiomicrospira_v2501_medium.yaml	CultureMech:003252	2	0	2	0	no	no
bacterial/thiomonas_cuprina_medium.yaml	CultureMech:009546	4	0	4	0	yes	no
bacterial/thiophaeococcus_mangrovi_medium.yaml	CultureMech:000602	2	0	1	1	no	no
bacterial/thiophaeococcus_medium.yaml	CultureMech:002996	2	0	1	1	no	no
bacterial/thioprofundum_lithotrophicum_medium.yaml	CultureMech:000482	1	0	0	1	no	no
bacterial/thiorhodococcus_medium.yaml	CultureMech:000816	2	0	1	1	no	no
bacterial/thiorhodovibrio_medium.yaml	CultureMech:002474	3	0	1	2	yes	no
bacterial/thiosocius_medium.yaml	CultureMech:001177	2	0	1	1	no	no
bacterial/thiosphaera_pantotropha_medium.yaml	CultureMech:001455	1	0	1	0	no	no
bacterial/tibi_medium.yaml	CultureMech:001362	1	1	0	0	no	no
bacterial/tissierella_amo_1_medium.yaml	CultureMech:001820	2	0	1	1	no	no
bacterial/tissierella_creatinophila_medium.yaml	CultureMech:001972	6	0	1	5	no	yes
bacterial/tissierella_sp_medium_creatinine.yaml	CultureMech:001691	2	0	1	1	no	no
bacterial/tissirella_creatinophila_medium.yaml	CultureMech:006551	6	0	1	5	no	yes
bacterial/tm_broth_medium.yaml	CultureMech:002630	2	0	2	0	no	no
bacterial/tmao3_tmpn3_medium.yaml	CultureMech:005686	5	0	1	4	no	yes
bacterial/tmbs4_medium.yaml	CultureMech:001694	1	0	1	0	no	no
bacterial/to_adapt_dsm_804_on_acetate.yaml	CultureMech:003942	3	0	2	1	no	no
bacterial/togo_medium_m1111.yaml	CultureMech:007631	8	0	6	2	yes	no
bacterial/togo_medium_m1335.yaml	CultureMech:007871	1	0	1	0	no	no
bacterial/togo_medium_m1445.yaml	CultureMech:007985	3	0	3	0	yes	no
bacterial/togo_medium_m1449.yaml	CultureMech:007989	1	0	1	0	yes	no
bacterial/togo_medium_m1460.yaml	CultureMech:008002	8	0	2	6	yes	no
bacterial/togo_medium_m1462.yaml	CultureMech:008004	1	0	1	0	no	no
bacterial/togo_medium_m1470.yaml	CultureMech:008013	6	0	0	6	yes	no
bacterial/togo_medium_m1481.yaml	CultureMech:008025	10	0	4	6	yes	no
bacterial/togo_medium_m1495.yaml	CultureMech:008040	9	0	3	6	yes	no
bacterial/togo_medium_m1502.yaml	CultureMech:008047	6	0	0	6	yes	no
bacterial/togo_medium_m1508.yaml	CultureMech:008052	10	0	4	6	yes	no
bacterial/togo_medium_m1515.yaml	CultureMech:008060	1	0	1	0	yes	no
bacterial/togo_medium_m1516.yaml	CultureMech:008061	1	0	1	0	yes	no
bacterial/togo_medium_m1518.yaml	CultureMech:008063	1	0	1	0	yes	no
bacterial/togo_medium_m1519.yaml	CultureMech:008064	1	0	1	0	yes	no
bacterial/togo_medium_m1532.yaml	CultureMech:008079	1	1	0	0	yes	no
bacterial/togo_medium_m1560.yaml	CultureMech:008109	9	0	5	4	yes	no
bacterial/togo_medium_m1566.yaml	CultureMech:008114	1	0	1	0	no	no
bacterial/togo_medium_m158.yaml	CultureMech:008140	1	1	0	0	yes	no
bacterial/togo_medium_m1609.yaml	CultureMech:008162	10	0	1	9	yes	no
bacterial/togo_medium_m1611.yaml	CultureMech:008165	1	0	0	1	yes	no
bacterial/togo_medium_m1689.yaml	CultureMech:008248	1	1	0	0	yes	no
bacterial/togo_medium_m1728.yaml	CultureMech:008291	2	0	2	0	no	no
bacterial/togo_medium_m1757.yaml	CultureMech:008321	7	0	0	7	yes	no
bacterial/togo_medium_m1779.yaml	CultureMech:008345	3	0	0	3	yes	no
bacterial/togo_medium_m179.yaml	CultureMech:008368	1	0	0	1	yes	no
bacterial/togo_medium_m1805.yaml	CultureMech:008375	9	0	6	3	yes	no
bacterial/togo_medium_m1806.yaml	CultureMech:008376	6	0	6	0	yes	no
bacterial/togo_medium_m1823.yaml	CultureMech:008395	1	0	0	1	no	no
bacterial/togo_medium_m1833.yaml	CultureMech:008406	8	0	0	8	yes	no
bacterial/togo_medium_m190.yaml	CultureMech:008487	9	0	0	9	yes	no
bacterial/togo_medium_m1902.yaml	CultureMech:008479	18	1	10	7	yes	no
bacterial/togo_medium_m191.yaml	CultureMech:008498	1	0	0	1	yes	no
bacterial/togo_medium_m1915.yaml	CultureMech:008493	3	0	0	3	yes	no
bacterial/togo_medium_m1919.yaml	CultureMech:008497	8	1	7	0	yes	no
bacterial/togo_medium_m1944.yaml	CultureMech:008523	1	0	0	1	no	no
bacterial/togo_medium_m1975.yaml	CultureMech:008557	1	0	1	0	yes	no
bacterial/togo_medium_m199.yaml	CultureMech:008584	2	0	1	1	yes	no
bacterial/togo_medium_m1992.yaml	CultureMech:008576	5	0	5	0	yes	no
bacterial/togo_medium_m209.yaml	CultureMech:008690	3	0	2	1	yes	no
bacterial/togo_medium_m2098.yaml	CultureMech:008688	1	0	0	1	no	no
bacterial/togo_medium_m2116.yaml	CultureMech:008709	20	0	10	10	yes	no
bacterial/togo_medium_m2117.yaml	CultureMech:008710	20	0	10	10	yes	no
bacterial/togo_medium_m2118.yaml	CultureMech:008711	20	0	10	10	yes	no
bacterial/togo_medium_m2120.yaml	CultureMech:008713	20	0	10	10	yes	no
bacterial/togo_medium_m222.yaml	CultureMech:008818	1	0	0	1	yes	no
bacterial/togo_medium_m231.yaml	CultureMech:008907	4	1	0	3	yes	no
bacterial/togo_medium_m234.yaml	CultureMech:008934	2	0	1	1	yes	no
bacterial/togo_medium_m2388.yaml	CultureMech:008971	7	0	7	0	yes	no
bacterial/togo_medium_m253.yaml	CultureMech:009109	1	0	0	1	yes	no
bacterial/togo_medium_m2562.yaml	CultureMech:009131	4	0	3	1	yes	no
bacterial/togo_medium_m305.yaml	CultureMech:009574	1	0	1	0	yes	no
bacterial/togo_medium_m3052.yaml	CultureMech:009566	1	0	0	1	no	no
bacterial/togo_medium_m312.yaml	CultureMech:009600	4	0	3	1	yes	no
bacterial/togo_medium_m3129.yaml	CultureMech:009599	15	0	7	8	yes	no
bacterial/togo_medium_m3152.yaml	CultureMech:009615	8	0	0	8	yes	no
bacterial/togo_medium_m3153.yaml	CultureMech:009616	8	0	0	8	yes	no
bacterial/togo_medium_m3164.yaml	CultureMech:009622	14	0	6	8	yes	no
bacterial/togo_medium_m3252.yaml	CultureMech:009684	1	0	1	0	no	no
bacterial/togo_medium_m619.yaml	CultureMech:010018	1	0	1	0	yes	no
bacterial/togo_medium_m633.yaml	CultureMech:010033	1	1	0	0	yes	no
bacterial/togo_medium_m706.yaml	CultureMech:010113	2	0	2	0	no	no
bacterial/treponema_bryantii_medium.yaml	CultureMech:002370	1	0	0	1	no	no
bacterial/treponema_caldarium_medium.yaml	CultureMech:009324	18	1	8	9	yes	no
bacterial/treponema_denticola_medium.yaml	CultureMech:002077	1	0	0	1	no	no
bacterial/treponema_isopterocola_medium.yaml	CultureMech:002885	6	0	1	5	no	yes
bacterial/treponema_r8_medium.yaml	CultureMech:002080	2	0	1	1	no	no
bacterial/treponema_zas_medium.yaml	CultureMech:006648	6	0	1	5	no	yes
bacterial/trichlorobacter_ammonificans_medium.yaml	CultureMech:001182	1	0	1	0	no	no
bacterial/trichlorobacter_media_ttfa.yaml	CultureMech:002902	1	0	1	0	no	no
bacterial/trichococcus_skbg_medium.yaml	CultureMech:002411	1	0	1	0	no	no
bacterial/tryptic_soy_agar_soybean_casein_digest_medium_usp.yaml	CultureMech:009014	1	1	0	0	no	no
bacterial/tryptic_soy_broth_soybean_casein_digest_medium_usp.yaml	CultureMech:009015	1	1	0	0	no	no
bacterial/trypticase_soy_agar_with_10_kcl.yaml	CultureMech:008500	1	1	0	0	no	no
bacterial/ttd_medium.yaml	CultureMech:001607	1	0	1	0	no	no
bacterial/tye_medium_for_strain_aeb.yaml	CultureMech:003064	1	0	1	0	no	no
bacterial/tyg_medium.yaml	CultureMech:008338	3	0	2	1	yes	no
bacterial/tyl_medium.yaml	CultureMech:008339	4	0	2	2	yes	no
bacterial/ui_medium.yaml	CultureMech:002853	1	0	1	0	no	no
bacterial/uro_dw_ph10.yaml	CultureMech:008319	7	0	4	3	yes	no
bacterial/v2_medium.yaml	CultureMech:001117	2	1	1	0	no	no
bacterial/vallitalea_70b_a_medium.yaml	CultureMech:002357	1	0	1	0	no	no
bacterial/veeg4_medium.yaml	CultureMech:004773	5	0	1	4	no	yes
bacterial/ven_chi2_medium.yaml	CultureMech:004757	1	0	1	0	no	no
bacterial/verrucomicrobia_medium.yaml	CultureMech:000961	1	0	1	0	no	no
bacterial/verrucomicrobium_medium.yaml	CultureMech:008333	12	1	6	5	yes	no
bacterial/vibrio_natriegens_medium_for_sporulation.yaml	CultureMech:008872	2	1	1	0	no	no
bacterial/vl55_gy_agar.yaml	CultureMech:008663	1	0	1	0	yes	no
bacterial/vl55_medium_modified.yaml	CultureMech:000843	1	0	1	0	no	no
bacterial/vng_medium.yaml	CultureMech:003326	3	0	3	0	no	yes
bacterial/volvic_af6.yaml	CultureMech:008496	7	0	4	3	yes	no
bacterial/vulcanibacillus_medium.yaml	CultureMech:000465	5	0	4	1	no	yes
bacterial/vulcanimicrobium_alpinus_medium.yaml	CultureMech:001242	11	0	1	10	no	yes
bacterial/vulcano_high_salt_medium.yaml	CultureMech:002443	1	0	1	0	no	no
bacterial/vulcano_low_salt_medium.yaml	CultureMech:002410	1	0	1	0	no	no
bacterial/vxg_gellan.yaml	CultureMech:002219	1	0	1	0	no	no
bacterial/vy_2_asw_agar.yaml	CultureMech:002701	1	1	0	0	no	no
bacterial/walnes.yaml	CultureMech:000312	8	1	5	2	no	yes
bacterial/waris_h.yaml	CultureMech:000313	3	0	2	1	no	no
bacterial/widdel_freshwater_medium_with_lactate.yaml	CultureMech:002390	3	0	0	3	no	yes
bacterial/wilkins_chalgren_anaerobic_medium.yaml	CultureMech:009302	1	1	0	0	no	no
bacterial/wmc_medium.yaml	CultureMech:005175	1	0	0	1	no	no
bacterial/woodsholea_medium.yaml	CultureMech:000697	1	0	0	1	no	no
bacterial/xy_agar.yaml	CultureMech:008349	1	0	0	1	no	no
bacterial/ycfag_medium.yaml	CultureMech:009194	4	0	0	4	no	yes
bacterial/yma_medium_modified.yaml	CultureMech:000454	1	0	1	0	no	no
bacterial/ysg_medium_ph_4_5.yaml	CultureMech:008347	1	1	0	0	yes	no
bacterial/ytbc_medium.yaml	CultureMech:000812	1	0	0	1	no	no
bacterial/ytps_medium.yaml	CultureMech:002188	3	0	0	3	no	yes
bacterial/z45_4_medium_for_cyanobacteria.yaml	CultureMech:001204	2	0	2	0	no	no
bacterial/zavarzinella_formosa_medium.yaml	CultureMech:000639	1	0	1	0	no	no
bacterial/zf2_medium.yaml	CultureMech:006874	5	0	1	4	no	yes
bacterial/zm_10.yaml	CultureMech:000315	3	0	3	0	no	yes
fungal/anaerobic_mineral_medium_with_yeast_extract.yaml	CultureMech:010491	1	0	1	0	no	no
fungal/czapek_yeast_extract_agar_cya.yaml	CultureMech:010511	2	0	2	0	no	no
fungal/ferrous_iron_yeast_extract_medium.yaml	CultureMech:010495	8	0	8	0	no	yes
fungal/ferrous_sulfate_yeast_extract_medium.yaml	CultureMech:010443	1	0	1	0	no	no
fungal/gyp_glucose_yeast_peptone_medium.yaml	CultureMech:010480	2	0	2	0	no	no
fungal/halanaeroarchaea_medium_with_yeast_extract_and_formate.yaml	CultureMech:010500	1	0	1	0	no	no
fungal/halanaeroarchaea_medium_with_yeast_extract_and_glucose.yaml	CultureMech:010502	1	0	1	0	no	no
fungal/hepes_peptone_yeast_extract_medium.yaml	CultureMech:010548	3	0	3	0	no	yes
fungal/natronoanaeroarchaea_medium_with_yeast_extract_and_formate.yaml	CultureMech:010504	1	0	1	0	no	no
fungal/natronoanaeroarchaea_medium_with_yeast_extract_and_glucose.yaml	CultureMech:010503	1	0	1	0	no	no
fungal/natronoarchaea_media_with_yeast_extract_and_lactate.yaml	CultureMech:010501	1	0	1	0	no	no
fungal/pfennigs_medium_i_with_yeast_extract.yaml	CultureMech:010468	1	0	0	1	no	no
fungal/sea_water_yeast_peptone_medium.yaml	CultureMech:010483	1	1	0	0	no	no
fungal/tap_water_yeast_extract_medium_twye.yaml	CultureMech:010456	1	1	0	0	no	no
fungal/yeast_extract_malt_extract_agar_isp_2_with_artificial_seawater.yaml	CultureMech:010536	1	1	0	0	no	no
specialized/acetobacterium_medium_marine.yaml	CultureMech:015340	1	0	0	1	no	no
specialized/anaerobic_alkaline_ye_medium.yaml	CultureMech:015429	1	0	1	0	no	no
specialized/anaerobic_azospirillum_medium.yaml	CultureMech:015346	1	0	1	0	no	no
specialized/anaerobic_bicarbonate_buffered_medium_with_phenol.yaml	CultureMech:015428	4	0	1	3	no	yes
specialized/anaerobic_cholesterol_medium.yaml	CultureMech:015368	1	0	1	0	no	no
specialized/anaerobic_thauera_medium.yaml	CultureMech:015338	1	0	1	0	no	no
specialized/anaerobic_tyecas_medium.yaml	CultureMech:015422	1	0	1	0	no	no
specialized/anaerobic_tyeg_medium.yaml	CultureMech:015413	1	0	1	0	no	no
specialized/artficial_marine_water_medium.yaml	CultureMech:015384	1	0	1	0	yes	no
specialized/desulfobulbus_sp_medium_marine.yaml	CultureMech:015350	2	0	1	1	no	no
specialized/fe_iii_reducer_marine_enrichment_medium.yaml	CultureMech:015404	2	0	2	0	no	no
specialized/ird_marine_desulfovibrio_medium.yaml	CultureMech:015374	1	0	1	0	no	no
specialized/ird_marine_desulfovibrio_medium_2.yaml	CultureMech:015382	1	0	1	0	no	no
specialized/ird_marine_desulfovibrio_medium_3.yaml	CultureMech:015383	1	0	1	0	no	no
specialized/marine_aob_medium_a.yaml	CultureMech:015376	1	0	0	1	no	no
specialized/marine_aob_medium_b.yaml	CultureMech:015377	1	0	0	1	no	no
specialized/marine_caulobacter_medium.yaml	CultureMech:015363	1	1	0	0	no	no
specialized/marine_clostridium_medium.yaml	CultureMech:015390	1	0	1	0	yes	no
specialized/marine_desulfosarcina_medium.yaml	CultureMech:015403	4	0	1	3	no	yes
specialized/marine_methanobacterium_medium.yaml	CultureMech:015389	1	0	1	0	yes	no
specialized/marine_srb_medium.yaml	CultureMech:015379	2	0	2	0	no	no
specialized/marines_planctomyces_medium.yaml	CultureMech:015343	2	1	1	0	no	no
specialized/marines_planctomyces_medium_modified_i.yaml	CultureMech:015345	2	1	1	0	no	no
specialized/medium_for_marine_spirochaetes.yaml	CultureMech:015386	1	0	1	0	no	no
specialized/modified_marine_medium_for_desulfovibrio_tokyoensis.yaml	CultureMech:015409	4	0	1	3	no	yes
specialized/modified_marine_medium_for_dethiosulfobacter.yaml	CultureMech:015408	4	0	1	3	no	yes
specialized/modified_medium_for_marine_spirochaetes.yaml	CultureMech:015388	1	0	1	0	no	no
specialized/propionigenium_modestum_medium_marine.yaml	CultureMech:015351	1	0	1	0	no	no
specialized/pygv_marine_medium_a.yaml	CultureMech:015399	1	0	1	0	no	no
specialized/pygv_marine_medium_b.yaml	CultureMech:015378	1	0	1	0	no	no
specialized/sporomusa_medium_marine.yaml	CultureMech:015352	2	0	1	1	no	no
specialized/swmty_marine_medium.yaml	CultureMech:015398	4	1	3	0	no	yes
specialized/varel_bryant_medium_glucose_nomet_dtt_nas_b12_nonitrogen.yaml	CultureMech:015780	1	0	0	1	no	no
specialized/varel_bryant_medium_lowcys_lowmet.yaml	CultureMech:015784	1	0	0	1	no	no
specialized/water.yaml	CultureMech:015786	1	1	0	0	no	no
