label	from_chebi	to_chebi	action
mgcl2 x 6 h2o	CHEBI:34887	CHEBI:86345	resolve_corpus_consensus
yeast extract	CHEBI:86158	REMOVED	deground
mgcl2 x 6 h2o	CHEBI:34887	CHEBI:86345	resolve_corpus_consensus
yeast extract	CHEBI:86158	REMOVED	deground
mgcl2 x 6 h2o	CHEBI:34887	CHEBI:86345	resolve_corpus_consensus
mgcl2 x 6 h2o	CHEBI:34887	CHEBI:86345	resolve_corpus_consensus
yeast extract	CHEBI:86158	REMOVED	deground
mgcl2 x 6 h2o	CHEBI:34887	CHEBI:86345	resolve_corpus_consensus
ki	CHEBI:138791	CHEBI:8346	resolve_manual_curated
mgcl2 x 6 h2o	CHEBI:34887	CHEBI:86345	resolve_corpus_consensus
yeast extract	CHEBI:86158	REMOVED	deground
yeast extract	CHEBI:86158	REMOVED	deground
d-glucose	CHEBI:17234	CHEBI:17234	confirm
yeast extract	CHEBI:86158	REMOVED	deground
d-glucose	CHEBI:17234	CHEBI:17234	confirm
mgcl2 x 6 h2o	CHEBI:34887	CHEBI:86345	resolve_corpus_consensus
yeast extract	CHEBI:86158	REMOVED	deground
vitamin b12	CHEBI:176843	CHEBI:176843	confirm
yeast extract	CHEBI:86158	REMOVED	deground
mgcl2 x 6 h2o	CHEBI:34887	CHEBI:86345	resolve_corpus_consensus
yeast extract	CHEBI:86158	REMOVED	deground
dl-dithiothreitol	CHEBI:18320	CHEBI:18320	confirm
mgcl2 x 6 h2o	CHEBI:34887	CHEBI:86345	resolve_corpus_consensus
glucose	CHEBI:17234	CHEBI:17234	confirm
yeast extract	CHEBI:86158	REMOVED	deground
mgcl2 x 6 h2o	CHEBI:34887	CHEBI:86345	resolve_corpus_consensus
yeast extract	CHEBI:86158	REMOVED	deground
mgcl2 x 6 h2o	CHEBI:34887	CHEBI:86345	resolve_corpus_consensus
mgcl2 x 6 h2o	CHEBI:34887	CHEBI:86345	resolve_corpus_consensus
yeast extract	CHEBI:86158	REMOVED	deground
mgcl2 x 6 h2o	CHEBI:34887	CHEBI:86345	resolve_corpus_consensus
baker's yeast	CHEBI:86158	REMOVED	deground
vitamin b12	CHEBI:176843	CHEBI:176843	confirm
d-glucose	CHEBI:17234	CHEBI:17234	confirm
mgcl2 x 6 h2o	CHEBI:34887	CHEBI:86345	resolve_corpus_consensus
yeast extract	CHEBI:86158	REMOVED	deground
mgcl2 x 6 h2o	CHEBI:34887	CHEBI:86345	resolve_corpus_consensus
yeast extract	CHEBI:86158	REMOVED	deground
mgcl2 x 6 h2o	CHEBI:34887	CHEBI:86345	resolve_corpus_consensus
na2-9,10-anthraquinone-2,6-disulfonate	CHEBI:32139	CHEBI:85112	resolve_manual_curated
yeast extract	CHEBI:86158	REMOVED	deground
mgcl2 x 6 h2o	CHEBI:34887	CHEBI:86345	resolve_corpus_consensus
yeast extract	CHEBI:86158	REMOVED	deground
mgcl2 x 6 h2o	CHEBI:34887	CHEBI:86345	resolve_corpus_consensus
yeast extract	CHEBI:86158	REMOVED	deground
mgcl2 x 6 h2o	CHEBI:34887	CHEBI:86345	resolve_corpus_consensus
yeast extract	CHEBI:86158	REMOVED	deground
mgcl2 x 6 h2o	CHEBI:34887	CHEBI:86345	resolve_corpus_consensus
mgcl2 x 6 h2o	CHEBI:34887	CHEBI:86345	resolve_corpus_consensus
ki	CHEBI:138791	CHEBI:8346	resolve_manual_curated
polypeptone	CHEBI:26710	REMOVED	deground
yeast extract	CHEBI:86158	REMOVED	deground
yeast extract	CHEBI:86158	REMOVED	deground
yeast extract	CHEBI:86158	REMOVED	deground
yeast extract	CHEBI:86158	REMOVED	deground
yeast extract	CHEBI:86158	REMOVED	deground
yeast extract	CHEBI:86158	REMOVED	deground
mgcl2 x 6 h2o	CHEBI:34887	CHEBI:86345	resolve_corpus_consensus
yeast extract	CHEBI:86158	REMOVED	deground
mgcl2 x 6 h2o	CHEBI:34887	CHEBI:86345	resolve_corpus_consensus
vitamin b12	CHEBI:176843	CHEBI:176843	confirm
mgcl2 x 6 h2o	CHEBI:34887	CHEBI:86345	resolve_corpus_consensus
yeast extract	CHEBI:86158	REMOVED	deground
yeast extract	CHEBI:86158	REMOVED	deground
mgcl2 x 6 h2o	CHEBI:34887	CHEBI:86345	resolve_corpus_consensus
yeast extract	CHEBI:86158	REMOVED	deground
vitamin b12	CHEBI:176843	CHEBI:176843	confirm
yeast extract	CHEBI:86158	REMOVED	deground
mgcl2 x 6 h2o	CHEBI:34887	CHEBI:86345	resolve_corpus_consensus
yeast extract	CHEBI:86158	REMOVED	deground
mgcl2 x 6 h2o	CHEBI:34887	CHEBI:86345	resolve_corpus_consensus
mgcl2 x 6 h2o	CHEBI:34887	CHEBI:86345	resolve_corpus_consensus
yeast extract	CHEBI:86158	REMOVED	deground
voso4 x 5 h2o	CHEBI:87014	CHEBI:33146	resolve_manual_curated
yeast extract	CHEBI:86158	REMOVED	deground
na2seo3 x 5 h2o	CHEBI:63940	CHEBI:131361	resolve_corpus_consensus
d-glucose	CHEBI:17234	CHEBI:17234	confirm
mgcl2 x 6 h2o	CHEBI:34887	CHEBI:86345	resolve_corpus_consensus
glucose	CHEBI:17234	CHEBI:17234	confirm
glucose	CHEBI:17234	CHEBI:17234	confirm
yeast extract	CHEBI:86158	REMOVED	deground
polypeptone	CHEBI:26710	REMOVED	deground
yeast extract	CHEBI:86158	REMOVED	deground
mgcl2 x 6 h2o	CHEBI:34887	CHEBI:86345	resolve_corpus_consensus
d(+)-glucose	CHEBI:17634	CHEBI:17634	confirm
mgcl2 x 6 h2o	CHEBI:34887	CHEBI:86345	resolve_corpus_consensus
vitamin b12	CHEBI:176843	CHEBI:176843	confirm
yeast extract	CHEBI:86158	REMOVED	deground
yeast extract	CHEBI:86158	REMOVED	deground
yeast extract	CHEBI:86158	REMOVED	deground
mgcl2 x 6 h2o	CHEBI:34887	CHEBI:86345	resolve_corpus_consensus
yeast extract	CHEBI:86158	REMOVED	deground
mgcl2 x 6 h2o	CHEBI:34887	CHEBI:86345	resolve_corpus_consensus
yeast extract	CHEBI:86158	REMOVED	deground
d-glucose	CHEBI:17234	CHEBI:17234	confirm
yeast extract	CHEBI:86158	REMOVED	deground
yeast extract	CHEBI:86158	REMOVED	deground
glucose	CHEBI:17234	CHEBI:17234	confirm
glucose	CHEBI:17234	CHEBI:17234	confirm
yeast extract	CHEBI:86158	REMOVED	deground
maltose	CHEBI:17306	CHEBI:17306	confirm
d(+)-glucose	CHEBI:17634	CHEBI:17634	confirm
yeast extract	CHEBI:86158	REMOVED	deground
glucose	CHEBI:17234	CHEBI:17234	confirm
glucose	CHEBI:17234	CHEBI:17234	confirm
glucose	CHEBI:17234	CHEBI:17234	confirm
n-z amine	CHEBI:85248	REMOVED	deground
yeast extract	CHEBI:86158	REMOVED	deground
yeast extract	CHEBI:86158	REMOVED	deground
yeast extract	CHEBI:86158	REMOVED	deground
yeast extract	CHEBI:86158	REMOVED	deground
glucose	CHEBI:17234	CHEBI:17234	confirm
yeast extract	CHEBI:86158	REMOVED	deground
n-z amine	CHEBI:85248	REMOVED	deground
glucose	CHEBI:17234	CHEBI:17234	confirm
yeast extract	CHEBI:86158	REMOVED	deground
glucose	CHEBI:17234	CHEBI:17234	confirm
yeast extract	CHEBI:86158	REMOVED	deground
n-z amine	CHEBI:85248	REMOVED	deground
yeast extract	CHEBI:86158	REMOVED	deground
glucose	CHEBI:17234	CHEBI:17234	confirm
yeast extract	CHEBI:86158	REMOVED	deground
mgcl2 x 6 h2o	CHEBI:34887	CHEBI:86345	resolve_corpus_consensus
d-glucose	CHEBI:17234	CHEBI:17234	confirm
yeast extract	CHEBI:86158	REMOVED	deground
yeast extract	CHEBI:86158	REMOVED	deground
mgcl2 x 6 h2o	CHEBI:34887	CHEBI:86345	resolve_corpus_consensus
d-glucose	CHEBI:17234	CHEBI:17234	confirm
yeast extract	CHEBI:86158	REMOVED	deground
mgcl2 x 6 h2o	CHEBI:34887	CHEBI:86345	resolve_corpus_consensus
yeast extract	CHEBI:86158	REMOVED	deground
dithiothreitol	CHEBI:18320	CHEBI:18320	confirm
vitamin b12	CHEBI:176843	CHEBI:176843	confirm
mgcl2 x 6 h2o	CHEBI:34887	CHEBI:86345	resolve_corpus_consensus
glucose	CHEBI:17234	CHEBI:17234	confirm
yeast extract	CHEBI:86158	REMOVED	deground
maize extract	CHEBI:2509	REMOVED	deground
glucose	CHEBI:17234	CHEBI:17234	confirm
yeast extract	CHEBI:86158	REMOVED	deground
ground beef	CHEBI:8806	REMOVED	deground
yeast extract	CHEBI:86158	REMOVED	deground
yeast extract	CHEBI:86158	REMOVED	deground
yeast extract	CHEBI:86158	REMOVED	deground
corn steep powder	CHEBI:2509	REMOVED	deground
yeast extract	CHEBI:86158	REMOVED	deground
yeast extract	CHEBI:86158	REMOVED	deground
glucose	CHEBI:17234	CHEBI:17234	confirm
yeast extract	CHEBI:86158	REMOVED	deground
yeast extract	CHEBI:86158	REMOVED	deground
yeast extract	CHEBI:86158	REMOVED	deground
mgcl2 x 6 h2o	CHEBI:34887	CHEBI:86345	resolve_corpus_consensus
yeast extract	CHEBI:86158	REMOVED	deground
glucose	CHEBI:17234	CHEBI:17234	confirm
mgcl2 x 6 h2o	CHEBI:34887	CHEBI:86345	resolve_corpus_consensus
yeast extract	CHEBI:86158	REMOVED	deground
vitamin b12	CHEBI:176843	CHEBI:176843	confirm
yeast extract	CHEBI:86158	REMOVED	deground
mgcl2 x 6 h2o	CHEBI:34887	CHEBI:86345	resolve_corpus_consensus
glucose	CHEBI:17234	CHEBI:17234	confirm
yeast extract	CHEBI:86158	REMOVED	deground
voso4 x 2 h2o	CHEBI:32139	CHEBI:33146	resolve_manual_curated
yeast extract	CHEBI:86158	REMOVED	deground
glucose	CHEBI:17234	CHEBI:17234	confirm
deionized water	CHEBI:86249	CHEBI:15377	resolve_manual_curated
yeast extract	CHEBI:86158	REMOVED	deground
yeast extract	CHEBI:86158	REMOVED	deground
mgcl2 x 6 h2o	CHEBI:34887	CHEBI:86345	resolve_corpus_consensus
yeast extract	CHEBI:86158	REMOVED	deground
glucose	CHEBI:17234	CHEBI:17234	confirm
yeast extract	CHEBI:86158	REMOVED	deground
vitamin b12	CHEBI:176843	CHEBI:176843	confirm
yeast extract	CHEBI:86158	REMOVED	deground
glucose	CHEBI:17234	CHEBI:17234	confirm
vitamin b12	CHEBI:176843	CHEBI:176843	confirm
mgcl2 x 6 h2o	CHEBI:34887	CHEBI:86345	resolve_corpus_consensus
yeast extract	CHEBI:86158	REMOVED	deground
glucose	CHEBI:17234	CHEBI:17234	confirm
vitamin b12	CHEBI:176843	CHEBI:176843	confirm
mgcl2 x 6 h2o	CHEBI:34887	CHEBI:86345	resolve_corpus_consensus
yeast extract	CHEBI:86158	REMOVED	deground
glucose	CHEBI:17234	CHEBI:17234	confirm
mgcl2 x 6 h2o	CHEBI:34887	CHEBI:86345	resolve_corpus_consensus
yeast extract	CHEBI:86158	REMOVED	deground
yeast extract	CHEBI:86158	REMOVED	deground
vitamin b12	CHEBI:176843	CHEBI:176843	confirm
glucose	CHEBI:17234	CHEBI:17234	confirm
vitamin b12	CHEBI:176843	CHEBI:176843	confirm
ground beef	CHEBI:8806	REMOVED	deground
yeast extract	CHEBI:86158	REMOVED	deground
yeast extract	CHEBI:86158	REMOVED	deground
glucose	CHEBI:17234	CHEBI:17234	confirm
yeast extract	CHEBI:86158	REMOVED	deground
yeast extract	CHEBI:86158	REMOVED	deground
glucose	CHEBI:17234	CHEBI:17234	confirm
mgcl2 x 6 h2o	CHEBI:34887	CHEBI:86345	resolve_corpus_consensus
yeast extract	CHEBI:86158	REMOVED	deground
oatmeal	CHEBI:2509	REMOVED	deground
yeast extract	CHEBI:86158	REMOVED	deground
yeast extract	CHEBI:86158	REMOVED	deground
mgcl2 x 6 h2o	CHEBI:34887	CHEBI:86345	resolve_corpus_consensus
ki	CHEBI:138791	CHEBI:8346	resolve_manual_curated
mgcl2 x 6 h2o	CHEBI:34887	CHEBI:86345	resolve_corpus_consensus
mgcl2 x 6 h2o	CHEBI:34887	CHEBI:86345	resolve_corpus_consensus
yeast extract	CHEBI:86158	REMOVED	deground
d-glucose	CHEBI:17234	CHEBI:17234	confirm
mgcl2 x 6 h2o	CHEBI:34887	CHEBI:86345	resolve_corpus_consensus
yeast extract	CHEBI:86158	REMOVED	deground
d-fructose	CHEBI:15824	CHEBI:15824	confirm
yeast extract	CHEBI:86158	REMOVED	deground
yeast extract	CHEBI:86158	REMOVED	deground
d-glucose	CHEBI:17234	CHEBI:17234	confirm
yeast extract	CHEBI:86158	REMOVED	deground
inositol	CHEBI:17268	CHEBI:17268	confirm
vitamin b12	CHEBI:176843	CHEBI:176843	confirm
glucose	CHEBI:17234	CHEBI:17234	confirm
yeast extract	CHEBI:86158	REMOVED	deground
glucose	CHEBI:17234	CHEBI:17234	confirm
metall salt sol. 44	CHEBI:6636	REMOVED	deground
vitamin b12	CHEBI:176843	CHEBI:176843	confirm
yeast extract	CHEBI:86158	REMOVED	deground
glucose	CHEBI:17234	CHEBI:17234	confirm
yeast extract	CHEBI:86158	REMOVED	deground
mgcl2 x 6 h2o	CHEBI:34887	CHEBI:86345	resolve_corpus_consensus
mgcl2 x 6 h2o	CHEBI:34887	CHEBI:86345	resolve_corpus_consensus
yeast extract	CHEBI:86158	REMOVED	deground
glucose	CHEBI:17234	CHEBI:17234	confirm
yeast extract	CHEBI:86158	REMOVED	deground
nano3	CHEBI:65327	CHEBI:63005	resolve_manual_curated
yeast extract	CHEBI:86158	REMOVED	deground
ground beef	CHEBI:8806	REMOVED	deground
yeast extract	CHEBI:86158	REMOVED	deground
dl-dithiothreitol	CHEBI:18320	CHEBI:18320	confirm
yeast extract	CHEBI:86158	REMOVED	deground
glucose	CHEBI:17234	CHEBI:17234	confirm
vitamin b12	CHEBI:176843	CHEBI:176843	confirm
yeast extract	CHEBI:86158	REMOVED	deground
yeast extract	CHEBI:86158	REMOVED	deground
mgcl2 x 6 h2o	CHEBI:34887	CHEBI:86345	resolve_corpus_consensus
yeast extract	CHEBI:86158	REMOVED	deground
glucose	CHEBI:17234	CHEBI:17234	confirm
fe(iii)nh4-edta	CHEBI:91243	REMOVED	deground
yeast extract	CHEBI:86158	REMOVED	deground
dehydrated rcm medium	CHEBI:29377	REMOVED	deground
dehydrated rcm medium	CHEBI:29377	REMOVED	deground
dehydrated rcm medium	CHEBI:29377	REMOVED	deground
dehydrated rcm medium	CHEBI:29377	REMOVED	deground
d-glucose	CHEBI:17234	CHEBI:17234	confirm
yeast extract	CHEBI:86158	REMOVED	deground
dextrose	CHEBI:17634	CHEBI:17634	confirm
yeast extract	CHEBI:86158	REMOVED	deground
glucose	CHEBI:17234	CHEBI:17234	confirm
fructose	CHEBI:15824	CHEBI:15824	confirm
maltose	CHEBI:17306	CHEBI:17306	confirm
mgcl2 x 6 h2o	CHEBI:34887	CHEBI:86345	resolve_corpus_consensus
yeast extract	CHEBI:86158	REMOVED	deground
mgcl2 x 6 h2o	CHEBI:34887	CHEBI:86345	resolve_corpus_consensus
yeast extract	CHEBI:86158	REMOVED	deground
yeast extract	CHEBI:86158	REMOVED	deground
sodium potassium phosphate buffer	CHEBI:57305	REMOVED	deground
yeast extract	CHEBI:86158	REMOVED	deground
glycine	CHEBI:15428	CHEBI:15428	confirm
yeast extract	CHEBI:86158	REMOVED	deground
d-glucose	CHEBI:17234	CHEBI:17234	confirm
soil extract	CHEBI:15956	REMOVED	deground
bovine albumin	CHEBI:26710	REMOVED	deground
dextrose	CHEBI:17634	CHEBI:17634	confirm
mgcl2 x 6 h2o	CHEBI:34887	CHEBI:86345	resolve_corpus_consensus
d-glucose	CHEBI:17234	CHEBI:17234	confirm
mgcl2 x 6 h2o	CHEBI:34887	CHEBI:86345	resolve_corpus_consensus
yeast extract	CHEBI:86158	REMOVED	deground
vitamin b12	CHEBI:176843	CHEBI:176843	confirm
yeast extract	CHEBI:86158	REMOVED	deground
mgcl2 x 6 h2o	CHEBI:34887	CHEBI:86345	resolve_corpus_consensus
yeast extract	CHEBI:86158	REMOVED	deground
yeast extract	CHEBI:86158	REMOVED	deground
yeast extract	CHEBI:86158	REMOVED	deground
yeast extract	CHEBI:86158	REMOVED	deground
dry cow-manure	CHEBI:2509	REMOVED	deground
yeast extract	CHEBI:86158	REMOVED	deground
yeast extract	CHEBI:86158	REMOVED	deground
lactose	CHEBI:17716	CHEBI:17716	confirm
mgcl2 x 6 h2o	CHEBI:34887	CHEBI:86345	resolve_corpus_consensus
yeast extract	CHEBI:86158	REMOVED	deground
glucose	CHEBI:17234	CHEBI:17234	confirm
glucose	CHEBI:17234	CHEBI:17234	confirm
polypeptone	CHEBI:26710	REMOVED	deground
yeast extract	CHEBI:86158	REMOVED	deground
yeast extract	CHEBI:86158	REMOVED	deground
mgcl2 x 6 h2o	CHEBI:34887	CHEBI:86345	resolve_corpus_consensus
yeast extract	CHEBI:86158	REMOVED	deground
d-glucose	CHEBI:17234	CHEBI:17234	confirm
mgcl2 x 6 h2o	CHEBI:34887	CHEBI:86345	resolve_corpus_consensus
yeast extract	CHEBI:86158	REMOVED	deground
d-glucose	CHEBI:17234	CHEBI:17234	confirm
yeast extract	CHEBI:86158	REMOVED	deground
yeast extract	CHEBI:86158	REMOVED	deground
yeast extract	CHEBI:86158	REMOVED	deground
dl-dithiothreitol	CHEBI:18320	CHEBI:18320	confirm
mgcl2 x 6 h2o	CHEBI:34887	CHEBI:86345	resolve_corpus_consensus
yeast extract	CHEBI:86158	REMOVED	deground
vitamin b12	CHEBI:176843	CHEBI:176843	confirm
yeast extract	CHEBI:86158	REMOVED	deground
vitamin b12	CHEBI:176843	CHEBI:176843	confirm
mgcl2 x 6 h2o	CHEBI:34887	CHEBI:86345	resolve_corpus_consensus
yeast extract	CHEBI:86158	REMOVED	deground
yeast extract	CHEBI:86158	REMOVED	deground
glucose	CHEBI:17234	CHEBI:17234	confirm
yeast extract	CHEBI:86158	REMOVED	deground
soil extract	CHEBI:15956	REMOVED	deground
mgcl2 x 6 h2o	CHEBI:34887	CHEBI:86345	resolve_corpus_consensus
yeast extract	CHEBI:86158	REMOVED	deground
d-glucose	CHEBI:17234	CHEBI:17234	confirm
mgcl2 x 6 h2o	CHEBI:34887	CHEBI:86345	resolve_corpus_consensus
yeast extract	CHEBI:86158	REMOVED	deground
yeast extract	CHEBI:86158	REMOVED	deground
glucose	CHEBI:17234	CHEBI:17234	confirm
glucose	CHEBI:17234	CHEBI:17234	confirm
mgcl2 x 6 h2o	CHEBI:34887	CHEBI:86345	resolve_corpus_consensus
yeast extract	CHEBI:86158	REMOVED	deground
mgcl2 x 6 h2o	CHEBI:34887	CHEBI:86345	resolve_corpus_consensus
yeast extract	CHEBI:86158	REMOVED	deground
yeast extract	CHEBI:86158	REMOVED	deground
bacto panton	CHEBI:2509	REMOVED	deground
bacto bitone	CHEBI:28017	REMOVED	deground
yeast extract	CHEBI:86158	REMOVED	deground
mgcl2 x 6 h2o	CHEBI:34887	CHEBI:86345	resolve_corpus_consensus
yeast extract	CHEBI:86158	REMOVED	deground
glucose	CHEBI:17234	CHEBI:17234	confirm
d-glucose	CHEBI:17234	CHEBI:17234	confirm
mgcl2 x 6 h2o	CHEBI:34887	CHEBI:86345	resolve_corpus_consensus
yeast extract	CHEBI:86158	REMOVED	deground
columbia agar base	CHEBI:42758	REMOVED	deground
yeast extract	CHEBI:86158	REMOVED	deground
yeast extract	CHEBI:86158	REMOVED	deground
glucose	CHEBI:17234	CHEBI:17234	confirm
lactose	CHEBI:17716	CHEBI:17716	confirm
bovine serum	CHEBI:42758	REMOVED	deground
dextrose	CHEBI:17634	CHEBI:17634	confirm
glucose	CHEBI:17234	CHEBI:17234	confirm
yeast extract	CHEBI:86158	REMOVED	deground
glucose	CHEBI:17234	CHEBI:17234	confirm
yeast extract	CHEBI:86158	REMOVED	deground
dextrose	CHEBI:17634	CHEBI:17634	confirm
lactose	CHEBI:17716	CHEBI:17716	confirm
yeast extract	CHEBI:86158	REMOVED	deground
mgcl2 x 6 h2o	CHEBI:34887	CHEBI:86345	resolve_corpus_consensus
yeast extract	CHEBI:86158	REMOVED	deground
l-cysteine	CHEBI:15356	CHEBI:15356	confirm
substrate	CHEBI:32139	REMOVED	deground
yeast extract	CHEBI:86158	REMOVED	deground
d-glucose	CHEBI:17234	CHEBI:17234	confirm
yeast extract	CHEBI:86158	REMOVED	deground
d-glucose	CHEBI:17234	CHEBI:17234	confirm
maltose	CHEBI:17306	CHEBI:17306	confirm
mgcl2 x 6 h2o	CHEBI:34887	CHEBI:86345	resolve_corpus_consensus
yeast extract	CHEBI:86158	REMOVED	deground
na2seo3 x 5 h2o	CHEBI:63940	CHEBI:131361	resolve_corpus_consensus
mgcl2 x 6 h2o	CHEBI:34887	CHEBI:86345	resolve_corpus_consensus
yeast extract	CHEBI:86158	REMOVED	deground
nano3	CHEBI:65327	CHEBI:63005	resolve_manual_curated
yeast extract	CHEBI:86158	REMOVED	deground
yeast extract	CHEBI:86158	REMOVED	deground
d-glucose	CHEBI:17234	CHEBI:17234	confirm
mgcl2 x 6 h2o	CHEBI:34887	CHEBI:86345	resolve_corpus_consensus
yeast extract	CHEBI:86158	REMOVED	deground
3,4,5-trimethoxycinnamic acid	CHEBI:228320	CHEBI:228320	confirm
yeast extract	CHEBI:86158	REMOVED	deground
d-glucose	CHEBI:17234	CHEBI:17234	confirm
mgcl2 x 6 h2o	CHEBI:34887	CHEBI:86345	resolve_corpus_consensus
yeast extract	CHEBI:86158	REMOVED	deground
yeast extract	CHEBI:86158	REMOVED	deground
glucose	CHEBI:17234	CHEBI:17234	confirm
dl-dithiothreitol	CHEBI:18320	CHEBI:18320	confirm
yeast extract	CHEBI:86158	REMOVED	deground
mgcl2 x 6 h2o	CHEBI:34887	CHEBI:86345	resolve_corpus_consensus
d-glucose	CHEBI:17234	CHEBI:17234	confirm
yeast extract	CHEBI:86158	REMOVED	deground
rolled oats	CHEBI:2509	REMOVED	deground
mgcl2 x 6 h2o	CHEBI:34887	CHEBI:86345	resolve_corpus_consensus
yeast extract	CHEBI:86158	REMOVED	deground
d-glucose	CHEBI:17234	CHEBI:17234	confirm
yeast extract	CHEBI:86158	REMOVED	deground
d-glucose	CHEBI:17234	CHEBI:17234	confirm
mgcl2 x 6 h2o	CHEBI:34887	CHEBI:86345	resolve_corpus_consensus
yeast extract	CHEBI:86158	REMOVED	deground
mgcl2 x 6 h2o	CHEBI:34887	CHEBI:86345	resolve_corpus_consensus
yeast extract	CHEBI:86158	REMOVED	deground
glucose	CHEBI:17234	CHEBI:17234	confirm
mgcl2 x 6 h2o	CHEBI:34887	CHEBI:86345	resolve_corpus_consensus
yeast extract	CHEBI:86158	REMOVED	deground
mgcl2 x 6 h2o	CHEBI:34887	CHEBI:86345	resolve_corpus_consensus
yeast extract	CHEBI:86158	REMOVED	deground
glucose	CHEBI:17234	CHEBI:17234	confirm
mgcl2 x 6 h2o	CHEBI:34887	CHEBI:86345	resolve_corpus_consensus
mgcl2 x 6 h2o	CHEBI:34887	CHEBI:86345	resolve_corpus_consensus
yeast extract	CHEBI:86158	REMOVED	deground
mgcl2 x 6 h2o	CHEBI:34887	CHEBI:86345	resolve_corpus_consensus
yeast extract	CHEBI:86158	REMOVED	deground
glucose	CHEBI:17234	CHEBI:17234	confirm
mgcl2 x 6 h2o	CHEBI:34887	CHEBI:86345	resolve_corpus_consensus
nano3	CHEBI:65327	CHEBI:63005	resolve_manual_curated
yeast extract	CHEBI:86158	REMOVED	deground
yeast extract	CHEBI:86158	REMOVED	deground
glucose	CHEBI:17234	CHEBI:17234	confirm
yeast extract	CHEBI:86158	REMOVED	deground
mgcl2 x 6 h2o	CHEBI:34887	CHEBI:86345	resolve_corpus_consensus
yeast extract	CHEBI:86158	REMOVED	deground
dl-dithiothreitol	CHEBI:18320	CHEBI:18320	confirm
mgcl2 x 6 h2o	CHEBI:34887	CHEBI:86345	resolve_corpus_consensus
yeast extract	CHEBI:86158	REMOVED	deground
dl-dithiothreitol	CHEBI:18320	CHEBI:18320	confirm
glucose	CHEBI:17234	CHEBI:17234	confirm
yeast extract	CHEBI:86158	REMOVED	deground
mgcl2 x 6 h2o	CHEBI:34887	CHEBI:86345	resolve_corpus_consensus
mgcl2 x 6 h2o	CHEBI:34887	CHEBI:86345	resolve_corpus_consensus
yeast extract	CHEBI:86158	REMOVED	deground
d-glucose	CHEBI:17234	CHEBI:17234	confirm
yeast extract	CHEBI:86158	REMOVED	deground
nano3	CHEBI:65327	CHEBI:63005	resolve_manual_curated
yeast extract	CHEBI:86158	REMOVED	deground
mgcl2 x 6 h2o	CHEBI:34887	CHEBI:86345	resolve_corpus_consensus
yeast extract	CHEBI:86158	REMOVED	deground
mgcl2 x 6 h2o	CHEBI:34887	CHEBI:86345	resolve_corpus_consensus
yeast extract	CHEBI:86158	REMOVED	deground
potassium phosphate buffer	CHEBI:31345	REMOVED	deground
yeast extract	CHEBI:86158	REMOVED	deground
vitamin b12	CHEBI:176843	CHEBI:176843	confirm
mgcl2 x 6 h2o	CHEBI:34887	CHEBI:86345	resolve_corpus_consensus
vitamin b12	CHEBI:176843	CHEBI:176843	confirm
mgcl2 x 6 h2o	CHEBI:34887	CHEBI:86345	resolve_corpus_consensus
yeast extract	CHEBI:86158	REMOVED	deground
bovine serum albumin	CHEBI:6636	REMOVED	deground
glucose	CHEBI:17234	CHEBI:17234	confirm
yeast extract	CHEBI:86158	REMOVED	deground
yeast extract	CHEBI:86158	REMOVED	deground
maltose	CHEBI:17306	CHEBI:17306	confirm
yeast extract	CHEBI:86158	REMOVED	deground
maltose	CHEBI:17306	CHEBI:17306	confirm
yeast extract	CHEBI:86158	REMOVED	deground
yeast extract	CHEBI:86158	REMOVED	deground
yeast extract	CHEBI:86158	REMOVED	deground
mgcl2 x 6 h2o	CHEBI:34887	CHEBI:86345	resolve_corpus_consensus
glucose	CHEBI:17234	CHEBI:17234	confirm
glucose	CHEBI:17234	CHEBI:17234	confirm
mgcl2 x 6 h2o	CHEBI:34887	CHEBI:86345	resolve_corpus_consensus
yeast extract	CHEBI:86158	REMOVED	deground
glucose	CHEBI:17234	CHEBI:17234	confirm
vitamin b12	CHEBI:176843	CHEBI:176843	confirm
voso4 x 2 h2o	CHEBI:32139	CHEBI:33146	resolve_manual_curated
yeast extract	CHEBI:86158	REMOVED	deground
vitamin b12	CHEBI:176843	CHEBI:176843	confirm
mgcl2 x 6 h2o	CHEBI:34887	CHEBI:86345	resolve_corpus_consensus
yeast extract	CHEBI:86158	REMOVED	deground
lactose	CHEBI:17716	CHEBI:17716	confirm
glycine	CHEBI:15428	CHEBI:15428	confirm
yeast extract	CHEBI:86158	REMOVED	deground
yeast extract	CHEBI:86158	REMOVED	deground
dithiothreitol	CHEBI:18320	CHEBI:18320	confirm
yeast extract	CHEBI:86158	REMOVED	deground
nano3	CHEBI:65327	CHEBI:63005	resolve_manual_curated
yeast extract	CHEBI:86158	REMOVED	deground
glucose	CHEBI:17234	CHEBI:17234	confirm
yeast extract	CHEBI:86158	REMOVED	deground
glucose	CHEBI:17234	CHEBI:17234	confirm
yeast extract	CHEBI:86158	REMOVED	deground
mgcl2 x 6 h2o	CHEBI:34887	CHEBI:86345	resolve_corpus_consensus
yeast extract	CHEBI:86158	REMOVED	deground
na2-9,10-anthraquinone-2,6-disulfonate	CHEBI:32139	CHEBI:85112	resolve_manual_curated
na2-9,10-anthraquinone-2,6-disulfonate	CHEBI:32139	CHEBI:85112	resolve_manual_curated
mgcl2 x 6 h2o	CHEBI:34887	CHEBI:86345	resolve_corpus_consensus
yeast extract	CHEBI:86158	REMOVED	deground
mgcl2 x 6 h2o	CHEBI:34887	CHEBI:86345	resolve_corpus_consensus
yeast extract	CHEBI:86158	REMOVED	deground
yeast extract	CHEBI:86158	REMOVED	deground
glucose	CHEBI:17234	CHEBI:17234	confirm
dung extract	CHEBI:2509	REMOVED	deground
mgcl2 x 6 h2o	CHEBI:34887	CHEBI:86345	resolve_corpus_consensus
mgcl2 x 6 h2o	CHEBI:34887	CHEBI:86345	resolve_corpus_consensus
mgcl2 x 6 h2o	CHEBI:34887	CHEBI:86345	resolve_corpus_consensus
yeast extract	CHEBI:86158	REMOVED	deground
yeast extract	CHEBI:86158	REMOVED	deground
mgcl2 x 6 h2o	CHEBI:34887	CHEBI:86345	resolve_corpus_consensus
yeast extract	CHEBI:86158	REMOVED	deground
glucose	CHEBI:17234	CHEBI:17234	confirm
mgcl2 x 6 h2o	CHEBI:34887	CHEBI:86345	resolve_corpus_consensus
yeast extract	CHEBI:86158	REMOVED	deground
mgcl2 x 6 h2o	CHEBI:34887	CHEBI:86345	resolve_corpus_consensus
yeast extract	CHEBI:86158	REMOVED	deground
d-glucose	CHEBI:17234	CHEBI:17234	confirm
glucose	CHEBI:17234	CHEBI:17234	confirm
diced potato	CHEBI:42758	REMOVED	deground
yeast extract	CHEBI:86158	REMOVED	deground
yeast extract	CHEBI:86158	REMOVED	deground
air-dried garden soil	CHEBI:29864	REMOVED	deground
vitamin b12	CHEBI:176843	CHEBI:176843	confirm
mgcl2 x 6 h2o	CHEBI:34887	CHEBI:86345	resolve_corpus_consensus
ki	CHEBI:138791	CHEBI:8346	resolve_manual_curated
mgcl2 x 6 h2o	CHEBI:34887	CHEBI:86345	resolve_corpus_consensus
ki	CHEBI:138791	CHEBI:8346	resolve_manual_curated
yeast extract	CHEBI:86158	REMOVED	deground
mgcl2 x 6 h2o	CHEBI:34887	CHEBI:86345	resolve_corpus_consensus
ki	CHEBI:138791	CHEBI:8346	resolve_manual_curated
mgcl2 x 6 h2o	CHEBI:34887	CHEBI:86345	resolve_corpus_consensus
ki	CHEBI:138791	CHEBI:8346	resolve_manual_curated
yeast extract	CHEBI:86158	REMOVED	deground
mgcl2 x 6 h2o	CHEBI:34887	CHEBI:86345	resolve_corpus_consensus
yeast extract	CHEBI:86158	REMOVED	deground
mgcl2 x 6 h2o	CHEBI:34887	CHEBI:86345	resolve_corpus_consensus
yeast extract	CHEBI:86158	REMOVED	deground
yeast extract	CHEBI:86158	REMOVED	deground
yeast extract	CHEBI:86158	REMOVED	deground
mgcl2 x 6 h2o	CHEBI:34887	CHEBI:86345	resolve_corpus_consensus
na2seo3 x 5 h2o	CHEBI:63940	CHEBI:131361	resolve_corpus_consensus
ground beef	CHEBI:8806	REMOVED	deground
yeast extract	CHEBI:86158	REMOVED	deground
yeast extract	CHEBI:86158	REMOVED	deground
yeast extract	CHEBI:86158	REMOVED	deground
glucose	CHEBI:17234	CHEBI:17234	confirm
yeast extract	CHEBI:86158	REMOVED	deground
yeast extract	CHEBI:86158	REMOVED	deground
glucose	CHEBI:17234	CHEBI:17234	confirm
yeast extract	CHEBI:86158	REMOVED	deground
yeast extract	CHEBI:86158	REMOVED	deground
glucose	CHEBI:17234	CHEBI:17234	confirm
yeast extract	CHEBI:86158	REMOVED	deground
glucose	CHEBI:17234	CHEBI:17234	confirm
nano3	CHEBI:65327	CHEBI:63005	resolve_manual_curated
nano3	CHEBI:65327	CHEBI:63005	resolve_manual_curated
skim milk	CHEBI:28260	REMOVED	deground
glucose	CHEBI:17234	CHEBI:17234	confirm
activated carbon	CHEBI:86158	REMOVED	deground
yeast extract	CHEBI:86158	REMOVED	deground
mgcl2 x 6 h2o	CHEBI:34887	CHEBI:86345	resolve_corpus_consensus
yeast extract	CHEBI:86158	REMOVED	deground
mgcl2 x 6 h2o	CHEBI:34887	CHEBI:86345	resolve_corpus_consensus
yeast extract	CHEBI:86158	REMOVED	deground
mgcl2 x 6 h2o	CHEBI:34887	CHEBI:86345	resolve_corpus_consensus
yeast extract	CHEBI:86158	REMOVED	deground
mgcl2 x 6 h2o	CHEBI:34887	CHEBI:86345	resolve_corpus_consensus
mgcl2 x 6 h2o	CHEBI:34887	CHEBI:86345	resolve_corpus_consensus
yeast extract	CHEBI:86158	REMOVED	deground
mgcl2 x 6 h2o	CHEBI:34887	CHEBI:86345	resolve_corpus_consensus
yeast extract	CHEBI:86158	REMOVED	deground
mgcl2 x 6 h2o	CHEBI:34887	CHEBI:86345	resolve_corpus_consensus
mgcl2 x 6 h2o	CHEBI:34887	CHEBI:86345	resolve_corpus_consensus
yeast extract	CHEBI:86158	REMOVED	deground
yeast extract	CHEBI:86158	REMOVED	deground
mgcl2 x 6 h2o	CHEBI:34887	CHEBI:86345	resolve_corpus_consensus
yeast extract	CHEBI:86158	REMOVED	deground
mgcl2 x 6 h2o	CHEBI:34887	CHEBI:86345	resolve_corpus_consensus
mgcl2 x 6 h2o	CHEBI:34887	CHEBI:86345	resolve_corpus_consensus
yeast extract	CHEBI:86158	REMOVED	deground
mgcl2 x 6 h2o	CHEBI:34887	CHEBI:86345	resolve_corpus_consensus
yeast extract	CHEBI:86158	REMOVED	deground
glucose	CHEBI:17234	CHEBI:17234	confirm
mgcl2 x 6 h2o	CHEBI:34887	CHEBI:86345	resolve_corpus_consensus
yeast extract	CHEBI:86158	REMOVED	deground
yeast extract	CHEBI:86158	REMOVED	deground
mgcl2 x 6 h2o	CHEBI:34887	CHEBI:86345	resolve_corpus_consensus
yeast extract	CHEBI:86158	REMOVED	deground
mgcl2 x 6 h2o	CHEBI:34887	CHEBI:86345	resolve_corpus_consensus
yeast extract	CHEBI:86158	REMOVED	deground
mgcl2 x 6 h2o	CHEBI:34887	CHEBI:86345	resolve_corpus_consensus
yeast extract	CHEBI:86158	REMOVED	deground
d-glucose	CHEBI:17234	CHEBI:17234	confirm
potassium phosphate buffer	CHEBI:31345	REMOVED	deground
2-methylbutyric acid	CHEBI:37070	CHEBI:37070	confirm
mgcl2 x 6 h2o	CHEBI:34887	CHEBI:86345	resolve_corpus_consensus
yeast extract	CHEBI:86158	REMOVED	deground
yeast extract	CHEBI:86158	REMOVED	deground
glucose	CHEBI:17234	CHEBI:17234	confirm
yeast extract	CHEBI:86158	REMOVED	deground
glucose	CHEBI:17234	CHEBI:17234	confirm
yeast extract	CHEBI:86158	REMOVED	deground
glucose	CHEBI:17234	CHEBI:17234	confirm
mgcl2 x 6 h2o	CHEBI:34887	CHEBI:86345	resolve_corpus_consensus
yeast extract	CHEBI:86158	REMOVED	deground
potassium phosphate buffer	CHEBI:31345	REMOVED	deground
yeast extract	CHEBI:86158	REMOVED	deground
yeast extract	CHEBI:86158	REMOVED	deground
mgcl2 x 6 h2o	CHEBI:34887	CHEBI:86345	resolve_corpus_consensus
mgcl2 x 6 h2o	CHEBI:34887	CHEBI:86345	resolve_corpus_consensus
mgcl2 x 6 h2o	CHEBI:34887	CHEBI:86345	resolve_corpus_consensus
yeast extract	CHEBI:86158	REMOVED	deground
yeast extract	CHEBI:86158	REMOVED	deground
mgcl2 x 6 h2o	CHEBI:34887	CHEBI:86345	resolve_corpus_consensus
bovine serum	CHEBI:42758	REMOVED	deground
glucose	CHEBI:17234	CHEBI:17234	confirm
inositol	CHEBI:17268	CHEBI:17268	confirm
mgcl2 x 6 h2o	CHEBI:34887	CHEBI:86345	resolve_corpus_consensus
yeast extract	CHEBI:86158	REMOVED	deground
glucose	CHEBI:17234	CHEBI:17234	confirm
na2seo3 x 5 h2o	CHEBI:63940	CHEBI:131361	resolve_corpus_consensus
vitamin b12	CHEBI:176843	CHEBI:176843	confirm
mgcl2 x 6 h2o	CHEBI:34887	CHEBI:86345	resolve_corpus_consensus
dl-dithiothreitol	CHEBI:18320	CHEBI:18320	confirm
yeast extract	CHEBI:86158	REMOVED	deground
na-caseinate	CHEBI:32030	REMOVED	deground
yeast extract	CHEBI:86158	REMOVED	deground
thiamine pyrophosphate	CHEBI:18290	CHEBI:18290	confirm
ß-nad	CHEBI:9532	CHEBI:13389	resolve_manual_curated
yeast extract	CHEBI:86158	REMOVED	deground
mgcl2 x 6 h2o	CHEBI:34887	CHEBI:86345	resolve_corpus_consensus
mgcl2 x 6 h2o	CHEBI:34887	CHEBI:86345	resolve_corpus_consensus
yeast extract	CHEBI:86158	REMOVED	deground
yeast extract	CHEBI:86158	REMOVED	deground
mgcl2 x 6 h2o	CHEBI:34887	CHEBI:86345	resolve_corpus_consensus
yeast extract	CHEBI:86158	REMOVED	deground
glucose	CHEBI:17234	CHEBI:17234	confirm
yeast extract	CHEBI:86158	REMOVED	deground
glacial acetic acid	CHEBI:16236	CHEBI:15366	resolve_manual_curated
glucose	CHEBI:17234	CHEBI:17234	confirm
yeast extract	CHEBI:86158	REMOVED	deground
glacial acetic acid	CHEBI:16236	CHEBI:15366	resolve_manual_curated
glucose	CHEBI:17234	CHEBI:17234	confirm
yeast extract	CHEBI:86158	REMOVED	deground
glucose	CHEBI:17234	CHEBI:17234	confirm
yeast extract	CHEBI:86158	REMOVED	deground
yeast extract	CHEBI:86158	REMOVED	deground
glucose	CHEBI:17234	CHEBI:17234	confirm
glucose	CHEBI:17234	CHEBI:17234	confirm
yeast extract	CHEBI:86158	REMOVED	deground
mgcl2 x 6 h2o	CHEBI:34887	CHEBI:86345	resolve_corpus_consensus
yeast extract	CHEBI:86158	REMOVED	deground
d-glucose	CHEBI:17234	CHEBI:17234	confirm
mgcl2 x 6 h2o	CHEBI:34887	CHEBI:86345	resolve_corpus_consensus
yeast extract	CHEBI:86158	REMOVED	deground
d-glucose	CHEBI:17234	CHEBI:17234	confirm
mgcl2 x 6 h2o	CHEBI:34887	CHEBI:86345	resolve_corpus_consensus
yeast extract	CHEBI:86158	REMOVED	deground
d-glucose	CHEBI:17234	CHEBI:17234	confirm
mgcl2 x 6 h2o	CHEBI:34887	CHEBI:86345	resolve_corpus_consensus
yeast extract	CHEBI:86158	REMOVED	deground
bovine albumin	CHEBI:26710	REMOVED	deground
dextrose	CHEBI:17634	CHEBI:17634	confirm
nano3	CHEBI:65327	CHEBI:63005	resolve_manual_curated
yeast extract	CHEBI:86158	REMOVED	deground
glucose	CHEBI:17234	CHEBI:17234	confirm
maltose	CHEBI:17306	CHEBI:17306	confirm
mgcl2 x 6 h2o	CHEBI:34887	CHEBI:86345	resolve_corpus_consensus
yeast extract	CHEBI:86158	REMOVED	deground
d-fructose	CHEBI:15824	CHEBI:15824	confirm
mgcl2 x 6 h2o	CHEBI:34887	CHEBI:86345	resolve_corpus_consensus
mgcl2 x 6 h2o	CHEBI:34887	CHEBI:86345	resolve_corpus_consensus
yeast extract	CHEBI:86158	REMOVED	deground
d-glucose	CHEBI:17234	CHEBI:17234	confirm
sodium carbonate solution	CHEBI:2509	REMOVED	deground
mgcl2 x 6 h2o	CHEBI:34887	CHEBI:86345	resolve_corpus_consensus
na2wo4 x 6 h2o	CHEBI:75215	CHEBI:63940	resolve_manual_curated
mgcl2 x 6 h2o	CHEBI:34887	CHEBI:86345	resolve_corpus_consensus
yeast extract	CHEBI:86158	REMOVED	deground
yeast extract	CHEBI:86158	REMOVED	deground
vitamin b12	CHEBI:176843	CHEBI:176843	confirm
yeast extract	CHEBI:86158	REMOVED	deground
d-glucose	CHEBI:17234	CHEBI:17234	confirm
d-glucose	CHEBI:17234	CHEBI:17234	confirm
mgcl2 x 6 h2o	CHEBI:34887	CHEBI:86345	resolve_corpus_consensus
yeast extract	CHEBI:86158	REMOVED	deground
d-glucose	CHEBI:17234	CHEBI:17234	confirm
yeast extract	CHEBI:86158	REMOVED	deground
glucose	CHEBI:17234	CHEBI:17234	confirm
yeast extract	CHEBI:86158	REMOVED	deground
mgcl2 x 6 h2o	CHEBI:34887	CHEBI:86345	resolve_corpus_consensus
yeast extract	CHEBI:86158	REMOVED	deground
yeast extract	CHEBI:86158	REMOVED	deground
mgcl2 x 6 h2o	CHEBI:34887	CHEBI:86345	resolve_corpus_consensus
d-glucose	CHEBI:17234	CHEBI:17234	confirm
yeast extract	CHEBI:86158	REMOVED	deground
mgcl2 x 6 h2o	CHEBI:34887	CHEBI:86345	resolve_corpus_consensus
yeast extract	CHEBI:86158	REMOVED	deground
mgcl2 x 6 h2o	CHEBI:34887	CHEBI:86345	resolve_corpus_consensus
yeast extract	CHEBI:86158	REMOVED	deground
glucose	CHEBI:17234	CHEBI:17234	confirm
yeast extract	CHEBI:86158	REMOVED	deground
mgcl2 x 6 h2o	CHEBI:34887	CHEBI:86345	resolve_corpus_consensus
glucose	CHEBI:17234	CHEBI:17234	confirm
yeast extract	CHEBI:86158	REMOVED	deground
yeast extract	CHEBI:86158	REMOVED	deground
d-fructose	CHEBI:15824	CHEBI:15824	confirm
mgcl2 x 6 h2o	CHEBI:34887	CHEBI:86345	resolve_corpus_consensus
mgcl2 x 6 h2o	CHEBI:34887	CHEBI:86345	resolve_corpus_consensus
mgcl2 x 6 h2o	CHEBI:34887	CHEBI:86345	resolve_corpus_consensus
yeast extract	CHEBI:86158	REMOVED	deground
d-glucose	CHEBI:17234	CHEBI:17234	confirm
poly hexamethylene carbonate	CHEBI:131527	REMOVED	deground
yeast extract	CHEBI:86158	REMOVED	deground
mgcl2 x 6 h2o	CHEBI:34887	CHEBI:86345	resolve_corpus_consensus
yeast extract	CHEBI:86158	REMOVED	deground
vitamin b12	CHEBI:176843	CHEBI:176843	confirm
nano3	CHEBI:65327	CHEBI:63005	resolve_manual_curated
mgcl2 x 6 h2o	CHEBI:34887	CHEBI:86345	resolve_corpus_consensus
yeast extract	CHEBI:86158	REMOVED	deground
mgcl2 x 6 h2o	CHEBI:34887	CHEBI:86345	resolve_corpus_consensus
mgcl2 x 6 h2o	CHEBI:34887	CHEBI:86345	resolve_corpus_consensus
mgcl2 x 6 h2o	CHEBI:34887	CHEBI:86345	resolve_corpus_consensus
yeast extract	CHEBI:86158	REMOVED	deground
glucose	CHEBI:17234	CHEBI:17234	confirm
yeast extract	CHEBI:86158	REMOVED	deground
glucose	CHEBI:17234	CHEBI:17234	confirm
tryptose	CHEBI:53426	REMOVED	deground
yeast extract	CHEBI:86158	REMOVED	deground
mgcl2 x 6 h2o	CHEBI:34887	CHEBI:86345	resolve_corpus_consensus
ki	CHEBI:138791	CHEBI:8346	resolve_manual_curated
mgcl2 x 6 h2o	CHEBI:34887	CHEBI:86345	resolve_corpus_consensus
yeast extract	CHEBI:86158	REMOVED	deground
d-glucose	CHEBI:17234	CHEBI:17234	confirm
mgcl2 x 6 h2o	CHEBI:34887	CHEBI:86345	resolve_corpus_consensus
yeast extract	CHEBI:86158	REMOVED	deground
d-glucose	CHEBI:17234	CHEBI:17234	confirm
ground beef	CHEBI:8806	REMOVED	deground
yeast extract	CHEBI:86158	REMOVED	deground
d-glucose	CHEBI:17234	CHEBI:17234	confirm
maltose	CHEBI:17306	CHEBI:17306	confirm
mgcl2 x 6 h2o	CHEBI:34887	CHEBI:86345	resolve_corpus_consensus
yeast extract	CHEBI:86158	REMOVED	deground
mgcl2 x 6 h2o	CHEBI:34887	CHEBI:86345	resolve_corpus_consensus
yeast extract	CHEBI:86158	REMOVED	deground
d-glucose	CHEBI:17234	CHEBI:17234	confirm
mgcl2 x 6 h2o	CHEBI:34887	CHEBI:86345	resolve_corpus_consensus
yeast extract	CHEBI:86158	REMOVED	deground
d-fructose	CHEBI:15824	CHEBI:15824	confirm
mgcl2 x 6 h2o	CHEBI:34887	CHEBI:86345	resolve_corpus_consensus
yeast extract	CHEBI:86158	REMOVED	deground
mgcl2 x 6 h2o	CHEBI:34887	CHEBI:86345	resolve_corpus_consensus
yeast extract	CHEBI:86158	REMOVED	deground
yeast extract	CHEBI:86158	REMOVED	deground
mgcl2 x 6 h2o	CHEBI:34887	CHEBI:86345	resolve_corpus_consensus
yeast extract	CHEBI:86158	REMOVED	deground
d-glucose	CHEBI:17234	CHEBI:17234	confirm
yeast extract	CHEBI:86158	REMOVED	deground
d-glucose	CHEBI:17234	CHEBI:17234	confirm
yeast extract	CHEBI:86158	REMOVED	deground
mgcl2 x 6 h2o	CHEBI:34887	CHEBI:86345	resolve_corpus_consensus
mgcl2 x 6 h2o	CHEBI:34887	CHEBI:86345	resolve_corpus_consensus
na3-citrate x 5 h2o	CHEBI:76209	CHEBI:32142	resolve_manual_curated
yeast extract	CHEBI:86158	REMOVED	deground
vitamin b12	CHEBI:176843	CHEBI:176843	confirm
yeast extract	CHEBI:86158	REMOVED	deground
glucose	CHEBI:17234	CHEBI:17234	confirm
thiamine pyrophosphate	CHEBI:18290	CHEBI:18290	confirm
rabbit serum	CHEBI:18050	REMOVED	deground
dl-2-methylbutyric acid	CHEBI:37070	CHEBI:37070	confirm
yeast extract	CHEBI:86158	REMOVED	deground
mgcl2 x 6 h2o	CHEBI:34887	CHEBI:86345	resolve_corpus_consensus
d-glucose	CHEBI:17234	CHEBI:17234	confirm
yeast extract	CHEBI:86158	REMOVED	deground
yeast extract	CHEBI:86158	REMOVED	deground
yeast extract	CHEBI:86158	REMOVED	deground
glucose	CHEBI:17234	CHEBI:17234	confirm
yeast extract	CHEBI:86158	REMOVED	deground
d-glucose	CHEBI:17234	CHEBI:17234	confirm
mgcl2 x 6 h2o	CHEBI:34887	CHEBI:86345	resolve_corpus_consensus
yeast extract	CHEBI:86158	REMOVED	deground
mgcl2 x 6 h2o	CHEBI:34887	CHEBI:86345	resolve_corpus_consensus
yeast extract	CHEBI:86158	REMOVED	deground
yeast extract	CHEBI:86158	REMOVED	deground
glucose	CHEBI:17234	CHEBI:17234	confirm
yeast extract	CHEBI:86158	REMOVED	deground
glucose	CHEBI:17234	CHEBI:17234	confirm
yeast extract	CHEBI:86158	REMOVED	deground
mgcl2 x 6 h2o	CHEBI:34887	CHEBI:86345	resolve_corpus_consensus
yeast extract	CHEBI:86158	REMOVED	deground
ground beef	CHEBI:8806	REMOVED	deground
glucose	CHEBI:17234	CHEBI:17234	confirm
mgcl2 x 6 h2o	CHEBI:34887	CHEBI:86345	resolve_corpus_consensus
yeast extract	CHEBI:86158	REMOVED	deground
mgcl2 x 6 h2o	CHEBI:34887	CHEBI:86345	resolve_corpus_consensus
yeast extract	CHEBI:86158	REMOVED	deground
mgcl2 x 6 h2o	CHEBI:34887	CHEBI:86345	resolve_corpus_consensus
mgcl2 x 6 h2o	CHEBI:34887	CHEBI:86345	resolve_corpus_consensus
ki	CHEBI:138791	CHEBI:8346	resolve_manual_curated
yeast extract	CHEBI:86158	REMOVED	deground
glucose	CHEBI:17234	CHEBI:17234	confirm
glucose	CHEBI:17234	CHEBI:17234	confirm
yeast extract	CHEBI:86158	REMOVED	deground
mgcl2 x 6 h2o	CHEBI:34887	CHEBI:86345	resolve_corpus_consensus
na2seo3 x 5 h2o	CHEBI:63940	CHEBI:131361	resolve_corpus_consensus
pyridoxin	CHEBI:34887	CHEBI:16709	resolve_manual_curated
mgcl2 x 6 h2o	CHEBI:34887	CHEBI:86345	resolve_corpus_consensus
yeast extract	CHEBI:86158	REMOVED	deground
yeast extract	CHEBI:86158	REMOVED	deground
yeast extract	CHEBI:86158	REMOVED	deground
mgcl2 x 6 h2o	CHEBI:34887	CHEBI:86345	resolve_corpus_consensus
yeast extract	CHEBI:86158	REMOVED	deground
glucose	CHEBI:17234	CHEBI:17234	confirm
yeast extract	CHEBI:86158	REMOVED	deground
mgcl2 x 6 h2o	CHEBI:34887	CHEBI:86345	resolve_corpus_consensus
yeast extract	CHEBI:86158	REMOVED	deground
yeast extract	CHEBI:86158	REMOVED	deground
yeast extract	CHEBI:86158	REMOVED	deground
d-glucose	CHEBI:17234	CHEBI:17234	confirm
yeast extract	CHEBI:86158	REMOVED	deground
yeast extract	CHEBI:86158	REMOVED	deground
sodium potassium phosphate buffer	CHEBI:57305	REMOVED	deground
glycine	CHEBI:15428	CHEBI:15428	confirm
na2seo3 x 5 h2o	CHEBI:63940	CHEBI:131361	resolve_corpus_consensus
yeast extract	CHEBI:86158	REMOVED	deground
mgcl2 x 6 h2o	CHEBI:34887	CHEBI:86345	resolve_corpus_consensus
yeast extract	CHEBI:86158	REMOVED	deground
yeast extract	CHEBI:86158	REMOVED	deground
mgcl2 x 6 h2o	CHEBI:34887	CHEBI:86345	resolve_corpus_consensus
yeast extract	CHEBI:86158	REMOVED	deground
yeast extract	CHEBI:86158	REMOVED	deground
mgcl2 x 6 h2o	CHEBI:34887	CHEBI:86345	resolve_corpus_consensus
vitamin b12	CHEBI:176843	CHEBI:176843	confirm
yeast extract	CHEBI:86158	REMOVED	deground
mgcl2 x 6 h2o	CHEBI:34887	CHEBI:86345	resolve_corpus_consensus
glucose	CHEBI:17234	CHEBI:17234	confirm
yeast extract	CHEBI:86158	REMOVED	deground
yeast extract	CHEBI:86158	REMOVED	deground
yeast cell paste	CHEBI:2509	REMOVED	deground
mgcl2 x 6 h2o	CHEBI:34887	CHEBI:86345	resolve_corpus_consensus
yeast extract	CHEBI:86158	REMOVED	deground
maltose	CHEBI:17306	CHEBI:17306	confirm
mgcl2 x 6 h2o	CHEBI:34887	CHEBI:86345	resolve_corpus_consensus
yeast extract	CHEBI:86158	REMOVED	deground
maltose	CHEBI:17306	CHEBI:17306	confirm
mgcl2 x 6 h2o	CHEBI:34887	CHEBI:86345	resolve_corpus_consensus
yeast extract	CHEBI:86158	REMOVED	deground
yeast extract	CHEBI:86158	REMOVED	deground
mgcl2 x 6 h2o	CHEBI:34887	CHEBI:86345	resolve_corpus_consensus
ki	CHEBI:138791	CHEBI:8346	resolve_manual_curated
na2-9,10-anthraquinone-2,6-disulfonate	CHEBI:32139	CHEBI:85112	resolve_manual_curated
mgcl2 x 6 h2o	CHEBI:34887	CHEBI:86345	resolve_corpus_consensus
yeast extract	CHEBI:86158	REMOVED	deground
mgcl2 x 6 h2o	CHEBI:34887	CHEBI:86345	resolve_corpus_consensus
yeast extract	CHEBI:86158	REMOVED	deground
d-glucose	CHEBI:17234	CHEBI:17234	confirm
yeast extract	CHEBI:86158	REMOVED	deground
pipes buffer	CHEBI:76209	CHEBI:39033	resolve_manual_curated
d-glucose	CHEBI:17234	CHEBI:17234	confirm
yeast extract	CHEBI:86158	REMOVED	deground
mgcl2 x 6 h2o	CHEBI:34887	CHEBI:86345	resolve_corpus_consensus
yeast extract	CHEBI:86158	REMOVED	deground
yeast extract	CHEBI:86158	REMOVED	deground
glucose	CHEBI:17234	CHEBI:17234	confirm
nano3	CHEBI:65327	CHEBI:63005	resolve_manual_curated
yeast extract	CHEBI:86158	REMOVED	deground
yeast extract	CHEBI:86158	REMOVED	deground
yeast extract	CHEBI:86158	REMOVED	deground
glucose	CHEBI:17234	CHEBI:17234	confirm
yeast extract	CHEBI:86158	REMOVED	deground
yeast extract	CHEBI:86158	REMOVED	deground
yeast extract	CHEBI:86158	REMOVED	deground
mgcl2 x 6 h2o	CHEBI:34887	CHEBI:86345	resolve_corpus_consensus
yeast extract	CHEBI:86158	REMOVED	deground
yeast extract	CHEBI:86158	REMOVED	deground
d-fructose	CHEBI:15824	CHEBI:15824	confirm
mgcl2 x 6 h2o	CHEBI:34887	CHEBI:86345	resolve_corpus_consensus
yeast extract	CHEBI:86158	REMOVED	deground
mgcl2 x 6 h2o	CHEBI:34887	CHEBI:86345	resolve_corpus_consensus
yeast extract	CHEBI:86158	REMOVED	deground
polypeptone	CHEBI:26710	REMOVED	deground
inositol	CHEBI:17268	CHEBI:17268	confirm
mgcl2 x 6 h2o	CHEBI:34887	CHEBI:86345	resolve_corpus_consensus
yeast extract	CHEBI:86158	REMOVED	deground
mgcl2 x 6 h2o	CHEBI:34887	CHEBI:86345	resolve_corpus_consensus
yeast extract	CHEBI:86158	REMOVED	deground
yeast extract	CHEBI:86158	REMOVED	deground
glucose	CHEBI:17234	CHEBI:17234	confirm
mgcl2 x 6 h2o	CHEBI:34887	CHEBI:86345	resolve_corpus_consensus
glucose	CHEBI:17234	CHEBI:17234	confirm
yeast extract	CHEBI:86158	REMOVED	deground
mgcl2 x 6 h2o	CHEBI:34887	CHEBI:86345	resolve_corpus_consensus
yeast extract	CHEBI:86158	REMOVED	deground
yeast extract	CHEBI:86158	REMOVED	deground
d-glucose	CHEBI:17234	CHEBI:17234	confirm
yeast extract	CHEBI:86158	REMOVED	deground
dextrose	CHEBI:17634	CHEBI:17634	confirm
yeast extract	CHEBI:86158	REMOVED	deground
yeast extract	CHEBI:86158	REMOVED	deground
glucose	CHEBI:17234	CHEBI:17234	confirm
yeast extract	CHEBI:86158	REMOVED	deground
yeast extract	CHEBI:86158	REMOVED	deground
yeast extract	CHEBI:86158	REMOVED	deground
yeast extract	CHEBI:86158	REMOVED	deground
mgcl2 x 6 h2o	CHEBI:34887	CHEBI:86345	resolve_corpus_consensus
yeast extract	CHEBI:86158	REMOVED	deground
d-glucose	CHEBI:17234	CHEBI:17234	confirm
yeast extract	CHEBI:86158	REMOVED	deground
d-glucose	CHEBI:17234	CHEBI:17234	confirm
mgcl2 x 6 h2o	CHEBI:34887	CHEBI:86345	resolve_corpus_consensus
na2o4w x 2 h2o	CHEBI:35696	CHEBI:63939	resolve_manual_curated
h2seo3	CHEBI:75215	CHEBI:26642	resolve_manual_curated
nano3	CHEBI:65327	CHEBI:63005	resolve_manual_curated
nano3	CHEBI:65327	CHEBI:63005	resolve_manual_curated
mgcl2 x 6 h2o	CHEBI:34887	CHEBI:86345	resolve_corpus_consensus
na2seo3 x 5 h2o	CHEBI:63940	CHEBI:131361	resolve_corpus_consensus
na2seo3 x 5 h2o	CHEBI:63940	CHEBI:131361	resolve_corpus_consensus
mgcl2 x 6 h2o	CHEBI:34887	CHEBI:86345	resolve_corpus_consensus
yeast extract	CHEBI:86158	REMOVED	deground
mgcl2 x 6 h2o	CHEBI:34887	CHEBI:86345	resolve_corpus_consensus
mgcl2 x 6 h2o	CHEBI:34887	CHEBI:86345	resolve_corpus_consensus
na2seo3 x 5 h2o	CHEBI:63940	CHEBI:131361	resolve_corpus_consensus
nano3	CHEBI:65327	CHEBI:63005	resolve_manual_curated
mgcl2 x 6 h2o	CHEBI:34887	CHEBI:86345	resolve_corpus_consensus
yeast extract	CHEBI:86158	REMOVED	deground
vitamin b12	CHEBI:176843	CHEBI:176843	confirm
na-tungstate x 2 h2o	CHEBI:49976	CHEBI:63939	resolve_manual_curated
se-acid	CHEBI:31206	REMOVED	deground
mgcl2 x 6 h2o	CHEBI:34887	CHEBI:86345	resolve_corpus_consensus
yeast extract	CHEBI:86158	REMOVED	deground
d-glucose	CHEBI:17234	CHEBI:17234	confirm
yeast extract	CHEBI:86158	REMOVED	deground
yeast extract	CHEBI:86158	REMOVED	deground
glucose	CHEBI:17234	CHEBI:17234	confirm
mgcl2 x 6 h2o	CHEBI:34887	CHEBI:86345	resolve_corpus_consensus
mgcl2 x 6 h2o	CHEBI:34887	CHEBI:86345	resolve_corpus_consensus
mgcl2 x 6 h2o	CHEBI:34887	CHEBI:86345	resolve_corpus_consensus
mgcl2 x 6 h2o	CHEBI:34887	CHEBI:86345	resolve_corpus_consensus
yeast extract	CHEBI:86158	REMOVED	deground
d-glucose	CHEBI:17234	CHEBI:17234	confirm
mgcl2 x 6 h2o	CHEBI:34887	CHEBI:86345	resolve_corpus_consensus
yeast extract	CHEBI:86158	REMOVED	deground
mgcl2 x 6 h2o	CHEBI:34887	CHEBI:86345	resolve_corpus_consensus
yeast extract	CHEBI:86158	REMOVED	deground
mgcl2 x 6 h2o	CHEBI:34887	CHEBI:86345	resolve_corpus_consensus
mgcl2 x 6 h2o	CHEBI:34887	CHEBI:86345	resolve_corpus_consensus
yeast extract	CHEBI:86158	REMOVED	deground
glucose	CHEBI:17234	CHEBI:17234	confirm
glucose	CHEBI:17234	CHEBI:17234	confirm
yeast extract	CHEBI:86158	REMOVED	deground
yeast extract	CHEBI:86158	REMOVED	deground
glucose	CHEBI:17234	CHEBI:17234	confirm
yeast extract	CHEBI:86158	REMOVED	deground
yeast extract	CHEBI:86158	REMOVED	deground
nano3	CHEBI:65327	CHEBI:63005	resolve_manual_curated
mgcl2 x 6 h2o	CHEBI:34887	CHEBI:86345	resolve_corpus_consensus
yeast extract	CHEBI:86158	REMOVED	deground
d-glucose	CHEBI:17234	CHEBI:17234	confirm
mgcl2 x 6 h2o	CHEBI:34887	CHEBI:86345	resolve_corpus_consensus
yeast extract	CHEBI:86158	REMOVED	deground
mgcl2 x 6 h2o	CHEBI:34887	CHEBI:86345	resolve_corpus_consensus
yeast extract	CHEBI:86158	REMOVED	deground
yeast extract	CHEBI:86158	REMOVED	deground
nano3	CHEBI:65327	CHEBI:63005	resolve_manual_curated
sigma sea salts	CHEBI:31206	REMOVED	deground
glucose	CHEBI:17234	CHEBI:17234	confirm
yeast extract	CHEBI:86158	REMOVED	deground
yeast extract	CHEBI:86158	REMOVED	deground
yeast extract	CHEBI:86158	REMOVED	deground
mgcl2 x 6 h2o	CHEBI:34887	CHEBI:86345	resolve_corpus_consensus
yeast extract	CHEBI:86158	REMOVED	deground
mgcl2 x 6 h2o	CHEBI:34887	CHEBI:86345	resolve_corpus_consensus
yeast extract	CHEBI:86158	REMOVED	deground
yeast extract	CHEBI:86158	REMOVED	deground
sludge	CHEBI:86158	REMOVED	deground
yeast extract	CHEBI:86158	REMOVED	deground
yeast extract	CHEBI:86158	REMOVED	deground
nano3	CHEBI:65327	CHEBI:63005	resolve_manual_curated
yeast extract	CHEBI:86158	REMOVED	deground
dl-2-methylbutyric acid	CHEBI:37070	CHEBI:37070	confirm
yeast extract	CHEBI:86158	REMOVED	deground
mgcl2 x 6 h2o	CHEBI:34887	CHEBI:86345	resolve_corpus_consensus
yeast extract	CHEBI:86158	REMOVED	deground
yeast extract	CHEBI:86158	REMOVED	deground
d-glucose	CHEBI:17234	CHEBI:17234	confirm
yeast extract	CHEBI:86158	REMOVED	deground
yeast extract	CHEBI:86158	REMOVED	deground
yeast extract	CHEBI:86158	REMOVED	deground
yeast extract	CHEBI:86158	REMOVED	deground
yeast extract	CHEBI:86158	REMOVED	deground
nano3	CHEBI:65327	CHEBI:63005	resolve_manual_curated
voso4 x 5 h2o	CHEBI:87014	CHEBI:33146	resolve_manual_curated
yeast extract	CHEBI:86158	REMOVED	deground
yeast extract	CHEBI:86158	REMOVED	deground
glucose	CHEBI:17234	CHEBI:17234	confirm
yeast extract	CHEBI:86158	REMOVED	deground
yeast extract	CHEBI:86158	REMOVED	deground
yeast extract	CHEBI:86158	REMOVED	deground
yeast extract	CHEBI:86158	REMOVED	deground
liver concentrate	CHEBI:59640	REMOVED	deground
maltose	CHEBI:17306	CHEBI:17306	confirm
fructose	CHEBI:15824	CHEBI:15824	confirm
glucose	CHEBI:17234	CHEBI:17234	confirm
mgcl2 x 6 h2o	CHEBI:34887	CHEBI:86345	resolve_corpus_consensus
yeast extract	CHEBI:86158	REMOVED	deground
polypeptone	CHEBI:26710	REMOVED	deground
mgcl2 x 6 h2o	CHEBI:34887	CHEBI:86345	resolve_corpus_consensus
yeast extract	CHEBI:86158	REMOVED	deground
d-glucose	CHEBI:17234	CHEBI:17234	confirm
yeast extract	CHEBI:86158	REMOVED	deground
nano3	CHEBI:65327	CHEBI:63005	resolve_manual_curated
mgcl2 x 6 h2o	CHEBI:34887	CHEBI:86345	resolve_corpus_consensus
fe2(so4)3 x h2o	CHEBI:32588	CHEBI:53438	resolve_manual_curated
nano3	CHEBI:65327	CHEBI:63005	resolve_manual_curated
mgcl2 x 6 h2o	CHEBI:34887	CHEBI:86345	resolve_corpus_consensus
fe2(so4)3 x h2o	CHEBI:32588	CHEBI:53438	resolve_manual_curated
yeast extract	CHEBI:86158	REMOVED	deground
yeast extract	CHEBI:86158	REMOVED	deground
yeast extract	CHEBI:86158	REMOVED	deground
yeast extract	CHEBI:86158	REMOVED	deground
mgcl2 x 6 h2o	CHEBI:34887	CHEBI:86345	resolve_corpus_consensus
d-glucose	CHEBI:17234	CHEBI:17234	confirm
mgcl2 x 6 h2o	CHEBI:34887	CHEBI:86345	resolve_corpus_consensus
mgcl2 x 6 h2o	CHEBI:34887	CHEBI:86345	resolve_corpus_consensus
yeast extract	CHEBI:86158	REMOVED	deground
mgcl2 x 6 h2o	CHEBI:34887	CHEBI:86345	resolve_corpus_consensus
yeast extract	CHEBI:86158	REMOVED	deground
glucose	CHEBI:17234	CHEBI:17234	confirm
yeast extract	CHEBI:86158	REMOVED	deground
yeast extract	CHEBI:86158	REMOVED	deground
yeast extract	CHEBI:86158	REMOVED	deground
mgcl2 x 6 h2o	CHEBI:34887	CHEBI:86345	resolve_corpus_consensus
yeast extract	CHEBI:86158	REMOVED	deground
yeast extract	CHEBI:86158	REMOVED	deground
yeast extract	CHEBI:86158	REMOVED	deground
yeast extract	CHEBI:86158	REMOVED	deground
yeast extract	CHEBI:86158	REMOVED	deground
mgcl2 x 6 h2o	CHEBI:34887	CHEBI:86345	resolve_corpus_consensus
yeast extract	CHEBI:86158	REMOVED	deground
yeast extract	CHEBI:86158	REMOVED	deground
yeast extract	CHEBI:86158	REMOVED	deground
yeast extract	CHEBI:86158	REMOVED	deground
polypeptone	CHEBI:26710	REMOVED	deground
yeast extract	CHEBI:86158	REMOVED	deground
mgcl2 x 6 h2o	CHEBI:34887	CHEBI:86345	resolve_corpus_consensus
yeast extract	CHEBI:86158	REMOVED	deground
vitamin b12	CHEBI:176843	CHEBI:176843	confirm
yeast extract	CHEBI:86158	REMOVED	deground
yeast extract	CHEBI:86158	REMOVED	deground
yeast extract	CHEBI:86158	REMOVED	deground
mgcl2 x 6 h2o	CHEBI:34887	CHEBI:86345	resolve_corpus_consensus
cmrl 1066	CHEBI:32142	REMOVED	deground
yeast extract	CHEBI:86158	REMOVED	deground
yeast extract	CHEBI:86158	REMOVED	deground
glucose	CHEBI:17234	CHEBI:17234	confirm
cmrl 1066	CHEBI:32142	REMOVED	deground
yeast extract	CHEBI:86158	REMOVED	deground
glucose	CHEBI:17234	CHEBI:17234	confirm
yeast extract	CHEBI:86158	REMOVED	deground
yeast extract	CHEBI:86158	REMOVED	deground
yeast extract	CHEBI:86158	REMOVED	deground
yeast extract	CHEBI:86158	REMOVED	deground
glucose	CHEBI:17234	CHEBI:17234	confirm
yeast extract	CHEBI:86158	REMOVED	deground
glucose	CHEBI:17234	CHEBI:17234	confirm
polypeptone	CHEBI:26710	REMOVED	deground
yeast extract	CHEBI:86158	REMOVED	deground
mgcl2 x 6 h2o	CHEBI:34887	CHEBI:86345	resolve_corpus_consensus
mgcl2 x 6 h2o	CHEBI:34887	CHEBI:86345	resolve_corpus_consensus
yeast extract	CHEBI:86158	REMOVED	deground
mgcl2 x 6 h2o	CHEBI:34887	CHEBI:86345	resolve_corpus_consensus
yeast extract	CHEBI:86158	REMOVED	deground
mgcl2 x 6 h2o	CHEBI:34887	CHEBI:86345	resolve_corpus_consensus
yeast extract	CHEBI:86158	REMOVED	deground
yeast extract	CHEBI:86158	REMOVED	deground
mgcl2 x 6 h2o	CHEBI:34887	CHEBI:86345	resolve_corpus_consensus
mgcl2 x 6 h2o	CHEBI:34887	CHEBI:86345	resolve_corpus_consensus
yeast extract	CHEBI:86158	REMOVED	deground
yeast extract	CHEBI:86158	REMOVED	deground
yeast extract	CHEBI:86158	REMOVED	deground
mgcl2 x 6 h2o	CHEBI:34887	CHEBI:86345	resolve_corpus_consensus
nano3	CHEBI:65327	CHEBI:63005	resolve_manual_curated
yeast extract	CHEBI:86158	REMOVED	deground
yeast extract	CHEBI:86158	REMOVED	deground
yeast extract	CHEBI:86158	REMOVED	deground
glucose	CHEBI:17234	CHEBI:17234	confirm
yeast extract	CHEBI:86158	REMOVED	deground
nitrilotriacetate	CHEBI:25548	CHEBI:25548	confirm
yeast extract	CHEBI:86158	REMOVED	deground
mgcl2 x 6 h2o	CHEBI:34887	CHEBI:86345	resolve_corpus_consensus
l-glutathione	CHEBI:16856	CHEBI:16856	confirm
yeast extract	CHEBI:86158	REMOVED	deground
yeast extract	CHEBI:86158	REMOVED	deground
mgcl2 x 6 h2o	CHEBI:34887	CHEBI:86345	resolve_corpus_consensus
yeast extract	CHEBI:86158	REMOVED	deground
dl-dithiothreitol	CHEBI:18320	CHEBI:18320	confirm
yeast extract	CHEBI:86158	REMOVED	deground
mgcl2 x 6 h2o	CHEBI:34887	CHEBI:86345	resolve_corpus_consensus
yeast extract	CHEBI:86158	REMOVED	deground
mgcl2 x 6 h2o	CHEBI:34887	CHEBI:86345	resolve_corpus_consensus
yeast extract	CHEBI:86158	REMOVED	deground
yeast extract	CHEBI:86158	REMOVED	deground
mgcl2 x 6 h2o	CHEBI:34887	CHEBI:86345	resolve_corpus_consensus
na-caseinate	CHEBI:32030	REMOVED	deground
vitamin b12	CHEBI:176843	CHEBI:176843	confirm
yeast extract	CHEBI:86158	REMOVED	deground
mgcl2 x 6 h2o	CHEBI:34887	CHEBI:86345	resolve_corpus_consensus
yeast extract	CHEBI:86158	REMOVED	deground
vitamin b12	CHEBI:176843	CHEBI:176843	confirm
yeast extract	CHEBI:86158	REMOVED	deground
mgcl2 x 6 h2o	CHEBI:34887	CHEBI:86345	resolve_corpus_consensus
d-glucose	CHEBI:17234	CHEBI:17234	confirm
yeast extract	CHEBI:86158	REMOVED	deground
n-z-case	CHEBI:85248	REMOVED	deground
yeast extract	CHEBI:86158	REMOVED	deground
voso4 x h2o	CHEBI:34887	CHEBI:33146	resolve_manual_curated
n-z-case	CHEBI:85248	REMOVED	deground
yeast extract	CHEBI:86158	REMOVED	deground
voso4 x h2o	CHEBI:34887	CHEBI:33146	resolve_manual_curated
mgcl2 x 6 h2o	CHEBI:34887	CHEBI:86345	resolve_corpus_consensus
yeast extract	CHEBI:86158	REMOVED	deground
glucose	CHEBI:17234	CHEBI:17234	confirm
yeast extract	CHEBI:86158	REMOVED	deground
mgcl2 x 6 h2o	CHEBI:34887	CHEBI:86345	resolve_corpus_consensus
mgcl2 x 6 h2o	CHEBI:34887	CHEBI:86345	resolve_corpus_consensus
nano3	CHEBI:65327	CHEBI:63005	resolve_manual_curated
leptospira medium base emjh	CHEBI:2511	REMOVED	deground
mgcl2 x 6 h2o	CHEBI:34887	CHEBI:86345	resolve_corpus_consensus
yeast extract	CHEBI:86158	REMOVED	deground
mgcl2 x 6 h2o	CHEBI:34887	CHEBI:86345	resolve_corpus_consensus
nano3	CHEBI:65327	CHEBI:63005	resolve_manual_curated
yeast extract	CHEBI:86158	REMOVED	deground
vitamin b12	CHEBI:176843	CHEBI:176843	confirm
yeast extract	CHEBI:86158	REMOVED	deground
mgcl2 x 6 h2o	CHEBI:34887	CHEBI:86345	resolve_corpus_consensus
yeast extract	CHEBI:86158	REMOVED	deground
mgcl2 x 6 h2o	CHEBI:34887	CHEBI:86345	resolve_corpus_consensus
mgcl2 x 6 h2o	CHEBI:34887	CHEBI:86345	resolve_corpus_consensus
ki	CHEBI:138791	CHEBI:8346	resolve_manual_curated
na2seo3 x 5 h2o	CHEBI:63940	CHEBI:131361	resolve_corpus_consensus
vitamin b12	CHEBI:176843	CHEBI:176843	confirm
glucose	CHEBI:17234	CHEBI:17234	confirm
yeast extract	CHEBI:86158	REMOVED	deground
glucose	CHEBI:17234	CHEBI:17234	confirm
yeast extract	CHEBI:86158	REMOVED	deground
mgcl2 x 6 h2o	CHEBI:34887	CHEBI:86345	resolve_corpus_consensus
yeast extract	CHEBI:86158	REMOVED	deground
glucose	CHEBI:17234	CHEBI:17234	confirm
yeast extract	CHEBI:86158	REMOVED	deground
ki	CHEBI:138791	CHEBI:8346	resolve_manual_curated
glucose	CHEBI:17234	CHEBI:17234	confirm
yeast extract	CHEBI:86158	REMOVED	deground
yeast extract	CHEBI:86158	REMOVED	deground
vitamin b12	CHEBI:176843	CHEBI:176843	confirm
mgcl2 x 6 h2o	CHEBI:34887	CHEBI:86345	resolve_corpus_consensus
yeast extract	CHEBI:86158	REMOVED	deground
mgcl2 x 6 h2o	CHEBI:34887	CHEBI:86345	resolve_corpus_consensus
yeast extract	CHEBI:86158	REMOVED	deground
nano3	CHEBI:65327	CHEBI:63005	resolve_manual_curated
glucose	CHEBI:17234	CHEBI:17234	confirm
fe(iii)nh4-edta	CHEBI:91243	REMOVED	deground
yeast extract	CHEBI:86158	REMOVED	deground
vitamin b12	CHEBI:176843	CHEBI:176843	confirm
glucose	CHEBI:17234	CHEBI:17234	confirm
yeast extract	CHEBI:86158	REMOVED	deground
yeast extract	CHEBI:86158	REMOVED	deground
potato	CHEBI:42758	REMOVED	deground
yeast extract	CHEBI:86158	REMOVED	deground
glucose	CHEBI:17234	CHEBI:17234	confirm
mgcl2 x 6 h2o	CHEBI:34887	CHEBI:86345	resolve_corpus_consensus
yeast extract	CHEBI:86158	REMOVED	deground
polypeptone	CHEBI:26710	REMOVED	deground
yeast extract	CHEBI:86158	REMOVED	deground
glucose	CHEBI:17234	CHEBI:17234	confirm
yeast extract	CHEBI:86158	REMOVED	deground
glucose	CHEBI:17234	CHEBI:17234	confirm
yeast extract	CHEBI:86158	REMOVED	deground
glucose	CHEBI:17234	CHEBI:17234	confirm
nano3	CHEBI:65327	CHEBI:63005	resolve_manual_curated
yeast extract	CHEBI:86158	REMOVED	deground
yeast extract	CHEBI:86158	REMOVED	deground
yeast extract	CHEBI:86158	REMOVED	deground
mgcl2 x 6 h2o	CHEBI:34887	CHEBI:86345	resolve_corpus_consensus
mgcl2 x 6 h2o	CHEBI:34887	CHEBI:86345	resolve_corpus_consensus
yeast extract	CHEBI:86158	REMOVED	deground
h2seo3	CHEBI:75215	CHEBI:26642	resolve_manual_curated
mgcl2 x 6 h2o	CHEBI:34887	CHEBI:86345	resolve_corpus_consensus
na-tungstate x 2 h2o	CHEBI:49976	CHEBI:63939	resolve_manual_curated
vitamin b12	CHEBI:176843	CHEBI:176843	confirm
voso4 x 2 h2o	CHEBI:32139	CHEBI:33146	resolve_manual_curated
deionized water	CHEBI:86249	CHEBI:15377	resolve_manual_curated
mgcl2 x 6 h2o	CHEBI:34887	CHEBI:86345	resolve_corpus_consensus
yeast extract	CHEBI:86158	REMOVED	deground
mgcl2 x 6 h2o	CHEBI:34887	CHEBI:86345	resolve_corpus_consensus
yeast extract	CHEBI:86158	REMOVED	deground
nano3	CHEBI:65327	CHEBI:63005	resolve_manual_curated
na2seo3 x 5 h2o	CHEBI:63940	CHEBI:131361	resolve_corpus_consensus
vitamin b12	CHEBI:176843	CHEBI:176843	confirm
glucose	CHEBI:17234	CHEBI:17234	confirm
glucose	CHEBI:17234	CHEBI:17234	confirm
nano3	CHEBI:65327	CHEBI:63005	resolve_manual_curated
yeast extract	CHEBI:86158	REMOVED	deground
mgcl2 x 6 h2o	CHEBI:34887	CHEBI:86345	resolve_corpus_consensus
yeast extract	CHEBI:86158	REMOVED	deground
mgcl2 x 6 h2o	CHEBI:34887	CHEBI:86345	resolve_corpus_consensus
yeast extract	CHEBI:86158	REMOVED	deground
glucose	CHEBI:17234	CHEBI:17234	confirm
glucose	CHEBI:17234	CHEBI:17234	confirm
inositol	CHEBI:17268	CHEBI:17268	confirm
mgcl2 x 6 h2o	CHEBI:34887	CHEBI:86345	resolve_corpus_consensus
kj	CHEBI:131527	CHEBI:8346	resolve_manual_curated
yeast extract	CHEBI:86158	REMOVED	deground
yeast extract	CHEBI:86158	REMOVED	deground
d-fructose	CHEBI:15824	CHEBI:15824	confirm
yeast extract	CHEBI:86158	REMOVED	deground
glucose	CHEBI:17234	CHEBI:17234	confirm
yeast extract	CHEBI:86158	REMOVED	deground
glucose	CHEBI:17234	CHEBI:17234	confirm
yeast extract	CHEBI:86158	REMOVED	deground
yeast extract	CHEBI:86158	REMOVED	deground
nano3	CHEBI:65327	CHEBI:63005	resolve_manual_curated
yeast extract	CHEBI:86158	REMOVED	deground
vitamin b12	CHEBI:176843	CHEBI:176843	confirm
yeast extract	CHEBI:86158	REMOVED	deground
yeast extract	CHEBI:86158	REMOVED	deground
maltose	CHEBI:17306	CHEBI:17306	confirm
yeast extract	CHEBI:86158	REMOVED	deground
d-glucose	CHEBI:17234	CHEBI:17234	confirm
glucose	CHEBI:17234	CHEBI:17234	confirm
yeast extract	CHEBI:86158	REMOVED	deground
mgcl2 x 6 h2o	CHEBI:34887	CHEBI:86345	resolve_corpus_consensus
yeast extract	CHEBI:86158	REMOVED	deground
d-glucose	CHEBI:17234	CHEBI:17234	confirm
mgcl2 x 6 h2o	CHEBI:34887	CHEBI:86345	resolve_corpus_consensus
yeast extract	CHEBI:86158	REMOVED	deground
mgcl2 x 6 h2o	CHEBI:34887	CHEBI:86345	resolve_corpus_consensus
yeast extract	CHEBI:86158	REMOVED	deground
yeast extract	CHEBI:86158	REMOVED	deground
yeast extract	CHEBI:86158	REMOVED	deground
yeast extract	CHEBI:86158	REMOVED	deground
yeast extract	CHEBI:86158	REMOVED	deground
glucose	CHEBI:17234	CHEBI:17234	confirm
vitamin b12	CHEBI:176843	CHEBI:176843	confirm
vitamin b12	CHEBI:176843	CHEBI:176843	confirm
yeast extract	CHEBI:86158	REMOVED	deground
glucose	CHEBI:17234	CHEBI:17234	confirm
yeast extract	CHEBI:86158	REMOVED	deground
mgcl2 x 6 h2o	CHEBI:34887	CHEBI:86345	resolve_corpus_consensus
yeast extract	CHEBI:86158	REMOVED	deground
yeast extract	CHEBI:86158	REMOVED	deground
yeast extract	CHEBI:86158	REMOVED	deground
d-fructose	CHEBI:15824	CHEBI:15824	confirm
yeast extract	CHEBI:86158	REMOVED	deground
yeast extract	CHEBI:86158	REMOVED	deground
fructose	CHEBI:15824	CHEBI:15824	confirm
fe(iii)nh4-edta	CHEBI:91243	REMOVED	deground
nano3	CHEBI:65327	CHEBI:63005	resolve_manual_curated
glucose	CHEBI:17234	CHEBI:17234	confirm
yeast extract	CHEBI:86158	REMOVED	deground
yeast extract	CHEBI:86158	REMOVED	deground
glucose	CHEBI:17234	CHEBI:17234	confirm
putrescine	CHEBI:17148	CHEBI:17148	confirm
yeast extract	CHEBI:86158	REMOVED	deground
vitamin b12	CHEBI:176843	CHEBI:176843	confirm
yeast extract	CHEBI:86158	REMOVED	deground
mgcl2 x 6 h2o	CHEBI:34887	CHEBI:86345	resolve_corpus_consensus
yeast extract	CHEBI:86158	REMOVED	deground
glucose	CHEBI:17234	CHEBI:17234	confirm
yeast extract	CHEBI:86158	REMOVED	deground
mgcl2 x 6 h2o	CHEBI:34887	CHEBI:86345	resolve_corpus_consensus
yeast extract	CHEBI:86158	REMOVED	deground
glucose	CHEBI:17234	CHEBI:17234	confirm
yeast extract	CHEBI:86158	REMOVED	deground
yeast extract	CHEBI:86158	REMOVED	deground
yeast extract	CHEBI:86158	REMOVED	deground
yeast extract	CHEBI:86158	REMOVED	deground
glucose	CHEBI:17234	CHEBI:17234	confirm
vitamin b12	CHEBI:176843	CHEBI:176843	confirm
yeast extract	CHEBI:86158	REMOVED	deground
vitamin b12	CHEBI:176843	CHEBI:176843	confirm
aminoacids	CHEBI:33709	CHEBI:33709	confirm
mgcl2 x 6 h2o	CHEBI:34887	CHEBI:86345	resolve_corpus_consensus
yeast extract	CHEBI:86158	REMOVED	deground
mgcl2 x 6 h2o	CHEBI:34887	CHEBI:86345	resolve_corpus_consensus
yeast extract	CHEBI:86158	REMOVED	deground
glucose	CHEBI:17234	CHEBI:17234	confirm
yeast extract	CHEBI:86158	REMOVED	deground
yeast extract	CHEBI:86158	REMOVED	deground
mgcl2 x 6 h2o	CHEBI:34887	CHEBI:86345	resolve_corpus_consensus
vitamin b12	CHEBI:176843	CHEBI:176843	confirm
aminoacids	CHEBI:33709	CHEBI:33709	confirm
glucose	CHEBI:17234	CHEBI:17234	confirm
yeast extract	CHEBI:86158	REMOVED	deground
mgcl2 x 6 h2o	CHEBI:34887	CHEBI:86345	resolve_corpus_consensus
dl-dithiothreitol	CHEBI:18320	CHEBI:18320	confirm
l-cysteine	CHEBI:15356	CHEBI:15356	confirm
vitamin b12	CHEBI:176843	CHEBI:176843	confirm
yeast extract	CHEBI:86158	REMOVED	deground
mgcl2 x 6 h2o	CHEBI:34887	CHEBI:86345	resolve_corpus_consensus
yeast extract	CHEBI:86158	REMOVED	deground
deionized water	CHEBI:86249	CHEBI:15377	resolve_manual_curated
deionized water	CHEBI:86249	CHEBI:15377	resolve_manual_curated
mgcl2 x 6 h2o	CHEBI:34887	CHEBI:86345	resolve_corpus_consensus
yeast extract	CHEBI:86158	REMOVED	deground
dl-dithiothreitol	CHEBI:18320	CHEBI:18320	confirm
yeast extract	CHEBI:86158	REMOVED	deground
d-glucose	CHEBI:17234	CHEBI:17234	confirm
dl-dithiothreitol	CHEBI:18320	CHEBI:18320	confirm
mgcl2 x 6 h2o	CHEBI:34887	CHEBI:86345	resolve_corpus_consensus
yeast extract	CHEBI:86158	REMOVED	deground
glucose	CHEBI:17234	CHEBI:17234	confirm
mgcl2 x 6 h2o	CHEBI:34887	CHEBI:86345	resolve_corpus_consensus
yeast extract	CHEBI:86158	REMOVED	deground
glucose	CHEBI:17234	CHEBI:17234	confirm
d-glucose	CHEBI:17234	CHEBI:17234	confirm
mgcl2 x 6 h2o	CHEBI:34887	CHEBI:86345	resolve_corpus_consensus
yeast extract	CHEBI:86158	REMOVED	deground
mgcl2 x 6 h2o	CHEBI:34887	CHEBI:86345	resolve_corpus_consensus
yeast extract	CHEBI:86158	REMOVED	deground
mgcl2 x 6 h2o	CHEBI:34887	CHEBI:86345	resolve_corpus_consensus
yeast extract	CHEBI:86158	REMOVED	deground
mgcl2 x 6 h2o	CHEBI:34887	CHEBI:86345	resolve_corpus_consensus
yeast extract	CHEBI:86158	REMOVED	deground
mgcl2 x 6 h2o	CHEBI:34887	CHEBI:86345	resolve_corpus_consensus
yeast extract	CHEBI:86158	REMOVED	deground
yeast extract	CHEBI:86158	REMOVED	deground
sodium dl-lactate	CHEBI:53426	CHEBI:75228	resolve_manual_curated
vitamin b12	CHEBI:176843	CHEBI:176843	confirm
mgcl2 x 6 h2o	CHEBI:34887	CHEBI:86345	resolve_corpus_consensus
yeast extract	CHEBI:86158	REMOVED	deground
mgcl2 x 6 h2o	CHEBI:34887	CHEBI:86345	resolve_corpus_consensus
yeast extract	CHEBI:86158	REMOVED	deground
na2seo3 x 5 h2o	CHEBI:63940	CHEBI:131361	resolve_corpus_consensus
glucose	CHEBI:17234	CHEBI:17234	confirm
mgcl2 x 6 h2o	CHEBI:34887	CHEBI:86345	resolve_corpus_consensus
yeast extract	CHEBI:86158	REMOVED	deground
mgcl2 x 6 h2o	CHEBI:34887	CHEBI:86345	resolve_corpus_consensus
vitamin b12	CHEBI:176843	CHEBI:176843	confirm
yeast extract	CHEBI:86158	REMOVED	deground
mgcl2 x 6 h2o	CHEBI:34887	CHEBI:86345	resolve_corpus_consensus
nano3	CHEBI:65327	CHEBI:63005	resolve_manual_curated
vitamin b12	CHEBI:176843	CHEBI:176843	confirm
yeast extract	CHEBI:86158	REMOVED	deground
yeast extract	CHEBI:86158	REMOVED	deground
yeast extract	CHEBI:86158	REMOVED	deground
mgcl2 x 6 h2o	CHEBI:34887	CHEBI:86345	resolve_corpus_consensus
yeast extract	CHEBI:86158	REMOVED	deground
vitamin b12	CHEBI:176843	CHEBI:176843	confirm
vitamin b12	CHEBI:176843	CHEBI:176843	confirm
mgcl2 x 6 h2o	CHEBI:34887	CHEBI:86345	resolve_corpus_consensus
yeast extract	CHEBI:86158	REMOVED	deground
mgcl2 x 6 h2o	CHEBI:34887	CHEBI:86345	resolve_corpus_consensus
yeast extract	CHEBI:86158	REMOVED	deground
vitamin b12	CHEBI:176843	CHEBI:176843	confirm
mgcl2 x 6 h2o	CHEBI:34887	CHEBI:86345	resolve_corpus_consensus
yeast extract	CHEBI:86158	REMOVED	deground
vitamin b12	CHEBI:176843	CHEBI:176843	confirm
nano3	CHEBI:65327	CHEBI:63005	resolve_manual_curated
mgcl2 x 6 h2o	CHEBI:34887	CHEBI:86345	resolve_corpus_consensus
yeast extract	CHEBI:86158	REMOVED	deground
vitamin b12	CHEBI:176843	CHEBI:176843	confirm
mgcl2 x 6 h2o	CHEBI:34887	CHEBI:86345	resolve_corpus_consensus
mgcl2 x 6 h2o	CHEBI:34887	CHEBI:86345	resolve_corpus_consensus
mgcl2 x 6 h2o	CHEBI:34887	CHEBI:86345	resolve_corpus_consensus
vitamin b12	CHEBI:176843	CHEBI:176843	confirm
mgcl2 x 6 h2o	CHEBI:34887	CHEBI:86345	resolve_corpus_consensus
mgcl2 x 6 h2o	CHEBI:34887	CHEBI:86345	resolve_corpus_consensus
yeast extract	CHEBI:86158	REMOVED	deground
yeast extract	CHEBI:86158	REMOVED	deground
mgcl2 x 6 h2o	CHEBI:34887	CHEBI:86345	resolve_corpus_consensus
ki	CHEBI:138791	CHEBI:8346	resolve_manual_curated
mgcl2 x 6 h2o	CHEBI:34887	CHEBI:86345	resolve_corpus_consensus
yeast extract	CHEBI:86158	REMOVED	deground
mgcl2 x 6 h2o	CHEBI:34887	CHEBI:86345	resolve_corpus_consensus
yeast extract	CHEBI:86158	REMOVED	deground
d-glucose	CHEBI:17234	CHEBI:17234	confirm
yeast extract	CHEBI:86158	REMOVED	deground
mgcl2 x 6 h2o	CHEBI:34887	CHEBI:86345	resolve_corpus_consensus
yeast extract	CHEBI:86158	REMOVED	deground
mgcl2 x 6 h2o	CHEBI:34887	CHEBI:86345	resolve_corpus_consensus
yeast extract	CHEBI:86158	REMOVED	deground
d-glucose	CHEBI:17234	CHEBI:17234	confirm
mgcl2 x 6 h2o	CHEBI:34887	CHEBI:86345	resolve_corpus_consensus
yeast extract	CHEBI:86158	REMOVED	deground
glucose	CHEBI:17234	CHEBI:17234	confirm
yeast extract	CHEBI:86158	REMOVED	deground
yeast extract	CHEBI:86158	REMOVED	deground
glucose	CHEBI:17234	CHEBI:17234	confirm
nano3	CHEBI:65327	CHEBI:63005	resolve_manual_curated
mgcl2 x 6 h2o	CHEBI:34887	CHEBI:86345	resolve_corpus_consensus
yeast extract	CHEBI:86158	REMOVED	deground
yeast extract	CHEBI:86158	REMOVED	deground
potassium phosphate	CHEBI:131527	CHEBI:131527	confirm
2-methylbutyric acid	CHEBI:37070	CHEBI:37070	confirm
l-cysteine	CHEBI:15356	CHEBI:15356	confirm
yeast extract	CHEBI:86158	REMOVED	deground
yeast extract	CHEBI:86158	REMOVED	deground
d-glucose	CHEBI:17234	CHEBI:17234	confirm
nano3	CHEBI:65327	CHEBI:63005	resolve_manual_curated
mgcl2 x 6 h2o	CHEBI:34887	CHEBI:86345	resolve_corpus_consensus
yeast extract	CHEBI:86158	REMOVED	deground
yeast extract	CHEBI:86158	REMOVED	deground
d-fructose	CHEBI:15824	CHEBI:15824	confirm
nano3	CHEBI:65327	CHEBI:63005	resolve_manual_curated
mgcl2 x 6 h2o	CHEBI:34887	CHEBI:86345	resolve_corpus_consensus
yeast extract	CHEBI:86158	REMOVED	deground
d-glucose	CHEBI:17234	CHEBI:17234	confirm
yeast extract	CHEBI:86158	REMOVED	deground
maltose	CHEBI:17306	CHEBI:17306	confirm
white wine	CHEBI:42758	REMOVED	deground
mgcl2 x 6 h2o	CHEBI:34887	CHEBI:86345	resolve_corpus_consensus
yeast extract	CHEBI:86158	REMOVED	deground
d-glucose	CHEBI:17234	CHEBI:17234	confirm
mgcl2 x 6 h2o	CHEBI:34887	CHEBI:86345	resolve_corpus_consensus
yeast extract	CHEBI:86158	REMOVED	deground
mgcl2 x 6 h2o	CHEBI:34887	CHEBI:86345	resolve_corpus_consensus
yeast extract	CHEBI:86158	REMOVED	deground
yeast extract	CHEBI:86158	REMOVED	deground
yeast extract	CHEBI:86158	REMOVED	deground
yeast extract	CHEBI:86158	REMOVED	deground
glucose	CHEBI:17234	CHEBI:17234	confirm
yeast extract	CHEBI:86158	REMOVED	deground
mgcl2 x 6 h2o	CHEBI:34887	CHEBI:86345	resolve_corpus_consensus
yeast extract	CHEBI:86158	REMOVED	deground
yeast extract	CHEBI:86158	REMOVED	deground
phosphate buffer	CHEBI:34683	REMOVED	deground
mgcl2 x 6 h2o	CHEBI:34887	CHEBI:86345	resolve_corpus_consensus
yeast extract	CHEBI:86158	REMOVED	deground
d-glucose	CHEBI:17234	CHEBI:17234	confirm
yeast extract	CHEBI:86158	REMOVED	deground
vitamin b12	CHEBI:176843	CHEBI:176843	confirm
sodium polygalacturonate	CHEBI:17561	REMOVED	deground
yeast extract	CHEBI:86158	REMOVED	deground
l-cysteine	CHEBI:15356	CHEBI:15356	confirm
glucose	CHEBI:17234	CHEBI:17234	confirm
glucose	CHEBI:17234	CHEBI:17234	confirm
na2seo3 x 5 h2o	CHEBI:63940	CHEBI:131361	resolve_corpus_consensus
vitamin b12	CHEBI:176843	CHEBI:176843	confirm
glucose	CHEBI:17234	CHEBI:17234	confirm
yeast extract	CHEBI:86158	REMOVED	deground
mgcl2 x 6 h2o	CHEBI:34887	CHEBI:86345	resolve_corpus_consensus
yeast extract	CHEBI:86158	REMOVED	deground
d-glucose	CHEBI:17234	CHEBI:17234	confirm
mgcl2 x 6 h2o	CHEBI:34887	CHEBI:86345	resolve_corpus_consensus
mgcl2 x 6 h2o	CHEBI:34887	CHEBI:86345	resolve_corpus_consensus
yeast extract	CHEBI:86158	REMOVED	deground
d-glucose	CHEBI:17234	CHEBI:17234	confirm
yeast extract	CHEBI:86158	REMOVED	deground
glycine	CHEBI:15428	CHEBI:15428	confirm
glucose	CHEBI:17234	CHEBI:17234	confirm
vitamin b12	CHEBI:176843	CHEBI:176843	confirm
mgcl2 x 6 h2o	CHEBI:34887	CHEBI:86345	resolve_corpus_consensus
yeast extract	CHEBI:86158	REMOVED	deground
d-glucose	CHEBI:17234	CHEBI:17234	confirm
mgcl2 x 6 h2o	CHEBI:34887	CHEBI:86345	resolve_corpus_consensus
mgcl2 x 6 h2o	CHEBI:34887	CHEBI:86345	resolve_corpus_consensus
yeast extract	CHEBI:86158	REMOVED	deground
yeast extract	CHEBI:86158	REMOVED	deground
nano3	CHEBI:65327	CHEBI:63005	resolve_manual_curated
skim milk	CHEBI:28260	REMOVED	deground
vitamin b12	CHEBI:176843	CHEBI:176843	confirm
yeast extract	CHEBI:86158	REMOVED	deground
nitrilotriacetate	CHEBI:25548	CHEBI:25548	confirm
mgcl2 x 6 h2o	CHEBI:34887	CHEBI:86345	resolve_corpus_consensus
nano3	CHEBI:65327	CHEBI:63005	resolve_manual_curated
mgcl2 x 6 h2o	CHEBI:34887	CHEBI:86345	resolve_corpus_consensus
mgcl2 x 6 h2o	CHEBI:34887	CHEBI:86345	resolve_corpus_consensus
mgcl2 x 6 h2o	CHEBI:34887	CHEBI:86345	resolve_corpus_consensus
yeast extract	CHEBI:86158	REMOVED	deground
dl-dithiothreitol	CHEBI:18320	CHEBI:18320	confirm
nitrilotriacetate	CHEBI:25548	CHEBI:25548	confirm
yeast extract	CHEBI:86158	REMOVED	deground
yeast extract	CHEBI:86158	REMOVED	deground
glucose	CHEBI:17234	CHEBI:17234	confirm
maltose	CHEBI:17306	CHEBI:17306	confirm
neopeptone	CHEBI:53258	REMOVED	deground
vitamin b12	CHEBI:176843	CHEBI:176843	confirm
yeast extract	CHEBI:86158	REMOVED	deground
mgcl2 x 6 h2o	CHEBI:34887	CHEBI:86345	resolve_corpus_consensus
yeast extract	CHEBI:86158	REMOVED	deground
glucose	CHEBI:17234	CHEBI:17234	confirm
yeast extract	CHEBI:86158	REMOVED	deground
fructose	CHEBI:15824	CHEBI:15824	confirm
yeast extract	CHEBI:86158	REMOVED	deground
glucose	CHEBI:17234	CHEBI:17234	confirm
yeast extract	CHEBI:86158	REMOVED	deground
yeast extract	CHEBI:86158	REMOVED	deground
glucose	CHEBI:17234	CHEBI:17234	confirm
maltose	CHEBI:17306	CHEBI:17306	confirm
yeast extract	CHEBI:86158	REMOVED	deground
d-glucose	CHEBI:17234	CHEBI:17234	confirm
mgcl2 x 6 h2o	CHEBI:34887	CHEBI:86345	resolve_corpus_consensus
yeast extract	CHEBI:86158	REMOVED	deground
mgcl2 x 6 h2o	CHEBI:34887	CHEBI:86345	resolve_corpus_consensus
yeast extract	CHEBI:86158	REMOVED	deground
d-glucose	CHEBI:17234	CHEBI:17234	confirm
nano3	CHEBI:65327	CHEBI:63005	resolve_manual_curated
yeast extract	CHEBI:86158	REMOVED	deground
nano3	CHEBI:65327	CHEBI:63005	resolve_manual_curated
mgcl2 x 6 h2o	CHEBI:34887	CHEBI:86345	resolve_corpus_consensus
yeast extract	CHEBI:86158	REMOVED	deground
glucose	CHEBI:17234	CHEBI:17234	confirm
mgcl2 x 6 h2o	CHEBI:34887	CHEBI:86345	resolve_corpus_consensus
yeast extract	CHEBI:86158	REMOVED	deground
mgcl2 x 6 h2o	CHEBI:34887	CHEBI:86345	resolve_corpus_consensus
yeast extract	CHEBI:86158	REMOVED	deground
yeast extract	CHEBI:86158	REMOVED	deground
d-glucose	CHEBI:17234	CHEBI:17234	confirm
yeast extract	CHEBI:86158	REMOVED	deground
mgcl2 x 6 h2o	CHEBI:34887	CHEBI:86345	resolve_corpus_consensus
yeast extract	CHEBI:86158	REMOVED	deground
d-glucose	CHEBI:17234	CHEBI:17234	confirm
glucose	CHEBI:17234	CHEBI:17234	confirm
yeast extract	CHEBI:86158	REMOVED	deground
mgcl2 x 6 h2o	CHEBI:34887	CHEBI:86345	resolve_corpus_consensus
mgcl2 x 6 h2o	CHEBI:34887	CHEBI:86345	resolve_corpus_consensus
nano3	CHEBI:65327	CHEBI:63005	resolve_manual_curated
kh2po4 x 7 h2o	CHEBI:2509	CHEBI:63036	resolve_manual_curated
yeast extract	CHEBI:86158	REMOVED	deground
dextrose	CHEBI:17634	CHEBI:17634	confirm
maltose	CHEBI:17306	CHEBI:17306	confirm
yeast extract	CHEBI:86158	REMOVED	deground
glucose	CHEBI:17234	CHEBI:17234	confirm
maltose	CHEBI:17306	CHEBI:17306	confirm
vitamin b12	CHEBI:176843	CHEBI:176843	confirm
yeast extract	CHEBI:86158	REMOVED	deground
glucose	CHEBI:17234	CHEBI:17234	confirm
yeast extract	CHEBI:86158	REMOVED	deground
d-glucose	CHEBI:17234	CHEBI:17234	confirm
maltose	CHEBI:17306	CHEBI:17306	confirm
leibovitz's l-15 medium	CHEBI:26710	REMOVED	deground
tryptose-phosphate	CHEBI:2509	REMOVED	deground
glutamine	CHEBI:18050	CHEBI:18050	confirm
d-glucose	CHEBI:17234	CHEBI:17234	confirm
yeast extract	CHEBI:86158	REMOVED	deground
yeast extract	CHEBI:86158	REMOVED	deground
na2seo3 x 5 h2o	CHEBI:63940	CHEBI:131361	resolve_corpus_consensus
mgcl2 x 6 h2o	CHEBI:34887	CHEBI:86345	resolve_corpus_consensus
yeast extract	CHEBI:86158	REMOVED	deground
dl-dithiothreitol	CHEBI:18320	CHEBI:18320	confirm
yeast extract	CHEBI:86158	REMOVED	deground
yeast extract	CHEBI:86158	REMOVED	deground
nano3	CHEBI:65327	CHEBI:63005	resolve_manual_curated
yeast extract	CHEBI:86158	REMOVED	deground
glucose	CHEBI:17234	CHEBI:17234	confirm
yeast extract	CHEBI:86158	REMOVED	deground
yeast extract	CHEBI:86158	REMOVED	deground
glucose	CHEBI:17234	CHEBI:17234	confirm
mgcl2 x 6 h2o	CHEBI:34887	CHEBI:86345	resolve_corpus_consensus
yeast extract	CHEBI:86158	REMOVED	deground
mgcl2 x 6 h2o	CHEBI:34887	CHEBI:86345	resolve_corpus_consensus
yeast extract	CHEBI:86158	REMOVED	deground
glucose	CHEBI:17234	CHEBI:17234	confirm
yeast extract	CHEBI:86158	REMOVED	deground
vitamin b12	CHEBI:176843	CHEBI:176843	confirm
yeast extract	CHEBI:86158	REMOVED	deground
yeast extract	CHEBI:86158	REMOVED	deground
yeast extract	CHEBI:86158	REMOVED	deground
glucose	CHEBI:17234	CHEBI:17234	confirm
yeast extract	CHEBI:86158	REMOVED	deground
mgcl2 x 6 h2o	CHEBI:34887	CHEBI:86345	resolve_corpus_consensus
yeast extract	CHEBI:86158	REMOVED	deground
yeast extract	CHEBI:86158	REMOVED	deground
mgcl2 x 6 h2o	CHEBI:34887	CHEBI:86345	resolve_corpus_consensus
mgcl2 x 6 h2o	CHEBI:34887	CHEBI:86345	resolve_corpus_consensus
glucose	CHEBI:17234	CHEBI:17234	confirm
yeast extract	CHEBI:86158	REMOVED	deground
na2seo3 x 5 h2o	CHEBI:63940	CHEBI:131361	resolve_corpus_consensus
glucose	CHEBI:17234	CHEBI:17234	confirm
yeast extract	CHEBI:86158	REMOVED	deground
vitamin b12	CHEBI:176843	CHEBI:176843	confirm
glucose	CHEBI:17234	CHEBI:17234	confirm
yeast extract	CHEBI:86158	REMOVED	deground
yeast extract	CHEBI:86158	REMOVED	deground
glucose	CHEBI:17234	CHEBI:17234	confirm
glucose	CHEBI:17234	CHEBI:17234	confirm
yeast extract	CHEBI:86158	REMOVED	deground
vitamin b12	CHEBI:176843	CHEBI:176843	confirm
voso4 x 2 h2o	CHEBI:32139	CHEBI:33146	resolve_manual_curated
deionized water	CHEBI:86249	CHEBI:15377	resolve_manual_curated
vitamin b12	CHEBI:176843	CHEBI:176843	confirm
yeast extract	CHEBI:86158	REMOVED	deground
d-glucose	CHEBI:17234	CHEBI:17234	confirm
yeast extract	CHEBI:86158	REMOVED	deground
yeast extract	CHEBI:86158	REMOVED	deground
vitamin b12	CHEBI:176843	CHEBI:176843	confirm
yeast extract	CHEBI:86158	REMOVED	deground
glucose	CHEBI:17234	CHEBI:17234	confirm
mgcl2 x 6 h2o	CHEBI:34887	CHEBI:86345	resolve_corpus_consensus
yeast extract	CHEBI:86158	REMOVED	deground
nano3	CHEBI:65327	CHEBI:63005	resolve_manual_curated
yeast extract	CHEBI:86158	REMOVED	deground
potassium phosphate buffer	CHEBI:31345	REMOVED	deground
yeast extract	CHEBI:86158	REMOVED	deground
mgcl2 x 6 h2o	CHEBI:34887	CHEBI:86345	resolve_corpus_consensus
yeast extract	CHEBI:86158	REMOVED	deground
yeast extract	CHEBI:86158	REMOVED	deground
mgcl2 x 6 h2o	CHEBI:34887	CHEBI:86345	resolve_corpus_consensus
yeast extract	CHEBI:86158	REMOVED	deground
mgcl2 x 6 h2o	CHEBI:34887	CHEBI:86345	resolve_corpus_consensus
vitamin b12	CHEBI:176843	CHEBI:176843	confirm
yeast extract	CHEBI:86158	REMOVED	deground
vitamin b12	CHEBI:176843	CHEBI:176843	confirm
yeast extract	CHEBI:86158	REMOVED	deground
vitamin b12	CHEBI:176843	CHEBI:176843	confirm
yeast extract	CHEBI:86158	REMOVED	deground
glucose	CHEBI:17234	CHEBI:17234	confirm
mgcl2 x 6 h2o	CHEBI:34887	CHEBI:86345	resolve_corpus_consensus
yeast extract	CHEBI:86158	REMOVED	deground
mgcl2 x 6 h2o	CHEBI:34887	CHEBI:86345	resolve_corpus_consensus
glucose	CHEBI:17234	CHEBI:17234	confirm
yeast extract	CHEBI:86158	REMOVED	deground
na2seo3 x 5 h2o	CHEBI:63940	CHEBI:131361	resolve_corpus_consensus
d(+)-glucose	CHEBI:17634	CHEBI:17634	confirm
d-glucose	CHEBI:17234	CHEBI:17234	confirm
yeast extract	CHEBI:86158	REMOVED	deground
voso4 x 5 h2o	CHEBI:87014	CHEBI:33146	resolve_manual_curated
yeast extract	CHEBI:86158	REMOVED	deground
glucose	CHEBI:17234	CHEBI:17234	confirm
yeast extract	CHEBI:86158	REMOVED	deground
glucose	CHEBI:17234	CHEBI:17234	confirm
yeast extract	CHEBI:86158	REMOVED	deground
yeast extract	CHEBI:86158	REMOVED	deground
glucose	CHEBI:17234	CHEBI:17234	confirm
vitamin b12	CHEBI:176843	CHEBI:176843	confirm
d-glucose	CHEBI:17234	CHEBI:17234	confirm
mgcl2 x 6 h2o	CHEBI:34887	CHEBI:86345	resolve_corpus_consensus
yeast extract	CHEBI:86158	REMOVED	deground
vitamin b12	CHEBI:176843	CHEBI:176843	confirm
yeast extract	CHEBI:86158	REMOVED	deground
vitamin b12	CHEBI:176843	CHEBI:176843	confirm
yeast extract	CHEBI:86158	REMOVED	deground
yeast extract	CHEBI:86158	REMOVED	deground
mgcl2 x 6 h2o	CHEBI:34887	CHEBI:86345	resolve_corpus_consensus
yeast extract	CHEBI:86158	REMOVED	deground
glucose	CHEBI:17234	CHEBI:17234	confirm
mgcl2 x 6 h2o	CHEBI:34887	CHEBI:86345	resolve_corpus_consensus
yeast extract	CHEBI:86158	REMOVED	deground
mgcl2 x 6 h2o	CHEBI:34887	CHEBI:86345	resolve_corpus_consensus
glucose	CHEBI:17234	CHEBI:17234	confirm
yeast extract	CHEBI:86158	REMOVED	deground
l-cysteine	CHEBI:15356	CHEBI:15356	confirm
na2seo3 x 5 h2o	CHEBI:63940	CHEBI:131361	resolve_corpus_consensus
yeast extract	CHEBI:86158	REMOVED	deground
yeast extract	CHEBI:86158	REMOVED	deground
vitamin b12	CHEBI:176843	CHEBI:176843	confirm
yeast extract	CHEBI:86158	REMOVED	deground
glucose	CHEBI:17234	CHEBI:17234	confirm
mgcl2 x 6 h2o	CHEBI:34887	CHEBI:86345	resolve_corpus_consensus
glucose	CHEBI:17234	CHEBI:17234	confirm
yeast extract	CHEBI:86158	REMOVED	deground
vitamin b12	CHEBI:176843	CHEBI:176843	confirm
yeast extract	CHEBI:86158	REMOVED	deground
yeast extract	CHEBI:86158	REMOVED	deground
yeast extract	CHEBI:86158	REMOVED	deground
yeast extract	CHEBI:86158	REMOVED	deground
vitamin b12	CHEBI:176843	CHEBI:176843	confirm
yeast extract	CHEBI:86158	REMOVED	deground
glucose	CHEBI:17234	CHEBI:17234	confirm
glucose	CHEBI:17234	CHEBI:17234	confirm
na2seo3 x 5 h2o	CHEBI:63940	CHEBI:131361	resolve_corpus_consensus
yeast extract	CHEBI:86158	REMOVED	deground
yeast extract	CHEBI:86158	REMOVED	deground
mgcl2 x 6 h2o	CHEBI:34887	CHEBI:86345	resolve_corpus_consensus
b12	CHEBI:34887	CHEBI:176843	resolve_manual_curated
mgcl2 x 6 h2o	CHEBI:34887	CHEBI:86345	resolve_corpus_consensus
yeast extract	CHEBI:86158	REMOVED	deground
glucose	CHEBI:17234	CHEBI:17234	confirm
yeast extract	CHEBI:86158	REMOVED	deground
mgcl2 x 6 h2o	CHEBI:34887	CHEBI:86345	resolve_corpus_consensus
yeast extract	CHEBI:86158	REMOVED	deground
vitamin b12	CHEBI:176843	CHEBI:176843	confirm
yeast extract	CHEBI:86158	REMOVED	deground
mgcl2 x 6 h2o	CHEBI:34887	CHEBI:86345	resolve_corpus_consensus
vitamin b12	CHEBI:176843	CHEBI:176843	confirm
vitamin b12	CHEBI:176843	CHEBI:176843	confirm
nano3	CHEBI:65327	CHEBI:63005	resolve_manual_curated
mgcl2 x 6 h2o	CHEBI:34887	CHEBI:86345	resolve_corpus_consensus
yeast extract	CHEBI:86158	REMOVED	deground
yeast extract	CHEBI:86158	REMOVED	deground
yeast extract	CHEBI:86158	REMOVED	deground
glucose	CHEBI:17234	CHEBI:17234	confirm
mgcl2 x 6 h2o	CHEBI:34887	CHEBI:86345	resolve_corpus_consensus
yeast extract	CHEBI:86158	REMOVED	deground
glucose	CHEBI:17234	CHEBI:17234	confirm
yeast extract	CHEBI:86158	REMOVED	deground
h3bo4	CHEBI:32599	CHEBI:33118	resolve_manual_curated
mgcl2 x 6 h2o	CHEBI:34887	CHEBI:86345	resolve_corpus_consensus
yeast extract	CHEBI:86158	REMOVED	deground
glucose	CHEBI:17234	CHEBI:17234	confirm
yeast extract	CHEBI:86158	REMOVED	deground
glucose	CHEBI:17234	CHEBI:17234	confirm
cobalamine	CHEBI:17015	CHEBI:30411	resolve_manual_curated
yeast extract	CHEBI:86158	REMOVED	deground
glucose	CHEBI:17234	CHEBI:17234	confirm
mgcl2 x 6 h2o	CHEBI:34887	CHEBI:86345	resolve_corpus_consensus
yeast extract	CHEBI:86158	REMOVED	deground
glucose	CHEBI:17234	CHEBI:17234	confirm
mgcl2 x 6 h2o	CHEBI:34887	CHEBI:86345	resolve_corpus_consensus
yeast extract	CHEBI:86158	REMOVED	deground
yeast extract	CHEBI:86158	REMOVED	deground
mgcl2 x 6 h2o	CHEBI:34887	CHEBI:86345	resolve_corpus_consensus
mgcl2 x 6 h2o	CHEBI:34887	CHEBI:86345	resolve_corpus_consensus
mgcl2 x 6 h2o	CHEBI:34887	CHEBI:86345	resolve_corpus_consensus
yeast extract	CHEBI:86158	REMOVED	deground
vitamin b12	CHEBI:176843	CHEBI:176843	confirm
yeast extract	CHEBI:86158	REMOVED	deground
glucose	CHEBI:17234	CHEBI:17234	confirm
yeast extract	CHEBI:86158	REMOVED	deground
yeast extract	CHEBI:86158	REMOVED	deground
yeast extract	CHEBI:86158	REMOVED	deground
glucose	CHEBI:17234	CHEBI:17234	confirm
yeast extract	CHEBI:86158	REMOVED	deground
mgcl2 x 6 h2o	CHEBI:34887	CHEBI:86345	resolve_corpus_consensus
na2seo3 x 5 h2o	CHEBI:63940	CHEBI:131361	resolve_corpus_consensus
yeast extract	CHEBI:86158	REMOVED	deground
mgcl2 x 6 h2o	CHEBI:34887	CHEBI:86345	resolve_corpus_consensus
nano3	CHEBI:65327	CHEBI:63005	resolve_manual_curated
na2seo3 x 5 h2o	CHEBI:63940	CHEBI:131361	resolve_corpus_consensus
mgcl2 x 6 h2o	CHEBI:34887	CHEBI:86345	resolve_corpus_consensus
nano3	CHEBI:65327	CHEBI:63005	resolve_manual_curated
na2seo3 x 5 h2o	CHEBI:63940	CHEBI:131361	resolve_corpus_consensus
h3bo4	CHEBI:32599	CHEBI:33118	resolve_manual_curated
vitamin b12	CHEBI:176843	CHEBI:176843	confirm
yeast extract	CHEBI:86158	REMOVED	deground
glucose	CHEBI:17234	CHEBI:17234	confirm
yeast extract	CHEBI:86158	REMOVED	deground
nano3	CHEBI:65327	CHEBI:63005	resolve_manual_curated
yeast extract	CHEBI:86158	REMOVED	deground
vitamin b12	CHEBI:176843	CHEBI:176843	confirm
yeast extract	CHEBI:86158	REMOVED	deground
yeast extract	CHEBI:86158	REMOVED	deground
glucose	CHEBI:17234	CHEBI:17234	confirm
vitamin b12	CHEBI:176843	CHEBI:176843	confirm
vitamin b12	CHEBI:176843	CHEBI:176843	confirm
vitamin b12	CHEBI:176843	CHEBI:176843	confirm
vitamin b12	CHEBI:176843	CHEBI:176843	confirm
vitamin b12	CHEBI:176843	CHEBI:176843	confirm
vitamin b12	CHEBI:176843	CHEBI:176843	confirm
vitamin b12	CHEBI:176843	CHEBI:176843	confirm
yeast extract	CHEBI:86158	REMOVED	deground
yeast extract	CHEBI:86158	REMOVED	deground
glucose	CHEBI:17234	CHEBI:17234	confirm
yeast extract	CHEBI:86158	REMOVED	deground
yeast extract	CHEBI:86158	REMOVED	deground
glucose	CHEBI:17234	CHEBI:17234	confirm
mgcl2 x 6 h2o	CHEBI:34887	CHEBI:86345	resolve_corpus_consensus
yeast extract	CHEBI:86158	REMOVED	deground
glucose	CHEBI:17234	CHEBI:17234	confirm
mgcl2 x 6 h2o	CHEBI:34887	CHEBI:86345	resolve_corpus_consensus
mgcl2 x 6 h2o	CHEBI:34887	CHEBI:86345	resolve_corpus_consensus
yeast extract	CHEBI:86158	REMOVED	deground
sabouraud- glucose-bouillon	CHEBI:2509	REMOVED	deground
yeast extract	CHEBI:86158	REMOVED	deground
glucose	CHEBI:17234	CHEBI:17234	confirm
yeast extract	CHEBI:86158	REMOVED	deground
yeast extract	CHEBI:86158	REMOVED	deground
d-glucose	CHEBI:17234	CHEBI:17234	confirm
glucose	CHEBI:17234	CHEBI:17234	confirm
yeast extract	CHEBI:86158	REMOVED	deground
vitamin b12	CHEBI:176843	CHEBI:176843	confirm
yeast extract	CHEBI:86158	REMOVED	deground
yeast extract	CHEBI:86158	REMOVED	deground
mgcl2 x 6 h2o	CHEBI:34887	CHEBI:86345	resolve_corpus_consensus
ampicillin sodium salt	CHEBI:3311	CHEBI:34535	resolve_manual_curated
vitamin b12	CHEBI:176843	CHEBI:176843	confirm
yeast extract	CHEBI:86158	REMOVED	deground
ampicillin sodium salt	CHEBI:3311	CHEBI:34535	resolve_manual_curated
yeast extract	CHEBI:86158	REMOVED	deground
mgcl2 x 6 h2o	CHEBI:34887	CHEBI:86345	resolve_corpus_consensus
yeast extract	CHEBI:86158	REMOVED	deground
mgcl2 x 6 h2o	CHEBI:34887	CHEBI:86345	resolve_corpus_consensus
yeast extract	CHEBI:86158	REMOVED	deground
glucose	CHEBI:17234	CHEBI:17234	confirm
mgcl2 x 6 h2o	CHEBI:34887	CHEBI:86345	resolve_corpus_consensus
yeast extract	CHEBI:86158	REMOVED	deground
yeast extract	CHEBI:86158	REMOVED	deground
d-glucose	CHEBI:17234	CHEBI:17234	confirm
yeast extract	CHEBI:86158	REMOVED	deground
glucose	CHEBI:17234	CHEBI:17234	confirm
yeast extract	CHEBI:86158	REMOVED	deground
glucose	CHEBI:17234	CHEBI:17234	confirm
inositol	CHEBI:17268	CHEBI:17268	confirm
yeast extract	CHEBI:86158	REMOVED	deground
yeast extract	CHEBI:86158	REMOVED	deground
glucose	CHEBI:17234	CHEBI:17234	confirm
mgcl2 x 6 h2o	CHEBI:34887	CHEBI:86345	resolve_corpus_consensus
yeast extract	CHEBI:86158	REMOVED	deground
yeast extract	CHEBI:86158	REMOVED	deground
glucose	CHEBI:17234	CHEBI:17234	confirm
yeast extract	CHEBI:86158	REMOVED	deground
yeast extract	CHEBI:86158	REMOVED	deground
nano3	CHEBI:65327	CHEBI:63005	resolve_manual_curated
yeast extract	CHEBI:86158	REMOVED	deground
mgcl2 x 6 h2o	CHEBI:34887	CHEBI:86345	resolve_corpus_consensus
yeast extract	CHEBI:86158	REMOVED	deground
nano3	CHEBI:65327	CHEBI:63005	resolve_manual_curated
glucose	CHEBI:17234	CHEBI:17234	confirm
mgcl2 x 6 h2o	CHEBI:34887	CHEBI:86345	resolve_corpus_consensus
yeast extract	CHEBI:86158	REMOVED	deground
d-glucose	CHEBI:17234	CHEBI:17234	confirm
yeast extract	CHEBI:86158	REMOVED	deground
yeast extract	CHEBI:86158	REMOVED	deground
yeast extract	CHEBI:86158	REMOVED	deground
yeast extract	CHEBI:86158	REMOVED	deground
yeast extract	CHEBI:86158	REMOVED	deground
yeast extract	CHEBI:86158	REMOVED	deground
dl-dithiothreitol	CHEBI:18320	CHEBI:18320	confirm
polypeptone	CHEBI:26710	REMOVED	deground
yeast extract	CHEBI:86158	REMOVED	deground
yeast extract	CHEBI:86158	REMOVED	deground
glucose	CHEBI:17234	CHEBI:17234	confirm
mgcl2 x 6 h2o	CHEBI:34887	CHEBI:86345	resolve_corpus_consensus
yeast extract	CHEBI:86158	REMOVED	deground
nano3	CHEBI:65327	CHEBI:63005	resolve_manual_curated
glucose	CHEBI:17234	CHEBI:17234	confirm
yeast extract	CHEBI:86158	REMOVED	deground
skim milk	CHEBI:28260	REMOVED	deground
yeast extract	CHEBI:86158	REMOVED	deground
mgcl2 x 6 h2o	CHEBI:34887	CHEBI:86345	resolve_corpus_consensus
d-glucose	CHEBI:17234	CHEBI:17234	confirm
yeast extract	CHEBI:86158	REMOVED	deground
na2seo3 x 5 h2o	CHEBI:63940	CHEBI:131361	resolve_corpus_consensus
mgcl2 x 6 h2o	CHEBI:34887	CHEBI:86345	resolve_corpus_consensus
voso4 x h2o	CHEBI:34887	CHEBI:33146	resolve_manual_curated
mgcl2 x 6 h2o	CHEBI:34887	CHEBI:86345	resolve_corpus_consensus
yeast extract	CHEBI:86158	REMOVED	deground
mgcl2 x 6 h2o	CHEBI:34887	CHEBI:86345	resolve_corpus_consensus
yeast extract	CHEBI:86158	REMOVED	deground
d-glucose	CHEBI:17234	CHEBI:17234	confirm
mgcl2 x 6 h2o	CHEBI:34887	CHEBI:86345	resolve_corpus_consensus
yeast extract	CHEBI:86158	REMOVED	deground
mgcl2 x 6 h2o	CHEBI:34887	CHEBI:86345	resolve_corpus_consensus
yeast extract	CHEBI:86158	REMOVED	deground
b12	CHEBI:34887	CHEBI:176843	resolve_manual_curated
mgcl2 x 6 h2o	CHEBI:34887	CHEBI:86345	resolve_corpus_consensus
na acetate x 3 h2o	CHEBI:86158	CHEBI:32138	resolve_manual_curated
yeast extract	CHEBI:86158	REMOVED	deground
glucose	CHEBI:17234	CHEBI:17234	confirm
mgcl2 x 6 h2o	CHEBI:34887	CHEBI:86345	resolve_corpus_consensus
yeast extract	CHEBI:86158	REMOVED	deground
mgcl2 x 6 h2o	CHEBI:34887	CHEBI:86345	resolve_corpus_consensus
yeast extract	CHEBI:86158	REMOVED	deground
glucose	CHEBI:17234	CHEBI:17234	confirm
yeast extract	CHEBI:86158	REMOVED	deground
yeast extract	CHEBI:86158	REMOVED	deground
mgcl2 x 6 h2o	CHEBI:34887	CHEBI:86345	resolve_corpus_consensus
mgcl2 x 6 h2o	CHEBI:34887	CHEBI:86345	resolve_corpus_consensus
yeast extract	CHEBI:86158	REMOVED	deground
mgcl2 x 6 h2o	CHEBI:34887	CHEBI:86345	resolve_corpus_consensus
nano3	CHEBI:65327	CHEBI:63005	resolve_manual_curated
yeast extract	CHEBI:86158	REMOVED	deground
glucose	CHEBI:17234	CHEBI:17234	confirm
yeast extract	CHEBI:86158	REMOVED	deground
mgcl2 x 6 h2o	CHEBI:34887	CHEBI:86345	resolve_corpus_consensus
yeast extract	CHEBI:86158	REMOVED	deground
d-glucose	CHEBI:17234	CHEBI:17234	confirm
yeast extract	CHEBI:86158	REMOVED	deground
yeast extract	CHEBI:86158	REMOVED	deground
glucose	CHEBI:17234	CHEBI:17234	confirm
glycine	CHEBI:15428	CHEBI:15428	confirm
citric acid	CHEBI:53258	CHEBI:53258	confirm
ß-nicotinamide adenine dinucleotide	CHEBI:15971	CHEBI:13389	resolve_manual_curated
d-glucose	CHEBI:17234	CHEBI:17234	confirm
d-fructose	CHEBI:15824	CHEBI:15824	confirm
d-mannose	CHEBI:16024	CHEBI:16024	confirm
d-arabinose	CHEBI:17108	CHEBI:17108	confirm
d-glucose	CHEBI:17234	CHEBI:17234	confirm
yeast extract	CHEBI:86158	REMOVED	deground
asialofetuin	CHEBI:16643	REMOVED	deground
2-methylbutyric acid	CHEBI:37070	CHEBI:37070	confirm
yeast extract	CHEBI:86158	REMOVED	deground
glucose	CHEBI:17234	CHEBI:17234	confirm
yeast extract	CHEBI:86158	REMOVED	deground
rabbit serum	CHEBI:18050	REMOVED	deground
vitamin b12	CHEBI:176843	CHEBI:176843	confirm
yeast extract	CHEBI:86158	REMOVED	deground
d-glucose	CHEBI:17234	CHEBI:17234	confirm
yeast extract	CHEBI:86158	REMOVED	deground
yeast extract	CHEBI:86158	REMOVED	deground
yeast extract	CHEBI:86158	REMOVED	deground
yeast extract	CHEBI:86158	REMOVED	deground
yeast extract	CHEBI:86158	REMOVED	deground
yeast extract	CHEBI:86158	REMOVED	deground
glucose	CHEBI:17234	CHEBI:17234	confirm
yeast extract	CHEBI:86158	REMOVED	deground
glucose	CHEBI:17234	CHEBI:17234	confirm
mgcl2 x 6 h2o	CHEBI:34887	CHEBI:86345	resolve_corpus_consensus
aminoacids	CHEBI:33709	CHEBI:33709	confirm
yeast extract	CHEBI:86158	REMOVED	deground
mgcl2 x 6 h2o	CHEBI:34887	CHEBI:86345	resolve_corpus_consensus
yeast extract	CHEBI:86158	REMOVED	deground
nano3	CHEBI:65327	CHEBI:63005	resolve_manual_curated
yeast extract	CHEBI:86158	REMOVED	deground
yeast extract	CHEBI:86158	REMOVED	deground
glucose	CHEBI:17234	CHEBI:17234	confirm
glucose	CHEBI:17234	CHEBI:17234	confirm
yeast extract	CHEBI:86158	REMOVED	deground
mgcl2 x 6 h2o	CHEBI:34887	CHEBI:86345	resolve_corpus_consensus
mgcl2 x 6 h2o	CHEBI:34887	CHEBI:86345	resolve_corpus_consensus
yeast extract	CHEBI:86158	REMOVED	deground
yeast extract	CHEBI:86158	REMOVED	deground
glucose	CHEBI:17234	CHEBI:17234	confirm
yeast extract	CHEBI:86158	REMOVED	deground
d(+)-glucose	CHEBI:17634	CHEBI:17634	confirm
glucose	CHEBI:17234	CHEBI:17234	confirm
yeast extract	CHEBI:86158	REMOVED	deground
mgcl2 x 6 h2o	CHEBI:34887	CHEBI:86345	resolve_corpus_consensus
yeast extract	CHEBI:86158	REMOVED	deground
yeast extract	CHEBI:86158	REMOVED	deground
sl10	CHEBI:15361	REMOVED	deground
vitamin b12	CHEBI:176843	CHEBI:176843	confirm
yeast extract	CHEBI:86158	REMOVED	deground
glucose	CHEBI:17234	CHEBI:17234	confirm
yeast extract	CHEBI:86158	REMOVED	deground
yeast extract	CHEBI:86158	REMOVED	deground
glucose	CHEBI:17234	CHEBI:17234	confirm
nano3	CHEBI:65327	CHEBI:63005	resolve_manual_curated
d-glucose	CHEBI:17234	CHEBI:17234	confirm
mgcl2 x 6 h2o	CHEBI:34887	CHEBI:86345	resolve_corpus_consensus
yeast extract	CHEBI:86158	REMOVED	deground
d-glucose	CHEBI:17234	CHEBI:17234	confirm
mgcl2 x 6 h2o	CHEBI:34887	CHEBI:86345	resolve_corpus_consensus
d-glucose	CHEBI:17234	CHEBI:17234	confirm
yeast extract	CHEBI:86158	REMOVED	deground
glucose	CHEBI:17234	CHEBI:17234	confirm
nano3	CHEBI:65327	CHEBI:63005	resolve_manual_curated
fe2(so4)3 x h2o	CHEBI:32588	CHEBI:53438	resolve_manual_curated
yeast extract	CHEBI:86158	REMOVED	deground
yeast extract	CHEBI:86158	REMOVED	deground
mgcl2 x 6 h2o	CHEBI:34887	CHEBI:86345	resolve_corpus_consensus
mgcl2 x 6 h2o	CHEBI:34887	CHEBI:86345	resolve_corpus_consensus
d-glucose	CHEBI:17234	CHEBI:17234	confirm
yeast extract	CHEBI:86158	REMOVED	deground
dl-dithiothreitol	CHEBI:18320	CHEBI:18320	confirm
mgcl2 x 6 h2o	CHEBI:34887	CHEBI:86345	resolve_corpus_consensus
d-glucose	CHEBI:17234	CHEBI:17234	confirm
mgcl2 x 6 h2o	CHEBI:34887	CHEBI:86345	resolve_corpus_consensus
yeast extract	CHEBI:86158	REMOVED	deground
d-glucose	CHEBI:17234	CHEBI:17234	confirm
mgcl2 x 6 h2o	CHEBI:34887	CHEBI:86345	resolve_corpus_consensus
yeast extract	CHEBI:86158	REMOVED	deground
mgcl2 x 6 h2o	CHEBI:34887	CHEBI:86345	resolve_corpus_consensus
yeast extract	CHEBI:86158	REMOVED	deground
oat flakes	CHEBI:2509	REMOVED	deground
d(+)-glucose	CHEBI:17634	CHEBI:17634	confirm
yeast extract	CHEBI:86158	REMOVED	deground
glucose	CHEBI:17234	CHEBI:17234	confirm
yeast extract	CHEBI:86158	REMOVED	deground
glucose	CHEBI:17234	CHEBI:17234	confirm
yeast extract	CHEBI:86158	REMOVED	deground
mgcl2 x 6 h2o	CHEBI:34887	CHEBI:86345	resolve_corpus_consensus
glucose	CHEBI:17234	CHEBI:17234	confirm
mgcl2 x 6 h2o	CHEBI:34887	CHEBI:86345	resolve_corpus_consensus
glucose	CHEBI:17234	CHEBI:17234	confirm
na2seo3 x 5 h2o	CHEBI:63940	CHEBI:131361	resolve_corpus_consensus
vitamin b12	CHEBI:176843	CHEBI:176843	confirm
yeast extract	CHEBI:86158	REMOVED	deground
yeast extract	CHEBI:86158	REMOVED	deground
citric acid	CHEBI:53258	CHEBI:53258	confirm
mgcl2 x 6 h2o	CHEBI:34887	CHEBI:86345	resolve_corpus_consensus
mgcl2 x 6 h2o	CHEBI:34887	CHEBI:86345	resolve_corpus_consensus
yeast extract	CHEBI:86158	REMOVED	deground
vitamin b12	CHEBI:176843	CHEBI:176843	confirm
corn meal	CHEBI:2509	REMOVED	deground
yeast extract	CHEBI:86158	REMOVED	deground
d-glucose	CHEBI:17234	CHEBI:17234	confirm
yeast extract	CHEBI:86158	REMOVED	deground
yeast extract	CHEBI:86158	REMOVED	deground
glucose	CHEBI:17234	CHEBI:17234	confirm
yeast extract	CHEBI:86158	REMOVED	deground
soy flour	CHEBI:46756	REMOVED	deground
d-glucose	CHEBI:17234	CHEBI:17234	confirm
vitamin b12	CHEBI:176843	CHEBI:176843	confirm
glucose	CHEBI:17234	CHEBI:17234	confirm
yeast extract	CHEBI:86158	REMOVED	deground
yeast extract	CHEBI:86158	REMOVED	deground
dextrose	CHEBI:17634	CHEBI:17634	confirm
vitamin b12	CHEBI:176843	CHEBI:176843	confirm
yeast extract	CHEBI:86158	REMOVED	deground
yeast extract	CHEBI:86158	REMOVED	deground
yeast extract	CHEBI:86158	REMOVED	deground
yeast extract	CHEBI:86158	REMOVED	deground
yeast extract	CHEBI:86158	REMOVED	deground
yeast extract	CHEBI:86158	REMOVED	deground
yeast extract	CHEBI:86158	REMOVED	deground
d-glucose	CHEBI:17234	CHEBI:17234	confirm
lipoprotein concentrate	CHEBI:17203	REMOVED	deground
yeast extract	CHEBI:86158	REMOVED	deground
glucose	CHEBI:17234	CHEBI:17234	confirm
vitamin b12	CHEBI:176843	CHEBI:176843	confirm
yeast extract	CHEBI:86158	REMOVED	deground
glucose	CHEBI:17234	CHEBI:17234	confirm
mgcl2 x 6 h2o	CHEBI:34887	CHEBI:86345	resolve_corpus_consensus
mgcl2 x 6 h2o	CHEBI:34887	CHEBI:86345	resolve_corpus_consensus
na2moo7o4 x 2 h2o	CHEBI:3312	CHEBI:75213	resolve_manual_curated
h2seo3	CHEBI:75215	CHEBI:26642	resolve_manual_curated
vitamin b12	CHEBI:176843	CHEBI:176843	confirm
yeast extract	CHEBI:86158	REMOVED	deground
glucose	CHEBI:17234	CHEBI:17234	confirm
mgcl2 x 6 h2o	CHEBI:34887	CHEBI:86345	resolve_corpus_consensus
yeast extract	CHEBI:86158	REMOVED	deground
mgcl2 x 6 h2o	CHEBI:34887	CHEBI:86345	resolve_corpus_consensus
polypeptone	CHEBI:26710	REMOVED	deground
yeast extract	CHEBI:86158	REMOVED	deground
yeast extract	CHEBI:86158	REMOVED	deground
α-d-glucose monohydrate	CHEBI:35696	CHEBI:17925	resolve_manual_curated
yeast extract	CHEBI:86158	REMOVED	deground
nano3	CHEBI:65327	CHEBI:63005	resolve_manual_curated
mgcl2 x 6 h2o	CHEBI:34887	CHEBI:86345	resolve_corpus_consensus
yeast extract	CHEBI:86158	REMOVED	deground
α-d-glucose monohydrate	CHEBI:35696	CHEBI:17925	resolve_manual_curated
nano3	CHEBI:65327	CHEBI:63005	resolve_manual_curated
mgcl2 x 6 h2o	CHEBI:34887	CHEBI:86345	resolve_corpus_consensus
yeast extract	CHEBI:86158	REMOVED	deground
mgcl2 x 6 h2o	CHEBI:34887	CHEBI:86345	resolve_corpus_consensus
mgcl2 x 6 h2o	CHEBI:34887	CHEBI:86345	resolve_corpus_consensus
yeast extract	CHEBI:86158	REMOVED	deground
l-cysteine	CHEBI:15356	CHEBI:15356	confirm
mgcl2 x 6 h2o	CHEBI:34887	CHEBI:86345	resolve_corpus_consensus
yeast extract	CHEBI:86158	REMOVED	deground
d(+)-glucose	CHEBI:17634	CHEBI:17634	confirm
yeast extract	CHEBI:86158	REMOVED	deground
yeast extract	CHEBI:86158	REMOVED	deground
d-glucose	CHEBI:17234	CHEBI:17234	confirm
yeast extract	CHEBI:86158	REMOVED	deground
glucose	CHEBI:17234	CHEBI:17234	confirm
mgcl2 x 6 h2o	CHEBI:34887	CHEBI:86345	resolve_corpus_consensus
yeast extract	CHEBI:86158	REMOVED	deground
glucose	CHEBI:17234	CHEBI:17234	confirm
yeast extract	CHEBI:86158	REMOVED	deground
mgcl2 x 6 h2o	CHEBI:34887	CHEBI:86345	resolve_corpus_consensus
yeast extract	CHEBI:86158	REMOVED	deground
glucose	CHEBI:17234	CHEBI:17234	confirm
deionized water	CHEBI:86249	CHEBI:15377	resolve_manual_curated
mgcl2 x 6 h2o	CHEBI:34887	CHEBI:86345	resolve_corpus_consensus
mgcl2 x 6 h2o	CHEBI:34887	CHEBI:86345	resolve_corpus_consensus
yeast extract	CHEBI:86158	REMOVED	deground
dextrose	CHEBI:17634	CHEBI:17634	confirm
glucose	CHEBI:17234	CHEBI:17234	confirm
glucose	CHEBI:17234	CHEBI:17234	confirm
fructose	CHEBI:15824	CHEBI:15824	confirm
glucose	CHEBI:17234	CHEBI:17234	confirm
fructose	CHEBI:15824	CHEBI:15824	confirm
glucose	CHEBI:17234	CHEBI:17234	confirm
yeast extract	CHEBI:86158	REMOVED	deground
d-glucose	CHEBI:17234	CHEBI:17234	confirm
yeast extract	CHEBI:86158	REMOVED	deground
vitamin b12	CHEBI:176843	CHEBI:176843	confirm
yeast extract	CHEBI:86158	REMOVED	deground
yeast extract	CHEBI:86158	REMOVED	deground
yeast extract	CHEBI:86158	REMOVED	deground
mgcl2 x 6 h2o	CHEBI:34887	CHEBI:86345	resolve_corpus_consensus
yeast extract	CHEBI:86158	REMOVED	deground
l-15 powder	CHEBI:17203	REMOVED	deground
d-glucose	CHEBI:17234	CHEBI:17234	confirm
tryptose-phosphate	CHEBI:2509	REMOVED	deground
yeast extract	CHEBI:86158	REMOVED	deground
glucose	CHEBI:17234	CHEBI:17234	confirm
yeast extract	CHEBI:86158	REMOVED	deground
yeast extract	CHEBI:86158	REMOVED	deground
glucose	CHEBI:17234	CHEBI:17234	confirm
yeast extract	CHEBI:86158	REMOVED	deground
yeast extract	CHEBI:86158	REMOVED	deground
yeast extract	CHEBI:86158	REMOVED	deground
yeast extract	CHEBI:86158	REMOVED	deground
yeast extract	CHEBI:86158	REMOVED	deground
glucose	CHEBI:17234	CHEBI:17234	confirm
deionized water	CHEBI:86249	CHEBI:15377	resolve_manual_curated
yeast extract	CHEBI:86158	REMOVED	deground
glucose	CHEBI:17234	CHEBI:17234	confirm
vitamin b12	CHEBI:176843	CHEBI:176843	confirm
yeast extract	CHEBI:86158	REMOVED	deground
soya pepton	CHEBI:26710	REMOVED	deground
d(+)-glucose	CHEBI:17634	CHEBI:17634	confirm
yeast extract	CHEBI:86158	REMOVED	deground
d-glucose	CHEBI:17234	CHEBI:17234	confirm
yeast extract	CHEBI:86158	REMOVED	deground
vitamin b12	CHEBI:176843	CHEBI:176843	confirm
yeast extract	CHEBI:86158	REMOVED	deground
yeast extract	CHEBI:86158	REMOVED	deground
yeast extract	CHEBI:86158	REMOVED	deground
glucose	CHEBI:17234	CHEBI:17234	confirm
yeast extract	CHEBI:86158	REMOVED	deground
yeast extract	CHEBI:86158	REMOVED	deground
mgcl2 x 6 h2o	CHEBI:34887	CHEBI:86345	resolve_corpus_consensus
mgcl2 x 6 h2o	CHEBI:34887	CHEBI:86345	resolve_corpus_consensus
mgcl2 x 6 h2o	CHEBI:34887	CHEBI:86345	resolve_corpus_consensus
yeast extract	CHEBI:86158	REMOVED	deground
glucose	CHEBI:17234	CHEBI:17234	confirm
mgcl2 x 6 h2o	CHEBI:34887	CHEBI:86345	resolve_corpus_consensus
poly[(r)-3-hydroxybutyric acid]	CHEBI:32588	REMOVED	deground
glucose	CHEBI:17234	CHEBI:17234	confirm
yeast extract	CHEBI:86158	REMOVED	deground
yeast extract	CHEBI:86158	REMOVED	deground
glucose	CHEBI:17234	CHEBI:17234	confirm
mgcl2 x 6 h2o	CHEBI:34887	CHEBI:86345	resolve_corpus_consensus
vitamin b12	CHEBI:176843	CHEBI:176843	confirm
mgcl2 x 6 h2o	CHEBI:34887	CHEBI:86345	resolve_corpus_consensus
mgcl2 x 6 h2o	CHEBI:34887	CHEBI:86345	resolve_corpus_consensus
yeast extract	CHEBI:86158	REMOVED	deground
d-glucose	CHEBI:17234	CHEBI:17234	confirm
yeast extract	CHEBI:86158	REMOVED	deground
dl-dithiothreitol	CHEBI:18320	CHEBI:18320	confirm
yeast extract	CHEBI:86158	REMOVED	deground
glucose	CHEBI:17234	CHEBI:17234	confirm
yeast extract	CHEBI:86158	REMOVED	deground
glucose	CHEBI:17234	CHEBI:17234	confirm
yeast extract	CHEBI:86158	REMOVED	deground
glucose	CHEBI:17234	CHEBI:17234	confirm
mgcl2 x 6 h2o	CHEBI:34887	CHEBI:86345	resolve_corpus_consensus
glucose	CHEBI:17234	CHEBI:17234	confirm
yeast extract	CHEBI:86158	REMOVED	deground
nano3	CHEBI:65327	CHEBI:63005	resolve_manual_curated
vitamin b12	CHEBI:176843	CHEBI:176843	confirm
yeast extract	CHEBI:86158	REMOVED	deground
yeast extract	CHEBI:86158	REMOVED	deground
glucose	CHEBI:17234	CHEBI:17234	confirm
mgcl2 x 6 h2o	CHEBI:34887	CHEBI:86345	resolve_corpus_consensus
vitamin b12	CHEBI:176843	CHEBI:176843	confirm
yeast extract	CHEBI:86158	REMOVED	deground
dextrose	CHEBI:17634	CHEBI:17634	confirm
yeast extract	CHEBI:86158	REMOVED	deground
mgcl2 x 6 h2o	CHEBI:34887	CHEBI:86345	resolve_corpus_consensus
yeast extract	CHEBI:86158	REMOVED	deground
l-cysteine	CHEBI:15356	CHEBI:15356	confirm
l-cysteine	CHEBI:15356	CHEBI:15356	confirm
mgcl2 x 6 h2o	CHEBI:34887	CHEBI:86345	resolve_corpus_consensus
yeast extract	CHEBI:86158	REMOVED	deground
glucose	CHEBI:17234	CHEBI:17234	confirm
yeast extract	CHEBI:86158	REMOVED	deground
yeast extract	CHEBI:86158	REMOVED	deground
mgcl2 x 6 h2o	CHEBI:34887	CHEBI:86345	resolve_corpus_consensus
mgcl2 x 6 h2o	CHEBI:34887	CHEBI:86345	resolve_corpus_consensus
yeast extract	CHEBI:86158	REMOVED	deground
nano3	CHEBI:65327	CHEBI:63005	resolve_manual_curated
yeast extract	CHEBI:86158	REMOVED	deground
mgcl2 x 6 h2o	CHEBI:34887	CHEBI:86345	resolve_corpus_consensus
mgcl2 x 6 h2o	CHEBI:34887	CHEBI:86345	resolve_corpus_consensus
yeast extract	CHEBI:86158	REMOVED	deground
k-phosphate buffer	CHEBI:86158	REMOVED	deground
yeast extract	CHEBI:86158	REMOVED	deground
mgcl2 x 6 h2o	CHEBI:34887	CHEBI:86345	resolve_corpus_consensus
nano3	CHEBI:65327	CHEBI:63005	resolve_manual_curated
yeast extract	CHEBI:86158	REMOVED	deground
yeast extract	CHEBI:86158	REMOVED	deground
mgcl2 x 6 h2o	CHEBI:34887	CHEBI:86345	resolve_corpus_consensus
vitamin b12	CHEBI:176843	CHEBI:176843	confirm
d-glucose	CHEBI:17234	CHEBI:17234	confirm
maltose	CHEBI:17306	CHEBI:17306	confirm
yeast extract	CHEBI:86158	REMOVED	deground
glucose	CHEBI:17234	CHEBI:17234	confirm
l-15 medium	CHEBI:18050	REMOVED	deground
tryptose-phosphate	CHEBI:2509	REMOVED	deground
mgcl2 x 6 h2o	CHEBI:34887	CHEBI:86345	resolve_corpus_consensus
yeast extract	CHEBI:86158	REMOVED	deground
polypeptone	CHEBI:26710	REMOVED	deground
mgcl2 x 6 h2o	CHEBI:34887	CHEBI:86345	resolve_corpus_consensus
yeast nitrogen base	CHEBI:42758	REMOVED	deground
glucose	CHEBI:17234	CHEBI:17234	confirm
yeast extract	CHEBI:86158	REMOVED	deground
mgcl2 x 6 h2o	CHEBI:34887	CHEBI:86345	resolve_corpus_consensus
salt water	CHEBI:32599	REMOVED	deground
yeast extract	CHEBI:86158	REMOVED	deground
glucose	CHEBI:17234	CHEBI:17234	confirm
yeast extract	CHEBI:86158	REMOVED	deground
mgcl2 x 6 h2o	CHEBI:34887	CHEBI:86345	resolve_corpus_consensus
nano3	CHEBI:65327	CHEBI:63005	resolve_manual_curated
glucose	CHEBI:17234	CHEBI:17234	confirm
yeast extract	CHEBI:86158	REMOVED	deground
glucose	CHEBI:17234	CHEBI:17234	confirm
yeast extract	CHEBI:86158	REMOVED	deground
mgcl2 x 6 h2o	CHEBI:34887	CHEBI:86345	resolve_corpus_consensus
nano3	CHEBI:65327	CHEBI:63005	resolve_manual_curated
yeast extract	CHEBI:86158	REMOVED	deground
yeast extract	CHEBI:86158	REMOVED	deground
glucose	CHEBI:17234	CHEBI:17234	confirm
mgcl2 x 6 h2o	CHEBI:34887	CHEBI:86345	resolve_corpus_consensus
d-glucose	CHEBI:17234	CHEBI:17234	confirm
mgcl2 x 6 h2o	CHEBI:34887	CHEBI:86345	resolve_corpus_consensus
glucose	CHEBI:17234	CHEBI:17234	confirm
yeast extract	CHEBI:86158	REMOVED	deground
mgcl2 x 6 h2o	CHEBI:34887	CHEBI:86345	resolve_corpus_consensus
yeast extract	CHEBI:86158	REMOVED	deground
glucose	CHEBI:17234	CHEBI:17234	confirm
vitamin b12	CHEBI:176843	CHEBI:176843	confirm
na-phosphate-buffer	CHEBI:32588	REMOVED	deground
yeast extract	CHEBI:86158	REMOVED	deground
glucose	CHEBI:17234	CHEBI:17234	confirm
mgcl2 x 6 h2o	CHEBI:34887	CHEBI:86345	resolve_corpus_consensus
mgcl2 x 6 h2o	CHEBI:34887	CHEBI:86345	resolve_corpus_consensus
mgcl2 x 6 h2o	CHEBI:34887	CHEBI:86345	resolve_corpus_consensus
yeast	CHEBI:42758	REMOVED	deground
glucose	CHEBI:17234	CHEBI:17234	confirm
mgcl2 x 6 h2o	CHEBI:34887	CHEBI:86345	resolve_corpus_consensus
nano3	CHEBI:65327	CHEBI:63005	resolve_manual_curated
mgcl2 x 6 h2o	CHEBI:34887	CHEBI:86345	resolve_corpus_consensus
yeast extract	CHEBI:86158	REMOVED	deground
yeast extract	CHEBI:86158	REMOVED	deground
tropic marine salt	CHEBI:8150	REMOVED	deground
yeast extract	CHEBI:86158	REMOVED	deground
mgcl2 x 6 h2o	CHEBI:34887	CHEBI:86345	resolve_corpus_consensus
d-glucose	CHEBI:17234	CHEBI:17234	confirm
yeast extract	CHEBI:86158	REMOVED	deground
dithiothreitol	CHEBI:18320	CHEBI:18320	confirm
vitamin b12	CHEBI:176843	CHEBI:176843	confirm
glucose	CHEBI:17234	CHEBI:17234	confirm
mgcl2 x 6 h2o	CHEBI:34887	CHEBI:86345	resolve_corpus_consensus
vitamin b12	CHEBI:176843	CHEBI:176843	confirm
yeast extract	CHEBI:86158	REMOVED	deground
lactose	CHEBI:17716	CHEBI:17716	confirm
beef	CHEBI:2509	REMOVED	deground
mgcl2 x 6 h2o	CHEBI:34887	CHEBI:86345	resolve_corpus_consensus
yeast extract	CHEBI:86158	REMOVED	deground
nano3	CHEBI:65327	CHEBI:63005	resolve_manual_curated
na2hpo4-nah2po4 buffer	CHEBI:86158	REMOVED	deground
deionized water	CHEBI:86249	CHEBI:15377	resolve_manual_curated
yeast extract	CHEBI:86158	REMOVED	deground
deionized water	CHEBI:86249	CHEBI:15377	resolve_manual_curated
d(+)-glucose	CHEBI:17634	CHEBI:17634	confirm
mgcl2 x 6 h2o	CHEBI:34887	CHEBI:86345	resolve_corpus_consensus
yeast extract	CHEBI:86158	REMOVED	deground
fructose	CHEBI:15824	CHEBI:15824	confirm
mgcl2 x 6 h2o	CHEBI:34887	CHEBI:86345	resolve_corpus_consensus
nano3	CHEBI:65327	CHEBI:63005	resolve_manual_curated
mgcl2 x 6 h2o	CHEBI:34887	CHEBI:86345	resolve_corpus_consensus
yeast extract	CHEBI:86158	REMOVED	deground
glucose	CHEBI:17234	CHEBI:17234	confirm
yeast extract	CHEBI:86158	REMOVED	deground
yeast extract	CHEBI:86158	REMOVED	deground
glucose	CHEBI:17234	CHEBI:17234	confirm
vitamin b12	CHEBI:176843	CHEBI:176843	confirm
mgcl2 x 6 h2o	CHEBI:34887	CHEBI:86345	resolve_corpus_consensus
vitamin b12	CHEBI:176843	CHEBI:176843	confirm
vitamin b12	CHEBI:176843	CHEBI:176843	confirm
yeast extract	CHEBI:86158	REMOVED	deground
mgcl2 x 6 h2o	CHEBI:34887	CHEBI:86345	resolve_corpus_consensus
yeast extract	CHEBI:86158	REMOVED	deground
glucose	CHEBI:17234	CHEBI:17234	confirm
yeast extract	CHEBI:86158	REMOVED	deground
yeast extract	CHEBI:86158	REMOVED	deground
glucose	CHEBI:17234	CHEBI:17234	confirm
titriplex1	CHEBI:50144	CHEBI:44557	resolve_manual_curated
mgcl2 x 6 h2o	CHEBI:34887	CHEBI:86345	resolve_corpus_consensus
mgcl2 x 6 h2o	CHEBI:34887	CHEBI:86345	resolve_corpus_consensus
mgcl2 x 6 h2o	CHEBI:34887	CHEBI:86345	resolve_corpus_consensus
yeast extract	CHEBI:86158	REMOVED	deground
mgcl2 x 6 h2o	CHEBI:34887	CHEBI:86345	resolve_corpus_consensus
yeast extract	CHEBI:86158	REMOVED	deground
yeast extract	CHEBI:86158	REMOVED	deground
vitamin b12	CHEBI:176843	CHEBI:176843	confirm
yeast extract	CHEBI:86158	REMOVED	deground
polypeptone	CHEBI:26710	REMOVED	deground
tryptose	CHEBI:53426	REMOVED	deground
yeast extract	CHEBI:86158	REMOVED	deground
tomato juice	CHEBI:53426	REMOVED	deground
glucose	CHEBI:17234	CHEBI:17234	confirm
lactose	CHEBI:17716	CHEBI:17716	confirm
yeast extract	CHEBI:86158	REMOVED	deground
liver extract	CHEBI:85248	REMOVED	deground
glucose	CHEBI:17234	CHEBI:17234	confirm
yeast extract	CHEBI:86158	REMOVED	deground
glucose	CHEBI:17234	CHEBI:17234	confirm
yeast extract	CHEBI:86158	REMOVED	deground
tomato juice	CHEBI:53426	REMOVED	deground
yeast extract	CHEBI:86158	REMOVED	deground
tryptose	CHEBI:53426	REMOVED	deground
glucose	CHEBI:17234	CHEBI:17234	confirm
yeast extract	CHEBI:86158	REMOVED	deground
glucose	CHEBI:17234	CHEBI:17234	confirm
yeast autolysate	CHEBI:42758	REMOVED	deground
glucose	CHEBI:17234	CHEBI:17234	confirm
yeast extract	CHEBI:86158	REMOVED	deground
glucose	CHEBI:17234	CHEBI:17234	confirm
sake	CHEBI:2509	REMOVED	deground
yeast extract	CHEBI:86158	REMOVED	deground
yeast extract	CHEBI:86158	REMOVED	deground
glucose	CHEBI:17234	CHEBI:17234	confirm
glucose	CHEBI:17234	CHEBI:17234	confirm
yeast extract	CHEBI:86158	REMOVED	deground
yeast extract	CHEBI:86158	REMOVED	deground
nano3	CHEBI:65327	CHEBI:63005	resolve_manual_curated
potato	CHEBI:42758	REMOVED	deground
glucose	CHEBI:17234	CHEBI:17234	confirm
glucose	CHEBI:17234	CHEBI:17234	confirm
yeast extract	CHEBI:86158	REMOVED	deground
glucose	CHEBI:17234	CHEBI:17234	confirm
yeast extract	CHEBI:86158	REMOVED	deground
yeast extract	CHEBI:86158	REMOVED	deground
glucose	CHEBI:17234	CHEBI:17234	confirm
nano3	CHEBI:65327	CHEBI:63005	resolve_manual_curated
yeast extract	CHEBI:86158	REMOVED	deground
glucose	CHEBI:17234	CHEBI:17234	confirm
nano3	CHEBI:65327	CHEBI:63005	resolve_manual_curated
glucose	CHEBI:17234	CHEBI:17234	confirm
yeast extract	CHEBI:86158	REMOVED	deground
yeast extract	CHEBI:86158	REMOVED	deground
glucose	CHEBI:17234	CHEBI:17234	confirm
yeast extract	CHEBI:86158	REMOVED	deground
n-z amine	CHEBI:85248	REMOVED	deground
glucose	CHEBI:17234	CHEBI:17234	confirm
yeast extract	CHEBI:86158	REMOVED	deground
n-z amine	CHEBI:85248	REMOVED	deground
maltose	CHEBI:17306	CHEBI:17306	confirm
yeast extract	CHEBI:86158	REMOVED	deground
yeast extract	CHEBI:86158	REMOVED	deground
n-z amine	CHEBI:85248	REMOVED	deground
glucose	CHEBI:17234	CHEBI:17234	confirm
corn steep liquor	CHEBI:85248	REMOVED	deground
czapek-dox liquid medium	CHEBI:131527	REMOVED	deground
yeast extract	CHEBI:86158	REMOVED	deground
oatmeal	CHEBI:2509	REMOVED	deground
yeast extract	CHEBI:86158	REMOVED	deground
oatmeal	CHEBI:2509	REMOVED	deground
glucose	CHEBI:17234	CHEBI:17234	confirm
potato	CHEBI:42758	REMOVED	deground
potato	CHEBI:42758	REMOVED	deground
glucose	CHEBI:17234	CHEBI:17234	confirm
yeast extract	CHEBI:86158	REMOVED	deground
tryptose	CHEBI:53426	REMOVED	deground
glucose	CHEBI:17234	CHEBI:17234	confirm
yeast extract	CHEBI:86158	REMOVED	deground
yeast extract	CHEBI:86158	REMOVED	deground
yeast extract	CHEBI:86158	REMOVED	deground
mgcl2 x 6 h2o	CHEBI:34887	CHEBI:86345	resolve_corpus_consensus
citric acid	CHEBI:53258	CHEBI:53258	confirm
yeast extract	CHEBI:86158	REMOVED	deground
v8 canned vegetable juice	CHEBI:2509	REMOVED	deground
glucose	CHEBI:17234	CHEBI:17234	confirm
glucose	CHEBI:17234	CHEBI:17234	confirm
yeast extract	CHEBI:86158	REMOVED	deground
yeast extract	CHEBI:86158	REMOVED	deground
mgcl2 x 6 h2o	CHEBI:34887	CHEBI:86345	resolve_corpus_consensus
glucose	CHEBI:17234	CHEBI:17234	confirm
yeast extract	CHEBI:86158	REMOVED	deground
yeast extract	CHEBI:86158	REMOVED	deground
glucose	CHEBI:17234	CHEBI:17234	confirm
n-z amine	CHEBI:85248	REMOVED	deground
glucose	CHEBI:17234	CHEBI:17234	confirm
yeast extract	CHEBI:86158	REMOVED	deground
glucose	CHEBI:17234	CHEBI:17234	confirm
polypeptone	CHEBI:26710	REMOVED	deground
yeast extract	CHEBI:86158	REMOVED	deground
maltose	CHEBI:17306	CHEBI:17306	confirm
yeast extract	CHEBI:86158	REMOVED	deground
s6 medium	CHEBI:32139	REMOVED	deground
yeast extract	CHEBI:86158	REMOVED	deground
glucose	CHEBI:17234	CHEBI:17234	confirm
yeast extract	CHEBI:86158	REMOVED	deground
glucose	CHEBI:17234	CHEBI:17234	confirm
yeast extract	CHEBI:86158	REMOVED	deground
lactose	CHEBI:17716	CHEBI:17716	confirm
yeast extract	CHEBI:86158	REMOVED	deground
polypeptone	CHEBI:26710	REMOVED	deground
larchwood xylan	CHEBI:2509	REMOVED	deground
yeast extract	CHEBI:86158	REMOVED	deground
polypeptone	CHEBI:26710	REMOVED	deground
yeast extract	CHEBI:86158	REMOVED	deground
glucose	CHEBI:17234	CHEBI:17234	confirm
glucose	CHEBI:17234	CHEBI:17234	confirm
n-z amine	CHEBI:85248	REMOVED	deground
yeast extract	CHEBI:86158	REMOVED	deground
yeast extract	CHEBI:86158	REMOVED	deground
n-z amine	CHEBI:85248	REMOVED	deground
skim milk	CHEBI:28260	REMOVED	deground
yeast extract	CHEBI:86158	REMOVED	deground
glucose	CHEBI:17234	CHEBI:17234	confirm
yeast extract	CHEBI:86158	REMOVED	deground
yeast extract	CHEBI:86158	REMOVED	deground
yeast extract	CHEBI:86158	REMOVED	deground
cellobiose or cellulose mn 300	CHEBI:2509	REMOVED	deground
glucose	CHEBI:17234	CHEBI:17234	confirm
yeast extract	CHEBI:86158	REMOVED	deground
potato	CHEBI:42758	REMOVED	deground
glucose	CHEBI:17234	CHEBI:17234	confirm
yeast extract	CHEBI:86158	REMOVED	deground
yeast extract	CHEBI:86158	REMOVED	deground
yeast extract	CHEBI:86158	REMOVED	deground
mgcl2 x 6 h2o	CHEBI:34887	CHEBI:86345	resolve_corpus_consensus
glucose	CHEBI:17234	CHEBI:17234	confirm
yeast extract	CHEBI:86158	REMOVED	deground
tomato juice	CHEBI:53426	REMOVED	deground
neopeptone	CHEBI:53258	REMOVED	deground
yeast extract	CHEBI:86158	REMOVED	deground
liver extract	CHEBI:85248	REMOVED	deground
glucose	CHEBI:17234	CHEBI:17234	confirm
yeast extract	CHEBI:86158	REMOVED	deground
glucose	CHEBI:17234	CHEBI:17234	confirm
vitamin b12	CHEBI:176843	CHEBI:176843	confirm
glucose	CHEBI:17234	CHEBI:17234	confirm
yeast extract	CHEBI:86158	REMOVED	deground
polypeptone	CHEBI:26710	REMOVED	deground
yeast extract	CHEBI:86158	REMOVED	deground
yeast extract	CHEBI:86158	REMOVED	deground
glucose	CHEBI:17234	CHEBI:17234	confirm
toray silicone sh 5535	CHEBI:8806	REMOVED	deground
glucose	CHEBI:17234	CHEBI:17234	confirm
mgcl2 x 6 h2o	CHEBI:34887	CHEBI:86345	resolve_corpus_consensus
na2seo3 x 5 h2o	CHEBI:63940	CHEBI:131361	resolve_corpus_consensus
vitamin b12	CHEBI:176843	CHEBI:176843	confirm
yeast extract	CHEBI:86158	REMOVED	deground
yeast extract	CHEBI:86158	REMOVED	deground
yeast extract	CHEBI:86158	REMOVED	deground
glucose	CHEBI:17234	CHEBI:17234	confirm
yeast extract	CHEBI:86158	REMOVED	deground
glucose	CHEBI:17234	CHEBI:17234	confirm
yeast extract	CHEBI:86158	REMOVED	deground
glucose	CHEBI:17234	CHEBI:17234	confirm
yeast extract	CHEBI:86158	REMOVED	deground
yeast extract	CHEBI:86158	REMOVED	deground
glucose	CHEBI:17234	CHEBI:17234	confirm
fructose	CHEBI:15824	CHEBI:15824	confirm
tomato juice	CHEBI:53426	REMOVED	deground
yeast extract	CHEBI:86158	REMOVED	deground
glucose	CHEBI:17234	CHEBI:17234	confirm
rabbit serum	CHEBI:18050	REMOVED	deground
thiamine pyrophosphate	CHEBI:18290	CHEBI:18290	confirm
2-methylbutyric acid	CHEBI:37070	CHEBI:37070	confirm
polypeptone	CHEBI:26710	REMOVED	deground
yeast extract	CHEBI:86158	REMOVED	deground
polypeptone	CHEBI:26710	REMOVED	deground
yeast extract	CHEBI:86158	REMOVED	deground
glucose	CHEBI:17234	CHEBI:17234	confirm
maltose	CHEBI:17306	CHEBI:17306	confirm
oatmeal	CHEBI:2509	REMOVED	deground
na2hpo4-kh2po4 buffer	CHEBI:46020	REMOVED	deground
citric acid	CHEBI:53258	CHEBI:53258	confirm
yeast extract	CHEBI:86158	REMOVED	deground
mgcl2 x 6 h2o	CHEBI:34887	CHEBI:86345	resolve_corpus_consensus
ki	CHEBI:138791	CHEBI:8346	resolve_manual_curated
glucose	CHEBI:17234	CHEBI:17234	confirm
glucose	CHEBI:17234	CHEBI:17234	confirm
yeast extract	CHEBI:86158	REMOVED	deground
oxgall	CHEBI:53425	REMOVED	deground
cow's milk	CHEBI:75456	REMOVED	deground
nano3	CHEBI:65327	CHEBI:63005	resolve_manual_curated
beef brain powder	CHEBI:47869	REMOVED	deground
yeast extract	CHEBI:86158	REMOVED	deground
thioglycolate	CHEBI:47869	CHEBI:47869	confirm
tryptose-phosphate	CHEBI:2509	REMOVED	deground
yeast extract	CHEBI:86158	REMOVED	deground
yeast extract	CHEBI:86158	REMOVED	deground
yeast extract	CHEBI:86158	REMOVED	deground
glucose	CHEBI:17234	CHEBI:17234	confirm
baker's yeast	CHEBI:86158	REMOVED	deground
yeast extract	CHEBI:86158	REMOVED	deground
yeast extract	CHEBI:86158	REMOVED	deground
yeast extract	CHEBI:86158	REMOVED	deground
yeast extract	CHEBI:86158	REMOVED	deground
mgcl2 x 6 h2o	CHEBI:34887	CHEBI:86345	resolve_corpus_consensus
yeast extract	CHEBI:86158	REMOVED	deground
vitamin b12	CHEBI:176843	CHEBI:176843	confirm
yeast extract	CHEBI:86158	REMOVED	deground
mgcl2 x 6 h2o	CHEBI:34887	CHEBI:86345	resolve_corpus_consensus
cmrl 1066	CHEBI:32142	REMOVED	deground
bovine serum albumin	CHEBI:6636	REMOVED	deground
glucose	CHEBI:17234	CHEBI:17234	confirm
n-acetyl-d-glucosamine	CHEBI:506227	CHEBI:506227	confirm
yeast extract	CHEBI:86158	REMOVED	deground
neopeptone	CHEBI:53258	REMOVED	deground
yeast extract	CHEBI:86158	REMOVED	deground
yeast extract	CHEBI:86158	REMOVED	deground
yeast extract	CHEBI:86158	REMOVED	deground
glucose	CHEBI:17234	CHEBI:17234	confirm
yeast extract	CHEBI:86158	REMOVED	deground
glucose	CHEBI:17234	CHEBI:17234	confirm
glucose	CHEBI:17234	CHEBI:17234	confirm
polypeptone	CHEBI:26710	REMOVED	deground
yeast extract	CHEBI:86158	REMOVED	deground
glucose	CHEBI:17234	CHEBI:17234	confirm
polypeptone	CHEBI:26710	REMOVED	deground
yeast extract	CHEBI:86158	REMOVED	deground
yeast extract	CHEBI:86158	REMOVED	deground
yeast extract	CHEBI:86158	REMOVED	deground
mgcl2 x 6 h2o	CHEBI:34887	CHEBI:86345	resolve_corpus_consensus
yeast extract	CHEBI:86158	REMOVED	deground
yeast extract	CHEBI:86158	REMOVED	deground
glucose	CHEBI:17234	CHEBI:17234	confirm
mgcl2 x 6 h2o	CHEBI:34887	CHEBI:86345	resolve_corpus_consensus
polypeptone	CHEBI:26710	REMOVED	deground
yeast extract	CHEBI:86158	REMOVED	deground
mgcl2 x 6 h2o	CHEBI:34887	CHEBI:86345	resolve_corpus_consensus
yeast extract	CHEBI:86158	REMOVED	deground
vitamin b12	CHEBI:176843	CHEBI:176843	confirm
yeast extract	CHEBI:86158	REMOVED	deground
mgcl2 x 6 h2o	CHEBI:34887	CHEBI:86345	resolve_corpus_consensus
yeast extract	CHEBI:86158	REMOVED	deground
mgcl2 x 6 h2o	CHEBI:34887	CHEBI:86345	resolve_corpus_consensus
yeast extract	CHEBI:86158	REMOVED	deground
mgcl2 x 6 h2o	CHEBI:34887	CHEBI:86345	resolve_corpus_consensus
yeast extract	CHEBI:86158	REMOVED	deground
potassium phosphate buffer	CHEBI:31345	REMOVED	deground
yeast extract	CHEBI:86158	REMOVED	deground
na2moo7 x 2 h2o	CHEBI:28741	CHEBI:75213	resolve_manual_curated
yeast extract	CHEBI:86158	REMOVED	deground
mgcl2 x 6 h2o	CHEBI:34887	CHEBI:86345	resolve_corpus_consensus
yeast extract	CHEBI:86158	REMOVED	deground
polypeptone	CHEBI:26710	REMOVED	deground
vitamin b12	CHEBI:176843	CHEBI:176843	confirm
cmrl 1066	CHEBI:32142	REMOVED	deground
neopeptone	CHEBI:53258	REMOVED	deground
bovine albumin	CHEBI:26710	REMOVED	deground
glucose	CHEBI:17234	CHEBI:17234	confirm
n-acetyl-d-glucosamine	CHEBI:506227	CHEBI:506227	confirm
yeast extract	CHEBI:86158	REMOVED	deground
citric acid	CHEBI:53258	CHEBI:53258	confirm
yeast extract	CHEBI:86158	REMOVED	deground
citric acid	CHEBI:53258	CHEBI:53258	confirm
glucose	CHEBI:17234	CHEBI:17234	confirm
yeast extract	CHEBI:86158	REMOVED	deground
glucose	CHEBI:17234	CHEBI:17234	confirm
maltose	CHEBI:17306	CHEBI:17306	confirm
salts solution	CHEBI:29073	REMOVED	deground
glucose	CHEBI:17234	CHEBI:17234	confirm
yeast extract	CHEBI:86158	REMOVED	deground
mgcl2 x 6 h2o	CHEBI:34887	CHEBI:86345	resolve_corpus_consensus
yeast extract	CHEBI:86158	REMOVED	deground
glucose	CHEBI:17234	CHEBI:17234	confirm
mgcl2 x 6 h2o	CHEBI:34887	CHEBI:86345	resolve_corpus_consensus
yeast extract	CHEBI:86158	REMOVED	deground
mgcl2 x 6 h2o	CHEBI:34887	CHEBI:86345	resolve_corpus_consensus
yeast extract	CHEBI:86158	REMOVED	deground
yeast extract	CHEBI:86158	REMOVED	deground
mgcl2 x 6 h2o	CHEBI:34887	CHEBI:86345	resolve_corpus_consensus
ki	CHEBI:138791	CHEBI:8346	resolve_manual_curated
mgcl2 x 6 h2o	CHEBI:34887	CHEBI:86345	resolve_corpus_consensus
ki	CHEBI:138791	CHEBI:8346	resolve_manual_curated
yeast extract	CHEBI:86158	REMOVED	deground
bovine serum albumin	CHEBI:6636	REMOVED	deground
glucose	CHEBI:17234	CHEBI:17234	confirm
mgcl2 x 6 h2o	CHEBI:34887	CHEBI:86345	resolve_corpus_consensus
yeast extract	CHEBI:86158	REMOVED	deground
glucose	CHEBI:17234	CHEBI:17234	confirm
vitamin b12	CHEBI:176843	CHEBI:176843	confirm
polypeptone	CHEBI:26710	REMOVED	deground
glucose	CHEBI:17234	CHEBI:17234	confirm
mgcl2 x 6 h2o	CHEBI:34887	CHEBI:86345	resolve_corpus_consensus
yeast extract	CHEBI:86158	REMOVED	deground
skim milk	CHEBI:28260	REMOVED	deground
yeast extract	CHEBI:86158	REMOVED	deground
mgcl2 x 6 h2o	CHEBI:34887	CHEBI:86345	resolve_corpus_consensus
yeast extract	CHEBI:86158	REMOVED	deground
yeast extract	CHEBI:86158	REMOVED	deground
nano3	CHEBI:65327	CHEBI:63005	resolve_manual_curated
yeast extract	CHEBI:86158	REMOVED	deground
mgcl2 x 6 h2o	CHEBI:34887	CHEBI:86345	resolve_corpus_consensus
yeast extract	CHEBI:86158	REMOVED	deground
yeast extract	CHEBI:86158	REMOVED	deground
mgcl2 x 6 h2o	CHEBI:34887	CHEBI:86345	resolve_corpus_consensus
glucose	CHEBI:17234	CHEBI:17234	confirm
yeast extract	CHEBI:86158	REMOVED	deground
yeast extract	CHEBI:86158	REMOVED	deground
mgcl2 x 6 h2o	CHEBI:34887	CHEBI:86345	resolve_corpus_consensus
na2seo3 x 5 h2o	CHEBI:63940	CHEBI:131361	resolve_corpus_consensus
yeast extract	CHEBI:86158	REMOVED	deground
mgcl2 x 6 h2o	CHEBI:34887	CHEBI:86345	resolve_corpus_consensus
yeast extract	CHEBI:86158	REMOVED	deground
yeast extract	CHEBI:86158	REMOVED	deground
yeast extract	CHEBI:86158	REMOVED	deground
glucose	CHEBI:17234	CHEBI:17234	confirm
soil extract	CHEBI:15956	REMOVED	deground
polypeptone	CHEBI:26710	REMOVED	deground
yeast nitrogen base	CHEBI:42758	REMOVED	deground
yeast extract	CHEBI:86158	REMOVED	deground
mgcl2 x 6 h2o	CHEBI:34887	CHEBI:86345	resolve_corpus_consensus
na2seo3 x 5 h2o	CHEBI:63940	CHEBI:131361	resolve_corpus_consensus
yeast extract	CHEBI:86158	REMOVED	deground
mgcl2 x 6 h2o	CHEBI:34887	CHEBI:86345	resolve_corpus_consensus
ki	CHEBI:138791	CHEBI:8346	resolve_manual_curated
yeast extract	CHEBI:86158	REMOVED	deground
mgcl2 x 6 h2o	CHEBI:34887	CHEBI:86345	resolve_corpus_consensus
yeast extract	CHEBI:86158	REMOVED	deground
glucose	CHEBI:17234	CHEBI:17234	confirm
cow manure	CHEBI:2509	REMOVED	deground
yeast extract	CHEBI:86158	REMOVED	deground
yeast extract	CHEBI:86158	REMOVED	deground
yeast extract	CHEBI:86158	REMOVED	deground
bovine serum albumin	CHEBI:6636	REMOVED	deground
glycine	CHEBI:15428	CHEBI:15428	confirm
yeast extract	CHEBI:86158	REMOVED	deground
mgcl2 x 6 h2o	CHEBI:34887	CHEBI:86345	resolve_corpus_consensus
glucose	CHEBI:17234	CHEBI:17234	confirm
yeast extract	CHEBI:86158	REMOVED	deground
polypeptone	CHEBI:26710	REMOVED	deground
yeast extract	CHEBI:86158	REMOVED	deground
glucose	CHEBI:17234	CHEBI:17234	confirm
mgcl2 x 6 h2o	CHEBI:34887	CHEBI:86345	resolve_corpus_consensus
yeast extract	CHEBI:86158	REMOVED	deground
yeast extract	CHEBI:86158	REMOVED	deground
yeast extract	CHEBI:86158	REMOVED	deground
glucose	CHEBI:17234	CHEBI:17234	confirm
mgcl2 x 6 h2o	CHEBI:34887	CHEBI:86345	resolve_corpus_consensus
na2seo3 x 5 h2o	CHEBI:63940	CHEBI:131361	resolve_corpus_consensus
yeast extract	CHEBI:86158	REMOVED	deground
mgcl2 x 6 h2o	CHEBI:34887	CHEBI:86345	resolve_corpus_consensus
nano3	CHEBI:65327	CHEBI:63005	resolve_manual_curated
mgcl2 x 6 h2o	CHEBI:34887	CHEBI:86345	resolve_corpus_consensus
yeast extract	CHEBI:86158	REMOVED	deground
polypeptone	CHEBI:26710	REMOVED	deground
yeast extract	CHEBI:86158	REMOVED	deground
nano3	CHEBI:65327	CHEBI:63005	resolve_manual_curated
yeast extract	CHEBI:86158	REMOVED	deground
nano3	CHEBI:65327	CHEBI:63005	resolve_manual_curated
yeast extract	CHEBI:86158	REMOVED	deground
yeast extract	CHEBI:86158	REMOVED	deground
yeast extract	CHEBI:86158	REMOVED	deground
nano3	CHEBI:65327	CHEBI:63005	resolve_manual_curated
mgcl2 x 6 h2o	CHEBI:34887	CHEBI:86345	resolve_corpus_consensus
yeast extract	CHEBI:86158	REMOVED	deground
mgcl2 x 6 h2o	CHEBI:34887	CHEBI:86345	resolve_corpus_consensus
mgcl2 x 6 h2o	CHEBI:34887	CHEBI:86345	resolve_corpus_consensus
yeast extract	CHEBI:86158	REMOVED	deground
yeast extract	CHEBI:86158	REMOVED	deground
yeast extract	CHEBI:86158	REMOVED	deground
mgcl2 x 6 h2o	CHEBI:34887	CHEBI:86345	resolve_corpus_consensus
vitamin b12	CHEBI:176843	CHEBI:176843	confirm
na2seo3 x 5 h2o	CHEBI:63940	CHEBI:131361	resolve_corpus_consensus
mgcl2 x 6 h2o	CHEBI:34887	CHEBI:86345	resolve_corpus_consensus
mgcl2 x 6 h2o	CHEBI:34887	CHEBI:86345	resolve_corpus_consensus
yeast extract	CHEBI:86158	REMOVED	deground
mgcl2 x 6 h2o	CHEBI:34887	CHEBI:86345	resolve_corpus_consensus
yeast extract	CHEBI:86158	REMOVED	deground
maltose	CHEBI:17306	CHEBI:17306	confirm
mgcl2 x 6 h2o	CHEBI:34887	CHEBI:86345	resolve_corpus_consensus
yeast extract	CHEBI:86158	REMOVED	deground
maltose	CHEBI:17306	CHEBI:17306	confirm
maltose	CHEBI:17306	CHEBI:17306	confirm
yeast extract	CHEBI:86158	REMOVED	deground
glucose	CHEBI:17234	CHEBI:17234	confirm
mgcl2 x 6 h2o	CHEBI:34887	CHEBI:86345	resolve_corpus_consensus
yeast extract	CHEBI:86158	REMOVED	deground
glucose	CHEBI:17234	CHEBI:17234	confirm
na2hpo4-nah2po4 buffer	CHEBI:86158	REMOVED	deground
vitamin b12	CHEBI:176843	CHEBI:176843	confirm
mgcl2 x 6 h2o	CHEBI:34887	CHEBI:86345	resolve_corpus_consensus
yeast extract	CHEBI:86158	REMOVED	deground
mgcl2 x 6 h2o	CHEBI:34887	CHEBI:86345	resolve_corpus_consensus
yeast extract	CHEBI:86158	REMOVED	deground
mgcl2 x 6 h2o	CHEBI:34887	CHEBI:86345	resolve_corpus_consensus
yeast extract	CHEBI:86158	REMOVED	deground
vitamin b12	CHEBI:176843	CHEBI:176843	confirm
2-methylbutyric acid	CHEBI:37070	CHEBI:37070	confirm
yeast extract	CHEBI:86158	REMOVED	deground
vitamin b12	CHEBI:176843	CHEBI:176843	confirm
yeast extract	CHEBI:86158	REMOVED	deground
glucose	CHEBI:17234	CHEBI:17234	confirm
vitamin b12	CHEBI:176843	CHEBI:176843	confirm
mgcl2 x 6 h2o	CHEBI:34887	CHEBI:86345	resolve_corpus_consensus
yeast extract	CHEBI:86158	REMOVED	deground
yeast extract	CHEBI:86158	REMOVED	deground
mgcl2 x 6 h2o	CHEBI:34887	CHEBI:86345	resolve_corpus_consensus
yeast extract	CHEBI:86158	REMOVED	deground
mgcl2 x 6 h2o	CHEBI:34887	CHEBI:86345	resolve_corpus_consensus
mgcl2 x 6 h2o	CHEBI:34887	CHEBI:86345	resolve_corpus_consensus
glucose	CHEBI:17234	CHEBI:17234	confirm
yeast extract	CHEBI:86158	REMOVED	deground
nano3	CHEBI:65327	CHEBI:63005	resolve_manual_curated
glucose	CHEBI:17234	CHEBI:17234	confirm
yeast extract	CHEBI:86158	REMOVED	deground
mgcl2 x 6 h2o	CHEBI:34887	CHEBI:86345	resolve_corpus_consensus
glucose	CHEBI:17234	CHEBI:17234	confirm
yeast extract	CHEBI:86158	REMOVED	deground
yeast extract	CHEBI:86158	REMOVED	deground
yeast extract	CHEBI:86158	REMOVED	deground
mgcl2 x 6 h2o	CHEBI:34887	CHEBI:86345	resolve_corpus_consensus
yeast extract	CHEBI:86158	REMOVED	deground
mgcl2 x 6 h2o	CHEBI:34887	CHEBI:86345	resolve_corpus_consensus
polypeptone	CHEBI:26710	REMOVED	deground
yeast extract	CHEBI:86158	REMOVED	deground
nano3	CHEBI:65327	CHEBI:63005	resolve_manual_curated
mgcl2 x 6 h2o	CHEBI:34887	CHEBI:86345	resolve_corpus_consensus
yeast extract	CHEBI:86158	REMOVED	deground
nano3	CHEBI:65327	CHEBI:63005	resolve_manual_curated
glucose	CHEBI:17234	CHEBI:17234	confirm
yeast extract	CHEBI:86158	REMOVED	deground
yeast extract	CHEBI:86158	REMOVED	deground
yeast extract	CHEBI:86158	REMOVED	deground
glucose	CHEBI:17234	CHEBI:17234	confirm
yeast extract	CHEBI:86158	REMOVED	deground
yeast extract	CHEBI:86158	REMOVED	deground
glucose	CHEBI:17234	CHEBI:17234	confirm
potato	CHEBI:42758	REMOVED	deground
yeast extract	CHEBI:86158	REMOVED	deground
yeast extract	CHEBI:86158	REMOVED	deground
mgcl2 x 6 h2o	CHEBI:34887	CHEBI:86345	resolve_corpus_consensus
yeast extract	CHEBI:86158	REMOVED	deground
nano3	CHEBI:65327	CHEBI:63005	resolve_manual_curated
mgcl2 x 6 h2o	CHEBI:34887	CHEBI:86345	resolve_corpus_consensus
vitamin b12	CHEBI:176843	CHEBI:176843	confirm
glucose	CHEBI:17234	CHEBI:17234	confirm
nano3	CHEBI:65327	CHEBI:63005	resolve_manual_curated
yeast extract	CHEBI:86158	REMOVED	deground
nano3	CHEBI:65327	CHEBI:63005	resolve_manual_curated
horikoshi-i medium	CHEBI:26710	REMOVED	deground
yeast extract	CHEBI:86158	REMOVED	deground
glucose	CHEBI:17234	CHEBI:17234	confirm
yeast extract	CHEBI:86158	REMOVED	deground
yeast extract	CHEBI:86158	REMOVED	deground
yeast extract	CHEBI:86158	REMOVED	deground
glucose	CHEBI:17234	CHEBI:17234	confirm
mgcl2 x 6 h2o	CHEBI:34887	CHEBI:86345	resolve_corpus_consensus
vitamin b12	CHEBI:176843	CHEBI:176843	confirm
yeast extract	CHEBI:86158	REMOVED	deground
mgcl2 x 6 h2o	CHEBI:34887	CHEBI:86345	resolve_corpus_consensus
yeast extract	CHEBI:86158	REMOVED	deground
na2seo3 x 5 h2o	CHEBI:63940	CHEBI:131361	resolve_corpus_consensus
vitamin b12	CHEBI:176843	CHEBI:176843	confirm
nano3	CHEBI:65327	CHEBI:63005	resolve_manual_curated
mgcl2 x 6 h2o	CHEBI:34887	CHEBI:86345	resolve_corpus_consensus
na2seo3 x 5 h2o	CHEBI:63940	CHEBI:131361	resolve_corpus_consensus
salt solution i	CHEBI:18019	REMOVED	deground
salt solution ii	CHEBI:29377	REMOVED	deground
yeast extract	CHEBI:86158	REMOVED	deground
glucose	CHEBI:17234	CHEBI:17234	confirm
maltose	CHEBI:17306	CHEBI:17306	confirm
mgcl2 x 6 h2o	CHEBI:34887	CHEBI:86345	resolve_corpus_consensus
yeast extract	CHEBI:86158	REMOVED	deground
mgcl2 x 6 h2o	CHEBI:34887	CHEBI:86345	resolve_corpus_consensus
yeast extract	CHEBI:86158	REMOVED	deground
nano3	CHEBI:65327	CHEBI:63005	resolve_manual_curated
mgcl2 x 6 h2o	CHEBI:34887	CHEBI:86345	resolve_corpus_consensus
na2seo3 x 5 h2o	CHEBI:63940	CHEBI:131361	resolve_corpus_consensus
ki	CHEBI:138791	CHEBI:8346	resolve_manual_curated
nano3	CHEBI:65327	CHEBI:63005	resolve_manual_curated
mgcl2 x 6 h2o	CHEBI:34887	CHEBI:86345	resolve_corpus_consensus
na2seo3 x 5 h2o	CHEBI:63940	CHEBI:131361	resolve_corpus_consensus
ki	CHEBI:138791	CHEBI:8346	resolve_manual_curated
na2wo2 x 2 h2o	CHEBI:86158	CHEBI:63939	resolve_manual_curated
yeast extract	CHEBI:86158	REMOVED	deground
ki	CHEBI:138791	CHEBI:8346	resolve_manual_curated
fena-edta	CHEBI:86158	REMOVED	deground
mgcl2 x 6 h2o	CHEBI:34887	CHEBI:86345	resolve_corpus_consensus
mgcl2 x 6 h2o	CHEBI:34887	CHEBI:86345	resolve_corpus_consensus
nano3	CHEBI:65327	CHEBI:63005	resolve_manual_curated
yeast extract	CHEBI:86158	REMOVED	deground
yeast extract	CHEBI:86158	REMOVED	deground
mgcl2 x 6 h2o	CHEBI:34887	CHEBI:86345	resolve_corpus_consensus
d-glucose	CHEBI:17234	CHEBI:17234	confirm
yeast extract	CHEBI:86158	REMOVED	deground
mgcl2 x 6 h2o	CHEBI:34887	CHEBI:86345	resolve_corpus_consensus
yeast extract	CHEBI:86158	REMOVED	deground
soil extract	CHEBI:15956	REMOVED	deground
yeast extract	CHEBI:86158	REMOVED	deground
yeast extract	CHEBI:86158	REMOVED	deground
glucose	CHEBI:17234	CHEBI:17234	confirm
yeast extract	CHEBI:86158	REMOVED	deground
yeast extract	CHEBI:86158	REMOVED	deground
mgcl2 x 6 h2o	CHEBI:34887	CHEBI:86345	resolve_corpus_consensus
mgcl2 x 6 h2o	CHEBI:34887	CHEBI:86345	resolve_corpus_consensus
mgcl2 x 6 h2o	CHEBI:34887	CHEBI:86345	resolve_corpus_consensus
vitamin b12	CHEBI:176843	CHEBI:176843	confirm
mgcl2 x 6 h2o	CHEBI:34887	CHEBI:86345	resolve_corpus_consensus
yeast extract	CHEBI:86158	REMOVED	deground
mgcl2 x 6 h2o	CHEBI:34887	CHEBI:86345	resolve_corpus_consensus
yeast extract	CHEBI:86158	REMOVED	deground
sodium phosphate buffer	CHEBI:49976	REMOVED	deground
sodium phosphate buffer	CHEBI:49976	REMOVED	deground
vitamin b12	CHEBI:176843	CHEBI:176843	confirm
mgcl2 x 6 h2o	CHEBI:34887	CHEBI:86345	resolve_corpus_consensus
glucose	CHEBI:17234	CHEBI:17234	confirm
yeast extract	CHEBI:86158	REMOVED	deground
horikoshi-i medium	CHEBI:26710	REMOVED	deground
mgcl2 x 6 h2o	CHEBI:34887	CHEBI:86345	resolve_corpus_consensus
yeast extract	CHEBI:86158	REMOVED	deground
glucose	CHEBI:17234	CHEBI:17234	confirm
horikoshi-i medium	CHEBI:26710	REMOVED	deground
mgcl2 x 6 h2o	CHEBI:34887	CHEBI:86345	resolve_corpus_consensus
yeast extract	CHEBI:86158	REMOVED	deground
mgcl2 x 6 h2o	CHEBI:34887	CHEBI:86345	resolve_corpus_consensus
mgcl2 x 6 h2o	CHEBI:34887	CHEBI:86345	resolve_corpus_consensus
mgcl2 x 6 h2o	CHEBI:34887	CHEBI:86345	resolve_corpus_consensus
mgcl2 x 6 h2o	CHEBI:34887	CHEBI:86345	resolve_corpus_consensus
yeast extract	CHEBI:86158	REMOVED	deground
mgcl2 x 6 h2o	CHEBI:34887	CHEBI:86345	resolve_corpus_consensus
na2seo3 x 5 h2o	CHEBI:63940	CHEBI:131361	resolve_corpus_consensus
yeast extract	CHEBI:86158	REMOVED	deground
maltose	CHEBI:17306	CHEBI:17306	confirm
mgcl2 x 6 h2o	CHEBI:34887	CHEBI:86345	resolve_corpus_consensus
na2seo3 x 5 h2o	CHEBI:63940	CHEBI:131361	resolve_corpus_consensus
mgcl2 x 6 h2o	CHEBI:34887	CHEBI:86345	resolve_corpus_consensus
na2seo3 x 5 h2o	CHEBI:63940	CHEBI:131361	resolve_corpus_consensus
nano3	CHEBI:65327	CHEBI:63005	resolve_manual_curated
polypeptone	CHEBI:26710	REMOVED	deground
yeast extract	CHEBI:86158	REMOVED	deground
glucose	CHEBI:17234	CHEBI:17234	confirm
mgcl2 x 6 h2o	CHEBI:34887	CHEBI:86345	resolve_corpus_consensus
yeast extract	CHEBI:86158	REMOVED	deground
mgcl2 x 6 h2o	CHEBI:34887	CHEBI:86345	resolve_corpus_consensus
yeast extract	CHEBI:86158	REMOVED	deground
yeast extract	CHEBI:86158	REMOVED	deground
d-glucose	CHEBI:17234	CHEBI:17234	confirm
mgcl2 x 6 h2o	CHEBI:34887	CHEBI:86345	resolve_corpus_consensus
yeast extract	CHEBI:86158	REMOVED	deground
vitamin b12	CHEBI:176843	CHEBI:176843	confirm
glucose	CHEBI:17234	CHEBI:17234	confirm
yeast extract	CHEBI:86158	REMOVED	deground
mgcl2 x 6 h2o	CHEBI:34887	CHEBI:86345	resolve_corpus_consensus
mgcl2 x 6 h2o	CHEBI:34887	CHEBI:86345	resolve_corpus_consensus
na2seo3 x 5 h2o	CHEBI:63940	CHEBI:131361	resolve_corpus_consensus
vitamin b12	CHEBI:176843	CHEBI:176843	confirm
glucose	CHEBI:17234	CHEBI:17234	confirm
yeast extract	CHEBI:86158	REMOVED	deground
n-z amine	CHEBI:85248	REMOVED	deground
mgcl2 x 6 h2o	CHEBI:34887	CHEBI:86345	resolve_corpus_consensus
yeast extract	CHEBI:86158	REMOVED	deground
trace element solution	CHEBI:30961	REMOVED	deground
mgcl2 x 6 h2o	CHEBI:34887	CHEBI:86345	resolve_corpus_consensus
yeast extract	CHEBI:86158	REMOVED	deground
nano3	CHEBI:65327	CHEBI:63005	resolve_manual_curated
mgcl2 x 6 h2o	CHEBI:34887	CHEBI:86345	resolve_corpus_consensus
yeast extract	CHEBI:86158	REMOVED	deground
yeast extract	CHEBI:86158	REMOVED	deground
yeast extract	CHEBI:86158	REMOVED	deground
glucose	CHEBI:17234	CHEBI:17234	confirm
yeast extract	CHEBI:86158	REMOVED	deground
mgcl2 x 6 h2o	CHEBI:34887	CHEBI:86345	resolve_corpus_consensus
na2wo2 x 2 h2o	CHEBI:86158	CHEBI:63939	resolve_manual_curated
h2seo3	CHEBI:75215	CHEBI:26642	resolve_manual_curated
mgcl2 x 6 h2o	CHEBI:34887	CHEBI:86345	resolve_corpus_consensus
yeast extract	CHEBI:86158	REMOVED	deground
vitamin b12	CHEBI:176843	CHEBI:176843	confirm
glucose	CHEBI:17234	CHEBI:17234	confirm
yeast extract	CHEBI:86158	REMOVED	deground
mgcl2 x 6 h2o	CHEBI:34887	CHEBI:86345	resolve_corpus_consensus
nano3	CHEBI:65327	CHEBI:63005	resolve_manual_curated
84 g/l nahco3 solution	CHEBI:32588	REMOVED	deground
glucose	CHEBI:17234	CHEBI:17234	confirm
mgcl2 x 6 h2o	CHEBI:34887	CHEBI:86345	resolve_corpus_consensus
yeast extract	CHEBI:86158	REMOVED	deground
glucose	CHEBI:17234	CHEBI:17234	confirm
mgcl2 x 6 h2o	CHEBI:34887	CHEBI:86345	resolve_corpus_consensus
nano3	CHEBI:65327	CHEBI:63005	resolve_manual_curated
yeast extract	CHEBI:86158	REMOVED	deground
yeast extract	CHEBI:86158	REMOVED	deground
glucose	CHEBI:17234	CHEBI:17234	confirm
yeast extract	CHEBI:86158	REMOVED	deground
glucose	CHEBI:17234	CHEBI:17234	confirm
glucose	CHEBI:17234	CHEBI:17234	confirm
yeast extract	CHEBI:86158	REMOVED	deground
ground beef	CHEBI:8806	REMOVED	deground
yeast extract	CHEBI:86158	REMOVED	deground
mgcl2 x 6 h2o	CHEBI:34887	CHEBI:86345	resolve_corpus_consensus
yeast extract	CHEBI:86158	REMOVED	deground
nano3	CHEBI:65327	CHEBI:63005	resolve_manual_curated
yeast extract	CHEBI:86158	REMOVED	deground
glucose	CHEBI:17234	CHEBI:17234	confirm
yeast extract	CHEBI:86158	REMOVED	deground
yeast extract	CHEBI:86158	REMOVED	deground
sodium dl-lactate	CHEBI:53426	CHEBI:75228	resolve_manual_curated
glucose	CHEBI:17234	CHEBI:17234	confirm
putrescine	CHEBI:17148	CHEBI:17148	confirm
nano3	CHEBI:65327	CHEBI:63005	resolve_manual_curated
yeast extract	CHEBI:86158	REMOVED	deground
d-glucose	CHEBI:17234	CHEBI:17234	confirm
yeast extract	CHEBI:86158	REMOVED	deground
nano3	CHEBI:65327	CHEBI:63005	resolve_manual_curated
mgcl2 x 6 h2o	CHEBI:34887	CHEBI:86345	resolve_corpus_consensus
na2seo3 x 5 h2o	CHEBI:63940	CHEBI:131361	resolve_corpus_consensus
dithiothreitol	CHEBI:18320	CHEBI:18320	confirm
yeast extract	CHEBI:86158	REMOVED	deground
reinforced clostridial medium	CHEBI:2509	REMOVED	deground
reinforced clostridial medium	CHEBI:2509	REMOVED	deground
glucose	CHEBI:17234	CHEBI:17234	confirm
yeast extract	CHEBI:86158	REMOVED	deground
mgcl2 x 6 h2o	CHEBI:34887	CHEBI:86345	resolve_corpus_consensus
citric acid	CHEBI:53258	CHEBI:53258	confirm
mgcl2 x 6 h2o	CHEBI:34887	CHEBI:86345	resolve_corpus_consensus
yeast extract	CHEBI:86158	REMOVED	deground
na2seo3 x 5 h2o	CHEBI:63940	CHEBI:131361	resolve_corpus_consensus
mgcl2 x 6 h2o	CHEBI:34887	CHEBI:86345	resolve_corpus_consensus
yeast extract	CHEBI:86158	REMOVED	deground
mgcl2 x 6 h2o	CHEBI:34887	CHEBI:86345	resolve_corpus_consensus
mgcl2 x 6 h2o	CHEBI:34887	CHEBI:86345	resolve_corpus_consensus
na2seo3 x 5 h2o	CHEBI:63940	CHEBI:131361	resolve_corpus_consensus
nano3	CHEBI:65327	CHEBI:63005	resolve_manual_curated
yeast extract	CHEBI:86158	REMOVED	deground
yeast extract	CHEBI:86158	REMOVED	deground
yeast extract	CHEBI:86158	REMOVED	deground
yeast extract	CHEBI:86158	REMOVED	deground
vitamin b12	CHEBI:176843	CHEBI:176843	confirm
yeast extract	CHEBI:86158	REMOVED	deground
glucose	CHEBI:17234	CHEBI:17234	confirm
mgcl2 x 6 h2o	CHEBI:34887	CHEBI:86345	resolve_corpus_consensus
yeast extract	CHEBI:86158	REMOVED	deground
mgcl2 x 6 h2o	CHEBI:34887	CHEBI:86345	resolve_corpus_consensus
yeast extract	CHEBI:86158	REMOVED	deground
vitamin b12	CHEBI:176843	CHEBI:176843	confirm
mgcl2 x 6 h2o	CHEBI:34887	CHEBI:86345	resolve_corpus_consensus
yeast extract	CHEBI:86158	REMOVED	deground
vitamin b12	CHEBI:176843	CHEBI:176843	confirm
glucose	CHEBI:17234	CHEBI:17234	confirm
yeast extract	CHEBI:86158	REMOVED	deground
nano3	CHEBI:65327	CHEBI:63005	resolve_manual_curated
mgcl2 x 6 h2o	CHEBI:34887	CHEBI:86345	resolve_corpus_consensus
na2seo3 x 5 h2o	CHEBI:63940	CHEBI:131361	resolve_corpus_consensus
mgcl2 x 6 h2o	CHEBI:34887	CHEBI:86345	resolve_corpus_consensus
vitamin b12	CHEBI:176843	CHEBI:176843	confirm
mgcl2 x 6 h2o	CHEBI:34887	CHEBI:86345	resolve_corpus_consensus
yeast extract	CHEBI:86158	REMOVED	deground
dextrose	CHEBI:17634	CHEBI:17634	confirm
glucose	CHEBI:17234	CHEBI:17234	confirm
yeast extract	CHEBI:86158	REMOVED	deground
vitamin b12	CHEBI:176843	CHEBI:176843	confirm
mgcl2 x 6 h2o	CHEBI:34887	CHEBI:86345	resolve_corpus_consensus
yeast extract	CHEBI:86158	REMOVED	deground
vitamin b12	CHEBI:176843	CHEBI:176843	confirm
mgcl2 x 6 h2o	CHEBI:34887	CHEBI:86345	resolve_corpus_consensus
yeast extract	CHEBI:86158	REMOVED	deground
mgcl2 x 6 h2o	CHEBI:34887	CHEBI:86345	resolve_corpus_consensus
yeast extract	CHEBI:86158	REMOVED	deground
vitamin b12	CHEBI:176843	CHEBI:176843	confirm
trace vitamins (see medium no. 197)	CHEBI:42758	REMOVED	deground
yeast extract	CHEBI:86158	REMOVED	deground
mgcl2 x 6 h2o	CHEBI:34887	CHEBI:86345	resolve_corpus_consensus
na2seo3 x 5 h2o	CHEBI:63940	CHEBI:131361	resolve_corpus_consensus
mgcl2 x 6 h2o	CHEBI:34887	CHEBI:86345	resolve_corpus_consensus
nano3	CHEBI:65327	CHEBI:63005	resolve_manual_curated
na2seo3 x 5 h2o	CHEBI:63940	CHEBI:131361	resolve_corpus_consensus
yeast extract	CHEBI:86158	REMOVED	deground
yeast extract	CHEBI:86158	REMOVED	deground
yeast extract	CHEBI:86158	REMOVED	deground
thioglycolate	CHEBI:47869	CHEBI:47869	confirm
yeast extract	CHEBI:86158	REMOVED	deground
yeast extract	CHEBI:86158	REMOVED	deground
vitamin b12	CHEBI:176843	CHEBI:176843	confirm
yeast extract	CHEBI:86158	REMOVED	deground
polypeptone	CHEBI:26710	REMOVED	deground
yeast extract	CHEBI:86158	REMOVED	deground
mgcl2 x 6 h2o	CHEBI:34887	CHEBI:86345	resolve_corpus_consensus
mgcl2 x 6 h2o	CHEBI:34887	CHEBI:86345	resolve_corpus_consensus
yeast extract	CHEBI:86158	REMOVED	deground
sugar	CHEBI:8806	REMOVED	deground
dithiothreitol	CHEBI:18320	CHEBI:18320	confirm
vitamin b12	CHEBI:176843	CHEBI:176843	confirm
thiamine pyrophosphate	CHEBI:18290	CHEBI:18290	confirm
glucose	CHEBI:17234	CHEBI:17234	confirm
yeast extract	CHEBI:86158	REMOVED	deground
glucose	CHEBI:17234	CHEBI:17234	confirm
yeast extract	CHEBI:86158	REMOVED	deground
yeast extract	CHEBI:86158	REMOVED	deground
mgcl2 x 6 h2o	CHEBI:34887	CHEBI:86345	resolve_corpus_consensus
yeast extract	CHEBI:86158	REMOVED	deground
mgcl2 x 6 h2o	CHEBI:34887	CHEBI:86345	resolve_corpus_consensus
yeast extract	CHEBI:86158	REMOVED	deground
mgcl2 x 6 h2o	CHEBI:34887	CHEBI:86345	resolve_corpus_consensus
yeast extract	CHEBI:86158	REMOVED	deground
mgcl2 x 6 h2o	CHEBI:34887	CHEBI:86345	resolve_corpus_consensus
yeast extract	CHEBI:86158	REMOVED	deground
yeast extract	CHEBI:86158	REMOVED	deground
glucose	CHEBI:17234	CHEBI:17234	confirm
nano3	CHEBI:65327	CHEBI:63005	resolve_manual_curated
yeast extract	CHEBI:86158	REMOVED	deground
mgcl2 x 6 h2o	CHEBI:34887	CHEBI:86345	resolve_corpus_consensus
mgcl2 x 6 h2o	CHEBI:34887	CHEBI:86345	resolve_corpus_consensus
yeast extract	CHEBI:86158	REMOVED	deground
yeast extract	CHEBI:86158	REMOVED	deground
mgcl2 x 6 h2o	CHEBI:34887	CHEBI:86345	resolve_corpus_consensus
mgcl2 x 6 h2o	CHEBI:34887	CHEBI:86345	resolve_corpus_consensus
vitamin b12	CHEBI:176843	CHEBI:176843	confirm
yeast extract	CHEBI:86158	REMOVED	deground
mgcl2 x 6 h2o	CHEBI:34887	CHEBI:86345	resolve_corpus_consensus
vitamin b12	CHEBI:176843	CHEBI:176843	confirm
glucose	CHEBI:17234	CHEBI:17234	confirm
mgcl2 x 6 h2o	CHEBI:34887	CHEBI:86345	resolve_corpus_consensus
ki	CHEBI:138791	CHEBI:8346	resolve_manual_curated
yeast extract	CHEBI:86158	REMOVED	deground
yeast extract	CHEBI:86158	REMOVED	deground
yeast extract	CHEBI:86158	REMOVED	deground
yeast extract	CHEBI:86158	REMOVED	deground
mgcl2 x 6 h2o	CHEBI:34887	CHEBI:86345	resolve_corpus_consensus
kh2po4 x 2 h2o	CHEBI:91260	CHEBI:63036	resolve_manual_curated
yeast extract	CHEBI:86158	REMOVED	deground
glucose	CHEBI:17234	CHEBI:17234	confirm
mgcl2 x 6 h2o	CHEBI:34887	CHEBI:86345	resolve_corpus_consensus
yeast extract	CHEBI:86158	REMOVED	deground
yeast extract	CHEBI:86158	REMOVED	deground
glucose	CHEBI:17234	CHEBI:17234	confirm
yeast extract	CHEBI:86158	REMOVED	deground
mgcl2 x 6 h2o	CHEBI:34887	CHEBI:86345	resolve_corpus_consensus
yeast extract	CHEBI:86158	REMOVED	deground
vitamin b12	CHEBI:176843	CHEBI:176843	confirm
yeast extract	CHEBI:86158	REMOVED	deground
mgcl2 x 6 h2o	CHEBI:34887	CHEBI:86345	resolve_corpus_consensus
yeast extract	CHEBI:86158	REMOVED	deground
mgcl2 x 6 h2o	CHEBI:34887	CHEBI:86345	resolve_corpus_consensus
vitamin b12	CHEBI:176843	CHEBI:176843	confirm
yeast extract	CHEBI:86158	REMOVED	deground
trace element solution sl12	CHEBI:86158	REMOVED	deground
mgcl2 x 6 h2o	CHEBI:34887	CHEBI:86345	resolve_corpus_consensus
mgcl2 x 6 h2o	CHEBI:34887	CHEBI:86345	resolve_corpus_consensus
yeast extract	CHEBI:86158	REMOVED	deground
yeast extract	CHEBI:86158	REMOVED	deground
mgcl2 x 6 h2o	CHEBI:34887	CHEBI:86345	resolve_corpus_consensus
mgcl2 x 6 h2o	CHEBI:34887	CHEBI:86345	resolve_corpus_consensus
yeast extract	CHEBI:86158	REMOVED	deground
vitamin b12	CHEBI:176843	CHEBI:176843	confirm
yeast extract	CHEBI:86158	REMOVED	deground
arginine	CHEBI:16467	CHEBI:16467	confirm
yeast extract	CHEBI:86158	REMOVED	deground
glucose	CHEBI:17234	CHEBI:17234	confirm
arginine	CHEBI:16467	CHEBI:16467	confirm
mgcl2 x 6 h2o	CHEBI:34887	CHEBI:86345	resolve_corpus_consensus
yeast extract	CHEBI:86158	REMOVED	deground
yeast extract	CHEBI:86158	REMOVED	deground
mgcl2 x 6 h2o	CHEBI:34887	CHEBI:86345	resolve_corpus_consensus
yeast extract	CHEBI:86158	REMOVED	deground
yeast extract	CHEBI:86158	REMOVED	deground
yeast extract	CHEBI:86158	REMOVED	deground
glucose	CHEBI:17234	CHEBI:17234	confirm
yeast extract	CHEBI:86158	REMOVED	deground
mgcl2 x 6 h2o	CHEBI:34887	CHEBI:86345	resolve_corpus_consensus
ki	CHEBI:138791	CHEBI:8346	resolve_manual_curated
nano3	CHEBI:65327	CHEBI:63005	resolve_manual_curated
mgcl2 x 6 h2o	CHEBI:34887	CHEBI:86345	resolve_corpus_consensus
na2seo3 x 5 h2o	CHEBI:63940	CHEBI:131361	resolve_corpus_consensus
yeast extract	CHEBI:86158	REMOVED	deground
nano3	CHEBI:65327	CHEBI:63005	resolve_manual_curated
mgcl2 x 6 h2o	CHEBI:34887	CHEBI:86345	resolve_corpus_consensus
mgcl2 x 6 h2o	CHEBI:34887	CHEBI:86345	resolve_corpus_consensus
yeast extract	CHEBI:86158	REMOVED	deground
yeast extract	CHEBI:86158	REMOVED	deground
glucose	CHEBI:17234	CHEBI:17234	confirm
yeast extract	CHEBI:86158	REMOVED	deground
yeast extract	CHEBI:86158	REMOVED	deground
glucose	CHEBI:17234	CHEBI:17234	confirm
mgcl2 x 6 h2o	CHEBI:34887	CHEBI:86345	resolve_corpus_consensus
mgcl2 x 6 h2o	CHEBI:34887	CHEBI:86345	resolve_corpus_consensus
yeast extract	CHEBI:86158	REMOVED	deground
d-glucose	CHEBI:17234	CHEBI:17234	confirm
mgcl2 x 6 h2o	CHEBI:34887	CHEBI:86345	resolve_corpus_consensus
nano3	CHEBI:65327	CHEBI:63005	resolve_manual_curated
glucose	CHEBI:17234	CHEBI:17234	confirm
na2seo3 x 5 h2o	CHEBI:63940	CHEBI:131361	resolve_corpus_consensus
mgcl2 x 6 h2o	CHEBI:34887	CHEBI:86345	resolve_corpus_consensus
vitamin b12	CHEBI:176843	CHEBI:176843	confirm
yeast extract	CHEBI:86158	REMOVED	deground
cooked meat medium	CHEBI:42758	REMOVED	deground
glucose	CHEBI:17234	CHEBI:17234	confirm
maltose	CHEBI:17306	CHEBI:17306	confirm
yeast extract	CHEBI:86158	REMOVED	deground
mgcl2 x 6 h2o	CHEBI:34887	CHEBI:86345	resolve_corpus_consensus
yeast extract	CHEBI:86158	REMOVED	deground
yeast extract	CHEBI:86158	REMOVED	deground
yeast extract	CHEBI:86158	REMOVED	deground
glucose	CHEBI:17234	CHEBI:17234	confirm
mgcl2 x 6 h2o	CHEBI:34887	CHEBI:86345	resolve_corpus_consensus
yeast extract	CHEBI:86158	REMOVED	deground
yeast extract	CHEBI:86158	REMOVED	deground
reinforced clostridial medium	CHEBI:2509	REMOVED	deground
yeast extract	CHEBI:86158	REMOVED	deground
yeast extract	CHEBI:86158	REMOVED	deground
vitamin b12	CHEBI:176843	CHEBI:176843	confirm
n-z-case	CHEBI:85248	REMOVED	deground
yeast extract	CHEBI:86158	REMOVED	deground
mgcl2 x 6 h2o	CHEBI:34887	CHEBI:86345	resolve_corpus_consensus
mgcl2 x 6 h2o	CHEBI:34887	CHEBI:86345	resolve_corpus_consensus
yeast extract	CHEBI:86158	REMOVED	deground
mgcl2 x 6 h2o	CHEBI:34887	CHEBI:86345	resolve_corpus_consensus
yeast extract	CHEBI:86158	REMOVED	deground
trace element solution	CHEBI:30961	REMOVED	deground
mgcl2 x 6 h2o	CHEBI:34887	CHEBI:86345	resolve_corpus_consensus
yeast extract	CHEBI:86158	REMOVED	deground
yeast extract	CHEBI:86158	REMOVED	deground
yeast extract	CHEBI:86158	REMOVED	deground
glucose	CHEBI:17234	CHEBI:17234	confirm
trace minerals (see medium no. 197	CHEBI:2511	REMOVED	deground
mgcl2 x 6 h2o	CHEBI:34887	CHEBI:86345	resolve_corpus_consensus
yeast extract	CHEBI:86158	REMOVED	deground
glucose	CHEBI:17234	CHEBI:17234	confirm
yeast extract	CHEBI:86158	REMOVED	deground
glucose	CHEBI:17234	CHEBI:17234	confirm
glucose	CHEBI:17234	CHEBI:17234	confirm
yeast extract	CHEBI:86158	REMOVED	deground
yeast extract	CHEBI:86158	REMOVED	deground
yeast extract	CHEBI:86158	REMOVED	deground
mgcl2 x 6 h2o	CHEBI:34887	CHEBI:86345	resolve_corpus_consensus
yeast extract	CHEBI:86158	REMOVED	deground
glucose	CHEBI:17234	CHEBI:17234	confirm
yeast extract	CHEBI:86158	REMOVED	deground
arginine	CHEBI:16467	CHEBI:16467	confirm
yeast extract	CHEBI:86158	REMOVED	deground
fructose	CHEBI:15824	CHEBI:15824	confirm
mgcl2 x 6 h2o	CHEBI:34887	CHEBI:86345	resolve_corpus_consensus
yeast extract	CHEBI:86158	REMOVED	deground
na2seo3 x 5 h2o	CHEBI:63940	CHEBI:131361	resolve_corpus_consensus
mgcl2 x 6 h2o	CHEBI:34887	CHEBI:86345	resolve_corpus_consensus
yeast extract	CHEBI:86158	REMOVED	deground
yeast extract	CHEBI:86158	REMOVED	deground
yeast extract	CHEBI:86158	REMOVED	deground
vitamin b12	CHEBI:176843	CHEBI:176843	confirm
yeast extract	CHEBI:86158	REMOVED	deground
yeast extract	CHEBI:86158	REMOVED	deground
micronutrient solution	CHEBI:86158	REMOVED	deground
yeast extract	CHEBI:86158	REMOVED	deground
vitamin b12	CHEBI:176843	CHEBI:176843	confirm
yeast extract	CHEBI:86158	REMOVED	deground
mgcl2 x 6 h2o	CHEBI:34887	CHEBI:86345	resolve_corpus_consensus
mgcl2 x 6 h2o	CHEBI:34887	CHEBI:86345	resolve_corpus_consensus
yeast extract	CHEBI:86158	REMOVED	deground
nano3	CHEBI:65327	CHEBI:63005	resolve_manual_curated
yeast extract	CHEBI:86158	REMOVED	deground
yeast extract	CHEBI:86158	REMOVED	deground
yeast extract	CHEBI:86158	REMOVED	deground
yeast extract	CHEBI:86158	REMOVED	deground
mgcl2 x 6 h2o	CHEBI:34887	CHEBI:86345	resolve_corpus_consensus
yeast extract	CHEBI:86158	REMOVED	deground
mgcl2 x 6 h2o	CHEBI:34887	CHEBI:86345	resolve_corpus_consensus
trace vitamins (see medium no. 197)	CHEBI:42758	REMOVED	deground
yeast extract	CHEBI:86158	REMOVED	deground
glucose	CHEBI:17234	CHEBI:17234	confirm
dithiothreitol	CHEBI:18320	CHEBI:18320	confirm
yeast extract	CHEBI:86158	REMOVED	deground
glucose	CHEBI:17234	CHEBI:17234	confirm
vitamin b12	CHEBI:176843	CHEBI:176843	confirm
glucose	CHEBI:17234	CHEBI:17234	confirm
yeast extract	CHEBI:86158	REMOVED	deground
yeast extract	CHEBI:86158	REMOVED	deground
nano3	CHEBI:65327	CHEBI:63005	resolve_manual_curated
glucose	CHEBI:17234	CHEBI:17234	confirm
trace vitamins (see medium no. 197)	CHEBI:42758	REMOVED	deground
yeast extract	CHEBI:86158	REMOVED	deground
mgcl2 x 6 h2o	CHEBI:34887	CHEBI:86345	resolve_corpus_consensus
glucose	CHEBI:17234	CHEBI:17234	confirm
glucose	CHEBI:17234	CHEBI:17234	confirm
vitamin b12	CHEBI:176843	CHEBI:176843	confirm
mgcl2 x 6 h2o	CHEBI:34887	CHEBI:86345	resolve_corpus_consensus
na2seo3 x 5 h2o	CHEBI:63940	CHEBI:131361	resolve_corpus_consensus
yeast extract	CHEBI:86158	REMOVED	deground
glucose	CHEBI:17234	CHEBI:17234	confirm
yeast extract	CHEBI:86158	REMOVED	deground
glucose	CHEBI:17234	CHEBI:17234	confirm
d-glucose	CHEBI:17234	CHEBI:17234	confirm
2-methylbutyric acid	CHEBI:37070	CHEBI:37070	confirm
yeast extract	CHEBI:86158	REMOVED	deground
glucose	CHEBI:17234	CHEBI:17234	confirm
yeast extract	CHEBI:86158	REMOVED	deground
mgcl2 x 6 h2o	CHEBI:34887	CHEBI:86345	resolve_corpus_consensus
mgcl2 x 6 h2o	CHEBI:34887	CHEBI:86345	resolve_corpus_consensus
vitamin solution (see medium no. 403)	CHEBI:76209	REMOVED	deground
thiamine solution (see medium no. 403)	CHEBI:32588	REMOVED	deground
mgcl2 x 6 h2o	CHEBI:34887	CHEBI:86345	resolve_corpus_consensus
yeast extract	CHEBI:86158	REMOVED	deground
l-cysteine x hcl x h2o solution	CHEBI:26710	CHEBI:91247	resolve_manual_curated
vitamin b12	CHEBI:176843	CHEBI:176843	confirm
yeast extract	CHEBI:86158	REMOVED	deground
mgcl2 x 6 h2o	CHEBI:34887	CHEBI:86345	resolve_corpus_consensus
vitamin b12	CHEBI:176843	CHEBI:176843	confirm
nano3	CHEBI:65327	CHEBI:63005	resolve_manual_curated
mgcl2 x 6 h2o	CHEBI:34887	CHEBI:86345	resolve_corpus_consensus
yeast extract	CHEBI:86158	REMOVED	deground
mgcl2 x 6 h2o	CHEBI:34887	CHEBI:86345	resolve_corpus_consensus
yeast extract	CHEBI:86158	REMOVED	deground
glucose	CHEBI:17234	CHEBI:17234	confirm
na2seo3 x 5 h2o	CHEBI:63940	CHEBI:131361	resolve_corpus_consensus
yeast extract	CHEBI:86158	REMOVED	deground
yeast extract	CHEBI:86158	REMOVED	deground
mgcl2 x 6 h2o	CHEBI:34887	CHEBI:86345	resolve_corpus_consensus
methanol solution (see below)	CHEBI:31206	REMOVED	deground
trace vitamins (see medium no. 197)	CHEBI:42758	REMOVED	deground
yeast extract	CHEBI:86158	REMOVED	deground
yeast extract	CHEBI:86158	REMOVED	deground
yeast extract	CHEBI:86158	REMOVED	deground
mgcl2 x 6 h2o	CHEBI:34887	CHEBI:86345	resolve_corpus_consensus
nano3	CHEBI:65327	CHEBI:63005	resolve_manual_curated
mgcl2 x 6 h2o	CHEBI:34887	CHEBI:86345	resolve_corpus_consensus
trace vitamins (see medium no. 197)	CHEBI:42758	REMOVED	deground
mgcl2 x 6 h2o	CHEBI:34887	CHEBI:86345	resolve_corpus_consensus
lactose	CHEBI:17716	CHEBI:17716	confirm
yeast extract	CHEBI:86158	REMOVED	deground
mgcl2 x 6 h2o	CHEBI:34887	CHEBI:86345	resolve_corpus_consensus
vitamin b12	CHEBI:176843	CHEBI:176843	confirm
nano3	CHEBI:65327	CHEBI:63005	resolve_manual_curated
yeast extract	CHEBI:86158	REMOVED	deground
mgcl2 x 6 h2o	CHEBI:34887	CHEBI:86345	resolve_corpus_consensus
yeast extract	CHEBI:86158	REMOVED	deground
mgcl2 x 6 h2o	CHEBI:34887	CHEBI:86345	resolve_corpus_consensus
yeast extract	CHEBI:86158	REMOVED	deground
yeast extract	CHEBI:86158	REMOVED	deground
mgcl2 x 6 h2o	CHEBI:34887	CHEBI:86345	resolve_corpus_consensus
dl-dithiothreitol	CHEBI:18320	CHEBI:18320	confirm
yeast extract	CHEBI:86158	REMOVED	deground
glucose	CHEBI:17234	CHEBI:17234	confirm
yeast extract	CHEBI:86158	REMOVED	deground
glucose	CHEBI:17234	CHEBI:17234	confirm
mgcl2 x 6 h2o	CHEBI:34887	CHEBI:86345	resolve_corpus_consensus
yeast extract	CHEBI:86158	REMOVED	deground
d-glucose	CHEBI:17234	CHEBI:17234	confirm
yeast extract	CHEBI:86158	REMOVED	deground
d-glucose	CHEBI:17234	CHEBI:17234	confirm
yeast extract	CHEBI:86158	REMOVED	deground
glucose	CHEBI:17234	CHEBI:17234	confirm
mgcl2 x 6 h2o	CHEBI:34887	CHEBI:86345	resolve_corpus_consensus
yeast extract	CHEBI:86158	REMOVED	deground
vitamin b12	CHEBI:176843	CHEBI:176843	confirm
na2seo3 x 5 h2o	CHEBI:63940	CHEBI:131361	resolve_corpus_consensus
yeast extract	CHEBI:86158	REMOVED	deground
glucose	CHEBI:17234	CHEBI:17234	confirm
yeast extract	CHEBI:86158	REMOVED	deground
mgcl2 x 6 h2o	CHEBI:34887	CHEBI:86345	resolve_corpus_consensus
mgcl2 x 6 h2o	CHEBI:34887	CHEBI:86345	resolve_corpus_consensus
yeast extract	CHEBI:86158	REMOVED	deground
mgcl2 x 6 h2o	CHEBI:34887	CHEBI:86345	resolve_corpus_consensus
yeast extract	CHEBI:86158	REMOVED	deground
glucose	CHEBI:17234	CHEBI:17234	confirm
mgcl2 x 6 h2o	CHEBI:34887	CHEBI:86345	resolve_corpus_consensus
yeast extract	CHEBI:86158	REMOVED	deground
nano3	CHEBI:65327	CHEBI:63005	resolve_manual_curated
hy-case amino	CHEBI:26710	REMOVED	deground
yeast extract	CHEBI:86158	REMOVED	deground
mgcl2 x 6 h2o	CHEBI:34887	CHEBI:86345	resolve_corpus_consensus
mgcl2 x 6 h2o	CHEBI:34887	CHEBI:86345	resolve_corpus_consensus
yeast extract	CHEBI:86158	REMOVED	deground
maltose	CHEBI:17306	CHEBI:17306	confirm
mgcl2 x 6 h2o	CHEBI:34887	CHEBI:86345	resolve_corpus_consensus
yeast extract	CHEBI:86158	REMOVED	deground
yeast extract	CHEBI:86158	REMOVED	deground
yeast extract	CHEBI:86158	REMOVED	deground
yeast extract	CHEBI:86158	REMOVED	deground
yeast extract	CHEBI:86158	REMOVED	deground
glucose	CHEBI:17234	CHEBI:17234	confirm
yeast extract	CHEBI:86158	REMOVED	deground
glucose	CHEBI:17234	CHEBI:17234	confirm
mgcl2 x 6 h2o	CHEBI:34887	CHEBI:86345	resolve_corpus_consensus
mgcl2 x 6 h2o	CHEBI:34887	CHEBI:86345	resolve_corpus_consensus
yeast extract	CHEBI:86158	REMOVED	deground
trace vitamins (see medium no. 197)	CHEBI:42758	REMOVED	deground
yeast extract	CHEBI:86158	REMOVED	deground
yeast extract	CHEBI:86158	REMOVED	deground
glucose	CHEBI:17234	CHEBI:17234	confirm
yeast extract	CHEBI:86158	REMOVED	deground
fructose	CHEBI:15824	CHEBI:15824	confirm
na2seo3 x 5 h2o	CHEBI:63940	CHEBI:131361	resolve_corpus_consensus
yeast extract	CHEBI:86158	REMOVED	deground
mgcl2 x 6 h2o	CHEBI:34887	CHEBI:86345	resolve_corpus_consensus
yeast extract	CHEBI:86158	REMOVED	deground
glucose	CHEBI:17234	CHEBI:17234	confirm
na2seo3 x 5 h2o	CHEBI:63940	CHEBI:131361	resolve_corpus_consensus
mgcl2 x 6 h2o	CHEBI:34887	CHEBI:86345	resolve_corpus_consensus
ki	CHEBI:138791	CHEBI:8346	resolve_manual_curated
na2wo2 x 2 h2o	CHEBI:86158	CHEBI:63939	resolve_manual_curated
trace minerals (see medium no. 151	CHEBI:33118	REMOVED	deground
nano3	CHEBI:65327	CHEBI:63005	resolve_manual_curated
yeast extract	CHEBI:86158	REMOVED	deground
mgcl2 x 6 h2o	CHEBI:34887	CHEBI:86345	resolve_corpus_consensus
trace element solution (see medium no. 187	CHEBI:32588	REMOVED	deground
yeast extract	CHEBI:86158	REMOVED	deground
mgcl2 x 6 h2o	CHEBI:34887	CHEBI:86345	resolve_corpus_consensus
nano3	CHEBI:65327	CHEBI:63005	resolve_manual_curated
mgcl2 x 6 h2o	CHEBI:34887	CHEBI:86345	resolve_corpus_consensus
trace vitamins (see medium no. 197)	CHEBI:42758	REMOVED	deground
mgcl2 x 6 h2o	CHEBI:34887	CHEBI:86345	resolve_corpus_consensus
yeast extract	CHEBI:86158	REMOVED	deground
potassium phosphate buffer	CHEBI:31345	REMOVED	deground
trace vitamins (see medium no. 197)	CHEBI:42758	REMOVED	deground
mgcl2 x 6 h2o	CHEBI:34887	CHEBI:86345	resolve_corpus_consensus
na2seo3 x 5 h2o	CHEBI:63940	CHEBI:131361	resolve_corpus_consensus
na2wo2 x 2 h2o	CHEBI:86158	CHEBI:63939	resolve_manual_curated
yeast extract	CHEBI:86158	REMOVED	deground
mgcl2 x 6 h2o	CHEBI:34887	CHEBI:86345	resolve_corpus_consensus
vitamin solution (see medium no. 403)	CHEBI:76209	REMOVED	deground
thiamine solution (see medium no. 403)	CHEBI:32588	REMOVED	deground
mgcl2 x 6 h2o	CHEBI:34887	CHEBI:86345	resolve_corpus_consensus
yeast extract	CHEBI:86158	REMOVED	deground
mgcl2 x 6 h2o	CHEBI:34887	CHEBI:86345	resolve_corpus_consensus
trisodium citrate x h2o	CHEBI:32150	CHEBI:32142	resolve_manual_curated
yeast extract	CHEBI:86158	REMOVED	deground
mgcl2 x 6 h2o	CHEBI:34887	CHEBI:86345	resolve_corpus_consensus
yeast extract	CHEBI:86158	REMOVED	deground
yeast extract	CHEBI:86158	REMOVED	deground
yeast extract	CHEBI:86158	REMOVED	deground
mgcl2 x 6 h2o	CHEBI:34887	CHEBI:86345	resolve_corpus_consensus
yeast extract	CHEBI:86158	REMOVED	deground
mgcl2 x 6 h2o	CHEBI:34887	CHEBI:86345	resolve_corpus_consensus
vitamin solution (see medium no. 403)	CHEBI:76209	REMOVED	deground
thiamine solution (see medium no. 403)	CHEBI:32588	REMOVED	deground
yeast extract	CHEBI:86158	REMOVED	deground
nano3	CHEBI:65327	CHEBI:63005	resolve_manual_curated
yeast extract	CHEBI:86158	REMOVED	deground
nano3	CHEBI:65327	CHEBI:63005	resolve_manual_curated
yeast extract	CHEBI:86158	REMOVED	deground
glucose	CHEBI:17234	CHEBI:17234	confirm
na2seo3 x 5 h2o	CHEBI:63940	CHEBI:131361	resolve_corpus_consensus
yeast extract	CHEBI:86158	REMOVED	deground
mgcl2 x 6 h2o	CHEBI:34887	CHEBI:86345	resolve_corpus_consensus
vitamin b12	CHEBI:176843	CHEBI:176843	confirm
yeast extract	CHEBI:86158	REMOVED	deground
mgcl2 x 6 h2o	CHEBI:34887	CHEBI:86345	resolve_corpus_consensus
vitamin solution (see medium no. 403)	CHEBI:76209	REMOVED	deground
thiamine solution (see medium no. 403)	CHEBI:32588	REMOVED	deground
riboflavin solution (see medium no. 462)	CHEBI:32588	REMOVED	deground
glucose	CHEBI:17234	CHEBI:17234	confirm
mgcl2 x 6 h2o	CHEBI:34887	CHEBI:86345	resolve_corpus_consensus
yeast extract	CHEBI:86158	REMOVED	deground
trace metal solution	CHEBI:31206	REMOVED	deground
h3bo4	CHEBI:32599	CHEBI:33118	resolve_manual_curated
mgcl2 x 6 h2o	CHEBI:34887	CHEBI:86345	resolve_corpus_consensus
yeast extract	CHEBI:86158	REMOVED	deground
glucose	CHEBI:17234	CHEBI:17234	confirm
yeast extract	CHEBI:86158	REMOVED	deground
glucose	CHEBI:17234	CHEBI:17234	confirm
mgcl2 x 6 h2o	CHEBI:34887	CHEBI:86345	resolve_corpus_consensus
yeast extract	CHEBI:86158	REMOVED	deground
fructose	CHEBI:15824	CHEBI:15824	confirm
mgcl2 x 6 h2o	CHEBI:34887	CHEBI:86345	resolve_corpus_consensus
yeast extract	CHEBI:86158	REMOVED	deground
glucose	CHEBI:17234	CHEBI:17234	confirm
mgcl2 x 6 h2o	CHEBI:34887	CHEBI:86345	resolve_corpus_consensus
yeast extract	CHEBI:86158	REMOVED	deground
glucose	CHEBI:17234	CHEBI:17234	confirm
yeast extract	CHEBI:86158	REMOVED	deground
fructose	CHEBI:15824	CHEBI:15824	confirm
trace vitamins (see medium no. 197)	CHEBI:42758	REMOVED	deground
yeast extract	CHEBI:86158	REMOVED	deground
mgcl2 x 6 h2o	CHEBI:34887	CHEBI:86345	resolve_corpus_consensus
glucose	CHEBI:17234	CHEBI:17234	confirm
mgcl2 x 6 h2o	CHEBI:34887	CHEBI:86345	resolve_corpus_consensus
yeast extract	CHEBI:86158	REMOVED	deground
glucose	CHEBI:17234	CHEBI:17234	confirm
yeast extract	CHEBI:86158	REMOVED	deground
yeast extract	CHEBI:86158	REMOVED	deground
glucose	CHEBI:17234	CHEBI:17234	confirm
mgcl2 x 6 h2o	CHEBI:34887	CHEBI:86345	resolve_corpus_consensus
yeast extract	CHEBI:86158	REMOVED	deground
glucose	CHEBI:17234	CHEBI:17234	confirm
mgcl2 x 6 h2o	CHEBI:34887	CHEBI:86345	resolve_corpus_consensus
yeast extract	CHEBI:86158	REMOVED	deground
glucose	CHEBI:17234	CHEBI:17234	confirm
mgcl2 x 6 h2o	CHEBI:34887	CHEBI:86345	resolve_corpus_consensus
yeast extract	CHEBI:86158	REMOVED	deground
mgcl2 x 6 h2o	CHEBI:34887	CHEBI:86345	resolve_corpus_consensus
trace element solution	CHEBI:30961	REMOVED	deground
yeast extract	CHEBI:86158	REMOVED	deground
mgcl2 x 6 h2o	CHEBI:34887	CHEBI:86345	resolve_corpus_consensus
yeast extract	CHEBI:86158	REMOVED	deground
glucose	CHEBI:17234	CHEBI:17234	confirm
yeast extract	CHEBI:86158	REMOVED	deground
yeast extract	CHEBI:86158	REMOVED	deground
yeast extract	CHEBI:86158	REMOVED	deground
tomato juice	CHEBI:53426	REMOVED	deground
mgcl2 x 6 h2o	CHEBI:34887	CHEBI:86345	resolve_corpus_consensus
mgcl2 x 6 h2o	CHEBI:34887	CHEBI:86345	resolve_corpus_consensus
glucose	CHEBI:17234	CHEBI:17234	confirm
yeast extract	CHEBI:86158	REMOVED	deground
thioglycolate	CHEBI:47869	CHEBI:47869	confirm
mgcl2 x 6 h2o	CHEBI:34887	CHEBI:86345	resolve_corpus_consensus
yeast extract	CHEBI:86158	REMOVED	deground
yeast extract	CHEBI:86158	REMOVED	deground
yeast extract	CHEBI:86158	REMOVED	deground
glucose	CHEBI:17234	CHEBI:17234	confirm
mgcl2 x 6 h2o	CHEBI:34887	CHEBI:86345	resolve_corpus_consensus
yeast extract	CHEBI:86158	REMOVED	deground
vitamin b12	CHEBI:176843	CHEBI:176843	confirm
mgcl2 x 6 h2o	CHEBI:34887	CHEBI:86345	resolve_corpus_consensus
yeast extract	CHEBI:86158	REMOVED	deground
vitamin b12	CHEBI:176843	CHEBI:176843	confirm
nano3	CHEBI:65327	CHEBI:63005	resolve_manual_curated
trace metal solution	CHEBI:31206	REMOVED	deground
yeast extract	CHEBI:86158	REMOVED	deground
yeast extract	CHEBI:86158	REMOVED	deground
trace vitamins (see medium no. 197)	CHEBI:42758	REMOVED	deground
mgcl2 x 6 h2o	CHEBI:34887	CHEBI:86345	resolve_corpus_consensus
yeast extract	CHEBI:86158	REMOVED	deground
yeast extract	CHEBI:86158	REMOVED	deground
na2seo3 x 5 h2o	CHEBI:63940	CHEBI:131361	resolve_corpus_consensus
mgcl2 x 6 h2o	CHEBI:34887	CHEBI:86345	resolve_corpus_consensus
yeast extract	CHEBI:86158	REMOVED	deground
glucose	CHEBI:17234	CHEBI:17234	confirm
mgcl2 x 6 h2o	CHEBI:34887	CHEBI:86345	resolve_corpus_consensus
yeast extract	CHEBI:86158	REMOVED	deground
glucose	CHEBI:17234	CHEBI:17234	confirm
mgcl2 x 6 h2o	CHEBI:34887	CHEBI:86345	resolve_corpus_consensus
vitamin b12	CHEBI:176843	CHEBI:176843	confirm
yeast extract	CHEBI:86158	REMOVED	deground
mgcl2 x 6 h2o	CHEBI:34887	CHEBI:86345	resolve_corpus_consensus
glucose	CHEBI:17234	CHEBI:17234	confirm
yeast extract	CHEBI:86158	REMOVED	deground
mgcl2 x 6 h2o	CHEBI:34887	CHEBI:86345	resolve_corpus_consensus
mgcl2 x 6 h2o	CHEBI:34887	CHEBI:86345	resolve_corpus_consensus
vitamin solution (see medium no. 403)	CHEBI:76209	REMOVED	deground
thiamine solution (see medium no. 403)	CHEBI:32588	REMOVED	deground
mgcl2 x 6 h2o	CHEBI:34887	CHEBI:86345	resolve_corpus_consensus
vitamin solution (see medium no. 403)	CHEBI:76209	REMOVED	deground
thiamine solution (see medium no. 403)	CHEBI:32588	REMOVED	deground
yeast extract	CHEBI:86158	REMOVED	deground
yeast extract	CHEBI:86158	REMOVED	deground
trace vitamins (see medium no. 197)	CHEBI:42758	REMOVED	deground
polypeptone	CHEBI:26710	REMOVED	deground
yeast extract	CHEBI:86158	REMOVED	deground
glucose	CHEBI:17234	CHEBI:17234	confirm
yeast extract	CHEBI:86158	REMOVED	deground
mgcl2 x 6 h2o	CHEBI:34887	CHEBI:86345	resolve_corpus_consensus
yeast extract	CHEBI:86158	REMOVED	deground
fructose	CHEBI:15824	CHEBI:15824	confirm
yeast extract	CHEBI:86158	REMOVED	deground
yeast extract	CHEBI:86158	REMOVED	deground
mgcl2 x 6 h2o	CHEBI:34887	CHEBI:86345	resolve_corpus_consensus
mgcl2 x 6 h2o	CHEBI:34887	CHEBI:86345	resolve_corpus_consensus
yeast extract	CHEBI:86158	REMOVED	deground
yeast extract	CHEBI:86158	REMOVED	deground
glucose	CHEBI:17234	CHEBI:17234	confirm
mgcl2 x 6 h2o	CHEBI:34887	CHEBI:86345	resolve_corpus_consensus
mgcl2 x 6 h2o	CHEBI:34887	CHEBI:86345	resolve_corpus_consensus
yeast extract	CHEBI:86158	REMOVED	deground
glucose	CHEBI:17234	CHEBI:17234	confirm
yeast extract	CHEBI:86158	REMOVED	deground
glucose	CHEBI:17234	CHEBI:17234	confirm
mgcl2 x 6 h2o	CHEBI:34887	CHEBI:86345	resolve_corpus_consensus
mgcl2 x 6 h2o	CHEBI:34887	CHEBI:86345	resolve_corpus_consensus
zeikus trace element solution	CHEBI:6636	REMOVED	deground
yeast extract	CHEBI:86158	REMOVED	deground
glucose	CHEBI:17234	CHEBI:17234	confirm
yeast extract	CHEBI:86158	REMOVED	deground
mgcl2 x 6 h2o	CHEBI:34887	CHEBI:86345	resolve_corpus_consensus
mgcl2 x 6 h2o	CHEBI:34887	CHEBI:86345	resolve_corpus_consensus
yeast extract	CHEBI:86158	REMOVED	deground
maltose	CHEBI:17306	CHEBI:17306	confirm
na2seo3 x 5 h2o	CHEBI:63940	CHEBI:131361	resolve_corpus_consensus
vitamin b12	CHEBI:176843	CHEBI:176843	confirm
fructose	CHEBI:15824	CHEBI:15824	confirm
yeast extract	CHEBI:86158	REMOVED	deground
mgcl2 x 6 h2o	CHEBI:34887	CHEBI:86345	resolve_corpus_consensus
glucose	CHEBI:17234	CHEBI:17234	confirm
maltose	CHEBI:17306	CHEBI:17306	confirm
mgcl2 x 6 h2o	CHEBI:34887	CHEBI:86345	resolve_corpus_consensus
nano3	CHEBI:65327	CHEBI:63005	resolve_manual_curated
vitamin b12	CHEBI:176843	CHEBI:176843	confirm
yeast extract	CHEBI:86158	REMOVED	deground
yeast extract	CHEBI:86158	REMOVED	deground
fructose	CHEBI:15824	CHEBI:15824	confirm
trace vitamins (see medium no. 197)	CHEBI:42758	REMOVED	deground
mgcl2 x 6 h2o	CHEBI:34887	CHEBI:86345	resolve_corpus_consensus
yeast extract	CHEBI:86158	REMOVED	deground
fructose	CHEBI:15824	CHEBI:15824	confirm
vitamin solution (see medium no. 403)	CHEBI:76209	REMOVED	deground
thiamine solution (see medium no. 403)	CHEBI:32588	REMOVED	deground
yeast extract	CHEBI:86158	REMOVED	deground
mgcl2 x 6 h2o	CHEBI:34887	CHEBI:86345	resolve_corpus_consensus
mgcl2 x 6 h2o	CHEBI:34887	CHEBI:86345	resolve_corpus_consensus
yeast extract	CHEBI:86158	REMOVED	deground
yeast extract	CHEBI:86158	REMOVED	deground
maltose	CHEBI:17306	CHEBI:17306	confirm
yeast extract	CHEBI:86158	REMOVED	deground
yeast extract	CHEBI:86158	REMOVED	deground
yeast extract	CHEBI:86158	REMOVED	deground
glucose	CHEBI:17234	CHEBI:17234	confirm
mgcl2 x 6 h2o	CHEBI:34887	CHEBI:86345	resolve_corpus_consensus
mgcl2 x 6 h2o	CHEBI:34887	CHEBI:86345	resolve_corpus_consensus
yeast extract	CHEBI:86158	REMOVED	deground
mgcl2 x 6 h2o	CHEBI:34887	CHEBI:86345	resolve_corpus_consensus
trace vitamins (see medium no. 197)	CHEBI:42758	REMOVED	deground
mgcl2 x 6 h2o	CHEBI:34887	CHEBI:86345	resolve_corpus_consensus
yeast extract	CHEBI:86158	REMOVED	deground
glucose	CHEBI:17234	CHEBI:17234	confirm
yeast extract	CHEBI:86158	REMOVED	deground
mgcl2 x 6 h2o	CHEBI:34887	CHEBI:86345	resolve_corpus_consensus
yeast extract	CHEBI:86158	REMOVED	deground
mgcl2 x 6 h2o	CHEBI:34887	CHEBI:86345	resolve_corpus_consensus
yeast extract	CHEBI:86158	REMOVED	deground
glucose	CHEBI:17234	CHEBI:17234	confirm
yeast extract	CHEBI:86158	REMOVED	deground
trace vitamins (see medium no. 197)	CHEBI:42758	REMOVED	deground
selenite-tungstate solution (see medium no. 431)	CHEBI:32599	REMOVED	deground
yeast extract	CHEBI:86158	REMOVED	deground
potato	CHEBI:42758	REMOVED	deground
glucose	CHEBI:17234	CHEBI:17234	confirm
mgcl2 x 6 h2o	CHEBI:34887	CHEBI:86345	resolve_corpus_consensus
yeast extract	CHEBI:86158	REMOVED	deground
glucose	CHEBI:17234	CHEBI:17234	confirm
glucose	CHEBI:17234	CHEBI:17234	confirm
yeast extract	CHEBI:86158	REMOVED	deground
citric acid	CHEBI:53258	CHEBI:53258	confirm
glacial acetic acid	CHEBI:16236	CHEBI:15366	resolve_manual_curated
yeast extract	CHEBI:86158	REMOVED	deground
mgcl2 x 6 h2o	CHEBI:34887	CHEBI:86345	resolve_corpus_consensus
na2seo3 x 5 h2o	CHEBI:63940	CHEBI:131361	resolve_corpus_consensus
na2seo3 x 5 h2o	CHEBI:63940	CHEBI:131361	resolve_corpus_consensus
yeast extract	CHEBI:86158	REMOVED	deground
glucose	CHEBI:17234	CHEBI:17234	confirm
n-acetyl-d-glucosamine	CHEBI:506227	CHEBI:506227	confirm
mem alpha modification	CHEBI:15361	REMOVED	deground
yeast extract	CHEBI:86158	REMOVED	deground
probumin universal grade	CHEBI:42758	REMOVED	deground
neopeptone	CHEBI:53258	REMOVED	deground
rabbit serum	CHEBI:18050	REMOVED	deground
yeast extract	CHEBI:86158	REMOVED	deground
yeast extract	CHEBI:86158	REMOVED	deground
mgcl2 x 6 h2o	CHEBI:34887	CHEBI:86345	resolve_corpus_consensus
yeast extract	CHEBI:86158	REMOVED	deground
vitamin b12	CHEBI:176843	CHEBI:176843	confirm
yeast extract	CHEBI:86158	REMOVED	deground
glucose	CHEBI:17234	CHEBI:17234	confirm
vitamin b12	CHEBI:176843	CHEBI:176843	confirm
yeast extract	CHEBI:86158	REMOVED	deground
mgcl2 x 6 h2o	CHEBI:34887	CHEBI:86345	resolve_corpus_consensus
vitamin b12	CHEBI:176843	CHEBI:176843	confirm
yeast extract	CHEBI:86158	REMOVED	deground
mgcl2 x 6 h2o	CHEBI:34887	CHEBI:86345	resolve_corpus_consensus
mgcl2 x 6 h2o	CHEBI:34887	CHEBI:86345	resolve_corpus_consensus
mgcl2 x 6 h2o	CHEBI:34887	CHEBI:86345	resolve_corpus_consensus
yeast extract	CHEBI:86158	REMOVED	deground
arginine	CHEBI:16467	CHEBI:16467	confirm
mgcl2 x 6 h2o	CHEBI:34887	CHEBI:86345	resolve_corpus_consensus
yeast extract	CHEBI:86158	REMOVED	deground
yeast extract	CHEBI:86158	REMOVED	deground
mgcl2 x 6 h2o	CHEBI:34887	CHEBI:86345	resolve_corpus_consensus
glucose	CHEBI:17234	CHEBI:17234	confirm
mgcl2 x 6 h2o	CHEBI:34887	CHEBI:86345	resolve_corpus_consensus
yeast extract	CHEBI:86158	REMOVED	deground
mgcl2 x 6 h2o	CHEBI:34887	CHEBI:86345	resolve_corpus_consensus
potassium phosphate buffer	CHEBI:31345	REMOVED	deground
vitamin b12	CHEBI:176843	CHEBI:176843	confirm
yeast extract	CHEBI:86158	REMOVED	deground
mgcl2 x 6 h2o	CHEBI:34887	CHEBI:86345	resolve_corpus_consensus
yeast extract	CHEBI:86158	REMOVED	deground
potassium phosphate buffer	CHEBI:31345	REMOVED	deground
yeast extract	CHEBI:86158	REMOVED	deground
mgcl2 x 6 h2o	CHEBI:34887	CHEBI:86345	resolve_corpus_consensus
glucose	CHEBI:17234	CHEBI:17234	confirm
yeast extract	CHEBI:86158	REMOVED	deground
yeast extract	CHEBI:86158	REMOVED	deground
glucose	CHEBI:17234	CHEBI:17234	confirm
vitamin b12	CHEBI:176843	CHEBI:176843	confirm
yeast extract	CHEBI:86158	REMOVED	deground
mgcl2 x 6 h2o	CHEBI:34887	CHEBI:86345	resolve_corpus_consensus
nano3	CHEBI:65327	CHEBI:63005	resolve_manual_curated
na2seo3 x 5 h2o	CHEBI:63940	CHEBI:131361	resolve_corpus_consensus
yeast extract	CHEBI:86158	REMOVED	deground
mgcl2 x 6 h2o	CHEBI:34887	CHEBI:86345	resolve_corpus_consensus
glucose	CHEBI:17234	CHEBI:17234	confirm
leibovitz's l-15 medium	CHEBI:26710	REMOVED	deground
yeast extract	CHEBI:86158	REMOVED	deground
polypeptone	CHEBI:26710	REMOVED	deground
yeast extract	CHEBI:86158	REMOVED	deground
mgcl2 x 6 h2o	CHEBI:34887	CHEBI:86345	resolve_corpus_consensus
yeast extract	CHEBI:86158	REMOVED	deground
mgcl2 x 6 h2o	CHEBI:34887	CHEBI:86345	resolve_corpus_consensus
mgcl2 x 6 h2o	CHEBI:34887	CHEBI:86345	resolve_corpus_consensus
yeast extract	CHEBI:86158	REMOVED	deground
mgcl2 x 6 h2o	CHEBI:34887	CHEBI:86345	resolve_corpus_consensus
mgcl2 x 6 h2o	CHEBI:34887	CHEBI:86345	resolve_corpus_consensus
yeast extract	CHEBI:86158	REMOVED	deground
vitamin b12	CHEBI:176843	CHEBI:176843	confirm
mgcl2 x 6 h2o	CHEBI:34887	CHEBI:86345	resolve_corpus_consensus
na2s2o4 x 2 h2o	CHEBI:17632	CHEBI:66870	resolve_manual_curated
yeast extract	CHEBI:86158	REMOVED	deground
glucose	CHEBI:17234	CHEBI:17234	confirm
vitamin b12	CHEBI:176843	CHEBI:176843	confirm
mgcl2 x 6 h2o	CHEBI:34887	CHEBI:86345	resolve_corpus_consensus
na2seo3 x 5 h2o	CHEBI:63940	CHEBI:131361	resolve_corpus_consensus
vitamin b12	CHEBI:176843	CHEBI:176843	confirm
rabbit serum	CHEBI:18050	REMOVED	deground
polypeptone	CHEBI:26710	REMOVED	deground
mgcl2 x 6 h2o	CHEBI:34887	CHEBI:86345	resolve_corpus_consensus
yeast extract	CHEBI:86158	REMOVED	deground
glucose	CHEBI:17234	CHEBI:17234	confirm
mgcl2 x 6 h2o	CHEBI:34887	CHEBI:86345	resolve_corpus_consensus
yeast extract	CHEBI:86158	REMOVED	deground
mgcl2 x 6 h2o	CHEBI:34887	CHEBI:86345	resolve_corpus_consensus
yeast extract	CHEBI:86158	REMOVED	deground
mgcl2 x 6 h2o	CHEBI:34887	CHEBI:86345	resolve_corpus_consensus
yeast extract	CHEBI:86158	REMOVED	deground
mgcl2 x 6 h2o	CHEBI:34887	CHEBI:86345	resolve_corpus_consensus
yeast extract	CHEBI:86158	REMOVED	deground
yeast extract	CHEBI:86158	REMOVED	deground
mgcl2 x 6 h2o	CHEBI:34887	CHEBI:86345	resolve_corpus_consensus
trace vitamins (see medium no. 197)	CHEBI:42758	REMOVED	deground
yeast extract	CHEBI:86158	REMOVED	deground
yeast extract	CHEBI:86158	REMOVED	deground
yeast extract	CHEBI:86158	REMOVED	deground
vitamin b12	CHEBI:176843	CHEBI:176843	confirm
yeast extract	CHEBI:86158	REMOVED	deground
glucose	CHEBI:17234	CHEBI:17234	confirm
mgcl2 x 6 h2o	CHEBI:34887	CHEBI:86345	resolve_corpus_consensus
trace element solution	CHEBI:30961	REMOVED	deground
yeast extract	CHEBI:86158	REMOVED	deground
glucose	CHEBI:17234	CHEBI:17234	confirm
glucose	CHEBI:17234	CHEBI:17234	confirm
yeast extract	CHEBI:86158	REMOVED	deground
mgcl2 x 6 h2o	CHEBI:34887	CHEBI:86345	resolve_corpus_consensus
yeast extract	CHEBI:86158	REMOVED	deground
mgcl2 x 6 h2o	CHEBI:34887	CHEBI:86345	resolve_corpus_consensus
yeast extract	CHEBI:86158	REMOVED	deground
yeast extract	CHEBI:86158	REMOVED	deground
mgcl2 x 6 h2o	CHEBI:34887	CHEBI:86345	resolve_corpus_consensus
mgcl2 x 6 h2o	CHEBI:34887	CHEBI:86345	resolve_corpus_consensus
yeast extract	CHEBI:86158	REMOVED	deground
glucose	CHEBI:17234	CHEBI:17234	confirm
mgcl2 x 6 h2o	CHEBI:34887	CHEBI:86345	resolve_corpus_consensus
yeast extract	CHEBI:86158	REMOVED	deground
ebios	CHEBI:42758	REMOVED	deground
glucose	CHEBI:17234	CHEBI:17234	confirm
mgcl2 x 6 h2o	CHEBI:34887	CHEBI:86345	resolve_corpus_consensus
yeast extract	CHEBI:86158	REMOVED	deground
modified wolfe's minerals	CHEBI:75215	REMOVED	deground
mgcl2 x 6 h2o	CHEBI:34887	CHEBI:86345	resolve_corpus_consensus
yeast extract	CHEBI:86158	REMOVED	deground
yeast extract	CHEBI:86158	REMOVED	deground
glucose	CHEBI:17234	CHEBI:17234	confirm
h3bo4	CHEBI:32599	CHEBI:33118	resolve_manual_curated
yeast extract	CHEBI:86158	REMOVED	deground
mgcl2 x 6 h2o	CHEBI:34887	CHEBI:86345	resolve_corpus_consensus
glucose	CHEBI:17234	CHEBI:17234	confirm
nano3	CHEBI:65327	CHEBI:63005	resolve_manual_curated
mineral solution (see medium no. 976	CHEBI:32149	REMOVED	deground
yeast extract	CHEBI:86158	REMOVED	deground
glucose	CHEBI:17234	CHEBI:17234	confirm
vitamin b12	CHEBI:176843	CHEBI:176843	confirm
mgcl2 x 6 h2o	CHEBI:34887	CHEBI:86345	resolve_corpus_consensus
yeast extract	CHEBI:86158	REMOVED	deground
mgcl2 x 6 h2o	CHEBI:34887	CHEBI:86345	resolve_corpus_consensus
yeast extract	CHEBI:86158	REMOVED	deground
mgcl2 x 6 h2o	CHEBI:34887	CHEBI:86345	resolve_corpus_consensus
na2seo3 x 5 h2o	CHEBI:63940	CHEBI:131361	resolve_corpus_consensus
mgcl2 x 6 h2o	CHEBI:34887	CHEBI:86345	resolve_corpus_consensus
yeast extract	CHEBI:86158	REMOVED	deground
glucose	CHEBI:17234	CHEBI:17234	confirm
mgcl2 x 6 h2o	CHEBI:34887	CHEBI:86345	resolve_corpus_consensus
yeast extract	CHEBI:86158	REMOVED	deground
yeast extract	CHEBI:86158	REMOVED	deground
mgcl2 x 6 h2o	CHEBI:34887	CHEBI:86345	resolve_corpus_consensus
mgcl2 x 6 h2o	CHEBI:34887	CHEBI:86345	resolve_corpus_consensus
yeast extract	CHEBI:86158	REMOVED	deground
glucose	CHEBI:17234	CHEBI:17234	confirm
mgcl2 x 6 h2o	CHEBI:34887	CHEBI:86345	resolve_corpus_consensus
yeast extract	CHEBI:86158	REMOVED	deground
n-acetyl-d-glucosamine	CHEBI:506227	CHEBI:506227	confirm
vitamin b12	CHEBI:176843	CHEBI:176843	confirm
yeast extract	CHEBI:86158	REMOVED	deground
glucose	CHEBI:17234	CHEBI:17234	confirm
mgcl2 x 6 h2o	CHEBI:34887	CHEBI:86345	resolve_corpus_consensus
yeast extract	CHEBI:86158	REMOVED	deground
glucose	CHEBI:17234	CHEBI:17234	confirm
yeast extract	CHEBI:86158	REMOVED	deground
yeast extract	CHEBI:86158	REMOVED	deground
glucose	CHEBI:17234	CHEBI:17234	confirm
yeast extract	CHEBI:86158	REMOVED	deground
mgcl2 x 6 h2o	CHEBI:34887	CHEBI:86345	resolve_corpus_consensus
yeast extract	CHEBI:86158	REMOVED	deground
mgcl2 x 6 h2o	CHEBI:34887	CHEBI:86345	resolve_corpus_consensus
fena-edta	CHEBI:86158	REMOVED	deground
vitamin b12	CHEBI:176843	CHEBI:176843	confirm
trace element solution	CHEBI:30961	REMOVED	deground
na2seo3 x 5 h2o	CHEBI:63940	CHEBI:131361	resolve_corpus_consensus
yeast extract	CHEBI:86158	REMOVED	deground
yeast extract	CHEBI:86158	REMOVED	deground
mgcl2 x 6 h2o	CHEBI:34887	CHEBI:86345	resolve_corpus_consensus
glucose	CHEBI:17234	CHEBI:17234	confirm
yeast extract	CHEBI:86158	REMOVED	deground
mgcl2 x 6 h2o	CHEBI:34887	CHEBI:86345	resolve_corpus_consensus
yeast extract	CHEBI:86158	REMOVED	deground
mgcl2 x 6 h2o	CHEBI:34887	CHEBI:86345	resolve_corpus_consensus
glucose	CHEBI:17234	CHEBI:17234	confirm
yeast extract	CHEBI:86158	REMOVED	deground
vitamin solution	CHEBI:34887	REMOVED	deground
yeast extract	CHEBI:86158	REMOVED	deground
mgcl2 x 6 h2o	CHEBI:34887	CHEBI:86345	resolve_corpus_consensus
yeast extract	CHEBI:86158	REMOVED	deground
mgcl2 x 6 h2o	CHEBI:34887	CHEBI:86345	resolve_corpus_consensus
mgcl2 x 6 h2o	CHEBI:34887	CHEBI:86345	resolve_corpus_consensus
glucose	CHEBI:17234	CHEBI:17234	confirm
yeast extract	CHEBI:86158	REMOVED	deground
yeast extract	CHEBI:86158	REMOVED	deground
nano3	CHEBI:65327	CHEBI:63005	resolve_manual_curated
mgcl2 x 6 h2o	CHEBI:34887	CHEBI:86345	resolve_corpus_consensus
na2seo3 x 5 h2o	CHEBI:63940	CHEBI:131361	resolve_corpus_consensus
yeast extract	CHEBI:86158	REMOVED	deground
yeast extract	CHEBI:86158	REMOVED	deground
salt solution i	CHEBI:18019	REMOVED	deground
salt solution ii	CHEBI:29377	REMOVED	deground
yeast extract	CHEBI:86158	REMOVED	deground
vitamin b12	CHEBI:176843	CHEBI:176843	confirm
yeast extract	CHEBI:86158	REMOVED	deground
mgcl2 x 6 h2o	CHEBI:34887	CHEBI:86345	resolve_corpus_consensus
yeast extract	CHEBI:86158	REMOVED	deground
glucose	CHEBI:17234	CHEBI:17234	confirm
yeast extract	CHEBI:86158	REMOVED	deground
mgcl2 x 6 h2o	CHEBI:34887	CHEBI:86345	resolve_corpus_consensus
glucose	CHEBI:17234	CHEBI:17234	confirm
mgcl2 x 6 h2o	CHEBI:34887	CHEBI:86345	resolve_corpus_consensus
horikoshi-i medium	CHEBI:26710	REMOVED	deground
yeast extract	CHEBI:86158	REMOVED	deground
glucose	CHEBI:17234	CHEBI:17234	confirm
maltose	CHEBI:17306	CHEBI:17306	confirm
mgcl2 x 6 h2o	CHEBI:34887	CHEBI:86345	resolve_corpus_consensus
srso4	CHEBI:32139	CHEBI:747199	resolve_manual_curated
ki	CHEBI:138791	CHEBI:8346	resolve_manual_curated
mgcl2 x 6 h2o	CHEBI:34887	CHEBI:86345	resolve_corpus_consensus
glucose	CHEBI:17234	CHEBI:17234	confirm
yeast extract	CHEBI:86158	REMOVED	deground
mgcl2 x 6 h2o	CHEBI:34887	CHEBI:86345	resolve_corpus_consensus
maltose	CHEBI:17306	CHEBI:17306	confirm
mgcl2 x 6 h2o	CHEBI:34887	CHEBI:86345	resolve_corpus_consensus
yeast extract	CHEBI:86158	REMOVED	deground
mgcl2 x 6 h2o	CHEBI:34887	CHEBI:86345	resolve_corpus_consensus
glucose	CHEBI:17234	CHEBI:17234	confirm
na2hpo4-nah2po4 buffer	CHEBI:86158	REMOVED	deground
yeast extract	CHEBI:86158	REMOVED	deground
yeast extract	CHEBI:86158	REMOVED	deground
yeast extract	CHEBI:86158	REMOVED	deground
mgcl2 x 6 h2o	CHEBI:34887	CHEBI:86345	resolve_corpus_consensus
na2seo3 x 5 h2o	CHEBI:63940	CHEBI:131361	resolve_corpus_consensus
yeast extract	CHEBI:86158	REMOVED	deground
mgcl2 x 6 h2o	CHEBI:34887	CHEBI:86345	resolve_corpus_consensus
yeast extract	CHEBI:86158	REMOVED	deground
mgcl2 x 6 h2o	CHEBI:34887	CHEBI:86345	resolve_corpus_consensus
yeast extract	CHEBI:86158	REMOVED	deground
glucose	CHEBI:17234	CHEBI:17234	confirm
dithiothreitol	CHEBI:18320	CHEBI:18320	confirm
yeast extract	CHEBI:86158	REMOVED	deground
glucose	CHEBI:17234	CHEBI:17234	confirm
yeast extract	CHEBI:86158	REMOVED	deground
glucose	CHEBI:17234	CHEBI:17234	confirm
mgcl2 x 6 h2o	CHEBI:34887	CHEBI:86345	resolve_corpus_consensus
yeast extract	CHEBI:86158	REMOVED	deground
yeast extract	CHEBI:86158	REMOVED	deground
glucose	CHEBI:17234	CHEBI:17234	confirm
mgcl2 x 6 h2o	CHEBI:34887	CHEBI:86345	resolve_corpus_consensus
nano3	CHEBI:65327	CHEBI:63005	resolve_manual_curated
mgcl2 x 6 h2o	CHEBI:34887	CHEBI:86345	resolve_corpus_consensus
glucose	CHEBI:17234	CHEBI:17234	confirm
yeast extract	CHEBI:86158	REMOVED	deground
trace vitamins solution (see medium no. 284)	CHEBI:42758	REMOVED	deground
dithiothreitol	CHEBI:18320	CHEBI:18320	confirm
phenyl acetic acid	CHEBI:30745	CHEBI:30745	confirm
glucose	CHEBI:17234	CHEBI:17234	confirm
yeast extract	CHEBI:86158	REMOVED	deground
mgcl2 x 6 h2o	CHEBI:34887	CHEBI:86345	resolve_corpus_consensus
maize meal	CHEBI:2509	REMOVED	deground
mgcl2 x 6 h2o	CHEBI:34887	CHEBI:86345	resolve_corpus_consensus
mgcl2 x 6 h2o	CHEBI:34887	CHEBI:86345	resolve_corpus_consensus
yeast extract	CHEBI:86158	REMOVED	deground
glucose	CHEBI:17234	CHEBI:17234	confirm
na2seo3 x 5 h2o	CHEBI:63940	CHEBI:131361	resolve_corpus_consensus
yeast extract	CHEBI:86158	REMOVED	deground
glucose	CHEBI:17234	CHEBI:17234	confirm
yeast extract	CHEBI:86158	REMOVED	deground
yeast extract	CHEBI:86158	REMOVED	deground
mgcl2 x 6 h2o	CHEBI:34887	CHEBI:86345	resolve_corpus_consensus
na2seo3 x 5 h2o	CHEBI:63940	CHEBI:131361	resolve_corpus_consensus
yeast extract	CHEBI:86158	REMOVED	deground
glucose	CHEBI:17234	CHEBI:17234	confirm
mgcl2 x 6 h2o	CHEBI:34887	CHEBI:86345	resolve_corpus_consensus
yeast extract	CHEBI:86158	REMOVED	deground
glucose	CHEBI:17234	CHEBI:17234	confirm
oat flakes	CHEBI:2509	REMOVED	deground
yeast extract	CHEBI:86158	REMOVED	deground
mgcl2 x 6 h2o	CHEBI:34887	CHEBI:86345	resolve_corpus_consensus
yeast extract	CHEBI:86158	REMOVED	deground
mgcl2 x 6 h2o	CHEBI:34887	CHEBI:86345	resolve_corpus_consensus
yeast extract	CHEBI:86158	REMOVED	deground
trace vitamins (see medium no. 197)	CHEBI:42758	REMOVED	deground
yeast extract	CHEBI:86158	REMOVED	deground
mgcl2 x 6 h2o	CHEBI:34887	CHEBI:86345	resolve_corpus_consensus
glucose	CHEBI:17234	CHEBI:17234	confirm
yeast extract	CHEBI:86158	REMOVED	deground
mgcl2 x 6 h2o	CHEBI:34887	CHEBI:86345	resolve_corpus_consensus
glucose	CHEBI:17234	CHEBI:17234	confirm
yeast extract	CHEBI:86158	REMOVED	deground
mgcl2 x 6 h2o	CHEBI:34887	CHEBI:86345	resolve_corpus_consensus
yeast extract	CHEBI:86158	REMOVED	deground
mgcl2 x 6 h2o	CHEBI:34887	CHEBI:86345	resolve_corpus_consensus
nano3	CHEBI:65327	CHEBI:63005	resolve_manual_curated
yeast extract	CHEBI:86158	REMOVED	deground
yeast extract	CHEBI:86158	REMOVED	deground
yeast extract	CHEBI:86158	REMOVED	deground
mgcl2 x 6 h2o	CHEBI:34887	CHEBI:86345	resolve_corpus_consensus
yeast extract	CHEBI:86158	REMOVED	deground
maltose	CHEBI:17306	CHEBI:17306	confirm
mgcl2 x 6 h2o	CHEBI:34887	CHEBI:86345	resolve_corpus_consensus
yeast extract	CHEBI:86158	REMOVED	deground
mgcl2 x 6 h2o	CHEBI:34887	CHEBI:86345	resolve_corpus_consensus
yeast extract	CHEBI:86158	REMOVED	deground
yeast extract	CHEBI:86158	REMOVED	deground
basal mineral nacl medium	CHEBI:50144	REMOVED	deground
trace vitamins (see medium no. 197)	CHEBI:42758	REMOVED	deground
yeast extract	CHEBI:86158	REMOVED	deground
basal mineral nacl medium	CHEBI:50144	REMOVED	deground
trace vitamins (see medium no. 197)	CHEBI:42758	REMOVED	deground
yeast extract	CHEBI:86158	REMOVED	deground
mgcl2 x 6 h2o	CHEBI:34887	CHEBI:86345	resolve_corpus_consensus
yeast extract	CHEBI:86158	REMOVED	deground
mgcl2 x 6 h2o	CHEBI:34887	CHEBI:86345	resolve_corpus_consensus
na2seo3 x 5 h2o	CHEBI:63940	CHEBI:131361	resolve_corpus_consensus
mgcl2 x 6 h2o	CHEBI:34887	CHEBI:86345	resolve_corpus_consensus
yeast extract	CHEBI:86158	REMOVED	deground
yeast extract	CHEBI:86158	REMOVED	deground
vitamin b12	CHEBI:176843	CHEBI:176843	confirm
soil extract	CHEBI:15956	REMOVED	deground
mgcl2 x 6 h2o	CHEBI:34887	CHEBI:86345	resolve_corpus_consensus
na2seo3 x 5 h2o	CHEBI:63940	CHEBI:131361	resolve_corpus_consensus
yeast extract	CHEBI:86158	REMOVED	deground
glucose	CHEBI:17234	CHEBI:17234	confirm
trace vitamins (see medium no. 197)	CHEBI:42758	REMOVED	deground
yeast extract	CHEBI:86158	REMOVED	deground
yeast extract	CHEBI:86158	REMOVED	deground
yeast extract	CHEBI:86158	REMOVED	deground
mgcl2 x 6 h2o	CHEBI:34887	CHEBI:86345	resolve_corpus_consensus
yeast extract	CHEBI:86158	REMOVED	deground
glucose	CHEBI:17234	CHEBI:17234	confirm
mgcl2 x 6 h2o	CHEBI:34887	CHEBI:86345	resolve_corpus_consensus
yeast extract	CHEBI:86158	REMOVED	deground
nano3	CHEBI:65327	CHEBI:63005	resolve_manual_curated
yeast extract	CHEBI:86158	REMOVED	deground
mgcl2 x 6 h2o	CHEBI:34887	CHEBI:86345	resolve_corpus_consensus
citric acid	CHEBI:53258	CHEBI:53258	confirm
mgcl2 x 6 h2o	CHEBI:34887	CHEBI:86345	resolve_corpus_consensus
yeast extract	CHEBI:86158	REMOVED	deground
l-cysteine	CHEBI:15356	CHEBI:15356	confirm
glycine	CHEBI:15428	CHEBI:15428	confirm
thiamine pyrophosphate	CHEBI:18290	CHEBI:18290	confirm
potassium phosphate buffer	CHEBI:31345	REMOVED	deground
vitamin b12	CHEBI:176843	CHEBI:176843	confirm
mgcl2 x 6 h2o	CHEBI:34887	CHEBI:86345	resolve_corpus_consensus
yeast extract	CHEBI:86158	REMOVED	deground
glucose	CHEBI:17234	CHEBI:17234	confirm
yeast extract	CHEBI:86158	REMOVED	deground
na2seo3 x 5 h2o	CHEBI:63940	CHEBI:131361	resolve_corpus_consensus
mgcl2 x 6 h2o	CHEBI:34887	CHEBI:86345	resolve_corpus_consensus
yeast extract	CHEBI:86158	REMOVED	deground
glucose	CHEBI:17234	CHEBI:17234	confirm
mgcl2 x 6 h2o	CHEBI:34887	CHEBI:86345	resolve_corpus_consensus
yeast extract	CHEBI:86158	REMOVED	deground
maltose	CHEBI:17306	CHEBI:17306	confirm
yeast extract	CHEBI:86158	REMOVED	deground
mgcl2 x 6 h2o	CHEBI:34887	CHEBI:86345	resolve_corpus_consensus
yeast extract	CHEBI:86158	REMOVED	deground
mgcl2 x 6 h2o	CHEBI:34887	CHEBI:86345	resolve_corpus_consensus
na2seo3 x 5 h2o	CHEBI:63940	CHEBI:131361	resolve_corpus_consensus
mgcl2 x 6 h2o	CHEBI:34887	CHEBI:86345	resolve_corpus_consensus
nano3	CHEBI:65327	CHEBI:63005	resolve_manual_curated
yeast extract	CHEBI:86158	REMOVED	deground
glucose	CHEBI:17234	CHEBI:17234	confirm
yeast extract	CHEBI:86158	REMOVED	deground
vitamin b12	CHEBI:176843	CHEBI:176843	confirm
yeast extract	CHEBI:86158	REMOVED	deground
glucose	CHEBI:17234	CHEBI:17234	confirm
yeast extract	CHEBI:86158	REMOVED	deground
yeast extract	CHEBI:86158	REMOVED	deground
mgcl2 x 6 h2o	CHEBI:34887	CHEBI:86345	resolve_corpus_consensus
na2seo3 x 5 h2o	CHEBI:63940	CHEBI:131361	resolve_corpus_consensus
trace vitamins (see medium no. 197)	CHEBI:42758	REMOVED	deground
mgcl2 x 6 h2o	CHEBI:34887	CHEBI:86345	resolve_corpus_consensus
yeast extract	CHEBI:86158	REMOVED	deground
vitamin b12	CHEBI:176843	CHEBI:176843	confirm
yeast extract	CHEBI:86158	REMOVED	deground
mgcl2 x 6 h2o	CHEBI:34887	CHEBI:86345	resolve_corpus_consensus
mgcl2 x 6 h2o	CHEBI:34887	CHEBI:86345	resolve_corpus_consensus
yeast extract	CHEBI:86158	REMOVED	deground
na2seo3 x 5 h2o	CHEBI:63940	CHEBI:131361	resolve_corpus_consensus
mgcl2 x 6 h2o	CHEBI:34887	CHEBI:86345	resolve_corpus_consensus
vitamin solution (see medium no. 403)	CHEBI:76209	REMOVED	deground
thiamine solution (see medium no. 403)	CHEBI:32588	REMOVED	deground
glucose	CHEBI:17234	CHEBI:17234	confirm
mgcl2 x 6 h2o	CHEBI:34887	CHEBI:86345	resolve_corpus_consensus
vitamin solution (see medium no. 403)	CHEBI:76209	REMOVED	deground
thiamine solution (see medium no. 403)	CHEBI:32588	REMOVED	deground
glucose	CHEBI:17234	CHEBI:17234	confirm
mgcl2 x 6 h2o	CHEBI:34887	CHEBI:86345	resolve_corpus_consensus
vitamin solution (see medium no. 403)	CHEBI:76209	REMOVED	deground
thiamine solution (see medium no. 403)	CHEBI:32588	REMOVED	deground
fructose	CHEBI:15824	CHEBI:15824	confirm
mgcl2 x 6 h2o	CHEBI:34887	CHEBI:86345	resolve_corpus_consensus
vitamin solution (see medium no. 403)	CHEBI:76209	REMOVED	deground
thiamine solution (see medium no. 403)	CHEBI:32588	REMOVED	deground
yeast extract	CHEBI:86158	REMOVED	deground
mgcl2 x 6 h2o	CHEBI:34887	CHEBI:86345	resolve_corpus_consensus
yeast extract	CHEBI:86158	REMOVED	deground
mgcl2 x 6 h2o	CHEBI:34887	CHEBI:86345	resolve_corpus_consensus
ki	CHEBI:138791	CHEBI:8346	resolve_manual_curated
mgcl2 x 6 h2o	CHEBI:34887	CHEBI:86345	resolve_corpus_consensus
yeast extract	CHEBI:86158	REMOVED	deground
mgcl2 x 6 h2o	CHEBI:34887	CHEBI:86345	resolve_corpus_consensus
yeast extract	CHEBI:86158	REMOVED	deground
fructose	CHEBI:15824	CHEBI:15824	confirm
yeast extract	CHEBI:86158	REMOVED	deground
glucose	CHEBI:17234	CHEBI:17234	confirm
maltose	CHEBI:17306	CHEBI:17306	confirm
yeast extract	CHEBI:86158	REMOVED	deground
vitamin b12	CHEBI:176843	CHEBI:176843	confirm
mgcl2 x 6 h2o	CHEBI:34887	CHEBI:86345	resolve_corpus_consensus
yeast extract	CHEBI:86158	REMOVED	deground
glucose	CHEBI:17234	CHEBI:17234	confirm
yeast extract	CHEBI:86158	REMOVED	deground
glucose	CHEBI:17234	CHEBI:17234	confirm
mgcl2 x 6 h2o	CHEBI:34887	CHEBI:86345	resolve_corpus_consensus
glucose	CHEBI:17234	CHEBI:17234	confirm
mgcl2 x 6 h2o	CHEBI:34887	CHEBI:86345	resolve_corpus_consensus
yeast extract	CHEBI:86158	REMOVED	deground
glucose	CHEBI:17234	CHEBI:17234	confirm
nano3	CHEBI:65327	CHEBI:63005	resolve_manual_curated
yeast extract	CHEBI:86158	REMOVED	deground
ca(no3)2 x 6 h2o	CHEBI:31440	CHEBI:64205	resolve_manual_curated
yeast extract	CHEBI:86158	REMOVED	deground
yeast extract	CHEBI:86158	REMOVED	deground
yeast extract	CHEBI:86158	REMOVED	deground
yeast extract	CHEBI:86158	REMOVED	deground
mgcl2 x 6 h2o	CHEBI:34887	CHEBI:86345	resolve_corpus_consensus
yeast extract	CHEBI:86158	REMOVED	deground
glucose	CHEBI:17234	CHEBI:17234	confirm
mgcl2 x 6 h2o	CHEBI:34887	CHEBI:86345	resolve_corpus_consensus
yeast extract	CHEBI:86158	REMOVED	deground
glucose	CHEBI:17234	CHEBI:17234	confirm
mgcl2 x 6 h2o	CHEBI:34887	CHEBI:86345	resolve_corpus_consensus
yeast extract	CHEBI:86158	REMOVED	deground
glucose	CHEBI:17234	CHEBI:17234	confirm
yeast extract	CHEBI:86158	REMOVED	deground
yeast extract	CHEBI:86158	REMOVED	deground
mgcl2 x 6 h2o	CHEBI:34887	CHEBI:86345	resolve_corpus_consensus
yeast extract	CHEBI:86158	REMOVED	deground
glucose	CHEBI:17234	CHEBI:17234	confirm
yeast extract	CHEBI:86158	REMOVED	deground
mgcl2 x 6 h2o	CHEBI:34887	CHEBI:86345	resolve_corpus_consensus
mgcl2 x 6 h2o	CHEBI:34887	CHEBI:86345	resolve_corpus_consensus
trace element solution	CHEBI:30961	REMOVED	deground
mgcl2 x 6 h2o	CHEBI:34887	CHEBI:86345	resolve_corpus_consensus
yeast extract	CHEBI:86158	REMOVED	deground
vitamin solution	CHEBI:34887	REMOVED	deground
vitamin b12	CHEBI:176843	CHEBI:176843	confirm
modified trace vitamins	CHEBI:16494	REMOVED	deground
vitamin b12	CHEBI:176843	CHEBI:176843	confirm
mgcl2 x 6 h2o	CHEBI:34887	CHEBI:86345	resolve_corpus_consensus
yeast extract	CHEBI:86158	REMOVED	deground
mgcl2 x 6 h2o	CHEBI:34887	CHEBI:86345	resolve_corpus_consensus
yeast extract	CHEBI:86158	REMOVED	deground
glucose	CHEBI:17234	CHEBI:17234	confirm
selenite-tungstate solution	CHEBI:31206	REMOVED	deground
yeast extract	CHEBI:86158	REMOVED	deground
yeast extract	CHEBI:86158	REMOVED	deground
yeast extract	CHEBI:86158	REMOVED	deground
mgcl2 x 6 h2o	CHEBI:34887	CHEBI:86345	resolve_corpus_consensus
trace mineral solution	CHEBI:131527	REMOVED	deground
yeast extract	CHEBI:86158	REMOVED	deground
na2seo3 x 5 h2o	CHEBI:63940	CHEBI:131361	resolve_corpus_consensus
yeast extract	CHEBI:86158	REMOVED	deground
glucose	CHEBI:17234	CHEBI:17234	confirm
yeast extract	CHEBI:86158	REMOVED	deground
mgcl2 x 6 h2o	CHEBI:34887	CHEBI:86345	resolve_corpus_consensus
nano3	CHEBI:65327	CHEBI:63005	resolve_manual_curated
trace element solution	CHEBI:30961	REMOVED	deground
vitamins solution	CHEBI:49105	REMOVED	deground
vitamin b12	CHEBI:176843	CHEBI:176843	confirm
mgcl2 x 6 h2o	CHEBI:34887	CHEBI:86345	resolve_corpus_consensus
yeast extract	CHEBI:86158	REMOVED	deground
maltose	CHEBI:17306	CHEBI:17306	confirm
mgcl2 x 6 h2o	CHEBI:34887	CHEBI:86345	resolve_corpus_consensus
na2seo3 x 5 h2o	CHEBI:63940	CHEBI:131361	resolve_corpus_consensus
mgcl2 x 6 h2o	CHEBI:34887	CHEBI:86345	resolve_corpus_consensus
yeast extract	CHEBI:86158	REMOVED	deground
l-cysteine	CHEBI:15356	CHEBI:15356	confirm
yeast extract	CHEBI:86158	REMOVED	deground
mgcl2 x 6 h2o	CHEBI:34887	CHEBI:86345	resolve_corpus_consensus
glucose	CHEBI:17234	CHEBI:17234	confirm
glucose	CHEBI:17234	CHEBI:17234	confirm
yeast extract	CHEBI:86158	REMOVED	deground
yeast extract	CHEBI:86158	REMOVED	deground
glucose	CHEBI:17234	CHEBI:17234	confirm
yeast extract	CHEBI:86158	REMOVED	deground
yeast extract	CHEBI:86158	REMOVED	deground
yeast extract	CHEBI:86158	REMOVED	deground
mgcl2 x 6 h2o	CHEBI:34887	CHEBI:86345	resolve_corpus_consensus
yeast extract	CHEBI:86158	REMOVED	deground
vitamin b12	CHEBI:176843	CHEBI:176843	confirm
mgcl2 x 6 h2o	CHEBI:34887	CHEBI:86345	resolve_corpus_consensus
vitamin solution	CHEBI:34887	REMOVED	deground
yeast extract	CHEBI:86158	REMOVED	deground
fructose	CHEBI:15824	CHEBI:15824	confirm
yeast extract	CHEBI:86158	REMOVED	deground
mgcl2 x 6 h2o	CHEBI:34887	CHEBI:86345	resolve_corpus_consensus
yeast extract	CHEBI:86158	REMOVED	deground
selenite-tungstate solution	CHEBI:31206	REMOVED	deground
fig	CHEBI:17992	REMOVED	deground
mgcl2 x 6 h2o	CHEBI:34887	CHEBI:86345	resolve_corpus_consensus
yeast extract	CHEBI:86158	REMOVED	deground
selenite-tungstate solution	CHEBI:31206	REMOVED	deground
yeast extract	CHEBI:86158	REMOVED	deground
glucose	CHEBI:17234	CHEBI:17234	confirm
mgcl2 x 6 h2o	CHEBI:34887	CHEBI:86345	resolve_corpus_consensus
mgcl2 x 6 h2o	CHEBI:34887	CHEBI:86345	resolve_corpus_consensus
mgcl2 x 6 h2o	CHEBI:34887	CHEBI:86345	resolve_corpus_consensus
yeast extract	CHEBI:86158	REMOVED	deground
vitamin solution	CHEBI:34887	REMOVED	deground
mgcl2 x 6 h2o	CHEBI:34887	CHEBI:86345	resolve_corpus_consensus
selenite-tungstate solution	CHEBI:31206	REMOVED	deground
yeast extract	CHEBI:86158	REMOVED	deground
tomato juice	CHEBI:53426	REMOVED	deground
yeast extract	CHEBI:86158	REMOVED	deground
mgcl2 x 6 h2o	CHEBI:34887	CHEBI:86345	resolve_corpus_consensus
fena-edta	CHEBI:86158	REMOVED	deground
mgcl2 x 6 h2o	CHEBI:34887	CHEBI:86345	resolve_corpus_consensus
nano3	CHEBI:65327	CHEBI:63005	resolve_manual_curated
voso4 x 2 h2o	CHEBI:32139	CHEBI:33146	resolve_manual_curated
yeast extract	CHEBI:86158	REMOVED	deground
glucose	CHEBI:17234	CHEBI:17234	confirm
yeast extract	CHEBI:86158	REMOVED	deground
dl-2-methylbutyric acid	CHEBI:37070	CHEBI:37070	confirm
glucose	CHEBI:17234	CHEBI:17234	confirm
yeast extract	CHEBI:86158	REMOVED	deground
d-fructose	CHEBI:15824	CHEBI:15824	confirm
yeast extract	CHEBI:86158	REMOVED	deground
potassium phosphate buffer	CHEBI:31345	REMOVED	deground
yeast extract	CHEBI:86158	REMOVED	deground
yeast extract	CHEBI:86158	REMOVED	deground
n-acetyl-d-glucosamine	CHEBI:506227	CHEBI:506227	confirm
yeast extract	CHEBI:86158	REMOVED	deground
mgcl2 x 6 h2o	CHEBI:34887	CHEBI:86345	resolve_corpus_consensus
voso4 x 2 h2o	CHEBI:32139	CHEBI:33146	resolve_manual_curated
yeast extract	CHEBI:86158	REMOVED	deground
basal salts solution	CHEBI:29377	REMOVED	deground
yeast extract	CHEBI:86158	REMOVED	deground
mgcl2 x 6 h2o	CHEBI:34887	CHEBI:86345	resolve_corpus_consensus
yeast extract	CHEBI:86158	REMOVED	deground
glucose	CHEBI:17234	CHEBI:17234	confirm
mgcl2 x 6 h2o	CHEBI:34887	CHEBI:86345	resolve_corpus_consensus
trace mineral solution	CHEBI:131527	REMOVED	deground
yeast extract	CHEBI:86158	REMOVED	deground
yeast extract	CHEBI:86158	REMOVED	deground
glucose	CHEBI:17234	CHEBI:17234	confirm
yeast extract	CHEBI:86158	REMOVED	deground
sugar beet molasses	CHEBI:53258	REMOVED	deground
citric acid	CHEBI:53258	CHEBI:53258	confirm
yeast extract	CHEBI:86158	REMOVED	deground
yeast extract	CHEBI:86158	REMOVED	deground
glucose	CHEBI:17234	CHEBI:17234	confirm
yeast extract	CHEBI:86158	REMOVED	deground
glucose	CHEBI:17234	CHEBI:17234	confirm
mgcl2 x 6 h2o	CHEBI:34887	CHEBI:86345	resolve_corpus_consensus
yeast extract	CHEBI:86158	REMOVED	deground
nano3	CHEBI:65327	CHEBI:63005	resolve_manual_curated
mgcl2 x 6 h2o	CHEBI:34887	CHEBI:86345	resolve_corpus_consensus
yeast extract	CHEBI:86158	REMOVED	deground
glucose	CHEBI:17234	CHEBI:17234	confirm
mgcl2 x 6 h2o	CHEBI:34887	CHEBI:86345	resolve_corpus_consensus
tea	CHEBI:35026	CHEBI:35026	confirm
vitamin b12	CHEBI:176843	CHEBI:176843	confirm
yeast extract	CHEBI:86158	REMOVED	deground
mgcl2 x 6 h2o	CHEBI:34887	CHEBI:86345	resolve_corpus_consensus
mgcl2 x 6 h2o	CHEBI:34887	CHEBI:86345	resolve_corpus_consensus
yeast extract	CHEBI:86158	REMOVED	deground
yeast extract	CHEBI:86158	REMOVED	deground
mgcl2 x 6 h2o	CHEBI:34887	CHEBI:86345	resolve_corpus_consensus
yeast extract	CHEBI:86158	REMOVED	deground
glucose	CHEBI:17234	CHEBI:17234	confirm
solution a	CHEBI:32149	REMOVED	deground
yeast extract	CHEBI:86158	REMOVED	deground
d-glucose	CHEBI:17234	CHEBI:17234	confirm
yeast extract	CHEBI:86158	REMOVED	deground
yeast extract	CHEBI:86158	REMOVED	deground
nano3	CHEBI:65327	CHEBI:63005	resolve_manual_curated
yeast extract	CHEBI:86158	REMOVED	deground
yeast extract	CHEBI:86158	REMOVED	deground
mgcl2 x 6 h2o	CHEBI:34887	CHEBI:86345	resolve_corpus_consensus
yeast extract	CHEBI:86158	REMOVED	deground
fructose	CHEBI:15824	CHEBI:15824	confirm
yeast extract	CHEBI:86158	REMOVED	deground
yeast extract	CHEBI:86158	REMOVED	deground
yeast extract	CHEBI:86158	REMOVED	deground
yeast extract	CHEBI:86158	REMOVED	deground
glucose	CHEBI:17234	CHEBI:17234	confirm
yeast extract	CHEBI:86158	REMOVED	deground
mgcl2 x 6 h2o	CHEBI:34887	CHEBI:86345	resolve_corpus_consensus
yeast extract	CHEBI:86158	REMOVED	deground
lactose	CHEBI:17716	CHEBI:17716	confirm
mgcl2 x 6 h2o	CHEBI:34887	CHEBI:86345	resolve_corpus_consensus
yeast extract	CHEBI:86158	REMOVED	deground
glucose	CHEBI:17234	CHEBI:17234	confirm
mgcl2 x 6 h2o	CHEBI:34887	CHEBI:86345	resolve_corpus_consensus
mgcl2 x 6 h2o	CHEBI:34887	CHEBI:86345	resolve_corpus_consensus
yeast extract	CHEBI:86158	REMOVED	deground
glucose	CHEBI:17234	CHEBI:17234	confirm
mgcl2 x 6 h2o	CHEBI:34887	CHEBI:86345	resolve_corpus_consensus
yeast extract	CHEBI:86158	REMOVED	deground
mgcl2 x 6 h2o	CHEBI:34887	CHEBI:86345	resolve_corpus_consensus
yeast extract	CHEBI:86158	REMOVED	deground
yeast extract	CHEBI:86158	REMOVED	deground
nano3	CHEBI:65327	CHEBI:63005	resolve_manual_curated
mgcl2 x 6 h2o	CHEBI:34887	CHEBI:86345	resolve_corpus_consensus
yeast extract	CHEBI:86158	REMOVED	deground
mgcl2 x 6 h2o	CHEBI:34887	CHEBI:86345	resolve_corpus_consensus
mgcl2 x 6 h2o	CHEBI:34887	CHEBI:86345	resolve_corpus_consensus
mgcl2 x 6 h2o	CHEBI:34887	CHEBI:86345	resolve_corpus_consensus
steric solution	CHEBI:31206	REMOVED	deground
mgcl2 x 6 h2o	CHEBI:34887	CHEBI:86345	resolve_corpus_consensus
mgcl2 x 6 h2o	CHEBI:34887	CHEBI:86345	resolve_corpus_consensus
mgcl2 x 6 h2o	CHEBI:34887	CHEBI:86345	resolve_corpus_consensus
yeast extract	CHEBI:86158	REMOVED	deground
nano3	CHEBI:65327	CHEBI:63005	resolve_manual_curated
nano3	CHEBI:65327	CHEBI:63005	resolve_manual_curated
yeast extract	CHEBI:86158	REMOVED	deground
nano3	CHEBI:65327	CHEBI:63005	resolve_manual_curated
mgcl2 x 6 h2o	CHEBI:34887	CHEBI:86345	resolve_corpus_consensus
yeast extract	CHEBI:86158	REMOVED	deground
yeast extract	CHEBI:86158	REMOVED	deground
vitamin b12	CHEBI:176843	CHEBI:176843	confirm
yeast extract	CHEBI:86158	REMOVED	deground
glucose	CHEBI:17234	CHEBI:17234	confirm
yeast extract	CHEBI:86158	REMOVED	deground
d-glucose	CHEBI:17234	CHEBI:17234	confirm
yeast extract	CHEBI:86158	REMOVED	deground
mgcl2 x 6 h2o	CHEBI:34887	CHEBI:86345	resolve_corpus_consensus
solution a	CHEBI:32149	REMOVED	deground
yeast extract	CHEBI:86158	REMOVED	deground
nano3	CHEBI:65327	CHEBI:63005	resolve_manual_curated
vitamin b12	CHEBI:176843	CHEBI:176843	confirm
mn(ii) x edta	CHEBI:131527	REMOVED	deground
yeast extract	CHEBI:86158	REMOVED	deground
mgcl2 x 6 h2o	CHEBI:34887	CHEBI:86345	resolve_corpus_consensus
yeast extract	CHEBI:86158	REMOVED	deground
yeast extract	CHEBI:86158	REMOVED	deground
mgcl2 x 6 h2o	CHEBI:34887	CHEBI:86345	resolve_corpus_consensus
na2seo3 x 5 h2o	CHEBI:63940	CHEBI:131361	resolve_corpus_consensus
mgcl2 x 6 h2o	CHEBI:34887	CHEBI:86345	resolve_corpus_consensus
yeast extract	CHEBI:86158	REMOVED	deground
yeast extract	CHEBI:86158	REMOVED	deground
yeast extract	CHEBI:86158	REMOVED	deground
yeast extract	CHEBI:86158	REMOVED	deground
glucose	CHEBI:17234	CHEBI:17234	confirm
yeast extract	CHEBI:86158	REMOVED	deground
glucose	CHEBI:17234	CHEBI:17234	confirm
yeast extract	CHEBI:86158	REMOVED	deground
yeast extract	CHEBI:86158	REMOVED	deground
mgcl2 x 6 h2o	CHEBI:34887	CHEBI:86345	resolve_corpus_consensus
vitamin solution	CHEBI:34887	REMOVED	deground
glucose	CHEBI:17234	CHEBI:17234	confirm
yeast extract	CHEBI:86158	REMOVED	deground
mgcl2 x 6 h2o	CHEBI:34887	CHEBI:86345	resolve_corpus_consensus
mgcl2 x 6 h2o	CHEBI:34887	CHEBI:86345	resolve_corpus_consensus
yeast extract	CHEBI:86158	REMOVED	deground
mgcl2 x 6 h2o	CHEBI:34887	CHEBI:86345	resolve_corpus_consensus
na2seo3 x 5 h2o	CHEBI:63940	CHEBI:131361	resolve_corpus_consensus
yeast extract	CHEBI:86158	REMOVED	deground
glucose	CHEBI:17234	CHEBI:17234	confirm
yeast extract	CHEBI:86158	REMOVED	deground
yeast extract	CHEBI:86158	REMOVED	deground
mgcl2 x 6 h2o	CHEBI:34887	CHEBI:86345	resolve_corpus_consensus
vitamin solution	CHEBI:34887	REMOVED	deground
mgcl2 x 6 h2o	CHEBI:34887	CHEBI:86345	resolve_corpus_consensus
vitamin b12	CHEBI:176843	CHEBI:176843	confirm
inositol	CHEBI:17268	CHEBI:17268	confirm
yeast extract	CHEBI:86158	REMOVED	deground
yeast extract	CHEBI:86158	REMOVED	deground
glucose	CHEBI:17234	CHEBI:17234	confirm
nano3	CHEBI:65327	CHEBI:63005	resolve_manual_curated
maltose	CHEBI:17306	CHEBI:17306	confirm
yeast extract	CHEBI:86158	REMOVED	deground
glucose	CHEBI:17234	CHEBI:17234	confirm
hipolypepton	CHEBI:26710	REMOVED	deground
yeast extract	CHEBI:86158	REMOVED	deground
mgcl2 x 6 h2o	CHEBI:34887	CHEBI:86345	resolve_corpus_consensus
yeast extract	CHEBI:86158	REMOVED	deground
mgcl2 x 6 h2o	CHEBI:34887	CHEBI:86345	resolve_corpus_consensus
yeast extract	CHEBI:86158	REMOVED	deground
yeast extract	CHEBI:86158	REMOVED	deground
salt water	CHEBI:32599	REMOVED	deground
yeast extract	CHEBI:86158	REMOVED	deground
mgcl2 x 6 h2o	CHEBI:34887	CHEBI:86345	resolve_corpus_consensus
vitamin b12	CHEBI:176843	CHEBI:176843	confirm
mgcl2 x 6 h2o	CHEBI:34887	CHEBI:86345	resolve_corpus_consensus
vitamin b12	CHEBI:176843	CHEBI:176843	confirm
vitamins-solution	CHEBI:32954	REMOVED	deground
vitamin b12	CHEBI:176843	CHEBI:176843	confirm
mgcl2 x 6 h2o	CHEBI:34887	CHEBI:86345	resolve_corpus_consensus
yeast extract	CHEBI:86158	REMOVED	deground
mgcl2 x 6 h2o	CHEBI:34887	CHEBI:86345	resolve_corpus_consensus
yeast extract	CHEBI:86158	REMOVED	deground
mgcl2 x 6 h2o	CHEBI:34887	CHEBI:86345	resolve_corpus_consensus
trace vitamins (see medium no. 197)	CHEBI:42758	REMOVED	deground
menadione solution	CHEBI:31206	REMOVED	deground
yeast extract	CHEBI:86158	REMOVED	deground
glucose	CHEBI:17234	CHEBI:17234	confirm
dithiothreitol	CHEBI:18320	CHEBI:18320	confirm
yeast extract	CHEBI:86158	REMOVED	deground
yeast extract	CHEBI:86158	REMOVED	deground
mgcl2 x 6 h2o	CHEBI:34887	CHEBI:86345	resolve_corpus_consensus
yeast extract	CHEBI:86158	REMOVED	deground
fructose	CHEBI:15824	CHEBI:15824	confirm
mgcl2 x 6 h2o	CHEBI:34887	CHEBI:86345	resolve_corpus_consensus
yeast extract	CHEBI:86158	REMOVED	deground
yeast extract	CHEBI:86158	REMOVED	deground
yeast extract	CHEBI:86158	REMOVED	deground
glucose	CHEBI:17234	CHEBI:17234	confirm
yeast extract	CHEBI:86158	REMOVED	deground
na2wo2 x 2 h2o	CHEBI:86158	CHEBI:63939	resolve_manual_curated
mgcl2 x 6 h2o	CHEBI:34887	CHEBI:86345	resolve_corpus_consensus
mgcl2 x 6 h2o	CHEBI:34887	CHEBI:86345	resolve_corpus_consensus
nano3	CHEBI:65327	CHEBI:63005	resolve_manual_curated
glucose	CHEBI:17234	CHEBI:17234	confirm
yeast extract	CHEBI:86158	REMOVED	deground
trace minerals	CHEBI:86158	REMOVED	deground
l-cysteine	CHEBI:15356	CHEBI:15356	confirm
mgcl2 x 6 h2o	CHEBI:34887	CHEBI:86345	resolve_corpus_consensus
yeast extract	CHEBI:86158	REMOVED	deground
n-z amine	CHEBI:85248	REMOVED	deground
mgcl2 x 6 h2o	CHEBI:34887	CHEBI:86345	resolve_corpus_consensus
glucose	CHEBI:17234	CHEBI:17234	confirm
yeast extract	CHEBI:86158	REMOVED	deground
potato	CHEBI:42758	REMOVED	deground
mgcl2 x 6 h2o	CHEBI:34887	CHEBI:86345	resolve_corpus_consensus
dl-dithiothreitol	CHEBI:18320	CHEBI:18320	confirm
mg(so4) x 7 h2o	CHEBI:32588	CHEBI:31795	resolve_manual_curated
vitamin b12	CHEBI:176843	CHEBI:176843	confirm
mgcl2 x 6 h2o	CHEBI:34887	CHEBI:86345	resolve_corpus_consensus
citric acid	CHEBI:53258	CHEBI:53258	confirm
ki	CHEBI:138791	CHEBI:8346	resolve_manual_curated
yeast extract	CHEBI:86158	REMOVED	deground
mgcl2 x 6 h2o	CHEBI:34887	CHEBI:86345	resolve_corpus_consensus
nano3	CHEBI:65327	CHEBI:63005	resolve_manual_curated
vitamin b12	CHEBI:176843	CHEBI:176843	confirm
mgcl2 x 6 h2o	CHEBI:34887	CHEBI:86345	resolve_corpus_consensus
yeast extract	CHEBI:86158	REMOVED	deground
nano3	CHEBI:65327	CHEBI:63005	resolve_manual_curated
nano3	CHEBI:65327	CHEBI:63005	resolve_manual_curated
mgcl2 x 6 h2o	CHEBI:34887	CHEBI:86345	resolve_corpus_consensus
yeast extract	CHEBI:86158	REMOVED	deground
na2seo3 x 5 h2o	CHEBI:63940	CHEBI:131361	resolve_corpus_consensus
vitamin b12	CHEBI:176843	CHEBI:176843	confirm
phenyl acetic acid	CHEBI:30745	CHEBI:30745	confirm
yeast extract	CHEBI:86158	REMOVED	deground
vitamin b12	CHEBI:176843	CHEBI:176843	confirm
mgcl2 x 6 h2o	CHEBI:34887	CHEBI:86345	resolve_corpus_consensus
air-dried garden soil	CHEBI:29864	REMOVED	deground
nano3	CHEBI:65327	CHEBI:63005	resolve_manual_curated
yeast extract	CHEBI:86158	REMOVED	deground
yeast extract	CHEBI:86158	REMOVED	deground
nano3	CHEBI:65327	CHEBI:63005	resolve_manual_curated
mgcl2 x 6 h2o	CHEBI:34887	CHEBI:86345	resolve_corpus_consensus
vitamin b12	CHEBI:176843	CHEBI:176843	confirm
yeast extract	CHEBI:86158	REMOVED	deground
yeast extract	CHEBI:86158	REMOVED	deground
yeast extract	CHEBI:86158	REMOVED	deground
yeast extract	CHEBI:86158	REMOVED	deground
vitamin b12	CHEBI:176843	CHEBI:176843	confirm
yeast extract	CHEBI:86158	REMOVED	deground
glucose	CHEBI:17234	CHEBI:17234	confirm
yeast extract	CHEBI:86158	REMOVED	deground
yeast extract	CHEBI:86158	REMOVED	deground
glucose	CHEBI:17234	CHEBI:17234	confirm
yeast extract	CHEBI:86158	REMOVED	deground
yeast extract	CHEBI:86158	REMOVED	deground
glucose	CHEBI:17234	CHEBI:17234	confirm
yeast extract	CHEBI:86158	REMOVED	deground
glycine	CHEBI:15428	CHEBI:15428	confirm
yeast extract	CHEBI:86158	REMOVED	deground
glucose	CHEBI:17234	CHEBI:17234	confirm
yeast extract	CHEBI:86158	REMOVED	deground
glucose	CHEBI:17234	CHEBI:17234	confirm
yeast extract	CHEBI:86158	REMOVED	deground
glucose	CHEBI:17234	CHEBI:17234	confirm
yeast extract	CHEBI:86158	REMOVED	deground
glucose	CHEBI:17234	CHEBI:17234	confirm
pulp of sour stone cherries	CHEBI:2509	REMOVED	deground
mgcl2 x 6 h2o	CHEBI:34887	CHEBI:86345	resolve_corpus_consensus
yeast extract	CHEBI:86158	REMOVED	deground
glycine	CHEBI:15428	CHEBI:15428	confirm
mgcl2 x 6 h2o	CHEBI:34887	CHEBI:86345	resolve_corpus_consensus
yeast extract	CHEBI:86158	REMOVED	deground
yeast extract	CHEBI:86158	REMOVED	deground
yeast extract	CHEBI:86158	REMOVED	deground
dehydrated wilkins-chalgren medium	CHEBI:42758	REMOVED	deground
d-glucose	CHEBI:17234	CHEBI:17234	confirm
ethanolamine	CHEBI:16000	CHEBI:16000	confirm
glucose	CHEBI:17234	CHEBI:17234	confirm
(-)-quinic acid	CHEBI:17521	CHEBI:17521	confirm
mgcl2 x 6 h2o	CHEBI:34887	CHEBI:86345	resolve_corpus_consensus
yeast extract	CHEBI:86158	REMOVED	deground
glucose	CHEBI:17234	CHEBI:17234	confirm
bovine serum	CHEBI:42758	REMOVED	deground
mgcl2 x 6 h2o	CHEBI:34887	CHEBI:86345	resolve_corpus_consensus
phenyl acetate	CHEBI:18401	CHEBI:18401	confirm
glucose	CHEBI:17234	CHEBI:17234	confirm
arginine	CHEBI:16467	CHEBI:16467	confirm
glucose	CHEBI:17234	CHEBI:17234	confirm
3-chloroacrylic acid	CHEBI:19982	CHEBI:19982	confirm
mgcl2 x 6 h2o	CHEBI:34887	CHEBI:86345	resolve_corpus_consensus
yeast extract	CHEBI:86158	REMOVED	deground
phosphate buffer	CHEBI:34683	REMOVED	deground
potassium phosphate buffer	CHEBI:31345	REMOVED	deground
2-nitrophenol	CHEBI:16260	CHEBI:16260	confirm
phosphate buffer	CHEBI:34683	REMOVED	deground
vitamin b12	CHEBI:176843	CHEBI:176843	confirm
nano3	CHEBI:65327	CHEBI:63005	resolve_manual_curated
mgcl2 x 6 h2o	CHEBI:34887	CHEBI:86345	resolve_corpus_consensus
d-glucose	CHEBI:17234	CHEBI:17234	confirm
pentachlorophenol	CHEBI:17642	CHEBI:17642	confirm
mgcl2 x 6 h2o	CHEBI:34887	CHEBI:86345	resolve_corpus_consensus
poly-ß-hydroxybutyric acid	CHEBI:2509	REMOVED	deground
mgcl2 x 6 h2o	CHEBI:34887	CHEBI:86345	resolve_corpus_consensus
yeast extract	CHEBI:86158	REMOVED	deground
glucose	CHEBI:17234	CHEBI:17234	confirm
yeast extract	CHEBI:86158	REMOVED	deground
glucose	CHEBI:17234	CHEBI:17234	confirm
voso4 x 2 h2o	CHEBI:32139	CHEBI:33146	resolve_manual_curated
yeast extract	CHEBI:86158	REMOVED	deground
deionized water	CHEBI:86249	CHEBI:15377	resolve_manual_curated
glucose	CHEBI:17234	CHEBI:17234	confirm
yeast extract	CHEBI:86158	REMOVED	deground
mgcl2 x 6 h2o	CHEBI:34887	CHEBI:86345	resolve_corpus_consensus
mgcl2 x 6 h2o	CHEBI:34887	CHEBI:86345	resolve_corpus_consensus
yeast extract	CHEBI:86158	REMOVED	deground
fructose	CHEBI:15824	CHEBI:15824	confirm
3,4,5-trimethoxycinnamic acid	CHEBI:228320	CHEBI:228320	confirm
yeast extract	CHEBI:86158	REMOVED	deground
mgcl2 x 6 h2o	CHEBI:34887	CHEBI:86345	resolve_corpus_consensus
yeast extract	CHEBI:86158	REMOVED	deground
mgcl2 x 6 h2o	CHEBI:34887	CHEBI:86345	resolve_corpus_consensus
glucose	CHEBI:17234	CHEBI:17234	confirm
yeast extract	CHEBI:86158	REMOVED	deground
ki	CHEBI:138791	CHEBI:8346	resolve_manual_curated
mgcl2 x 6 h2o	CHEBI:34887	CHEBI:86345	resolve_corpus_consensus
yeast extract	CHEBI:86158	REMOVED	deground
glucose	CHEBI:17234	CHEBI:17234	confirm
yeast extract	CHEBI:86158	REMOVED	deground
glucose	CHEBI:17234	CHEBI:17234	confirm
mgcl2 x 6 h2o	CHEBI:34887	CHEBI:86345	resolve_corpus_consensus
yeast extract	CHEBI:86158	REMOVED	deground
yeast extract	CHEBI:86158	REMOVED	deground
glucose	CHEBI:17234	CHEBI:17234	confirm
bovine albumin	CHEBI:26710	REMOVED	deground
dextrose	CHEBI:17634	CHEBI:17634	confirm
mgcl2 x 6 h2o	CHEBI:34887	CHEBI:86345	resolve_corpus_consensus
yeast extract	CHEBI:86158	REMOVED	deground
yeast extract	CHEBI:86158	REMOVED	deground
potassium phosphate	CHEBI:131527	CHEBI:131527	confirm
dextrose	CHEBI:17634	CHEBI:17634	confirm
yeast extract	CHEBI:86158	REMOVED	deground
mgcl2 x 6 h2o	CHEBI:34887	CHEBI:86345	resolve_corpus_consensus
yeast extract	CHEBI:86158	REMOVED	deground
yeast extract	CHEBI:86158	REMOVED	deground
glucose	CHEBI:17234	CHEBI:17234	confirm
fructose	CHEBI:15824	CHEBI:15824	confirm
maltose	CHEBI:17306	CHEBI:17306	confirm
maltose	CHEBI:17306	CHEBI:17306	confirm
thiamine pyrophosphate	CHEBI:18290	CHEBI:18290	confirm
l-cysteine	CHEBI:15356	CHEBI:15356	confirm
yeast extract	CHEBI:86158	REMOVED	deground
fena-edta	CHEBI:86158	REMOVED	deground
b12	CHEBI:34887	CHEBI:176843	resolve_manual_curated
yeast extract	CHEBI:86158	REMOVED	deground
deionized water	CHEBI:86249	CHEBI:15377	resolve_manual_curated
phytone	CHEBI:131527	REMOVED	deground
yeast extract	CHEBI:86158	REMOVED	deground
glucose	CHEBI:17234	CHEBI:17234	confirm
yeast extract	CHEBI:86158	REMOVED	deground
glucose	CHEBI:17234	CHEBI:17234	confirm
cystein-hcl x 2 h2o	CHEBI:26710	CHEBI:91247	resolve_manual_curated
yeast extract	CHEBI:86158	REMOVED	deground
glucose	CHEBI:17234	CHEBI:17234	confirm
yeast extract	CHEBI:86158	REMOVED	deground
yeast extract	CHEBI:86158	REMOVED	deground
na2seo3 x 5 h2o	CHEBI:63940	CHEBI:131361	resolve_corpus_consensus
vitamin b12	CHEBI:176843	CHEBI:176843	confirm
nano3	CHEBI:65327	CHEBI:63005	resolve_manual_curated
mg(so4) x 7 h2o	CHEBI:32588	CHEBI:31795	resolve_manual_curated
vitamin b12	CHEBI:176843	CHEBI:176843	confirm
fena-edta	CHEBI:86158	REMOVED	deground
mgcl2 x 6 h2o	CHEBI:34887	CHEBI:86345	resolve_corpus_consensus
vitamin b12	CHEBI:176843	CHEBI:176843	confirm
nano3	CHEBI:65327	CHEBI:63005	resolve_manual_curated
vitamin b12	CHEBI:176843	CHEBI:176843	confirm
yeast extract	CHEBI:86158	REMOVED	deground
glucose	CHEBI:17234	CHEBI:17234	confirm
lacl3 x 7 h2o	CHEBI:26710	CHEBI:231515	resolve_manual_curated
v-8 juice	CHEBI:3311	REMOVED	deground
b12	CHEBI:34887	CHEBI:176843	resolve_manual_curated
mgcl2 x 6 h2o	CHEBI:34887	CHEBI:86345	resolve_corpus_consensus
vitamin b12	CHEBI:176843	CHEBI:176843	confirm
vitamin b12	CHEBI:176843	CHEBI:176843	confirm
yeast extract	CHEBI:86158	REMOVED	deground
na2seo3 x 5 h2o	CHEBI:63940	CHEBI:131361	resolve_corpus_consensus
yeast extract	CHEBI:86158	REMOVED	deground
mgcl2 x 6 h2o	CHEBI:34887	CHEBI:86345	resolve_corpus_consensus
glucose	CHEBI:17234	CHEBI:17234	confirm
mgcl2 x 6 h2o	CHEBI:34887	CHEBI:86345	resolve_corpus_consensus
mg(so4) x 7 h2o	CHEBI:32588	CHEBI:31795	resolve_manual_curated
nano3	CHEBI:65327	CHEBI:63005	resolve_manual_curated
vitamin b12	CHEBI:176843	CHEBI:176843	confirm
yeast extract	CHEBI:86158	REMOVED	deground
dl-dithiothreitol	CHEBI:18320	CHEBI:18320	confirm
mgcl2 x 6 h2o	CHEBI:34887	CHEBI:86345	resolve_corpus_consensus
mg(so4) x 7 h2o	CHEBI:32588	CHEBI:31795	resolve_manual_curated
nano3	CHEBI:65327	CHEBI:63005	resolve_manual_curated
vitamin b12	CHEBI:176843	CHEBI:176843	confirm
mgcl2 x 6 h2o	CHEBI:34887	CHEBI:86345	resolve_corpus_consensus
mg(so4) x 7 h2o	CHEBI:32588	CHEBI:31795	resolve_manual_curated
nano3	CHEBI:65327	CHEBI:63005	resolve_manual_curated
vitamin b12	CHEBI:176843	CHEBI:176843	confirm
nano3	CHEBI:65327	CHEBI:63005	resolve_manual_curated
vitamin b12	CHEBI:176843	CHEBI:176843	confirm
yeast extract	CHEBI:86158	REMOVED	deground
garden soil	CHEBI:86360	REMOVED	deground
mgcl2 x 6 h2o	CHEBI:34887	CHEBI:86345	resolve_corpus_consensus
na2seo3 x 5 h2o	CHEBI:63940	CHEBI:131361	resolve_corpus_consensus
yeast extract	CHEBI:86158	REMOVED	deground
d-fructose	CHEBI:15824	CHEBI:15824	confirm
yeast extract	CHEBI:86158	REMOVED	deground
vitamin b12	CHEBI:176843	CHEBI:176843	confirm
kj	CHEBI:131527	CHEBI:8346	resolve_manual_curated
voso4 x 2 h2o	CHEBI:32139	CHEBI:33146	resolve_manual_curated
nano3	CHEBI:65327	CHEBI:63005	resolve_manual_curated
vitamin b12	CHEBI:176843	CHEBI:176843	confirm
mgcl2 x 6 h2o	CHEBI:34887	CHEBI:86345	resolve_corpus_consensus
yeast extract	CHEBI:86158	REMOVED	deground
nano3	CHEBI:65327	CHEBI:63005	resolve_manual_curated
vitamin b12	CHEBI:176843	CHEBI:176843	confirm
yeast extract	CHEBI:86158	REMOVED	deground
leibovitz's l-15 medium	CHEBI:26710	REMOVED	deground
tryptose-phosphate	CHEBI:2509	REMOVED	deground
glutamine	CHEBI:18050	CHEBI:18050	confirm
na2seo3 x 5 h2o	CHEBI:63940	CHEBI:131361	resolve_corpus_consensus
vitamin b12	CHEBI:176843	CHEBI:176843	confirm
yeast extract	CHEBI:86158	REMOVED	deground
yeast extract	CHEBI:86158	REMOVED	deground
mgcl2 x 6 h2o	CHEBI:34887	CHEBI:86345	resolve_corpus_consensus
vitamin b12	CHEBI:176843	CHEBI:176843	confirm
dichloran-glycerol-agar base	CHEBI:32312	REMOVED	deground
glycerol (anhydrous)	CHEBI:17754	CHEBI:17754	confirm
glucose	CHEBI:17234	CHEBI:17234	confirm
bovine serum	CHEBI:42758	REMOVED	deground
mgcl2 x 6 h2o	CHEBI:34887	CHEBI:86345	resolve_corpus_consensus
yeast extract	CHEBI:86158	REMOVED	deground
mgcl2 x 6 h2o	CHEBI:34887	CHEBI:86345	resolve_corpus_consensus
yeast extract	CHEBI:86158	REMOVED	deground
mgcl2 x 6 h2o	CHEBI:34887	CHEBI:86345	resolve_corpus_consensus
vitamin b12	CHEBI:176843	CHEBI:176843	confirm
mgcl2 x 6 h2o	CHEBI:34887	CHEBI:86345	resolve_corpus_consensus
yeast extract	CHEBI:86158	REMOVED	deground
mgcl2 x 6 h2o	CHEBI:34887	CHEBI:86345	resolve_corpus_consensus
na2seo3 x 5 h2o	CHEBI:63940	CHEBI:131361	resolve_corpus_consensus
yeast extract	CHEBI:86158	REMOVED	deground
na2seo3 x 5 h2o	CHEBI:63940	CHEBI:131361	resolve_corpus_consensus
yeast extract	CHEBI:86158	REMOVED	deground
mgcl2 x 6 h2o	CHEBI:34887	CHEBI:86345	resolve_corpus_consensus
yeast extract	CHEBI:86158	REMOVED	deground
mgcl2 x 6 h2o	CHEBI:34887	CHEBI:86345	resolve_corpus_consensus
yeast extract	CHEBI:86158	REMOVED	deground
thiamine pyrophosphate	CHEBI:18290	CHEBI:18290	confirm
potassium phosphate buffer	CHEBI:31345	REMOVED	deground
vitamin b12	CHEBI:176843	CHEBI:176843	confirm
yeast extract	CHEBI:86158	REMOVED	deground
mgcl2 x 6 h2o	CHEBI:34887	CHEBI:86345	resolve_corpus_consensus
yeast extract	CHEBI:86158	REMOVED	deground
nano3	CHEBI:65327	CHEBI:63005	resolve_manual_curated
yeast extract	CHEBI:86158	REMOVED	deground
d-glucose	CHEBI:17234	CHEBI:17234	confirm
mgcl2 x 6 h2o	CHEBI:34887	CHEBI:86345	resolve_corpus_consensus
yeast extract	CHEBI:86158	REMOVED	deground
dl-dithiothreitol	CHEBI:18320	CHEBI:18320	confirm
mgcl2 x 6 h2o	CHEBI:34887	CHEBI:86345	resolve_corpus_consensus
d-glucose	CHEBI:17234	CHEBI:17234	confirm
mgcl2 x 6 h2o	CHEBI:34887	CHEBI:86345	resolve_corpus_consensus
mgcl2 x 6 h2o	CHEBI:34887	CHEBI:86345	resolve_corpus_consensus
yeast extract	CHEBI:86158	REMOVED	deground
mgcl2 x 6 h2o	CHEBI:34887	CHEBI:86345	resolve_corpus_consensus
yeast extract	CHEBI:86158	REMOVED	deground
mgcl2 x 6 h2o	CHEBI:34887	CHEBI:86345	resolve_corpus_consensus
yeast extract	CHEBI:86158	REMOVED	deground
vitamin b12	CHEBI:176843	CHEBI:176843	confirm
mgcl2 x 6 h2o	CHEBI:34887	CHEBI:86345	resolve_corpus_consensus
yeast extract	CHEBI:86158	REMOVED	deground
dl-dithiothreitol	CHEBI:18320	CHEBI:18320	confirm
nano3	CHEBI:65327	CHEBI:63005	resolve_manual_curated
mgcl2 x 6 h2o	CHEBI:34887	CHEBI:86345	resolve_corpus_consensus
yeast extract	CHEBI:86158	REMOVED	deground
yeast extract	CHEBI:86158	REMOVED	deground
dl-dithiothreitol	CHEBI:18320	CHEBI:18320	confirm
nano3	CHEBI:65327	CHEBI:63005	resolve_manual_curated
glycine	CHEBI:15428	CHEBI:15428	confirm
mgcl2 x 6 h2o	CHEBI:34887	CHEBI:86345	resolve_corpus_consensus
mgcl2 x 6 h2o	CHEBI:34887	CHEBI:86345	resolve_corpus_consensus
mgcl2 x 6 h2o	CHEBI:34887	CHEBI:86345	resolve_corpus_consensus
yeast extract	CHEBI:86158	REMOVED	deground
d-glucose	CHEBI:17234	CHEBI:17234	confirm
yeast extract	CHEBI:86158	REMOVED	deground
glucose	CHEBI:17234	CHEBI:17234	confirm
deionized water	CHEBI:86249	CHEBI:15377	resolve_manual_curated
nano3	CHEBI:65327	CHEBI:63005	resolve_manual_curated
nano3	CHEBI:65327	CHEBI:63005	resolve_manual_curated
nano3	CHEBI:65327	CHEBI:63005	resolve_manual_curated
citric acid	CHEBI:53258	CHEBI:53258	confirm
citric acid	CHEBI:53258	CHEBI:53258	confirm
deionized water	CHEBI:86249	CHEBI:15377	resolve_manual_curated
mgcl2 x 6 h2o	CHEBI:34887	CHEBI:86345	resolve_corpus_consensus
nano3	CHEBI:65327	CHEBI:63005	resolve_manual_curated
yeast extract	CHEBI:86158	REMOVED	deground
d-glucose	CHEBI:17234	CHEBI:17234	confirm
nano3	CHEBI:65327	CHEBI:63005	resolve_manual_curated
deionized water	CHEBI:86249	CHEBI:15377	resolve_manual_curated
deionized water	CHEBI:86249	CHEBI:15377	resolve_manual_curated
d-glucose	CHEBI:17234	CHEBI:17234	confirm
yeast extract	CHEBI:86158	REMOVED	deground
deionized water	CHEBI:86249	CHEBI:15377	resolve_manual_curated
deionized water	CHEBI:86249	CHEBI:15377	resolve_manual_curated
yeast extract	CHEBI:86158	REMOVED	deground
deionized water	CHEBI:86249	CHEBI:15377	resolve_manual_curated
mgcl2 x 6 h2o	CHEBI:34887	CHEBI:86345	resolve_corpus_consensus
yeast extract	CHEBI:86158	REMOVED	deground
mgcl2 x 6 h2o	CHEBI:34887	CHEBI:86345	resolve_corpus_consensus
nano3	CHEBI:65327	CHEBI:63005	resolve_manual_curated
yeast extract	CHEBI:86158	REMOVED	deground
glucose	CHEBI:17234	CHEBI:17234	confirm
nano3	CHEBI:65327	CHEBI:63005	resolve_manual_curated
h2seo3	CHEBI:75215	CHEBI:26642	resolve_manual_curated
nano3	CHEBI:65327	CHEBI:63005	resolve_manual_curated
nano3	CHEBI:65327	CHEBI:63005	resolve_manual_curated
nano3	CHEBI:65327	CHEBI:63005	resolve_manual_curated
yeast extract	CHEBI:86158	REMOVED	deground
d-glucose	CHEBI:17234	CHEBI:17234	confirm
deionized water	CHEBI:86249	CHEBI:15377	resolve_manual_curated
nano3	CHEBI:65327	CHEBI:63005	resolve_manual_curated
nano3	CHEBI:65327	CHEBI:63005	resolve_manual_curated
nano3	CHEBI:65327	CHEBI:63005	resolve_manual_curated
vitamin b12	CHEBI:176843	CHEBI:176843	confirm
deionized water	CHEBI:86249	CHEBI:15377	resolve_manual_curated
deionized water	CHEBI:86249	CHEBI:15377	resolve_manual_curated
dl-2-methylbutyric acid	CHEBI:37070	CHEBI:37070	confirm
nano3	CHEBI:65327	CHEBI:63005	resolve_manual_curated
deionized water	CHEBI:86249	CHEBI:15377	resolve_manual_curated
deionized water	CHEBI:86249	CHEBI:15377	resolve_manual_curated
yeast extract	CHEBI:86158	REMOVED	deground
deionized water	CHEBI:86249	CHEBI:15377	resolve_manual_curated
cereal leaves	CHEBI:32588	REMOVED	deground
deionized water	CHEBI:86249	CHEBI:15377	resolve_manual_curated
deionized water	CHEBI:86249	CHEBI:15377	resolve_manual_curated
yeast extract	CHEBI:86158	REMOVED	deground
mgcl2 x 6 h2o	CHEBI:34887	CHEBI:86345	resolve_corpus_consensus
deionized water	CHEBI:86249	CHEBI:15377	resolve_manual_curated
yeast extract	CHEBI:86158	REMOVED	deground
deionized water	CHEBI:86249	CHEBI:15377	resolve_manual_curated
yeast extract	CHEBI:86158	REMOVED	deground
d-glucose	CHEBI:17234	CHEBI:17234	confirm
maltose	CHEBI:17306	CHEBI:17306	confirm
d-glucose	CHEBI:17234	CHEBI:17234	confirm
deionized water	CHEBI:86249	CHEBI:15377	resolve_manual_curated
yeast extract	CHEBI:86158	REMOVED	deground
deionized water	CHEBI:86249	CHEBI:15377	resolve_manual_curated
rye grass	CHEBI:32588	REMOVED	deground
deionized water	CHEBI:86249	CHEBI:15377	resolve_manual_curated
rye grass	CHEBI:32588	REMOVED	deground
deionized water	CHEBI:86249	CHEBI:15377	resolve_manual_curated
deionized water	CHEBI:86249	CHEBI:15377	resolve_manual_curated
dl-2-methylbutyric acid	CHEBI:37070	CHEBI:37070	confirm
soil	CHEBI:131527	REMOVED	deground
deionized water	CHEBI:86249	CHEBI:15377	resolve_manual_curated
yeast extract	CHEBI:86158	REMOVED	deground
deionized water	CHEBI:86249	CHEBI:15377	resolve_manual_curated
mgcl2 x 6 h2o	CHEBI:34887	CHEBI:86345	resolve_corpus_consensus
yeast extract	CHEBI:86158	REMOVED	deground
glycine	CHEBI:15428	CHEBI:15428	confirm
mgcl2 x 6 h2o	CHEBI:34887	CHEBI:86345	resolve_corpus_consensus
citric acid	CHEBI:53258	CHEBI:53258	confirm
nano3	CHEBI:65327	CHEBI:63005	resolve_manual_curated
vitamin b12	CHEBI:176843	CHEBI:176843	confirm
nano3	CHEBI:65327	CHEBI:63005	resolve_manual_curated
deionized water	CHEBI:86249	CHEBI:15377	resolve_manual_curated
soil	CHEBI:131527	REMOVED	deground
deionized water	CHEBI:86249	CHEBI:15377	resolve_manual_curated
fena-edta	CHEBI:86158	REMOVED	deground
mgcl2 x 6 h2o	CHEBI:34887	CHEBI:86345	resolve_corpus_consensus
yeast extract	CHEBI:86158	REMOVED	deground
nano3	CHEBI:65327	CHEBI:63005	resolve_manual_curated
inositol	CHEBI:17268	CHEBI:17268	confirm
soil	CHEBI:131527	REMOVED	deground
nano3	CHEBI:65327	CHEBI:63005	resolve_manual_curated
inositol	CHEBI:17268	CHEBI:17268	confirm
soil extract	CHEBI:15956	REMOVED	deground
inositol	CHEBI:17268	CHEBI:17268	confirm
soil	CHEBI:131527	REMOVED	deground
nano3	CHEBI:65327	CHEBI:63005	resolve_manual_curated
nano3	CHEBI:65327	CHEBI:63005	resolve_manual_curated
nano3	CHEBI:65327	CHEBI:63005	resolve_manual_curated
citric acid	CHEBI:53258	CHEBI:53258	confirm
deionized water	CHEBI:86249	CHEBI:15377	resolve_manual_curated
nano3	CHEBI:65327	CHEBI:63005	resolve_manual_curated
soil	CHEBI:131527	REMOVED	deground
nano3	CHEBI:65327	CHEBI:63005	resolve_manual_curated
nano3	CHEBI:65327	CHEBI:63005	resolve_manual_curated
nano3	CHEBI:65327	CHEBI:63005	resolve_manual_curated
deionized water	CHEBI:86249	CHEBI:15377	resolve_manual_curated
soil	CHEBI:131527	REMOVED	deground
deionized water	CHEBI:86249	CHEBI:15377	resolve_manual_curated
zncl2 x 6 h2o	CHEBI:35696	CHEBI:49976	resolve_manual_curated
fena-edta	CHEBI:86158	REMOVED	deground
yeast extract	CHEBI:86158	REMOVED	deground
deionized water	CHEBI:86249	CHEBI:15377	resolve_manual_curated
glycine	CHEBI:15428	CHEBI:15428	confirm
glucose	CHEBI:17234	CHEBI:17234	confirm
soil	CHEBI:131527	REMOVED	deground
nano3	CHEBI:65327	CHEBI:63005	resolve_manual_curated
nano3	CHEBI:65327	CHEBI:63005	resolve_manual_curated
nano3	CHEBI:65327	CHEBI:63005	resolve_manual_curated
marmite	CHEBI:34683	REMOVED	deground
deionized water	CHEBI:86249	CHEBI:15377	resolve_manual_curated
mgcl2 x 6 h2o	CHEBI:34887	CHEBI:86345	resolve_corpus_consensus
nano3	CHEBI:65327	CHEBI:63005	resolve_manual_curated
deionized water	CHEBI:86249	CHEBI:15377	resolve_manual_curated
nano3	CHEBI:65327	CHEBI:63005	resolve_manual_curated
deionized water	CHEBI:86249	CHEBI:15377	resolve_manual_curated
nano3	CHEBI:65327	CHEBI:63005	resolve_manual_curated
h2seo3	CHEBI:75215	CHEBI:26642	resolve_manual_curated
deionized water	CHEBI:86249	CHEBI:15377	resolve_manual_curated
h2seo3	CHEBI:75215	CHEBI:26642	resolve_manual_curated
nano3	CHEBI:65327	CHEBI:63005	resolve_manual_curated
zncl2 x 6 h2o	CHEBI:35696	CHEBI:49976	resolve_manual_curated
nano3	CHEBI:65327	CHEBI:63005	resolve_manual_curated
yeast extract	CHEBI:86158	REMOVED	deground
d-glucose	CHEBI:17234	CHEBI:17234	confirm
deionized water	CHEBI:86249	CHEBI:15377	resolve_manual_curated
deionized water	CHEBI:86249	CHEBI:15377	resolve_manual_curated
nano3	CHEBI:65327	CHEBI:63005	resolve_manual_curated
deionized water	CHEBI:86249	CHEBI:15377	resolve_manual_curated
deionized water	CHEBI:86249	CHEBI:15377	resolve_manual_curated
yeast extract	CHEBI:86158	REMOVED	deground
deionized water	CHEBI:86249	CHEBI:15377	resolve_manual_curated
cereal leaves	CHEBI:32588	REMOVED	deground
deionized water	CHEBI:86249	CHEBI:15377	resolve_manual_curated
cereal leaves	CHEBI:32588	REMOVED	deground
deionized water	CHEBI:86249	CHEBI:15377	resolve_manual_curated
deionized water	CHEBI:86249	CHEBI:15377	resolve_manual_curated
nano3	CHEBI:65327	CHEBI:63005	resolve_manual_curated
deionized water	CHEBI:86249	CHEBI:15377	resolve_manual_curated
na2seo3 x 5 h2o	CHEBI:63940	CHEBI:131361	resolve_corpus_consensus
deionized water	CHEBI:86249	CHEBI:15377	resolve_manual_curated
rye grass	CHEBI:32588	REMOVED	deground
soil	CHEBI:131527	REMOVED	deground
soil	CHEBI:131527	REMOVED	deground
deionized water	CHEBI:86249	CHEBI:15377	resolve_manual_curated
deionized water	CHEBI:86249	CHEBI:15377	resolve_manual_curated
deionized water	CHEBI:86249	CHEBI:15377	resolve_manual_curated
deionized water	CHEBI:86249	CHEBI:15377	resolve_manual_curated
nano3	CHEBI:65327	CHEBI:63005	resolve_manual_curated
deionized water	CHEBI:86249	CHEBI:15377	resolve_manual_curated
inositol	CHEBI:17268	CHEBI:17268	confirm
soil	CHEBI:131527	REMOVED	deground
soil	CHEBI:131527	REMOVED	deground
nano3	CHEBI:65327	CHEBI:63005	resolve_manual_curated
yeast extract	CHEBI:86158	REMOVED	deground
deionized water	CHEBI:86249	CHEBI:15377	resolve_manual_curated
cereal leaves	CHEBI:32588	REMOVED	deground
deionized water	CHEBI:86249	CHEBI:15377	resolve_manual_curated
soil	CHEBI:131527	REMOVED	deground
soil	CHEBI:131527	REMOVED	deground
soil	CHEBI:131527	REMOVED	deground
soil	CHEBI:131527	REMOVED	deground
soil	CHEBI:131527	REMOVED	deground
soil	CHEBI:131527	REMOVED	deground
soil	CHEBI:131527	REMOVED	deground
soil	CHEBI:131527	REMOVED	deground
soil	CHEBI:131527	REMOVED	deground
mgcl2 x 6 h2o	CHEBI:34887	CHEBI:86345	resolve_corpus_consensus
yeast extract	CHEBI:86158	REMOVED	deground
tomato extract	CHEBI:3311	REMOVED	deground
nano3	CHEBI:65327	CHEBI:63005	resolve_manual_curated
mg(so4) x 7 h2o	CHEBI:32588	CHEBI:31795	resolve_manual_curated
vitamin b12	CHEBI:176843	CHEBI:176843	confirm
mgcl2 x 6 h2o	CHEBI:34887	CHEBI:86345	resolve_corpus_consensus
fena-edta	CHEBI:86158	REMOVED	deground
yeast extract	CHEBI:86158	REMOVED	deground
glucose	CHEBI:17234	CHEBI:17234	confirm
mgcl2 x 6 h2o	CHEBI:34887	CHEBI:86345	resolve_corpus_consensus
nano3	CHEBI:65327	CHEBI:63005	resolve_manual_curated
yeast extract	CHEBI:86158	REMOVED	deground
glucose	CHEBI:17234	CHEBI:17234	confirm
yeast extract	CHEBI:86158	REMOVED	deground
d-glucose	CHEBI:17234	CHEBI:17234	confirm
na2seo3 x 5 h2o	CHEBI:63940	CHEBI:131361	resolve_corpus_consensus
oat flakes	CHEBI:2509	REMOVED	deground
yeast extract	CHEBI:86158	REMOVED	deground
(-)-chloramphenicol	CHEBI:17548	CHEBI:17698	resolve_manual_curated
czapek-dox liquid medium	CHEBI:131527	REMOVED	deground
cellobiose or cellulose mn 300	CHEBI:2509	REMOVED	deground
d(+)-glucose	CHEBI:17634	CHEBI:17634	confirm
mg(so4) x 7 h2o	CHEBI:32588	CHEBI:31795	resolve_manual_curated
nano3	CHEBI:65327	CHEBI:63005	resolve_manual_curated
yeast extract	CHEBI:86158	REMOVED	deground
yeast extract	CHEBI:86158	REMOVED	deground
yeast extract	CHEBI:86158	REMOVED	deground
glucose	CHEBI:17234	CHEBI:17234	confirm
yeast extract	CHEBI:86158	REMOVED	deground
yeast extract	CHEBI:86158	REMOVED	deground
mgcl2 x 6 h2o	CHEBI:34887	CHEBI:86345	resolve_corpus_consensus
l-cysteine	CHEBI:15356	CHEBI:15356	confirm
vitamin b12	CHEBI:176843	CHEBI:176843	confirm
nano3	CHEBI:65327	CHEBI:63005	resolve_manual_curated
mgcl2 x 6 h2o	CHEBI:34887	CHEBI:86345	resolve_corpus_consensus
mgcl2 x 6 h2o	CHEBI:34887	CHEBI:86345	resolve_corpus_consensus
alpha-ketoglutamate	CHEBI:46756	CHEBI:30915	resolve_manual_curated
glucose	CHEBI:17234	CHEBI:17234	confirm
yeast extract	CHEBI:86158	REMOVED	deground
bovine serum albumin	CHEBI:6636	REMOVED	deground
rabbit serum	CHEBI:18050	REMOVED	deground
mem alpha modification	CHEBI:15361	REMOVED	deground
deionized water	CHEBI:86249	CHEBI:15377	resolve_manual_curated
glucose	CHEBI:17234	CHEBI:17234	confirm
yeast extract	CHEBI:86158	REMOVED	deground
vitamin b12	CHEBI:176843	CHEBI:176843	confirm
mgcl2 x 6 h2o	CHEBI:34887	CHEBI:86345	resolve_corpus_consensus
yeast extract	CHEBI:86158	REMOVED	deground
vitamin b12	CHEBI:176843	CHEBI:176843	confirm
yeast extract	CHEBI:86158	REMOVED	deground
yeast extract	CHEBI:86158	REMOVED	deground
glucose	CHEBI:17234	CHEBI:17234	confirm
yeast extract	CHEBI:86158	REMOVED	deground
dl-dithiothreitol	CHEBI:18320	CHEBI:18320	confirm
mgcl2 x 6 h2o	CHEBI:34887	CHEBI:86345	resolve_corpus_consensus
na2seo3 x 5 h2o	CHEBI:63940	CHEBI:131361	resolve_corpus_consensus
mgcl2 x 6 h2o	CHEBI:34887	CHEBI:86345	resolve_corpus_consensus
d(+)-glucose	CHEBI:17634	CHEBI:17634	confirm
deionized water	CHEBI:86249	CHEBI:15377	resolve_manual_curated
mgcl2 x 6 h2o	CHEBI:34887	CHEBI:86345	resolve_corpus_consensus
yeast extract	CHEBI:86158	REMOVED	deground
n-acetyl-d-glucosamine	CHEBI:506227	CHEBI:506227	confirm
yeast extract	CHEBI:86158	REMOVED	deground
yeast nitrogen base	CHEBI:42758	REMOVED	deground
glucose	CHEBI:17234	CHEBI:17234	confirm
yeast extract	CHEBI:86158	REMOVED	deground
yeast extract	CHEBI:86158	REMOVED	deground
glucose	CHEBI:17234	CHEBI:17234	confirm
mgcl2 x 6 h2o	CHEBI:34887	CHEBI:86345	resolve_corpus_consensus
mg(so4) x 7 h2o	CHEBI:32588	CHEBI:31795	resolve_manual_curated
yeast extract	CHEBI:86158	REMOVED	deground
yeast extract	CHEBI:86158	REMOVED	deground
dextrose	CHEBI:17634	CHEBI:17634	confirm
maltose	CHEBI:17306	CHEBI:17306	confirm
fena-edta	CHEBI:86158	REMOVED	deground
yeast extract	CHEBI:86158	REMOVED	deground
hipolypepton	CHEBI:26710	REMOVED	deground
yeast extract	CHEBI:86158	REMOVED	deground
nano3	CHEBI:65327	CHEBI:63005	resolve_manual_curated
yeast extract	CHEBI:86158	REMOVED	deground
lactose	CHEBI:17716	CHEBI:17716	confirm
glucose	CHEBI:17234	CHEBI:17234	confirm
yeast extract	CHEBI:86158	REMOVED	deground
yeast extract	CHEBI:86158	REMOVED	deground
dehydrated wilkins-chalgren medium	CHEBI:42758	REMOVED	deground
yeast extract	CHEBI:86158	REMOVED	deground
glucose	CHEBI:17234	CHEBI:17234	confirm
nano3	CHEBI:65327	CHEBI:63005	resolve_manual_curated
yeast extract	CHEBI:86158	REMOVED	deground
glucose	CHEBI:17234	CHEBI:17234	confirm
dl-2-methylbutyric acid	CHEBI:37070	CHEBI:37070	confirm
mgcl2 x 6 h2o	CHEBI:34887	CHEBI:86345	resolve_corpus_consensus
na2seo3 x 5 h2o	CHEBI:63940	CHEBI:131361	resolve_corpus_consensus
yeast extract	CHEBI:86158	REMOVED	deground
yeast extract	CHEBI:86158	REMOVED	deground
l-cysteine	CHEBI:15356	CHEBI:15356	confirm
yeast extract	CHEBI:86158	REMOVED	deground
d(+)-glucose	CHEBI:17634	CHEBI:17634	confirm
yeast extract	CHEBI:86158	REMOVED	deground
mgcl2 x 6 h2o	CHEBI:34887	CHEBI:86345	resolve_corpus_consensus
citric acid	CHEBI:53258	CHEBI:53258	confirm
ki	CHEBI:138791	CHEBI:8346	resolve_manual_curated
yeast extract	CHEBI:86158	REMOVED	deground
yeast extract	CHEBI:86158	REMOVED	deground
glucose	CHEBI:17234	CHEBI:17234	confirm
mgcl2 x 6 h2o	CHEBI:34887	CHEBI:86345	resolve_corpus_consensus
mgcl2 x 6 h2o	CHEBI:34887	CHEBI:86345	resolve_corpus_consensus
yeast extract	CHEBI:86158	REMOVED	deground
mgcl2 x 6 h2o	CHEBI:34887	CHEBI:86345	resolve_corpus_consensus
mgcl2 x 6 h2o	CHEBI:34887	CHEBI:86345	resolve_corpus_consensus
yeast extract	CHEBI:86158	REMOVED	deground
mgcl2 x 6 h2o	CHEBI:34887	CHEBI:86345	resolve_corpus_consensus
yeast extract	CHEBI:86158	REMOVED	deground
yeast extract	CHEBI:86158	REMOVED	deground
mgcl2 x 6 h2o	CHEBI:34887	CHEBI:86345	resolve_corpus_consensus
yeast extract	CHEBI:86158	REMOVED	deground
glucose	CHEBI:17234	CHEBI:17234	confirm
na2seo3 x 5 h2o	CHEBI:63940	CHEBI:131361	resolve_corpus_consensus
vitamin b12	CHEBI:176843	CHEBI:176843	confirm
skim milk	CHEBI:28260	REMOVED	deground
tomato juice	CHEBI:53426	REMOVED	deground
yeast extract	CHEBI:86158	REMOVED	deground
potato flour	CHEBI:17196	REMOVED	deground
yeast extract	CHEBI:86158	REMOVED	deground
glucose	CHEBI:17234	CHEBI:17234	confirm
vitamin b12	CHEBI:176843	CHEBI:176843	confirm
yeast extract	CHEBI:86158	REMOVED	deground
yeast extract	CHEBI:86158	REMOVED	deground
glucose	CHEBI:17234	CHEBI:17234	confirm
fructose	CHEBI:15824	CHEBI:15824	confirm
yeast extract	CHEBI:86158	REMOVED	deground
vitamin b12	CHEBI:176843	CHEBI:176843	confirm
glucose	CHEBI:17234	CHEBI:17234	confirm
yeast extract	CHEBI:86158	REMOVED	deground
yeast extract	CHEBI:86158	REMOVED	deground
yeast extract	CHEBI:86158	REMOVED	deground
glucose	CHEBI:17234	CHEBI:17234	confirm
ki	CHEBI:138791	CHEBI:8346	resolve_manual_curated
vitamin b12	CHEBI:176843	CHEBI:176843	confirm
yeast extract	CHEBI:86158	REMOVED	deground
yeast extract	CHEBI:86158	REMOVED	deground
glucose	CHEBI:17234	CHEBI:17234	confirm
yeast extract	CHEBI:86158	REMOVED	deground
yeast extract	CHEBI:86158	REMOVED	deground
glucose	CHEBI:17234	CHEBI:17234	confirm
tomato juice	CHEBI:53426	REMOVED	deground
yeast extract	CHEBI:86158	REMOVED	deground
yeast extract	CHEBI:86158	REMOVED	deground
yeast extract	CHEBI:86158	REMOVED	deground
mgcl2 x 6 h2o	CHEBI:34887	CHEBI:86345	resolve_corpus_consensus
yeast extract	CHEBI:86158	REMOVED	deground
mgcl2 x 6 h2o	CHEBI:34887	CHEBI:86345	resolve_corpus_consensus
yeast extract	CHEBI:86158	REMOVED	deground
dl-dithiothreitol	CHEBI:18320	CHEBI:18320	confirm
cystein-hcl x 2 h2o	CHEBI:26710	CHEBI:91247	resolve_manual_curated
mgcl2 x 6 h2o	CHEBI:34887	CHEBI:86345	resolve_corpus_consensus
citric acid	CHEBI:53258	CHEBI:53258	confirm
ki	CHEBI:138791	CHEBI:8346	resolve_manual_curated
yeast extract	CHEBI:86158	REMOVED	deground
mgcl2 x 6 h2o	CHEBI:34887	CHEBI:86345	resolve_corpus_consensus
citric acid	CHEBI:53258	CHEBI:53258	confirm
ki	CHEBI:138791	CHEBI:8346	resolve_manual_curated
yeast extract	CHEBI:86158	REMOVED	deground
mgcl2 x 6 h2o	CHEBI:34887	CHEBI:86345	resolve_corpus_consensus
citric acid	CHEBI:53258	CHEBI:53258	confirm
ki	CHEBI:138791	CHEBI:8346	resolve_manual_curated
yeast extract	CHEBI:86158	REMOVED	deground
glucose	CHEBI:17234	CHEBI:17234	confirm
yeast extract	CHEBI:86158	REMOVED	deground
yeast extract	CHEBI:86158	REMOVED	deground
deionized water	CHEBI:86249	CHEBI:15377	resolve_manual_curated
voso4 x 2 h2o	CHEBI:32139	CHEBI:33146	resolve_manual_curated
deionized water	CHEBI:86249	CHEBI:15377	resolve_manual_curated
nano3	CHEBI:65327	CHEBI:63005	resolve_manual_curated
yeast extract	CHEBI:86158	REMOVED	deground
nano3	CHEBI:65327	CHEBI:63005	resolve_manual_curated
yeast extract	CHEBI:86158	REMOVED	deground
yeast extract	CHEBI:86158	REMOVED	deground
glucose	CHEBI:17234	CHEBI:17234	confirm
mgcl2 x 6 h2o	CHEBI:34887	CHEBI:86345	resolve_corpus_consensus
d(+)-glucose	CHEBI:17634	CHEBI:17634	confirm
glucose	CHEBI:17234	CHEBI:17234	confirm
yeast extract	CHEBI:86158	REMOVED	deground
mgcl2 x 6 h2o	CHEBI:34887	CHEBI:86345	resolve_corpus_consensus
mgcl2 x 6 h2o	CHEBI:34887	CHEBI:86345	resolve_corpus_consensus
mgcl2 x 6 h2o	CHEBI:34887	CHEBI:86345	resolve_corpus_consensus
na2seo3 x 5 h2o	CHEBI:63940	CHEBI:131361	resolve_corpus_consensus
mgcl2 x 6 h2o	CHEBI:34887	CHEBI:86345	resolve_corpus_consensus
fructose	CHEBI:15824	CHEBI:15824	confirm
mgcl2 x 6 h2o	CHEBI:34887	CHEBI:86345	resolve_corpus_consensus
na2seo3 x 5 h2o	CHEBI:63940	CHEBI:131361	resolve_corpus_consensus
yeast extract	CHEBI:86158	REMOVED	deground
polypeptone	CHEBI:26710	REMOVED	deground
yeast extract	CHEBI:86158	REMOVED	deground
yeast extract	CHEBI:86158	REMOVED	deground
yeast extract	CHEBI:86158	REMOVED	deground
glucose	CHEBI:17234	CHEBI:17234	confirm
yeast extract	CHEBI:86158	REMOVED	deground
mgcl2 x 6 h2o	CHEBI:34887	CHEBI:86345	resolve_corpus_consensus
yeast extract	CHEBI:86158	REMOVED	deground
glucose	CHEBI:17234	CHEBI:17234	confirm
yeast extract	CHEBI:86158	REMOVED	deground
inositol	CHEBI:17268	CHEBI:17268	confirm
yeast extract	CHEBI:86158	REMOVED	deground
glucose	CHEBI:17234	CHEBI:17234	confirm
yeast extract	CHEBI:86158	REMOVED	deground
glucose	CHEBI:17234	CHEBI:17234	confirm
mgcl2 x 6 h2o	CHEBI:34887	CHEBI:86345	resolve_corpus_consensus
yeast extract	CHEBI:86158	REMOVED	deground
d-glucose	CHEBI:17234	CHEBI:17234	confirm
mgcl2 x 6 h2o	CHEBI:34887	CHEBI:86345	resolve_corpus_consensus
mgcl2 x 6 h2o	CHEBI:34887	CHEBI:86345	resolve_corpus_consensus
yeast extract	CHEBI:86158	REMOVED	deground
yeast extract	CHEBI:86158	REMOVED	deground
mgcl2 x 6 h2o	CHEBI:34887	CHEBI:86345	resolve_corpus_consensus
yeast extract	CHEBI:86158	REMOVED	deground
glucose	CHEBI:17234	CHEBI:17234	confirm
yeast extract	CHEBI:86158	REMOVED	deground
glucose	CHEBI:17234	CHEBI:17234	confirm
mgcl2 x 6 h2o	CHEBI:34887	CHEBI:86345	resolve_corpus_consensus
yeast extract	CHEBI:86158	REMOVED	deground
glucose	CHEBI:17234	CHEBI:17234	confirm
yeast extract	CHEBI:86158	REMOVED	deground
yeast extract	CHEBI:86158	REMOVED	deground
glucose	CHEBI:17234	CHEBI:17234	confirm
cmrl 1066	CHEBI:32142	REMOVED	deground
glucose	CHEBI:17234	CHEBI:17234	confirm
mgcl2 x 6 h2o	CHEBI:34887	CHEBI:86345	resolve_corpus_consensus
yeast extract	CHEBI:86158	REMOVED	deground
glucose	CHEBI:17234	CHEBI:17234	confirm
fructose	CHEBI:15824	CHEBI:15824	confirm
tomato juice	CHEBI:53426	REMOVED	deground
bovine serum albumin	CHEBI:6636	REMOVED	deground
rabbit serum	CHEBI:18050	REMOVED	deground
yeast extract	CHEBI:86158	REMOVED	deground
yeast extract	CHEBI:86158	REMOVED	deground
mgcl2 x 6 h2o	CHEBI:34887	CHEBI:86345	resolve_corpus_consensus
mgcl2 x 6 h2o	CHEBI:34887	CHEBI:86345	resolve_corpus_consensus
yeast extract	CHEBI:86158	REMOVED	deground
yeast extract	CHEBI:86158	REMOVED	deground
na2seo3 x 5 h2o	CHEBI:63940	CHEBI:131361	resolve_corpus_consensus
yeast extract	CHEBI:86158	REMOVED	deground
potato	CHEBI:42758	REMOVED	deground
d-glucose	CHEBI:17234	CHEBI:17234	confirm
milk	CHEBI:42758	REMOVED	deground
yeast extract	CHEBI:86158	REMOVED	deground
glucose	CHEBI:17234	CHEBI:17234	confirm
yeast extract	CHEBI:86158	REMOVED	deground
glucose	CHEBI:17234	CHEBI:17234	confirm
arginine	CHEBI:16467	CHEBI:16467	confirm
glycine	CHEBI:15428	CHEBI:15428	confirm
dl-tryptophan	CHEBI:16296	CHEBI:27897	resolve_manual_curated
yeast extract	CHEBI:86158	REMOVED	deground
mgcl2 x 6 h2o	CHEBI:34887	CHEBI:86345	resolve_corpus_consensus
yeast extract	CHEBI:86158	REMOVED	deground
oat flakes	CHEBI:2509	REMOVED	deground
oatmeal	CHEBI:2509	REMOVED	deground
dextrose	CHEBI:17634	CHEBI:17634	confirm
yeast extract	CHEBI:86158	REMOVED	deground
glucose	CHEBI:17234	CHEBI:17234	confirm
yeast extract	CHEBI:86158	REMOVED	deground
glucose	CHEBI:17234	CHEBI:17234	confirm
yeast extract	CHEBI:86158	REMOVED	deground
d-glucose	CHEBI:17234	CHEBI:17234	confirm
vitamin b12	CHEBI:176843	CHEBI:176843	confirm
columbia agar base	CHEBI:42758	REMOVED	deground
columbia agar base	CHEBI:42758	REMOVED	deground
columbia agar base	CHEBI:42758	REMOVED	deground
columbia agar base	CHEBI:42758	REMOVED	deground
glucose	CHEBI:17234	CHEBI:17234	confirm
columbia agar base	CHEBI:42758	REMOVED	deground
glucose	CHEBI:17234	CHEBI:17234	confirm
columbia agar base	CHEBI:42758	REMOVED	deground
mgcl2 x 6 h2o	CHEBI:34887	CHEBI:86345	resolve_corpus_consensus
mgcl2 x 6 h2o	CHEBI:34887	CHEBI:86345	resolve_corpus_consensus
mgcl2 x 6 h2o	CHEBI:34887	CHEBI:86345	resolve_corpus_consensus
yeast extract	CHEBI:86158	REMOVED	deground
glucose	CHEBI:17234	CHEBI:17234	confirm
yeast extract	CHEBI:86158	REMOVED	deground
yeast extract	CHEBI:86158	REMOVED	deground
glucose	CHEBI:17234	CHEBI:17234	confirm
2-methylbutyric acid	CHEBI:37070	CHEBI:37070	confirm
skim milk	CHEBI:28260	REMOVED	deground
bovine horn meal	CHEBI:32139	REMOVED	deground
yeast extract	CHEBI:86158	REMOVED	deground
d-glucose	CHEBI:17234	CHEBI:17234	confirm
2,4-dichlorophenoxyacetic acid	CHEBI:165232	CHEBI:165232	confirm
yeast extract	CHEBI:86158	REMOVED	deground
glucose	CHEBI:17234	CHEBI:17234	confirm
yeast extract	CHEBI:86158	REMOVED	deground
yeast extract	CHEBI:86158	REMOVED	deground
lactose	CHEBI:17716	CHEBI:17716	confirm
glucose	CHEBI:17234	CHEBI:17234	confirm
yeast extract	CHEBI:86158	REMOVED	deground
yeast extract	CHEBI:86158	REMOVED	deground
d(+)-glucose	CHEBI:17634	CHEBI:17634	confirm
na2seo3 x 5 h2o	CHEBI:63940	CHEBI:131361	resolve_corpus_consensus
glycine	CHEBI:15428	CHEBI:15428	confirm
yeast extract	CHEBI:86158	REMOVED	deground
glucose	CHEBI:17234	CHEBI:17234	confirm
glucose	CHEBI:17234	CHEBI:17234	confirm
skim milk	CHEBI:28260	REMOVED	deground
white wine	CHEBI:42758	REMOVED	deground
yeast extract	CHEBI:86158	REMOVED	deground
yeast extract	CHEBI:86158	REMOVED	deground
yeast extract	CHEBI:86158	REMOVED	deground
vitamin b12	CHEBI:176843	CHEBI:176843	confirm
vitamin b12	CHEBI:176843	CHEBI:176843	confirm
nitrilotriacetate	CHEBI:25548	CHEBI:25548	confirm
yeast extract	CHEBI:86158	REMOVED	deground
dextrose	CHEBI:17634	CHEBI:17634	confirm
mgcl2 x 6 h2o	CHEBI:34887	CHEBI:86345	resolve_corpus_consensus
glucose	CHEBI:17234	CHEBI:17234	confirm
na2seo3 x 5 h2o	CHEBI:63940	CHEBI:131361	resolve_corpus_consensus
yeast extract	CHEBI:86158	REMOVED	deground
mgcl2 x 6 h2o	CHEBI:34887	CHEBI:86345	resolve_corpus_consensus
glucose	CHEBI:17234	CHEBI:17234	confirm
yeast extract	CHEBI:86158	REMOVED	deground
yeast extract	CHEBI:86158	REMOVED	deground
yeast extract	CHEBI:86158	REMOVED	deground
glucose	CHEBI:17234	CHEBI:17234	confirm
yeast extract	CHEBI:86158	REMOVED	deground
mgcl2 x 6 h2o	CHEBI:34887	CHEBI:86345	resolve_corpus_consensus
mgcl2 x 6 h2o	CHEBI:34887	CHEBI:86345	resolve_corpus_consensus
yeast extract	CHEBI:86158	REMOVED	deground
mgcl2 x 6 h2o	CHEBI:34887	CHEBI:86345	resolve_corpus_consensus
yeast extract	CHEBI:86158	REMOVED	deground
mgcl2 x 6 h2o	CHEBI:34887	CHEBI:86345	resolve_corpus_consensus
yeast extract	CHEBI:86158	REMOVED	deground
mgcl2 x 6 h2o	CHEBI:34887	CHEBI:86345	resolve_corpus_consensus
yeast extract	CHEBI:86158	REMOVED	deground
mgcl2 x 6 h2o	CHEBI:34887	CHEBI:86345	resolve_corpus_consensus
yeast extract	CHEBI:86158	REMOVED	deground
yeast extract	CHEBI:86158	REMOVED	deground
mgcl2 x 6 h2o	CHEBI:34887	CHEBI:86345	resolve_corpus_consensus
mgcl2 x 6 h2o	CHEBI:34887	CHEBI:86345	resolve_corpus_consensus
yeast extract	CHEBI:86158	REMOVED	deground
mgcl2 x 6 h2o	CHEBI:34887	CHEBI:86345	resolve_corpus_consensus
yeast extract	CHEBI:86158	REMOVED	deground
d-glucose	CHEBI:17234	CHEBI:17234	confirm
vitamin b12	CHEBI:176843	CHEBI:176843	confirm
mgcl2 x 6 h2o	CHEBI:34887	CHEBI:86345	resolve_corpus_consensus
yeast extract	CHEBI:86158	REMOVED	deground
yeast extract	CHEBI:86158	REMOVED	deground
yeast extract	CHEBI:86158	REMOVED	deground
mgcl2 x 6 h2o	CHEBI:34887	CHEBI:86345	resolve_corpus_consensus
mgcl2 x 6 h2o	CHEBI:34887	CHEBI:86345	resolve_corpus_consensus
citric acid	CHEBI:53258	CHEBI:53258	confirm
ki	CHEBI:138791	CHEBI:8346	resolve_manual_curated
yeast extract	CHEBI:86158	REMOVED	deground
baker's yeast	CHEBI:86158	REMOVED	deground
vitamin b12	CHEBI:176843	CHEBI:176843	confirm
