finding	file_path	record_id	ingredient	value	unit	parts	detail
DIFFERING_PARTS	data/normalized_yaml/archaea/JCM_J1227_ZESTOSPHAERA_MEDIUM.yaml	CultureMech:002394	MnCl2 x 4 H2O	0.1018	G_PER_L	0.0018;0.1	value is the sum of differing parts; which one the medium means needs the source recipe
DIFFERING_PARTS	data/normalized_yaml/archaea/JCM_J1227_ZESTOSPHAERA_MEDIUM.yaml	CultureMech:002394	Na2MoO4 x 2 H2O	0.01003	G_PER_L	0.00003;0.01	value is the sum of differing parts; which one the medium means needs the source recipe
DIFFERING_PARTS	data/normalized_yaml/archaea/JCM_J151_PYROCOCCUS_MEDIUM.yaml	CultureMech:002510	NaCl	14.85	G_PER_L	13.85;1.0	value is the sum of differing parts; which one the medium means needs the source recipe
DIFFERING_PARTS	data/normalized_yaml/archaea/JCM_J151_PYROCOCCUS_MEDIUM.yaml	CultureMech:002510	MgSO4 x 7 H2O	6.5	G_PER_L	3.5;3.0	value is the sum of differing parts; which one the medium means needs the source recipe
DIFFERING_PARTS	data/normalized_yaml/archaea/JCM_J151_PYROCOCCUS_MEDIUM.yaml	CultureMech:002510	H3BO3	0.025	G_PER_L	0.015;0.01	value is the sum of differing parts; which one the medium means needs the source recipe
DIFFERING_PARTS	data/normalized_yaml/archaea/JCM_J214_ARCHAEOGLOBUS_PROFUNDUS_MEDIUM.yaml	CultureMech:002576	MgSO4 x 7 H2O	6.45	G_PER_L	3.45;3.0	value is the sum of differing parts; which one the medium means needs the source recipe
DIFFERING_PARTS	data/normalized_yaml/archaea/JCM_J214_ARCHAEOGLOBUS_PROFUNDUS_MEDIUM.yaml	CultureMech:002576	NaCl	19.0	G_PER_L	18.0;1.0	value is the sum of differing parts; which one the medium means needs the source recipe
DIFFERING_PARTS	data/normalized_yaml/archaea/JCM_J243_METHANOTHRIX_MEDIUM.yaml	CultureMech:002604	NaCl	1.588235	G_PER_L	0.588235;1.0	value is the sum of differing parts; which one the medium means needs the source recipe
DIFFERING_PARTS	data/normalized_yaml/archaea/JCM_J266_METHANOMICROBIUM_MOBILE_MEDIUM.yaml	CultureMech:002623	NaCl	1.6	G_PER_L	0.6;1.0	value is the sum of differing parts; which one the medium means needs the source recipe
DIFFERING_PARTS	data/normalized_yaml/archaea/JCM_J266_METHANOMICROBIUM_MOBILE_MEDIUM.yaml	CultureMech:002623	MgSO4 x 7 H2O	3.13	G_PER_L	0.13;3.0	value is the sum of differing parts; which one the medium means needs the source recipe
DIFFERING_PARTS	data/normalized_yaml/archaea/JCM_J280_THERMOCOCCUS_MEDIUM.yaml	CultureMech:002638	MgSO4 x 7 H2O	6.33333	G_PER_L	3.33333;3.0	value is the sum of differing parts; which one the medium means needs the source recipe
DIFFERING_PARTS	data/normalized_yaml/archaea/JCM_J280_THERMOCOCCUS_MEDIUM.yaml	CultureMech:002638	NaCl	25.5098	G_PER_L	24.5098;1.0	value is the sum of differing parts; which one the medium means needs the source recipe
DIFFERING_PARTS	data/normalized_yaml/archaea/JCM_J280_THERMOCOCCUS_MEDIUM.yaml	CultureMech:002638	FeSO4 x 7 H2O	0.1245098	G_PER_L	0.0245098;0.1	value is the sum of differing parts; which one the medium means needs the source recipe
DIFFERING_PARTS	data/normalized_yaml/archaea/JCM_J355_METHANOSPHAERA_MEDIUM.yaml	CultureMech:002715	FeSO4 x 7 H2O	0.10295276	G_PER_L	0.00295276;0.1	value is the sum of differing parts; which one the medium means needs the source recipe
DIFFERING_PARTS	data/normalized_yaml/archaea/JCM_J355_METHANOSPHAERA_MEDIUM.yaml	CultureMech:002715	NaCl	1.590551	G_PER_L	0.590551;1.0	value is the sum of differing parts; which one the medium means needs the source recipe
DIFFERING_PARTS	data/normalized_yaml/archaea/JCM_J355_METHANOSPHAERA_MEDIUM.yaml	CultureMech:002715	MgSO4 x 7 H2O	3.147638	G_PER_L	0.147638;3.0	value is the sum of differing parts; which one the medium means needs the source recipe
DIFFERING_PARTS	data/normalized_yaml/archaea/JCM_J355_METHANOSPHAERA_MEDIUM.yaml	CultureMech:002715	CaCl2 x 2 H2O	0.1748032	G_PER_L	0.0748032;0.1	value is the sum of differing parts; which one the medium means needs the source recipe
DIFFERING_PARTS	data/normalized_yaml/archaea/JCM_J986_METHANOCOCCOIDES_MEDIUM.yaml	CultureMech:003335	CaCl2 x 2 H2O	0.237255	G_PER_L	0.137255;0.1	value is the sum of differing parts; which one the medium means needs the source recipe
DIFFERING_PARTS	data/normalized_yaml/archaea/JCM_J986_METHANOCOCCOIDES_MEDIUM.yaml	CultureMech:003335	NaCl	18.6471	G_PER_L	17.6471;1.0	value is the sum of differing parts; which one the medium means needs the source recipe
DIFFERING_PARTS	data/normalized_yaml/archaea/KOMODO_1043_IGNISPHAERA_medium.yaml	CultureMech:003602	MgSO4 x 7 H2O	3.276954	G_PER_L	0.276954;3.0	value is the sum of differing parts; which one the medium means needs the source recipe
DIFFERING_PARTS	data/normalized_yaml/archaea/KOMODO_1083_ACIDULIPROFUNDUM_medium.yaml	CultureMech:003735	NaCl	39.97	G_PER_L	29.97;10.0	value is the sum of differing parts; which one the medium means needs the source recipe
DIFFERING_PARTS	data/normalized_yaml/archaea/KOMODO_1083_ACIDULIPROFUNDUM_medium.yaml	CultureMech:003735	MgSO4 x 7 H2O	33.4965	G_PER_L	3.4965;30.0	value is the sum of differing parts; which one the medium means needs the source recipe
DIFFERING_PARTS	data/normalized_yaml/archaea/KOMODO_1083_ACIDULIPROFUNDUM_medium.yaml	CultureMech:003735	CaCl2 x 2 H2O	1.37962	G_PER_L	0.37962;1.0	value is the sum of differing parts; which one the medium means needs the source recipe
DIFFERING_PARTS	data/normalized_yaml/archaea/KOMODO_119_METHANOBACTERIUM_medium.yaml	CultureMech:003939	Yeast extract	4.996016	G_PER_L	0.996016;4.0	value is the sum of differing parts; which one the medium means needs the source recipe
COEXISTING_ROW	data/normalized_yaml/archaea/KOMODO_119_METHANOBACTERIUM_medium.yaml	CultureMech:003939	Yeast extract	4.996016;5.0	G_PER_L		2 rows name this ingredient in one record, one of them a merge survivor — a consumer double-counts
DIFFERING_PARTS	data/normalized_yaml/archaea/KOMODO_1257_METHANOCELLA_medium.yaml	CultureMech:004017	NaCl	1.998004	G_PER_L	0.998004;1.0	value is the sum of differing parts; which one the medium means needs the source recipe
DIFFERING_PARTS	data/normalized_yaml/archaea/KOMODO_1257_METHANOCELLA_medium.yaml	CultureMech:004017	CaCl2 x 2 H2O	0.1998004	G_PER_L	0.0998004;0.1	value is the sum of differing parts; which one the medium means needs the source recipe
DIFFERING_PARTS	data/normalized_yaml/archaea/KOMODO_1273_METHANOSPIRILLUM_LACUNAE_MEDIUM.yaml	CultureMech:004027	CaCl2 x 2 H2O	0.248368	G_PER_L	0.148368;0.1	value is the sum of differing parts; which one the medium means needs the source recipe
DIFFERING_PARTS	data/normalized_yaml/archaea/KOMODO_1329_METHANOSAETA_PELAGICA_medium.yaml	CultureMech:004085	CaCl2 x 2 H2O	0.249551	G_PER_L	0.149551;0.1	value is the sum of differing parts; which one the medium means needs the source recipe
DIFFERING_PARTS	data/normalized_yaml/archaea/KOMODO_1329_METHANOSAETA_PELAGICA_medium.yaml	CultureMech:004085	NaCl	20.9402	G_PER_L	19.9402;1.0	value is the sum of differing parts; which one the medium means needs the source recipe
DIFFERING_PARTS	data/normalized_yaml/archaea/KOMODO_141_METHANOGENIUM_medium.yaml	CultureMech:004144	MgSO4 x 7 H2O	6.40573	G_PER_L	3.40573;3.0	value is the sum of differing parts; which one the medium means needs the source recipe
DIFFERING_PARTS	data/normalized_yaml/archaea/KOMODO_141_METHANOGENIUM_medium.yaml	CultureMech:004144	CaCl2 x 2 H2O	0.238203	G_PER_L	0.138203;0.1	value is the sum of differing parts; which one the medium means needs the source recipe
DIFFERING_PARTS	data/normalized_yaml/archaea/KOMODO_141_METHANOGENIUM_medium.yaml	CultureMech:004144	NaCl	18.769	G_PER_L	17.769;1.0	value is the sum of differing parts; which one the medium means needs the source recipe
DIFFERING_PARTS	data/normalized_yaml/archaea/KOMODO_161_METHANOMICROBIUM_MOBILE_medium.yaml	CultureMech:004186	MgSO4 x 7 H2O	3.12987	G_PER_L	0.12987;3.0	value is the sum of differing parts; which one the medium means needs the source recipe
DIFFERING_PARTS	data/normalized_yaml/archaea/KOMODO_161_METHANOMICROBIUM_MOBILE_medium.yaml	CultureMech:004186	CaCl2 x 2 H2O	0.10799201	G_PER_L	0.00799201;0.1	value is the sum of differing parts; which one the medium means needs the source recipe
DIFFERING_PARTS	data/normalized_yaml/archaea/KOMODO_161_METHANOMICROBIUM_MOBILE_medium.yaml	CultureMech:004186	FeSO4 x 7 H2O	0.101998	G_PER_L	0.001998;0.1	value is the sum of differing parts; which one the medium means needs the source recipe
DIFFERING_PARTS	data/normalized_yaml/archaea/KOMODO_203_METHANOTHERMUS_FERVIDUS_medium.yaml	CultureMech:004311	FeSO4 x 7 H2O	0.10198216	G_PER_L	0.00198216;0.1	value is the sum of differing parts; which one the medium means needs the source recipe
DIFFERING_PARTS	data/normalized_yaml/archaea/KOMODO_203_METHANOTHERMUS_FERVIDUS_medium.yaml	CultureMech:004311	NaCl	13.0	G_PER_L	12.0;1.0	value is the sum of differing parts; which one the medium means needs the source recipe
DIFFERING_PARTS	data/normalized_yaml/archaea/KOMODO_203_METHANOTHERMUS_FERVIDUS_medium.yaml	CultureMech:004311	MgSO4 x 7 H2O	5.4	G_PER_L	2.4;3.0	value is the sum of differing parts; which one the medium means needs the source recipe
DIFFERING_PARTS	data/normalized_yaml/archaea/KOMODO_280_METHANOCOCCOIDES_medium.yaml	CultureMech:004733	MgSO4 x 7 H2O	6.40573	G_PER_L	3.40573;3.0	value is the sum of differing parts; which one the medium means needs the source recipe
DIFFERING_PARTS	data/normalized_yaml/archaea/KOMODO_280_METHANOCOCCOIDES_medium.yaml	CultureMech:004733	CaCl2 x 2 H2O	0.238203	G_PER_L	0.138203;0.1	value is the sum of differing parts; which one the medium means needs the source recipe
DIFFERING_PARTS	data/normalized_yaml/archaea/KOMODO_280_METHANOCOCCOIDES_medium.yaml	CultureMech:004733	NaCl	18.769	G_PER_L	17.769;1.0	value is the sum of differing parts; which one the medium means needs the source recipe
DIFFERING_PARTS	data/normalized_yaml/archaea/KOMODO_283_PYRODICTIUM_medium.yaml	CultureMech:004740	NaCl	14.5122	G_PER_L	13.5122;1.0	value is the sum of differing parts; which one the medium means needs the source recipe
DIFFERING_PARTS	data/normalized_yaml/archaea/KOMODO_283_PYRODICTIUM_medium.yaml	CultureMech:004740	MgSO4 x 7 H2O	6.41463	G_PER_L	3.41463;3.0	value is the sum of differing parts; which one the medium means needs the source recipe
DIFFERING_PARTS	data/normalized_yaml/archaea/KOMODO_283_PYRODICTIUM_medium.yaml	CultureMech:004740	H3BO3	0.0246341	G_PER_L	0.0146341;0.01	value is the sum of differing parts; which one the medium means needs the source recipe
DIFFERING_PARTS	data/normalized_yaml/archaea/KOMODO_283_PYRODICTIUM_medium.yaml	CultureMech:004740	CaCl2 x 2 H2O	0.831707	G_PER_L	0.731707;0.1	value is the sum of differing parts; which one the medium means needs the source recipe
DIFFERING_PARTS	data/normalized_yaml/archaea/KOMODO_283_PYRODICTIUM_medium.yaml	CultureMech:004740	NiCl2 x 6 H2O	0.03195122	G_PER_L	0.00195122;0.03	value is the sum of differing parts; which one the medium means needs the source recipe
DIFFERING_PARTS	data/normalized_yaml/archaea/KOMODO_334_METHANOTHRIX_medium.yaml	CultureMech:005028	NaCl	31.0	G_PER_L	30.0;1.0	value is the sum of differing parts; which one the medium means needs the source recipe
DIFFERING_PARTS	data/normalized_yaml/archaea/KOMODO_334_METHANOTHRIX_medium.yaml	CultureMech:005028	CaCl2 x 2 H2O	11.1	G_PER_L	11.0;0.1	value is the sum of differing parts; which one the medium means needs the source recipe
DIFFERING_PARTS	data/normalized_yaml/archaea/KOMODO_342_METHANOBACTERIUM_ALCALIPHILUM_medium.yaml	CultureMech:005050	CaCl2 x 2 H2O	0.226263	G_PER_L	0.126263;0.1	value is the sum of differing parts; which one the medium means needs the source recipe
DIFFERING_PARTS	data/normalized_yaml/archaea/KOMODO_342_METHANOBACTERIUM_ALCALIPHILUM_medium.yaml	CultureMech:005050	Na2SeO3 x 5 H2O	0.000552525	G_PER_L	0.000252525;0.0003	value is the sum of differing parts; which one the medium means needs the source recipe
DIFFERING_PARTS	data/normalized_yaml/archaea/KOMODO_373_METHANOGENIUM_CV_medium.yaml	CultureMech:005105	MgSO4 x 7 H2O	6.44655	G_PER_L	3.44655;3.0	value is the sum of differing parts; which one the medium means needs the source recipe
DIFFERING_PARTS	data/normalized_yaml/archaea/KOMODO_373_METHANOGENIUM_CV_medium.yaml	CultureMech:005105	NaCl	18.982	G_PER_L	17.982;1.0	value is the sum of differing parts; which one the medium means needs the source recipe
DIFFERING_PARTS	data/normalized_yaml/archaea/KOMODO_399_ARCHAEOGLOBUS_medium.yaml	CultureMech:005188	MgSO4 x 7 H2O	6.40909	G_PER_L	3.40909;3.0	value is the sum of differing parts; which one the medium means needs the source recipe
DIFFERING_PARTS	data/normalized_yaml/archaea/KOMODO_399_ARCHAEOGLOBUS_medium.yaml	CultureMech:005188	CaCl2 x 2 H2O	0.23834	G_PER_L	0.13834;0.1	value is the sum of differing parts; which one the medium means needs the source recipe
DIFFERING_PARTS	data/normalized_yaml/archaea/KOMODO_399_ARCHAEOGLOBUS_medium.yaml	CultureMech:005188	NaCl	18.7866	G_PER_L	17.7866;1.0	value is the sum of differing parts; which one the medium means needs the source recipe
DIFFERING_PARTS	data/normalized_yaml/archaea/KOMODO_479_METHANOHALOPHILUS_medium.yaml	CultureMech:005594	NaCl	87.1386	G_PER_L	86.1386;1.0	value is the sum of differing parts; which one the medium means needs the source recipe
DIFFERING_PARTS	data/normalized_yaml/archaea/KOMODO_491_HYPERTHERMUS_BUTYLICUS_MEDIUM.yaml	CultureMech:005619	NaCl	17.5531	G_PER_L	16.5531;1.0	value is the sum of differing parts; which one the medium means needs the source recipe
DIFFERING_PARTS	data/normalized_yaml/archaea/KOMODO_491_HYPERTHERMUS_BUTYLICUS_MEDIUM.yaml	CultureMech:005619	MgSO4 x 7 H2O	6.40798	G_PER_L	3.40798;3.0	value is the sum of differing parts; which one the medium means needs the source recipe
DIFFERING_PARTS	data/normalized_yaml/archaea/KOMODO_491_HYPERTHERMUS_BUTYLICUS_MEDIUM.yaml	CultureMech:005619	H3BO3	0.0246056	G_PER_L	0.0146056;0.01	value is the sum of differing parts; which one the medium means needs the source recipe
DIFFERING_PARTS	data/normalized_yaml/archaea/KOMODO_491_HYPERTHERMUS_BUTYLICUS_MEDIUM.yaml	CultureMech:005619	CaCl2 x 2 H2O	0.830282	G_PER_L	0.730282;0.1	value is the sum of differing parts; which one the medium means needs the source recipe
DIFFERING_PARTS	data/normalized_yaml/archaea/KOMODO_491_HYPERTHERMUS_BUTYLICUS_MEDIUM.yaml	CultureMech:005619	NiCl2 x 6 H2O	0.03194742	G_PER_L	0.00194742;0.03	value is the sum of differing parts; which one the medium means needs the source recipe
DIFFERING_PARTS	data/normalized_yaml/archaea/KOMODO_506_METHANOBACTERIUM_ESPANOLAE_MEDIUM.yaml	CultureMech:005699	MgSO4 x 7 H2O	3.118694	G_PER_L	0.118694;3.0	value is the sum of differing parts; which one the medium means needs the source recipe
DIFFERING_PARTS	data/normalized_yaml/archaea/KOMODO_506_METHANOBACTERIUM_ESPANOLAE_MEDIUM.yaml	CultureMech:005699	NaCl	1.049456	G_PER_L	0.049456;1.0	value is the sum of differing parts; which one the medium means needs the source recipe
DIFFERING_PARTS	data/normalized_yaml/archaea/KOMODO_511_METHANOPYRUS_MEDIUM.yaml	CultureMech:005713	NaCl	12.718	G_PER_L	11.718;1.0	value is the sum of differing parts; which one the medium means needs the source recipe
DIFFERING_PARTS	data/normalized_yaml/archaea/KOMODO_511_METHANOPYRUS_MEDIUM.yaml	CultureMech:005713	MgSO4 x 7 H2O	4.73784	G_PER_L	1.73784;3.0	value is the sum of differing parts; which one the medium means needs the source recipe
DIFFERING_PARTS	data/normalized_yaml/archaea/KOMODO_511_METHANOPYRUS_MEDIUM.yaml	CultureMech:005713	CaCl2 x 2 H2O	0.874578	G_PER_L	0.774578;0.1	value is the sum of differing parts; which one the medium means needs the source recipe
DIFFERING_PARTS	data/normalized_yaml/archaea/KOMODO_511_METHANOPYRUS_MEDIUM.yaml	CultureMech:005713	H3BO3	1.31	G_PER_L	1.3;0.01	value is the sum of differing parts; which one the medium means needs the source recipe
DIFFERING_PARTS	data/normalized_yaml/archaea/KOMODO_519_ARCHAEOGLOBUS_PROFUNDUS_medium.yaml	CultureMech:005877	MgSO4 x 7 H2O	6.40909	G_PER_L	3.40909;3.0	value is the sum of differing parts; which one the medium means needs the source recipe
DIFFERING_PARTS	data/normalized_yaml/archaea/KOMODO_519_ARCHAEOGLOBUS_PROFUNDUS_medium.yaml	CultureMech:005877	CaCl2 x 2 H2O	0.23834	G_PER_L	0.13834;0.1	value is the sum of differing parts; which one the medium means needs the source recipe
DIFFERING_PARTS	data/normalized_yaml/archaea/KOMODO_519_ARCHAEOGLOBUS_PROFUNDUS_medium.yaml	CultureMech:005877	NaCl	18.7866	G_PER_L	17.7866;1.0	value is the sum of differing parts; which one the medium means needs the source recipe
DIFFERING_PARTS	data/normalized_yaml/archaea/KOMODO_713_METHANOHALOPHILUS_EUHALOBIUS_medium.yaml	CultureMech:006351	NaCl	61.0	G_PER_L	60.0;1.0	value is the sum of differing parts; which one the medium means needs the source recipe
DIFFERING_PARTS	data/normalized_yaml/archaea/KOMODO_713_METHANOHALOPHILUS_EUHALOBIUS_medium.yaml	CultureMech:006351	CaCl2 x 2 H2O	2.1	G_PER_L	2.0;0.1	value is the sum of differing parts; which one the medium means needs the source recipe
DIFFERING_PARTS	data/normalized_yaml/archaea/KOMODO_730_FERROGLOBUS_PLACIDUS_MEDIUM.yaml	CultureMech:006373	NaCl	19.9474	G_PER_L	18.9474;1.0	value is the sum of differing parts; which one the medium means needs the source recipe
DIFFERING_PARTS	data/normalized_yaml/archaea/KOMODO_730_FERROGLOBUS_PLACIDUS_MEDIUM.yaml	CultureMech:006373	CaCl2 x 2 H2O	0.247368	G_PER_L	0.147368;0.1	value is the sum of differing parts; which one the medium means needs the source recipe
DIFFERING_PARTS	data/normalized_yaml/archaea/KOMODO_766_THERMOCOCCUS_CHITINOPHAGUS_MEDIUM.yaml	CultureMech:006420	NaHCO3	0.392	G_PER_L	0.2;0.192	value is the sum of differing parts; which one the medium means needs the source recipe
DIFFERING_PARTS	data/normalized_yaml/archaea/KOMODO_766_THERMOCOCCUS_CHITINOPHAGUS_MEDIUM.yaml	CultureMech:006420	NaCl	24.47	G_PER_L	23.47;1.0	value is the sum of differing parts; which one the medium means needs the source recipe
DIFFERING_PARTS	data/normalized_yaml/archaea/KOMODO_766_THERMOCOCCUS_CHITINOPHAGUS_MEDIUM.yaml	CultureMech:006420	H3BO3	0.036	G_PER_L	0.026;0.01	value is the sum of differing parts; which one the medium means needs the source recipe
DIFFERING_PARTS	data/normalized_yaml/archaea/KOMODO_792_PYROLOBUS_FUMARII_MEDIUM.yaml	CultureMech:006501	NaCl	40.3337	G_PER_L	30.3337;10.0	value is the sum of differing parts; which one the medium means needs the source recipe
DIFFERING_PARTS	data/normalized_yaml/archaea/KOMODO_792_PYROLOBUS_FUMARII_MEDIUM.yaml	CultureMech:006501	MgSO4 x 7 H2O	33.53893	G_PER_L	3.53893;30.0	value is the sum of differing parts; which one the medium means needs the source recipe
DIFFERING_PARTS	data/normalized_yaml/archaea/KOMODO_792_PYROLOBUS_FUMARII_MEDIUM.yaml	CultureMech:006501	H3BO3	0.1151668	G_PER_L	0.0151668;0.1	value is the sum of differing parts; which one the medium means needs the source recipe
DIFFERING_PARTS	data/normalized_yaml/archaea/KOMODO_795_STETTERIA_medium.yaml	CultureMech:006504	NiCl2 x 6 H2O	0.03295858	G_PER_L	0.00295858;0.03	value is the sum of differing parts; which one the medium means needs the source recipe
DIFFERING_PARTS	data/normalized_yaml/archaea/KOMODO_795_STETTERIA_medium.yaml	CultureMech:006504	NaCl	56.4	G_PER_L	55.4;1.0	value is the sum of differing parts; which one the medium means needs the source recipe
DIFFERING_PARTS	data/normalized_yaml/archaea/KOMODO_795_STETTERIA_medium.yaml	CultureMech:006504	MgSO4 x 7 H2O	17.0	G_PER_L	14.0;3.0	value is the sum of differing parts; which one the medium means needs the source recipe
DIFFERING_PARTS	data/normalized_yaml/archaea/KOMODO_795_STETTERIA_medium.yaml	CultureMech:006504	CaCl2 x 2 H2O	1.6	G_PER_L	1.5;0.1	value is the sum of differing parts; which one the medium means needs the source recipe
DIFFERING_PARTS	data/normalized_yaml/archaea/KOMODO_806_THERMOCOCCUS_medium.yaml	CultureMech:006524	MgSO4 x 7 H2O	6.4	G_PER_L	3.4;3.0	value is the sum of differing parts; which one the medium means needs the source recipe
DIFFERING_PARTS	data/normalized_yaml/archaea/KOMODO_806_THERMOCOCCUS_medium.yaml	CultureMech:006524	NaCl	19.0	G_PER_L	18.0;1.0	value is the sum of differing parts; which one the medium means needs the source recipe
DIFFERING_PARTS	data/normalized_yaml/archaea/KOMODO_825_METHANOBACTERIUM_II_medium.yaml	CultureMech:006555	CaCl2 x 2 H2O	0.198912	G_PER_L	0.098912;0.1	value is the sum of differing parts; which one the medium means needs the source recipe
DIFFERING_PARTS	data/normalized_yaml/archaea/KOMODO_825_METHANOBACTERIUM_II_medium.yaml	CultureMech:006555	NaCl	1.593472	G_PER_L	0.593472;1.0	value is the sum of differing parts; which one the medium means needs the source recipe
DIFFERING_PARTS	data/normalized_yaml/archaea/KOMODO_892_METHANOCALCULUS_PUMILUS_medium.yaml	CultureMech:006745	NaCl	10.8912	G_PER_L	9.8912;1.0	value is the sum of differing parts; which one the medium means needs the source recipe
DIFFERING_PARTS	data/normalized_yaml/archaea/KOMODO_905_METHANOCALCULUS_HALOTOLERANS_medium.yaml	CultureMech:006776	NaCl	50.505	G_PER_L	49.505;1.0	value is the sum of differing parts; which one the medium means needs the source recipe
DIFFERING_PARTS	data/normalized_yaml/archaea/KOMODO_905_METHANOCALCULUS_HALOTOLERANS_medium.yaml	CultureMech:006776	CaCl2 x 2 H2O	0.694059	G_PER_L	0.594059;0.1	value is the sum of differing parts; which one the medium means needs the source recipe
DIFFERING_PARTS	data/normalized_yaml/archaea/KOMODO_926_ALKALIPHILIC_THERMOCOCCUS_medium.yaml	CultureMech:006844	NaCl	14.85	G_PER_L	13.85;1.0	value is the sum of differing parts; which one the medium means needs the source recipe
DIFFERING_PARTS	data/normalized_yaml/archaea/KOMODO_926_ALKALIPHILIC_THERMOCOCCUS_medium.yaml	CultureMech:006844	MgSO4 x 7 H2O	6.5	G_PER_L	3.5;3.0	value is the sum of differing parts; which one the medium means needs the source recipe
DIFFERING_PARTS	data/normalized_yaml/archaea/KOMODO_926_ALKALIPHILIC_THERMOCOCCUS_medium.yaml	CultureMech:006844	CaCl2 x 2 H2O	0.100025	G_PER_L	0.000025;0.1	value is the sum of differing parts; which one the medium means needs the source recipe
DIFFERING_PARTS	data/normalized_yaml/archaea/KOMODO_926_ALKALIPHILIC_THERMOCOCCUS_medium.yaml	CultureMech:006844	H3BO3	0.025	G_PER_L	0.015;0.01	value is the sum of differing parts; which one the medium means needs the source recipe
DIFFERING_PARTS	data/normalized_yaml/archaea/TOGO_M1184_Liquid_Basal_Medium_For_Methanosarcina.yaml	CultureMech:007710	Distilled water	931.0	G_PER_L	930.0;1.0	value is the sum of differing parts; which one the medium means needs the source recipe
DIFFERING_PARTS	data/normalized_yaml/archaea/TOGO_M1228_Methanimicrococcus_Medium.yaml	CultureMech:007756	Distilled water	935.0	G_PER_L	925.0;10.0	value is the sum of differing parts; which one the medium means needs the source recipe
DIFFERING_PARTS	data/normalized_yaml/archaea/TOGO_M1298_Methanocaldococcus_Leighii_Medium.yaml	CultureMech:007831	MgSO4・7H2O	6.4	G_PER_L	3.4;3.0	value is the sum of differing parts; which one the medium means needs the source recipe
DIFFERING_PARTS	data/normalized_yaml/archaea/TOGO_M142_Pyrococcus_Medium.yaml	CultureMech:007968	MgSO4・7H2O	6.5	G_PER_L	3.5;3.0	value is the sum of differing parts; which one the medium means needs the source recipe
DIFFERING_PARTS	data/normalized_yaml/archaea/TOGO_M142_Pyrococcus_Medium.yaml	CultureMech:007968	NaCl	14.85	G_PER_L	13.85;1.0	value is the sum of differing parts; which one the medium means needs the source recipe
DIFFERING_PARTS	data/normalized_yaml/archaea/TOGO_M142_Pyrococcus_Medium.yaml	CultureMech:007968	H3BO3	15.01	G_PER_L	15.0;0.01	value is the sum of differing parts; which one the medium means needs the source recipe
DIFFERING_PARTS	data/normalized_yaml/archaea/TOGO_M1584_Archaeoglobus_Medium.yaml	CultureMech:008134	MgSO4·7H2O	6.45	G_PER_L	3.45;3.0	value is the sum of differing parts; which one the medium means needs the source recipe
DIFFERING_PARTS	data/normalized_yaml/archaea/TOGO_M1584_Archaeoglobus_Medium.yaml	CultureMech:008134	NaCl	19.0	G_PER_L	18.0;1.0	value is the sum of differing parts; which one the medium means needs the source recipe
DIFFERING_PARTS	data/normalized_yaml/archaea/TOGO_M1585_Archaeoglobus_profundus_medium.yaml	CultureMech:008135	MgSO4·7H2O	6.45	G_PER_L	3.45;3.0	value is the sum of differing parts; which one the medium means needs the source recipe
DIFFERING_PARTS	data/normalized_yaml/archaea/TOGO_M1585_Archaeoglobus_profundus_medium.yaml	CultureMech:008135	NaCl	19.0	G_PER_L	18.0;1.0	value is the sum of differing parts; which one the medium means needs the source recipe
DIFFERING_PARTS	data/normalized_yaml/archaea/TOGO_M1596_Methanosarcina_Medium.yaml	CultureMech:008147	Distilled water	1972.0	G_PER_L	980.0;1.0;990.0;1.0	value is the sum of differing parts; which one the medium means needs the source recipe
DIFFERING_PARTS	data/normalized_yaml/archaea/TOGO_M1597_Methanobacterium_Medium.yaml	CultureMech:008148	NaCl	1.6	G_PER_L	0.6;1.0	value is the sum of differing parts; which one the medium means needs the source recipe
DIFFERING_PARTS	data/normalized_yaml/archaea/TOGO_M1597_Methanobacterium_Medium.yaml	CultureMech:008148	CaCl2·2H2O	8.1	G_PER_L	8.0;0.1	value is the sum of differing parts; which one the medium means needs the source recipe
DIFFERING_PARTS	data/normalized_yaml/archaea/TOGO_M1610_Methanocaldococcus_jannaschii_Medium.yaml	CultureMech:008164	NaCl	31.0	G_PER_L	30.0;1.0	value is the sum of differing parts; which one the medium means needs the source recipe
DIFFERING_PARTS	data/normalized_yaml/archaea/TOGO_M1630_Pyrodictium_Medium.yaml	CultureMech:008186	MgSO4·7H2O	6.5	G_PER_L	3.5;3.0	value is the sum of differing parts; which one the medium means needs the source recipe
DIFFERING_PARTS	data/normalized_yaml/archaea/TOGO_M1630_Pyrodictium_Medium.yaml	CultureMech:008186	NaCl	14.85	G_PER_L	13.85;1.0	value is the sum of differing parts; which one the medium means needs the source recipe
DIFFERING_PARTS	data/normalized_yaml/archaea/TOGO_M1630_Pyrodictium_Medium.yaml	CultureMech:008186	H3BO3	15.01	G_PER_L	15.0;0.01	value is the sum of differing parts; which one the medium means needs the source recipe
DIFFERING_PARTS	data/normalized_yaml/archaea/TOGO_M1634_Methanosarcina_Medium.yaml	CultureMech:008189	Distilled water	983.0	G_PER_L	981.0;1.0;1.0	value is the sum of differing parts; which one the medium means needs the source recipe
DIFFERING_PARTS	data/normalized_yaml/archaea/TOGO_M1637_Archaeoglobus_Medium.yaml	CultureMech:008192	NaCl	31.0	G_PER_L	30.0;1.0	value is the sum of differing parts; which one the medium means needs the source recipe
DIFFERING_PARTS	data/normalized_yaml/archaea/TOGO_M1637_Archaeoglobus_Medium.yaml	CultureMech:008192	CaCl2·2H2O	0.25	G_PER_L	0.15;0.1	value is the sum of differing parts; which one the medium means needs the source recipe
DIFFERING_PARTS	data/normalized_yaml/archaea/TOGO_M1649_Pyrobaculum_aerophilum_Medium.yaml	CultureMech:008205	Distilled water	867.0	G_PER_L	865.0;1.0;1.0	value is the sum of differing parts; which one the medium means needs the source recipe
DIFFERING_PARTS	data/normalized_yaml/archaea/TOGO_M1649_Pyrobaculum_aerophilum_Medium.yaml	CultureMech:008205	MgSO4·7H2O	10.0	G_PER_L	7.0;3.0	value is the sum of differing parts; which one the medium means needs the source recipe
DIFFERING_PARTS	data/normalized_yaml/archaea/TOGO_M1649_Pyrobaculum_aerophilum_Medium.yaml	CultureMech:008205	NaCl	48.0	G_PER_L	47.0;1.0	value is the sum of differing parts; which one the medium means needs the source recipe
DIFFERING_PARTS	data/normalized_yaml/archaea/TOGO_M1649_Pyrobaculum_aerophilum_Medium.yaml	CultureMech:008205	CaCl2·2H2O	3.1	G_PER_L	3.0;0.1	value is the sum of differing parts; which one the medium means needs the source recipe
DIFFERING_PARTS	data/normalized_yaml/archaea/TOGO_M1649_Pyrobaculum_aerophilum_Medium.yaml	CultureMech:008205	H3BO3	52.01	G_PER_L	52.0;0.01	value is the sum of differing parts; which one the medium means needs the source recipe
DIFFERING_PARTS	data/normalized_yaml/archaea/TOGO_M1655_Methanopyrus_Medium.yaml	CultureMech:008212	NaCl	12.8	G_PER_L	11.8;1.0	value is the sum of differing parts; which one the medium means needs the source recipe
DIFFERING_PARTS	data/normalized_yaml/archaea/TOGO_M1655_Methanopyrus_Medium.yaml	CultureMech:008212	CaCl2·2H2O	0.88	G_PER_L	0.78;0.1	value is the sum of differing parts; which one the medium means needs the source recipe
DIFFERING_PARTS	data/normalized_yaml/archaea/TOGO_M1655_Methanopyrus_Medium.yaml	CultureMech:008212	H3BO3	0.023	G_PER_L	0.013;0.01	value is the sum of differing parts; which one the medium means needs the source recipe
DIFFERING_PARTS	data/normalized_yaml/archaea/TOGO_M1656_Methanosarcina_acetivorans_Medium.yaml	CultureMech:008213	NaCl	24.4	G_PER_L	23.4;1.0	value is the sum of differing parts; which one the medium means needs the source recipe
DIFFERING_PARTS	data/normalized_yaml/archaea/TOGO_M1672_Archaeoglobus_profundus_Medium.yaml	CultureMech:008230	NaCl	31.0	G_PER_L	30.0;1.0	value is the sum of differing parts; which one the medium means needs the source recipe
DIFFERING_PARTS	data/normalized_yaml/archaea/TOGO_M1672_Archaeoglobus_profundus_Medium.yaml	CultureMech:008230	CaCl2·2H2O	0.25	G_PER_L	0.15;0.1	value is the sum of differing parts; which one the medium means needs the source recipe
DIFFERING_PARTS	data/normalized_yaml/archaea/TOGO_M1674_Methanoculleus_Medium.yaml	CultureMech:008232	CaCl2·2H2O	0.158	G_PER_L	0.14;0.018	value is the sum of differing parts; which one the medium means needs the source recipe
DIFFERING_PARTS	data/normalized_yaml/archaea/TOGO_M1690_Methanothrix_Medium.yaml	CultureMech:008250	CaCl2·2H2O	0.098	G_PER_L	0.08;0.018	value is the sum of differing parts; which one the medium means needs the source recipe
DIFFERING_PARTS	data/normalized_yaml/archaea/TOGO_M1706_Methanogenium_Medium.yaml	CultureMech:008268	MgSO4·7H2O	6.45	G_PER_L	3.45;3.0	value is the sum of differing parts; which one the medium means needs the source recipe
DIFFERING_PARTS	data/normalized_yaml/archaea/TOGO_M1706_Methanogenium_Medium.yaml	CultureMech:008268	NaCl	19.0	G_PER_L	18.0;1.0	value is the sum of differing parts; which one the medium means needs the source recipe
DIFFERING_PARTS	data/normalized_yaml/archaea/TOGO_M1717_Methanosaeta_harundinacea_medium.yaml	CultureMech:008280	CaCl2·2H2O	0.098	G_PER_L	0.08;0.018	value is the sum of differing parts; which one the medium means needs the source recipe
DIFFERING_PARTS	data/normalized_yaml/archaea/TOGO_M1771_Methanobacterium_Medium.yaml	CultureMech:008337	CaCl2·2H2O	0.25	G_PER_L	0.15;0.1	value is the sum of differing parts; which one the medium means needs the source recipe
DIFFERING_PARTS	data/normalized_yaml/archaea/TOGO_M1794_Archaeoglobus_fulgidus_Medium.yaml	CultureMech:008362	NaCl	31.0	G_PER_L	30.0;1.0	value is the sum of differing parts; which one the medium means needs the source recipe
DIFFERING_PARTS	data/normalized_yaml/archaea/TOGO_M1794_Archaeoglobus_fulgidus_Medium.yaml	CultureMech:008362	CaCl2·2H2O	0.25	G_PER_L	0.15;0.1	value is the sum of differing parts; which one the medium means needs the source recipe
DIFFERING_PARTS	data/normalized_yaml/archaea/TOGO_M1795_Methanofollis_ethanolicus_medium.yaml	CultureMech:008363	CaCl2·2H2O	0.25	G_PER_L	0.15;0.1	value is the sum of differing parts; which one the medium means needs the source recipe
DIFFERING_PARTS	data/normalized_yaml/archaea/TOGO_M180_Desulfurococcus_Amylolyticus_Medium.yaml	CultureMech:008380	Distilled water	1981.0	G_PER_L	990.0;990.0;1.0	value is the sum of differing parts; which one the medium means needs the source recipe
DIFFERING_PARTS	data/normalized_yaml/archaea/TOGO_M1834_Methanobacterium_Medium.yaml	CultureMech:008407	CaCl2·2H2O	0.247	G_PER_L	0.147;0.1	value is the sum of differing parts; which one the medium means needs the source recipe
DIFFERING_PARTS	data/normalized_yaml/archaea/TOGO_M1848_Methanobacterium_alcaliphilum_medium.yaml	CultureMech:008422	Distilled water	972.0	G_PER_L	760.0;210.0;1.0;1.0	value is the sum of differing parts; which one the medium means needs the source recipe
DIFFERING_PARTS	data/normalized_yaml/archaea/TOGO_M1848_Methanobacterium_alcaliphilum_medium.yaml	CultureMech:008422	CaCl2·2H2O	0.23	G_PER_L	0.1;0.13	value is the sum of differing parts; which one the medium means needs the source recipe
DIFFERING_PARTS	data/normalized_yaml/archaea/TOGO_M1908_Methanococcoides_medium.yaml	CultureMech:008485	NaCl	19.0	G_PER_L	18.0;1.0	value is the sum of differing parts; which one the medium means needs the source recipe
DIFFERING_PARTS	data/normalized_yaml/archaea/TOGO_M1909_Methanohalobium_medium.yaml	CultureMech:008486	NaCl	251.0	G_PER_L	250.0;1.0	value is the sum of differing parts; which one the medium means needs the source recipe
DIFFERING_PARTS	data/normalized_yaml/archaea/TOGO_M1910_Methanohalophilus_medium.yaml	CultureMech:008488	NaCl	71.0	G_PER_L	70.0;1.0	value is the sum of differing parts; which one the medium means needs the source recipe
DIFFERING_PARTS	data/normalized_yaml/archaea/TOGO_M2014_Methanosarcina_Medium.yaml	CultureMech:008601	NaCl	1.9	G_PER_L	0.9;1.0	value is the sum of differing parts; which one the medium means needs the source recipe
DIFFERING_PARTS	data/normalized_yaml/archaea/TOGO_M2019_Methanohalophilus_Medium.yaml	CultureMech:008606	NaCl	21.0	G_PER_L	20.0;1.0	value is the sum of differing parts; which one the medium means needs the source recipe
DIFFERING_PARTS	data/normalized_yaml/archaea/TOGO_M2019_Methanohalophilus_Medium.yaml	CultureMech:008606	CaCl2·2H2O	0.247	G_PER_L	0.147;0.1	value is the sum of differing parts; which one the medium means needs the source recipe
DIFFERING_PARTS	data/normalized_yaml/archaea/TOGO_M208_Pyrobaculum_Aerophilum_Medium.yaml	CultureMech:008680	Distilled water	866.0	G_PER_L	865.0;1.0	value is the sum of differing parts; which one the medium means needs the source recipe
DIFFERING_PARTS	data/normalized_yaml/archaea/TOGO_M2092_Hydrogen-using_marine_methanogen_medium.yaml	CultureMech:008683	NaCl	31.0	G_PER_L	30.0;1.0	value is the sum of differing parts; which one the medium means needs the source recipe
DIFFERING_PARTS	data/normalized_yaml/archaea/TOGO_M2092_Hydrogen-using_marine_methanogen_medium.yaml	CultureMech:008683	CaCl2·2H2O	0.25	G_PER_L	0.15;0.1	value is the sum of differing parts; which one the medium means needs the source recipe
DIFFERING_PARTS	data/normalized_yaml/archaea/TOGO_M2219_Pyrobaculum_BS_Medium.yaml	CultureMech:008808	Distilled water	2875.0	G_PER_L	875.0;1000.0;1000.0	value is the sum of differing parts; which one the medium means needs the source recipe
DIFFERING_PARTS	data/normalized_yaml/archaea/TOGO_M2219_Pyrobaculum_BS_Medium.yaml	CultureMech:008808	MgSO4 x 7 H2O	10.0	G_PER_L	7.0;3.0	value is the sum of differing parts; which one the medium means needs the source recipe
DIFFERING_PARTS	data/normalized_yaml/archaea/TOGO_M2219_Pyrobaculum_BS_Medium.yaml	CultureMech:008808	NaCl	48.15	G_PER_L	47.15;1.0	value is the sum of differing parts; which one the medium means needs the source recipe
DIFFERING_PARTS	data/normalized_yaml/archaea/TOGO_M2219_Pyrobaculum_BS_Medium.yaml	CultureMech:008808	CaCl2 x 2 H2O	3.23	G_PER_L	3.13;0.1	value is the sum of differing parts; which one the medium means needs the source recipe
DIFFERING_PARTS	data/normalized_yaml/archaea/TOGO_M2219_Pyrobaculum_BS_Medium.yaml	CultureMech:008808	H3BO3	52.01	G_PER_L	52.0;0.01	value is the sum of differing parts; which one the medium means needs the source recipe
DIFFERING_PARTS	data/normalized_yaml/archaea/TOGO_M221_Methanococcus_McC_Medium.yaml	CultureMech:008809	Distilled water	586.0	G_PER_L	485.0;1.0;100.0	value is the sum of differing parts; which one the medium means needs the source recipe
DIFFERING_PARTS	data/normalized_yaml/archaea/TOGO_M224_Methanobacterium_Thermoautotrophicum_Medium.yaml	CultureMech:008838	Distilled water	1980.0	G_PER_L	980.0;1000.0	value is the sum of differing parts; which one the medium means needs the source recipe
DIFFERING_PARTS	data/normalized_yaml/archaea/TOGO_M224_Methanobacterium_Thermoautotrophicum_Medium.yaml	CultureMech:008838	MgSO4・7H2O	6.32	G_PER_L	0.12;6.2	value is the sum of differing parts; which one the medium means needs the source recipe
DIFFERING_PARTS	data/normalized_yaml/archaea/TOGO_M224_Methanobacterium_Thermoautotrophicum_Medium.yaml	CultureMech:008838	NaCl	1.6	G_PER_L	0.6;1.0	value is the sum of differing parts; which one the medium means needs the source recipe
DIFFERING_PARTS	data/normalized_yaml/archaea/TOGO_M224_Methanobacterium_Thermoautotrophicum_Medium.yaml	CultureMech:008838	FeSO4・7H2O	4.1	G_PER_L	4.0;0.1	value is the sum of differing parts; which one the medium means needs the source recipe
DIFFERING_PARTS	data/normalized_yaml/archaea/TOGO_M235_Methanothrix_Medium.yaml	CultureMech:008945	NaCl	1.6	G_PER_L	0.6;1.0	value is the sum of differing parts; which one the medium means needs the source recipe
DIFFERING_PARTS	data/normalized_yaml/archaea/TOGO_M235_Methanothrix_Medium.yaml	CultureMech:008945	CaCl2・2H2O	0.18	G_PER_L	0.08;0.1	value is the sum of differing parts; which one the medium means needs the source recipe
DIFFERING_PARTS	data/normalized_yaml/archaea/TOGO_M236_Stetteria_Medium.yaml	CultureMech:008954	Distilled water	502.0	G_PER_L	500.0;1.0;1.0	value is the sum of differing parts; which one the medium means needs the source recipe
DIFFERING_PARTS	data/normalized_yaml/archaea/TOGO_M243_Methanothermus_Fervidus_Medium.yaml	CultureMech:009019	Distilled water	922.0	G_PER_L	920.0;1.0;1.0	value is the sum of differing parts; which one the medium means needs the source recipe
DIFFERING_PARTS	data/normalized_yaml/archaea/TOGO_M2460_Pyrobaculum_Ferrireducens_Medium.yaml	CultureMech:009039	Distilled water	3990.0	G_PER_L	1000.0;990.0;1000.0;1000.0	value is the sum of differing parts; which one the medium means needs the source recipe
DIFFERING_PARTS	data/normalized_yaml/archaea/TOGO_M2564_Desulfurococcus_Medium.yaml	CultureMech:009133	Distilled water	2990.0	G_PER_L	1000.0;990.0;1000.0	value is the sum of differing parts; which one the medium means needs the source recipe
DIFFERING_PARTS	data/normalized_yaml/archaea/TOGO_M258_Methanomicrobium_Mobile_Medium.yaml	CultureMech:009157	Distilled water	680.0	G_PER_L	660.0;20.0	value is the sum of differing parts; which one the medium means needs the source recipe
DIFFERING_PARTS	data/normalized_yaml/archaea/TOGO_M2605_Methanocaldococcus_Medium.yaml	CultureMech:009173	MgSO4 x 7 H2O	6.4	G_PER_L	3.4;3.0	value is the sum of differing parts; which one the medium means needs the source recipe
DIFFERING_PARTS	data/normalized_yaml/archaea/TOGO_M2605_Methanocaldococcus_Medium.yaml	CultureMech:009173	NaCl	31.0	G_PER_L	30.0;1.0	value is the sum of differing parts; which one the medium means needs the source recipe
DIFFERING_PARTS	data/normalized_yaml/archaea/TOGO_M2641_Methanogenium_Medium_H2_CO2.yaml	CultureMech:009198	MgSO4 x 7 H2O	6.45	G_PER_L	3.45;3.0	value is the sum of differing parts; which one the medium means needs the source recipe
DIFFERING_PARTS	data/normalized_yaml/archaea/TOGO_M2641_Methanogenium_Medium_H2_CO2.yaml	CultureMech:009198	NaCl	19.0	G_PER_L	18.0;1.0	value is the sum of differing parts; which one the medium means needs the source recipe
DIFFERING_PARTS	data/normalized_yaml/archaea/TOGO_M2644_Methanococcoides_Medium_N2_CO2.yaml	CultureMech:009201	MgSO4 x 7 H2O	6.45	G_PER_L	3.45;3.0	value is the sum of differing parts; which one the medium means needs the source recipe
DIFFERING_PARTS	data/normalized_yaml/archaea/TOGO_M2644_Methanococcoides_Medium_N2_CO2.yaml	CultureMech:009201	NaCl	19.0	G_PER_L	18.0;1.0	value is the sum of differing parts; which one the medium means needs the source recipe
DIFFERING_PARTS	data/normalized_yaml/archaea/TOGO_M2647_Methanohalobium_Medium.yaml	CultureMech:009203	Distilled water	1990.0	G_PER_L	1000.0;990.0	value is the sum of differing parts; which one the medium means needs the source recipe
DIFFERING_PARTS	data/normalized_yaml/archaea/TOGO_M2648_Methanosalsum_Zhilinae_Medium.yaml	CultureMech:009204	NaCl	41.0	G_PER_L	40.0;1.0	value is the sum of differing parts; which one the medium means needs the source recipe
DIFFERING_PARTS	data/normalized_yaml/archaea/TOGO_M2654_Methanoregula_Peat_Medium.yaml	CultureMech:009209	Distilled water	2080.0	G_PER_L	950.0;1000.0;10.0;10.0;10.0;100.0	value is the sum of differing parts; which one the medium means needs the source recipe
DIFFERING_PARTS	data/normalized_yaml/archaea/TOGO_M2655_Methanosphaerula_Peat_Medium.yaml	CultureMech:009210	Distilled water	2940.0	G_PER_L	890.0;1000.0;20.0;1000.0;10.0;10.0;10.0	value is the sum of differing parts; which one the medium means needs the source recipe
DIFFERING_PARTS	data/normalized_yaml/archaea/TOGO_M2662_Methanothermus_Medium.yaml	CultureMech:009217	Distilled water	4900.0	G_PER_L	900.0;1000.0;1000.0;1000.0;1000.0	value is the sum of differing parts; which one the medium means needs the source recipe
DIFFERING_PARTS	data/normalized_yaml/archaea/TOGO_M2662_Methanothermus_Medium.yaml	CultureMech:009217	MgSO4 x 7 H2O	5.4	G_PER_L	2.4;3.0	value is the sum of differing parts; which one the medium means needs the source recipe
DIFFERING_PARTS	data/normalized_yaml/archaea/TOGO_M2662_Methanothermus_Medium.yaml	CultureMech:009217	NaCl	13.0	G_PER_L	12.0;1.0	value is the sum of differing parts; which one the medium means needs the source recipe
DIFFERING_PARTS	data/normalized_yaml/archaea/TOGO_M2663_Methanopyrus_Medium.yaml	CultureMech:009218	Distilled water	3970.0	G_PER_L	970.0;1000.0;1000.0;1000.0	value is the sum of differing parts; which one the medium means needs the source recipe
DIFFERING_PARTS	data/normalized_yaml/archaea/TOGO_M2663_Methanopyrus_Medium.yaml	CultureMech:009218	MgSO4 x 7 H2O	4.75	G_PER_L	1.75;3.0	value is the sum of differing parts; which one the medium means needs the source recipe
DIFFERING_PARTS	data/normalized_yaml/archaea/TOGO_M2663_Methanopyrus_Medium.yaml	CultureMech:009218	NaCl	12.8	G_PER_L	11.8;1.0	value is the sum of differing parts; which one the medium means needs the source recipe
DIFFERING_PARTS	data/normalized_yaml/archaea/TOGO_M2663_Methanopyrus_Medium.yaml	CultureMech:009218	CaCl2 x 2 H2O	0.88	G_PER_L	0.78;0.1	value is the sum of differing parts; which one the medium means needs the source recipe
DIFFERING_PARTS	data/normalized_yaml/archaea/TOGO_M2663_Methanopyrus_Medium.yaml	CultureMech:009218	H3BO3	1.31	G_PER_L	1.3;0.01	value is the sum of differing parts; which one the medium means needs the source recipe
DIFFERING_PARTS	data/normalized_yaml/archaea/TOGO_M2664_Archaeoglobus_Medium.yaml	CultureMech:009219	MgSO4 x 7 H2O	6.45	G_PER_L	3.45;3.0	value is the sum of differing parts; which one the medium means needs the source recipe
DIFFERING_PARTS	data/normalized_yaml/archaea/TOGO_M2664_Archaeoglobus_Medium.yaml	CultureMech:009219	NaCl	19.0	G_PER_L	18.0;1.0	value is the sum of differing parts; which one the medium means needs the source recipe
DIFFERING_PARTS	data/normalized_yaml/archaea/TOGO_M2666_Ferroglobus_Placidus_Medium.yaml	CultureMech:009221	Distilled water	2980.0	G_PER_L	930.0;1000.0;30.0;1000.0;10.0;10.0	value is the sum of differing parts; which one the medium means needs the source recipe
DIFFERING_PARTS	data/normalized_yaml/archaea/TOGO_M2666_Ferroglobus_Placidus_Medium.yaml	CultureMech:009221	NaCl	19.0	G_PER_L	18.0;1.0	value is the sum of differing parts; which one the medium means needs the source recipe
DIFFERING_PARTS	data/normalized_yaml/archaea/TOGO_M2667_Pyrococcus_Medium.yaml	CultureMech:009222	MgSO4 x 7 H2O	6.5	G_PER_L	3.5;3.0	value is the sum of differing parts; which one the medium means needs the source recipe
DIFFERING_PARTS	data/normalized_yaml/archaea/TOGO_M2667_Pyrococcus_Medium.yaml	CultureMech:009222	NaCl	14.85	G_PER_L	13.85;1.0	value is the sum of differing parts; which one the medium means needs the source recipe
DIFFERING_PARTS	data/normalized_yaml/archaea/TOGO_M2667_Pyrococcus_Medium.yaml	CultureMech:009222	CaCl2 x 2 H2O	0.85	G_PER_L	0.75;0.1	value is the sum of differing parts; which one the medium means needs the source recipe
DIFFERING_PARTS	data/normalized_yaml/archaea/TOGO_M2667_Pyrococcus_Medium.yaml	CultureMech:009222	H3BO3	15.01	G_PER_L	15.0;0.01	value is the sum of differing parts; which one the medium means needs the source recipe
DIFFERING_PARTS	data/normalized_yaml/archaea/TOGO_M2669_Aciduliprofundum_Medium.yaml	CultureMech:009224	MgSO4 x 7 H2O	33.5	G_PER_L	3.5;30.0	value is the sum of differing parts; which one the medium means needs the source recipe
DIFFERING_PARTS	data/normalized_yaml/archaea/TOGO_M2669_Aciduliprofundum_Medium.yaml	CultureMech:009224	NaCl	40.0	G_PER_L	30.0;10.0	value is the sum of differing parts; which one the medium means needs the source recipe
DIFFERING_PARTS	data/normalized_yaml/archaea/TOGO_M2669_Aciduliprofundum_Medium.yaml	CultureMech:009224	CaCl2 x 2 H2O	1.38	G_PER_L	0.38;1.0	value is the sum of differing parts; which one the medium means needs the source recipe
DIFFERING_PARTS	data/normalized_yaml/archaea/TOGO_M2671_Desulfurococcus_medium.yaml	CultureMech:009227	Distilled water	1300.0	G_PER_L	300.0;450.0;500.0;50.0	value is the sum of differing parts; which one the medium means needs the source recipe
DIFFERING_PARTS	data/normalized_yaml/archaea/TOGO_M2675_Hyperthermus_Butylicus_Medium.yaml	CultureMech:009230	MgSO4 x 7 H2O	6.5	G_PER_L	3.5;3.0	value is the sum of differing parts; which one the medium means needs the source recipe
DIFFERING_PARTS	data/normalized_yaml/archaea/TOGO_M2675_Hyperthermus_Butylicus_Medium.yaml	CultureMech:009230	NaCl	18.0	G_PER_L	17.0;1.0	value is the sum of differing parts; which one the medium means needs the source recipe
DIFFERING_PARTS	data/normalized_yaml/archaea/TOGO_M2675_Hyperthermus_Butylicus_Medium.yaml	CultureMech:009230	CaCl2 x 2 H2O	0.85	G_PER_L	0.75;0.1	value is the sum of differing parts; which one the medium means needs the source recipe
DIFFERING_PARTS	data/normalized_yaml/archaea/TOGO_M2675_Hyperthermus_Butylicus_Medium.yaml	CultureMech:009230	H3BO3	15.01	G_PER_L	15.0;0.01	value is the sum of differing parts; which one the medium means needs the source recipe
DIFFERING_PARTS	data/normalized_yaml/archaea/TOGO_M2677_Thermoproteus_medium.yaml	CultureMech:009232	Distilled water	991.0	G_PER_L	490.0;450.0;50.0;1.0	value is the sum of differing parts; which one the medium means needs the source recipe
DIFFERING_PARTS	data/normalized_yaml/archaea/TOGO_M2681_Fervidicoccus_Medium.yaml	CultureMech:009236	Distilled water	2990.0	G_PER_L	1000.0;990.0;1000.0	value is the sum of differing parts; which one the medium means needs the source recipe
DIFFERING_PARTS	data/normalized_yaml/archaea/TOGO_M2683_Pyrolobus_Fumarii_Medium.yaml	CultureMech:009238	Distilled water	3000.0	G_PER_L	980.0;10.0;10.0;1000.0;1000.0	value is the sum of differing parts; which one the medium means needs the source recipe
DIFFERING_PARTS	data/normalized_yaml/archaea/TOGO_M2683_Pyrolobus_Fumarii_Medium.yaml	CultureMech:009238	MgSO4 x 7 H2O	33.5	G_PER_L	3.5;30.0	value is the sum of differing parts; which one the medium means needs the source recipe
DIFFERING_PARTS	data/normalized_yaml/archaea/TOGO_M2683_Pyrolobus_Fumarii_Medium.yaml	CultureMech:009238	NaCl	23.85	G_PER_L	13.85;10.0	value is the sum of differing parts; which one the medium means needs the source recipe
DIFFERING_PARTS	data/normalized_yaml/archaea/TOGO_M2683_Pyrolobus_Fumarii_Medium.yaml	CultureMech:009238	CaCl2 x 2 H2O	1.38	G_PER_L	0.38;1.0	value is the sum of differing parts; which one the medium means needs the source recipe
DIFFERING_PARTS	data/normalized_yaml/archaea/TOGO_M2683_Pyrolobus_Fumarii_Medium.yaml	CultureMech:009238	H3BO3	15.1	G_PER_L	15.0;0.1	value is the sum of differing parts; which one the medium means needs the source recipe
DIFFERING_PARTS	data/normalized_yaml/archaea/TOGO_M288_Halorhabdus_Medium.yaml	CultureMech:009425	MnCl2・4H2O	5.1	G_PER_L	5.0;0.1	value is the sum of differing parts; which one the medium means needs the source recipe
DIFFERING_PARTS	data/normalized_yaml/archaea/TOGO_M288_Halorhabdus_Medium.yaml	CultureMech:009425	FeCl2・4H2O	7.0	G_PER_L	5.0;2.0	value is the sum of differing parts; which one the medium means needs the source recipe
DIFFERING_PARTS	data/normalized_yaml/archaea/TOGO_M292_Halosimplex_Medium.yaml	CultureMech:009464	Distilled water	101.0	G_PER_L	1.0;100.0	value is the sum of differing parts; which one the medium means needs the source recipe
DIFFERING_PARTS	data/normalized_yaml/archaea/TOGO_M3138_Modified_Methanobacterium_Medium.yaml	CultureMech:009606	Distilled water	2990.0	G_PER_L	1000.0;990.0;1000.0	value is the sum of differing parts; which one the medium means needs the source recipe
DIFFERING_PARTS	data/normalized_yaml/archaea/TOGO_M3148_Methanobacterium_Medium.yaml	CultureMech:009612	Distilled water	2816.0	G_PER_L	930.0;896.0;990.0	value is the sum of differing parts; which one the medium means needs the source recipe
DIFFERING_PARTS	data/normalized_yaml/archaea/TOGO_M3148_Methanobacterium_Medium.yaml	CultureMech:009612	Sludge fluid	1050.0	G_PER_L	50.0;1000.0	value is the sum of differing parts; which one the medium means needs the source recipe
DIFFERING_PARTS	data/normalized_yaml/archaea/TOGO_M424_Methanolinea_Medium.yaml	CultureMech:009810	Distilled water	1000.0	G_PER_L	900.0;100.0	value is the sum of differing parts; which one the medium means needs the source recipe
DIFFERING_PARTS	data/normalized_yaml/archaea/TOGO_M485_Modified_Methanocaldococcus_Medium.yaml	CultureMech:009872	MgSO4・7H2O	6.4	G_PER_L	3.4;3.0	value is the sum of differing parts; which one the medium means needs the source recipe
DIFFERING_PARTS	data/normalized_yaml/archaea/TOGO_M485_Modified_Methanocaldococcus_Medium.yaml	CultureMech:009872	NaCl	31.0	G_PER_L	30.0;1.0	value is the sum of differing parts; which one the medium means needs the source recipe
DIFFERING_PARTS	data/normalized_yaml/archaea/TOGO_M650_Methanolobus_R15_Medium.yaml	CultureMech:010052	Distilled water	960.0	G_PER_L	860.0;100.0	value is the sum of differing parts; which one the medium means needs the source recipe
DIFFERING_PARTS	data/normalized_yaml/archaea/TOGO_M701_Methanofollis_Ethanolicus_Medium.yaml	CultureMech:010109	Distilled water	1002.0	G_PER_L	900.0;100.0;1.0;1.0	value is the sum of differing parts; which one the medium means needs the source recipe
DIFFERING_PARTS	data/normalized_yaml/archaea/TOGO_M895_Pyrolobus_Medium.yaml	CultureMech:010312	Distilled water	770.0	G_PER_L	750.0;10.0;10.0	value is the sum of differing parts; which one the medium means needs the source recipe
DIFFERING_PARTS	data/normalized_yaml/archaea/TOGO_M991_MW_Medium_For_Methanosarcina.yaml	CultureMech:010419	Distilled water	948.0	G_PER_L	946.0;1.0;1.0	value is the sum of differing parts; which one the medium means needs the source recipe
DIFFERING_PARTS	data/normalized_yaml/archaea/TOGO_M992_MB_Medium_For_Methanobacterium.yaml	CultureMech:010420	Distilled water	933.0	G_PER_L	932.0;1.0	value is the sum of differing parts; which one the medium means needs the source recipe
DIFFERING_PARTS	data/normalized_yaml/archaea/TOGO_M992_MB_Medium_For_Methanobacterium.yaml	CultureMech:010420	MgSO4・7H2O	3.12	G_PER_L	0.12;3.0	value is the sum of differing parts; which one the medium means needs the source recipe
DIFFERING_PARTS	data/normalized_yaml/archaea/acidolobus_aceticus_medium_for_dsm_16705.yaml	CultureMech:009233	Distilled water	2990.0	G_PER_L	1000.0;990.0;1000.0	value is the sum of differing parts; which one the medium means needs the source recipe
DIFFERING_PARTS	data/normalized_yaml/archaea/aciduliprofundum_medium.yaml	CultureMech:000518	NaCl	39.97	G_PER_L	29.97;10.0	value is the sum of differing parts; which one the medium means needs the source recipe
DIFFERING_PARTS	data/normalized_yaml/archaea/aciduliprofundum_medium.yaml	CultureMech:000518	MgSO4 x 7 H2O	33.4965	G_PER_L	3.4965;30.0	value is the sum of differing parts; which one the medium means needs the source recipe
DIFFERING_PARTS	data/normalized_yaml/archaea/aciduliprofundum_medium.yaml	CultureMech:000518	CaCl2 x 2 H2O	1.37962	G_PER_L	0.37962;1.0	value is the sum of differing parts; which one the medium means needs the source recipe
DIFFERING_PARTS	data/normalized_yaml/archaea/alkaliphilic_methanogen_medium.yaml	CultureMech:006297	NaCl	15.6771	G_PER_L	14.6771;1.0	value is the sum of differing parts; which one the medium means needs the source recipe
DIFFERING_PARTS	data/normalized_yaml/archaea/alkaliphilic_methanogen_medium.yaml	CultureMech:006297	NiCl2 x 6 H2O	0.03195695	G_PER_L	0.00195695;0.03	value is the sum of differing parts; which one the medium means needs the source recipe
DIFFERING_PARTS	data/normalized_yaml/archaea/alkaliphilic_thermococcus_medium.yaml	CultureMech:002098	NaCl	14.85	G_PER_L	13.85;1.0	value is the sum of differing parts; which one the medium means needs the source recipe
DIFFERING_PARTS	data/normalized_yaml/archaea/alkaliphilic_thermococcus_medium.yaml	CultureMech:002098	MgSO4 x 7 H2O	6.5	G_PER_L	3.5;3.0	value is the sum of differing parts; which one the medium means needs the source recipe
DIFFERING_PARTS	data/normalized_yaml/archaea/alkaliphilic_thermococcus_medium.yaml	CultureMech:002098	CaCl2 x 2 H2O	0.100025	G_PER_L	0.000025;0.1	value is the sum of differing parts; which one the medium means needs the source recipe
DIFFERING_PARTS	data/normalized_yaml/archaea/alkaliphilic_thermococcus_medium.yaml	CultureMech:002098	H3BO3	0.025	G_PER_L	0.015;0.01	value is the sum of differing parts; which one the medium means needs the source recipe
DIFFERING_PARTS	data/normalized_yaml/archaea/archaeoglobus_fulgidus_medium.yaml	CultureMech:002575	MgSO4 x 7 H2O	6.45	G_PER_L	3.45;3.0	value is the sum of differing parts; which one the medium means needs the source recipe
DIFFERING_PARTS	data/normalized_yaml/archaea/archaeoglobus_fulgidus_medium.yaml	CultureMech:002575	NaCl	19.0	G_PER_L	18.0;1.0	value is the sum of differing parts; which one the medium means needs the source recipe
DIFFERING_PARTS	data/normalized_yaml/archaea/archaeoglobus_medium.yaml	CultureMech:001508	MgSO4 x 7 H2O	6.40909	G_PER_L	3.40909;3.0	value is the sum of differing parts; which one the medium means needs the source recipe
DIFFERING_PARTS	data/normalized_yaml/archaea/archaeoglobus_medium.yaml	CultureMech:001508	CaCl2 x 2 H2O	0.23834	G_PER_L	0.13834;0.1	value is the sum of differing parts; which one the medium means needs the source recipe
DIFFERING_PARTS	data/normalized_yaml/archaea/archaeoglobus_medium.yaml	CultureMech:001508	NaCl	18.7866	G_PER_L	17.7866;1.0	value is the sum of differing parts; which one the medium means needs the source recipe
DIFFERING_PARTS	data/normalized_yaml/archaea/archaeoglobus_medium_dsm_399.yaml	CultureMech:009220	MgSO4 . 7H2O	6.45	G_PER_L	3.45;3.0	value is the sum of differing parts; which one the medium means needs the source recipe
DIFFERING_PARTS	data/normalized_yaml/archaea/archaeoglobus_medium_dsm_399.yaml	CultureMech:009220	NaCl	19.0	G_PER_L	18.0;1.0	value is the sum of differing parts; which one the medium means needs the source recipe
DIFFERING_PARTS	data/normalized_yaml/archaea/archaeoglobus_profundus_medium.yaml	CultureMech:001651	MgSO4 x 7 H2O	6.40909	G_PER_L	3.40909;3.0	value is the sum of differing parts; which one the medium means needs the source recipe
DIFFERING_PARTS	data/normalized_yaml/archaea/archaeoglobus_profundus_medium.yaml	CultureMech:001651	CaCl2 x 2 H2O	0.23834	G_PER_L	0.13834;0.1	value is the sum of differing parts; which one the medium means needs the source recipe
DIFFERING_PARTS	data/normalized_yaml/archaea/archaeoglobus_profundus_medium.yaml	CultureMech:001651	NaCl	18.7866	G_PER_L	17.7866;1.0	value is the sum of differing parts; which one the medium means needs the source recipe
DIFFERING_PARTS	data/normalized_yaml/archaea/archaeoglobus_sulfaticallidus_medium.yaml	CultureMech:000741	NaCl	20.7824	G_PER_L	19.7824;1.0	value is the sum of differing parts; which one the medium means needs the source recipe
DIFFERING_PARTS	data/normalized_yaml/archaea/archaeoglobus_sulfaticallidus_medium.yaml	CultureMech:000741	CaCl2 x 2 H2O	0.238477	G_PER_L	0.138477;0.1	value is the sum of differing parts; which one the medium means needs the source recipe
DIFFERING_PARTS	data/normalized_yaml/archaea/archaeoglobus_veneficus_medium.yaml	CultureMech:001940	NaCl	27.9462	G_PER_L	17.9462;10.0	value is the sum of differing parts; which one the medium means needs the source recipe
DIFFERING_PARTS	data/normalized_yaml/archaea/archaeoglobus_veneficus_medium.yaml	CultureMech:001940	CaCl2 x 2 H2O	1.139581	G_PER_L	0.139581;1.0	value is the sum of differing parts; which one the medium means needs the source recipe
DIFFERING_PARTS	data/normalized_yaml/archaea/ferroglobus_placidus_medium.yaml	CultureMech:001865	NaCl	19.9474	G_PER_L	18.9474;1.0	value is the sum of differing parts; which one the medium means needs the source recipe
DIFFERING_PARTS	data/normalized_yaml/archaea/ferroglobus_placidus_medium.yaml	CultureMech:001865	CaCl2 x 2 H2O	0.247368	G_PER_L	0.147368;0.1	value is the sum of differing parts; which one the medium means needs the source recipe
DIFFERING_PARTS	data/normalized_yaml/archaea/for_methanothermus_sociabilis.yaml	CultureMech:004298	FeSO4 x 7 H2O	0.10198216	G_PER_L	0.00198216;0.1	value is the sum of differing parts; which one the medium means needs the source recipe
DIFFERING_PARTS	data/normalized_yaml/archaea/for_methanothermus_sociabilis.yaml	CultureMech:004298	NaCl	13.0	G_PER_L	12.0;1.0	value is the sum of differing parts; which one the medium means needs the source recipe
DIFFERING_PARTS	data/normalized_yaml/archaea/for_methanothermus_sociabilis.yaml	CultureMech:004298	MgSO4 x 7 H2O	5.4	G_PER_L	2.4;3.0	value is the sum of differing parts; which one the medium means needs the source recipe
DIFFERING_PARTS	data/normalized_yaml/archaea/geoglobus_ahangari_medium.yaml	CultureMech:001006	FeCl2 x 4 H2O	1.699601	G_PER_L	0.199601;1.5	value is the sum of differing parts; which one the medium means needs the source recipe
DIFFERING_PARTS	data/normalized_yaml/archaea/geoglobus_medium.yaml	CultureMech:000665	NaOH	20.5	G_PER_L	0.5;20.0	value is the sum of differing parts; which one the medium means needs the source recipe
DIFFERING_PARTS	data/normalized_yaml/archaea/halobacteria_mh4_2_medium.yaml	CultureMech:002242	MnCl2 x 4 H2O	0.03356436	G_PER_L	0.00356436;0.03	value is the sum of differing parts; which one the medium means needs the source recipe
DIFFERING_PARTS	data/normalized_yaml/archaea/halohasta_a2.yaml	CultureMech:001266	FeCl2 x 4 H2O	161.5	G_PER_L	160.0;1.5	value is the sum of differing parts; which one the medium means needs the source recipe
DIFFERING_PARTS	data/normalized_yaml/archaea/halorhabdus_medium.yaml	CultureMech:002651	MnCl2 x 4 H2O	0.1040099	G_PER_L	0.005;0.0990099	value is the sum of differing parts; which one the medium means needs the source recipe
DIFFERING_PARTS	data/normalized_yaml/archaea/halorutilales_haloarchaeon_medium.yaml	CultureMech:001265	NaOH	100.04	G_PER_L	100.0;0.04	value is the sum of differing parts; which one the medium means needs the source recipe
DIFFERING_PARTS	data/normalized_yaml/archaea/hydrogen_using_marine_methanogen_medium.yaml	CultureMech:008597	NaCl	31.0	G_PER_L	30.0;1.0	value is the sum of differing parts; which one the medium means needs the source recipe
DIFFERING_PARTS	data/normalized_yaml/archaea/hydrogen_using_marine_methanogen_medium.yaml	CultureMech:008597	CaCl2·2H2O	0.25	G_PER_L	0.15;0.1	value is the sum of differing parts; which one the medium means needs the source recipe
DIFFERING_PARTS	data/normalized_yaml/archaea/hydrogenotrophic_methanogen_medium.yaml	CultureMech:009523	Distilled water	56.0	G_PER_L	1.0;55.0	value is the sum of differing parts; which one the medium means needs the source recipe
DIFFERING_PARTS	data/normalized_yaml/archaea/hyperthermus_butylicus_medium.yaml	CultureMech:001619	NaCl	17.5531	G_PER_L	16.5531;1.0	value is the sum of differing parts; which one the medium means needs the source recipe
DIFFERING_PARTS	data/normalized_yaml/archaea/hyperthermus_butylicus_medium.yaml	CultureMech:001619	MgSO4 x 7 H2O	6.40798	G_PER_L	3.40798;3.0	value is the sum of differing parts; which one the medium means needs the source recipe
DIFFERING_PARTS	data/normalized_yaml/archaea/hyperthermus_butylicus_medium.yaml	CultureMech:001619	H3BO3	0.0246056	G_PER_L	0.0146056;0.01	value is the sum of differing parts; which one the medium means needs the source recipe
DIFFERING_PARTS	data/normalized_yaml/archaea/hyperthermus_butylicus_medium.yaml	CultureMech:001619	CaCl2 x 2 H2O	0.830282	G_PER_L	0.730282;0.1	value is the sum of differing parts; which one the medium means needs the source recipe
DIFFERING_PARTS	data/normalized_yaml/archaea/hyperthermus_butylicus_medium.yaml	CultureMech:001619	NiCl2 x 6 H2O	0.03194742	G_PER_L	0.00194742;0.03	value is the sum of differing parts; which one the medium means needs the source recipe
DIFFERING_PARTS	data/normalized_yaml/archaea/ignisphaera_medium.yaml	CultureMech:000466	MgSO4 x 7 H2O	3.276954	G_PER_L	0.276954;3.0	value is the sum of differing parts; which one the medium means needs the source recipe
DIFFERING_PARTS	data/normalized_yaml/archaea/marine_h2_using_methanogen_medium.yaml	CultureMech:008267	NaCl	31.0	G_PER_L	30.0;1.0	value is the sum of differing parts; which one the medium means needs the source recipe
DIFFERING_PARTS	data/normalized_yaml/archaea/marine_h2_using_methanogen_medium.yaml	CultureMech:008267	CaCl2·2H2O	0.25	G_PER_L	0.15;0.1	value is the sum of differing parts; which one the medium means needs the source recipe
DIFFERING_PARTS	data/normalized_yaml/archaea/marine_methanosaeta_medium.yaml	CultureMech:008439	NaCl	21.0	G_PER_L	20.0;1.0	value is the sum of differing parts; which one the medium means needs the source recipe
DIFFERING_PARTS	data/normalized_yaml/archaea/marine_methanosaeta_medium.yaml	CultureMech:008439	CaCl2·2H2O	0.25	G_PER_L	0.15;0.1	value is the sum of differing parts; which one the medium means needs the source recipe
DIFFERING_PARTS	data/normalized_yaml/archaea/mb_medium_for_methanobacterium.yaml	CultureMech:003293	MgSO4 x 7 H2O	3.118577	G_PER_L	0.118577;3.0	value is the sum of differing parts; which one the medium means needs the source recipe
DIFFERING_PARTS	data/normalized_yaml/archaea/medium_for_co_culture_of_strain_jt_with_methanospirillum_hungatei_nbrc_100397.yaml	CultureMech:008179	CaCl2·2H2O	0.25	G_PER_L	0.15;0.1	value is the sum of differing parts; which one the medium means needs the source recipe
DIFFERING_PARTS	data/normalized_yaml/archaea/medium_for_iron_using_methanogen.yaml	CultureMech:008281	NaCl	20.0	G_PER_L	19.0;1.0	value is the sum of differing parts; which one the medium means needs the source recipe
DIFFERING_PARTS	data/normalized_yaml/archaea/medium_for_iron_using_methanogen.yaml	CultureMech:008281	CaCl2·2H2O	0.25	G_PER_L	0.15;0.1	value is the sum of differing parts; which one the medium means needs the source recipe
DIFFERING_PARTS	data/normalized_yaml/archaea/medium_for_natronophilic_methylotrophic_methanogen.yaml	CultureMech:008603	NaCl	20.0	G_PER_L	16.0;3.0;1.0	value is the sum of differing parts; which one the medium means needs the source recipe
DIFFERING_PARTS	data/normalized_yaml/archaea/medium_for_natronophilic_methylotrophic_methanogen.yaml	CultureMech:008603	NaHCO3	35.0	G_PER_L	15.0;20.0	value is the sum of differing parts; which one the medium means needs the source recipe
DIFFERING_PARTS	data/normalized_yaml/archaea/medium_for_natronophilic_methylotrophic_methanogen.yaml	CultureMech:008603	Na2CO3	110.0	G_PER_L	95.0;15.0	value is the sum of differing parts; which one the medium means needs the source recipe
DIFFERING_PARTS	data/normalized_yaml/archaea/methanobacteria_medium_atcc_medium_1045_with_0_2_yeast_extract_and_0_5_glucose.yaml	CultureMech:009258	Distilled water	959.0	G_PER_L	835.0;1.0;1.0;100.0;1.0;1.0;10.0;10.0	value is the sum of differing parts; which one the medium means needs the source recipe
DIFFERING_PARTS	data/normalized_yaml/archaea/methanobacteria_medium_atcc_medium_1045_with_0_2_yeast_extract_and_0_5_glucose.yaml	CultureMech:009258	MgSO4 . 7H2O	5.4	G_PER_L	2.4;3.0	value is the sum of differing parts; which one the medium means needs the source recipe
DIFFERING_PARTS	data/normalized_yaml/archaea/methanobacteria_medium_atcc_medium_1045_with_0_2_yeast_extract_and_0_5_glucose.yaml	CultureMech:009258	NaCl	13.0	G_PER_L	12.0;1.0	value is the sum of differing parts; which one the medium means needs the source recipe
DIFFERING_PARTS	data/normalized_yaml/archaea/methanobacterium_adherens_medium.yaml	CultureMech:002797	Vitamin B12	0.0001494071	G_PER_L	0.0000494071;0.0001	value is the sum of differing parts; which one the medium means needs the source recipe
DIFFERING_PARTS	data/normalized_yaml/archaea/methanobacterium_alcaliphilum_medium.yaml	CultureMech:001442	CaCl2 x 2 H2O	0.226263	G_PER_L	0.126263;0.1	value is the sum of differing parts; which one the medium means needs the source recipe
DIFFERING_PARTS	data/normalized_yaml/archaea/methanobacterium_alcaliphilum_medium.yaml	CultureMech:001442	Na2SeO3 x 5 H2O	0.000552525	G_PER_L	0.000252525;0.0003	value is the sum of differing parts; which one the medium means needs the source recipe
DIFFERING_PARTS	data/normalized_yaml/archaea/methanobacterium_espanolae_medium.yaml	CultureMech:001638	MgSO4 x 7 H2O	3.118694	G_PER_L	0.118694;3.0	value is the sum of differing parts; which one the medium means needs the source recipe
DIFFERING_PARTS	data/normalized_yaml/archaea/methanobacterium_espanolae_medium.yaml	CultureMech:001638	NaCl	1.049456	G_PER_L	0.049456;1.0	value is the sum of differing parts; which one the medium means needs the source recipe
DIFFERING_PARTS	data/normalized_yaml/archaea/methanobacterium_ii_medium.yaml	CultureMech:001973	CaCl2 x 2 H2O	0.198912	G_PER_L	0.098912;0.1	value is the sum of differing parts; which one the medium means needs the source recipe
DIFFERING_PARTS	data/normalized_yaml/archaea/methanobacterium_ii_medium.yaml	CultureMech:001973	NaCl	1.593472	G_PER_L	0.593472;1.0	value is the sum of differing parts; which one the medium means needs the source recipe
DIFFERING_PARTS	data/normalized_yaml/archaea/methanobacterium_ii_medium_n2_co2.yaml	CultureMech:001974	NaCl	1.587659	G_PER_L	0.587659;1.0	value is the sum of differing parts; which one the medium means needs the source recipe
DIFFERING_PARTS	data/normalized_yaml/archaea/methanobacterium_medium.yaml	CultureMech:000643	Yeast extract	4.997009	G_PER_L	0.997009;4.0	value is the sum of differing parts; which one the medium means needs the source recipe
COEXISTING_ROW	data/normalized_yaml/archaea/methanobacterium_medium.yaml	CultureMech:000643	Yeast extract	4.997009;5.0	G_PER_L		2 rows name this ingredient in one record, one of them a merge survivor — a consumer double-counts
DIFFERING_PARTS	data/normalized_yaml/archaea/methanobacterium_medium_ii.yaml	CultureMech:003048	CaCl2 x 2 H2O	0.1947867	G_PER_L	0.0947867;0.1	value is the sum of differing parts; which one the medium means needs the source recipe
DIFFERING_PARTS	data/normalized_yaml/archaea/methanobacterium_medium_ii.yaml	CultureMech:003048	NaCl	1.56872	G_PER_L	0.56872;1.0	value is the sum of differing parts; which one the medium means needs the source recipe
DIFFERING_PARTS	data/normalized_yaml/archaea/methanobacterium_medium_iii.yaml	CultureMech:003138	CaCl2 x 2 H2O	0.241346	G_PER_L	0.141346;0.1	value is the sum of differing parts; which one the medium means needs the source recipe
DIFFERING_PARTS	data/normalized_yaml/archaea/methanobacterium_medium_iv.yaml	CultureMech:003219	Yeast extract	4.978474	G_PER_L	0.978474;4.0	value is the sum of differing parts; which one the medium means needs the source recipe
COEXISTING_ROW	data/normalized_yaml/archaea/methanobacterium_medium_iv.yaml	CultureMech:003219	Yeast extract	4.978474;5.0	G_PER_L		2 rows name this ingredient in one record, one of them a merge survivor — a consumer double-counts
DIFFERING_PARTS	data/normalized_yaml/archaea/methanobacterium_medium_vi.yaml	CultureMech:002222	Yeast extract	4.978474	G_PER_L	0.978474;4.0	value is the sum of differing parts; which one the medium means needs the source recipe
COEXISTING_ROW	data/normalized_yaml/archaea/methanobacterium_medium_vi.yaml	CultureMech:002222	Yeast extract	4.978474;5.0	G_PER_L		2 rows name this ingredient in one record, one of them a merge survivor — a consumer double-counts
DIFFERING_PARTS	data/normalized_yaml/archaea/methanobacterium_thermoautotrophicum_medium.yaml	CultureMech:002592	NaCl	1.6	G_PER_L	0.6;1.0	value is the sum of differing parts; which one the medium means needs the source recipe
DIFFERING_PARTS	data/normalized_yaml/archaea/methanobacterium_thermoautotrophicum_medium.yaml	CultureMech:002592	MgSO4 x 7 H2O	6.32	G_PER_L	0.12;6.2	value is the sum of differing parts; which one the medium means needs the source recipe
DIFFERING_PARTS	data/normalized_yaml/archaea/methanocalculus_halotolerans_medium.yaml	CultureMech:002073	NaCl	50.505	G_PER_L	49.505;1.0	value is the sum of differing parts; which one the medium means needs the source recipe
DIFFERING_PARTS	data/normalized_yaml/archaea/methanocalculus_halotolerans_medium.yaml	CultureMech:002073	CaCl2 x 2 H2O	0.694059	G_PER_L	0.594059;0.1	value is the sum of differing parts; which one the medium means needs the source recipe
DIFFERING_PARTS	data/normalized_yaml/archaea/methanocalculus_mb_medium.yaml	CultureMech:002094	NaCl	10.8912	G_PER_L	9.8912;1.0	value is the sum of differing parts; which one the medium means needs the source recipe
DIFFERING_PARTS	data/normalized_yaml/archaea/methanocalculus_mb_medium.yaml	CultureMech:002094	CaCl2 x 2 H2O	0.495648	G_PER_L	0.395648;0.1	value is the sum of differing parts; which one the medium means needs the source recipe
DIFFERING_PARTS	data/normalized_yaml/archaea/methanocalculus_pumilus_medium.yaml	CultureMech:002055	NaCl	10.8912	G_PER_L	9.8912;1.0	value is the sum of differing parts; which one the medium means needs the source recipe
DIFFERING_PARTS	data/normalized_yaml/archaea/methanocaldococcus_jannaschii_medium.yaml	CultureMech:002593	MgSO4 x 7 H2O	6.4	G_PER_L	3.4;3.0	value is the sum of differing parts; which one the medium means needs the source recipe
DIFFERING_PARTS	data/normalized_yaml/archaea/methanocaldococcus_jannaschii_medium.yaml	CultureMech:002593	NaCl	31.0	G_PER_L	30.0;1.0	value is the sum of differing parts; which one the medium means needs the source recipe
DIFFERING_PARTS	data/normalized_yaml/archaea/methanocaldococcus_lauensis_medium.yaml	CultureMech:000881	MgSO4 x 7 H2O	6.40573	G_PER_L	3.40573;3.0	value is the sum of differing parts; which one the medium means needs the source recipe
DIFFERING_PARTS	data/normalized_yaml/archaea/methanocaldococcus_lauensis_medium.yaml	CultureMech:000881	CaCl2 x 2 H2O	0.238203	G_PER_L	0.138203;0.1	value is the sum of differing parts; which one the medium means needs the source recipe
DIFFERING_PARTS	data/normalized_yaml/archaea/methanocaldococcus_lauensis_medium.yaml	CultureMech:000881	NaCl	18.769	G_PER_L	17.769;1.0	value is the sum of differing parts; which one the medium means needs the source recipe
DIFFERING_PARTS	data/normalized_yaml/archaea/methanocaldococcus_leighii_medium.yaml	CultureMech:002380	MgSO4 x 7 H2O	3.15271	G_PER_L	1.67488;1.47783	value is the sum of differing parts; which one the medium means needs the source recipe
DIFFERING_PARTS	data/normalized_yaml/archaea/methanocaldococcus_medium.yaml	CultureMech:001378	CaCl2 x 2 H2O	0.23834	G_PER_L	0.13834;0.1	value is the sum of differing parts; which one the medium means needs the source recipe
DIFFERING_PARTS	data/normalized_yaml/archaea/methanocaldococcus_medium.yaml	CultureMech:001378	MgSO4 x 7 H2O	6.35968	G_PER_L	3.35968;3.0	value is the sum of differing parts; which one the medium means needs the source recipe
DIFFERING_PARTS	data/normalized_yaml/archaea/methanocaldococcus_medium.yaml	CultureMech:001378	NaCl	30.6443	G_PER_L	29.6443;1.0	value is the sum of differing parts; which one the medium means needs the source recipe
DIFFERING_PARTS	data/normalized_yaml/archaea/methanocaldococcus_villosus_medium.yaml	CultureMech:001379	CaCl2 x 2 H2O	0.23834	G_PER_L	0.13834;0.1	value is the sum of differing parts; which one the medium means needs the source recipe
DIFFERING_PARTS	data/normalized_yaml/archaea/methanocaldococcus_villosus_medium.yaml	CultureMech:001379	MgSO4 x 7 H2O	6.35968	G_PER_L	3.35968;3.0	value is the sum of differing parts; which one the medium means needs the source recipe
DIFFERING_PARTS	data/normalized_yaml/archaea/methanocaldococcus_villosus_medium.yaml	CultureMech:001379	NaCl	18.7866	G_PER_L	17.7866;1.0	value is the sum of differing parts; which one the medium means needs the source recipe
DIFFERING_PARTS	data/normalized_yaml/archaea/methanocella_medium.yaml	CultureMech:000715	NaCl	1.998004	G_PER_L	0.998004;1.0	value is the sum of differing parts; which one the medium means needs the source recipe
DIFFERING_PARTS	data/normalized_yaml/archaea/methanocella_medium.yaml	CultureMech:000715	CaCl2 x 2 H2O	0.1998004	G_PER_L	0.0998004;0.1	value is the sum of differing parts; which one the medium means needs the source recipe
DIFFERING_PARTS	data/normalized_yaml/archaea/methanococcoides_medium.yaml	CultureMech:000883	MgSO4 x 7 H2O	6.40573	G_PER_L	3.40573;3.0	value is the sum of differing parts; which one the medium means needs the source recipe
DIFFERING_PARTS	data/normalized_yaml/archaea/methanococcoides_medium.yaml	CultureMech:000883	CaCl2 x 2 H2O	0.238203	G_PER_L	0.138203;0.1	value is the sum of differing parts; which one the medium means needs the source recipe
DIFFERING_PARTS	data/normalized_yaml/archaea/methanococcoides_medium.yaml	CultureMech:000883	NaCl	18.769	G_PER_L	17.769;1.0	value is the sum of differing parts; which one the medium means needs the source recipe
DIFFERING_PARTS	data/normalized_yaml/archaea/methanococcoides_medium_n2_co2.yaml	CultureMech:001376	MgSO4 x 7 H2O	6.40573	G_PER_L	3.40573;3.0	value is the sum of differing parts; which one the medium means needs the source recipe
DIFFERING_PARTS	data/normalized_yaml/archaea/methanococcoides_medium_n2_co2.yaml	CultureMech:001376	CaCl2 x 2 H2O	0.238203	G_PER_L	0.138203;0.1	value is the sum of differing parts; which one the medium means needs the source recipe
DIFFERING_PARTS	data/normalized_yaml/archaea/methanococcoides_medium_n2_co2.yaml	CultureMech:001376	NaCl	18.769	G_PER_L	17.769;1.0	value is the sum of differing parts; which one the medium means needs the source recipe
DIFFERING_PARTS	data/normalized_yaml/archaea/methanococcus_deltae_medium.yaml	CultureMech:004745	NaCl	35.6192	G_PER_L	34.6192;1.0	value is the sum of differing parts; which one the medium means needs the source recipe
DIFFERING_PARTS	data/normalized_yaml/archaea/methanococcus_jannaschii_medium.yaml	CultureMech:004739	CaCl2 x 2 H2O	0.23834	G_PER_L	0.13834;0.1	value is the sum of differing parts; which one the medium means needs the source recipe
DIFFERING_PARTS	data/normalized_yaml/archaea/methanococcus_jannaschii_medium.yaml	CultureMech:004739	MgSO4 x 7 H2O	6.35968	G_PER_L	3.35968;3.0	value is the sum of differing parts; which one the medium means needs the source recipe
DIFFERING_PARTS	data/normalized_yaml/archaea/methanococcus_jannaschii_medium.yaml	CultureMech:004739	NaCl	30.6443	G_PER_L	29.6443;1.0	value is the sum of differing parts; which one the medium means needs the source recipe
DIFFERING_PARTS	data/normalized_yaml/archaea/methanococcus_maripaludis_medium.yaml	CultureMech:001385	NaCl	35.6192	G_PER_L	34.6192;1.0	value is the sum of differing parts; which one the medium means needs the source recipe
DIFFERING_PARTS	data/normalized_yaml/archaea/methanococcus_sp_medium.yaml	CultureMech:004145	MgSO4 x 7 H2O	6.40573	G_PER_L	3.40573;3.0	value is the sum of differing parts; which one the medium means needs the source recipe
DIFFERING_PARTS	data/normalized_yaml/archaea/methanococcus_sp_medium.yaml	CultureMech:004145	CaCl2 x 2 H2O	0.238203	G_PER_L	0.138203;0.1	value is the sum of differing parts; which one the medium means needs the source recipe
DIFFERING_PARTS	data/normalized_yaml/archaea/methanococcus_sp_medium.yaml	CultureMech:004145	NaCl	18.769	G_PER_L	17.769;1.0	value is the sum of differing parts; which one the medium means needs the source recipe
DIFFERING_PARTS	data/normalized_yaml/archaea/methanococcus_voltae_medium.yaml	CultureMech:001498	NaCl	41.0	G_PER_L	40.0;1.0	value is the sum of differing parts; which one the medium means needs the source recipe
DIFFERING_PARTS	data/normalized_yaml/archaea/methanococcus_voltae_medium.yaml	CultureMech:001498	MgSO4 x 7 H2O	3.7	G_PER_L	0.7;3.0	value is the sum of differing parts; which one the medium means needs the source recipe
DIFFERING_PARTS	data/normalized_yaml/archaea/methanococcus_voltae_medium.yaml	CultureMech:001498	CaCl2 x 2 H2O	0.38	G_PER_L	0.28;0.1	value is the sum of differing parts; which one the medium means needs the source recipe
DIFFERING_PARTS	data/normalized_yaml/archaea/methanocorpusculum_aggregans_medium.yaml	CultureMech:001423	Yeast extract	5.0	G_PER_L	1.0;4.0	value is the sum of differing parts; which one the medium means needs the source recipe
DIFFERING_PARTS	data/normalized_yaml/archaea/methanocorpusculum_aggregans_medium.yaml	CultureMech:001423	NaCl	13.0	G_PER_L	12.0;1.0	value is the sum of differing parts; which one the medium means needs the source recipe
DIFFERING_PARTS	data/normalized_yaml/archaea/methanocorpusculum_aggregans_medium.yaml	CultureMech:001423	MgSO4 x 7 H2O	5.6	G_PER_L	2.6;3.0	value is the sum of differing parts; which one the medium means needs the source recipe
DIFFERING_PARTS	data/normalized_yaml/archaea/methanocorpusculum_aggregans_medium.yaml	CultureMech:001423	CaCl2 x 2 H2O	0.26	G_PER_L	0.16;0.1	value is the sum of differing parts; which one the medium means needs the source recipe
DIFFERING_PARTS	data/normalized_yaml/archaea/methanoculleus_chikugoensis_medium.yaml	CultureMech:001384	MgSO4 x 7 H2O	3.128586	G_PER_L	0.128586;3.0	value is the sum of differing parts; which one the medium means needs the source recipe
DIFFERING_PARTS	data/normalized_yaml/archaea/methanoculleus_medium.yaml	CultureMech:002620	CaCl2 x 2 H2O	0.237255	G_PER_L	0.137255;0.1	value is the sum of differing parts; which one the medium means needs the source recipe
DIFFERING_PARTS	data/normalized_yaml/archaea/methanoculleus_medium.yaml	CultureMech:002620	NaCl	18.6471	G_PER_L	17.6471;1.0	value is the sum of differing parts; which one the medium means needs the source recipe
DIFFERING_PARTS	data/normalized_yaml/archaea/methanoculleus_sp_medium.yaml	CultureMech:000882	MgSO4 x 7 H2O	6.40573	G_PER_L	3.40573;3.0	value is the sum of differing parts; which one the medium means needs the source recipe
DIFFERING_PARTS	data/normalized_yaml/archaea/methanoculleus_sp_medium.yaml	CultureMech:000882	CaCl2 x 2 H2O	0.238203	G_PER_L	0.138203;0.1	value is the sum of differing parts; which one the medium means needs the source recipe
DIFFERING_PARTS	data/normalized_yaml/archaea/methanoculleus_sp_medium.yaml	CultureMech:000882	NaCl	6.923	G_PER_L	5.923;1.0	value is the sum of differing parts; which one the medium means needs the source recipe
DIFFERING_PARTS	data/normalized_yaml/archaea/methanofollis_mb_medium_5_g_l_nacl.yaml	CultureMech:002095	NaCl	5.9456	G_PER_L	4.9456;1.0	value is the sum of differing parts; which one the medium means needs the source recipe
DIFFERING_PARTS	data/normalized_yaml/archaea/methanofollis_mb_medium_5_g_l_nacl.yaml	CultureMech:002095	CaCl2 x 2 H2O	0.495648	G_PER_L	0.395648;0.1	value is the sum of differing parts; which one the medium means needs the source recipe
DIFFERING_PARTS	data/normalized_yaml/archaea/methanofollis_medium.yaml	CultureMech:001100	MgSO4 x 7 H2O	3.12987	G_PER_L	0.12987;3.0	value is the sum of differing parts; which one the medium means needs the source recipe
DIFFERING_PARTS	data/normalized_yaml/archaea/methanofollis_medium.yaml	CultureMech:001100	CaCl2 x 2 H2O	0.10799201	G_PER_L	0.00799201;0.1	value is the sum of differing parts; which one the medium means needs the source recipe
DIFFERING_PARTS	data/normalized_yaml/archaea/methanofollis_medium.yaml	CultureMech:001100	FeSO4 x 7 H2O	0.101998	G_PER_L	0.001998;0.1	value is the sum of differing parts; which one the medium means needs the source recipe
DIFFERING_PARTS	data/normalized_yaml/archaea/methanogen_high_salt_medium.yaml	CultureMech:000287	NaCl	23.4568	G_PER_L	22.4568;1.0	value is the sum of differing parts; which one the medium means needs the source recipe
DIFFERING_PARTS	data/normalized_yaml/archaea/methanogen_ms_i_medium.yaml	CultureMech:000293	NaCl	10.436893	G_PER_L	0.436893;10.0	value is the sum of differing parts; which one the medium means needs the source recipe
DIFFERING_PARTS	data/normalized_yaml/archaea/methanogen_ms_i_medium.yaml	CultureMech:000293	MgSO4 x 7 H2O	30.0873786	G_PER_L	0.0873786;30.0	value is the sum of differing parts; which one the medium means needs the source recipe
DIFFERING_PARTS	data/normalized_yaml/archaea/methanogen_ms_i_medium.yaml	CultureMech:000293	CaCl2 x 2 H2O	1.0582524	G_PER_L	0.0582524;1.0	value is the sum of differing parts; which one the medium means needs the source recipe
DIFFERING_PARTS	data/normalized_yaml/archaea/methanogen_ms_i_medium.yaml	CultureMech:000293	FeSO4 x 7 H2O	1.00194175	G_PER_L	0.00194175;1.0	value is the sum of differing parts; which one the medium means needs the source recipe
DIFFERING_PARTS	data/normalized_yaml/archaea/methanogenium_aggregans_medium.yaml	CultureMech:005012	Yeast extract	5.0	G_PER_L	1.0;4.0	value is the sum of differing parts; which one the medium means needs the source recipe
DIFFERING_PARTS	data/normalized_yaml/archaea/methanogenium_aggregans_medium.yaml	CultureMech:005012	NaCl	13.0	G_PER_L	12.0;1.0	value is the sum of differing parts; which one the medium means needs the source recipe
DIFFERING_PARTS	data/normalized_yaml/archaea/methanogenium_aggregans_medium.yaml	CultureMech:005012	MgSO4 x 7 H2O	5.6	G_PER_L	2.6;3.0	value is the sum of differing parts; which one the medium means needs the source recipe
DIFFERING_PARTS	data/normalized_yaml/archaea/methanogenium_aggregans_medium.yaml	CultureMech:005012	CaCl2 x 2 H2O	0.26	G_PER_L	0.16;0.1	value is the sum of differing parts; which one the medium means needs the source recipe
DIFFERING_PARTS	data/normalized_yaml/archaea/methanogenium_aggregans_medium_replace_sludge_fluid_medium_119_with_rumen_fluid_clarified.yaml	CultureMech:005011	Yeast extract	5.0	G_PER_L	1.0;4.0	value is the sum of differing parts; which one the medium means needs the source recipe
DIFFERING_PARTS	data/normalized_yaml/archaea/methanogenium_aggregans_medium_replace_sludge_fluid_medium_119_with_rumen_fluid_clarified.yaml	CultureMech:005011	NaCl	13.0	G_PER_L	12.0;1.0	value is the sum of differing parts; which one the medium means needs the source recipe
DIFFERING_PARTS	data/normalized_yaml/archaea/methanogenium_aggregans_medium_replace_sludge_fluid_medium_119_with_rumen_fluid_clarified.yaml	CultureMech:005011	MgSO4 x 7 H2O	5.6	G_PER_L	2.6;3.0	value is the sum of differing parts; which one the medium means needs the source recipe
DIFFERING_PARTS	data/normalized_yaml/archaea/methanogenium_aggregans_medium_replace_sludge_fluid_medium_119_with_rumen_fluid_clarified.yaml	CultureMech:005011	CaCl2 x 2 H2O	0.26	G_PER_L	0.16;0.1	value is the sum of differing parts; which one the medium means needs the source recipe
DIFFERING_PARTS	data/normalized_yaml/archaea/methanogenium_cv_medium.yaml	CultureMech:000263	MgSO4 x 7 H2O	6.44655	G_PER_L	3.44655;3.0	value is the sum of differing parts; which one the medium means needs the source recipe
DIFFERING_PARTS	data/normalized_yaml/archaea/methanogenium_cv_medium.yaml	CultureMech:000263	NaCl	18.982	G_PER_L	17.982;1.0	value is the sum of differing parts; which one the medium means needs the source recipe
DIFFERING_PARTS	data/normalized_yaml/archaea/methanogenium_medium.yaml	CultureMech:000295	CaCl2 x 2 H2O	0.237255	G_PER_L	0.137255;0.1	value is the sum of differing parts; which one the medium means needs the source recipe
DIFFERING_PARTS	data/normalized_yaml/archaea/methanogenium_medium.yaml	CultureMech:000295	NaCl	18.6471	G_PER_L	17.6471;1.0	value is the sum of differing parts; which one the medium means needs the source recipe
DIFFERING_PARTS	data/normalized_yaml/archaea/methanogenium_medium_h2_co2.yaml	CultureMech:000254	MgSO4 x 7 H2O	6.40573	G_PER_L	3.40573;3.0	value is the sum of differing parts; which one the medium means needs the source recipe
DIFFERING_PARTS	data/normalized_yaml/archaea/methanogenium_medium_h2_co2.yaml	CultureMech:000254	CaCl2 x 2 H2O	0.238203	G_PER_L	0.138203;0.1	value is the sum of differing parts; which one the medium means needs the source recipe
DIFFERING_PARTS	data/normalized_yaml/archaea/methanogenium_medium_h2_co2.yaml	CultureMech:000254	NaCl	18.769	G_PER_L	17.769;1.0	value is the sum of differing parts; which one the medium means needs the source recipe
DIFFERING_PARTS	data/normalized_yaml/archaea/methanogenium_medium_h2_co2_for_dsm_14266.yaml	CultureMech:009125	MgSO4 x 7 H2O	6.45	G_PER_L	3.45;3.0	value is the sum of differing parts; which one the medium means needs the source recipe
DIFFERING_PARTS	data/normalized_yaml/archaea/methanogenium_medium_h2_co2_for_dsm_14266.yaml	CultureMech:009125	NaCl	19.0	G_PER_L	18.0;1.0	value is the sum of differing parts; which one the medium means needs the source recipe
DIFFERING_PARTS	data/normalized_yaml/archaea/methanogenium_olentangyi_medium.yaml	CultureMech:004744	MgSO4 x 7 H2O	3.128586	G_PER_L	0.128586;3.0	value is the sum of differing parts; which one the medium means needs the source recipe
DIFFERING_PARTS	data/normalized_yaml/archaea/methanohalophilus_euhalobius_medium.yaml	CultureMech:000278	NaCl	61.0	G_PER_L	60.0;1.0	value is the sum of differing parts; which one the medium means needs the source recipe
DIFFERING_PARTS	data/normalized_yaml/archaea/methanohalophilus_euhalobius_medium.yaml	CultureMech:000278	CaCl2 x 2 H2O	2.1	G_PER_L	2.0;0.1	value is the sum of differing parts; which one the medium means needs the source recipe
DIFFERING_PARTS	data/normalized_yaml/archaea/methanohalophilus_medium.yaml	CultureMech:000266	NaCl	87.1386	G_PER_L	86.1386;1.0	value is the sum of differing parts; which one the medium means needs the source recipe
DIFFERING_PARTS	data/normalized_yaml/archaea/methanohalophilus_mg_medium.yaml	CultureMech:000269	CaCl2 x 2 H2O	0.238477	G_PER_L	0.138477;0.1	value is the sum of differing parts; which one the medium means needs the source recipe
DIFFERING_PARTS	data/normalized_yaml/archaea/methanohalophilus_mg_medium.yaml	CultureMech:000269	NaCl	99.912	G_PER_L	98.912;1.0	value is the sum of differing parts; which one the medium means needs the source recipe
DIFFERING_PARTS	data/normalized_yaml/archaea/methanohalophilus_mg_nacl_medium.yaml	CultureMech:000270	CaCl2 x 2 H2O	0.238477	G_PER_L	0.138477;0.1	value is the sum of differing parts; which one the medium means needs the source recipe
DIFFERING_PARTS	data/normalized_yaml/archaea/methanohalophilus_mg_nacl_medium.yaml	CultureMech:000270	NaCl	149.368	G_PER_L	148.368;1.0	value is the sum of differing parts; which one the medium means needs the source recipe
DIFFERING_PARTS	data/normalized_yaml/archaea/methanohalophilus_oregonese_medium.yaml	CultureMech:005617	NaCl	29.7129	G_PER_L	28.7129;1.0	value is the sum of differing parts; which one the medium means needs the source recipe
DIFFERING_PARTS	data/normalized_yaml/archaea/methanohalophilus_profundi_medium.yaml	CultureMech:000267	NaCl	119.812	G_PER_L	118.812;1.0	value is the sum of differing parts; which one the medium means needs the source recipe
DIFFERING_PARTS	data/normalized_yaml/archaea/methanohalophilus_zhilinae_medium.yaml	CultureMech:005183	NaCl	41.0	G_PER_L	40.0;1.0	value is the sum of differing parts; which one the medium means needs the source recipe
DIFFERING_PARTS	data/normalized_yaml/archaea/methanol_using_methanogen_medium.yaml	CultureMech:008309	NaCl	3.25	G_PER_L	2.25;1.0	value is the sum of differing parts; which one the medium means needs the source recipe
DIFFERING_PARTS	data/normalized_yaml/archaea/methanol_using_methanogen_medium.yaml	CultureMech:008309	CaCl2·2H2O	0.35	G_PER_L	0.25;0.1	value is the sum of differing parts; which one the medium means needs the source recipe
DIFFERING_PARTS	data/normalized_yaml/archaea/methanolacinia_medium.yaml	CultureMech:001371	MgSO4 x 7 H2O	6.35637	G_PER_L	3.35637;3.0	value is the sum of differing parts; which one the medium means needs the source recipe
DIFFERING_PARTS	data/normalized_yaml/archaea/methanolacinia_medium.yaml	CultureMech:001371	CaCl2 x 2 H2O	0.238203	G_PER_L	0.138203;0.1	value is the sum of differing parts; which one the medium means needs the source recipe
DIFFERING_PARTS	data/normalized_yaml/archaea/methanolacinia_medium.yaml	CultureMech:001371	NaCl	7.22902	G_PER_L	6.22902;1.0	value is the sum of differing parts; which one the medium means needs the source recipe
DIFFERING_PARTS	data/normalized_yaml/archaea/methanolobus_i_medium.yaml	CultureMech:004609	MgSO4 x 7 H2O	6.37243	G_PER_L	3.37243;3.0	value is the sum of differing parts; which one the medium means needs the source recipe
DIFFERING_PARTS	data/normalized_yaml/archaea/methanolobus_i_medium.yaml	CultureMech:004609	CaCl2 x 2 H2O	0.236852	G_PER_L	0.136852;0.1	value is the sum of differing parts; which one the medium means needs the source recipe
DIFFERING_PARTS	data/normalized_yaml/archaea/methanolobus_i_medium.yaml	CultureMech:004609	NaCl	18.5953	G_PER_L	17.5953;1.0	value is the sum of differing parts; which one the medium means needs the source recipe
DIFFERING_PARTS	data/normalized_yaml/archaea/methanolobus_oregonensis_medium.yaml	CultureMech:001618	NaCl	29.7129	G_PER_L	28.7129;1.0	value is the sum of differing parts; which one the medium means needs the source recipe
DIFFERING_PARTS	data/normalized_yaml/archaea/methanolobus_taylori_medium.yaml	CultureMech:005618	NaCl	29.7129	G_PER_L	28.7129;1.0	value is the sum of differing parts; which one the medium means needs the source recipe
DIFFERING_PARTS	data/normalized_yaml/archaea/methanolobus_tindarius_medium.yaml	CultureMech:001336	MgSO4 x 7 H2O	6.37243	G_PER_L	3.37243;3.0	value is the sum of differing parts; which one the medium means needs the source recipe
DIFFERING_PARTS	data/normalized_yaml/archaea/methanolobus_tindarius_medium.yaml	CultureMech:001336	CaCl2 x 2 H2O	0.236852	G_PER_L	0.136852;0.1	value is the sum of differing parts; which one the medium means needs the source recipe
DIFFERING_PARTS	data/normalized_yaml/archaea/methanolobus_tindarius_medium.yaml	CultureMech:001336	NaCl	18.5953	G_PER_L	17.5953;1.0	value is the sum of differing parts; which one the medium means needs the source recipe
DIFFERING_PARTS	data/normalized_yaml/archaea/methanomassiliicoccus_medium.yaml	CultureMech:000645	Yeast extract	4.996016	G_PER_L	0.996016;4.0	value is the sum of differing parts; which one the medium means needs the source recipe
COEXISTING_ROW	data/normalized_yaml/archaea/methanomassiliicoccus_medium.yaml	CultureMech:000645	Yeast extract	4.996016;5.0	G_PER_L		2 rows name this ingredient in one record, one of them a merge survivor — a consumer double-counts
DIFFERING_PARTS	data/normalized_yaml/archaea/methanomethylovorans_medium.yaml	CultureMech:008490	CaCl2·2H2O	0.25	G_PER_L	0.15;0.1	value is the sum of differing parts; which one the medium means needs the source recipe
DIFFERING_PARTS	data/normalized_yaml/archaea/methanomethylovorans_thermophila_medium.yaml	CultureMech:008491	NaCl	1.3	G_PER_L	0.3;1.0	value is the sum of differing parts; which one the medium means needs the source recipe
DIFFERING_PARTS	data/normalized_yaml/archaea/methanomicrobium_paynteri_medium.yaml	CultureMech:004702	MgSO4 x 7 H2O	6.35637	G_PER_L	3.35637;3.0	value is the sum of differing parts; which one the medium means needs the source recipe
DIFFERING_PARTS	data/normalized_yaml/archaea/methanomicrobium_paynteri_medium.yaml	CultureMech:004702	CaCl2 x 2 H2O	0.238203	G_PER_L	0.138203;0.1	value is the sum of differing parts; which one the medium means needs the source recipe
DIFFERING_PARTS	data/normalized_yaml/archaea/methanomicrobium_paynteri_medium.yaml	CultureMech:004702	NaCl	7.22902	G_PER_L	6.22902;1.0	value is the sum of differing parts; which one the medium means needs the source recipe
DIFFERING_PARTS	data/normalized_yaml/archaea/methanonatronarchaeum_medium.yaml	CultureMech:001076	NaCl	266.6667	G_PER_L	16.6667;250.0	value is the sum of differing parts; which one the medium means needs the source recipe
DIFFERING_PARTS	data/normalized_yaml/archaea/methanonatronarchaeum_medium.yaml	CultureMech:001076	Na2S x 9 H2O	148.0	G_PER_L	25.0;123.0	value is the sum of differing parts; which one the medium means needs the source recipe
DIFFERING_PARTS	data/normalized_yaml/archaea/methanonatronarchaeum_medium.yaml	CultureMech:001076	FeSO4 x 7 H2O	156.2	G_PER_L	2.2;154.0	value is the sum of differing parts; which one the medium means needs the source recipe
DIFFERING_PARTS	data/normalized_yaml/archaea/methanopyrus_medium.yaml	CultureMech:001644	NaCl	12.718	G_PER_L	11.718;1.0	value is the sum of differing parts; which one the medium means needs the source recipe
DIFFERING_PARTS	data/normalized_yaml/archaea/methanopyrus_medium.yaml	CultureMech:001644	MgSO4 x 7 H2O	4.73784	G_PER_L	1.73784;3.0	value is the sum of differing parts; which one the medium means needs the source recipe
DIFFERING_PARTS	data/normalized_yaml/archaea/methanopyrus_medium.yaml	CultureMech:001644	CaCl2 x 2 H2O	0.874578	G_PER_L	0.774578;0.1	value is the sum of differing parts; which one the medium means needs the source recipe
DIFFERING_PARTS	data/normalized_yaml/archaea/methanopyrus_medium.yaml	CultureMech:001644	H3BO3	1.31	G_PER_L	1.3;0.01	value is the sum of differing parts; which one the medium means needs the source recipe
DIFFERING_PARTS	data/normalized_yaml/archaea/methanopyrus_medium_for_strain_116.yaml	CultureMech:003018	NaBr	4.01	G_PER_L	4.0;0.01	value is the sum of differing parts; which one the medium means needs the source recipe
DIFFERING_PARTS	data/normalized_yaml/archaea/methanopyrus_medium_for_strain_116.yaml	CultureMech:003018	SrCl2 x 6 H2O	1.81	G_PER_L	1.8;0.01	value is the sum of differing parts; which one the medium means needs the source recipe
DIFFERING_PARTS	data/normalized_yaml/archaea/methanopyrus_medium_for_strain_116.yaml	CultureMech:003018	H3BO3	1.31	G_PER_L	1.3;0.01	value is the sum of differing parts; which one the medium means needs the source recipe
DIFFERING_PARTS	data/normalized_yaml/archaea/methanopyrus_medium_for_strain_116.yaml	CultureMech:003018	KI	0.01125	G_PER_L	0.00125;0.01	value is the sum of differing parts; which one the medium means needs the source recipe
DIFFERING_PARTS	data/normalized_yaml/archaea/methanoregula_medium.yaml	CultureMech:004033	NaOH	18.109432	G_PER_L	18.0;0.109432	value is the sum of differing parts; which one the medium means needs the source recipe
DIFFERING_PARTS	data/normalized_yaml/archaea/methanoregula_peat_medium.yaml	CultureMech:000744	NaOH	18.109432	G_PER_L	18.0;0.109432	value is the sum of differing parts; which one the medium means needs the source recipe
DIFFERING_PARTS	data/normalized_yaml/archaea/methanosaeta_concilii_medium.yaml	CultureMech:008344	CaCl2·2H2O	0.078	G_PER_L	0.06;0.018	value is the sum of differing parts; which one the medium means needs the source recipe
DIFFERING_PARTS	data/normalized_yaml/archaea/methanosaeta_harundinacea_medium.yaml	CultureMech:005029	NaCl	31.0	G_PER_L	30.0;1.0	value is the sum of differing parts; which one the medium means needs the source recipe
DIFFERING_PARTS	data/normalized_yaml/archaea/methanosaeta_harundinacea_medium.yaml	CultureMech:005029	CaCl2 x 2 H2O	11.1	G_PER_L	11.0;0.1	value is the sum of differing parts; which one the medium means needs the source recipe
DIFFERING_PARTS	data/normalized_yaml/archaea/methanosaeta_pelagica_medium.yaml	CultureMech:000786	CaCl2 x 2 H2O	0.249551	G_PER_L	0.149551;0.1	value is the sum of differing parts; which one the medium means needs the source recipe
DIFFERING_PARTS	data/normalized_yaml/archaea/methanosaeta_pelagica_medium.yaml	CultureMech:000786	NaCl	20.9402	G_PER_L	19.9402;1.0	value is the sum of differing parts; which one the medium means needs the source recipe
DIFFERING_PARTS	data/normalized_yaml/archaea/methanosaeta_thermophila_medium.yaml	CultureMech:000296	CaCl2 x 2 H2O	10.1	G_PER_L	10.0;0.1	value is the sum of differing parts; which one the medium means needs the source recipe
DIFFERING_PARTS	data/normalized_yaml/archaea/methanosalsum_medium.yaml	CultureMech:008489	Distilled water	953.0	G_PER_L	950.0;1.0;1.0;1.0	value is the sum of differing parts; which one the medium means needs the source recipe
DIFFERING_PARTS	data/normalized_yaml/archaea/methanosalsum_medium.yaml	CultureMech:008489	NaCl	41.0	G_PER_L	40.0;1.0	value is the sum of differing parts; which one the medium means needs the source recipe
DIFFERING_PARTS	data/normalized_yaml/archaea/methanosalsum_natronophilum_medium.yaml	CultureMech:001075	NaCl	125.33333	G_PER_L	5.33333;120.0	value is the sum of differing parts; which one the medium means needs the source recipe
DIFFERING_PARTS	data/normalized_yaml/archaea/methanosalsum_wen5_medium.yaml	CultureMech:001829	NaCl	15.6771	G_PER_L	14.6771;1.0	value is the sum of differing parts; which one the medium means needs the source recipe
DIFFERING_PARTS	data/normalized_yaml/archaea/methanosalsum_wen5_medium.yaml	CultureMech:001829	NiCl2 x 6 H2O	0.03195695	G_PER_L	0.00195695;0.03	value is the sum of differing parts; which one the medium means needs the source recipe
DIFFERING_PARTS	data/normalized_yaml/archaea/methanosalsum_zhilinae_medium.yaml	CultureMech:001505	NaCl	41.0	G_PER_L	40.0;1.0	value is the sum of differing parts; which one the medium means needs the source recipe
DIFFERING_PARTS	data/normalized_yaml/archaea/methanosarcina_acetivorans_medium.yaml	CultureMech:002742	NaCl	23.1172	G_PER_L	22.1172;1.0	value is the sum of differing parts; which one the medium means needs the source recipe
DIFFERING_PARTS	data/normalized_yaml/archaea/methanosarcina_acetivorans_medium.yaml	CultureMech:002742	MgSO4 x 7 H2O	11.93195	G_PER_L	8.93195;3.0	value is the sum of differing parts; which one the medium means needs the source recipe
DIFFERING_PARTS	data/normalized_yaml/archaea/methanosarcina_acetivorans_medium.yaml	CultureMech:002742	CaCl2 x 2 H2O	0.232325	G_PER_L	0.132325;0.1	value is the sum of differing parts; which one the medium means needs the source recipe
DIFFERING_PARTS	data/normalized_yaml/archaea/methanosarcina_baltica_medium.yaml	CultureMech:002662	CaCl2 x 2 H2O	0.237255	G_PER_L	0.137255;0.1	value is the sum of differing parts; which one the medium means needs the source recipe
DIFFERING_PARTS	data/normalized_yaml/archaea/methanosarcina_baltica_medium.yaml	CultureMech:002662	NaCl	18.6471	G_PER_L	17.6471;1.0	value is the sum of differing parts; which one the medium means needs the source recipe
DIFFERING_PARTS	data/normalized_yaml/archaea/methanosarcina_bcyt_medium.yaml	CultureMech:005005	NaCl	1.587659	G_PER_L	0.587659;1.0	value is the sum of differing parts; which one the medium means needs the source recipe
DIFFERING_PARTS	data/normalized_yaml/archaea/methanosarcina_bcyt_medium.yaml	CultureMech:005005	CaCl2 x 2 H2O	0.1783546	G_PER_L	0.0783546;0.1	value is the sum of differing parts; which one the medium means needs the source recipe
DIFFERING_PARTS	data/normalized_yaml/archaea/methanosarcina_mb_medium_1_g_l_nacl.yaml	CultureMech:002096	NaCl	1.98912	G_PER_L	0.98912;1.0	value is the sum of differing parts; which one the medium means needs the source recipe
DIFFERING_PARTS	data/normalized_yaml/archaea/methanosarcina_mb_medium_1_g_l_nacl.yaml	CultureMech:002096	CaCl2 x 2 H2O	0.495648	G_PER_L	0.395648;0.1	value is the sum of differing parts; which one the medium means needs the source recipe
DIFFERING_PARTS	data/normalized_yaml/archaea/methanosarcina_mp_medium.yaml	CultureMech:005004	NaCl	13.0	G_PER_L	12.0;1.0	value is the sum of differing parts; which one the medium means needs the source recipe
DIFFERING_PARTS	data/normalized_yaml/archaea/methanosarcina_mp_medium.yaml	CultureMech:005004	MgSO4 x 7 H2O	5.6	G_PER_L	2.6;3.0	value is the sum of differing parts; which one the medium means needs the source recipe
DIFFERING_PARTS	data/normalized_yaml/archaea/methanosarcina_mp_medium.yaml	CultureMech:005004	CaCl2 x 2 H2O	0.26	G_PER_L	0.16;0.1	value is the sum of differing parts; which one the medium means needs the source recipe
DIFFERING_PARTS	data/normalized_yaml/archaea/methanosarcina_sp_medium_n2_co2_for_dsm_2834.yaml	CultureMech:009174	MgSO4 x 7 H2O	6.45	G_PER_L	3.45;3.0	value is the sum of differing parts; which one the medium means needs the source recipe
DIFFERING_PARTS	data/normalized_yaml/archaea/methanosarcina_sp_medium_n2_co2_for_dsm_2834.yaml	CultureMech:009174	NaCl	19.0	G_PER_L	18.0;1.0	value is the sum of differing parts; which one the medium means needs the source recipe
DIFFERING_PARTS	data/normalized_yaml/archaea/methanosarcina_thermophila_bcyt_medium.yaml	CultureMech:000260	NaCl	1.587659	G_PER_L	0.587659;1.0	value is the sum of differing parts; which one the medium means needs the source recipe
DIFFERING_PARTS	data/normalized_yaml/archaea/methanosarcina_thermophila_bcyt_medium.yaml	CultureMech:000260	CaCl2 x 2 H2O	0.1783546	G_PER_L	0.0783546;0.1	value is the sum of differing parts; which one the medium means needs the source recipe
DIFFERING_PARTS	data/normalized_yaml/archaea/methanosarcina_thermophila_medium.yaml	CultureMech:000259	NaCl	13.0	G_PER_L	12.0;1.0	value is the sum of differing parts; which one the medium means needs the source recipe
DIFFERING_PARTS	data/normalized_yaml/archaea/methanosarcina_thermophila_medium.yaml	CultureMech:000259	MgSO4 x 7 H2O	5.6	G_PER_L	2.6;3.0	value is the sum of differing parts; which one the medium means needs the source recipe
DIFFERING_PARTS	data/normalized_yaml/archaea/methanosarcina_thermophila_medium.yaml	CultureMech:000259	CaCl2 x 2 H2O	0.26	G_PER_L	0.16;0.1	value is the sum of differing parts; which one the medium means needs the source recipe
DIFFERING_PARTS	data/normalized_yaml/archaea/methanosphaera_cuniculi_medium.yaml	CultureMech:001514	NaCl	13.0	G_PER_L	12.0;1.0	value is the sum of differing parts; which one the medium means needs the source recipe
DIFFERING_PARTS	data/normalized_yaml/archaea/methanosphaera_cuniculi_medium.yaml	CultureMech:001514	MgSO4 x 7 H2O	5.6	G_PER_L	2.6;3.0	value is the sum of differing parts; which one the medium means needs the source recipe
DIFFERING_PARTS	data/normalized_yaml/archaea/methanosphaera_cuniculi_medium.yaml	CultureMech:001514	CaCl2 x 2 H2O	0.26	G_PER_L	0.16;0.1	value is the sum of differing parts; which one the medium means needs the source recipe
DIFFERING_PARTS	data/normalized_yaml/archaea/methanosphaera_mcb_3_medium.yaml	CultureMech:009213	Distilled water	2900.0	G_PER_L	900.0;1000.0;1000.0	value is the sum of differing parts; which one the medium means needs the source recipe
DIFFERING_PARTS	data/normalized_yaml/archaea/methanosphaera_mcb_3_medium.yaml	CultureMech:009213	MgSO4 x 7 H2O	3.15	G_PER_L	0.15;3.0	value is the sum of differing parts; which one the medium means needs the source recipe
DIFFERING_PARTS	data/normalized_yaml/archaea/methanosphaera_mcb_3_medium.yaml	CultureMech:009213	NaCl	1.6	G_PER_L	0.6;1.0	value is the sum of differing parts; which one the medium means needs the source recipe
DIFFERING_PARTS	data/normalized_yaml/archaea/methanosphaera_mcb_3_medium.yaml	CultureMech:009213	CaCl2 x 2 H2O	0.18	G_PER_L	0.08;0.1	value is the sum of differing parts; which one the medium means needs the source recipe
DIFFERING_PARTS	data/normalized_yaml/archaea/methanosphaera_medium.yaml	CultureMech:001424	NiCl2 x 6 H2O	0.030680934	G_PER_L	0.000680934;0.03	value is the sum of differing parts; which one the medium means needs the source recipe
DIFFERING_PARTS	data/normalized_yaml/archaea/methanosphaera_medium.yaml	CultureMech:001424	NaCl	1.583658	G_PER_L	0.583658;1.0	value is the sum of differing parts; which one the medium means needs the source recipe
DIFFERING_PARTS	data/normalized_yaml/archaea/methanosphaera_medium.yaml	CultureMech:001424	MgSO4 x 7 H2O	3.145914	G_PER_L	0.145914;3.0	value is the sum of differing parts; which one the medium means needs the source recipe
DIFFERING_PARTS	data/normalized_yaml/archaea/methanosphaera_medium.yaml	CultureMech:001424	CaCl2 x 2 H2O	0.177821	G_PER_L	0.077821;0.1	value is the sum of differing parts; which one the medium means needs the source recipe
DIFFERING_PARTS	data/normalized_yaml/archaea/methanosphaera_medium.yaml	CultureMech:001424	FeSO4 x 7 H2O	1.1	G_PER_L	0.1;1.0	value is the sum of differing parts; which one the medium means needs the source recipe
DIFFERING_PARTS	data/normalized_yaml/archaea/methanosphaera_medium_i.yaml	CultureMech:005013	NiCl2 x 6 H2O	0.030680934	G_PER_L	0.000680934;0.03	value is the sum of differing parts; which one the medium means needs the source recipe
DIFFERING_PARTS	data/normalized_yaml/archaea/methanosphaera_medium_i.yaml	CultureMech:005013	NaCl	1.583658	G_PER_L	0.583658;1.0	value is the sum of differing parts; which one the medium means needs the source recipe
DIFFERING_PARTS	data/normalized_yaml/archaea/methanosphaera_medium_i.yaml	CultureMech:005013	MgSO4 x 7 H2O	3.145914	G_PER_L	0.145914;3.0	value is the sum of differing parts; which one the medium means needs the source recipe
DIFFERING_PARTS	data/normalized_yaml/archaea/methanosphaera_medium_i.yaml	CultureMech:005013	CaCl2 x 2 H2O	0.177821	G_PER_L	0.077821;0.1	value is the sum of differing parts; which one the medium means needs the source recipe
DIFFERING_PARTS	data/normalized_yaml/archaea/methanosphaera_medium_i.yaml	CultureMech:005013	FeSO4 x 7 H2O	1.1	G_PER_L	0.1;1.0	value is the sum of differing parts; which one the medium means needs the source recipe
DIFFERING_PARTS	data/normalized_yaml/archaea/methanosphaera_medium_ii.yaml	CultureMech:005219	NaCl	13.0	G_PER_L	12.0;1.0	value is the sum of differing parts; which one the medium means needs the source recipe
DIFFERING_PARTS	data/normalized_yaml/archaea/methanosphaera_medium_ii.yaml	CultureMech:005219	MgSO4 x 7 H2O	5.6	G_PER_L	2.6;3.0	value is the sum of differing parts; which one the medium means needs the source recipe
DIFFERING_PARTS	data/normalized_yaml/archaea/methanosphaera_medium_ii.yaml	CultureMech:005219	CaCl2 x 2 H2O	0.26	G_PER_L	0.16;0.1	value is the sum of differing parts; which one the medium means needs the source recipe
DIFFERING_PARTS	data/normalized_yaml/archaea/methanosphaerula_peat_medium_for_dsm_25616.yaml	CultureMech:009216	Distilled water	2940.0	G_PER_L	890.0;1000.0;20.0;1000.0;10.0;10.0;10.0	value is the sum of differing parts; which one the medium means needs the source recipe
DIFFERING_PARTS	data/normalized_yaml/archaea/methanospirillum_lacunae_medium.yaml	CultureMech:000735	CaCl2 x 2 H2O	0.248368	G_PER_L	0.148368;0.1	value is the sum of differing parts; which one the medium means needs the source recipe
DIFFERING_PARTS	data/normalized_yaml/archaea/methanospirillum_medium.yaml	CultureMech:008161	NaCl	1.6	G_PER_L	0.6;1.0	value is the sum of differing parts; which one the medium means needs the source recipe
DIFFERING_PARTS	data/normalized_yaml/archaea/methanospirillum_medium.yaml	CultureMech:008161	CaCl2·2H2O	8.1	G_PER_L	8.0;0.1	value is the sum of differing parts; which one the medium means needs the source recipe
DIFFERING_PARTS	data/normalized_yaml/archaea/methanothermobacter_medium.yaml	CultureMech:008141	CaCl2·2H2O	0.277	G_PER_L	0.147;0.13	value is the sum of differing parts; which one the medium means needs the source recipe
DIFFERING_PARTS	data/normalized_yaml/archaea/methanothermus_fervidus_medium.yaml	CultureMech:002611	NaCl	13.0	G_PER_L	12.0;1.0	value is the sum of differing parts; which one the medium means needs the source recipe
DIFFERING_PARTS	data/normalized_yaml/archaea/methanothermus_fervidus_medium.yaml	CultureMech:002611	MgSO4 x 7 H2O	5.4	G_PER_L	2.4;3.0	value is the sum of differing parts; which one the medium means needs the source recipe
DIFFERING_PARTS	data/normalized_yaml/archaea/methanothermus_medium.yaml	CultureMech:001302	FeSO4 x 7 H2O	0.10198216	G_PER_L	0.00198216;0.1	value is the sum of differing parts; which one the medium means needs the source recipe
DIFFERING_PARTS	data/normalized_yaml/archaea/methanothermus_medium.yaml	CultureMech:001302	NaCl	13.0	G_PER_L	12.0;1.0	value is the sum of differing parts; which one the medium means needs the source recipe
DIFFERING_PARTS	data/normalized_yaml/archaea/methanothermus_medium.yaml	CultureMech:001302	MgSO4 x 7 H2O	5.4	G_PER_L	2.4;3.0	value is the sum of differing parts; which one the medium means needs the source recipe
DIFFERING_PARTS	data/normalized_yaml/archaea/methanothrix_medium.yaml	CultureMech:001433	NaCl	31.0	G_PER_L	30.0;1.0	value is the sum of differing parts; which one the medium means needs the source recipe
DIFFERING_PARTS	data/normalized_yaml/archaea/methanothrix_medium.yaml	CultureMech:001433	CaCl2 x 2 H2O	11.1	G_PER_L	11.0;0.1	value is the sum of differing parts; which one the medium means needs the source recipe
DIFFERING_PARTS	data/normalized_yaml/archaea/methanothrix_soehngenii_medium.yaml	CultureMech:001434	NaCl	31.0	G_PER_L	30.0;1.0	value is the sum of differing parts; which one the medium means needs the source recipe
DIFFERING_PARTS	data/normalized_yaml/archaea/methanothrix_soehngenii_medium.yaml	CultureMech:001434	CaCl2 x 2 H2O	11.1	G_PER_L	11.0;0.1	value is the sum of differing parts; which one the medium means needs the source recipe
DIFFERING_PARTS	data/normalized_yaml/archaea/methermicoccus_medium.yaml	CultureMech:003736	Yeast extract	5.95886	G_PER_L	1.95886;4.0	value is the sum of differing parts; which one the medium means needs the source recipe
DIFFERING_PARTS	data/normalized_yaml/archaea/methermicoccus_methanogen_medium.yaml	CultureMech:000246	Yeast extract	5.95886	G_PER_L	1.95886;4.0	value is the sum of differing parts; which one the medium means needs the source recipe
DIFFERING_PARTS	data/normalized_yaml/archaea/mh1_medium_for_halarchaeum.yaml	CultureMech:003132	NaCl	250.0	G_PER_L	200.0;50.0	value is the sum of differing parts; which one the medium means needs the source recipe
DIFFERING_PARTS	data/normalized_yaml/archaea/mh1_medium_for_halarchaeum_2.yaml	CultureMech:003290	NaCl	250.0	G_PER_L	200.0;50.0	value is the sum of differing parts; which one the medium means needs the source recipe
DIFFERING_PARTS	data/normalized_yaml/archaea/modified_balchs_methanogen_medium_1_b.yaml	CultureMech:000304	FeSO4 x 7 H2O	0.10192308	G_PER_L	0.00192308;0.1	value is the sum of differing parts; which one the medium means needs the source recipe
DIFFERING_PARTS	data/normalized_yaml/archaea/modified_balchs_methanogen_medium_1_b.yaml	CultureMech:000304	CaCl2 x 2 H2O	0.10769231	G_PER_L	0.00769231;0.1	value is the sum of differing parts; which one the medium means needs the source recipe
DIFFERING_PARTS	data/normalized_yaml/archaea/modified_balchs_methanogens_medium.yaml	CultureMech:000300	NaCl	1.588235	G_PER_L	0.588235;1.0	value is the sum of differing parts; which one the medium means needs the source recipe
DIFFERING_PARTS	data/normalized_yaml/archaea/modified_balchs_methanogens_medium.yaml	CultureMech:000300	MgSO4 x 7 H2O	3.127451	G_PER_L	0.127451;3.0	value is the sum of differing parts; which one the medium means needs the source recipe
DIFFERING_PARTS	data/normalized_yaml/archaea/modified_balchs_methanogens_medium.yaml	CultureMech:000300	FeSO4 x 7 H2O	0.10196078	G_PER_L	0.00196078;0.1	value is the sum of differing parts; which one the medium means needs the source recipe
DIFFERING_PARTS	data/normalized_yaml/archaea/modified_balchs_methanogens_medium.yaml	CultureMech:000300	CaCl2 x 2 H2O	0.10784314	G_PER_L	0.00784314;0.1	value is the sum of differing parts; which one the medium means needs the source recipe
DIFFERING_PARTS	data/normalized_yaml/archaea/modified_methanobacterium_medium_for_dsm_1093.yaml	CultureMech:009215	Distilled water	2990.0	G_PER_L	1000.0;990.0;1000.0	value is the sum of differing parts; which one the medium means needs the source recipe
DIFFERING_PARTS	data/normalized_yaml/archaea/modified_methanocaldococcus_medium.yaml	CultureMech:002834	MgSO4 x 7 H2O	6.31707	G_PER_L	3.31707;3.0	value is the sum of differing parts; which one the medium means needs the source recipe
DIFFERING_PARTS	data/normalized_yaml/archaea/modified_methanocaldococcus_medium.yaml	CultureMech:002834	NaCl	30.2683	G_PER_L	29.2683;1.0	value is the sum of differing parts; which one the medium means needs the source recipe
DIFFERING_PARTS	data/normalized_yaml/archaea/modified_methanoculleus_medium.yaml	CultureMech:008672	NaCl	7.0	G_PER_L	6.0;1.0	value is the sum of differing parts; which one the medium means needs the source recipe
DIFFERING_PARTS	data/normalized_yaml/archaea/modified_methanohalophilus_medium.yaml	CultureMech:000289	NaCl	118.073	G_PER_L	117.073;1.0	value is the sum of differing parts; which one the medium means needs the source recipe
DIFFERING_PARTS	data/normalized_yaml/archaea/modified_methanohalophilus_medium.yaml	CultureMech:000289	CaCl2 x 2 H2O	0.490244	G_PER_L	0.390244;0.1	value is the sum of differing parts; which one the medium means needs the source recipe
DIFFERING_PARTS	data/normalized_yaml/archaea/modified_picrophilus_medium.yaml	CultureMech:002433	MgSO4 x 7 H2O	30.44843	G_PER_L	0.44843;30.0	value is the sum of differing parts; which one the medium means needs the source recipe
DIFFERING_PARTS	data/normalized_yaml/archaea/modified_picrophilus_medium.yaml	CultureMech:002433	CaCl2 x 2 H2O	1.224215	G_PER_L	0.224215;1.0	value is the sum of differing parts; which one the medium means needs the source recipe
DIFFERING_PARTS	data/normalized_yaml/archaea/modified_synthetic_crenarchaeota_medium_for_strain_scm1.yaml	CultureMech:009549	Distilled water	305.0	G_PER_L	1.0;1.0;100.0;1.0;1.0;1.0;100.0;100.0	value is the sum of differing parts; which one the medium means needs the source recipe
DIFFERING_PARTS	data/normalized_yaml/archaea/ms_medium_for_methanogens.yaml	CultureMech:009208	Distilled water	773.0	G_PER_L	340.0;1.0;1.0;100.0;330.0;1.0	value is the sum of differing parts; which one the medium means needs the source recipe
DIFFERING_PARTS	data/normalized_yaml/archaea/ms_medium_for_methanogens.yaml	CultureMech:009208	MgSO4 . 7H2O	5.6	G_PER_L	2.6;3.0	value is the sum of differing parts; which one the medium means needs the source recipe
DIFFERING_PARTS	data/normalized_yaml/archaea/ms_medium_for_methanogens.yaml	CultureMech:009208	NaCl	13.0	G_PER_L	12.0;1.0	value is the sum of differing parts; which one the medium means needs the source recipe
DIFFERING_PARTS	data/normalized_yaml/archaea/natranaeroarchaeum_medium_aarc1.yaml	CultureMech:000945	NaHCO3	22.605009	G_PER_L	22.5;0.105009	value is the sum of differing parts; which one the medium means needs the source recipe
DIFFERING_PARTS	data/normalized_yaml/archaea/nitrososphaera_gargensis_medium.yaml	CultureMech:001268	Double distilled water	2050.0	G_PER_L	1000.0;1000.0;50.0	value is the sum of differing parts; which one the medium means needs the source recipe
DIFFERING_PARTS	data/normalized_yaml/archaea/nitrosotalea_aoa_fresh_water_medium_fw.yaml	CultureMech:001267	Double distilled water	2100.0	G_PER_L	50.0;50.0;1000.0;1000.0	value is the sum of differing parts; which one the medium means needs the source recipe
DIFFERING_PARTS	data/normalized_yaml/archaea/palaeococcus_medium.yaml	CultureMech:001479	NaCl	30.97	G_PER_L	29.97;1.0	value is the sum of differing parts; which one the medium means needs the source recipe
DIFFERING_PARTS	data/normalized_yaml/archaea/palaeococcus_medium.yaml	CultureMech:001479	MgSO4 x 7 H2O	6.4965	G_PER_L	3.4965;3.0	value is the sum of differing parts; which one the medium means needs the source recipe
DIFFERING_PARTS	data/normalized_yaml/archaea/palaeococcus_medium.yaml	CultureMech:001479	H3BO3	0.024985	G_PER_L	0.014985;0.01	value is the sum of differing parts; which one the medium means needs the source recipe
DIFFERING_PARTS	data/normalized_yaml/archaea/palaeococcus_medium.yaml	CultureMech:001479	CaCl2 x 2 H2O	0.849251	G_PER_L	0.749251;0.1	value is the sum of differing parts; which one the medium means needs the source recipe
DIFFERING_PARTS	data/normalized_yaml/archaea/palaeococcus_medium.yaml	CultureMech:001479	NiCl2 x 6 H2O	0.031998	G_PER_L	0.001998;0.03	value is the sum of differing parts; which one the medium means needs the source recipe
DIFFERING_PARTS	data/normalized_yaml/archaea/pyrobaculum_aerophilum_medium.yaml	CultureMech:002577	NaCl	48.15	G_PER_L	47.15;1.0	value is the sum of differing parts; which one the medium means needs the source recipe
DIFFERING_PARTS	data/normalized_yaml/archaea/pyrobaculum_aerophilum_medium.yaml	CultureMech:002577	MgSO4 x 7 H2O	10.0	G_PER_L	7.0;3.0	value is the sum of differing parts; which one the medium means needs the source recipe
DIFFERING_PARTS	data/normalized_yaml/archaea/pyrobaculum_aerophilum_medium.yaml	CultureMech:002577	CaCl2 x 2 H2O	3.23	G_PER_L	3.13;0.1	value is the sum of differing parts; which one the medium means needs the source recipe
DIFFERING_PARTS	data/normalized_yaml/archaea/pyrobaculum_aerophilum_medium.yaml	CultureMech:002577	H3BO3	0.062	G_PER_L	0.052;0.01	value is the sum of differing parts; which one the medium means needs the source recipe
DIFFERING_PARTS	data/normalized_yaml/archaea/pyrobaculum_bs_medium.yaml	CultureMech:001740	NaCl	48.15	G_PER_L	47.15;1.0	value is the sum of differing parts; which one the medium means needs the source recipe
DIFFERING_PARTS	data/normalized_yaml/archaea/pyrobaculum_bs_medium.yaml	CultureMech:001740	MgSO4 x 7 H2O	10.0	G_PER_L	7.0;3.0	value is the sum of differing parts; which one the medium means needs the source recipe
DIFFERING_PARTS	data/normalized_yaml/archaea/pyrobaculum_bs_medium.yaml	CultureMech:001740	CaCl2 x 2 H2O	3.23	G_PER_L	3.13;0.1	value is the sum of differing parts; which one the medium means needs the source recipe
DIFFERING_PARTS	data/normalized_yaml/archaea/pyrobaculum_bs_medium.yaml	CultureMech:001740	H3BO3	0.062	G_PER_L	0.052;0.01	value is the sum of differing parts; which one the medium means needs the source recipe
DIFFERING_PARTS	data/normalized_yaml/archaea/pyrococcus_medium.yaml	CultureMech:001478	NaCl	14.85	G_PER_L	13.85;1.0	value is the sum of differing parts; which one the medium means needs the source recipe
DIFFERING_PARTS	data/normalized_yaml/archaea/pyrococcus_medium.yaml	CultureMech:001478	MgSO4 x 7 H2O	6.5	G_PER_L	3.5;3.0	value is the sum of differing parts; which one the medium means needs the source recipe
DIFFERING_PARTS	data/normalized_yaml/archaea/pyrococcus_medium.yaml	CultureMech:001478	H3BO3	0.025	G_PER_L	0.015;0.01	value is the sum of differing parts; which one the medium means needs the source recipe
DIFFERING_PARTS	data/normalized_yaml/archaea/pyrococcus_medium.yaml	CultureMech:001478	CaCl2 x 2 H2O	0.85	G_PER_L	0.75;0.1	value is the sum of differing parts; which one the medium means needs the source recipe
DIFFERING_PARTS	data/normalized_yaml/archaea/pyrococcus_medium.yaml	CultureMech:001478	NiCl2 x 6 H2O	0.032	G_PER_L	0.002;0.03	value is the sum of differing parts; which one the medium means needs the source recipe
DIFFERING_PARTS	data/normalized_yaml/archaea/pyrococcus_medium_2.yaml	CultureMech:008136	MgSO4·7H2O	6.5	G_PER_L	3.5;3.0	value is the sum of differing parts; which one the medium means needs the source recipe
DIFFERING_PARTS	data/normalized_yaml/archaea/pyrococcus_medium_2.yaml	CultureMech:008136	NaCl	14.85	G_PER_L	13.85;1.0	value is the sum of differing parts; which one the medium means needs the source recipe
DIFFERING_PARTS	data/normalized_yaml/archaea/pyrococcus_medium_2.yaml	CultureMech:008136	H3BO3	15.01	G_PER_L	15.0;0.01	value is the sum of differing parts; which one the medium means needs the source recipe
DIFFERING_PARTS	data/normalized_yaml/archaea/pyrococcus_st04_medium.yaml	CultureMech:001480	NaCl	14.5122	G_PER_L	13.5122;1.0	value is the sum of differing parts; which one the medium means needs the source recipe
DIFFERING_PARTS	data/normalized_yaml/archaea/pyrococcus_st04_medium.yaml	CultureMech:001480	MgSO4 x 7 H2O	6.41463	G_PER_L	3.41463;3.0	value is the sum of differing parts; which one the medium means needs the source recipe
DIFFERING_PARTS	data/normalized_yaml/archaea/pyrococcus_st04_medium.yaml	CultureMech:001480	H3BO3	0.0246341	G_PER_L	0.0146341;0.01	value is the sum of differing parts; which one the medium means needs the source recipe
DIFFERING_PARTS	data/normalized_yaml/archaea/pyrococcus_st04_medium.yaml	CultureMech:001480	CaCl2 x 2 H2O	0.831707	G_PER_L	0.731707;0.1	value is the sum of differing parts; which one the medium means needs the source recipe
DIFFERING_PARTS	data/normalized_yaml/archaea/pyrococcus_st04_medium.yaml	CultureMech:001480	NiCl2 x 6 H2O	0.03195122	G_PER_L	0.00195122;0.03	value is the sum of differing parts; which one the medium means needs the source recipe
DIFFERING_PARTS	data/normalized_yaml/archaea/pyrococcus_staphylothermus_medium.yaml	CultureMech:005113	NaCl	14.5122	G_PER_L	13.5122;1.0	value is the sum of differing parts; which one the medium means needs the source recipe
DIFFERING_PARTS	data/normalized_yaml/archaea/pyrococcus_staphylothermus_medium.yaml	CultureMech:005113	MgSO4 x 7 H2O	6.41463	G_PER_L	3.41463;3.0	value is the sum of differing parts; which one the medium means needs the source recipe
DIFFERING_PARTS	data/normalized_yaml/archaea/pyrococcus_staphylothermus_medium.yaml	CultureMech:005113	H3BO3	0.0246341	G_PER_L	0.0146341;0.01	value is the sum of differing parts; which one the medium means needs the source recipe
DIFFERING_PARTS	data/normalized_yaml/archaea/pyrococcus_staphylothermus_medium.yaml	CultureMech:005113	CaCl2 x 2 H2O	0.831707	G_PER_L	0.731707;0.1	value is the sum of differing parts; which one the medium means needs the source recipe
DIFFERING_PARTS	data/normalized_yaml/archaea/pyrococcus_staphylothermus_medium.yaml	CultureMech:005113	NiCl2 x 6 H2O	0.03195122	G_PER_L	0.00195122;0.03	value is the sum of differing parts; which one the medium means needs the source recipe
DIFFERING_PARTS	data/normalized_yaml/archaea/pyrodictium_abysii_medium.yaml	CultureMech:002567	NaCl	14.85	G_PER_L	13.85;1.0	value is the sum of differing parts; which one the medium means needs the source recipe
DIFFERING_PARTS	data/normalized_yaml/archaea/pyrodictium_abysii_medium.yaml	CultureMech:002567	MgSO4 x 7 H2O	6.5	G_PER_L	3.5;3.0	value is the sum of differing parts; which one the medium means needs the source recipe
DIFFERING_PARTS	data/normalized_yaml/archaea/pyrodictium_abysii_medium.yaml	CultureMech:002567	H3BO3	0.025	G_PER_L	0.015;0.01	value is the sum of differing parts; which one the medium means needs the source recipe
DIFFERING_PARTS	data/normalized_yaml/archaea/pyrodictium_brockii_medium.yaml	CultureMech:002565	NaCl	14.85	G_PER_L	13.85;1.0	value is the sum of differing parts; which one the medium means needs the source recipe
DIFFERING_PARTS	data/normalized_yaml/archaea/pyrodictium_brockii_medium.yaml	CultureMech:002565	MgSO4 x 7 H2O	6.5	G_PER_L	3.5;3.0	value is the sum of differing parts; which one the medium means needs the source recipe
DIFFERING_PARTS	data/normalized_yaml/archaea/pyrodictium_brockii_medium.yaml	CultureMech:002565	H3BO3	0.025	G_PER_L	0.015;0.01	value is the sum of differing parts; which one the medium means needs the source recipe
DIFFERING_PARTS	data/normalized_yaml/archaea/pyrodictium_delaneyi_medium.yaml	CultureMech:000667	FeCl2 x 4 H2O	2.018445	G_PER_L	0.518445;1.5	value is the sum of differing parts; which one the medium means needs the source recipe
DIFFERING_PARTS	data/normalized_yaml/archaea/pyrodictium_delaneyi_medium.yaml	CultureMech:000667	NaOH	20.5	G_PER_L	0.5;20.0	value is the sum of differing parts; which one the medium means needs the source recipe
DIFFERING_PARTS	data/normalized_yaml/archaea/pyrodictium_medium.yaml	CultureMech:001381	NaCl	14.5122	G_PER_L	13.5122;1.0	value is the sum of differing parts; which one the medium means needs the source recipe
DIFFERING_PARTS	data/normalized_yaml/archaea/pyrodictium_medium.yaml	CultureMech:001381	MgSO4 x 7 H2O	6.41463	G_PER_L	3.41463;3.0	value is the sum of differing parts; which one the medium means needs the source recipe
DIFFERING_PARTS	data/normalized_yaml/archaea/pyrodictium_medium.yaml	CultureMech:001381	H3BO3	0.0246341	G_PER_L	0.0146341;0.01	value is the sum of differing parts; which one the medium means needs the source recipe
DIFFERING_PARTS	data/normalized_yaml/archaea/pyrodictium_medium.yaml	CultureMech:001381	CaCl2 x 2 H2O	0.831707	G_PER_L	0.731707;0.1	value is the sum of differing parts; which one the medium means needs the source recipe
DIFFERING_PARTS	data/normalized_yaml/archaea/pyrodictium_medium.yaml	CultureMech:001381	NiCl2 x 6 H2O	0.03195122	G_PER_L	0.00195122;0.03	value is the sum of differing parts; which one the medium means needs the source recipe
DIFFERING_PARTS	data/normalized_yaml/archaea/pyrodictium_occultum_medium.yaml	CultureMech:008187	MgSO4·7H2O	6.5	G_PER_L	3.5;3.0	value is the sum of differing parts; which one the medium means needs the source recipe
DIFFERING_PARTS	data/normalized_yaml/archaea/pyrodictium_occultum_medium.yaml	CultureMech:008187	NaCl	14.85	G_PER_L	13.85;1.0	value is the sum of differing parts; which one the medium means needs the source recipe
DIFFERING_PARTS	data/normalized_yaml/archaea/pyrodictium_occultum_medium.yaml	CultureMech:008187	H3BO3	15.01	G_PER_L	15.0;0.01	value is the sum of differing parts; which one the medium means needs the source recipe
DIFFERING_PARTS	data/normalized_yaml/archaea/pyrodictium_ocultum_medium.yaml	CultureMech:002566	NaCl	14.85	G_PER_L	13.85;1.0	value is the sum of differing parts; which one the medium means needs the source recipe
DIFFERING_PARTS	data/normalized_yaml/archaea/pyrodictium_ocultum_medium.yaml	CultureMech:002566	MgSO4 x 7 H2O	6.5	G_PER_L	3.5;3.0	value is the sum of differing parts; which one the medium means needs the source recipe
DIFFERING_PARTS	data/normalized_yaml/archaea/pyrodictium_ocultum_medium.yaml	CultureMech:002566	H3BO3	0.025	G_PER_L	0.015;0.01	value is the sum of differing parts; which one the medium means needs the source recipe
DIFFERING_PARTS	data/normalized_yaml/archaea/pyrolobus_fumarii_medium.yaml	CultureMech:001932	MgSO4 x 7 H2O	33.53893	G_PER_L	3.53893;30.0	value is the sum of differing parts; which one the medium means needs the source recipe
DIFFERING_PARTS	data/normalized_yaml/archaea/pyrolobus_fumarii_medium.yaml	CultureMech:001932	CaCl2 x 2 H2O	1.384227	G_PER_L	0.384227;1.0	value is the sum of differing parts; which one the medium means needs the source recipe
DIFFERING_PARTS	data/normalized_yaml/archaea/pyrolobus_fumarii_medium.yaml	CultureMech:001932	H3BO3	0.1151668	G_PER_L	0.0151668;0.1	value is the sum of differing parts; which one the medium means needs the source recipe
DIFFERING_PARTS	data/normalized_yaml/archaea/pyrolobus_medium.yaml	CultureMech:003204	NaCl	65.4	G_PER_L	55.4;10.0	value is the sum of differing parts; which one the medium means needs the source recipe
DIFFERING_PARTS	data/normalized_yaml/archaea/pyrolobus_medium.yaml	CultureMech:003204	MgSO4 x 7 H2O	44.0	G_PER_L	14.0;30.0	value is the sum of differing parts; which one the medium means needs the source recipe
DIFFERING_PARTS	data/normalized_yaml/archaea/pyrolobus_medium.yaml	CultureMech:003204	H3BO3	0.16	G_PER_L	0.06;0.1	value is the sum of differing parts; which one the medium means needs the source recipe
DIFFERING_PARTS	data/normalized_yaml/archaea/pyrolobus_medium.yaml	CultureMech:003204	CaCl2 x 2 H2O	2.5	G_PER_L	1.5;1.0	value is the sum of differing parts; which one the medium means needs the source recipe
DIFFERING_PARTS	data/normalized_yaml/archaea/stetteria_medium.yaml	CultureMech:001938	MgSO4 x 7 H2O	17.0	G_PER_L	3.0;14.0	value is the sum of differing parts; which one the medium means needs the source recipe
DIFFERING_PARTS	data/normalized_yaml/archaea/stetteria_medium.yaml	CultureMech:001938	NaCl	56.4	G_PER_L	1.0;55.4	value is the sum of differing parts; which one the medium means needs the source recipe
DIFFERING_PARTS	data/normalized_yaml/archaea/stetteria_medium.yaml	CultureMech:001938	CaCl2 x 2 H2O	1.6	G_PER_L	0.1;1.5	value is the sum of differing parts; which one the medium means needs the source recipe
DIFFERING_PARTS	data/normalized_yaml/archaea/synthetic_crenarchaeota_medium_scm.yaml	CultureMech:001114	Double distilled water	5100.0	G_PER_L	1000.0;1000.0;1000.0;50.0;50.0;1000.0;1000.0	value is the sum of differing parts; which one the medium means needs the source recipe
DIFFERING_PARTS	data/normalized_yaml/archaea/thermococcus_chitinophagus_medium.yaml	CultureMech:001899	NaHCO3	0.392	G_PER_L	0.2;0.192	value is the sum of differing parts; which one the medium means needs the source recipe
DIFFERING_PARTS	data/normalized_yaml/archaea/thermococcus_chitinophagus_medium.yaml	CultureMech:001899	NaCl	24.47	G_PER_L	23.47;1.0	value is the sum of differing parts; which one the medium means needs the source recipe
DIFFERING_PARTS	data/normalized_yaml/archaea/thermococcus_chitinophagus_medium.yaml	CultureMech:001899	H3BO3	0.036	G_PER_L	0.026;0.01	value is the sum of differing parts; which one the medium means needs the source recipe
DIFFERING_PARTS	data/normalized_yaml/archaea/thermococcus_medium.yaml	CultureMech:001950	MgSO4 x 7 H2O	6.4	G_PER_L	3.4;3.0	value is the sum of differing parts; which one the medium means needs the source recipe
DIFFERING_PARTS	data/normalized_yaml/archaea/thermococcus_medium.yaml	CultureMech:001950	NaCl	19.0	G_PER_L	18.0;1.0	value is the sum of differing parts; which one the medium means needs the source recipe
DIFFERING_PARTS	data/normalized_yaml/archaea/thermococcus_medium_ph_6_0.yaml	CultureMech:002711	MgSO4 x 7 H2O	6.33333	G_PER_L	3.33333;3.0	value is the sum of differing parts; which one the medium means needs the source recipe
DIFFERING_PARTS	data/normalized_yaml/archaea/thermococcus_medium_ph_6_0.yaml	CultureMech:002711	NaCl	25.5098	G_PER_L	24.5098;1.0	value is the sum of differing parts; which one the medium means needs the source recipe
DIFFERING_PARTS	data/normalized_yaml/archaea/thermococcus_medium_ph_6_0.yaml	CultureMech:002711	FeSO4 x 7 H2O	0.1245098	G_PER_L	0.0245098;0.1	value is the sum of differing parts; which one the medium means needs the source recipe
DIFFERING_PARTS	data/normalized_yaml/archaea/thermofilum_medium.yaml	CultureMech:000988	Yeast extract	0.7	G_PER_L	0.6;0.1	value is the sum of differing parts; which one the medium means needs the source recipe
DIFFERING_PARTS	data/normalized_yaml/archaea/wr_medium_for_methanobacteriaceae.yaml	CultureMech:003152	CaCl2 x 2 H2O	0.243976	G_PER_L	0.143976;0.1	value is the sum of differing parts; which one the medium means needs the source recipe
DIFFERING_PARTS	data/normalized_yaml/archaea/wr_medium_for_methanobacteriaceae.yaml	CultureMech:003152	Na2SeO3 x 5 H2O	0.03	G_PER_L	0.026;0.004	value is the sum of differing parts; which one the medium means needs the source recipe
DIFFERING_PARTS	data/normalized_yaml/bacterial/1_2_r2a_75_asw.yaml	CultureMech:008341	Distilled water	251.0	G_PER_L	250.0;1.0	value is the sum of differing parts; which one the medium means needs the source recipe
DIFFERING_PARTS	data/normalized_yaml/bacterial/1_2_sme_medium_for_ya.yaml	CultureMech:003320	MgSO4 x 7 H2O	16.71003	G_PER_L	2.71003;14.0	value is the sum of differing parts; which one the medium means needs the source recipe
DIFFERING_PARTS	data/normalized_yaml/bacterial/1_2_sme_medium_for_ya.yaml	CultureMech:003320	NaCl	56.303342	G_PER_L	0.903342;55.4	value is the sum of differing parts; which one the medium means needs the source recipe
DIFFERING_PARTS	data/normalized_yaml/bacterial/1_2_sme_medium_for_ya.yaml	CultureMech:003320	CaCl2 x 2 H2O	1.5903342	G_PER_L	0.0903342;1.5	value is the sum of differing parts; which one the medium means needs the source recipe
DIFFERING_PARTS	data/normalized_yaml/bacterial/1_2_sme_medium_for_ya.yaml	CultureMech:003320	H3BO3	0.06903342	G_PER_L	0.00903342;0.06	value is the sum of differing parts; which one the medium means needs the source recipe
DIFFERING_PARTS	data/normalized_yaml/bacterial/2_5_nacl_gypfk_agar_broth.yaml	CultureMech:008125	Distilled water	1001.0	G_PER_L	900.0;100.0;1.0	value is the sum of differing parts; which one the medium means needs the source recipe
DIFFERING_PARTS	data/normalized_yaml/bacterial/948_oxoid_nutrient_broth_with_additonal_salt.yaml	CultureMech:001029	NaCl	22.5	G_PER_L	17.5;5.0	value is the sum of differing parts; which one the medium means needs the source recipe
DIFFERING_PARTS	data/normalized_yaml/bacterial/DSMZ_1419_HYPHOMICROBIUM_MEDIUM.yaml	CultureMech:000880	Vitamin B12	0.0001040099	G_PER_L	0.0000025;0.0000025;0.0000990099	value is the sum of differing parts; which one the medium means needs the source recipe
DIFFERING_PARTS	data/normalized_yaml/bacterial/DSMZ_1419_HYPHOMICROBIUM_MEDIUM.yaml	CultureMech:000880	MgSO4 x 7 H2O	29.9	G_PER_L	0.2;29.7	value is the sum of differing parts; which one the medium means needs the source recipe
DIFFERING_PARTS	data/normalized_yaml/bacterial/DSMZ_1419_HYPHOMICROBIUM_MEDIUM.yaml	CultureMech:000880	CaCl2 x 2 H2O	5.325	G_PER_L	1.99;3.335	value is the sum of differing parts; which one the medium means needs the source recipe
DIFFERING_PARTS	data/normalized_yaml/bacterial/DSMZ_1419_HYPHOMICROBIUM_MEDIUM.yaml	CultureMech:000880	FeSO4 x 7 H2O	1.599	G_PER_L	1.0;0.099;0.5	value is the sum of differing parts; which one the medium means needs the source recipe
DIFFERING_PARTS	data/normalized_yaml/bacterial/DSMZ_1419_HYPHOMICROBIUM_MEDIUM.yaml	CultureMech:000880	MnSO4 x H2O	0.504	G_PER_L	0.35;0.154	value is the sum of differing parts; which one the medium means needs the source recipe
DIFFERING_PARTS	data/normalized_yaml/bacterial/DSMZ_46_PFENNIG_S_MEDIUM_I_WITH_SALT.yaml	CultureMech:001599	Na2S x 9 H2O	44.8148	G_PER_L	14.8148;30.0	value is the sum of differing parts; which one the medium means needs the source recipe
DIFFERING_PARTS	data/normalized_yaml/bacterial/DSMZ_590_DICHOTOMICROBIUM_THERMOHALOPHILUM_MEDIUM.yaml	CultureMech:000274	CaCl2 x 2 H2O	7.685	G_PER_L	4.35;3.335	value is the sum of differing parts; which one the medium means needs the source recipe
DIFFERING_PARTS	data/normalized_yaml/bacterial/DSMZ_590_DICHOTOMICROBIUM_THERMOHALOPHILUM_MEDIUM.yaml	CultureMech:000274	FeSO4 x 7 H2O	0.599	G_PER_L	0.099;0.5	value is the sum of differing parts; which one the medium means needs the source recipe
DIFFERING_PARTS	data/normalized_yaml/bacterial/DSMZ_628_MMB_MEDIUM.yaml	CultureMech:001759	FeSO4 x 7 H2O	0.599	G_PER_L	0.099;0.5	value is the sum of differing parts; which one the medium means needs the source recipe
DIFFERING_PARTS	data/normalized_yaml/bacterial/JCM_J1062_DESULFUROMONAS_CARBONIS_MEDIUM.yaml	CultureMech:002243	NiCl2 x 6 H2O	0.03261111	G_PER_L	0.00861111;0.024	value is the sum of differing parts; which one the medium means needs the source recipe
DIFFERING_PARTS	data/normalized_yaml/bacterial/JCM_J1303_UREAPLASMA_MEDIUM.yaml	CultureMech:002467	Urea	15.0	G_PER_L	10.0;5.0	value is the sum of differing parts; which one the medium means needs the source recipe
DIFFERING_PARTS	data/normalized_yaml/bacterial/JCM_J371_THERMOVIBRIO_AMMONIFICANS_MEDIUM.yaml	CultureMech:002730	NaCl	62.48911	G_PER_L	6.08911;55.4;1.0	value is the sum of differing parts; which one the medium means needs the source recipe
DIFFERING_PARTS	data/normalized_yaml/bacterial/JCM_J371_THERMOVIBRIO_AMMONIFICANS_MEDIUM.yaml	CultureMech:002730	CaCl2 x 2 H2O	1.971287	G_PER_L	0.371287;1.5;0.1	value is the sum of differing parts; which one the medium means needs the source recipe
DIFFERING_PARTS	data/normalized_yaml/bacterial/JCM_J371_THERMOVIBRIO_AMMONIFICANS_MEDIUM.yaml	CultureMech:002730	KI	0.0001247525	G_PER_L	0.0000247525;0.0001	value is the sum of differing parts; which one the medium means needs the source recipe
DIFFERING_PARTS	data/normalized_yaml/bacterial/JCM_J371_THERMOVIBRIO_AMMONIFICANS_MEDIUM.yaml	CultureMech:002730	MgSO4 x 7 H2O	17.0	G_PER_L	14.0;3.0	value is the sum of differing parts; which one the medium means needs the source recipe
DIFFERING_PARTS	data/normalized_yaml/bacterial/JCM_J470_VULCANIBACILLUS_MEDIUM.yaml	CultureMech:002819	FeSO4 x 7 H2O	1.0978474	G_PER_L	0.0978474;1.0	value is the sum of differing parts; which one the medium means needs the source recipe
DIFFERING_PARTS	data/normalized_yaml/bacterial/JCM_J512_A1_MEDIUM.yaml	CultureMech:002863	NaCl	20.6078	G_PER_L	19.6078;1.0	value is the sum of differing parts; which one the medium means needs the source recipe
DIFFERING_PARTS	data/normalized_yaml/bacterial/JCM_J512_A1_MEDIUM.yaml	CultureMech:002863	MgSO4 x 7 H2O	3.196078	G_PER_L	0.196078;3.0	value is the sum of differing parts; which one the medium means needs the source recipe
DIFFERING_PARTS	data/normalized_yaml/bacterial/JCM_J512_A1_MEDIUM.yaml	CultureMech:002863	CaCl2 x 2 H2O	30.5	G_PER_L	0.1;30.4	value is the sum of differing parts; which one the medium means needs the source recipe
DIFFERING_PARTS	data/normalized_yaml/bacterial/JCM_J567_VENENIVIBRIO_STAGNISPUMANTIS_MEDIUM.yaml	CultureMech:002916	MgSO4 x 7 H2O	9.92384	G_PER_L	6.92384;3.0	value is the sum of differing parts; which one the medium means needs the source recipe
DIFFERING_PARTS	data/normalized_yaml/bacterial/JCM_J567_VENENIVIBRIO_STAGNISPUMANTIS_MEDIUM.yaml	CultureMech:002916	CaCl2 x 2 H2O	0.495648	G_PER_L	0.395648;0.1	value is the sum of differing parts; which one the medium means needs the source recipe
DIFFERING_PARTS	data/normalized_yaml/bacterial/JCM_J601_ANCALOMICROBIUM_MEDIUM.yaml	CultureMech:002949	FeSO4 x 7 H2O	0.599	G_PER_L	0.099;0.5	value is the sum of differing parts; which one the medium means needs the source recipe
DIFFERING_PARTS	data/normalized_yaml/bacterial/JCM_J631_MMB_MEDIUM.yaml	CultureMech:002978	FeSO4 x 7 H2O	0.599	G_PER_L	0.099;0.5	value is the sum of differing parts; which one the medium means needs the source recipe
DIFFERING_PARTS	data/normalized_yaml/bacterial/JCM_J631_MMB_MEDIUM.yaml	CultureMech:002978	Nicotinic acid	0.055	G_PER_L	0.05;0.005	value is the sum of differing parts; which one the medium means needs the source recipe
DIFFERING_PARTS	data/normalized_yaml/bacterial/JCM_J631_MMB_MEDIUM.yaml	CultureMech:002978	Biotin	0.0025	G_PER_L	0.0005;0.002	value is the sum of differing parts; which one the medium means needs the source recipe
DIFFERING_PARTS	data/normalized_yaml/bacterial/JCM_J729_ACIDITHIOBACILLUS_FERRIVORANS_MEDIUM.yaml	CultureMech:003073	MgSO4 x 7 H2O	8.0	G_PER_L	5.0;3.0	value is the sum of differing parts; which one the medium means needs the source recipe
DIFFERING_PARTS	data/normalized_yaml/bacterial/JCM_J741_ACETOBACTERIUM_MEDIUM.yaml	CultureMech:003084	MgSO4 x 7 H2O	3.0961538	G_PER_L	0.0961538;3.0	value is the sum of differing parts; which one the medium means needs the source recipe
DIFFERING_PARTS	data/normalized_yaml/bacterial/JCM_J759_DETHIOSULFOVIBRIO_PEPTIDOVORANS_MEDIUM.yaml	CultureMech:003102	CaCl2 x 2 H2O	0.197561	G_PER_L	0.097561;0.1	value is the sum of differing parts; which one the medium means needs the source recipe
DIFFERING_PARTS	data/normalized_yaml/bacterial/JCM_J759_DETHIOSULFOVIBRIO_PEPTIDOVORANS_MEDIUM.yaml	CultureMech:003102	NaCl	30.2683	G_PER_L	29.2683;1.0	value is the sum of differing parts; which one the medium means needs the source recipe
DIFFERING_PARTS	data/normalized_yaml/bacterial/JCM_J778_THERMOANAEROMONAS_MEDIUM.yaml	CultureMech:003120	NaCl	1.940734	G_PER_L	0.940734;1.0	value is the sum of differing parts; which one the medium means needs the source recipe
DIFFERING_PARTS	data/normalized_yaml/bacterial/JCM_J778_THERMOANAEROMONAS_MEDIUM.yaml	CultureMech:003120	CaCl2 x 2 H2O	0.1940734	G_PER_L	0.0940734;0.1	value is the sum of differing parts; which one the medium means needs the source recipe
DIFFERING_PARTS	data/normalized_yaml/bacterial/JCM_J784_DESULFOSPOROSINUS_ACIDOPHILUS_MEDIUM.yaml	CultureMech:003127	KH2PO4	40.049554	G_PER_L	0.049554;40.0	value is the sum of differing parts; which one the medium means needs the source recipe
DIFFERING_PARTS	data/normalized_yaml/bacterial/JCM_J846_MO-CFXI_MEDIUM.yaml	CultureMech:003191	CaCl2 x 2 H2O	8.43333	G_PER_L	8.33333;0.1	value is the sum of differing parts; which one the medium means needs the source recipe
DIFFERING_PARTS	data/normalized_yaml/bacterial/JCM_J881_KNH_MEDIUM.yaml	CultureMech:003229	CaCl2 x 2 H2O	0.24656	G_PER_L	0.14656;0.1	value is the sum of differing parts; which one the medium means needs the source recipe
DIFFERING_PARTS	data/normalized_yaml/bacterial/JCM_J881_KNH_MEDIUM.yaml	CultureMech:003229	NaCl	21.3888	G_PER_L	20.3888;1.0	value is the sum of differing parts; which one the medium means needs the source recipe
DIFFERING_PARTS	data/normalized_yaml/bacterial/JCM_J881_KNH_MEDIUM.yaml	CultureMech:003229	Na2SeO3 x 5 H2O	0.03	G_PER_L	0.026;0.004	value is the sum of differing parts; which one the medium means needs the source recipe
DIFFERING_PARTS	data/normalized_yaml/bacterial/JCM_J889_METALLIBACTERIUM_MEDIUM.yaml	CultureMech:003237	FeSO4 x 7 H2O	1.0098912	G_PER_L	0.0098912;1.0	value is the sum of differing parts; which one the medium means needs the source recipe
DIFFERING_PARTS	data/normalized_yaml/bacterial/JCM_J907_GEOBACTER_MEDIUM.yaml	CultureMech:003256	CaCl2 x 2 H2O	0.243976	G_PER_L	0.143976;0.1	value is the sum of differing parts; which one the medium means needs the source recipe
DIFFERING_PARTS	data/normalized_yaml/bacterial/JCM_J907_GEOBACTER_MEDIUM.yaml	CultureMech:003256	NaHCO3	31.64	G_PER_L	30.0;1.64	value is the sum of differing parts; which one the medium means needs the source recipe
DIFFERING_PARTS	data/normalized_yaml/bacterial/JCM_J907_GEOBACTER_MEDIUM.yaml	CultureMech:003256	Na2SeO3 x 5 H2O	0.03	G_PER_L	0.026;0.004	value is the sum of differing parts; which one the medium means needs the source recipe
DIFFERING_PARTS	data/normalized_yaml/bacterial/KOMODO_1001_BASAL_MEDIUM.yaml	CultureMech:003498	NaHCO3	3.34007	G_PER_L	2.5;0.84007	value is the sum of differing parts; which one the medium means needs the source recipe
DIFFERING_PARTS	data/normalized_yaml/bacterial/KOMODO_1003_HYDROGEN-OXYDIZING_MEDIUM.yaml	CultureMech:003500	CaCl2 x 2 H2O	40.4	G_PER_L	0.4;40.0	value is the sum of differing parts; which one the medium means needs the source recipe
DIFFERING_PARTS	data/normalized_yaml/bacterial/KOMODO_1005_THERMODESULFOBIUM_MEDIUM.yaml	CultureMech:003505	CaCl2 x 2 H2O	0.1296736	G_PER_L	0.0296736;0.1	value is the sum of differing parts; which one the medium means needs the source recipe
DIFFERING_PARTS	data/normalized_yaml/bacterial/KOMODO_1005_THERMODESULFOBIUM_MEDIUM.yaml	CultureMech:003505	NaCl	1.197824	G_PER_L	0.197824;1.0	value is the sum of differing parts; which one the medium means needs the source recipe
DIFFERING_PARTS	data/normalized_yaml/bacterial/KOMODO_1030_SMITHELLA_medium.yaml	CultureMech:003543	CaCl2 x 2 H2O	1.391389	G_PER_L	0.391389;1.0	value is the sum of differing parts; which one the medium means needs the source recipe
DIFFERING_PARTS	data/normalized_yaml/bacterial/KOMODO_1042_VULCANIBACILLUS_medium.yaml	CultureMech:003601	FeSO4 x 7 H2O	1.0995025	G_PER_L	0.0995025;1.0	value is the sum of differing parts; which one the medium means needs the source recipe
DIFFERING_PARTS	data/normalized_yaml/bacterial/KOMODO_104_PYG-MEDIUM_modified.yaml	CultureMech:003608	NaCl	10.0	G_PER_L	8.0;2.0	value is the sum of differing parts; which one the medium means needs the source recipe
DIFFERING_PARTS	data/normalized_yaml/bacterial/KOMODO_104b_PYX-MEDIUM.yaml	CultureMech:003622	NaCl	10.0	G_PER_L	8.0;2.0	value is the sum of differing parts; which one the medium means needs the source recipe
DIFFERING_PARTS	data/normalized_yaml/bacterial/KOMODO_1051_TEPIDANAEROBACTER_medium.yaml	CultureMech:003626	CaCl2 x 2 H2O	0.25	G_PER_L	0.15;0.1	value is the sum of differing parts; which one the medium means needs the source recipe
DIFFERING_PARTS	data/normalized_yaml/bacterial/KOMODO_1053_SULFURIMONAS_PARALVINELLA_MEDIUM.yaml	CultureMech:003629	NaCl	20.7824	G_PER_L	19.7824;1.0	value is the sum of differing parts; which one the medium means needs the source recipe
DIFFERING_PARTS	data/normalized_yaml/bacterial/KOMODO_1053_SULFURIMONAS_PARALVINELLA_MEDIUM.yaml	CultureMech:003629	MgSO4 x 7 H2O	6.95648	G_PER_L	3.95648;3.0	value is the sum of differing parts; which one the medium means needs the source recipe
DIFFERING_PARTS	data/normalized_yaml/bacterial/KOMODO_1057_ETHANOLIGENES_medium.yaml	CultureMech:003635	NaCl	4.99202	G_PER_L	3.99202;1.0	value is the sum of differing parts; which one the medium means needs the source recipe
DIFFERING_PARTS	data/normalized_yaml/bacterial/KOMODO_1062_DESULFITOBACTERIUM_PCE_II_medium.yaml	CultureMech:003645	NaCl	1.98912	G_PER_L	0.98912;1.0	value is the sum of differing parts; which one the medium means needs the source recipe
DIFFERING_PARTS	data/normalized_yaml/bacterial/KOMODO_1062_DESULFITOBACTERIUM_PCE_II_medium.yaml	CultureMech:003645	CaCl2 x 2 H2O	0.248368	G_PER_L	0.148368;0.1	value is the sum of differing parts; which one the medium means needs the source recipe
DIFFERING_PARTS	data/normalized_yaml/bacterial/KOMODO_1076_SP4_MEDIUM.yaml	CultureMech:003664	Yeast extract	4.5	G_PER_L	3.5;1.0	value is the sum of differing parts; which one the medium means needs the source recipe
DIFFERING_PARTS	data/normalized_yaml/bacterial/KOMODO_1076b_SP4-Z_medium.yaml	CultureMech:003729	Yeast extract	4.5	G_PER_L	3.5;1.0	value is the sum of differing parts; which one the medium means needs the source recipe
DIFFERING_PARTS	data/normalized_yaml/bacterial/KOMODO_1082_AMINIPHILUS_medium.yaml	CultureMech:003734	NaCl	10.90099	G_PER_L	9.90099;1.0	value is the sum of differing parts; which one the medium means needs the source recipe
DIFFERING_PARTS	data/normalized_yaml/bacterial/KOMODO_1086_DESULFATIRHABDIUM_medium.yaml	CultureMech:003738	NaOH	100.5	G_PER_L	0.5;100.0	value is the sum of differing parts; which one the medium means needs the source recipe
DIFFERING_PARTS	data/normalized_yaml/bacterial/KOMODO_110_CHOPPED_MEAT_medium_WITH_CARBOHYDRATES.yaml	CultureMech:003811	NaOH	26.0	G_PER_L	25.0;1.0	value is the sum of differing parts; which one the medium means needs the source recipe
DIFFERING_PARTS	data/normalized_yaml/bacterial/KOMODO_110_CHOPPED_MEAT_medium_WITH_CARBOHYDRATES.yaml	CultureMech:003811	Ethanol	959.5	G_PER_L	950.0;9.5	value is the sum of differing parts; which one the medium means needs the source recipe
DIFFERING_PARTS	data/normalized_yaml/bacterial/KOMODO_1114_THIOFABA_MEDIUM.yaml	CultureMech:003815	CaCl2 x 2 H2O	0.254321	G_PER_L	0.154321;0.1	value is the sum of differing parts; which one the medium means needs the source recipe
DIFFERING_PARTS	data/normalized_yaml/bacterial/KOMODO_1131_HYDROGENIVIRGA_OKINAWENSIS_MEDIUM.yaml	CultureMech:003840	NaCl	31.0	G_PER_L	30.0;1.0	value is the sum of differing parts; which one the medium means needs the source recipe
DIFFERING_PARTS	data/normalized_yaml/bacterial/KOMODO_1131_HYDROGENIVIRGA_OKINAWENSIS_MEDIUM.yaml	CultureMech:003840	CaCl2 x 2 H2O	0.6	G_PER_L	0.5;0.1	value is the sum of differing parts; which one the medium means needs the source recipe
DIFFERING_PARTS	data/normalized_yaml/bacterial/KOMODO_1131_HYDROGENIVIRGA_OKINAWENSIS_MEDIUM.yaml	CultureMech:003840	MgSO4 x 7 H2O	6.4	G_PER_L	3.4;3.0	value is the sum of differing parts; which one the medium means needs the source recipe
DIFFERING_PARTS	data/normalized_yaml/bacterial/KOMODO_1131_HYDROGENIVIRGA_OKINAWENSIS_MEDIUM.yaml	CultureMech:003840	FeSO4 x 7 H2O	0.11	G_PER_L	0.01;0.1	value is the sum of differing parts; which one the medium means needs the source recipe
DIFFERING_PARTS	data/normalized_yaml/bacterial/KOMODO_1133_ENRICHED_CYTOPHAGA_AGAR_medium.yaml	CultureMech:003843	Agar	19.0	G_PER_L	15.0;4.0	value is the sum of differing parts; which one the medium means needs the source recipe
DIFFERING_PARTS	data/normalized_yaml/bacterial/KOMODO_1135_HD-MEDIUM_1_10_diluted_modified.yaml	CultureMech:003844	Double distilled water	2000.0	G_PER_L	1000.0;500.0;500.0	value is the sum of differing parts; which one the medium means needs the source recipe
DIFFERING_PARTS	data/normalized_yaml/bacterial/KOMODO_1137_RUBRITALEA_medium.yaml	CultureMech:003846	CaCl2 x 2 H2O	7.685	G_PER_L	3.335;4.35	value is the sum of differing parts; which one the medium means needs the source recipe
DIFFERING_PARTS	data/normalized_yaml/bacterial/KOMODO_1137_RUBRITALEA_medium.yaml	CultureMech:003846	FeSO4 x 7 H2O	0.599	G_PER_L	0.099;0.5	value is the sum of differing parts; which one the medium means needs the source recipe
DIFFERING_PARTS	data/normalized_yaml/bacterial/KOMODO_113_THIOBACILLUS_DENITRIFICANS_MEDIUM.yaml	CultureMech:003849	FeSO4 x 7 H2O	2.2	G_PER_L	2.0;0.2	value is the sum of differing parts; which one the medium means needs the source recipe
DIFFERING_PARTS	data/normalized_yaml/bacterial/KOMODO_1144_SINGULISPHAERA_medium.yaml	CultureMech:003855	FeSO4 x 7 H2O	0.599	G_PER_L	0.099;0.5	value is the sum of differing parts; which one the medium means needs the source recipe
DIFFERING_PARTS	data/normalized_yaml/bacterial/KOMODO_1145_MS-MEDIUM_MODIFIED.yaml	CultureMech:003856	CaCl2 x 2 H2O	40.4	G_PER_L	0.4;40.0	value is the sum of differing parts; which one the medium means needs the source recipe
DIFFERING_PARTS	data/normalized_yaml/bacterial/KOMODO_1145_MS-MEDIUM_MODIFIED.yaml	CultureMech:003856	MgCl2 x 6 H2O	100.8	G_PER_L	0.8;100.0	value is the sum of differing parts; which one the medium means needs the source recipe
DIFFERING_PARTS	data/normalized_yaml/bacterial/KOMODO_1147_RV5_medium.yaml	CultureMech:003858	EDTA	5.21	G_PER_L	0.01;5.2	value is the sum of differing parts; which one the medium means needs the source recipe
DIFFERING_PARTS	data/normalized_yaml/bacterial/KOMODO_1149_OCEANITHERMUS_medium.yaml	CultureMech:003859	NaCl	21.0	G_PER_L	20.0;1.0	value is the sum of differing parts; which one the medium means needs the source recipe
DIFFERING_PARTS	data/normalized_yaml/bacterial/KOMODO_1181_METHYLOCELLA_SILVERSTRIS_MEDIUM.yaml	CultureMech:003901	Na2HPO4 x 12 H2O	6.447	G_PER_L	0.717;5.73	value is the sum of differing parts; which one the medium means needs the source recipe
DIFFERING_PARTS	data/normalized_yaml/bacterial/KOMODO_1191_EGGC.yaml	CultureMech:003928	Demineralized water	2120.0	G_PER_L	1000.0;1000.0;20.0;100.0	value is the sum of differing parts; which one the medium means needs the source recipe
DIFFERING_PARTS	data/normalized_yaml/bacterial/KOMODO_1211_CALDISERICUM_medium.yaml	CultureMech:003963	CaCl2 x 2 H2O	0.249551	G_PER_L	0.149551;0.1	value is the sum of differing parts; which one the medium means needs the source recipe
DIFFERING_PARTS	data/normalized_yaml/bacterial/KOMODO_1223_TINDALLIA_TEXCOCOENSIS_medium.yaml	CultureMech:003977	NaCl	76.0	G_PER_L	75.0;1.0	value is the sum of differing parts; which one the medium means needs the source recipe
DIFFERING_PARTS	data/normalized_yaml/bacterial/KOMODO_1231_HALOPLASMA_CONTRACTILE_medium.yaml	CultureMech:003987	NaCl	107.7	G_PER_L	80.0;27.7	value is the sum of differing parts; which one the medium means needs the source recipe
DIFFERING_PARTS	data/normalized_yaml/bacterial/KOMODO_1234_ACIDITHIOBACILLUS_FERRIVORANS_MEDIUM.yaml	CultureMech:003990	MgSO4 x 7 H2O	3.5	G_PER_L	0.5;3.0	value is the sum of differing parts; which one the medium means needs the source recipe
DIFFERING_PARTS	data/normalized_yaml/bacterial/KOMODO_1234_ACIDITHIOBACILLUS_FERRIVORANS_MEDIUM.yaml	CultureMech:003990	FeSO4 x 7 H2O	0.13	G_PER_L	0.03;0.1	value is the sum of differing parts; which one the medium means needs the source recipe
DIFFERING_PARTS	data/normalized_yaml/bacterial/KOMODO_1236_SPOROLITUUS_medium.yaml	CultureMech:003993	FeSO4 x 7 H2O	1.1	G_PER_L	0.1;1.0	value is the sum of differing parts; which one the medium means needs the source recipe
DIFFERING_PARTS	data/normalized_yaml/bacterial/KOMODO_1237_TEPIDIMICROBIUM_medium.yaml	CultureMech:003994	NaCl	25.6792	G_PER_L	24.6792;1.0	value is the sum of differing parts; which one the medium means needs the source recipe
DIFFERING_PARTS	data/normalized_yaml/bacterial/KOMODO_1237_TEPIDIMICROBIUM_medium.yaml	CultureMech:003994	CaCl2 x 2 H2O	0.10987167	G_PER_L	0.00987167;0.1	value is the sum of differing parts; which one the medium means needs the source recipe
DIFFERING_PARTS	data/normalized_yaml/bacterial/KOMODO_1240_STARCH-MINERAL_SALT-AGAR_10_NACL.yaml	CultureMech:003998	NaCl	101.0	G_PER_L	1.0;100.0	value is the sum of differing parts; which one the medium means needs the source recipe
DIFFERING_PARTS	data/normalized_yaml/bacterial/KOMODO_1242_ALGORIPHAGUS_ALKALIPHILUS_medium.yaml	CultureMech:003999	MgSO4 x 7 H2O	1.1	G_PER_L	0.1;1.0	value is the sum of differing parts; which one the medium means needs the source recipe
DIFFERING_PARTS	data/normalized_yaml/bacterial/KOMODO_1244_SCHLESNERIA_PALUDICOLA_medium.yaml	CultureMech:004001	MgSO4 x 7 H2O	29.75	G_PER_L	0.05;29.7	value is the sum of differing parts; which one the medium means needs the source recipe
DIFFERING_PARTS	data/normalized_yaml/bacterial/KOMODO_1244_SCHLESNERIA_PALUDICOLA_medium.yaml	CultureMech:004001	FeSO4 x 7 H2O	0.599	G_PER_L	0.099;0.5	value is the sum of differing parts; which one the medium means needs the source recipe
DIFFERING_PARTS	data/normalized_yaml/bacterial/KOMODO_1263_SPIROCHAETA_DISSIPATITROPHA_medium.yaml	CultureMech:004019	NaCl	31.0	G_PER_L	30.0;1.0	value is the sum of differing parts; which one the medium means needs the source recipe
DIFFERING_PARTS	data/normalized_yaml/bacterial/KOMODO_1278_HYL_medium.yaml	CultureMech:004031	NaCl	20.7824	G_PER_L	19.7824;1.0	value is the sum of differing parts; which one the medium means needs the source recipe
DIFFERING_PARTS	data/normalized_yaml/bacterial/KOMODO_1278_HYL_medium.yaml	CultureMech:004031	CaCl2 x 2 H2O	0.238477	G_PER_L	0.138477;0.1	value is the sum of differing parts; which one the medium means needs the source recipe
DIFFERING_PARTS	data/normalized_yaml/bacterial/KOMODO_1282_SH_SEAWATER_medium.yaml	CultureMech:004034	H3BO3	0.025336	G_PER_L	0.024736;0.0006	value is the sum of differing parts; which one the medium means needs the source recipe
DIFFERING_PARTS	data/normalized_yaml/bacterial/KOMODO_1282_SH_SEAWATER_medium.yaml	CultureMech:004034	Double distilled water	1990.0	G_PER_L	990.0;1000.0	value is the sum of differing parts; which one the medium means needs the source recipe
DIFFERING_PARTS	data/normalized_yaml/bacterial/KOMODO_1322_METHYLOFERULA_STELLATA_MEDIUM.yaml	CultureMech:004078	FeSO4 x 7 H2O	3.54	G_PER_L	2.0;1.54	value is the sum of differing parts; which one the medium means needs the source recipe
DIFFERING_PARTS	data/normalized_yaml/bacterial/KOMODO_1323_METHYLOCAPSA_AUREA_MEDIUM.yaml	CultureMech:004079	FeSO4 x 7 H2O	3.54	G_PER_L	2.0;1.54	value is the sum of differing parts; which one the medium means needs the source recipe
DIFFERING_PARTS	data/normalized_yaml/bacterial/KOMODO_1327_LARKINELLA_ARBORICOLA_medium.yaml	CultureMech:004083	FeSO4 x 7 H2O	1.099	G_PER_L	0.099;0.5;0.5	value is the sum of differing parts; which one the medium means needs the source recipe
DIFFERING_PARTS	data/normalized_yaml/bacterial/KOMODO_1343_TISTLIA_CONSOTENSIS_medium.yaml	CultureMech:004100	NaCl	21.0	G_PER_L	20.0;1.0	value is the sum of differing parts; which one the medium means needs the source recipe
DIFFERING_PARTS	data/normalized_yaml/bacterial/KOMODO_135_ACETOBACTERIUM_medium.yaml	CultureMech:004107	NaCl	20.5886	G_PER_L	19.5886;1.0	value is the sum of differing parts; which one the medium means needs the source recipe
DIFFERING_PARTS	data/normalized_yaml/bacterial/KOMODO_135_ACETOBACTERIUM_medium.yaml	CultureMech:004107	MgSO4 x 7 H2O	3.0979432	G_PER_L	0.0979432;3.0	value is the sum of differing parts; which one the medium means needs the source recipe
DIFFERING_PARTS	data/normalized_yaml/bacterial/KOMODO_137_MINERAL_LACTATE_MEDIUM_low_carbon_content.yaml	CultureMech:004110	CaCl2 x 2 H2O	5.545	G_PER_L	0.005;5.54	value is the sum of differing parts; which one the medium means needs the source recipe
DIFFERING_PARTS	data/normalized_yaml/bacterial/KOMODO_1381_S_HELIORESTIS_medium.yaml	CultureMech:004111	EDTA	5.21	G_PER_L	0.01;5.2	value is the sum of differing parts; which one the medium means needs the source recipe
DIFFERING_PARTS	data/normalized_yaml/bacterial/KOMODO_142_THIOMICROSPIRA_PELOPHILA_MEDIUM.yaml	CultureMech:004155	CaCl2 x 2 H2O	5.95791	G_PER_L	0.41791;5.54	value is the sum of differing parts; which one the medium means needs the source recipe
DIFFERING_PARTS	data/normalized_yaml/bacterial/KOMODO_165_ACETIVIBRIO_CELLULOLYTICUS_MEDIUM.yaml	CultureMech:004192	MgSO4 x 7 H2O	4.2	G_PER_L	1.2;3.0	value is the sum of differing parts; which one the medium means needs the source recipe
DIFFERING_PARTS	data/normalized_yaml/bacterial/KOMODO_165_ACETIVIBRIO_CELLULOLYTICUS_MEDIUM.yaml	CultureMech:004192	CaCl2 x 2 H2O	0.82	G_PER_L	0.72;0.1	value is the sum of differing parts; which one the medium means needs the source recipe
DIFFERING_PARTS	data/normalized_yaml/bacterial/KOMODO_165_ACETIVIBRIO_CELLULOLYTICUS_MEDIUM.yaml	CultureMech:004192	FeSO4 x 7 H2O	1.1	G_PER_L	0.1;1.0	value is the sum of differing parts; which one the medium means needs the source recipe
DIFFERING_PARTS	data/normalized_yaml/bacterial/KOMODO_209_EUBACTERIUM_LENTUM_medium.yaml	CultureMech:004379	NaOH	26.0	G_PER_L	25.0;1.0	value is the sum of differing parts; which one the medium means needs the source recipe
DIFFERING_PARTS	data/normalized_yaml/bacterial/KOMODO_209_EUBACTERIUM_LENTUM_medium.yaml	CultureMech:004379	Ethanol	959.5	G_PER_L	9.5;950.0	value is the sum of differing parts; which one the medium means needs the source recipe
DIFFERING_PARTS	data/normalized_yaml/bacterial/KOMODO_210_HALOANAEROBIUM_medium.yaml	CultureMech:004390	NaCl	122.495	G_PER_L	121.495;1.0	value is the sum of differing parts; which one the medium means needs the source recipe
DIFFERING_PARTS	data/normalized_yaml/bacterial/KOMODO_220_CASO_AGAR_Merck_105458.yaml	CultureMech:004575	Casein peptone	32.0	G_PER_L	15.0;17.0	value is the sum of differing parts; which one the medium means needs the source recipe
DIFFERING_PARTS	data/normalized_yaml/bacterial/KOMODO_220_CASO_AGAR_Merck_105458.yaml	CultureMech:004575	Soy peptone	8.0	G_PER_L	5.0;3.0	value is the sum of differing parts; which one the medium means needs the source recipe
DIFFERING_PARTS	data/normalized_yaml/bacterial/KOMODO_225_SOUR_DOUGH_medium.yaml	CultureMech:004579	Yeast extract	18.0	G_PER_L	3.0;15.0	value is the sum of differing parts; which one the medium means needs the source recipe
DIFFERING_PARTS	data/normalized_yaml/bacterial/KOMODO_315_BACTEROIDES_CELLULOSOLVENS_MEDIUM.yaml	CultureMech:005002	MgSO4 x 7 H2O	3.12	G_PER_L	0.12;3.0	value is the sum of differing parts; which one the medium means needs the source recipe
DIFFERING_PARTS	data/normalized_yaml/bacterial/KOMODO_315_BACTEROIDES_CELLULOSOLVENS_MEDIUM.yaml	CultureMech:005002	CaCl2 x 2 H2O	0.16	G_PER_L	0.06;0.1	value is the sum of differing parts; which one the medium means needs the source recipe
DIFFERING_PARTS	data/normalized_yaml/bacterial/KOMODO_319_SPOROHALOBACTER_LORTETII_medium.yaml	CultureMech:005007	NaCl	104.653	G_PER_L	103.653;1.0	value is the sum of differing parts; which one the medium means needs the source recipe
DIFFERING_PARTS	data/normalized_yaml/bacterial/KOMODO_319_SPOROHALOBACTER_LORTETII_medium.yaml	CultureMech:005007	FeSO4 x 7 H2O	0.10197433	G_PER_L	0.00197433;0.1	value is the sum of differing parts; which one the medium means needs the source recipe
DIFFERING_PARTS	data/normalized_yaml/bacterial/KOMODO_319_SPOROHALOBACTER_LORTETII_medium.yaml	CultureMech:005007	CaCl2 x 2 H2O	3.75252	G_PER_L	3.65252;0.1	value is the sum of differing parts; which one the medium means needs the source recipe
DIFFERING_PARTS	data/normalized_yaml/bacterial/KOMODO_320_CLOSTRIDIUM_CELLULOVORANS_medium.yaml	CultureMech:005010	Yeast extract	4.5	G_PER_L	0.5;4.0	value is the sum of differing parts; which one the medium means needs the source recipe
DIFFERING_PARTS	data/normalized_yaml/bacterial/KOMODO_331_ACETOBACTEROIDES_GLYCINOPHILUS_medium.yaml	CultureMech:005025	CaCl2 x 2 H2O	0.23	G_PER_L	0.13;0.1	value is the sum of differing parts; which one the medium means needs the source recipe
DIFFERING_PARTS	data/normalized_yaml/bacterial/KOMODO_343_THERMOTOGA_NEAPOLITANA_medium.yaml	CultureMech:005053	NiCl2 x 6 H2O	0.032	G_PER_L	0.002;0.03	value is the sum of differing parts; which one the medium means needs the source recipe
DIFFERING_PARTS	data/normalized_yaml/bacterial/KOMODO_343_THERMOTOGA_NEAPOLITANA_medium.yaml	CultureMech:005053	NaCl	48.7	G_PER_L	20.0;1.0;27.7	value is the sum of differing parts; which one the medium means needs the source recipe
DIFFERING_PARTS	data/normalized_yaml/bacterial/KOMODO_343_THERMOTOGA_NEAPOLITANA_medium.yaml	CultureMech:005053	MgSO4 x 7 H2O	10.0	G_PER_L	3.0;7.0	value is the sum of differing parts; which one the medium means needs the source recipe
DIFFERING_PARTS	data/normalized_yaml/bacterial/KOMODO_343_THERMOTOGA_NEAPOLITANA_medium.yaml	CultureMech:005053	CaCl2 x 2 H2O	2.35	G_PER_L	0.1;2.25	value is the sum of differing parts; which one the medium means needs the source recipe
DIFFERING_PARTS	data/normalized_yaml/bacterial/KOMODO_343_THERMOTOGA_NEAPOLITANA_medium.yaml	CultureMech:005053	H3BO3	0.04	G_PER_L	0.01;0.03	value is the sum of differing parts; which one the medium means needs the source recipe
DIFFERING_PARTS	data/normalized_yaml/bacterial/KOMODO_347a_SYNTROPHOMONAS_ZEHNDERI_medium.yaml	CultureMech:005060	CaCl2 x 2 H2O	184.0542888	G_PER_L	0.0542888;184.0	value is the sum of differing parts; which one the medium means needs the source recipe
DIFFERING_PARTS	data/normalized_yaml/bacterial/KOMODO_385_DESULFOBACTERIUM_CATECHOLICUM_MEDIUM.yaml	CultureMech:005161	HCl	2.56	G_PER_L	0.06;2.5	value is the sum of differing parts; which one the medium means needs the source recipe
DIFFERING_PARTS	data/normalized_yaml/bacterial/KOMODO_391-1_For_DSM_4254.yaml	CultureMech:005173	NaCl	41.0	G_PER_L	40.0;1.0	value is the sum of differing parts; which one the medium means needs the source recipe
DIFFERING_PARTS	data/normalized_yaml/bacterial/KOMODO_391-1_For_DSM_4254.yaml	CultureMech:005173	MgSO4 x 7 H2O	3.7	G_PER_L	0.7;3.0	value is the sum of differing parts; which one the medium means needs the source recipe
DIFFERING_PARTS	data/normalized_yaml/bacterial/KOMODO_391-1_For_DSM_4254.yaml	CultureMech:005173	CaCl2 x 2 H2O	0.38	G_PER_L	0.28;0.1	value is the sum of differing parts; which one the medium means needs the source recipe
DIFFERING_PARTS	data/normalized_yaml/bacterial/KOMODO_403_BSK-MEDIUM.yaml	CultureMech:005218	Double distilled water	1243.0	G_PER_L	900.0;200.0;143.0	value is the sum of differing parts; which one the medium means needs the source recipe
DIFFERING_PARTS	data/normalized_yaml/bacterial/KOMODO_40_PFENNIG_S_MEDIUM_II_WITH_SALT.yaml	CultureMech:005231	Resazurin	0.0161111	G_PER_L	0.005;0.0111111	value is the sum of differing parts; which one the medium means needs the source recipe
DIFFERING_PARTS	data/normalized_yaml/bacterial/KOMODO_40_PFENNIG_S_MEDIUM_II_WITH_SALT.yaml	CultureMech:005231	Ammonium chloride	27.4615	G_PER_L	14.0;13.4615	value is the sum of differing parts; which one the medium means needs the source recipe
DIFFERING_PARTS	data/normalized_yaml/bacterial/KOMODO_40_PFENNIG_S_MEDIUM_II_WITH_SALT.yaml	CultureMech:005231	MgSO4 x 7 H2O	39.2308	G_PER_L	20.0;19.2308	value is the sum of differing parts; which one the medium means needs the source recipe
DIFFERING_PARTS	data/normalized_yaml/bacterial/KOMODO_40_PFENNIG_S_MEDIUM_II_WITH_SALT.yaml	CultureMech:005231	KCl	27.4615	G_PER_L	14.0;13.4615	value is the sum of differing parts; which one the medium means needs the source recipe
DIFFERING_PARTS	data/normalized_yaml/bacterial/KOMODO_40_PFENNIG_S_MEDIUM_II_WITH_SALT.yaml	CultureMech:005231	KH2PO4	27.4615	G_PER_L	14.0;13.4615	value is the sum of differing parts; which one the medium means needs the source recipe
DIFFERING_PARTS	data/normalized_yaml/bacterial/KOMODO_40_PFENNIG_S_MEDIUM_II_WITH_SALT.yaml	CultureMech:005231	Na2S x 9 H2O	44.8148	G_PER_L	14.8148;30.0	value is the sum of differing parts; which one the medium means needs the source recipe
DIFFERING_PARTS	data/normalized_yaml/bacterial/KOMODO_412_ACETOMICROBIUM_FAECALIS_medium.yaml	CultureMech:005236	NaCl	1.5	G_PER_L	0.5;1.0	value is the sum of differing parts; which one the medium means needs the source recipe
DIFFERING_PARTS	data/normalized_yaml/bacterial/KOMODO_412_ACETOMICROBIUM_FAECALIS_medium.yaml	CultureMech:005236	MgSO4 x 7 H2O	3.1	G_PER_L	0.1;3.0	value is the sum of differing parts; which one the medium means needs the source recipe
DIFFERING_PARTS	data/normalized_yaml/bacterial/KOMODO_412_ACETOMICROBIUM_FAECALIS_medium.yaml	CultureMech:005236	CaCl2 x 2 H2O	0.17	G_PER_L	0.07;0.1	value is the sum of differing parts; which one the medium means needs the source recipe
DIFFERING_PARTS	data/normalized_yaml/bacterial/KOMODO_413_BTU_medium.yaml	CultureMech:005240	NaOH	26.0	G_PER_L	25.0;1.0	value is the sum of differing parts; which one the medium means needs the source recipe
DIFFERING_PARTS	data/normalized_yaml/bacterial/KOMODO_413_BTU_medium.yaml	CultureMech:005240	Ethanol	959.5	G_PER_L	9.5;950.0	value is the sum of differing parts; which one the medium means needs the source recipe
DIFFERING_PARTS	data/normalized_yaml/bacterial/KOMODO_432_HALOBACTEROIDES_ACETOETHYLICUS_medium.yaml	CultureMech:005280	NaCl	100.9	G_PER_L	100.0;0.9	value is the sum of differing parts; which one the medium means needs the source recipe
DIFFERING_PARTS	data/normalized_yaml/bacterial/KOMODO_439_CASMAN-MEDIUM.yaml	CultureMech:005287	Sheep blood	51.5	G_PER_L	50.0;1.5	value is the sum of differing parts; which one the medium means needs the source recipe
DIFFERING_PARTS	data/normalized_yaml/bacterial/KOMODO_441_DIAZOTROPHIC_medium_RBA.yaml	CultureMech:005288	Na2MoO4 x 2 H2O	0.03524659	G_PER_L	0.00524659;0.03	value is the sum of differing parts; which one the medium means needs the source recipe
DIFFERING_PARTS	data/normalized_yaml/bacterial/KOMODO_457_MINERAL_MEDIUM_BRUNNER.yaml	CultureMech:005455	Agar	50.0	G_PER_L	15.0;15.0;20.0	value is the sum of differing parts; which one the medium means needs the source recipe
COEXISTING_ROW	data/normalized_yaml/bacterial/KOMODO_457_MINERAL_MEDIUM_BRUNNER.yaml	CultureMech:005455	Agar	50.0;15.0	G_PER_L		2 rows name this ingredient in one record, one of them a merge survivor — a consumer double-counts
DIFFERING_PARTS	data/normalized_yaml/bacterial/KOMODO_457a_MINERAL_MEDIUM_WITH_2-CHLOROBENZOATE.yaml	CultureMech:005456	Agar	50.0	G_PER_L	15.0;15.0;20.0	value is the sum of differing parts; which one the medium means needs the source recipe
COEXISTING_ROW	data/normalized_yaml/bacterial/KOMODO_457a_MINERAL_MEDIUM_WITH_2-CHLOROBENZOATE.yaml	CultureMech:005456	Agar	50.0;15.0	G_PER_L		2 rows name this ingredient in one record, one of them a merge survivor — a consumer double-counts
DIFFERING_PARTS	data/normalized_yaml/bacterial/KOMODO_457c_MEDIUM_WITH_CHLOROACRYLIC_ACID.yaml	CultureMech:005461	Agar	50.0	G_PER_L	15.0;15.0;20.0	value is the sum of differing parts; which one the medium means needs the source recipe
COEXISTING_ROW	data/normalized_yaml/bacterial/KOMODO_457c_MEDIUM_WITH_CHLOROACRYLIC_ACID.yaml	CultureMech:005461	Agar	50.0;15.0	G_PER_L		2 rows name this ingredient in one record, one of them a merge survivor — a consumer double-counts
DIFFERING_PARTS	data/normalized_yaml/bacterial/KOMODO_457d_MEDIUM_WITH_BIPHENYL.yaml	CultureMech:005462	Agar	50.0	G_PER_L	15.0;15.0;20.0	value is the sum of differing parts; which one the medium means needs the source recipe
COEXISTING_ROW	data/normalized_yaml/bacterial/KOMODO_457d_MEDIUM_WITH_BIPHENYL.yaml	CultureMech:005462	Agar	50.0;15.0	G_PER_L		2 rows name this ingredient in one record, one of them a merge survivor — a consumer double-counts
DIFFERING_PARTS	data/normalized_yaml/bacterial/KOMODO_462_MINERAL_MEDIUM_BRUNNER_WITH_VITAMINS.yaml	CultureMech:005501	Agar	50.0	G_PER_L	15.0;15.0;20.0	value is the sum of differing parts; which one the medium means needs the source recipe
COEXISTING_ROW	data/normalized_yaml/bacterial/KOMODO_462_MINERAL_MEDIUM_BRUNNER_WITH_VITAMINS.yaml	CultureMech:005501	Agar	50.0;15.0	G_PER_L		2 rows name this ingredient in one record, one of them a merge survivor — a consumer double-counts
DIFFERING_PARTS	data/normalized_yaml/bacterial/KOMODO_462a_PLATES_WITH_FLUORANTHENE.yaml	CultureMech:005506	Agar	50.0	G_PER_L	15.0;15.0;20.0	value is the sum of differing parts; which one the medium means needs the source recipe
COEXISTING_ROW	data/normalized_yaml/bacterial/KOMODO_462a_PLATES_WITH_FLUORANTHENE.yaml	CultureMech:005506	Agar	50.0;15.0	G_PER_L		2 rows name this ingredient in one record, one of them a merge survivor — a consumer double-counts
DIFFERING_PARTS	data/normalized_yaml/bacterial/KOMODO_465_MINERAL_MEDIUM_PH_7.25.yaml	CultureMech:005566	Agar	65.0	G_PER_L	15.0;15.0;20.0;15.0	value is the sum of differing parts; which one the medium means needs the source recipe
COEXISTING_ROW	data/normalized_yaml/bacterial/KOMODO_465_MINERAL_MEDIUM_PH_7.25.yaml	CultureMech:005566	Agar	65.0;15.0	G_PER_L		2 rows name this ingredient in one record, one of them a merge survivor — a consumer double-counts
DIFFERING_PARTS	data/normalized_yaml/bacterial/KOMODO_465a_MINERAL_MEDIUM_WITH_2-HYDROXYBIPHENYL.yaml	CultureMech:005567	Agar	65.0	G_PER_L	15.0;15.0;20.0;15.0	value is the sum of differing parts; which one the medium means needs the source recipe
COEXISTING_ROW	data/normalized_yaml/bacterial/KOMODO_465a_MINERAL_MEDIUM_WITH_2-HYDROXYBIPHENYL.yaml	CultureMech:005567	Agar	65.0;15.0	G_PER_L		2 rows name this ingredient in one record, one of them a merge survivor — a consumer double-counts
DIFFERING_PARTS	data/normalized_yaml/bacterial/KOMODO_465b_MINERAL_MEDIUM_WITH_PCP.yaml	CultureMech:005569	Agar	65.0	G_PER_L	15.0;15.0;20.0;15.0	value is the sum of differing parts; which one the medium means needs the source recipe
COEXISTING_ROW	data/normalized_yaml/bacterial/KOMODO_465b_MINERAL_MEDIUM_WITH_PCP.yaml	CultureMech:005569	Agar	65.0;15.0	G_PER_L		2 rows name this ingredient in one record, one of them a merge survivor — a consumer double-counts
DIFFERING_PARTS	data/normalized_yaml/bacterial/KOMODO_465c_MINERAL_MEDIUM_WITH_DICHLOROMETHANE.yaml	CultureMech:005571	Agar	65.0	G_PER_L	15.0;15.0;20.0;15.0	value is the sum of differing parts; which one the medium means needs the source recipe
COEXISTING_ROW	data/normalized_yaml/bacterial/KOMODO_465c_MINERAL_MEDIUM_WITH_DICHLOROMETHANE.yaml	CultureMech:005571	Agar	65.0;15.0	G_PER_L		2 rows name this ingredient in one record, one of them a merge survivor — a consumer double-counts
DIFFERING_PARTS	data/normalized_yaml/bacterial/KOMODO_465d_MINERAL_MEDIUM_WITH_BENZYLCYANIDE_AS_NITROGEN_SOURCE.yaml	CultureMech:005573	Agar	65.0	G_PER_L	15.0;15.0;20.0;15.0	value is the sum of differing parts; which one the medium means needs the source recipe
COEXISTING_ROW	data/normalized_yaml/bacterial/KOMODO_465d_MINERAL_MEDIUM_WITH_BENZYLCYANIDE_AS_NITROGEN_SOURCE.yaml	CultureMech:005573	Agar	65.0;15.0	G_PER_L		2 rows name this ingredient in one record, one of them a merge survivor — a consumer double-counts
DIFFERING_PARTS	data/normalized_yaml/bacterial/KOMODO_465e_MINERAL_MEDIUM_WITH_SULFOBENZOIC_ACID.yaml	CultureMech:005574	Agar	65.0	G_PER_L	15.0;15.0;20.0;15.0	value is the sum of differing parts; which one the medium means needs the source recipe
COEXISTING_ROW	data/normalized_yaml/bacterial/KOMODO_465e_MINERAL_MEDIUM_WITH_SULFOBENZOIC_ACID.yaml	CultureMech:005574	Agar	65.0;15.0	G_PER_L		2 rows name this ingredient in one record, one of them a merge survivor — a consumer double-counts
DIFFERING_PARTS	data/normalized_yaml/bacterial/KOMODO_465f_MINERAL_MEDIUM_WITH_3-AMINOPHENOL.yaml	CultureMech:005575	Agar	65.0	G_PER_L	15.0;15.0;20.0;15.0	value is the sum of differing parts; which one the medium means needs the source recipe
COEXISTING_ROW	data/normalized_yaml/bacterial/KOMODO_465f_MINERAL_MEDIUM_WITH_3-AMINOPHENOL.yaml	CultureMech:005575	Agar	65.0;15.0	G_PER_L		2 rows name this ingredient in one record, one of them a merge survivor — a consumer double-counts
DIFFERING_PARTS	data/normalized_yaml/bacterial/KOMODO_465g_MINERAL_MEDIUM_WITH_CYANURIC_ACID_AS_NITROGEN_SOURCE.yaml	CultureMech:005576	Agar	65.0	G_PER_L	15.0;15.0;20.0;15.0	value is the sum of differing parts; which one the medium means needs the source recipe
COEXISTING_ROW	data/normalized_yaml/bacterial/KOMODO_465g_MINERAL_MEDIUM_WITH_CYANURIC_ACID_AS_NITROGEN_SOURCE.yaml	CultureMech:005576	Agar	65.0;15.0	G_PER_L		2 rows name this ingredient in one record, one of them a merge survivor — a consumer double-counts
DIFFERING_PARTS	data/normalized_yaml/bacterial/KOMODO_465h_MINERALMEDIUM_WITH_6-METHYLNICOTINATE.yaml	CultureMech:005577	Agar	65.0	G_PER_L	15.0;15.0;20.0;15.0	value is the sum of differing parts; which one the medium means needs the source recipe
COEXISTING_ROW	data/normalized_yaml/bacterial/KOMODO_465h_MINERALMEDIUM_WITH_6-METHYLNICOTINATE.yaml	CultureMech:005577	Agar	65.0;15.0	G_PER_L		2 rows name this ingredient in one record, one of them a merge survivor — a consumer double-counts
DIFFERING_PARTS	data/normalized_yaml/bacterial/KOMODO_465i_MINERAL_MEDIUM_WITH_ATRAZIN.yaml	CultureMech:005578	Agar	65.0	G_PER_L	15.0;15.0;20.0;15.0	value is the sum of differing parts; which one the medium means needs the source recipe
COEXISTING_ROW	data/normalized_yaml/bacterial/KOMODO_465i_MINERAL_MEDIUM_WITH_ATRAZIN.yaml	CultureMech:005578	Agar	65.0;15.0	G_PER_L		2 rows name this ingredient in one record, one of them a merge survivor — a consumer double-counts
DIFFERING_PARTS	data/normalized_yaml/bacterial/KOMODO_473_MEDIUM_WITH_EDTA_AS_CARBON_SOURCE.yaml	CultureMech:005588	Biotin	0.802	G_PER_L	0.8;0.002	value is the sum of differing parts; which one the medium means needs the source recipe
DIFFERING_PARTS	data/normalized_yaml/bacterial/KOMODO_474_MEDIUM_WITH_POLYHYDROXYBUTYRIC_ACID_AS_CARBON_SOURCE.yaml	CultureMech:005589	Agar	66.0	G_PER_L	16.0;15.0;15.0;20.0	value is the sum of differing parts; which one the medium means needs the source recipe
COEXISTING_ROW	data/normalized_yaml/bacterial/KOMODO_474_MEDIUM_WITH_POLYHYDROXYBUTYRIC_ACID_AS_CARBON_SOURCE.yaml	CultureMech:005589	Agar	66.0;15.0	G_PER_L		2 rows name this ingredient in one record, one of them a merge survivor — a consumer double-counts
DIFFERING_PARTS	data/normalized_yaml/bacterial/KOMODO_477_THIOBACILLUS_PROSPERUS_MEDIUM.yaml	CultureMech:005591	MgSO4 x 7 H2O	6.44311	G_PER_L	3.44311;3.0	value is the sum of differing parts; which one the medium means needs the source recipe
DIFFERING_PARTS	data/normalized_yaml/bacterial/KOMODO_477_THIOBACILLUS_PROSPERUS_MEDIUM.yaml	CultureMech:005591	NaCl	1.499002	G_PER_L	0.499002;1.0	value is the sum of differing parts; which one the medium means needs the source recipe
DIFFERING_PARTS	data/normalized_yaml/bacterial/KOMODO_477_THIOBACILLUS_PROSPERUS_MEDIUM.yaml	CultureMech:005591	NiCl2 x 6 H2O	0.03199601	G_PER_L	0.00199601;0.03	value is the sum of differing parts; which one the medium means needs the source recipe
DIFFERING_PARTS	data/normalized_yaml/bacterial/KOMODO_494_ACETOHALOBIUM_medium.yaml	CultureMech:005623	NaCl	149.368	G_PER_L	148.368;1.0	value is the sum of differing parts; which one the medium means needs the source recipe
DIFFERING_PARTS	data/normalized_yaml/bacterial/KOMODO_517_DESULFOBACTERIUM_OLEOVORANS_MEDIUM.yaml	CultureMech:005875	NaOH	1.13	G_PER_L	0.63;0.5	value is the sum of differing parts; which one the medium means needs the source recipe
DIFFERING_PARTS	data/normalized_yaml/bacterial/KOMODO_517_DESULFOBACTERIUM_OLEOVORANS_MEDIUM.yaml	CultureMech:005875	Vitamin B12	1.001	G_PER_L	1.0;0.001	value is the sum of differing parts; which one the medium means needs the source recipe
DIFFERING_PARTS	data/normalized_yaml/bacterial/KOMODO_534_MODIFIED_SME_MEDIUM.yaml	CultureMech:005912	NaCl	31.0	G_PER_L	30.0;1.0	value is the sum of differing parts; which one the medium means needs the source recipe
DIFFERING_PARTS	data/normalized_yaml/bacterial/KOMODO_534_MODIFIED_SME_MEDIUM.yaml	CultureMech:005912	MgSO4 x 7 H2O	10.0	G_PER_L	7.0;3.0	value is the sum of differing parts; which one the medium means needs the source recipe
DIFFERING_PARTS	data/normalized_yaml/bacterial/KOMODO_534_MODIFIED_SME_MEDIUM.yaml	CultureMech:005912	CaCl2 x 2 H2O	0.6	G_PER_L	0.5;0.1	value is the sum of differing parts; which one the medium means needs the source recipe
DIFFERING_PARTS	data/normalized_yaml/bacterial/KOMODO_540_ACETITOMACULUM_medium.yaml	CultureMech:005968	NaCl	7.89655	G_PER_L	6.89655;1.0	value is the sum of differing parts; which one the medium means needs the source recipe
DIFFERING_PARTS	data/normalized_yaml/bacterial/KOMODO_540_ACETITOMACULUM_medium.yaml	CultureMech:005968	CaCl2 x 2 H2O	0.247783	G_PER_L	0.147783;0.1	value is the sum of differing parts; which one the medium means needs the source recipe
DIFFERING_PARTS	data/normalized_yaml/bacterial/KOMODO_540_ACETITOMACULUM_medium.yaml	CultureMech:005968	NiCl2 x 6 H2O	0.030985222	G_PER_L	0.000985222;0.03	value is the sum of differing parts; which one the medium means needs the source recipe
DIFFERING_PARTS	data/normalized_yaml/bacterial/KOMODO_540_ACETITOMACULUM_medium.yaml	CultureMech:005968	Na2WO4 x 2 H2O	0.0004985222	G_PER_L	0.0000985222;0.0004	value is the sum of differing parts; which one the medium means needs the source recipe
DIFFERING_PARTS	data/normalized_yaml/bacterial/KOMODO_573_THIOTHRIX_MEDIUM.yaml	CultureMech:006020	Na2S x 9 H2O	40.0	G_PER_L	30.0;10.0	value is the sum of differing parts; which one the medium means needs the source recipe
DIFFERING_PARTS	data/normalized_yaml/bacterial/KOMODO_58_BIFIDOBACTERIUM_medium.yaml	CultureMech:006069	K2HPO4	3.0	G_PER_L	2.0;1.0	value is the sum of differing parts; which one the medium means needs the source recipe
DIFFERING_PARTS	data/normalized_yaml/bacterial/KOMODO_58_BIFIDOBACTERIUM_medium.yaml	CultureMech:006069	MgSO4 x 7 H2O	0.7	G_PER_L	0.2;0.5	value is the sum of differing parts; which one the medium means needs the source recipe
DIFFERING_PARTS	data/normalized_yaml/bacterial/KOMODO_58_BIFIDOBACTERIUM_medium.yaml	CultureMech:006069	NaCl	7.0	G_PER_L	5.0;2.0	value is the sum of differing parts; which one the medium means needs the source recipe
DIFFERING_PARTS	data/normalized_yaml/bacterial/KOMODO_597_SALINIVIBRIO_COSTICOLA_SUBSP._VALLISMORTIS_medium.yaml	CultureMech:006078	NaCl	26.0	G_PER_L	25.0;1.0	value is the sum of differing parts; which one the medium means needs the source recipe
DIFFERING_PARTS	data/normalized_yaml/bacterial/KOMODO_597_SALINIVIBRIO_COSTICOLA_SUBSP._VALLISMORTIS_medium.yaml	CultureMech:006078	MgSO4 x 7 H2O	12.6	G_PER_L	9.6;3.0	value is the sum of differing parts; which one the medium means needs the source recipe
DIFFERING_PARTS	data/normalized_yaml/bacterial/KOMODO_597_SALINIVIBRIO_COSTICOLA_SUBSP._VALLISMORTIS_medium.yaml	CultureMech:006078	CaCl2 x 2 H2O	0.6	G_PER_L	0.5;0.1	value is the sum of differing parts; which one the medium means needs the source recipe
DIFFERING_PARTS	data/normalized_yaml/bacterial/KOMODO_600_M14_PIRELLULA_MARINA_MEDIUM.yaml	CultureMech:006087	FeSO4 x 7 H2O	0.599	G_PER_L	0.099;0.5	value is the sum of differing parts; which one the medium means needs the source recipe
DIFFERING_PARTS	data/normalized_yaml/bacterial/KOMODO_600a_M13a_PIRELLULA_medium.yaml	CultureMech:006088	FeSO4 x 7 H2O	0.599	G_PER_L	0.099;0.5	value is the sum of differing parts; which one the medium means needs the source recipe
DIFFERING_PARTS	data/normalized_yaml/bacterial/KOMODO_603_ANCALOMICROBIUM_MEDIUM.yaml	CultureMech:006091	FeSO4 x 7 H2O	0.599	G_PER_L	0.099;0.5	value is the sum of differing parts; which one the medium means needs the source recipe
DIFFERING_PARTS	data/normalized_yaml/bacterial/KOMODO_607_M13_VERRUCOMICROBIUM_medium.yaml	CultureMech:006096	NaCl	123.477	G_PER_L	100.0;23.477	value is the sum of differing parts; which one the medium means needs the source recipe
DIFFERING_PARTS	data/normalized_yaml/bacterial/KOMODO_607_M13_VERRUCOMICROBIUM_medium.yaml	CultureMech:006096	FeSO4 x 7 H2O	0.599	G_PER_L	0.099;0.5	value is the sum of differing parts; which one the medium means needs the source recipe
DIFFERING_PARTS	data/normalized_yaml/bacterial/KOMODO_607a_FILOBACILLUS_MILOSENSIS_medium.yaml	CultureMech:006097	NaCl	123.477	G_PER_L	100.0;23.477	value is the sum of differing parts; which one the medium means needs the source recipe
DIFFERING_PARTS	data/normalized_yaml/bacterial/KOMODO_607a_FILOBACILLUS_MILOSENSIS_medium.yaml	CultureMech:006097	FeSO4 x 7 H2O	0.599	G_PER_L	0.099;0.5	value is the sum of differing parts; which one the medium means needs the source recipe
DIFFERING_PARTS	data/normalized_yaml/bacterial/KOMODO_628_MMB_medium.yaml	CultureMech:006134	FeSO4 x 7 H2O	0.599	G_PER_L	0.099;0.5	value is the sum of differing parts; which one the medium means needs the source recipe
DIFFERING_PARTS	data/normalized_yaml/bacterial/KOMODO_629_STALEY_S_MAINTENANCE_medium.yaml	CultureMech:006135	FeSO4 x 7 H2O	0.599	G_PER_L	0.099;0.5	value is the sum of differing parts; which one the medium means needs the source recipe
DIFFERING_PARTS	data/normalized_yaml/bacterial/KOMODO_630_MODIFIED_THERMUS_162_medium.yaml	CultureMech:006145	Nitrilotriacetic acid	12.9	G_PER_L	0.1;12.8	value is the sum of differing parts; which one the medium means needs the source recipe
DIFFERING_PARTS	data/normalized_yaml/bacterial/KOMODO_635_SPIROCHAETA_CALDARIA_medium.yaml	CultureMech:006151	H3BO3	0.016	G_PER_L	0.006;0.01	value is the sum of differing parts; which one the medium means needs the source recipe
DIFFERING_PARTS	data/normalized_yaml/bacterial/KOMODO_635_SPIROCHAETA_CALDARIA_medium.yaml	CultureMech:006151	NiCl2 x 6 H2O	0.054	G_PER_L	0.024;0.03	value is the sum of differing parts; which one the medium means needs the source recipe
DIFFERING_PARTS	data/normalized_yaml/bacterial/KOMODO_635_SPIROCHAETA_CALDARIA_medium.yaml	CultureMech:006151	Na2MoO4 x 2 H2O	0.046	G_PER_L	0.036;0.01	value is the sum of differing parts; which one the medium means needs the source recipe
DIFFERING_PARTS	data/normalized_yaml/bacterial/KOMODO_651_R_8_A_H_medium.yaml	CultureMech:006228	CaCl2 x 2 H2O	0.27	G_PER_L	0.07;0.2	value is the sum of differing parts; which one the medium means needs the source recipe
DIFFERING_PARTS	data/normalized_yaml/bacterial/KOMODO_651_R_8_A_H_medium.yaml	CultureMech:006228	Fe(III) citrate	3.01	G_PER_L	0.01;3.0	value is the sum of differing parts; which one the medium means needs the source recipe
DIFFERING_PARTS	data/normalized_yaml/bacterial/KOMODO_663_DESULFITOBACTERIUM_medium.yaml	CultureMech:006245	CaCl2 x 2 H2O	0.1297915	G_PER_L	0.0297915;0.1	value is the sum of differing parts; which one the medium means needs the source recipe
DIFFERING_PARTS	data/normalized_yaml/bacterial/KOMODO_690_DMA_MEDIUM.yaml	CultureMech:006295	FeSO4 x 7 H2O	0.100988142	G_PER_L	0.000988142;0.1	value is the sum of differing parts; which one the medium means needs the source recipe
DIFFERING_PARTS	data/normalized_yaml/bacterial/KOMODO_690_DMA_MEDIUM.yaml	CultureMech:006295	MgSO4 x 7 H2O	3.247036	G_PER_L	0.247036;3.0	value is the sum of differing parts; which one the medium means needs the source recipe
DIFFERING_PARTS	data/normalized_yaml/bacterial/KOMODO_700_ALKALIPHILIC_SPIROCHAETE_medium.yaml	CultureMech:006329	NaCl	11.0	G_PER_L	10.0;1.0	value is the sum of differing parts; which one the medium means needs the source recipe
DIFFERING_PARTS	data/normalized_yaml/bacterial/KOMODO_701_HALOANAEROBACTER_CHITINOVORANS_medium.yaml	CultureMech:006331	MgSO4 x 7 H2O	12.6	G_PER_L	9.6;3.0	value is the sum of differing parts; which one the medium means needs the source recipe
DIFFERING_PARTS	data/normalized_yaml/bacterial/KOMODO_701_HALOANAEROBACTER_CHITINOVORANS_medium.yaml	CultureMech:006331	CaCl2 x 2 H2O	0.6	G_PER_L	0.5;0.1	value is the sum of differing parts; which one the medium means needs the source recipe
DIFFERING_PARTS	data/normalized_yaml/bacterial/KOMODO_701_HALOANAEROBACTER_CHITINOVORANS_medium.yaml	CultureMech:006331	NaCl	11.0	G_PER_L	10.0;1.0	value is the sum of differing parts; which one the medium means needs the source recipe
DIFFERING_PARTS	data/normalized_yaml/bacterial/KOMODO_717_DESULFITOBACTERIUM_PCE_MEDIUM.yaml	CultureMech:006354	MgSO4 x 7 H2O	3.0988142	G_PER_L	0.0988142;3.0	value is the sum of differing parts; which one the medium means needs the source recipe
DIFFERING_PARTS	data/normalized_yaml/bacterial/KOMODO_718_PETROTOGA_medium.yaml	CultureMech:006360	MgSO4 x 7 H2O	6.40573	G_PER_L	3.40573;3.0	value is the sum of differing parts; which one the medium means needs the source recipe
DIFFERING_PARTS	data/normalized_yaml/bacterial/KOMODO_718_PETROTOGA_medium.yaml	CultureMech:006360	CaCl2 x 2 H2O	0.238203	G_PER_L	0.138203;0.1	value is the sum of differing parts; which one the medium means needs the source recipe
DIFFERING_PARTS	data/normalized_yaml/bacterial/KOMODO_718_PETROTOGA_medium.yaml	CultureMech:006360	NaCl	50.3583	G_PER_L	49.3583;1.0	value is the sum of differing parts; which one the medium means needs the source recipe
DIFFERING_PARTS	data/normalized_yaml/bacterial/KOMODO_731_THERMOSYNTROPHA_medium.yaml	CultureMech:006374	CaCl2 x 2 H2O	0.149456	G_PER_L	0.049456;0.1	value is the sum of differing parts; which one the medium means needs the source recipe
DIFFERING_PARTS	data/normalized_yaml/bacterial/KOMODO_733_SULFITOBACTER_PONTIACUS_medium.yaml	CultureMech:006378	NaCl	15.985	G_PER_L	14.985;1.0	value is the sum of differing parts; which one the medium means needs the source recipe
DIFFERING_PARTS	data/normalized_yaml/bacterial/KOMODO_733_SULFITOBACTER_PONTIACUS_medium.yaml	CultureMech:006378	MgSO4 x 7 H2O	3.999001	G_PER_L	0.999001;3.0	value is the sum of differing parts; which one the medium means needs the source recipe
DIFFERING_PARTS	data/normalized_yaml/bacterial/KOMODO_733_SULFITOBACTER_PONTIACUS_medium.yaml	CultureMech:006378	CaCl2 x 2 H2O	0.14995	G_PER_L	0.04995;0.1	value is the sum of differing parts; which one the medium means needs the source recipe
DIFFERING_PARTS	data/normalized_yaml/bacterial/KOMODO_738_BPHD_Medium.yaml	CultureMech:006387	FeSO4 x 7 H2O	0.14	G_PER_L	0.04;0.1	value is the sum of differing parts; which one the medium means needs the source recipe
DIFFERING_PARTS	data/normalized_yaml/bacterial/KOMODO_742_DESULFONATRONOVIBRIO_medium.yaml	CultureMech:006393	NaCl	10.8912	G_PER_L	9.8912;1.0	value is the sum of differing parts; which one the medium means needs the source recipe
DIFFERING_PARTS	data/normalized_yaml/bacterial/KOMODO_748_CENS_medium.yaml	CultureMech:006399	EDTA	12.22722	G_PER_L	0.005;10.0;2.22222	value is the sum of differing parts; which one the medium means needs the source recipe
DIFFERING_PARTS	data/normalized_yaml/bacterial/KOMODO_749_THERMODESULFOVIBRIO_YELLOWSTONII_medium.yaml	CultureMech:006400	CaCl2 x 2 H2O	0.248368	G_PER_L	0.148368;0.1	value is the sum of differing parts; which one the medium means needs the source recipe
DIFFERING_PARTS	data/normalized_yaml/bacterial/KOMODO_761_HALOTHERMOTHRIX_ORENII.yaml	CultureMech:006416	NaCl	101.0	G_PER_L	100.0;1.0	value is the sum of differing parts; which one the medium means needs the source recipe
DIFFERING_PARTS	data/normalized_yaml/bacterial/KOMODO_764_HALOANAEROBIUM_LACUSROSEUS_medium.yaml	CultureMech:006419	NaCl	201.0	G_PER_L	200.0;1.0	value is the sum of differing parts; which one the medium means needs the source recipe
DIFFERING_PARTS	data/normalized_yaml/bacterial/KOMODO_768_M17_MEDIUM_FOR_FILOMICROBIUM_FUSIFORME.yaml	CultureMech:006423	FeSO4 x 7 H2O	0.599	G_PER_L	0.099;0.5	value is the sum of differing parts; which one the medium means needs the source recipe
DIFFERING_PARTS	data/normalized_yaml/bacterial/KOMODO_773_PARACOCCUS_KOCURII_MEDIUM.yaml	CultureMech:006430	FeSO4 x 7 H2O	0.599	G_PER_L	0.099;0.5	value is the sum of differing parts; which one the medium means needs the source recipe
DIFFERING_PARTS	data/normalized_yaml/bacterial/KOMODO_783_HYDROGENOTHERMUS_HIRSCHII_MEDIUM.yaml	CultureMech:006482	MgSO4 x 7 H2O	10.0	G_PER_L	7.0;3.0	value is the sum of differing parts; which one the medium means needs the source recipe
DIFFERING_PARTS	data/normalized_yaml/bacterial/KOMODO_783_HYDROGENOTHERMUS_HIRSCHII_MEDIUM.yaml	CultureMech:006482	CaCl2 x 2 H2O	0.6	G_PER_L	0.5;0.1	value is the sum of differing parts; which one the medium means needs the source recipe
DIFFERING_PARTS	data/normalized_yaml/bacterial/KOMODO_786_DETHIOSULFOVIBRIO_PEPTIDOVORANS_medium.yaml	CultureMech:006487	NaCl	31.0	G_PER_L	30.0;1.0	value is the sum of differing parts; which one the medium means needs the source recipe
DIFFERING_PARTS	data/normalized_yaml/bacterial/KOMODO_78_CHOPPED_MEAT_medium.yaml	CultureMech:006491	NaOH	26.0	G_PER_L	25.0;1.0	value is the sum of differing parts; which one the medium means needs the source recipe
DIFFERING_PARTS	data/normalized_yaml/bacterial/KOMODO_78_CHOPPED_MEAT_medium.yaml	CultureMech:006491	Ethanol	959.5	G_PER_L	9.5;950.0	value is the sum of differing parts; which one the medium means needs the source recipe
DIFFERING_PARTS	data/normalized_yaml/bacterial/KOMODO_78a_CHOPPED_MEAT_medium_FOR_TREPONEMA_SP.yaml	CultureMech:006493	NaOH	26.0	G_PER_L	25.0;1.0	value is the sum of differing parts; which one the medium means needs the source recipe
DIFFERING_PARTS	data/normalized_yaml/bacterial/KOMODO_78a_CHOPPED_MEAT_medium_FOR_TREPONEMA_SP.yaml	CultureMech:006493	Ethanol	959.5	G_PER_L	9.5;950.0	value is the sum of differing parts; which one the medium means needs the source recipe
DIFFERING_PARTS	data/normalized_yaml/bacterial/KOMODO_78b_medium_FOR_TREPONEMA_PARVUM.yaml	CultureMech:006496	NaOH	26.0	G_PER_L	25.0;1.0	value is the sum of differing parts; which one the medium means needs the source recipe
DIFFERING_PARTS	data/normalized_yaml/bacterial/KOMODO_78b_medium_FOR_TREPONEMA_PARVUM.yaml	CultureMech:006496	Ethanol	959.5	G_PER_L	9.5;950.0	value is the sum of differing parts; which one the medium means needs the source recipe
DIFFERING_PARTS	data/normalized_yaml/bacterial/KOMODO_791_PORPHYROBACTER_TEPIDARIUS_medium.yaml	CultureMech:006498	Na3-EDTA	6.53	G_PER_L	4.53;2.0	value is the sum of differing parts; which one the medium means needs the source recipe
DIFFERING_PARTS	data/normalized_yaml/bacterial/KOMODO_795a_LEBETIMONAS_medium.yaml	CultureMech:006505	NiCl2 x 6 H2O	0.03295858	G_PER_L	0.00295858;0.03	value is the sum of differing parts; which one the medium means needs the source recipe
DIFFERING_PARTS	data/normalized_yaml/bacterial/KOMODO_795a_LEBETIMONAS_medium.yaml	CultureMech:006505	NaCl	56.4	G_PER_L	55.4;1.0	value is the sum of differing parts; which one the medium means needs the source recipe
DIFFERING_PARTS	data/normalized_yaml/bacterial/KOMODO_795a_LEBETIMONAS_medium.yaml	CultureMech:006505	MgSO4 x 7 H2O	17.0	G_PER_L	14.0;3.0	value is the sum of differing parts; which one the medium means needs the source recipe
DIFFERING_PARTS	data/normalized_yaml/bacterial/KOMODO_795a_LEBETIMONAS_medium.yaml	CultureMech:006505	CaCl2 x 2 H2O	1.6	G_PER_L	1.5;0.1	value is the sum of differing parts; which one the medium means needs the source recipe
DIFFERING_PARTS	data/normalized_yaml/bacterial/KOMODO_797_MODIFIED_CHOPPED_MEAT_medium.yaml	CultureMech:006508	NaOH	26.0	G_PER_L	25.0;1.0	value is the sum of differing parts; which one the medium means needs the source recipe
DIFFERING_PARTS	data/normalized_yaml/bacterial/KOMODO_802_GRACILIBACILLUS_medium.yaml	CultureMech:006519	FeCl2 x 4 H2O	21.9802	G_PER_L	1.9802;20.0	value is the sum of differing parts; which one the medium means needs the source recipe
DIFFERING_PARTS	data/normalized_yaml/bacterial/KOMODO_802_GRACILIBACILLUS_medium.yaml	CultureMech:006519	MnCl2 x 4 H2O	20.0990099	G_PER_L	0.0990099;20.0	value is the sum of differing parts; which one the medium means needs the source recipe
DIFFERING_PARTS	data/normalized_yaml/bacterial/KOMODO_807_HALOANAEROBIUM_ALCALIPHILUM_medium.yaml	CultureMech:006525	MgSO4 x 7 H2O	19.6	G_PER_L	17.0;2.6	value is the sum of differing parts; which one the medium means needs the source recipe
DIFFERING_PARTS	data/normalized_yaml/bacterial/KOMODO_807_HALOANAEROBIUM_ALCALIPHILUM_medium.yaml	CultureMech:006525	NaCl	112.0	G_PER_L	100.0;12.0	value is the sum of differing parts; which one the medium means needs the source recipe
DIFFERING_PARTS	data/normalized_yaml/bacterial/KOMODO_807_HALOANAEROBIUM_ALCALIPHILUM_medium.yaml	CultureMech:006525	K2HPO4	6.28	G_PER_L	6.0;0.28	value is the sum of differing parts; which one the medium means needs the source recipe
DIFFERING_PARTS	data/normalized_yaml/bacterial/KOMODO_81-3_For_heterotrophic_growth.yaml	CultureMech:006531	MnCl2 x 4 H2O	0.03543478	G_PER_L	0.00543478;0.03	value is the sum of differing parts; which one the medium means needs the source recipe
DIFFERING_PARTS	data/normalized_yaml/bacterial/KOMODO_81_MINERAL_MEDIUM_FOR_CHEMOLITHOTROPHIC_GROWTH_H-3.yaml	CultureMech:006545	MnCl2 x 4 H2O	0.03543478	G_PER_L	0.00543478;0.03	value is the sum of differing parts; which one the medium means needs the source recipe
DIFFERING_PARTS	data/normalized_yaml/bacterial/KOMODO_837_DESULFUROMONAS_PALMITATIS_MEDIUM.yaml	CultureMech:006630	NaCl	24.908	G_PER_L	23.908;1.0	value is the sum of differing parts; which one the medium means needs the source recipe
DIFFERING_PARTS	data/normalized_yaml/bacterial/KOMODO_837_DESULFUROMONAS_PALMITATIS_MEDIUM.yaml	CultureMech:006630	MgSO4 x 7 H2O	3.229885	G_PER_L	0.229885;3.0	value is the sum of differing parts; which one the medium means needs the source recipe
DIFFERING_PARTS	data/normalized_yaml/bacterial/KOMODO_837_DESULFUROMONAS_PALMITATIS_MEDIUM.yaml	CultureMech:006630	CaCl2 x 2 H2O	30.1229885	G_PER_L	0.0229885;30.0;0.1	value is the sum of differing parts; which one the medium means needs the source recipe
DIFFERING_PARTS	data/normalized_yaml/bacterial/KOMODO_840_SERPULINA_MURDOCHII_MEDIUM.yaml	CultureMech:006643	NaHCO3	0.09	G_PER_L	0.03;0.06	value is the sum of differing parts; which one the medium means needs the source recipe
DIFFERING_PARTS	data/normalized_yaml/bacterial/KOMODO_840_SERPULINA_MURDOCHII_MEDIUM.yaml	CultureMech:006643	Glucose	0.045	G_PER_L	0.015;0.03	value is the sum of differing parts; which one the medium means needs the source recipe
DIFFERING_PARTS	data/normalized_yaml/bacterial/KOMODO_840_SERPULINA_MURDOCHII_MEDIUM.yaml	CultureMech:006643	Air	5.5	G_PER_L	0.5;5.0	value is the sum of differing parts; which one the medium means needs the source recipe
COEXISTING_ROW	data/normalized_yaml/bacterial/KOMODO_840_SERPULINA_MURDOCHII_MEDIUM.yaml	CultureMech:006643	Glucose	2.5;0.045	G_PER_L		2 rows name this ingredient in one record, one of them a merge survivor — a consumer double-counts
DIFFERING_PARTS	data/normalized_yaml/bacterial/KOMODO_848_RAE_medium.yaml	CultureMech:006655	Glucose	45.0	G_PER_L	40.0;5.0	value is the sum of differing parts; which one the medium means needs the source recipe
DIFFERING_PARTS	data/normalized_yaml/bacterial/KOMODO_848_RAE_medium.yaml	CultureMech:006655	Peptone	13.0	G_PER_L	10.0;3.0	value is the sum of differing parts; which one the medium means needs the source recipe
DIFFERING_PARTS	data/normalized_yaml/bacterial/KOMODO_848_RAE_medium.yaml	CultureMech:006655	Yeast extract	12.0	G_PER_L	10.0;2.0	value is the sum of differing parts; which one the medium means needs the source recipe
DIFFERING_PARTS	data/normalized_yaml/bacterial/KOMODO_854_HIPPEA_medium.yaml	CultureMech:006671	NaCl	25.728	G_PER_L	24.728;1.0	value is the sum of differing parts; which one the medium means needs the source recipe
DIFFERING_PARTS	data/normalized_yaml/bacterial/KOMODO_867_RHODOBACTER_VELDKAMPII_MEDIUM.yaml	CultureMech:006697	Yeast extract	3.043478	G_PER_L	2.5;0.543478	value is the sum of differing parts; which one the medium means needs the source recipe
DIFFERING_PARTS	data/normalized_yaml/bacterial/KOMODO_867_RHODOBACTER_VELDKAMPII_MEDIUM.yaml	CultureMech:006697	Vitamin B12	0.112	G_PER_L	0.002;0.1;0.01	value is the sum of differing parts; which one the medium means needs the source recipe
DIFFERING_PARTS	data/normalized_yaml/bacterial/KOMODO_867_RHODOBACTER_VELDKAMPII_MEDIUM.yaml	CultureMech:006697	Na2S x 9 H2O	44.8148	G_PER_L	14.8148;30.0	value is the sum of differing parts; which one the medium means needs the source recipe
DIFFERING_PARTS	data/normalized_yaml/bacterial/KOMODO_870_SYNTROPHOTHERMUS_MEDIUM.yaml	CultureMech:006705	CaCl2 x 2 H2O	0.248221	G_PER_L	0.148221;0.1	value is the sum of differing parts; which one the medium means needs the source recipe
DIFFERING_PARTS	data/normalized_yaml/bacterial/KOMODO_879_CLOSTRIDIUM_LJUNGDAHLII_medium.yaml	CultureMech:006718	NaCl	1.791296	G_PER_L	0.791296;1.0	value is the sum of differing parts; which one the medium means needs the source recipe
DIFFERING_PARTS	data/normalized_yaml/bacterial/KOMODO_887_OS_MEDIUM.yaml	CultureMech:006737	NaCl	1.256	G_PER_L	0.256;1.0	value is the sum of differing parts; which one the medium means needs the source recipe
DIFFERING_PARTS	data/normalized_yaml/bacterial/KOMODO_887_OS_MEDIUM.yaml	CultureMech:006737	CaCl2 x 2 H2O	0.1008	G_PER_L	0.0008;0.1	value is the sum of differing parts; which one the medium means needs the source recipe
DIFFERING_PARTS	data/normalized_yaml/bacterial/KOMODO_887_OS_MEDIUM.yaml	CultureMech:006737	H3BO3	0.0203	G_PER_L	0.0103;0.01	value is the sum of differing parts; which one the medium means needs the source recipe
DIFFERING_PARTS	data/normalized_yaml/bacterial/KOMODO_889_ISS1_medium.yaml	CultureMech:006739	NaCl	21.0	G_PER_L	20.0;1.0	value is the sum of differing parts; which one the medium means needs the source recipe
DIFFERING_PARTS	data/normalized_yaml/bacterial/KOMODO_889_ISS1_medium.yaml	CultureMech:006739	MgSO4 x 7 H2O	10.0	G_PER_L	7.0;3.0	value is the sum of differing parts; which one the medium means needs the source recipe
DIFFERING_PARTS	data/normalized_yaml/bacterial/KOMODO_889_ISS1_medium.yaml	CultureMech:006739	CaCl2 x 2 H2O	0.6	G_PER_L	0.5;0.1	value is the sum of differing parts; which one the medium means needs the source recipe
DIFFERING_PARTS	data/normalized_yaml/bacterial/KOMODO_890_VM1_MEDIUM.yaml	CultureMech:006743	NaCl	21.0	G_PER_L	20.0;1.0	value is the sum of differing parts; which one the medium means needs the source recipe
DIFFERING_PARTS	data/normalized_yaml/bacterial/KOMODO_890_VM1_MEDIUM.yaml	CultureMech:006743	CaCl2 x 2 H2O	2.48	G_PER_L	2.38;0.1	value is the sum of differing parts; which one the medium means needs the source recipe
DIFFERING_PARTS	data/normalized_yaml/bacterial/KOMODO_891_SME_MEDIUM_MODIFIED_FOR_IS7.yaml	CultureMech:006744	NaCl	31.0	G_PER_L	30.0;1.0	value is the sum of differing parts; which one the medium means needs the source recipe
DIFFERING_PARTS	data/normalized_yaml/bacterial/KOMODO_891_SME_MEDIUM_MODIFIED_FOR_IS7.yaml	CultureMech:006744	MgSO4 x 7 H2O	3.7	G_PER_L	0.7;3.0	value is the sum of differing parts; which one the medium means needs the source recipe
DIFFERING_PARTS	data/normalized_yaml/bacterial/KOMODO_891_SME_MEDIUM_MODIFIED_FOR_IS7.yaml	CultureMech:006744	CaCl2 x 2 H2O	0.6	G_PER_L	0.5;0.1	value is the sum of differing parts; which one the medium means needs the source recipe
DIFFERING_PARTS	data/normalized_yaml/bacterial/KOMODO_895_ANAEROBRANCA_GOTTSCHALKII_medium.yaml	CultureMech:006750	MgSO4 x 7 H2O	3.0987167	G_PER_L	0.0987167;3.0	value is the sum of differing parts; which one the medium means needs the source recipe
DIFFERING_PARTS	data/normalized_yaml/bacterial/KOMODO_895_ANAEROBRANCA_GOTTSCHALKII_medium.yaml	CultureMech:006750	CaCl2 x 2 H2O	0.1493583	G_PER_L	0.0493583;0.1	value is the sum of differing parts; which one the medium means needs the source recipe
DIFFERING_PARTS	data/normalized_yaml/bacterial/KOMODO_895_ANAEROBRANCA_GOTTSCHALKII_medium.yaml	CultureMech:006750	NaCl	10.87167	G_PER_L	9.87167;1.0	value is the sum of differing parts; which one the medium means needs the source recipe
DIFFERING_PARTS	data/normalized_yaml/bacterial/KOMODO_895_ANAEROBRANCA_GOTTSCHALKII_medium.yaml	CultureMech:006750	FeSO4 x 7 H2O	0.10197433	G_PER_L	0.00197433;0.1	value is the sum of differing parts; which one the medium means needs the source recipe
DIFFERING_PARTS	data/normalized_yaml/bacterial/KOMODO_913_THERMOTOGA_PETROPHILA_medium.yaml	CultureMech:006788	NaCl	28.7	G_PER_L	27.7;1.0	value is the sum of differing parts; which one the medium means needs the source recipe
DIFFERING_PARTS	data/normalized_yaml/bacterial/KOMODO_913_THERMOTOGA_PETROPHILA_medium.yaml	CultureMech:006788	MgSO4 x 7 H2O	10.0	G_PER_L	7.0;3.0	value is the sum of differing parts; which one the medium means needs the source recipe
DIFFERING_PARTS	data/normalized_yaml/bacterial/KOMODO_913_THERMOTOGA_PETROPHILA_medium.yaml	CultureMech:006788	H3BO3	0.04	G_PER_L	0.03;0.01	value is the sum of differing parts; which one the medium means needs the source recipe
DIFFERING_PARTS	data/normalized_yaml/bacterial/KOMODO_913_THERMOTOGA_PETROPHILA_medium.yaml	CultureMech:006788	CaCl2 x 2 H2O	2.35	G_PER_L	2.25;0.1	value is the sum of differing parts; which one the medium means needs the source recipe
DIFFERING_PARTS	data/normalized_yaml/bacterial/KOMODO_929_RHODOVULUM_IODOSUM_AND_R._ROBIGINOSUM_MEDIUM.yaml	CultureMech:006847	FeSO4 x 7 H2O	4.88015	G_PER_L	2.78015;2.1	value is the sum of differing parts; which one the medium means needs the source recipe
DIFFERING_PARTS	data/normalized_yaml/bacterial/KOMODO_930_NATRONINCOLA_HISTIDINOVORANS_medium.yaml	CultureMech:006850	NaCl	81.0	G_PER_L	80.0;1.0	value is the sum of differing parts; which one the medium means needs the source recipe
DIFFERING_PARTS	data/normalized_yaml/bacterial/KOMODO_932_HALONATRONUM_SACCHAROPHILUM_medium.yaml	CultureMech:006852	NaCl	51.0	G_PER_L	50.0;1.0	value is the sum of differing parts; which one the medium means needs the source recipe
DIFFERING_PARTS	data/normalized_yaml/bacterial/KOMODO_933_HALOANAEROBIUM_CONGOLENSE_medium.yaml	CultureMech:006853	NaCl	101.0	G_PER_L	100.0;1.0	value is the sum of differing parts; which one the medium means needs the source recipe
DIFFERING_PARTS	data/normalized_yaml/bacterial/KOMODO_935_DEFERRIBACTER_medium.yaml	CultureMech:006857	NaCl	25.728	G_PER_L	24.728;1.0	value is the sum of differing parts; which one the medium means needs the source recipe
DIFFERING_PARTS	data/normalized_yaml/bacterial/KOMODO_938_ST21_AGAR_FOR_CELLULOSE_DEGRADERS.yaml	CultureMech:006861	Tap water	1000.0	G_PER_L	600.0;300.0;100.0	value is the sum of differing parts; which one the medium means needs the source recipe
DIFFERING_PARTS	data/normalized_yaml/bacterial/KOMODO_941_medium_FOR_ARHODOMONAS_AND_MARINOBACTER.yaml	CultureMech:006873	NaCl	156.0	G_PER_L	150.0;6.0	value is the sum of differing parts; which one the medium means needs the source recipe
DIFFERING_PARTS	data/normalized_yaml/bacterial/KOMODO_944_PSEUDOMONAS_CHLOROTIDISMUTANS_MEDIUM.yaml	CultureMech:006875	Na2MoO4 x 2 H2O	0.039	G_PER_L	0.036;0.003	value is the sum of differing parts; which one the medium means needs the source recipe
DIFFERING_PARTS	data/normalized_yaml/bacterial/KOMODO_946_NAUTILIA_medium.yaml	CultureMech:006883	MgSO4 x 7 H2O	17.0	G_PER_L	3.0;14.0	value is the sum of differing parts; which one the medium means needs the source recipe
DIFFERING_PARTS	data/normalized_yaml/bacterial/KOMODO_946_NAUTILIA_medium.yaml	CultureMech:006883	NaCl	56.4	G_PER_L	1.0;55.4	value is the sum of differing parts; which one the medium means needs the source recipe
DIFFERING_PARTS	data/normalized_yaml/bacterial/KOMODO_946_NAUTILIA_medium.yaml	CultureMech:006883	CaCl2 x 2 H2O	1.6	G_PER_L	0.1;1.5	value is the sum of differing parts; which one the medium means needs the source recipe
DIFFERING_PARTS	data/normalized_yaml/bacterial/KOMODO_958_VY_4-SWS_AGAR.yaml	CultureMech:006902	H3BO3	0.32	G_PER_L	0.02;0.3	value is the sum of differing parts; which one the medium means needs the source recipe
DIFFERING_PARTS	data/normalized_yaml/bacterial/KOMODO_960_PELOTOMACULUM_medium.yaml	CultureMech:006916	CaCl2 x 2 H2O	0.249701	G_PER_L	0.149701;0.1	value is the sum of differing parts; which one the medium means needs the source recipe
DIFFERING_PARTS	data/normalized_yaml/bacterial/KOMODO_963_THERMOANAEROMONAS_medium.yaml	CultureMech:006920	CaCl2 x 2 H2O	0.1296736	G_PER_L	0.0296736;0.1	value is the sum of differing parts; which one the medium means needs the source recipe
DIFFERING_PARTS	data/normalized_yaml/bacterial/KOMODO_963_THERMOANAEROMONAS_medium.yaml	CultureMech:006920	NaCl	1.197824	G_PER_L	0.197824;1.0	value is the sum of differing parts; which one the medium means needs the source recipe
DIFFERING_PARTS	data/normalized_yaml/bacterial/KOMODO_973_MARINITHERMUS_HYDROTHERMALIS_medium.yaml	CultureMech:006931	NaCl	31.0	G_PER_L	30.0;1.0	value is the sum of differing parts; which one the medium means needs the source recipe
DIFFERING_PARTS	data/normalized_yaml/bacterial/KOMODO_973_MARINITHERMUS_HYDROTHERMALIS_medium.yaml	CultureMech:006931	MgSO4 x 7 H2O	6.4	G_PER_L	3.4;3.0	value is the sum of differing parts; which one the medium means needs the source recipe
DIFFERING_PARTS	data/normalized_yaml/bacterial/KOMODO_975_OCEANITHERMUS_PROFUNDUS_medium.yaml	CultureMech:006933	NaCl	31.0	G_PER_L	30.0;1.0	value is the sum of differing parts; which one the medium means needs the source recipe
DIFFERING_PARTS	data/normalized_yaml/bacterial/KOMODO_977_VULCANITHERMUS_medium.yaml	CultureMech:006935	NH4Cl	0.48	G_PER_L	0.33;0.15	value is the sum of differing parts; which one the medium means needs the source recipe
DIFFERING_PARTS	data/normalized_yaml/bacterial/KOMODO_977_VULCANITHERMUS_medium.yaml	CultureMech:006935	MgCl2 x 6 H2O	5.83	G_PER_L	0.33;5.5	value is the sum of differing parts; which one the medium means needs the source recipe
DIFFERING_PARTS	data/normalized_yaml/bacterial/KOMODO_977_VULCANITHERMUS_medium.yaml	CultureMech:006935	CaCl2 x 2 H2O	0.93	G_PER_L	0.33;0.5;0.1	value is the sum of differing parts; which one the medium means needs the source recipe
DIFFERING_PARTS	data/normalized_yaml/bacterial/KOMODO_977_VULCANITHERMUS_medium.yaml	CultureMech:006935	KCl	0.98	G_PER_L	0.33;0.65	value is the sum of differing parts; which one the medium means needs the source recipe
DIFFERING_PARTS	data/normalized_yaml/bacterial/KOMODO_977_VULCANITHERMUS_medium.yaml	CultureMech:006935	NaCl	56.0	G_PER_L	25.0;30.0;1.0	value is the sum of differing parts; which one the medium means needs the source recipe
DIFFERING_PARTS	data/normalized_yaml/bacterial/KOMODO_977_VULCANITHERMUS_medium.yaml	CultureMech:006935	MgSO4 x 7 H2O	10.0	G_PER_L	7.0;3.0	value is the sum of differing parts; which one the medium means needs the source recipe
DIFFERING_PARTS	data/normalized_yaml/bacterial/KOMODO_997_HNW_MEDIUM.yaml	CultureMech:006981	NaNO3	101.0	G_PER_L	1.0;100.0	value is the sum of differing parts; which one the medium means needs the source recipe
DIFFERING_PARTS	data/normalized_yaml/bacterial/KOMODO_997_HNW_MEDIUM.yaml	CultureMech:006981	NaHCO3	101.0	G_PER_L	1.0;100.0	value is the sum of differing parts; which one the medium means needs the source recipe
DIFFERING_PARTS	data/normalized_yaml/bacterial/KOMODO_997_HNW_MEDIUM.yaml	CultureMech:006981	Na2S	100.5	G_PER_L	0.5;100.0	value is the sum of differing parts; which one the medium means needs the source recipe
DIFFERING_PARTS	data/normalized_yaml/bacterial/KOMODO_997_HNW_MEDIUM.yaml	CultureMech:006981	NaCl	3001.0	G_PER_L	3000.0;1.0	value is the sum of differing parts; which one the medium means needs the source recipe
DIFFERING_PARTS	data/normalized_yaml/bacterial/KOMODO_997_HNW_MEDIUM.yaml	CultureMech:006981	CaCl2 x 2 H2O	14.1	G_PER_L	14.0;0.1	value is the sum of differing parts; which one the medium means needs the source recipe
DIFFERING_PARTS	data/normalized_yaml/bacterial/KOMODO_997_HNW_MEDIUM.yaml	CultureMech:006981	MgSO4 x 7 H2O	343.0	G_PER_L	340.0;3.0	value is the sum of differing parts; which one the medium means needs the source recipe
DIFFERING_PARTS	data/normalized_yaml/bacterial/TOGO_M1009_Syntrophus_Aciditrophicus_Medium.yaml	CultureMech:007522	Distilled water	900.0	G_PER_L	810.0;70.0;10.0;10.0	value is the sum of differing parts; which one the medium means needs the source recipe
DIFFERING_PARTS	data/normalized_yaml/bacterial/TOGO_M1015_G-S_Medium.yaml	CultureMech:007529	Distilled water	11.0	G_PER_L	1.0;10.0	value is the sum of differing parts; which one the medium means needs the source recipe
DIFFERING_PARTS	data/normalized_yaml/bacterial/TOGO_M1015_G-S_Medium.yaml	CultureMech:007529	L--Cysteine・HCl・H2O	3.03	G_PER_L	3.0;0.03	value is the sum of differing parts; which one the medium means needs the source recipe
DIFFERING_PARTS	data/normalized_yaml/bacterial/TOGO_M1020_Acidifferobacter_Murciensis_Medium.yaml	CultureMech:007535	Distilled water	1000.0	G_PER_L	900.0;100.0	value is the sum of differing parts; which one the medium means needs the source recipe
DIFFERING_PARTS	data/normalized_yaml/bacterial/TOGO_M1025_Alkalinus_Abyssiniese_Medium.yaml	CultureMech:007539	Distilled water	901.0	G_PER_L	900.0;1.0	value is the sum of differing parts; which one the medium means needs the source recipe
DIFFERING_PARTS	data/normalized_yaml/bacterial/TOGO_M102_Alkaline_Cellulose_Agar.yaml	CultureMech:007544	Distilled water	1000.0	G_PER_L	900.0;100.0	value is the sum of differing parts; which one the medium means needs the source recipe
DIFFERING_PARTS	data/normalized_yaml/bacterial/TOGO_M1030_VNG_Medium.yaml	CultureMech:007545	Distilled water	891.0	G_PER_L	790.0;1.0;100.0	value is the sum of differing parts; which one the medium means needs the source recipe
DIFFERING_PARTS	data/normalized_yaml/bacterial/TOGO_M1032_M13_Medium.yaml	CultureMech:007547	Distilled water	1371.0	G_PER_L	420.0;1.0;950.0	value is the sum of differing parts; which one the medium means needs the source recipe
DIFFERING_PARTS	data/normalized_yaml/bacterial/TOGO_M1045_Diluted_Nitrate_Mineral_Medium.yaml	CultureMech:007561	Distilled water	1890.0	G_PER_L	990.0;900.0	value is the sum of differing parts; which one the medium means needs the source recipe
DIFFERING_PARTS	data/normalized_yaml/bacterial/TOGO_M1049_M30.yaml	CultureMech:007565	Distilled water	301.0	G_PER_L	260.0;40.0;1.0	value is the sum of differing parts; which one the medium means needs the source recipe
DIFFERING_PARTS	data/normalized_yaml/bacterial/TOGO_M1050_M30.yaml	CultureMech:007567	Distilled water	300.0	G_PER_L	260.0;40.0	value is the sum of differing parts; which one the medium means needs the source recipe
DIFFERING_PARTS	data/normalized_yaml/bacterial/TOGO_M1060_Freshwater_Medium_For_Soil_AOA.yaml	CultureMech:007577	Distilled water	1489.0	G_PER_L	1.0;987.0;1.0;500.0	value is the sum of differing parts; which one the medium means needs the source recipe
DIFFERING_PARTS	data/normalized_yaml/bacterial/TOGO_M1068_SW-7.5_Medium.yaml	CultureMech:007585	Distilled water	701.0	G_PER_L	700.0;1.0	value is the sum of differing parts; which one the medium means needs the source recipe
DIFFERING_PARTS	data/normalized_yaml/bacterial/TOGO_M1072_NASU_Iron_Reducer_Medium.yaml	CultureMech:007590	Distilled water	1001.0	G_PER_L	900.0;1.0;100.0	value is the sum of differing parts; which one the medium means needs the source recipe
DIFFERING_PARTS	data/normalized_yaml/bacterial/TOGO_M107_Modified_CM_YE_Medium_A.yaml	CultureMech:007595	Distilled water	101.0	G_PER_L	1.0;100.0	value is the sum of differing parts; which one the medium means needs the source recipe
DIFFERING_PARTS	data/normalized_yaml/bacterial/TOGO_M1082_MM4Y_Medium.yaml	CultureMech:007598	Distilled water	902.0	G_PER_L	800.0;1.0;1.0;100.0	value is the sum of differing parts; which one the medium means needs the source recipe
DIFFERING_PARTS	data/normalized_yaml/bacterial/TOGO_M1084_Pyvl_Medium.yaml	CultureMech:007600	Distilled water	950.0	G_PER_L	850.0;100.0	value is the sum of differing parts; which one the medium means needs the source recipe
DIFFERING_PARTS	data/normalized_yaml/bacterial/TOGO_M1085_Thermus_162_Medium.yaml	CultureMech:007601	Distilled water	901.0	G_PER_L	900.0;1.0	value is the sum of differing parts; which one the medium means needs the source recipe
DIFFERING_PARTS	data/normalized_yaml/bacterial/TOGO_M1093_Rumen_Bacteria_Medium.yaml	CultureMech:007610	Distilled water	961.0	G_PER_L	960.0;1.0	value is the sum of differing parts; which one the medium means needs the source recipe
DIFFERING_PARTS	data/normalized_yaml/bacterial/TOGO_M1094_Dissulfurimicrobium_Hydrothermale_Medium.yaml	CultureMech:007611	Distilled water	1001.0	G_PER_L	800.0;200.0;1.0	value is the sum of differing parts; which one the medium means needs the source recipe
DIFFERING_PARTS	data/normalized_yaml/bacterial/TOGO_M1100_EGGC_Liquid_Medium.yaml	CultureMech:007619	Distilled water	302.0	G_PER_L	1.0;1.0;300.0	value is the sum of differing parts; which one the medium means needs the source recipe
DIFFERING_PARTS	data/normalized_yaml/bacterial/TOGO_M1139_MO-XQ_Medium.yaml	CultureMech:007661	Distilled water	101.0	G_PER_L	1.0;100.0	value is the sum of differing parts; which one the medium means needs the source recipe
DIFFERING_PARTS	data/normalized_yaml/bacterial/TOGO_M1140_MO-YS_Medium.yaml	CultureMech:007663	Distilled water	101.0	G_PER_L	1.0;100.0	value is the sum of differing parts; which one the medium means needs the source recipe
DIFFERING_PARTS	data/normalized_yaml/bacterial/TOGO_M1153_Thiobacillus_Prosperus_Medium.yaml	CultureMech:007677	NiCl2・6H2O	2.03	G_PER_L	2.0;0.03	value is the sum of differing parts; which one the medium means needs the source recipe
DIFFERING_PARTS	data/normalized_yaml/bacterial/TOGO_M1158_0.3_x_Hyphomicrobium_Medium.yaml	CultureMech:007681	Distilled water	501.0	G_PER_L	1.0;500.0	value is the sum of differing parts; which one the medium means needs the source recipe
DIFFERING_PARTS	data/normalized_yaml/bacterial/TOGO_M115_Briggs_Liver_Broth_pH_5.0.yaml	CultureMech:007683	Distilled water	725.0	G_PER_L	525.0;200.0	value is the sum of differing parts; which one the medium means needs the source recipe
DIFFERING_PARTS	data/normalized_yaml/bacterial/TOGO_M1169_PYGA_Medium.yaml	CultureMech:007693	Distilled water	1000.0	G_PER_L	900.0;100.0	value is the sum of differing parts; which one the medium means needs the source recipe
DIFFERING_PARTS	data/normalized_yaml/bacterial/TOGO_M1170_Seawater_Pyruvate_Thiosulfate_Medium.yaml	CultureMech:007695	Distilled water	923.5	G_PER_L	922.5;1.0	value is the sum of differing parts; which one the medium means needs the source recipe
DIFFERING_PARTS	data/normalized_yaml/bacterial/TOGO_M1171_BSM-RC_Medium.yaml	CultureMech:007696	Distilled water	936.5	G_PER_L	935.5;1.0	value is the sum of differing parts; which one the medium means needs the source recipe
DIFFERING_PARTS	data/normalized_yaml/bacterial/TOGO_M1173_CTM_Medium.yaml	CultureMech:007698	Distilled water	625.0	G_PER_L	1.0;1.0;1.0;1.0;1.0;1.0;19.0;100.0;400.0;100.0	value is the sum of differing parts; which one the medium means needs the source recipe
DIFFERING_PARTS	data/normalized_yaml/bacterial/TOGO_M1174_Halolactibacillus_9G_Medium.yaml	CultureMech:007699	Distilled water	980.0	G_PER_L	680.0;300.0	value is the sum of differing parts; which one the medium means needs the source recipe
DIFFERING_PARTS	data/normalized_yaml/bacterial/TOGO_M1179_Anaerolinea_Medium_C.yaml	CultureMech:007704	Distilled water	1001.0	G_PER_L	900.0;100.0;1.0	value is the sum of differing parts; which one the medium means needs the source recipe
DIFFERING_PARTS	data/normalized_yaml/bacterial/TOGO_M11_Lactic_Acid_Bacteria_Broth.yaml	CultureMech:007726	Distilled water	201.0	G_PER_L	1.0;100.0;100.0	value is the sum of differing parts; which one the medium means needs the source recipe
DIFFERING_PARTS	data/normalized_yaml/bacterial/TOGO_M1205_Sulfate-Free_Metako_Medium.yaml	CultureMech:007732	SrCl2・6H2O	12.01	G_PER_L	12.0;0.01	value is the sum of differing parts; which one the medium means needs the source recipe
DIFFERING_PARTS	data/normalized_yaml/bacterial/TOGO_M1210_YCFA_Medium.yaml	CultureMech:007738	Distilled water	1762.0	G_PER_L	660.0;1.0;1.0;100.0;500.0;500.0	value is the sum of differing parts; which one the medium means needs the source recipe
DIFFERING_PARTS	data/normalized_yaml/bacterial/TOGO_M1217_Roseibaca_Calidilacus_Medium.yaml	CultureMech:007745	Distilled water	1672.0	G_PER_L	770.0;1.0;900.0;1.0	value is the sum of differing parts; which one the medium means needs the source recipe
DIFFERING_PARTS	data/normalized_yaml/bacterial/TOGO_M1217_Roseibaca_Calidilacus_Medium.yaml	CultureMech:007745	MgSO4・7H2O	500.49	G_PER_L	493.0;7.49	value is the sum of differing parts; which one the medium means needs the source recipe
DIFFERING_PARTS	data/normalized_yaml/bacterial/TOGO_M1220_Natronospira_Proteinivora_Medium.yaml	CultureMech:007748	Distilled water	102.0	G_PER_L	1.0;1.0;100.0	value is the sum of differing parts; which one the medium means needs the source recipe
DIFFERING_PARTS	data/normalized_yaml/bacterial/TOGO_M1220_Natronospira_Proteinivora_Medium.yaml	CultureMech:007748	NaCl	256.0	G_PER_L	240.0;16.0	value is the sum of differing parts; which one the medium means needs the source recipe
DIFFERING_PARTS	data/normalized_yaml/bacterial/TOGO_M1220_Natronospira_Proteinivora_Medium.yaml	CultureMech:007748	K2HPO4	4.5	G_PER_L	2.5;2.0	value is the sum of differing parts; which one the medium means needs the source recipe
DIFFERING_PARTS	data/normalized_yaml/bacterial/TOGO_M1225_Orenia_Metallireducens_Medium.yaml	CultureMech:007753	KH2PO4	12.85	G_PER_L	0.35;12.5	value is the sum of differing parts; which one the medium means needs the source recipe
DIFFERING_PARTS	data/normalized_yaml/bacterial/TOGO_M1249_MMFC1_Medium.yaml	CultureMech:007779	MgSO4・7H2O	246.5	G_PER_L	0.5;246.0	value is the sum of differing parts; which one the medium means needs the source recipe
DIFFERING_PARTS	data/normalized_yaml/bacterial/TOGO_M1249_MMFC1_Medium.yaml	CultureMech:007779	NaCl	2.834	G_PER_L	2.25;0.584	value is the sum of differing parts; which one the medium means needs the source recipe
DIFFERING_PARTS	data/normalized_yaml/bacterial/TOGO_M1249_MMFC1_Medium.yaml	CultureMech:007779	CaCl2・2H2O	14.025	G_PER_L	0.025;14.0	value is the sum of differing parts; which one the medium means needs the source recipe
DIFFERING_PARTS	data/normalized_yaml/bacterial/TOGO_M124_Medium_10.yaml	CultureMech:007780	Distilled water	1050.0	G_PER_L	850.0;100.0;100.0	value is the sum of differing parts; which one the medium means needs the source recipe
DIFFERING_PARTS	data/normalized_yaml/bacterial/TOGO_M1252_A7_Medium.yaml	CultureMech:007783	CaCl2・2H2O	37.51	G_PER_L	0.01;37.5	value is the sum of differing parts; which one the medium means needs the source recipe
DIFFERING_PARTS	data/normalized_yaml/bacterial/TOGO_M125_Rumen_Fluid-Glucose-Cellobiose_Agar.yaml	CultureMech:007791	Distilled water	201.0	G_PER_L	200.0;1.0	value is the sum of differing parts; which one the medium means needs the source recipe
DIFFERING_PARTS	data/normalized_yaml/bacterial/TOGO_M1268_Chloroflexus_Medium.yaml	CultureMech:007800	Distilled water	101.0	G_PER_L	1.0;100.0	value is the sum of differing parts; which one the medium means needs the source recipe
DIFFERING_PARTS	data/normalized_yaml/bacterial/TOGO_M1281_Acidihalobacter_Medium.yaml	CultureMech:007815	Distilled water	1020.0	G_PER_L	900.0;100.0;10.0;10.0	value is the sum of differing parts; which one the medium means needs the source recipe
DIFFERING_PARTS	data/normalized_yaml/bacterial/TOGO_M1282_Acidihalobacter_Prosperus_F5_Medium.yaml	CultureMech:007816	Distilled water	1000.0	G_PER_L	900.0;100.0	value is the sum of differing parts; which one the medium means needs the source recipe
DIFFERING_PARTS	data/normalized_yaml/bacterial/TOGO_M1284_Mineral_Medium_Brunner_Supplemented_With_Toluene.yaml	CultureMech:007818	Distilled water	901.0	G_PER_L	900.0;1.0	value is the sum of differing parts; which one the medium means needs the source recipe
DIFFERING_PARTS	data/normalized_yaml/bacterial/TOGO_M1290_Sporomusa_Acidovorans_Medium.yaml	CultureMech:007825	Distilled water	930.0	G_PER_L	830.0;100.0	value is the sum of differing parts; which one the medium means needs the source recipe
DIFFERING_PARTS	data/normalized_yaml/bacterial/TOGO_M1296_Halanaerobium_Hydrogeniformans_Medium.yaml	CultureMech:007829	Distilled water	881.0	G_PER_L	500.0;380.0;1.0	value is the sum of differing parts; which one the medium means needs the source recipe
DIFFERING_PARTS	data/normalized_yaml/bacterial/TOGO_M1299_Modified_Makkar_s_Medium_C.yaml	CultureMech:007832	Distilled water	652.0	G_PER_L	650.0;1.0;1.0	value is the sum of differing parts; which one the medium means needs the source recipe
DIFFERING_PARTS	data/normalized_yaml/bacterial/TOGO_M1312_Modified_Nitrate_Mineral_Salts_Medium-2.yaml	CultureMech:007848	Distilled water	101.0	G_PER_L	1.0;100.0	value is the sum of differing parts; which one the medium means needs the source recipe
DIFFERING_PARTS	data/normalized_yaml/bacterial/TOGO_M1321_Thermodesulfobacterium_Auxiliatotris_Medium.yaml	CultureMech:007858	Distilled water	11.0	G_PER_L	1.0;10.0	value is the sum of differing parts; which one the medium means needs the source recipe
DIFFERING_PARTS	data/normalized_yaml/bacterial/TOGO_M1323_HLH_Medium.yaml	CultureMech:007860	Distilled water	792.0	G_PER_L	790.0;1.0;1.0	value is the sum of differing parts; which one the medium means needs the source recipe
DIFFERING_PARTS	data/normalized_yaml/bacterial/TOGO_M1332_Tanner_MOD2_Medium.yaml	CultureMech:007868	Distilled water	991.0	G_PER_L	990.0;1.0	value is the sum of differing parts; which one the medium means needs the source recipe
DIFFERING_PARTS	data/normalized_yaml/bacterial/TOGO_M1337_Vulcano_Low_Salt_Medium.yaml	CultureMech:007873	Distilled water	1066.0	G_PER_L	966.0;100.0	value is the sum of differing parts; which one the medium means needs the source recipe
DIFFERING_PARTS	data/normalized_yaml/bacterial/TOGO_M1341_R2A_Medium_With_25_Salt.yaml	CultureMech:007877	Distilled water	168.0	G_PER_L	167.0;1.0	value is the sum of differing parts; which one the medium means needs the source recipe
DIFFERING_PARTS	data/normalized_yaml/bacterial/TOGO_M1341_R2A_Medium_With_25_Salt.yaml	CultureMech:007877	MgSO4・7H2O	61.05	G_PER_L	0.05;61.0	value is the sum of differing parts; which one the medium means needs the source recipe
DIFFERING_PARTS	data/normalized_yaml/bacterial/TOGO_M1352_Desulfocella_Medium.yaml	CultureMech:007889	Distilled water	11.0	G_PER_L	1.0;10.0	value is the sum of differing parts; which one the medium means needs the source recipe
DIFFERING_PARTS	data/normalized_yaml/bacterial/TOGO_M1353_Desulfobacterium_Catecholicum_Medium.yaml	CultureMech:007890	Distilled water	11.0	G_PER_L	1.0;10.0	value is the sum of differing parts; which one the medium means needs the source recipe
DIFFERING_PARTS	data/normalized_yaml/bacterial/TOGO_M1354_Desulfobacterium_Oleovorans_Medium.yaml	CultureMech:007891	Distilled water	11.0	G_PER_L	1.0;10.0	value is the sum of differing parts; which one the medium means needs the source recipe
DIFFERING_PARTS	data/normalized_yaml/bacterial/TOGO_M135_Modified_NOS_Medium.yaml	CultureMech:007897	Distilled water	102.4	G_PER_L	94.0;8.4	value is the sum of differing parts; which one the medium means needs the source recipe
DIFFERING_PARTS	data/normalized_yaml/bacterial/TOGO_M1368_Atribacterium_Medium.yaml	CultureMech:007906	Distilled water	11.0	G_PER_L	1.0;10.0	value is the sum of differing parts; which one the medium means needs the source recipe
DIFFERING_PARTS	data/normalized_yaml/bacterial/TOGO_M1370_BM7CO_Medium.yaml	CultureMech:007909	Distilled water	901.0	G_PER_L	900.0;1.0	value is the sum of differing parts; which one the medium means needs the source recipe
DIFFERING_PARTS	data/normalized_yaml/bacterial/TOGO_M1370_BM7CO_Medium.yaml	CultureMech:007909	CaCl2・2H2O	37.51	G_PER_L	0.01;37.5	value is the sum of differing parts; which one the medium means needs the source recipe
DIFFERING_PARTS	data/normalized_yaml/bacterial/TOGO_M1377_Glucose_bicarbonate-Buffered_Medium.yaml	CultureMech:007916	Distilled water	975.5	G_PER_L	900.0;25.5;50.0	value is the sum of differing parts; which one the medium means needs the source recipe
DIFFERING_PARTS	data/normalized_yaml/bacterial/TOGO_M1391_Alkaline_Clostridial_Nutrient_Medium.yaml	CultureMech:007926	Distilled water	1000.0	G_PER_L	900.0;100.0	value is the sum of differing parts; which one the medium means needs the source recipe
DIFFERING_PARTS	data/normalized_yaml/bacterial/TOGO_M1392_Alkaline_Clostridial_Nutrient_Medium.yaml	CultureMech:007927	Distilled water	1000.0	G_PER_L	900.0;100.0	value is the sum of differing parts; which one the medium means needs the source recipe
DIFFERING_PARTS	data/normalized_yaml/bacterial/TOGO_M1396_Paenibacillus_DC-8A_Medium.yaml	CultureMech:007931	Distilled water	901.0	G_PER_L	900.0;1.0	value is the sum of differing parts; which one the medium means needs the source recipe
DIFFERING_PARTS	data/normalized_yaml/bacterial/TOGO_M1396_Paenibacillus_DC-8A_Medium.yaml	CultureMech:007931	CaCl2・2H2O	37.51	G_PER_L	0.01;37.5	value is the sum of differing parts; which one the medium means needs the source recipe
DIFFERING_PARTS	data/normalized_yaml/bacterial/TOGO_M1397_Tepidanaerobacter_GT38_Medium.yaml	CultureMech:007932	Distilled water	901.0	G_PER_L	900.0;1.0	value is the sum of differing parts; which one the medium means needs the source recipe
DIFFERING_PARTS	data/normalized_yaml/bacterial/TOGO_M1397_Tepidanaerobacter_GT38_Medium.yaml	CultureMech:007932	CaCl2・2H2O	37.51	G_PER_L	0.01;37.5	value is the sum of differing parts; which one the medium means needs the source recipe
DIFFERING_PARTS	data/normalized_yaml/bacterial/TOGO_M1400_Ureaplasma_Medium.yaml	CultureMech:007937	Distilled water	185.0	G_PER_L	85.0;100.0	value is the sum of differing parts; which one the medium means needs the source recipe
DIFFERING_PARTS	data/normalized_yaml/bacterial/TOGO_M1401_Freshwater_Medium_With_Rhamnose.yaml	CultureMech:007938	Distilled water	956.0	G_PER_L	955.0;1.0	value is the sum of differing parts; which one the medium means needs the source recipe
DIFFERING_PARTS	data/normalized_yaml/bacterial/TOGO_M140_Tetramethyl_Ammonium_Medium.yaml	CultureMech:007946	Distilled water	952.0	G_PER_L	1.0;950.0;1.0	value is the sum of differing parts; which one the medium means needs the source recipe
DIFFERING_PARTS	data/normalized_yaml/bacterial/TOGO_M140_Tetramethyl_Ammonium_Medium.yaml	CultureMech:007946	FeSO4・7H2O	599.0	G_PER_L	99.0;500.0	value is the sum of differing parts; which one the medium means needs the source recipe
DIFFERING_PARTS	data/normalized_yaml/bacterial/TOGO_M1569_MMYS-II_Medium.yaml	CultureMech:008117	Distilled water	501.0	G_PER_L	500.0;1.0	value is the sum of differing parts; which one the medium means needs the source recipe
DIFFERING_PARTS	data/normalized_yaml/bacterial/TOGO_M1572_Ekho_Lake_Strains_Medium.yaml	CultureMech:008121	Distilled water	818.0	G_PER_L	715.0;1.0;1.0;1.0;100.0	value is the sum of differing parts; which one the medium means needs the source recipe
DIFFERING_PARTS	data/normalized_yaml/bacterial/TOGO_M1572_Ekho_Lake_Strains_Medium.yaml	CultureMech:008121	FeSO4·7H2O	599.0	G_PER_L	99.0;500.0	value is the sum of differing parts; which one the medium means needs the source recipe
DIFFERING_PARTS	data/normalized_yaml/bacterial/TOGO_M1573_Oceanithermus_medium.yaml	CultureMech:008122	NaCl	21.0	G_PER_L	20.0;1.0	value is the sum of differing parts; which one the medium means needs the source recipe
DIFFERING_PARTS	data/normalized_yaml/bacterial/TOGO_M1573_Oceanithermus_medium.yaml	CultureMech:008122	CaCl2·2H2O	0.23	G_PER_L	0.1;0.13	value is the sum of differing parts; which one the medium means needs the source recipe
DIFFERING_PARTS	data/normalized_yaml/bacterial/TOGO_M1579_PE_Medium.yaml	CultureMech:008128	NaCl	1.12	G_PER_L	0.12;1.0	value is the sum of differing parts; which one the medium means needs the source recipe
DIFFERING_PARTS	data/normalized_yaml/bacterial/TOGO_M1579_PE_Medium.yaml	CultureMech:008128	CaCl2·2H2O	0.115	G_PER_L	0.015;0.1	value is the sum of differing parts; which one the medium means needs the source recipe
DIFFERING_PARTS	data/normalized_yaml/bacterial/TOGO_M1592_Modified_CM_YE_medium_B.yaml	CultureMech:008143	Distilled water	101.0	G_PER_L	1.0;100.0	value is the sum of differing parts; which one the medium means needs the source recipe
DIFFERING_PARTS	data/normalized_yaml/bacterial/TOGO_M1595_Oceanithermus_profundus_Medium.yaml	CultureMech:008146	NaCl	31.0	G_PER_L	30.0;1.0	value is the sum of differing parts; which one the medium means needs the source recipe
DIFFERING_PARTS	data/normalized_yaml/bacterial/TOGO_M162_Artificial_Deep_Lake_Vitamin_Medium.yaml	CultureMech:008185	distilled water	991.0	G_PER_L	990.0;1.0	value is the sum of differing parts; which one the medium means needs the source recipe
DIFFERING_PARTS	data/normalized_yaml/bacterial/TOGO_M1677_Deferribacter_Medium.yaml	CultureMech:008235	CaCl2·2H2O	0.247	G_PER_L	0.147;0.1	value is the sum of differing parts; which one the medium means needs the source recipe
DIFFERING_PARTS	data/normalized_yaml/bacterial/TOGO_M1695_Sulfur-oxidizing_bacteria_Medium.yaml	CultureMech:008255	CaCl2·2H2O	0.25	G_PER_L	0.15;0.1	value is the sum of differing parts; which one the medium means needs the source recipe
DIFFERING_PARTS	data/normalized_yaml/bacterial/TOGO_M1704_GS_medium.yaml	CultureMech:008266	MgSO4·7H2O	6.45	G_PER_L	3.45;3.0	value is the sum of differing parts; which one the medium means needs the source recipe
DIFFERING_PARTS	data/normalized_yaml/bacterial/TOGO_M1704_GS_medium.yaml	CultureMech:008266	NaCl	7.0	G_PER_L	6.0;1.0	value is the sum of differing parts; which one the medium means needs the source recipe
DIFFERING_PARTS	data/normalized_yaml/bacterial/TOGO_M1714_Oceanithermus_profundus_medium.yaml	CultureMech:008277	NaCl	21.0	G_PER_L	20.0;1.0	value is the sum of differing parts; which one the medium means needs the source recipe
DIFFERING_PARTS	data/normalized_yaml/bacterial/TOGO_M1714_Oceanithermus_profundus_medium.yaml	CultureMech:008277	CaCl2·2H2O	0.23	G_PER_L	0.1;0.13	value is the sum of differing parts; which one the medium means needs the source recipe
DIFFERING_PARTS	data/normalized_yaml/bacterial/TOGO_M1762_Thermus_Medium.yaml	CultureMech:008327	NaCl	1.008	G_PER_L	0.008;1.0	value is the sum of differing parts; which one the medium means needs the source recipe
DIFFERING_PARTS	data/normalized_yaml/bacterial/TOGO_M1777_MMJS_medium.yaml	CultureMech:008343	NaCl	31.0	G_PER_L	30.0;1.0	value is the sum of differing parts; which one the medium means needs the source recipe
DIFFERING_PARTS	data/normalized_yaml/bacterial/TOGO_M1788_Pelobacter_carbinolicus_Medium.yaml	CultureMech:008355	Distilled water	991.0	G_PER_L	1.0;990.0	value is the sum of differing parts; which one the medium means needs the source recipe
DIFFERING_PARTS	data/normalized_yaml/bacterial/TOGO_M1789_Medium_for_Ectothiorhodospira.yaml	CultureMech:008356	Distilled water	1099.0	G_PER_L	998.0;1.0;100.0	value is the sum of differing parts; which one the medium means needs the source recipe
DIFFERING_PARTS	data/normalized_yaml/bacterial/TOGO_M1789_Medium_for_Ectothiorhodospira.yaml	CultureMech:008356	Na2S·9H2O	1.9	G_PER_L	0.4;1.5	value is the sum of differing parts; which one the medium means needs the source recipe
DIFFERING_PARTS	data/normalized_yaml/bacterial/TOGO_M1791_Pelobacter_acetylenicus_Medium.yaml	CultureMech:008359	Distilled Water	991.0	G_PER_L	1.0;990.0	value is the sum of differing parts; which one the medium means needs the source recipe
DIFFERING_PARTS	data/normalized_yaml/bacterial/TOGO_M1796_Desulfovibrio_medium.yaml	CultureMech:008364	Distilled water	1000.0	G_PER_L	990.0;10.0	value is the sum of differing parts; which one the medium means needs the source recipe
DIFFERING_PARTS	data/normalized_yaml/bacterial/TOGO_M1802_Modified_WS_medium.yaml	CultureMech:008372	NaCl	21.0	G_PER_L	20.0;1.0	value is the sum of differing parts; which one the medium means needs the source recipe
DIFFERING_PARTS	data/normalized_yaml/bacterial/TOGO_M1802_Modified_WS_medium.yaml	CultureMech:008372	CaCl2·2H2O	0.247	G_PER_L	0.147;0.1	value is the sum of differing parts; which one the medium means needs the source recipe
DIFFERING_PARTS	data/normalized_yaml/bacterial/TOGO_M1846_MMJHS_medium.yaml	CultureMech:008420	Distilled water	992.0	G_PER_L	1.0;990.0;1.0	value is the sum of differing parts; which one the medium means needs the source recipe
DIFFERING_PARTS	data/normalized_yaml/bacterial/TOGO_M1846_MMJHS_medium.yaml	CultureMech:008420	MgSO4·7H2O	6.4	G_PER_L	3.4;3.0	value is the sum of differing parts; which one the medium means needs the source recipe
DIFFERING_PARTS	data/normalized_yaml/bacterial/TOGO_M1846_MMJHS_medium.yaml	CultureMech:008420	NaCl	31.0	G_PER_L	30.0;1.0	value is the sum of differing parts; which one the medium means needs the source recipe
DIFFERING_PARTS	data/normalized_yaml/bacterial/TOGO_M1846_MMJHS_medium.yaml	CultureMech:008420	NiCl2·6H2O	0.525	G_PER_L	0.5;0.025	value is the sum of differing parts; which one the medium means needs the source recipe
DIFFERING_PARTS	data/normalized_yaml/bacterial/TOGO_M1846_MMJHS_medium.yaml	CultureMech:008420	Na2SeO3·5H2O	0.8	G_PER_L	0.5;0.3	value is the sum of differing parts; which one the medium means needs the source recipe
DIFFERING_PARTS	data/normalized_yaml/bacterial/TOGO_M1860_Thermus_medium.yaml	CultureMech:008435	NaCl	1.008	G_PER_L	0.008;1.0	value is the sum of differing parts; which one the medium means needs the source recipe
DIFFERING_PARTS	data/normalized_yaml/bacterial/TOGO_M1868_Sporulation_Medium.yaml	CultureMech:008442	Distilled water	1000.0	G_PER_L	800.0;100.0;100.0	value is the sum of differing parts; which one the medium means needs the source recipe
DIFFERING_PARTS	data/normalized_yaml/bacterial/TOGO_M1873_Thermotoga_medium.yaml	CultureMech:008448	CaCl2·2H2O	0.25	G_PER_L	0.15;0.1	value is the sum of differing parts; which one the medium means needs the source recipe
DIFFERING_PARTS	data/normalized_yaml/bacterial/TOGO_M1875_Thermus_medium.yaml	CultureMech:008450	NaCl	1.008	G_PER_L	0.008;1.0	value is the sum of differing parts; which one the medium means needs the source recipe
DIFFERING_PARTS	data/normalized_yaml/bacterial/TOGO_M1878_MMB_medium.yaml	CultureMech:008452	Distilled water	953.0	G_PER_L	1.0;1.0;950.0;1.0	value is the sum of differing parts; which one the medium means needs the source recipe
DIFFERING_PARTS	data/normalized_yaml/bacterial/TOGO_M1878_MMB_medium.yaml	CultureMech:008452	FeSO4·7H2O	599.0	G_PER_L	99.0;500.0	value is the sum of differing parts; which one the medium means needs the source recipe
DIFFERING_PARTS	data/normalized_yaml/bacterial/TOGO_M1879_Thermus_medium.yaml	CultureMech:008453	NaCl	1.008	G_PER_L	0.008;1.0	value is the sum of differing parts; which one the medium means needs the source recipe
DIFFERING_PARTS	data/normalized_yaml/bacterial/TOGO_M1885_Thermus_medium.yaml	CultureMech:008459	NaCl	1.008	G_PER_L	0.008;1.0	value is the sum of differing parts; which one the medium means needs the source recipe
DIFFERING_PARTS	data/normalized_yaml/bacterial/TOGO_M1894_Thermotoga_hypogea_medium.yaml	CultureMech:008469	NaCl	11.0	G_PER_L	10.0;1.0	value is the sum of differing parts; which one the medium means needs the source recipe
DIFFERING_PARTS	data/normalized_yaml/bacterial/TOGO_M1925_Thermotoga_elfii_medium.yaml	CultureMech:008504	NaCl	11.0	G_PER_L	10.0;1.0	value is the sum of differing parts; which one the medium means needs the source recipe
DIFFERING_PARTS	data/normalized_yaml/bacterial/TOGO_M1927_Thiobacillus_plumbophilus_Medium.yaml	CultureMech:008506	MgSO4·7H2O	6.45	G_PER_L	3.45;3.0	value is the sum of differing parts; which one the medium means needs the source recipe
DIFFERING_PARTS	data/normalized_yaml/bacterial/TOGO_M1927_Thiobacillus_plumbophilus_Medium.yaml	CultureMech:008506	NaCl	1.5	G_PER_L	0.5;1.0	value is the sum of differing parts; which one the medium means needs the source recipe
DIFFERING_PARTS	data/normalized_yaml/bacterial/TOGO_M1927_Thiobacillus_plumbophilus_Medium.yaml	CultureMech:008506	NiCl2·6H2O	5.03	G_PER_L	5.0;0.03	value is the sum of differing parts; which one the medium means needs the source recipe
DIFFERING_PARTS	data/normalized_yaml/bacterial/TOGO_M1939_Petrotoga_Medium.yaml	CultureMech:008517	MgSO4·7H2O	13.2	G_PER_L	7.0;6.2	value is the sum of differing parts; which one the medium means needs the source recipe
DIFFERING_PARTS	data/normalized_yaml/bacterial/TOGO_M1939_Petrotoga_Medium.yaml	CultureMech:008517	NaCl	11.0	G_PER_L	10.0;1.0	value is the sum of differing parts; which one the medium means needs the source recipe
DIFFERING_PARTS	data/normalized_yaml/bacterial/TOGO_M1939_Petrotoga_Medium.yaml	CultureMech:008517	CaCl2·2H2O	0.27	G_PER_L	0.14;0.13	value is the sum of differing parts; which one the medium means needs the source recipe
DIFFERING_PARTS	data/normalized_yaml/bacterial/TOGO_M1948_BG11.yaml	CultureMech:008527	Distilled water	201.0	G_PER_L	1.0;100.0;100.0	value is the sum of differing parts; which one the medium means needs the source recipe
DIFFERING_PARTS	data/normalized_yaml/bacterial/TOGO_M1948_BG11.yaml	CultureMech:008527	Citric acid·H2O	6.3	G_PER_L	6.0;0.3	value is the sum of differing parts; which one the medium means needs the source recipe
DIFFERING_PARTS	data/normalized_yaml/bacterial/TOGO_M1964_Alkaliphilic_spirochaete_medium.yaml	CultureMech:008545	Distilled water	803.0	G_PER_L	800.0;1.0;1.0;1.0	value is the sum of differing parts; which one the medium means needs the source recipe
DIFFERING_PARTS	data/normalized_yaml/bacterial/TOGO_M1964_Alkaliphilic_spirochaete_medium.yaml	CultureMech:008545	NaCl	11.0	G_PER_L	10.0;1.0	value is the sum of differing parts; which one the medium means needs the source recipe
DIFFERING_PARTS	data/normalized_yaml/bacterial/TOGO_M1995_Thermoanaerobium_medium.yaml	CultureMech:008579	NaCl	1.9	G_PER_L	0.9;1.0	value is the sum of differing parts; which one the medium means needs the source recipe
DIFFERING_PARTS	data/normalized_yaml/bacterial/TOGO_M1996_KTM_medium.yaml	CultureMech:008580	NaCl	31.0	G_PER_L	30.0;1.0	value is the sum of differing parts; which one the medium means needs the source recipe
DIFFERING_PARTS	data/normalized_yaml/bacterial/TOGO_M1997_Petrotoga_medium.yaml	CultureMech:008581	NaCl	19.0	G_PER_L	18.0;1.0	value is the sum of differing parts; which one the medium means needs the source recipe
DIFFERING_PARTS	data/normalized_yaml/bacterial/TOGO_M2001_Thermosipho_africanus_medium.yaml	CultureMech:008588	NaCl	19.0	G_PER_L	18.0;1.0	value is the sum of differing parts; which one the medium means needs the source recipe
DIFFERING_PARTS	data/normalized_yaml/bacterial/TOGO_M202_M98-5.yaml	CultureMech:008618	Distilled water	530.0	G_PER_L	430.0;100.0	value is the sum of differing parts; which one the medium means needs the source recipe
DIFFERING_PARTS	data/normalized_yaml/bacterial/TOGO_M2031_GV-medium.yaml	CultureMech:008620	Distilled water	993.0	G_PER_L	1.0;990.0;1.0;1.0	value is the sum of differing parts; which one the medium means needs the source recipe
DIFFERING_PARTS	data/normalized_yaml/bacterial/TOGO_M2035_CM_YE_Medium.yaml	CultureMech:008624	Distilled water	101.0	G_PER_L	1.0;100.0	value is the sum of differing parts; which one the medium means needs the source recipe
DIFFERING_PARTS	data/normalized_yaml/bacterial/TOGO_M2038_Leptospirillum_HH_Medium.yaml	CultureMech:008627	Distilled water	951.0	G_PER_L	950.0;1.0	value is the sum of differing parts; which one the medium means needs the source recipe
DIFFERING_PARTS	data/normalized_yaml/bacterial/TOGO_M2122_Oceanotoga_Medium.yaml	CultureMech:008715	NaCl	31.0	G_PER_L	30.0;1.0	value is the sum of differing parts; which one the medium means needs the source recipe
DIFFERING_PARTS	data/normalized_yaml/bacterial/TOGO_M2122_Oceanotoga_Medium.yaml	CultureMech:008715	CaCl2·2H2O	0.25	G_PER_L	0.15;0.1	value is the sum of differing parts; which one the medium means needs the source recipe
DIFFERING_PARTS	data/normalized_yaml/bacterial/TOGO_M214_Thermoanaerobacter_Ethanolicus_Medium.yaml	CultureMech:008744	Distilled water	1461.0	G_PER_L	960.0;500.0;1.0	value is the sum of differing parts; which one the medium means needs the source recipe
DIFFERING_PARTS	data/normalized_yaml/bacterial/TOGO_M2173_Chloroflexus_Aggregans_Medium.yaml	CultureMech:008767	Distilled water	2350.0	G_PER_L	1050.0;100.0;1000.0;100.0;100.0	value is the sum of differing parts; which one the medium means needs the source recipe
DIFFERING_PARTS	data/normalized_yaml/bacterial/TOGO_M2184_Medium_For_Chlorate_Respirers.yaml	CultureMech:008778	Distilled water	4000.0	G_PER_L	1000.0;10.0;1000.0;990.0;1000.0	value is the sum of differing parts; which one the medium means needs the source recipe
DIFFERING_PARTS	data/normalized_yaml/bacterial/TOGO_M2186_CENS_medium.yaml	CultureMech:008780	Distilled water	1151.0	G_PER_L	1.0;250.0;900.0	value is the sum of differing parts; which one the medium means needs the source recipe
DIFFERING_PARTS	data/normalized_yaml/bacterial/TOGO_M2186_CENS_medium.yaml	CultureMech:008780	EDTA	9.5	G_PER_L	5.0;2.5;2.0	value is the sum of differing parts; which one the medium means needs the source recipe
DIFFERING_PARTS	data/normalized_yaml/bacterial/TOGO_M2228_Friis_medium.yaml	CultureMech:008816	Water	2900.0	G_PER_L	1400.0;500.0;500.0;500.0	value is the sum of differing parts; which one the medium means needs the source recipe
DIFFERING_PARTS	data/normalized_yaml/bacterial/TOGO_M2258_Pfennig_s_Medium_II_With_Salt.yaml	CultureMech:008844	Distilled water	2270.0	G_PER_L	460.0;135.0;450.0;25.0;100.0;1000.0;100.0	value is the sum of differing parts; which one the medium means needs the source recipe
DIFFERING_PARTS	data/normalized_yaml/bacterial/TOGO_M2258_Pfennig_s_Medium_II_With_Salt.yaml	CultureMech:008844	Na2S x 9 H2O	5.0	G_PER_L	2.0;3.0	value is the sum of differing parts; which one the medium means needs the source recipe
DIFFERING_PARTS	data/normalized_yaml/bacterial/TOGO_M2279_Singulisphaera_Medium.yaml	CultureMech:008864	Distilled water	2950.0	G_PER_L	1000.0;950.0;1000.0	value is the sum of differing parts; which one the medium means needs the source recipe
DIFFERING_PARTS	data/normalized_yaml/bacterial/TOGO_M2279_Singulisphaera_Medium.yaml	CultureMech:008864	FeSO4 x 7 H2O	599.0	G_PER_L	99.0;500.0	value is the sum of differing parts; which one the medium means needs the source recipe
DIFFERING_PARTS	data/normalized_yaml/bacterial/TOGO_M2280_Sulfurospirillum_Medium.yaml	CultureMech:008866	Distilled water	1942.0	G_PER_L	900.0;30.0;20.0;2.0;990.0	value is the sum of differing parts; which one the medium means needs the source recipe
DIFFERING_PARTS	data/normalized_yaml/bacterial/TOGO_M2281_Sulfurospirillum_Barnesii_Medium.yaml	CultureMech:008867	Distilled water	3990.0	G_PER_L	1000.0;990.0;1000.0;1000.0	value is the sum of differing parts; which one the medium means needs the source recipe
DIFFERING_PARTS	data/normalized_yaml/bacterial/TOGO_M2282_OS_Medium.yaml	CultureMech:008868	NaCl	257.0	G_PER_L	256.0;1.0	value is the sum of differing parts; which one the medium means needs the source recipe
DIFFERING_PARTS	data/normalized_yaml/bacterial/TOGO_M2282_OS_Medium.yaml	CultureMech:008868	CaCl2 x 2 H2O	0.9	G_PER_L	0.8;0.1	value is the sum of differing parts; which one the medium means needs the source recipe
DIFFERING_PARTS	data/normalized_yaml/bacterial/TOGO_M2282_OS_Medium.yaml	CultureMech:008868	H3BO3	10.31	G_PER_L	10.3;0.01	value is the sum of differing parts; which one the medium means needs the source recipe
DIFFERING_PARTS	data/normalized_yaml/bacterial/TOGO_M2283_Oceanithermus_Profundus_Medium.yaml	CultureMech:008869	NaCl	31.0	G_PER_L	30.0;1.0	value is the sum of differing parts; which one the medium means needs the source recipe
DIFFERING_PARTS	data/normalized_yaml/bacterial/TOGO_M2292_Mineral_Medium_Brunner.yaml	CultureMech:008878	Distilled water	2900.0	G_PER_L	1000.0;900.0;1000.0	value is the sum of differing parts; which one the medium means needs the source recipe
DIFFERING_PARTS	data/normalized_yaml/bacterial/TOGO_M2295_Marinithermus_Hydrothermalis_Medium.yaml	CultureMech:008881	Distilled water	1990.0	G_PER_L	990.0;1000.0	value is the sum of differing parts; which one the medium means needs the source recipe
DIFFERING_PARTS	data/normalized_yaml/bacterial/TOGO_M2295_Marinithermus_Hydrothermalis_Medium.yaml	CultureMech:008881	MgSO4 x 7 H2O	6.4	G_PER_L	3.4;3.0	value is the sum of differing parts; which one the medium means needs the source recipe
DIFFERING_PARTS	data/normalized_yaml/bacterial/TOGO_M2295_Marinithermus_Hydrothermalis_Medium.yaml	CultureMech:008881	NaCl	31.0	G_PER_L	30.0;1.0	value is the sum of differing parts; which one the medium means needs the source recipe
DIFFERING_PARTS	data/normalized_yaml/bacterial/TOGO_M2295_Marinithermus_Hydrothermalis_Medium.yaml	CultureMech:008881	NiCl2 x 6 H2O	0.53	G_PER_L	0.5;0.03	value is the sum of differing parts; which one the medium means needs the source recipe
DIFFERING_PARTS	data/normalized_yaml/bacterial/TOGO_M2297_Acidithiobacillus_ferrooxidans_Medium.yaml	CultureMech:008883	MgSO4 x 7 H2O	5.0	G_PER_L	2.0;3.0	value is the sum of differing parts; which one the medium means needs the source recipe
DIFFERING_PARTS	data/normalized_yaml/bacterial/TOGO_M2297_Acidithiobacillus_ferrooxidans_Medium.yaml	CultureMech:008883	DI Water	2000.0	G_PER_L	800.0;200.0;1000.0	value is the sum of differing parts; which one the medium means needs the source recipe
DIFFERING_PARTS	data/normalized_yaml/bacterial/TOGO_M2297_Acidithiobacillus_ferrooxidans_Medium.yaml	CultureMech:008883	FeSO4 x 7 H2O	20.1	G_PER_L	20.0;0.1	value is the sum of differing parts; which one the medium means needs the source recipe
DIFFERING_PARTS	data/normalized_yaml/bacterial/TOGO_M229_Thermotoga_Medium.yaml	CultureMech:008885	Distilled water	751.0	G_PER_L	750.0;1.0	value is the sum of differing parts; which one the medium means needs the source recipe
DIFFERING_PARTS	data/normalized_yaml/bacterial/TOGO_M229_Thermotoga_Medium.yaml	CultureMech:008885	NaCl	47.7	G_PER_L	20.0;27.7	value is the sum of differing parts; which one the medium means needs the source recipe
DIFFERING_PARTS	data/normalized_yaml/bacterial/TOGO_M2300_VY_4-SWS_Agar.yaml	CultureMech:008887	Distilled water	2900.0	G_PER_L	1000.0;900.0;1000.0	value is the sum of differing parts; which one the medium means needs the source recipe
DIFFERING_PARTS	data/normalized_yaml/bacterial/TOGO_M2300_VY_4-SWS_Agar.yaml	CultureMech:008887	H3BO3	0.32	G_PER_L	0.02;0.3	value is the sum of differing parts; which one the medium means needs the source recipe
DIFFERING_PARTS	data/normalized_yaml/bacterial/TOGO_M2312_Castenholz_TYE_medium.yaml	CultureMech:008899	DI Water	3500.0	G_PER_L	400.0;1000.0;1000.0;100.0;1000.0	value is the sum of differing parts; which one the medium means needs the source recipe
DIFFERING_PARTS	data/normalized_yaml/bacterial/TOGO_M2322_Natronobacteria_Medium.yaml	CultureMech:008910	Distilled water	1990.0	G_PER_L	1000.0;990.0	value is the sum of differing parts; which one the medium means needs the source recipe
DIFFERING_PARTS	data/normalized_yaml/bacterial/TOGO_M2333_Thermus_162_Medium.yaml	CultureMech:008920	Distilled water	2900.0	G_PER_L	900.0;1000.0;1000.0	value is the sum of differing parts; which one the medium means needs the source recipe
DIFFERING_PARTS	data/normalized_yaml/bacterial/TOGO_M2338_Thermus_162_Medium.yaml	CultureMech:008925	Distilled water	2900.0	G_PER_L	900.0;1000.0;1000.0	value is the sum of differing parts; which one the medium means needs the source recipe
DIFFERING_PARTS	data/normalized_yaml/bacterial/TOGO_M2346_M14_Pirellula_Marina_Medium.yaml	CultureMech:008932	Distilled water	4630.0	G_PER_L	680.0;1000.0;1000.0;950.0;1000.0	value is the sum of differing parts; which one the medium means needs the source recipe
DIFFERING_PARTS	data/normalized_yaml/bacterial/TOGO_M2346_M14_Pirellula_Marina_Medium.yaml	CultureMech:008932	FeSO4 x 7 H2O	599.0	G_PER_L	99.0;500.0	value is the sum of differing parts; which one the medium means needs the source recipe
DIFFERING_PARTS	data/normalized_yaml/bacterial/TOGO_M2349_Mixotrophic_Nitrobacter_Medium.yaml	CultureMech:008933	Distilled water	2899.0	G_PER_L	899.0;1000.0;1000.0	value is the sum of differing parts; which one the medium means needs the source recipe
DIFFERING_PARTS	data/normalized_yaml/bacterial/TOGO_M2350_10_Mixotrophic_Nitrobacter_Medium.yaml	CultureMech:008935	Distilled water	2899.0	G_PER_L	899.0;1000.0;1000.0	value is the sum of differing parts; which one the medium means needs the source recipe
DIFFERING_PARTS	data/normalized_yaml/bacterial/TOGO_M2351_Autotrophic_Nitrobacter_Medium.yaml	CultureMech:008936	Distilled water	2899.0	G_PER_L	899.0;1000.0;1000.0	value is the sum of differing parts; which one the medium means needs the source recipe
DIFFERING_PARTS	data/normalized_yaml/bacterial/TOGO_M2353_Rhizobium_Medium.yaml	CultureMech:008938	Distilled water	1000.0	G_PER_L	800.0;200.0	value is the sum of differing parts; which one the medium means needs the source recipe
DIFFERING_PARTS	data/normalized_yaml/bacterial/TOGO_M2364_Sulfurimonas_MJ_Medium.yaml	CultureMech:008949	MgSO4 x 7 H2O	6.4	G_PER_L	3.4;3.0	value is the sum of differing parts; which one the medium means needs the source recipe
DIFFERING_PARTS	data/normalized_yaml/bacterial/TOGO_M2364_Sulfurimonas_MJ_Medium.yaml	CultureMech:008949	NaCl	31.0	G_PER_L	30.0;1.0	value is the sum of differing parts; which one the medium means needs the source recipe
DIFFERING_PARTS	data/normalized_yaml/bacterial/TOGO_M2391_Alicyclobacillus_Medium.yaml	CultureMech:008974	Distilled water	1500.0	G_PER_L	500.0;1000.0	value is the sum of differing parts; which one the medium means needs the source recipe
DIFFERING_PARTS	data/normalized_yaml/bacterial/TOGO_M2420_Alkaline_Nutrient_Agar.yaml	CultureMech:009003	Distilled water	1100.0	G_PER_L	1000.0;100.0	value is the sum of differing parts; which one the medium means needs the source recipe
DIFFERING_PARTS	data/normalized_yaml/bacterial/TOGO_M2443_Thauera_Aromatica_Medium.yaml	CultureMech:009022	Distilled water	2990.0	G_PER_L	500.0;500.0;990.0;1000.0	value is the sum of differing parts; which one the medium means needs the source recipe
DIFFERING_PARTS	data/normalized_yaml/bacterial/TOGO_M2467_HI_Plus_Medium_w_YE_3.yaml	CultureMech:009044	DI Water	1700.0	G_PER_L	700.0;1000.0	value is the sum of differing parts; which one the medium means needs the source recipe
DIFFERING_PARTS	data/normalized_yaml/bacterial/TOGO_M2474_Medium_Modified_For_Dechloromonas_SPP..yaml	CultureMech:009050	Distilled water	4010.0	G_PER_L	900.0;50.0;50.0;990.0;1000.0;1000.0;20.0	value is the sum of differing parts; which one the medium means needs the source recipe
DIFFERING_PARTS	data/normalized_yaml/bacterial/TOGO_M2475_Clostridium_GV_Medium.yaml	CultureMech:009051	Distilled water	3990.0	G_PER_L	1000.0;990.0;1000.0;1000.0	value is the sum of differing parts; which one the medium means needs the source recipe
DIFFERING_PARTS	data/normalized_yaml/bacterial/TOGO_M2477_Pfennig_s_Medium_II_With_Salt.yaml	CultureMech:009053	Distilled water	2270.0	G_PER_L	460.0;135.0;450.0;25.0;100.0;1000.0;100.0	value is the sum of differing parts; which one the medium means needs the source recipe
DIFFERING_PARTS	data/normalized_yaml/bacterial/TOGO_M2477_Pfennig_s_Medium_II_With_Salt.yaml	CultureMech:009053	Na2S x 9 H2O	5.0	G_PER_L	2.0;3.0	value is the sum of differing parts; which one the medium means needs the source recipe
DIFFERING_PARTS	data/normalized_yaml/bacterial/TOGO_M2526_Desulfofarcimen_Medium.yaml	CultureMech:009096	Distilled water	3990.0	G_PER_L	1000.0;990.0;1000.0;1000.0	value is the sum of differing parts; which one the medium means needs the source recipe
DIFFERING_PARTS	data/normalized_yaml/bacterial/TOGO_M2527_Syntrophothermus_Medium.yaml	CultureMech:009097	Distilled water	3009.0	G_PER_L	1000.0;1000.0;9.0;1000.0	value is the sum of differing parts; which one the medium means needs the source recipe
DIFFERING_PARTS	data/normalized_yaml/bacterial/TOGO_M2527_Syntrophothermus_Medium.yaml	CultureMech:009097	CaCl2 x 2 H2O	0.25	G_PER_L	0.15;0.1	value is the sum of differing parts; which one the medium means needs the source recipe
DIFFERING_PARTS	data/normalized_yaml/bacterial/TOGO_M2530_Desulfovibrio_Postgate_Medium.yaml	CultureMech:009100	Distilled water	1000.0	G_PER_L	980.0;10.0;10.0	value is the sum of differing parts; which one the medium means needs the source recipe
DIFFERING_PARTS	data/normalized_yaml/bacterial/TOGO_M2531_Desulfosporosinus_Acidophilus_Medium.yaml	CultureMech:009101	Distilled water	3990.0	G_PER_L	1000.0;990.0;1000.0;1000.0	value is the sum of differing parts; which one the medium means needs the source recipe
DIFFERING_PARTS	data/normalized_yaml/bacterial/TOGO_M2532_Gottschalkia_Medium.yaml	CultureMech:009102	Distilled water	2990.0	G_PER_L	1000.0;990.0;1000.0	value is the sum of differing parts; which one the medium means needs the source recipe
DIFFERING_PARTS	data/normalized_yaml/bacterial/TOGO_M2534_Chopped_Meat_Medium_With_Carbohydrates.yaml	CultureMech:009104	Distilled water	1099.0	G_PER_L	1000.0;99.0	value is the sum of differing parts; which one the medium means needs the source recipe
DIFFERING_PARTS	data/normalized_yaml/bacterial/TOGO_M2535_Chopped_Meat_Medium_With_Carbohydrates.yaml	CultureMech:009105	Distilled water	1198.0	G_PER_L	1000.0;99.0;99.0	value is the sum of differing parts; which one the medium means needs the source recipe
DIFFERING_PARTS	data/normalized_yaml/bacterial/TOGO_M2536_Chopped_Meat_Medium_With_Carbohydrates.yaml	CultureMech:009106	Distilled water	1099.0	G_PER_L	1000.0;99.0	value is the sum of differing parts; which one the medium means needs the source recipe
DIFFERING_PARTS	data/normalized_yaml/bacterial/TOGO_M2537_Chopped_Meat_Medium_With_Carbohydrates.yaml	CultureMech:009107	Distilled water	1198.0	G_PER_L	1000.0;99.0;99.0	value is the sum of differing parts; which one the medium means needs the source recipe
DIFFERING_PARTS	data/normalized_yaml/bacterial/TOGO_M2539_Natranaerobius_Medium.yaml	CultureMech:009108	Distilled water	2990.0	G_PER_L	1000.0;990.0;1000.0	value is the sum of differing parts; which one the medium means needs the source recipe
DIFFERING_PARTS	data/normalized_yaml/bacterial/TOGO_M2543_Sediminispirochaeta_Smaragdinae_Medium.yaml	CultureMech:009112	NaCl	51.0	G_PER_L	50.0;1.0	value is the sum of differing parts; which one the medium means needs the source recipe
DIFFERING_PARTS	data/normalized_yaml/bacterial/TOGO_M2548_Sediminispirochaeta_Smaragdinae_Medium.yaml	CultureMech:009117	NaCl	51.0	G_PER_L	50.0;1.0	value is the sum of differing parts; which one the medium means needs the source recipe
DIFFERING_PARTS	data/normalized_yaml/bacterial/TOGO_M2549_Aminomonas_Medium.yaml	CultureMech:009118	Distilled water	3990.0	G_PER_L	1000.0;990.0;1000.0;1000.0	value is the sum of differing parts; which one the medium means needs the source recipe
DIFFERING_PARTS	data/normalized_yaml/bacterial/TOGO_M2550_Desulfohalobium_Medium.yaml	CultureMech:009120	Distilled water	2990.0	G_PER_L	1000.0;990.0;1000.0	value is the sum of differing parts; which one the medium means needs the source recipe
DIFFERING_PARTS	data/normalized_yaml/bacterial/TOGO_M2551_Denitrovibrio_Medium.yaml	CultureMech:009121	Distilled water	2990.0	G_PER_L	1000.0;990.0;1000.0	value is the sum of differing parts; which one the medium means needs the source recipe
DIFFERING_PARTS	data/normalized_yaml/bacterial/TOGO_M2565_Opitutus_Medium.yaml	CultureMech:009134	Distilled water	3990.0	G_PER_L	1000.0;990.0;1000.0;1000.0	value is the sum of differing parts; which one the medium means needs the source recipe
DIFFERING_PARTS	data/normalized_yaml/bacterial/TOGO_M2567_YPS_medium.yaml	CultureMech:009135	NaCl	24.4	G_PER_L	23.4;1.0	value is the sum of differing parts; which one the medium means needs the source recipe
DIFFERING_PARTS	data/normalized_yaml/bacterial/TOGO_M2567_YPS_medium.yaml	CultureMech:009135	H3BO3	0.035	G_PER_L	0.025;0.01	value is the sum of differing parts; which one the medium means needs the source recipe
DIFFERING_PARTS	data/normalized_yaml/bacterial/TOGO_M2569_Dictyoglomus_medium.yaml	CultureMech:009137	Distilled water	981.0	G_PER_L	980.0;1.0	value is the sum of differing parts; which one the medium means needs the source recipe
DIFFERING_PARTS	data/normalized_yaml/bacterial/TOGO_M2576_Modified_chopped_meat_medium.yaml	CultureMech:009145	1N NaOH	26.0	G_PER_L	25.0;1.0	value is the sum of differing parts; which one the medium means needs the source recipe
DIFFERING_PARTS	data/normalized_yaml/bacterial/TOGO_M2576_Modified_chopped_meat_medium.yaml	CultureMech:009145	Distilled water	101.0	G_PER_L	1.0;100.0	value is the sum of differing parts; which one the medium means needs the source recipe
DIFFERING_PARTS	data/normalized_yaml/bacterial/TOGO_M2577_Modified_NOS_Medium.yaml	CultureMech:009146	DI Water	102.4	G_PER_L	94.0;8.4	value is the sum of differing parts; which one the medium means needs the source recipe
DIFFERING_PARTS	data/normalized_yaml/bacterial/TOGO_M2585_PYG_Medium_modified.yaml	CultureMech:009153	Distilled water	2050.0	G_PER_L	950.0;1000.0;100.0	value is the sum of differing parts; which one the medium means needs the source recipe
DIFFERING_PARTS	data/normalized_yaml/bacterial/TOGO_M2585_PYG_Medium_modified.yaml	CultureMech:009153	K2HPO4	3.0	G_PER_L	2.0;1.0	value is the sum of differing parts; which one the medium means needs the source recipe
DIFFERING_PARTS	data/normalized_yaml/bacterial/TOGO_M2587_Desulfurobacterium_Medium.yaml	CultureMech:009155	Distilled water	5990.0	G_PER_L	1000.0;1000.0;990.0;1000.0;1000.0;1000.0	value is the sum of differing parts; which one the medium means needs the source recipe
DIFFERING_PARTS	data/normalized_yaml/bacterial/TOGO_M2591_Flexibacter_Canadensis_Medium.yaml	CultureMech:009158	Distilled water	1990.0	G_PER_L	1000.0;990.0	value is the sum of differing parts; which one the medium means needs the source recipe
DIFFERING_PARTS	data/normalized_yaml/bacterial/TOGO_M2594_Caldithrix_Medium.yaml	CultureMech:009161	Distilled water	3500.0	G_PER_L	500.0;1000.0;1000.0;1000.0	value is the sum of differing parts; which one the medium means needs the source recipe
DIFFERING_PARTS	data/normalized_yaml/bacterial/TOGO_M2594_Caldithrix_Medium.yaml	CultureMech:009161	MgSO4 x 7 H2O	17.0	G_PER_L	3.0;14.0	value is the sum of differing parts; which one the medium means needs the source recipe
DIFFERING_PARTS	data/normalized_yaml/bacterial/TOGO_M2594_Caldithrix_Medium.yaml	CultureMech:009161	NaCl	56.4	G_PER_L	1.0;55.4	value is the sum of differing parts; which one the medium means needs the source recipe
DIFFERING_PARTS	data/normalized_yaml/bacterial/TOGO_M2594_Caldithrix_Medium.yaml	CultureMech:009161	CaCl2 x 2 H2O	1.6	G_PER_L	0.1;1.5	value is the sum of differing parts; which one the medium means needs the source recipe
DIFFERING_PARTS	data/normalized_yaml/bacterial/TOGO_M2595_Pfennig_s_Medium_II.yaml	CultureMech:009162	Distilled water	2270.0	G_PER_L	460.0;135.0;450.0;25.0;100.0;1000.0;100.0	value is the sum of differing parts; which one the medium means needs the source recipe
DIFFERING_PARTS	data/normalized_yaml/bacterial/TOGO_M2595_Pfennig_s_Medium_II.yaml	CultureMech:009162	Na2S x 9 H2O	5.0	G_PER_L	2.0;3.0	value is the sum of differing parts; which one the medium means needs the source recipe
DIFFERING_PARTS	data/normalized_yaml/bacterial/TOGO_M2597_Desulfurispirillum_Indicum_Medium.yaml	CultureMech:009164	Distilled water	4990.0	G_PER_L	1000.0;990.0;1000.0;1000.0;1000.0	value is the sum of differing parts; which one the medium means needs the source recipe
DIFFERING_PARTS	data/normalized_yaml/bacterial/TOGO_M2597_Desulfurispirillum_Indicum_Medium.yaml	CultureMech:009164	p-Aminobenzoic acid	130.0	G_PER_L	50.0;80.0	value is the sum of differing parts; which one the medium means needs the source recipe
DIFFERING_PARTS	data/normalized_yaml/bacterial/TOGO_M2597_Desulfurispirillum_Indicum_Medium.yaml	CultureMech:009164	Pyridoxine hydrochloride	400.0	G_PER_L	100.0;300.0	value is the sum of differing parts; which one the medium means needs the source recipe
DIFFERING_PARTS	data/normalized_yaml/bacterial/TOGO_M2597_Desulfurispirillum_Indicum_Medium.yaml	CultureMech:009164	Vitamin B12	101.0	G_PER_L	1.0;100.0	value is the sum of differing parts; which one the medium means needs the source recipe
DIFFERING_PARTS	data/normalized_yaml/bacterial/TOGO_M2597_Desulfurispirillum_Indicum_Medium.yaml	CultureMech:009164	Nicotinic acid	250.0	G_PER_L	50.0;200.0	value is the sum of differing parts; which one the medium means needs the source recipe
DIFFERING_PARTS	data/normalized_yaml/bacterial/TOGO_M2602_Deferribacter_Desulfuricans_Medium.yaml	CultureMech:009171	NaCl	26.0	G_PER_L	25.0;1.0	value is the sum of differing parts; which one the medium means needs the source recipe
DIFFERING_PARTS	data/normalized_yaml/bacterial/TOGO_M2609_Carboxydothermus_Medium.yaml	CultureMech:009176	Distilled water	3100.0	G_PER_L	1000.0;1000.0;1000.0;100.0	value is the sum of differing parts; which one the medium means needs the source recipe
DIFFERING_PARTS	data/normalized_yaml/bacterial/TOGO_M260_MJ_YPGS_Medium.yaml	CultureMech:009177	Distilled water	901.0	G_PER_L	900.0;1.0	value is the sum of differing parts; which one the medium means needs the source recipe
DIFFERING_PARTS	data/normalized_yaml/bacterial/TOGO_M2610_Carboxydothermus_Medium_Heterotroph.yaml	CultureMech:009178	p-Aminobenzoic acid	130.0	G_PER_L	80.0;50.0	value is the sum of differing parts; which one the medium means needs the source recipe
DIFFERING_PARTS	data/normalized_yaml/bacterial/TOGO_M2610_Carboxydothermus_Medium_Heterotroph.yaml	CultureMech:009178	Pyridoxine hydrochloride	400.0	G_PER_L	300.0;100.0	value is the sum of differing parts; which one the medium means needs the source recipe
DIFFERING_PARTS	data/normalized_yaml/bacterial/TOGO_M2610_Carboxydothermus_Medium_Heterotroph.yaml	CultureMech:009178	Vitamin B12	101.0	G_PER_L	100.0;1.0	value is the sum of differing parts; which one the medium means needs the source recipe
DIFFERING_PARTS	data/normalized_yaml/bacterial/TOGO_M2610_Carboxydothermus_Medium_Heterotroph.yaml	CultureMech:009178	Nicotinic acid	250.0	G_PER_L	200.0;50.0	value is the sum of differing parts; which one the medium means needs the source recipe
DIFFERING_PARTS	data/normalized_yaml/bacterial/TOGO_M2615_Desulfovibrio_Postgate_Medium.yaml	CultureMech:009182	Distilled water	1000.0	G_PER_L	980.0;10.0;10.0	value is the sum of differing parts; which one the medium means needs the source recipe
DIFFERING_PARTS	data/normalized_yaml/bacterial/TOGO_M2625_Petrotoga_Medium.yaml	CultureMech:009190	MgSO4 x 7 H2O	6.45	G_PER_L	3.45;3.0	value is the sum of differing parts; which one the medium means needs the source recipe
DIFFERING_PARTS	data/normalized_yaml/bacterial/TOGO_M2625_Petrotoga_Medium.yaml	CultureMech:009190	NaCl	19.0	G_PER_L	18.0;1.0	value is the sum of differing parts; which one the medium means needs the source recipe
DIFFERING_PARTS	data/normalized_yaml/bacterial/TOGO_M266_TM_Broth_Medium.yaml	CultureMech:009225	NaCl	1.08	G_PER_L	1.0;0.08	value is the sum of differing parts; which one the medium means needs the source recipe
DIFFERING_PARTS	data/normalized_yaml/bacterial/TOGO_M268_Modified_CM_YE_Medium_B.yaml	CultureMech:009242	Distilled water	101.0	G_PER_L	1.0;100.0	value is the sum of differing parts; which one the medium means needs the source recipe
DIFFERING_PARTS	data/normalized_yaml/bacterial/TOGO_M2692_Alkaline_xylan_medium.yaml	CultureMech:009244	Distilled water	51.0	G_PER_L	1.0;50.0	value is the sum of differing parts; which one the medium means needs the source recipe
DIFFERING_PARTS	data/normalized_yaml/bacterial/TOGO_M2695_Synthrophomonas_Medium_Sulfate_Free.yaml	CultureMech:009247	Distilled water	2900.0	G_PER_L	850.0;990.0;30.0;1000.0;10.0;10.0;10.0	value is the sum of differing parts; which one the medium means needs the source recipe
DIFFERING_PARTS	data/normalized_yaml/bacterial/TOGO_M2703_Clostridium_Kluyveri_Medium.yaml	CultureMech:009256	Distilled water	3990.0	G_PER_L	1000.0;990.0;1000.0;1000.0	value is the sum of differing parts; which one the medium means needs the source recipe
DIFFERING_PARTS	data/normalized_yaml/bacterial/TOGO_M2708_PYE_Medium.yaml	CultureMech:009259	Distilled water	252.0	G_PER_L	1.0;250.0;1.0	value is the sum of differing parts; which one the medium means needs the source recipe
DIFFERING_PARTS	data/normalized_yaml/bacterial/TOGO_M2708_PYE_Medium.yaml	CultureMech:009259	EDTA	3.5	G_PER_L	2.5;1.0	value is the sum of differing parts; which one the medium means needs the source recipe
DIFFERING_PARTS	data/normalized_yaml/bacterial/TOGO_M2709_Thermobacteroides_Proteolyticus_Medium.yaml	CultureMech:009260	CaCl2 x 2 H2O	0.5	G_PER_L	0.4;0.1	value is the sum of differing parts; which one the medium means needs the source recipe
DIFFERING_PARTS	data/normalized_yaml/bacterial/TOGO_M2714_Ammonifex_Degensii_Medium.yaml	CultureMech:009265	MgSO4 x 7 H2O	3.09	G_PER_L	0.09;3.0	value is the sum of differing parts; which one the medium means needs the source recipe
DIFFERING_PARTS	data/normalized_yaml/bacterial/TOGO_M2714_Ammonifex_Degensii_Medium.yaml	CultureMech:009265	CaCl2 x 2 H2O	0.16	G_PER_L	0.06;0.1	value is the sum of differing parts; which one the medium means needs the source recipe
DIFFERING_PARTS	data/normalized_yaml/bacterial/TOGO_M2718_Thermotoga_Elfii_Medium.yaml	CultureMech:009269	NaCl	11.0	G_PER_L	10.0;1.0	value is the sum of differing parts; which one the medium means needs the source recipe
DIFFERING_PARTS	data/normalized_yaml/bacterial/TOGO_M2719_Acetohalobium_Medium.yaml	CultureMech:009270	NaCl	151.0	G_PER_L	150.0;1.0	value is the sum of differing parts; which one the medium means needs the source recipe
DIFFERING_PARTS	data/normalized_yaml/bacterial/TOGO_M2720_Acetohalobium_medium.yaml	CultureMech:009271	NaCl	151.0	G_PER_L	150.0;1.0	value is the sum of differing parts; which one the medium means needs the source recipe
DIFFERING_PARTS	data/normalized_yaml/bacterial/TOGO_M2726_Clostridium_medium.yaml	CultureMech:009276	Distilled water	1077.0	G_PER_L	600.0;376.0;1.0;100.0	value is the sum of differing parts; which one the medium means needs the source recipe
DIFFERING_PARTS	data/normalized_yaml/bacterial/TOGO_M2728_Thermoanaerobacter_BA_Medium.yaml	CultureMech:009278	NaCl	1.1	G_PER_L	0.1;1.0	value is the sum of differing parts; which one the medium means needs the source recipe
DIFFERING_PARTS	data/normalized_yaml/bacterial/TOGO_M2729_Thermoanaerobacter_Brockii_Medium.yaml	CultureMech:009279	NaCl	1.9	G_PER_L	0.9;1.0	value is the sum of differing parts; which one the medium means needs the source recipe
DIFFERING_PARTS	data/normalized_yaml/bacterial/TOGO_M2730_Thermoanaerobacter_BA_Medium.yaml	CultureMech:009281	NaCl	1.1	G_PER_L	0.1;1.0	value is the sum of differing parts; which one the medium means needs the source recipe
DIFFERING_PARTS	data/normalized_yaml/bacterial/TOGO_M2731_Thermoanaerobacter_Brockii_Medium.yaml	CultureMech:009282	NaCl	1.9	G_PER_L	0.9;1.0	value is the sum of differing parts; which one the medium means needs the source recipe
DIFFERING_PARTS	data/normalized_yaml/bacterial/TOGO_M2732_Syntrophobotulus_Medium.yaml	CultureMech:009283	Distilled water	2990.0	G_PER_L	1000.0;990.0;1000.0	value is the sum of differing parts; which one the medium means needs the source recipe
DIFFERING_PARTS	data/normalized_yaml/bacterial/TOGO_M2733_Ruminoclostridium_Cellulolyticum_CM3_Medium.yaml	CultureMech:009284	Distilled water	1990.0	G_PER_L	1000.0;990.0	value is the sum of differing parts; which one the medium means needs the source recipe
DIFFERING_PARTS	data/normalized_yaml/bacterial/TOGO_M2734_Thermodesulfobium_Medium.yaml	CultureMech:009285	NaCl	1.2	G_PER_L	0.2;1.0	value is the sum of differing parts; which one the medium means needs the source recipe
DIFFERING_PARTS	data/normalized_yaml/bacterial/TOGO_M2734_Thermodesulfobium_Medium.yaml	CultureMech:009285	CaCl2 x 2 H2O	0.13	G_PER_L	0.03;0.1	value is the sum of differing parts; which one the medium means needs the source recipe
DIFFERING_PARTS	data/normalized_yaml/bacterial/TOGO_M2736_Acetobacterium_Medium.yaml	CultureMech:009287	MgSO4 x 7 H2O	3.1	G_PER_L	0.1;3.0	value is the sum of differing parts; which one the medium means needs the source recipe
DIFFERING_PARTS	data/normalized_yaml/bacterial/TOGO_M2744_Chopped_Meat_Medium_With_Carbohydrates.yaml	CultureMech:009295	Distilled water	1100.0	G_PER_L	1000.0;100.0	value is the sum of differing parts; which one the medium means needs the source recipe
DIFFERING_PARTS	data/normalized_yaml/bacterial/TOGO_M2745_Dehalobacter_Restrictus_Medium_TCE.yaml	CultureMech:009296	Distilled water	3980.0	G_PER_L	860.0;100.0;10.0;1000.0;10.0;1000.0;1000.0	value is the sum of differing parts; which one the medium means needs the source recipe
DIFFERING_PARTS	data/normalized_yaml/bacterial/TOGO_M2745_Dehalobacter_Restrictus_Medium_TCE.yaml	CultureMech:009296	p-Aminobenzoic acid	85.0	G_PER_L	5.0;80.0	value is the sum of differing parts; which one the medium means needs the source recipe
DIFFERING_PARTS	data/normalized_yaml/bacterial/TOGO_M2745_Dehalobacter_Restrictus_Medium_TCE.yaml	CultureMech:009296	Vitamin B12	100.1	G_PER_L	0.1;100.0	value is the sum of differing parts; which one the medium means needs the source recipe
DIFFERING_PARTS	data/normalized_yaml/bacterial/TOGO_M2745_Dehalobacter_Restrictus_Medium_TCE.yaml	CultureMech:009296	Nicotinic acid	205.0	G_PER_L	5.0;200.0	value is the sum of differing parts; which one the medium means needs the source recipe
DIFFERING_PARTS	data/normalized_yaml/bacterial/TOGO_M2747_Thermoanaerobacter_Kivui_Medium.yaml	CultureMech:009298	MgSO4 x 7 H2O	3.09	G_PER_L	0.09;3.0	value is the sum of differing parts; which one the medium means needs the source recipe
DIFFERING_PARTS	data/normalized_yaml/bacterial/TOGO_M2747_Thermoanaerobacter_Kivui_Medium.yaml	CultureMech:009298	NaCl	1.45	G_PER_L	0.45;1.0	value is the sum of differing parts; which one the medium means needs the source recipe
DIFFERING_PARTS	data/normalized_yaml/bacterial/TOGO_M2749_Acetobacterium_medium.yaml	CultureMech:009299	MgSO4 . 7H2O	3.1	G_PER_L	0.1;3.0	value is the sum of differing parts; which one the medium means needs the source recipe
DIFFERING_PARTS	data/normalized_yaml/bacterial/TOGO_M2755_Pseudoclostridium_Medium.yaml	CultureMech:009306	Distilled water	2990.0	G_PER_L	1000.0;990.0;1000.0	value is the sum of differing parts; which one the medium means needs the source recipe
DIFFERING_PARTS	data/normalized_yaml/bacterial/TOGO_M2756_Thermoclostridium_A-GÖ_Medium.yaml	CultureMech:009307	Distilled water	2990.0	G_PER_L	1000.0;990.0;1000.0	value is the sum of differing parts; which one the medium means needs the source recipe
DIFFERING_PARTS	data/normalized_yaml/bacterial/TOGO_M2756_Thermoclostridium_A-GÖ_Medium.yaml	CultureMech:009307	CoCl2 x 6 H2O	202.0	G_PER_L	12.0;190.0	value is the sum of differing parts; which one the medium means needs the source recipe
DIFFERING_PARTS	data/normalized_yaml/bacterial/TOGO_M2764_BHI_w_heat-inactivated_Fetal_Bovine_Serum_and_Glucose.yaml	CultureMech:009312	DI Water	900.0	G_PER_L	850.0;50.0	value is the sum of differing parts; which one the medium means needs the source recipe
DIFFERING_PARTS	data/normalized_yaml/bacterial/TOGO_M2765_Treponema_Succinifaciens_Medium.yaml	CultureMech:009313	Distilled water	680.0	G_PER_L	600.0;50.0;30.0	value is the sum of differing parts; which one the medium means needs the source recipe
DIFFERING_PARTS	data/normalized_yaml/bacterial/TOGO_M2768_Spirochaeta_RI_19.B1_Medium.yaml	CultureMech:009315	Distilled water	3980.0	G_PER_L	950.0;20.0;10.0;10.0;1000.0;990.0;1000.0	value is the sum of differing parts; which one the medium means needs the source recipe
DIFFERING_PARTS	data/normalized_yaml/bacterial/TOGO_M2769_Alkaliphilic_Spirochaete_Medium.yaml	CultureMech:009316	NaCl	11.0	G_PER_L	10.0;1.0	value is the sum of differing parts; which one the medium means needs the source recipe
DIFFERING_PARTS	data/normalized_yaml/bacterial/TOGO_M2780_YPS_medium.yaml	CultureMech:009329	NaCl	24.4	G_PER_L	23.4;1.0	value is the sum of differing parts; which one the medium means needs the source recipe
DIFFERING_PARTS	data/normalized_yaml/bacterial/TOGO_M2780_YPS_medium.yaml	CultureMech:009329	H3BO3	0.035	G_PER_L	0.025;0.01	value is the sum of differing parts; which one the medium means needs the source recipe
DIFFERING_PARTS	data/normalized_yaml/bacterial/TOGO_M278_SI_Medium.yaml	CultureMech:009337	Distilled water	1003.0	G_PER_L	900.0;100.0;1.0;1.0;1.0	value is the sum of differing parts; which one the medium means needs the source recipe
DIFFERING_PARTS	data/normalized_yaml/bacterial/TOGO_M278_SI_Medium.yaml	CultureMech:009337	CaCl2・2H2O	0.25	G_PER_L	0.15;0.1	value is the sum of differing parts; which one the medium means needs the source recipe
DIFFERING_PARTS	data/normalized_yaml/bacterial/TOGO_M283_Modified_MB.yaml	CultureMech:009381	NaCl	3.0	G_PER_L	2.0;1.0	value is the sum of differing parts; which one the medium means needs the source recipe
DIFFERING_PARTS	data/normalized_yaml/bacterial/TOGO_M286_Lactobacillus_Pontis_Medium.yaml	CultureMech:009403	Distilled water	197.0	G_PER_L	1.0;100.0;96.0	value is the sum of differing parts; which one the medium means needs the source recipe
DIFFERING_PARTS	data/normalized_yaml/bacterial/TOGO_M290_EGGC_Medium.yaml	CultureMech:009446	Distilled water	302.0	G_PER_L	1.0;1.0;300.0	value is the sum of differing parts; which one the medium means needs the source recipe
DIFFERING_PARTS	data/normalized_yaml/bacterial/TOGO_M296_Thermodesulfobacterium_Hydrogenophilum_Medium.yaml	CultureMech:009492	Distilled water	102.0	G_PER_L	1.0;1.0;100.0	value is the sum of differing parts; which one the medium means needs the source recipe
DIFFERING_PARTS	data/normalized_yaml/bacterial/TOGO_M298_PE_Medium.yaml	CultureMech:009509	Distilled water	603.0	G_PER_L	1.0;1.0;1.0;100.0;500.0	value is the sum of differing parts; which one the medium means needs the source recipe
DIFFERING_PARTS	data/normalized_yaml/bacterial/TOGO_M298_PE_Medium.yaml	CultureMech:009509	EDTA・3Na	224.72	G_PER_L	4.12;200.0;20.6	value is the sum of differing parts; which one the medium means needs the source recipe
DIFFERING_PARTS	data/normalized_yaml/bacterial/TOGO_M3002_Geobacter_NBAF_Medium.yaml	CultureMech:009520	Distilled water	901.0	G_PER_L	900.0;1.0	value is the sum of differing parts; which one the medium means needs the source recipe
DIFFERING_PARTS	data/normalized_yaml/bacterial/TOGO_M3030_Ectothiorhodospira_Abdelmalekii_Medium.yaml	CultureMech:009542	Distilled water	1100.0	G_PER_L	1000.0;100.0	value is the sum of differing parts; which one the medium means needs the source recipe
DIFFERING_PARTS	data/normalized_yaml/bacterial/TOGO_M3030_Ectothiorhodospira_Abdelmalekii_Medium.yaml	CultureMech:009542	Na2S·9H2O	10.5	G_PER_L	0.5;10.0	value is the sum of differing parts; which one the medium means needs the source recipe
DIFFERING_PARTS	data/normalized_yaml/bacterial/TOGO_M3032_Chloroflexus_Aggregans_Medium.yaml	CultureMech:009544	Distilled water	1250.0	G_PER_L	1050.0;100.0;100.0	value is the sum of differing parts; which one the medium means needs the source recipe
DIFFERING_PARTS	data/normalized_yaml/bacterial/TOGO_M3035_Thiomonas_cuprina_medium.yaml	CultureMech:009547	MgSO4·7H2O	33.45	G_PER_L	3.45;30.0	value is the sum of differing parts; which one the medium means needs the source recipe
DIFFERING_PARTS	data/normalized_yaml/bacterial/TOGO_M3035_Thiomonas_cuprina_medium.yaml	CultureMech:009547	NaCl	10.5	G_PER_L	0.5;10.0	value is the sum of differing parts; which one the medium means needs the source recipe
DIFFERING_PARTS	data/normalized_yaml/bacterial/TOGO_M3036_Thiomonas_cuprina_medium.yaml	CultureMech:009548	MgSO4·7H2O	33.45	G_PER_L	3.45;30.0	value is the sum of differing parts; which one the medium means needs the source recipe
DIFFERING_PARTS	data/normalized_yaml/bacterial/TOGO_M3036_Thiomonas_cuprina_medium.yaml	CultureMech:009548	NaCl	10.5	G_PER_L	0.5;10.0	value is the sum of differing parts; which one the medium means needs the source recipe
DIFFERING_PARTS	data/normalized_yaml/bacterial/TOGO_M3038_Modified_YCFA_medium.yaml	CultureMech:009550	Distilled water	101.0	G_PER_L	1.0;1.0;99.0	value is the sum of differing parts; which one the medium means needs the source recipe
DIFFERING_PARTS	data/normalized_yaml/bacterial/TOGO_M3045_Brain_Heart_Infusion_BHI_with_Sodium_Acetate.yaml	CultureMech:009558	Distilled water	10.0	G_PER_L	1.0;9.0	value is the sum of differing parts; which one the medium means needs the source recipe
DIFFERING_PARTS	data/normalized_yaml/bacterial/TOGO_M3072_Chopped_Meat_Medium_With_Carbohydrates.yaml	CultureMech:009581	Distilled water	1200.0	G_PER_L	1000.0;100.0;100.0	value is the sum of differing parts; which one the medium means needs the source recipe
DIFFERING_PARTS	data/normalized_yaml/bacterial/TOGO_M3119_Thermodesulfobium_Acidiphilum_Medium.yaml	CultureMech:009590	Distilled water	2990.0	G_PER_L	1000.0;990.0;1000.0	value is the sum of differing parts; which one the medium means needs the source recipe
DIFFERING_PARTS	data/normalized_yaml/bacterial/TOGO_M3121_Modified_SME_medium.yaml	CultureMech:009593	MgSO4.7H2O	6.5	G_PER_L	3.5;3.0	value is the sum of differing parts; which one the medium means needs the source recipe
DIFFERING_PARTS	data/normalized_yaml/bacterial/TOGO_M3121_Modified_SME_medium.yaml	CultureMech:009593	NaCl	21.0	G_PER_L	20.0;1.0	value is the sum of differing parts; which one the medium means needs the source recipe
DIFFERING_PARTS	data/normalized_yaml/bacterial/TOGO_M3121_Modified_SME_medium.yaml	CultureMech:009593	CaCl2.2H2O	0.85	G_PER_L	0.75;0.1	value is the sum of differing parts; which one the medium means needs the source recipe
DIFFERING_PARTS	data/normalized_yaml/bacterial/TOGO_M3121_Modified_SME_medium.yaml	CultureMech:009593	H3BO3	15.01	G_PER_L	15.0;0.01	value is the sum of differing parts; which one the medium means needs the source recipe
DIFFERING_PARTS	data/normalized_yaml/bacterial/TOGO_M3122_Caminibacter_Mediatlanticus_Medium.yaml	CultureMech:009594	Distilled water	2000.0	G_PER_L	980.0;10.0;10.0;1000.0	value is the sum of differing parts; which one the medium means needs the source recipe
DIFFERING_PARTS	data/normalized_yaml/bacterial/TOGO_M3122_Caminibacter_Mediatlanticus_Medium.yaml	CultureMech:009594	MgSO4 x 7 H2O	33.5	G_PER_L	3.5;30.0	value is the sum of differing parts; which one the medium means needs the source recipe
DIFFERING_PARTS	data/normalized_yaml/bacterial/TOGO_M3122_Caminibacter_Mediatlanticus_Medium.yaml	CultureMech:009594	NaCl	40.0	G_PER_L	30.0;10.0	value is the sum of differing parts; which one the medium means needs the source recipe
DIFFERING_PARTS	data/normalized_yaml/bacterial/TOGO_M3122_Caminibacter_Mediatlanticus_Medium.yaml	CultureMech:009594	CaCl2 x 2 H2O	1.75	G_PER_L	0.75;1.0	value is the sum of differing parts; which one the medium means needs the source recipe
DIFFERING_PARTS	data/normalized_yaml/bacterial/TOGO_M3122_Caminibacter_Mediatlanticus_Medium.yaml	CultureMech:009594	H3BO3	15.1	G_PER_L	15.0;0.1	value is the sum of differing parts; which one the medium means needs the source recipe
DIFFERING_PARTS	data/normalized_yaml/bacterial/TOGO_M3126_Mineral_Medium_For_Chemolithotrophic_Growth_H-3.yaml	CultureMech:009596	Distilled water	2085.0	G_PER_L	50.0;915.0;20.0;100.0;1000.0	value is the sum of differing parts; which one the medium means needs the source recipe
DIFFERING_PARTS	data/normalized_yaml/bacterial/TOGO_M3130_Desulfurella_Medium.yaml	CultureMech:009601	Distilled water	2990.0	G_PER_L	1000.0;990.0;1000.0	value is the sum of differing parts; which one the medium means needs the source recipe
DIFFERING_PARTS	data/normalized_yaml/bacterial/TOGO_M3132_Hippea_Medium.yaml	CultureMech:009603	NaCl	26.0	G_PER_L	25.0;1.0	value is the sum of differing parts; which one the medium means needs the source recipe
DIFFERING_PARTS	data/normalized_yaml/bacterial/TOGO_M3134_Clostridium_Ljungdahlii_Medium.yaml	CultureMech:009604	MgSO4 x 7 H2O	3.2	G_PER_L	0.2;3.0	value is the sum of differing parts; which one the medium means needs the source recipe
DIFFERING_PARTS	data/normalized_yaml/bacterial/TOGO_M3134_Clostridium_Ljungdahlii_Medium.yaml	CultureMech:009604	NaCl	1.8	G_PER_L	0.8;1.0	value is the sum of differing parts; which one the medium means needs the source recipe
DIFFERING_PARTS	data/normalized_yaml/bacterial/TOGO_M3141_Chloroflexus_Medium_modified.yaml	CultureMech:009609	Distilled water	2250.0	G_PER_L	1050.0;100.0;100.0;1000.0	value is the sum of differing parts; which one the medium means needs the source recipe
DIFFERING_PARTS	data/normalized_yaml/bacterial/TOGO_M3174_Clostridium_thermocellum_medium.yaml	CultureMech:009627	Distilled water	501.0	G_PER_L	500.0;1.0	value is the sum of differing parts; which one the medium means needs the source recipe
DIFFERING_PARTS	data/normalized_yaml/bacterial/TOGO_M3254_MB_medium.yaml	CultureMech:009686	Distilled water	2001.0	G_PER_L	1.0;1000.0;1000.0	value is the sum of differing parts; which one the medium means needs the source recipe
DIFFERING_PARTS	data/normalized_yaml/bacterial/TOGO_M3254_MB_medium.yaml	CultureMech:009686	NaCl	6.0	G_PER_L	5.0;1.0	value is the sum of differing parts; which one the medium means needs the source recipe
DIFFERING_PARTS	data/normalized_yaml/bacterial/TOGO_M325_Sporotomaculum_Medium.yaml	CultureMech:009687	Distilled water	1000.0	G_PER_L	900.0;100.0	value is the sum of differing parts; which one the medium means needs the source recipe
DIFFERING_PARTS	data/normalized_yaml/bacterial/TOGO_M3270_Tmbs4_Medium.yaml	CultureMech:009690	Distilled water	1030.0	G_PER_L	930.0;100.0	value is the sum of differing parts; which one the medium means needs the source recipe
DIFFERING_PARTS	data/normalized_yaml/bacterial/TOGO_M3290_modified_PYG_Medium.yaml	CultureMech:009703	Distilled water	1051.0	G_PER_L	950.0;1.0;100.0	value is the sum of differing parts; which one the medium means needs the source recipe
DIFFERING_PARTS	data/normalized_yaml/bacterial/TOGO_M3290_modified_PYG_Medium.yaml	CultureMech:009703	K2HPO4	3.0	G_PER_L	2.0;1.0	value is the sum of differing parts; which one the medium means needs the source recipe
DIFFERING_PARTS	data/normalized_yaml/bacterial/TOGO_M335_MBM_Medium.yaml	CultureMech:009713	Distilled water	901.0	G_PER_L	1.0;900.0	value is the sum of differing parts; which one the medium means needs the source recipe
DIFFERING_PARTS	data/normalized_yaml/bacterial/TOGO_M347_JT_Medium.yaml	CultureMech:009726	Distilled water	1000.0	G_PER_L	900.0;100.0	value is the sum of differing parts; which one the medium means needs the source recipe
DIFFERING_PARTS	data/normalized_yaml/bacterial/TOGO_M352_ATYP_Medium.yaml	CultureMech:009732	Distilled water	102.0	G_PER_L	1.0;1.0;100.0	value is the sum of differing parts; which one the medium means needs the source recipe
DIFFERING_PARTS	data/normalized_yaml/bacterial/TOGO_M356_MGP_Medium.yaml	CultureMech:009736	Distilled water	1000.0	G_PER_L	900.0;100.0	value is the sum of differing parts; which one the medium means needs the source recipe
DIFFERING_PARTS	data/normalized_yaml/bacterial/TOGO_M364_Tepidanaerobacter_Medium.yaml	CultureMech:009745	Distilled water	1000.0	G_PER_L	900.0;100.0	value is the sum of differing parts; which one the medium means needs the source recipe
DIFFERING_PARTS	data/normalized_yaml/bacterial/TOGO_M373_Alkaliphilus_Crotonatoxidans_Medium.yaml	CultureMech:009754	Distilled water	1021.0	G_PER_L	900.0;100.0;1.0;10.0;10.0	value is the sum of differing parts; which one the medium means needs the source recipe
DIFFERING_PARTS	data/normalized_yaml/bacterial/TOGO_M377_AGC2_Medium.yaml	CultureMech:009758	Distilled water	1000.0	G_PER_L	700.0;300.0	value is the sum of differing parts; which one the medium means needs the source recipe
DIFFERING_PARTS	data/normalized_yaml/bacterial/TOGO_M379_Glycerol-Soil_Medium.yaml	CultureMech:009760	Tap water	1810.0	G_PER_L	850.0;960.0	value is the sum of differing parts; which one the medium means needs the source recipe
DIFFERING_PARTS	data/normalized_yaml/bacterial/TOGO_M385_JI_Medium.yaml	CultureMech:009766	Distilled water	1000.0	G_PER_L	900.0;100.0	value is the sum of differing parts; which one the medium means needs the source recipe
DIFFERING_PARTS	data/normalized_yaml/bacterial/TOGO_M395_Desulfovibrio_Magneticus_Medium.yaml	CultureMech:009777	Distilled water	101.0	G_PER_L	1.0;100.0	value is the sum of differing parts; which one the medium means needs the source recipe
DIFFERING_PARTS	data/normalized_yaml/bacterial/TOGO_M401_Acetobacterium_Submarinus_Medium.yaml	CultureMech:009785	Distilled water	101.0	G_PER_L	1.0;100.0	value is the sum of differing parts; which one the medium means needs the source recipe
DIFFERING_PARTS	data/normalized_yaml/bacterial/TOGO_M412_Modified_SOB_Medium.yaml	CultureMech:009797	Distilled water	1001.0	G_PER_L	500.0;460.0;40.0;1.0	value is the sum of differing parts; which one the medium means needs the source recipe
DIFFERING_PARTS	data/normalized_yaml/bacterial/TOGO_M412_Modified_SOB_Medium.yaml	CultureMech:009797	MgCl2・6H2O	2.7	G_PER_L	0.2;2.5	value is the sum of differing parts; which one the medium means needs the source recipe
DIFFERING_PARTS	data/normalized_yaml/bacterial/TOGO_M423_PYG_Medium_B.yaml	CultureMech:009809	Distilled water	961.0	G_PER_L	960.0;1.0	value is the sum of differing parts; which one the medium means needs the source recipe
DIFFERING_PARTS	data/normalized_yaml/bacterial/TOGO_M42_Oatmeal_Agar_ISP-3.yaml	CultureMech:009815	Distilled water	101.0	G_PER_L	1.0;100.0	value is the sum of differing parts; which one the medium means needs the source recipe
DIFFERING_PARTS	data/normalized_yaml/bacterial/TOGO_M431_BN3_Medium.yaml	CultureMech:009817	Distilled water	989.0	G_PER_L	1.0;987.0;1.0	value is the sum of differing parts; which one the medium means needs the source recipe
DIFFERING_PARTS	data/normalized_yaml/bacterial/TOGO_M433_Pseudomonas_Halophila_Medium.yaml	CultureMech:009819	Distilled water	1981.0	G_PER_L	890.0;100.0;990.0;1.0	value is the sum of differing parts; which one the medium means needs the source recipe
DIFFERING_PARTS	data/normalized_yaml/bacterial/TOGO_M434_Anaerolinea_Medium.yaml	CultureMech:009820	Distilled water	1000.0	G_PER_L	900.0;100.0	value is the sum of differing parts; which one the medium means needs the source recipe
DIFFERING_PARTS	data/normalized_yaml/bacterial/TOGO_M435_Anaerolinea_Medium-B.yaml	CultureMech:009821	Distilled water	1000.0	G_PER_L	900.0;100.0	value is the sum of differing parts; which one the medium means needs the source recipe
DIFFERING_PARTS	data/normalized_yaml/bacterial/TOGO_M438_RT2_Medium.yaml	CultureMech:009823	Distilled water	1010.0	G_PER_L	900.0;100.0;10.0	value is the sum of differing parts; which one the medium means needs the source recipe
DIFFERING_PARTS	data/normalized_yaml/bacterial/TOGO_M439_Desulfovibrio_Aerotolerans_DVO5_Medium.yaml	CultureMech:009824	Distilled water	988.0	G_PER_L	1.0;987.0	value is the sum of differing parts; which one the medium means needs the source recipe
DIFFERING_PARTS	data/normalized_yaml/bacterial/TOGO_M45_MGA_Agar.yaml	CultureMech:009847	Distilled water	101.0	G_PER_L	1.0;100.0	value is the sum of differing parts; which one the medium means needs the source recipe
DIFFERING_PARTS	data/normalized_yaml/bacterial/TOGO_M463_Saltwater_Medium_With_Lactate.yaml	CultureMech:009851	Distilled water	1141.3	G_PER_L	900.0;100.0;100.0;31.3;10.0	value is the sum of differing parts; which one the medium means needs the source recipe
DIFFERING_PARTS	data/normalized_yaml/bacterial/TOGO_M464_Saltwater_Medium_With_Acetate_And_Ferric_Citrate.yaml	CultureMech:009852	Distilled water	1141.3	G_PER_L	900.0;100.0;100.0;31.3;10.0	value is the sum of differing parts; which one the medium means needs the source recipe
DIFFERING_PARTS	data/normalized_yaml/bacterial/TOGO_M471_Vulcanibacillus_Medium.yaml	CultureMech:009860	FeSO4・7H2O	1.1	G_PER_L	0.1;1.0	value is the sum of differing parts; which one the medium means needs the source recipe
DIFFERING_PARTS	data/normalized_yaml/bacterial/TOGO_M480_Thermodesulfovibrio_Medium.yaml	CultureMech:009867	Distilled water	1000.0	G_PER_L	900.0;50.0;50.0	value is the sum of differing parts; which one the medium means needs the source recipe
DIFFERING_PARTS	data/normalized_yaml/bacterial/TOGO_M481_Modified_Sporomusa_Medium.yaml	CultureMech:009868	distilled water	931.0	G_PER_L	900.0;1.0;30.0	value is the sum of differing parts; which one the medium means needs the source recipe
DIFFERING_PARTS	data/normalized_yaml/bacterial/TOGO_M481_Modified_Sporomusa_Medium.yaml	CultureMech:009868	NaCl	3.25	G_PER_L	2.25;1.0	value is the sum of differing parts; which one the medium means needs the source recipe
DIFFERING_PARTS	data/normalized_yaml/bacterial/TOGO_M481_Modified_Sporomusa_Medium.yaml	CultureMech:009868	CaCl2·2H2O	0.35	G_PER_L	0.25;0.1	value is the sum of differing parts; which one the medium means needs the source recipe
DIFFERING_PARTS	data/normalized_yaml/bacterial/TOGO_M491_Mg50_Medium.yaml	CultureMech:009879	distilled water	1010.98	G_PER_L	900.0;10.0;19.98;80.0;1.0	value is the sum of differing parts; which one the medium means needs the source recipe
DIFFERING_PARTS	data/normalized_yaml/bacterial/TOGO_M491_Mg50_Medium.yaml	CultureMech:009879	NaCl	3.25	G_PER_L	2.25;1.0	value is the sum of differing parts; which one the medium means needs the source recipe
DIFFERING_PARTS	data/normalized_yaml/bacterial/TOGO_M491_Mg50_Medium.yaml	CultureMech:009879	CaCl2・2H2O	0.35	G_PER_L	0.25;0.1	value is the sum of differing parts; which one the medium means needs the source recipe
DIFFERING_PARTS	data/normalized_yaml/bacterial/TOGO_M500_Sulfate-Free_Syntrophomonus_Medium.yaml	CultureMech:009890	Distilled water	902.0	G_PER_L	810.0;70.0;10.0;10.0;1.0;1.0	value is the sum of differing parts; which one the medium means needs the source recipe
DIFFERING_PARTS	data/normalized_yaml/bacterial/TOGO_M504_UI_Medium.yaml	CultureMech:009894	Distilled water	1000.0	G_PER_L	900.0;100.0	value is the sum of differing parts; which one the medium means needs the source recipe
DIFFERING_PARTS	data/normalized_yaml/bacterial/TOGO_M505_NE23-3_Medium.yaml	CultureMech:009895	Distilled water	1000.0	G_PER_L	900.0;100.0	value is the sum of differing parts; which one the medium means needs the source recipe
DIFFERING_PARTS	data/normalized_yaml/bacterial/TOGO_M50_Inorganic_Salts-Starch_Agar_ISP-4.yaml	CultureMech:009900	Distilled water	101.0	G_PER_L	1.0;100.0	value is the sum of differing parts; which one the medium means needs the source recipe
DIFFERING_PARTS	data/normalized_yaml/bacterial/TOGO_M513_A1_Medium.yaml	CultureMech:009904	Distilled water	123.0	G_PER_L	1.0;1.0;1.0;100.0;10.0;10.0	value is the sum of differing parts; which one the medium means needs the source recipe
DIFFERING_PARTS	data/normalized_yaml/bacterial/TOGO_M513_A1_Medium.yaml	CultureMech:009904	MgSO4・7H2O	3.2	G_PER_L	0.2;3.0	value is the sum of differing parts; which one the medium means needs the source recipe
DIFFERING_PARTS	data/normalized_yaml/bacterial/TOGO_M513_A1_Medium.yaml	CultureMech:009904	NaCl	21.0	G_PER_L	20.0;1.0	value is the sum of differing parts; which one the medium means needs the source recipe
DIFFERING_PARTS	data/normalized_yaml/bacterial/TOGO_M513_A1_Medium.yaml	CultureMech:009904	CaCl2・2H2O	3.14	G_PER_L	0.1;3.04	value is the sum of differing parts; which one the medium means needs the source recipe
DIFFERING_PARTS	data/normalized_yaml/bacterial/TOGO_M515_Glucose_Sulfide_Medium.yaml	CultureMech:009906	Distilled water	991.0	G_PER_L	990.0;1.0	value is the sum of differing parts; which one the medium means needs the source recipe
DIFFERING_PARTS	data/normalized_yaml/bacterial/TOGO_M51_CM_YE_Medium.yaml	CultureMech:009911	Distilled water	101.0	G_PER_L	1.0;100.0	value is the sum of differing parts; which one the medium means needs the source recipe
DIFFERING_PARTS	data/normalized_yaml/bacterial/TOGO_M520_Syntrophomonas_Medium_for_Syntrophospora_cellicola_19J-3.yaml	CultureMech:009912	Distilled water	917.0	G_PER_L	795.0;1.0;1.0;100.0;10.0;10.0	value is the sum of differing parts; which one the medium means needs the source recipe
DIFFERING_PARTS	data/normalized_yaml/bacterial/TOGO_M522_Modified_Desulfoglaeba_Alkanexedens_Medium.yaml	CultureMech:009914	Distilled water	901.0	G_PER_L	900.0;1.0	value is the sum of differing parts; which one the medium means needs the source recipe
DIFFERING_PARTS	data/normalized_yaml/bacterial/TOGO_M52_Glycerol-Asparagine_Agar_ISP-5.yaml	CultureMech:009922	Distilled water	101.0	G_PER_L	1.0;100.0	value is the sum of differing parts; which one the medium means needs the source recipe
DIFFERING_PARTS	data/normalized_yaml/bacterial/TOGO_M538_PHE91_Medium.yaml	CultureMech:009930	Distilled water	971.0	G_PER_L	969.0;1.0;1.0	value is the sum of differing parts; which one the medium means needs the source recipe
DIFFERING_PARTS	data/normalized_yaml/bacterial/TOGO_M541_Modified_Synthrophomonas_Medium.yaml	CultureMech:009934	Distilled water	975.0	G_PER_L	845.0;10.0;100.0;10.0;10.0	value is the sum of differing parts; which one the medium means needs the source recipe
DIFFERING_PARTS	data/normalized_yaml/bacterial/TOGO_M542_Modified_Syntrophomonas_Medium_For_OL4.yaml	CultureMech:009935	Distilled water	845.0	G_PER_L	745.0;100.0	value is the sum of differing parts; which one the medium means needs the source recipe
DIFFERING_PARTS	data/normalized_yaml/bacterial/TOGO_M545_Tindallia_Texcoconensis_Medium.yaml	CultureMech:009938	Distilled water	1000.0	G_PER_L	700.0;300.0	value is the sum of differing parts; which one the medium means needs the source recipe
DIFFERING_PARTS	data/normalized_yaml/bacterial/TOGO_M560_Methylosoma_Difficile_Medium.yaml	CultureMech:009955	Distilled water	994.0	G_PER_L	993.0;1.0	value is the sum of differing parts; which one the medium means needs the source recipe
DIFFERING_PARTS	data/normalized_yaml/bacterial/TOGO_M562_Magnetospirillum_Medium_A.yaml	CultureMech:009957	Distilled water	601.0	G_PER_L	1.0;100.0;100.0;100.0;100.0;100.0;100.0	value is the sum of differing parts; which one the medium means needs the source recipe
DIFFERING_PARTS	data/normalized_yaml/bacterial/TOGO_M567_Treponema_Zioleckii_Medium.yaml	CultureMech:009962	Distilled water	402.0	G_PER_L	400.0;1.0;1.0	value is the sum of differing parts; which one the medium means needs the source recipe
DIFFERING_PARTS	data/normalized_yaml/bacterial/TOGO_M578_DB_Characterization_Medium_NO._2.yaml	CultureMech:009974	Distilled water	247.0	G_PER_L	145.0;1.0;100.0;1.0	value is the sum of differing parts; which one the medium means needs the source recipe
DIFFERING_PARTS	data/normalized_yaml/bacterial/TOGO_M580_Syntrophomonas_Palmiticicum_Medium.yaml	CultureMech:009976	Distilled water	1000.0	G_PER_L	900.0;100.0	value is the sum of differing parts; which one the medium means needs the source recipe
DIFFERING_PARTS	data/normalized_yaml/bacterial/TOGO_M581_Desulfatibacillus_Olefinivorans_Medium.yaml	CultureMech:009977	Distilled water	961.0	G_PER_L	960.0;1.0	value is the sum of differing parts; which one the medium means needs the source recipe
DIFFERING_PARTS	data/normalized_yaml/bacterial/TOGO_M582_Desulfatirhabdium_Butyrativorans_Medium.yaml	CultureMech:009978	Distilled water	1000.0	G_PER_L	900.0;100.0	value is the sum of differing parts; which one the medium means needs the source recipe
DIFFERING_PARTS	data/normalized_yaml/bacterial/TOGO_M584_Bacillus_AA_Medium.yaml	CultureMech:009980	Distilled water	11.0	G_PER_L	1.0;10.0	value is the sum of differing parts; which one the medium means needs the source recipe
DIFFERING_PARTS	data/normalized_yaml/bacterial/TOGO_M595_A-MMX_Medium.yaml	CultureMech:009992	Distilled water	875.0	G_PER_L	775.0;100.0	value is the sum of differing parts; which one the medium means needs the source recipe
DIFFERING_PARTS	data/normalized_yaml/bacterial/TOGO_M599_Alicycliphilus_Denitrificans_Medium.yaml	CultureMech:009996	Distilled water	1000.0	G_PER_L	900.0;50.0;50.0	value is the sum of differing parts; which one the medium means needs the source recipe
DIFFERING_PARTS	data/normalized_yaml/bacterial/TOGO_M600_Alicycliphilus_Denitrificans_Medium.yaml	CultureMech:009999	Distilled water	1000.0	G_PER_L	900.0;50.0;50.0	value is the sum of differing parts; which one the medium means needs the source recipe
DIFFERING_PARTS	data/normalized_yaml/bacterial/TOGO_M607_G5G6_Medium.yaml	CultureMech:010006	Distilled water	980.0	G_PER_L	880.0;50.0;50.0	value is the sum of differing parts; which one the medium means needs the source recipe
DIFFERING_PARTS	data/normalized_yaml/bacterial/TOGO_M609_Desulfovibrio_Magnus_Medium.yaml	CultureMech:010008	Distilled water	1003.0	G_PER_L	900.0;1.0;1.0;50.0;50.0;1.0	value is the sum of differing parts; which one the medium means needs the source recipe
DIFFERING_PARTS	data/normalized_yaml/bacterial/TOGO_M614_Halomonas_Subglaciescola_Medium.yaml	CultureMech:010014	MgSO4・7H2O	39.2	G_PER_L	9.5;29.7	value is the sum of differing parts; which one the medium means needs the source recipe
DIFFERING_PARTS	data/normalized_yaml/bacterial/TOGO_M614_Halomonas_Subglaciescola_Medium.yaml	CultureMech:010014	CaCl2・2H2O	3.5	G_PER_L	0.2;3.3	value is the sum of differing parts; which one the medium means needs the source recipe
DIFFERING_PARTS	data/normalized_yaml/bacterial/TOGO_M641_Freshwater_Iron-Oxidizing_Bacteria_Medium.yaml	CultureMech:010042	Agarose	1.15	G_PER_L	1.0;0.15	value is the sum of differing parts; which one the medium means needs the source recipe
DIFFERING_PARTS	data/normalized_yaml/bacterial/TOGO_M641_Freshwater_Iron-Oxidizing_Bacteria_Medium.yaml	CultureMech:010042	Distilled water	301.0	G_PER_L	300.0;1.0	value is the sum of differing parts; which one the medium means needs the source recipe
DIFFERING_PARTS	data/normalized_yaml/bacterial/TOGO_M642_Saltwater_Iron-Oxidizing_Bacteria_Medium.yaml	CultureMech:010043	Agarose	1.15	G_PER_L	1.0;0.15	value is the sum of differing parts; which one the medium means needs the source recipe
DIFFERING_PARTS	data/normalized_yaml/bacterial/TOGO_M642_Saltwater_Iron-Oxidizing_Bacteria_Medium.yaml	CultureMech:010043	Artificial saltwater (see below)	150.0	G_PER_L	50.0;100.0	value is the sum of differing parts; which one the medium means needs the source recipe
DIFFERING_PARTS	data/normalized_yaml/bacterial/TOGO_M644_MMB_Medium.yaml	CultureMech:010045	Distilled water	951.0	G_PER_L	1.0;950.0	value is the sum of differing parts; which one the medium means needs the source recipe
DIFFERING_PARTS	data/normalized_yaml/bacterial/TOGO_M651_Clostridium_R6_Medium.yaml	CultureMech:010053	Distilled water	960.0	G_PER_L	860.0;100.0	value is the sum of differing parts; which one the medium means needs the source recipe
DIFFERING_PARTS	data/normalized_yaml/bacterial/TOGO_M653_Cellulosilyticum_Ruminicola_Medium.yaml	CultureMech:010055	Distilled water	800.0	G_PER_L	600.0;100.0;100.0	value is the sum of differing parts; which one the medium means needs the source recipe
DIFFERING_PARTS	data/normalized_yaml/bacterial/TOGO_M654_Clostridium_SW_Medium.yaml	CultureMech:010056	Distilled water	960.0	G_PER_L	860.0;100.0	value is the sum of differing parts; which one the medium means needs the source recipe
DIFFERING_PARTS	data/normalized_yaml/bacterial/TOGO_M656_Moorella_AN10_Medium.yaml	CultureMech:010058	Na2S・9H2O	0.8	G_PER_L	0.3;0.5	value is the sum of differing parts; which one the medium means needs the source recipe
DIFFERING_PARTS	data/normalized_yaml/bacterial/TOGO_M656_Moorella_AN10_Medium.yaml	CultureMech:010058	L--cysteine・HCl・H2O	0.8	G_PER_L	0.3;0.5	value is the sum of differing parts; which one the medium means needs the source recipe
DIFFERING_PARTS	data/normalized_yaml/bacterial/TOGO_M656_Moorella_AN10_Medium.yaml	CultureMech:010058	Distilled water	950.0	G_PER_L	850.0;100.0	value is the sum of differing parts; which one the medium means needs the source recipe
DIFFERING_PARTS	data/normalized_yaml/bacterial/TOGO_M675_Pelagicoccus_Agar.yaml	CultureMech:010079	Distilled water	251.0	G_PER_L	250.0;1.0	value is the sum of differing parts; which one the medium means needs the source recipe
DIFFERING_PARTS	data/normalized_yaml/bacterial/TOGO_M687_Magnetospirillum_Medium_B.yaml	CultureMech:010092	Distilled water	101.0	G_PER_L	1.0;100.0	value is the sum of differing parts; which one the medium means needs the source recipe
DIFFERING_PARTS	data/normalized_yaml/bacterial/TOGO_M68_GYP_Agar.yaml	CultureMech:010095	Distilled water	101.0	G_PER_L	1.0;100.0	value is the sum of differing parts; which one the medium means needs the source recipe
DIFFERING_PARTS	data/normalized_yaml/bacterial/TOGO_M690_Thermoanaerobium_Medium.yaml	CultureMech:010096	Distilled water	951.0	G_PER_L	950.0;1.0	value is the sum of differing parts; which one the medium means needs the source recipe
DIFFERING_PARTS	data/normalized_yaml/bacterial/TOGO_M690_Thermoanaerobium_Medium.yaml	CultureMech:010096	NaCl	1.9	G_PER_L	0.9;1.0	value is the sum of differing parts; which one the medium means needs the source recipe
DIFFERING_PARTS	data/normalized_yaml/bacterial/TOGO_M693_PYG_Medium_F.yaml	CultureMech:010099	Distilled water	1050.0	G_PER_L	850.0;100.0;100.0	value is the sum of differing parts; which one the medium means needs the source recipe
DIFFERING_PARTS	data/normalized_yaml/bacterial/TOGO_M694_Ruminococcus_Albus_Medium.yaml	CultureMech:010100	Distilled water	1190.0	G_PER_L	920.0;100.0;100.0;70.0	value is the sum of differing parts; which one the medium means needs the source recipe
DIFFERING_PARTS	data/normalized_yaml/bacterial/TOGO_M695_PYG_Medium_G.yaml	CultureMech:010101	Distilled water	941.0	G_PER_L	940.0;1.0	value is the sum of differing parts; which one the medium means needs the source recipe
DIFFERING_PARTS	data/normalized_yaml/bacterial/TOGO_M695_PYG_Medium_G.yaml	CultureMech:010101	K2HPO4	3.0	G_PER_L	2.0;1.0	value is the sum of differing parts; which one the medium means needs the source recipe
DIFFERING_PARTS	data/normalized_yaml/bacterial/TOGO_M6_BL_Agar_Glucose_Blood_Liver_Agar.yaml	CultureMech:010107	Distilled water	1025.0	G_PER_L	825.0;100.0;100.0	value is the sum of differing parts; which one the medium means needs the source recipe
DIFFERING_PARTS	data/normalized_yaml/bacterial/TOGO_M707_MB_Medium_With_Methanol.yaml	CultureMech:010114	Distilled water	970.0	G_PER_L	920.0;50.0	value is the sum of differing parts; which one the medium means needs the source recipe
DIFFERING_PARTS	data/normalized_yaml/bacterial/TOGO_M708_MB_Medium_With_Formate.yaml	CultureMech:010115	Distilled water	970.0	G_PER_L	920.0;50.0	value is the sum of differing parts; which one the medium means needs the source recipe
DIFFERING_PARTS	data/normalized_yaml/bacterial/TOGO_M714_Spirochaeta_Smaeagdinae_Medium.yaml	CultureMech:010121	Distilled water	950.0	G_PER_L	900.0;50.0	value is the sum of differing parts; which one the medium means needs the source recipe
DIFFERING_PARTS	data/normalized_yaml/bacterial/TOGO_M720_Modified_Thiocapsa_Medium.yaml	CultureMech:010128	Distilled water	1201.0	G_PER_L	950.0;50.0;1.0;200.0	value is the sum of differing parts; which one the medium means needs the source recipe
DIFFERING_PARTS	data/normalized_yaml/bacterial/TOGO_M726_Anoxybacillus_Tunisiense_Medium.yaml	CultureMech:010134	Distilled water	1873.0	G_PER_L	880.0;990.0;1.0;1.0;1.0	value is the sum of differing parts; which one the medium means needs the source recipe
DIFFERING_PARTS	data/normalized_yaml/bacterial/TOGO_M727_Selenomonas_WG_Medium.yaml	CultureMech:010135	Distilled water	101.0	G_PER_L	1.0;100.0	value is the sum of differing parts; which one the medium means needs the source recipe
DIFFERING_PARTS	data/normalized_yaml/bacterial/TOGO_M736_Thermovorax_Subterraneus_Medium.yaml	CultureMech:010145	Distilled water	2973.0	G_PER_L	800.0;47.0;49.0;987.0;100.0;990.0	value is the sum of differing parts; which one the medium means needs the source recipe
DIFFERING_PARTS	data/normalized_yaml/bacterial/TOGO_M751_Desulfosporosinus_Acidiphilus_Medium.yaml	CultureMech:010157	Distilled water	940.0	G_PER_L	939.0;1.0	value is the sum of differing parts; which one the medium means needs the source recipe
DIFFERING_PARTS	data/normalized_yaml/bacterial/TOGO_M752_Acidithiobacillus_Ferrivorans_Medium.yaml	CultureMech:010158	Distilled water	846.0	G_PER_L	845.0;1.0	value is the sum of differing parts; which one the medium means needs the source recipe
DIFFERING_PARTS	data/normalized_yaml/bacterial/TOGO_M753_RYE-Bran_MRS.yaml	CultureMech:010159	Distilled water	101.0	G_PER_L	100.0;1.0	value is the sum of differing parts; which one the medium means needs the source recipe
DIFFERING_PARTS	data/normalized_yaml/bacterial/TOGO_M754_Sporomusa_Medium.yaml	CultureMech:010160	Distilled water	1000.0	G_PER_L	850.0;100.0;50.0	value is the sum of differing parts; which one the medium means needs the source recipe
DIFFERING_PARTS	data/normalized_yaml/bacterial/TOGO_M761_1_2_R2A_Medium_With_75_Artificial_Seawater.yaml	CultureMech:010168	Distilled water	251.0	G_PER_L	250.0;1.0	value is the sum of differing parts; which one the medium means needs the source recipe
DIFFERING_PARTS	data/normalized_yaml/bacterial/TOGO_M762_BM_For_Syntrophicus_Schinkii.yaml	CultureMech:010169	Distilled water	930.0	G_PER_L	830.0;100.0	value is the sum of differing parts; which one the medium means needs the source recipe
DIFFERING_PARTS	data/normalized_yaml/bacterial/TOGO_M765_MVL_Medium.yaml	CultureMech:010172	Distilled water	101.0	G_PER_L	1.0;100.0	value is the sum of differing parts; which one the medium means needs the source recipe
DIFFERING_PARTS	data/normalized_yaml/bacterial/TOGO_M766_Acetobacterium_Medium.yaml	CultureMech:010173	MgSO4・7H2O	3.1	G_PER_L	0.1;3.0	value is the sum of differing parts; which one the medium means needs the source recipe
DIFFERING_PARTS	data/normalized_yaml/bacterial/TOGO_M782_Desulfovibrio_Mexicanus_Medium.yaml	CultureMech:010191	Distilled water	1000.0	G_PER_L	900.0;100.0	value is the sum of differing parts; which one the medium means needs the source recipe
DIFFERING_PARTS	data/normalized_yaml/bacterial/TOGO_M798_Betaine_bicarbonate_Buffered_Medium.yaml	CultureMech:010208	Distilled water	1078.5	G_PER_L	900.0;25.5;50.0;100.0;1.0;1.0;1.0	value is the sum of differing parts; which one the medium means needs the source recipe
DIFFERING_PARTS	data/normalized_yaml/bacterial/TOGO_M806_MH1_Medium_For_Saliarchaeum_Rubrodurum.yaml	CultureMech:010218	Distilled water	1000.0	G_PER_L	800.0;200.0	value is the sum of differing parts; which one the medium means needs the source recipe
DIFFERING_PARTS	data/normalized_yaml/bacterial/TOGO_M806_MH1_Medium_For_Saliarchaeum_Rubrodurum.yaml	CultureMech:010218	NaCl	200.0	G_PER_L	150.0;50.0	value is the sum of differing parts; which one the medium means needs the source recipe
DIFFERING_PARTS	data/normalized_yaml/bacterial/TOGO_M809_Modified_Haloanaerobium_Medium.yaml	CultureMech:010221	Distilled water	26.0	G_PER_L	1.0;25.0	value is the sum of differing parts; which one the medium means needs the source recipe
DIFFERING_PARTS	data/normalized_yaml/bacterial/TOGO_M80_SM_Medium.yaml	CultureMech:010222	Distilled water	901.0	G_PER_L	900.0;1.0	value is the sum of differing parts; which one the medium means needs the source recipe
DIFFERING_PARTS	data/normalized_yaml/bacterial/TOGO_M849_Tepidimicrobium_Xylanilyticum_Medium.yaml	CultureMech:010264	Distilled water	950.0	G_PER_L	900.0;50.0	value is the sum of differing parts; which one the medium means needs the source recipe
DIFFERING_PARTS	data/normalized_yaml/bacterial/TOGO_M859_Desulfohalobium_Medium.yaml	CultureMech:010275	Distilled water	1000.0	G_PER_L	900.0;100.0	value is the sum of differing parts; which one the medium means needs the source recipe
DIFFERING_PARTS	data/normalized_yaml/bacterial/TOGO_M863_Modified_NMS_Medium.yaml	CultureMech:010280	Distilled water	1100.0	G_PER_L	900.0;100.0;100.0	value is the sum of differing parts; which one the medium means needs the source recipe
DIFFERING_PARTS	data/normalized_yaml/bacterial/TOGO_M869_IP3-3_Medium.yaml	CultureMech:010286	Distilled water	1015.0	G_PER_L	960.0;55.0	value is the sum of differing parts; which one the medium means needs the source recipe
DIFFERING_PARTS	data/normalized_yaml/bacterial/TOGO_M871_7WAY-8-7_Medium.yaml	CultureMech:010289	Distilled water	1000.0	G_PER_L	900.0;100.0	value is the sum of differing parts; which one the medium means needs the source recipe
DIFFERING_PARTS	data/normalized_yaml/bacterial/TOGO_M872_8KG-4_Medium.yaml	CultureMech:010290	Distilled water	1000.0	G_PER_L	900.0;100.0	value is the sum of differing parts; which one the medium means needs the source recipe
DIFFERING_PARTS	data/normalized_yaml/bacterial/TOGO_M882_MO-CFXI_Medium.yaml	CultureMech:010301	Distilled water	1000.0	G_PER_L	900.0;100.0	value is the sum of differing parts; which one the medium means needs the source recipe
DIFFERING_PARTS	data/normalized_yaml/bacterial/TOGO_M886_Thermosyntropha_L-60_Medium.yaml	CultureMech:010304	Distilled water	960.0	G_PER_L	760.0;100.0;100.0	value is the sum of differing parts; which one the medium means needs the source recipe
DIFFERING_PARTS	data/normalized_yaml/bacterial/TOGO_M891_MO-SEDI_Medium.yaml	CultureMech:010309	Distilled water	1000.0	G_PER_L	900.0;100.0	value is the sum of differing parts; which one the medium means needs the source recipe
DIFFERING_PARTS	data/normalized_yaml/bacterial/TOGO_M893_Lactate_bicarbonate_Buffered_Medium.yaml	CultureMech:010311	Distilled water	975.5	G_PER_L	900.0;25.5;50.0	value is the sum of differing parts; which one the medium means needs the source recipe
DIFFERING_PARTS	data/normalized_yaml/bacterial/TOGO_M896_Ferrovum_Medium.yaml	CultureMech:010313	Distilled water	921.0	G_PER_L	920.0;1.0	value is the sum of differing parts; which one the medium means needs the source recipe
DIFFERING_PARTS	data/normalized_yaml/bacterial/TOGO_M912_NM-57_Medium.yaml	CultureMech:010332	Distilled water	1000.0	G_PER_L	900.0;100.0	value is the sum of differing parts; which one the medium means needs the source recipe
DIFFERING_PARTS	data/normalized_yaml/bacterial/TOGO_M924_Petrotoga_AR80_Medium.yaml	CultureMech:010345	MgSO4・7H2O	651.0	G_PER_L	7.0;644.0	value is the sum of differing parts; which one the medium means needs the source recipe
DIFFERING_PARTS	data/normalized_yaml/bacterial/TOGO_M924_Petrotoga_AR80_Medium.yaml	CultureMech:010345	NaCl	11.0	G_PER_L	10.0;1.0	value is the sum of differing parts; which one the medium means needs the source recipe
DIFFERING_PARTS	data/normalized_yaml/bacterial/TOGO_M924_Petrotoga_AR80_Medium.yaml	CultureMech:010345	CaCl2・2H2O	75.64	G_PER_L	0.14;75.5	value is the sum of differing parts; which one the medium means needs the source recipe
DIFFERING_PARTS	data/normalized_yaml/bacterial/TOGO_M925_Hyphomicrobium_Medium.yaml	CultureMech:010346	Distilled water	501.0	G_PER_L	1.0;500.0	value is the sum of differing parts; which one the medium means needs the source recipe
DIFFERING_PARTS	data/normalized_yaml/bacterial/TOGO_M933_MMJYP2_For_AC55.yaml	CultureMech:010355	NiCl2・6H2O	1.025	G_PER_L	1.0;0.025	value is the sum of differing parts; which one the medium means needs the source recipe
DIFFERING_PARTS	data/normalized_yaml/bacterial/TOGO_M933_MMJYP2_For_AC55.yaml	CultureMech:010355	Na2SeO3・5H2O	1.3	G_PER_L	1.0;0.3	value is the sum of differing parts; which one the medium means needs the source recipe
DIFFERING_PARTS	data/normalized_yaml/bacterial/TOGO_M940_Thermobacter_Roseum_Medium.yaml	CultureMech:010363	Distilled water	997.0	G_PER_L	1.0;1.0;995.0	value is the sum of differing parts; which one the medium means needs the source recipe
DIFFERING_PARTS	data/normalized_yaml/bacterial/TOGO_M941_M13a_Medium.yaml	CultureMech:010364	Distilled water	1371.0	G_PER_L	420.0;1.0;950.0	value is the sum of differing parts; which one the medium means needs the source recipe
DIFFERING_PARTS	data/normalized_yaml/bacterial/TOGO_M94_Nutrient_Agar_With_25_Soil_Extract.yaml	CultureMech:010373	Tap water	751.0	G_PER_L	750.0;1.0	value is the sum of differing parts; which one the medium means needs the source recipe
DIFFERING_PARTS	data/normalized_yaml/bacterial/TOGO_M961_Semi-Solid_Autotrophic_Growth_Medium_For_Magnetococcus_Marinus.yaml	CultureMech:010386	Distilled water	102.0	G_PER_L	1.0;1.0;100.0	value is the sum of differing parts; which one the medium means needs the source recipe
DIFFERING_PARTS	data/normalized_yaml/bacterial/TOGO_M961_Semi-Solid_Autotrophic_Growth_Medium_For_Magnetococcus_Marinus.yaml	CultureMech:010386	NaCl	17.4	G_PER_L	16.4;1.0	value is the sum of differing parts; which one the medium means needs the source recipe
DIFFERING_PARTS	data/normalized_yaml/bacterial/TOGO_M961_Semi-Solid_Autotrophic_Growth_Medium_For_Magnetococcus_Marinus.yaml	CultureMech:010386	CaCl2·2H2O	0.49	G_PER_L	0.39;0.1	value is the sum of differing parts; which one the medium means needs the source recipe
DIFFERING_PARTS	data/normalized_yaml/bacterial/TOGO_M988_Sulfurimonas_Hongkongensis_Medium.yaml	CultureMech:010415	Distilled water	1000.0	G_PER_L	930.0;10.0;40.0;20.0	value is the sum of differing parts; which one the medium means needs the source recipe
DIFFERING_PARTS	data/normalized_yaml/bacterial/TOGO_M993_Korthof_s_Medium.yaml	CultureMech:010421	Distilled water	900.0	G_PER_L	400.0;450.0;50.0	value is the sum of differing parts; which one the medium means needs the source recipe
DIFFERING_PARTS	data/normalized_yaml/bacterial/a2_medium.yaml	CultureMech:001227	CaCl2 x 2 H2O	3.73	G_PER_L	0.03;3.7	value is the sum of differing parts; which one the medium means needs the source recipe
DIFFERING_PARTS	data/normalized_yaml/bacterial/a3.yaml	CultureMech:008520	Distilled water	502.0	G_PER_L	1.0;500.0;1.0	value is the sum of differing parts; which one the medium means needs the source recipe
DIFFERING_PARTS	data/normalized_yaml/bacterial/a7_medium.yaml	CultureMech:002343	CaCl2 x 2 H2O	37.51	G_PER_L	0.01;37.5	value is the sum of differing parts; which one the medium means needs the source recipe
DIFFERING_PARTS	data/normalized_yaml/bacterial/a_medium.yaml	CultureMech:008389	CaCl2·2H2O	0.318	G_PER_L	0.3;0.018	value is the sum of differing parts; which one the medium means needs the source recipe
DIFFERING_PARTS	data/normalized_yaml/bacterial/a_medium.yaml	CultureMech:008389	H3BO3	0.042	G_PER_L	0.025;0.017	value is the sum of differing parts; which one the medium means needs the source recipe
DIFFERING_PARTS	data/normalized_yaml/bacterial/a_mmx_medium.yaml	CultureMech:002938	CaCl2 x 2 H2O	1.69	G_PER_L	0.19;1.5	value is the sum of differing parts; which one the medium means needs the source recipe
DIFFERING_PARTS	data/normalized_yaml/bacterial/a_mmx_medium.yaml	CultureMech:002938	NaCl	168.4	G_PER_L	113.0;55.4	value is the sum of differing parts; which one the medium means needs the source recipe
DIFFERING_PARTS	data/normalized_yaml/bacterial/abyssisolibacter_medium.yaml	CultureMech:002317	NaCl	22.5264	G_PER_L	21.5264;1.0	value is the sum of differing parts; which one the medium means needs the source recipe
DIFFERING_PARTS	data/normalized_yaml/bacterial/abyssisolibacter_medium.yaml	CultureMech:002317	MgSO4 x 7 H2O	6.37573	G_PER_L	3.37573;3.0	value is the sum of differing parts; which one the medium means needs the source recipe
DIFFERING_PARTS	data/normalized_yaml/bacterial/abyssisolibacter_medium.yaml	CultureMech:002317	CaCl2 x 2 H2O	0.236986	G_PER_L	0.136986;0.1	value is the sum of differing parts; which one the medium means needs the source recipe
DIFFERING_PARTS	data/normalized_yaml/bacterial/abyssisolibacter_medium.yaml	CultureMech:002317	FeSO4 x 7 H2O	0.1166341	G_PER_L	0.0166341;0.1	value is the sum of differing parts; which one the medium means needs the source recipe
DIFFERING_PARTS	data/normalized_yaml/bacterial/acanthamoeba_medium.yaml	CultureMech:000970	Yeast extract	12.0	G_PER_L	10.0;2.0	value is the sum of differing parts; which one the medium means needs the source recipe
DIFFERING_PARTS	data/normalized_yaml/bacterial/acetitomaculum_medium.yaml	CultureMech:001673	NaCl	7.89655	G_PER_L	6.89655;1.0	value is the sum of differing parts; which one the medium means needs the source recipe
DIFFERING_PARTS	data/normalized_yaml/bacterial/acetitomaculum_medium.yaml	CultureMech:001673	CaCl2 x 2 H2O	0.247783	G_PER_L	0.147783;0.1	value is the sum of differing parts; which one the medium means needs the source recipe
DIFFERING_PARTS	data/normalized_yaml/bacterial/acetitomaculum_medium.yaml	CultureMech:001673	NiCl2 x 6 H2O	0.030985222	G_PER_L	0.000985222;0.03	value is the sum of differing parts; which one the medium means needs the source recipe
DIFFERING_PARTS	data/normalized_yaml/bacterial/acetitomaculum_medium.yaml	CultureMech:001673	Na2WO4 x 2 H2O	0.0004985222	G_PER_L	0.0000985222;0.0004	value is the sum of differing parts; which one the medium means needs the source recipe
DIFFERING_PARTS	data/normalized_yaml/bacterial/acetivibrio_cellulolyticus_medium.yaml	CultureMech:001142	MgSO4 x 7 H2O	4.2	G_PER_L	1.2;3.0	value is the sum of differing parts; which one the medium means needs the source recipe
DIFFERING_PARTS	data/normalized_yaml/bacterial/acetivibrio_cellulolyticus_medium.yaml	CultureMech:001142	CaCl2 x 2 H2O	0.82	G_PER_L	0.72;0.1	value is the sum of differing parts; which one the medium means needs the source recipe
DIFFERING_PARTS	data/normalized_yaml/bacterial/acetivibrio_cellulolyticus_medium.yaml	CultureMech:001142	FeSO4 x 7 H2O	1.1	G_PER_L	0.1;1.0	value is the sum of differing parts; which one the medium means needs the source recipe
DIFFERING_PARTS	data/normalized_yaml/bacterial/acetobacterium_dehalogenans_medium.yaml	CultureMech:000819	MgSO4 x 7 H2O	3.0994036	G_PER_L	0.0994036;3.0	value is the sum of differing parts; which one the medium means needs the source recipe
DIFFERING_PARTS	data/normalized_yaml/bacterial/acetobacterium_fimetarium_medium.yaml	CultureMech:001743	CaCl2 x 2 H2O	0.317606	G_PER_L	0.217606;0.1	value is the sum of differing parts; which one the medium means needs the source recipe
DIFFERING_PARTS	data/normalized_yaml/bacterial/acetobacterium_medium.yaml	CultureMech:000818	MgSO4 x 7 H2O	3.0979432	G_PER_L	0.0979432;3.0	value is the sum of differing parts; which one the medium means needs the source recipe
DIFFERING_PARTS	data/normalized_yaml/bacterial/acetobacterium_sp_medium.yaml	CultureMech:006105	CaCl2 x 2 H2O	0.317606	G_PER_L	0.217606;0.1	value is the sum of differing parts; which one the medium means needs the source recipe
DIFFERING_PARTS	data/normalized_yaml/bacterial/acetobacteroides_glycinophilus_medium.yaml	CultureMech:001430	CaCl2 x 2 H2O	0.23	G_PER_L	0.13;0.1	value is the sum of differing parts; which one the medium means needs the source recipe
DIFFERING_PARTS	data/normalized_yaml/bacterial/acetobacteroides_medium.yaml	CultureMech:001130	CaCl2 x 2 H2O	0.25	G_PER_L	0.15;0.1	value is the sum of differing parts; which one the medium means needs the source recipe
DIFFERING_PARTS	data/normalized_yaml/bacterial/acetogenium_medium.yaml	CultureMech:004198	NaCl	1.442043	G_PER_L	0.442043;1.0	value is the sum of differing parts; which one the medium means needs the source recipe
DIFFERING_PARTS	data/normalized_yaml/bacterial/acetogenium_medium.yaml	CultureMech:004198	MgSO4 x 7 H2O	3.0884086	G_PER_L	0.0884086;3.0	value is the sum of differing parts; which one the medium means needs the source recipe
DIFFERING_PARTS	data/normalized_yaml/bacterial/acetogenium_medium.yaml	CultureMech:004198	FeSO4 x 7 H2O	1.1	G_PER_L	0.1;1.0	value is the sum of differing parts; which one the medium means needs the source recipe
DIFFERING_PARTS	data/normalized_yaml/bacterial/acetohalobium_medium.yaml	CultureMech:001622	NaCl	149.368	G_PER_L	148.368;1.0	value is the sum of differing parts; which one the medium means needs the source recipe
DIFFERING_PARTS	data/normalized_yaml/bacterial/acetohalobium_medium_replace_trimethylamine_x_hcl_with_glycinebetaine.yaml	CultureMech:005622	NaCl	149.368	G_PER_L	148.368;1.0	value is the sum of differing parts; which one the medium means needs the source recipe
DIFFERING_PARTS	data/normalized_yaml/bacterial/acetomicrobium_faecale_medium.yaml	CultureMech:002238	NaCl	1.490196	G_PER_L	0.490196;1.0	value is the sum of differing parts; which one the medium means needs the source recipe
DIFFERING_PARTS	data/normalized_yaml/bacterial/acetomicrobium_faecale_medium.yaml	CultureMech:002238	MgSO4 x 7 H2O	3.0980392	G_PER_L	0.0980392;3.0	value is the sum of differing parts; which one the medium means needs the source recipe
DIFFERING_PARTS	data/normalized_yaml/bacterial/acetomicrobium_faecalis_medium.yaml	CultureMech:001521	NaCl	1.5	G_PER_L	0.5;1.0	value is the sum of differing parts; which one the medium means needs the source recipe
DIFFERING_PARTS	data/normalized_yaml/bacterial/acetomicrobium_faecalis_medium.yaml	CultureMech:001521	MgSO4 x 7 H2O	3.1	G_PER_L	0.1;3.0	value is the sum of differing parts; which one the medium means needs the source recipe
DIFFERING_PARTS	data/normalized_yaml/bacterial/acetomicrobium_faecalis_medium.yaml	CultureMech:001521	CaCl2 x 2 H2O	0.17	G_PER_L	0.07;0.1	value is the sum of differing parts; which one the medium means needs the source recipe
DIFFERING_PARTS	data/normalized_yaml/bacterial/acidic_glycerol_asparagine_agar_isp_medium_no_5.yaml	CultureMech:008198	Distilled water	101.0	G_PER_L	1.0;100.0	value is the sum of differing parts; which one the medium means needs the source recipe
DIFFERING_PARTS	data/normalized_yaml/bacterial/acidic_hb_1_medium.yaml	CultureMech:002189	KNO3	30.0	G_PER_L	20.0;10.0	value is the sum of differing parts; which one the medium means needs the source recipe
DIFFERING_PARTS	data/normalized_yaml/bacterial/acidihalobacter_prosperus_medium.yaml	CultureMech:001604	MgSO4 x 7 H2O	6.44311	G_PER_L	3.44311;3.0	value is the sum of differing parts; which one the medium means needs the source recipe
DIFFERING_PARTS	data/normalized_yaml/bacterial/acidihalobacter_prosperus_medium.yaml	CultureMech:001604	NaCl	1.499002	G_PER_L	0.499002;1.0	value is the sum of differing parts; which one the medium means needs the source recipe
DIFFERING_PARTS	data/normalized_yaml/bacterial/acidihalobacter_prosperus_medium.yaml	CultureMech:001604	NiCl2 x 6 H2O	0.03199601	G_PER_L	0.00199601;0.03	value is the sum of differing parts; which one the medium means needs the source recipe
DIFFERING_PARTS	data/normalized_yaml/bacterial/acidithiobacillus_ferrivorans_medium.yaml	CultureMech:000693	MgSO4 x 7 H2O	3.5	G_PER_L	0.5;3.0	value is the sum of differing parts; which one the medium means needs the source recipe
DIFFERING_PARTS	data/normalized_yaml/bacterial/acidithiobacillus_ferrivorans_medium.yaml	CultureMech:000693	FeSO4 x 7 H2O	0.13	G_PER_L	0.03;0.1	value is the sum of differing parts; which one the medium means needs the source recipe
DIFFERING_PARTS	data/normalized_yaml/bacterial/acidithrix_ferrooydans_medium.yaml	CultureMech:002197	MgSO4 x 7 H2O	8.0	G_PER_L	5.0;3.0	value is the sum of differing parts; which one the medium means needs the source recipe
DIFFERING_PARTS	data/normalized_yaml/bacterial/af6.yaml	CultureMech:008317	Distilled water	101.0	G_PER_L	1.0;100.0	value is the sum of differing parts; which one the medium means needs the source recipe
DIFFERING_PARTS	data/normalized_yaml/bacterial/af6_ph4_0.yaml	CultureMech:008731	Distilled water	101.0	G_PER_L	1.0;100.0	value is the sum of differing parts; which one the medium means needs the source recipe
DIFFERING_PARTS	data/normalized_yaml/bacterial/af6_rice_extract.yaml	CultureMech:008655	Distilled water	101.0	G_PER_L	1.0;100.0	value is the sum of differing parts; which one the medium means needs the source recipe
DIFFERING_PARTS	data/normalized_yaml/bacterial/algoriphagus_alkaliphilus_medium.yaml	CultureMech:000701	MgSO4 x 7 H2O	1.1	G_PER_L	0.1;1.0	value is the sum of differing parts; which one the medium means needs the source recipe
DIFFERING_PARTS	data/normalized_yaml/bacterial/alkalic_mrs_ph_8_5_3_nacl.yaml	CultureMech:008441	Distilled water	1000.0	G_PER_L	900.0;100.0	value is the sum of differing parts; which one the medium means needs the source recipe
DIFFERING_PARTS	data/normalized_yaml/bacterial/alkaline_halophile_medium.yaml	CultureMech:008289	MgSO4·7H2O	6.44	G_PER_L	0.24;6.2	value is the sum of differing parts; which one the medium means needs the source recipe
DIFFERING_PARTS	data/normalized_yaml/bacterial/alkaline_halophile_medium.yaml	CultureMech:008289	NaCl	201.0	G_PER_L	200.0;1.0	value is the sum of differing parts; which one the medium means needs the source recipe
DIFFERING_PARTS	data/normalized_yaml/bacterial/alkaline_malt_extract_agar.yaml	CultureMech:007924	Distilled water	1000.0	G_PER_L	900.0;100.0	value is the sum of differing parts; which one the medium means needs the source recipe
DIFFERING_PARTS	data/normalized_yaml/bacterial/alkaline_nutrient_agar_for_sporulation.yaml	CultureMech:009004	Distilled water	1100.0	G_PER_L	1000.0;100.0	value is the sum of differing parts; which one the medium means needs the source recipe
DIFFERING_PARTS	data/normalized_yaml/bacterial/alkaline_tryptone_yeast_extract_medium.yaml	CultureMech:009971	Distilled water	1000.0	G_PER_L	800.0;200.0	value is the sum of differing parts; which one the medium means needs the source recipe
DIFFERING_PARTS	data/normalized_yaml/bacterial/alkaliphiles_pirellula_medium_m1.yaml	CultureMech:000904	MgSO4 x 7 H2O	30.220833	G_PER_L	0.520833;29.7	value is the sum of differing parts; which one the medium means needs the source recipe
DIFFERING_PARTS	data/normalized_yaml/bacterial/alkaliphiles_pirellula_medium_m1.yaml	CultureMech:000904	FeSO4 x 7 H2O	0.599	G_PER_L	0.099;0.5	value is the sum of differing parts; which one the medium means needs the source recipe
DIFFERING_PARTS	data/normalized_yaml/bacterial/alkaliphiles_pirellula_medium_m1apy.yaml	CultureMech:000901	MgSO4 x 7 H2O	30.220833	G_PER_L	0.520833;29.7	value is the sum of differing parts; which one the medium means needs the source recipe
DIFFERING_PARTS	data/normalized_yaml/bacterial/alkaliphiles_pirellula_medium_m1apy.yaml	CultureMech:000901	FeSO4 x 7 H2O	0.599	G_PER_L	0.099;0.5	value is the sum of differing parts; which one the medium means needs the source recipe
DIFFERING_PARTS	data/normalized_yaml/bacterial/alkaliphiles_pirellula_medium_m1py.yaml	CultureMech:000899	MgSO4 x 7 H2O	30.226316	G_PER_L	0.526316;29.7	value is the sum of differing parts; which one the medium means needs the source recipe
DIFFERING_PARTS	data/normalized_yaml/bacterial/alkaliphiles_pirellula_medium_m1py.yaml	CultureMech:000899	FeSO4 x 7 H2O	0.599	G_PER_L	0.099;0.5	value is the sum of differing parts; which one the medium means needs the source recipe
DIFFERING_PARTS	data/normalized_yaml/bacterial/alkaliphilic_spirochaete_medium.yaml	CultureMech:001839	NaCl	11.0	G_PER_L	10.0;1.0	value is the sum of differing parts; which one the medium means needs the source recipe
DIFFERING_PARTS	data/normalized_yaml/bacterial/alkaliphilus_halophilus_medium.yaml	CultureMech:004040	NaCl	79.9474	G_PER_L	78.9474;1.0	value is the sum of differing parts; which one the medium means needs the source recipe
DIFFERING_PARTS	data/normalized_yaml/bacterial/alkaliphilus_halophilus_medium.yaml	CultureMech:004040	MgSO4 x 7 H2O	12.26316	G_PER_L	9.26316;3.0	value is the sum of differing parts; which one the medium means needs the source recipe
DIFFERING_PARTS	data/normalized_yaml/bacterial/alkaliphilus_hydrothermalis_medium.yaml	CultureMech:001145	NaCl	5.90196	G_PER_L	4.90196;1.0	value is the sum of differing parts; which one the medium means needs the source recipe
DIFFERING_PARTS	data/normalized_yaml/bacterial/alkaliphilus_medium.yaml	CultureMech:000753	NaCl	79.9474	G_PER_L	78.9474;1.0	value is the sum of differing parts; which one the medium means needs the source recipe
DIFFERING_PARTS	data/normalized_yaml/bacterial/alkaliphilus_medium.yaml	CultureMech:000753	MgSO4 x 7 H2O	12.26316	G_PER_L	9.26316;3.0	value is the sum of differing parts; which one the medium means needs the source recipe
DIFFERING_PARTS	data/normalized_yaml/bacterial/alkaliphilus_transvaalensis_medium.yaml	CultureMech:001041	NaCl	30.703	G_PER_L	29.703;1.0	value is the sum of differing parts; which one the medium means needs the source recipe
DIFFERING_PARTS	data/normalized_yaml/bacterial/alkaliphilus_transvaalensis_medium.yaml	CultureMech:001041	CaCl2 x 2 H2O	0.238614	G_PER_L	0.138614;0.1	value is the sum of differing parts; which one the medium means needs the source recipe
DIFFERING_PARTS	data/normalized_yaml/bacterial/alkaliphilus_transvaalensis_medium.yaml	CultureMech:001041	MgSO4 x 7 H2O	6.36634	G_PER_L	3.36634;3.0	value is the sum of differing parts; which one the medium means needs the source recipe
DIFFERING_PARTS	data/normalized_yaml/bacterial/alkaliphilus_transvaalensis_medium.yaml	CultureMech:001041	NiCl2 x 6 H2O	0.03049505	G_PER_L	0.00049505;0.03	value is the sum of differing parts; which one the medium means needs the source recipe
DIFFERING_PARTS	data/normalized_yaml/bacterial/alkaliphilus_transvaalensis_medium.yaml	CultureMech:001041	Na2SeO3 x 5 H2O	0.00079505	G_PER_L	0.00049505;0.0003	value is the sum of differing parts; which one the medium means needs the source recipe
DIFFERING_PARTS	data/normalized_yaml/bacterial/allen_medium.yaml	CultureMech:008820	Deionized water	207.0	G_PER_L	200.0;1.0;1.0;1.0;1.0;1.0;1.0;1.0	value is the sum of differing parts; which one the medium means needs the source recipe
DIFFERING_PARTS	data/normalized_yaml/bacterial/am5_medium_elusimicrobium_medium.yaml	CultureMech:001186	NaHCO3	202.52021	G_PER_L	2.52021;100.0;100.0	value is the sum of differing parts; which one the medium means needs the source recipe
DIFFERING_PARTS	data/normalized_yaml/bacterial/am5_medium_elusimicrobium_medium.yaml	CultureMech:001186	NaOH	300.5	G_PER_L	0.5;100.0;100.0;100.0	value is the sum of differing parts; which one the medium means needs the source recipe
DIFFERING_PARTS	data/normalized_yaml/bacterial/aminiphilus_circumsriptus_medium.yaml	CultureMech:002898	NaCl	10.90099	G_PER_L	9.90099;1.0	value is the sum of differing parts; which one the medium means needs the source recipe
DIFFERING_PARTS	data/normalized_yaml/bacterial/aminiphilus_medium.yaml	CultureMech:000517	NaCl	10.90099	G_PER_L	9.90099;1.0	value is the sum of differing parts; which one the medium means needs the source recipe
DIFFERING_PARTS	data/normalized_yaml/bacterial/ammonifex_degensii_medium.yaml	CultureMech:001854	NaCl	1.997009	G_PER_L	0.997009;1.0	value is the sum of differing parts; which one the medium means needs the source recipe
DIFFERING_PARTS	data/normalized_yaml/bacterial/ammonifex_degensii_medium.yaml	CultureMech:001854	MgSO4 x 7 H2O	3.0897308	G_PER_L	0.0897308;3.0	value is the sum of differing parts; which one the medium means needs the source recipe
DIFFERING_PARTS	data/normalized_yaml/bacterial/ammonifex_degensii_medium.yaml	CultureMech:001854	CaCl2 x 2 H2O	0.1598205	G_PER_L	0.0598205;0.1	value is the sum of differing parts; which one the medium means needs the source recipe
DIFFERING_PARTS	data/normalized_yaml/bacterial/ammonifex_degensii_medium.yaml	CultureMech:001854	FeSO4 x 7 H2O	0.10199402	G_PER_L	0.00199402;0.1	value is the sum of differing parts; which one the medium means needs the source recipe
DIFFERING_PARTS	data/normalized_yaml/bacterial/ammonifex_degensii_medium.yaml	CultureMech:001854	NiCl2 x 6 H2O	0.030199402	G_PER_L	0.000199402;0.03	value is the sum of differing parts; which one the medium means needs the source recipe
DIFFERING_PARTS	data/normalized_yaml/bacterial/ammonifex_medium.yaml	CultureMech:006353	NaCl	1.997009	G_PER_L	0.997009;1.0	value is the sum of differing parts; which one the medium means needs the source recipe
DIFFERING_PARTS	data/normalized_yaml/bacterial/ammonifex_medium.yaml	CultureMech:006353	MgSO4 x 7 H2O	3.0897308	G_PER_L	0.0897308;3.0	value is the sum of differing parts; which one the medium means needs the source recipe
DIFFERING_PARTS	data/normalized_yaml/bacterial/ammonifex_medium.yaml	CultureMech:006353	CaCl2 x 2 H2O	0.1598205	G_PER_L	0.0598205;0.1	value is the sum of differing parts; which one the medium means needs the source recipe
DIFFERING_PARTS	data/normalized_yaml/bacterial/ammonifex_medium.yaml	CultureMech:006353	FeSO4 x 7 H2O	0.10199402	G_PER_L	0.00199402;0.1	value is the sum of differing parts; which one the medium means needs the source recipe
DIFFERING_PARTS	data/normalized_yaml/bacterial/ammonifex_medium.yaml	CultureMech:006353	NiCl2 x 6 H2O	0.030199402	G_PER_L	0.000199402;0.03	value is the sum of differing parts; which one the medium means needs the source recipe
DIFFERING_PARTS	data/normalized_yaml/bacterial/anaerobacca_medium.yaml	CultureMech:001263	NaCl	10.8912	G_PER_L	9.8912;1.0	value is the sum of differing parts; which one the medium means needs the source recipe
DIFFERING_PARTS	data/normalized_yaml/bacterial/anaerobacca_medium.yaml	CultureMech:001263	CaCl2 x 2 H2O	0.495648	G_PER_L	0.395648;0.1	value is the sum of differing parts; which one the medium means needs the source recipe
DIFFERING_PARTS	data/normalized_yaml/bacterial/anaerobaculum_medium.yaml	CultureMech:000474	NaCl	10.0	G_PER_L	8.0;2.0	value is the sum of differing parts; which one the medium means needs the source recipe
DIFFERING_PARTS	data/normalized_yaml/bacterial/anaerobaculum_thermoterrenum_medium.yaml	CultureMech:003609	NaCl	10.0	G_PER_L	8.0;2.0	value is the sum of differing parts; which one the medium means needs the source recipe
DIFFERING_PARTS	data/normalized_yaml/bacterial/anaerobic_alkaline_glucose_medium.yaml	CultureMech:007857	Distilled water	1000.0	G_PER_L	900.0;100.0	value is the sum of differing parts; which one the medium means needs the source recipe
DIFFERING_PARTS	data/normalized_yaml/bacterial/anaerobic_freshwater_fwm_medium_for_dsm_15978.yaml	CultureMech:009205	Distilled water	3970.0	G_PER_L	940.0;990.0;1000.0;1000.0;30.0;10.0	value is the sum of differing parts; which one the medium means needs the source recipe
DIFFERING_PARTS	data/normalized_yaml/bacterial/anaerobranca_gottschalkii_medium.yaml	CultureMech:002058	MgSO4 x 7 H2O	3.0987167	G_PER_L	0.0987167;3.0	value is the sum of differing parts; which one the medium means needs the source recipe
DIFFERING_PARTS	data/normalized_yaml/bacterial/anaerobranca_gottschalkii_medium.yaml	CultureMech:002058	CaCl2 x 2 H2O	0.1493583	G_PER_L	0.0493583;0.1	value is the sum of differing parts; which one the medium means needs the source recipe
DIFFERING_PARTS	data/normalized_yaml/bacterial/anaerobranca_gottschalkii_medium.yaml	CultureMech:002058	NaCl	10.87167	G_PER_L	9.87167;1.0	value is the sum of differing parts; which one the medium means needs the source recipe
DIFFERING_PARTS	data/normalized_yaml/bacterial/anaerobranca_gottschalkii_medium.yaml	CultureMech:002058	FeSO4 x 7 H2O	0.10197433	G_PER_L	0.00197433;0.1	value is the sum of differing parts; which one the medium means needs the source recipe
DIFFERING_PARTS	data/normalized_yaml/bacterial/anaerotignum_neopropionicum_medium.yaml	CultureMech:001418	NaCl	1.5923	G_PER_L	0.5923;1.0	value is the sum of differing parts; which one the medium means needs the source recipe
DIFFERING_PARTS	data/normalized_yaml/bacterial/anaerotignum_neopropionicum_medium.yaml	CultureMech:001418	CaCl2 x 2 H2O	0.1789733	G_PER_L	0.0789733;0.1	value is the sum of differing parts; which one the medium means needs the source recipe
DIFFERING_PARTS	data/normalized_yaml/bacterial/ancalomicrobium_medium.yaml	CultureMech:001731	FeSO4 x 7 H2O	0.599	G_PER_L	0.099;0.5	value is the sum of differing parts; which one the medium means needs the source recipe
DIFFERING_PARTS	data/normalized_yaml/bacterial/anoxic_version.yaml	CultureMech:006449	NaOH	26.0	G_PER_L	25.0;1.0	value is the sum of differing parts; which one the medium means needs the source recipe
DIFFERING_PARTS	data/normalized_yaml/bacterial/anoxic_version.yaml	CultureMech:006449	Ethanol	959.5	G_PER_L	9.5;950.0	value is the sum of differing parts; which one the medium means needs the source recipe
DIFFERING_PARTS	data/normalized_yaml/bacterial/ap11mh_medium.yaml	CultureMech:008415	NaCl	31.0	G_PER_L	30.0;1.0	value is the sum of differing parts; which one the medium means needs the source recipe
DIFFERING_PARTS	data/normalized_yaml/bacterial/ap11mh_medium.yaml	CultureMech:008415	CaCl2·2H2O	0.25	G_PER_L	0.15;0.1	value is the sum of differing parts; which one the medium means needs the source recipe
DIFFERING_PARTS	data/normalized_yaml/bacterial/aquifex_medium.yaml	CultureMech:002613	NaCl	30.4118	G_PER_L	29.4118;1.0	value is the sum of differing parts; which one the medium means needs the source recipe
DIFFERING_PARTS	data/normalized_yaml/bacterial/aquifex_medium.yaml	CultureMech:002613	MgSO4 x 7 H2O	9.86275	G_PER_L	6.86275;3.0	value is the sum of differing parts; which one the medium means needs the source recipe
DIFFERING_PARTS	data/normalized_yaml/bacterial/aquifex_medium.yaml	CultureMech:002613	CaCl2 x 2 H2O	0.590196	G_PER_L	0.490196;0.1	value is the sum of differing parts; which one the medium means needs the source recipe
DIFFERING_PARTS	data/normalized_yaml/bacterial/archeoglobus_veneficus_medium.yaml	CultureMech:006506	NaCl	27.9462	G_PER_L	17.9462;10.0	value is the sum of differing parts; which one the medium means needs the source recipe
DIFFERING_PARTS	data/normalized_yaml/bacterial/archeoglobus_veneficus_medium.yaml	CultureMech:006506	CaCl2 x 2 H2O	1.139581	G_PER_L	0.139581;1.0	value is the sum of differing parts; which one the medium means needs the source recipe
DIFFERING_PARTS	data/normalized_yaml/bacterial/aromatoleum_medium.yaml	CultureMech:001192	Double distilled water	1250.0	G_PER_L	50.0;1000.0;100.0;100.0	value is the sum of differing parts; which one the medium means needs the source recipe
DIFFERING_PARTS	data/normalized_yaml/bacterial/artificial_deep_lake_medium.yaml	CultureMech:008960	Distilled water	991.0	G_PER_L	990.0;1.0	value is the sum of differing parts; which one the medium means needs the source recipe
DIFFERING_PARTS	data/normalized_yaml/bacterial/artificial_seawater_medium_for_strain_js_srb250lac.yaml	CultureMech:008354	Distilled water	1093.0	G_PER_L	1.0;990.0;1.0;1.0;100.0	value is the sum of differing parts; which one the medium means needs the source recipe
DIFFERING_PARTS	data/normalized_yaml/bacterial/artificial_seawater_yeast_extract_tryptone_medium.yaml	CultureMech:007903	Distilled water	801.0	G_PER_L	800.0;1.0	value is the sum of differing parts; which one the medium means needs the source recipe
DIFFERING_PARTS	data/normalized_yaml/bacterial/as_medium.yaml	CultureMech:008388	CaCl2·2H2O	0.318	G_PER_L	0.3;0.018	value is the sum of differing parts; which one the medium means needs the source recipe
DIFFERING_PARTS	data/normalized_yaml/bacterial/as_medium.yaml	CultureMech:008388	H3BO3	0.042	G_PER_L	0.025;0.017	value is the sum of differing parts; which one the medium means needs the source recipe
DIFFERING_PARTS	data/normalized_yaml/bacterial/asw_bg.yaml	CultureMech:000316	NaNO3	130.0	G_PER_L	30.0;100.0	value is the sum of differing parts; which one the medium means needs the source recipe
DIFFERING_PARTS	data/normalized_yaml/bacterial/asw_bg.yaml	CultureMech:000316	K2HPO4	11.0	G_PER_L	1.0;10.0	value is the sum of differing parts; which one the medium means needs the source recipe
DIFFERING_PARTS	data/normalized_yaml/bacterial/asw_ses.yaml	CultureMech:000318	K2HPO4	21.0	G_PER_L	1.0;20.0	value is the sum of differing parts; which one the medium means needs the source recipe
DIFFERING_PARTS	data/normalized_yaml/bacterial/bacillus_aa_medium.yaml	CultureMech:002927	NaCl	1.98912	G_PER_L	0.98912;1.0	value is the sum of differing parts; which one the medium means needs the source recipe
DIFFERING_PARTS	data/normalized_yaml/bacterial/bacillus_macyae_medium.yaml	CultureMech:003163	p-Aminobenzoic acid	0.085	G_PER_L	0.08;0.005	value is the sum of differing parts; which one the medium means needs the source recipe
DIFFERING_PARTS	data/normalized_yaml/bacterial/bacillus_macyae_medium.yaml	CultureMech:003163	Biotin	0.022	G_PER_L	0.02;0.002	value is the sum of differing parts; which one the medium means needs the source recipe
DIFFERING_PARTS	data/normalized_yaml/bacterial/bacteroides_cellulosolvens_medium.yaml	CultureMech:001415	MgSO4 x 7 H2O	3.12	G_PER_L	0.12;3.0	value is the sum of differing parts; which one the medium means needs the source recipe
DIFFERING_PARTS	data/normalized_yaml/bacterial/bacteroides_cellulosolvens_medium.yaml	CultureMech:001415	CaCl2 x 2 H2O	0.16	G_PER_L	0.06;0.1	value is the sum of differing parts; which one the medium means needs the source recipe
DIFFERING_PARTS	data/normalized_yaml/bacterial/bacteroides_cellulosolvens_medium_replace_cellobiose_with_cellulose.yaml	CultureMech:004999	MgSO4 x 7 H2O	3.12	G_PER_L	0.12;3.0	value is the sum of differing parts; which one the medium means needs the source recipe
DIFFERING_PARTS	data/normalized_yaml/bacterial/bacteroides_cellulosolvens_medium_replace_cellobiose_with_cellulose.yaml	CultureMech:004999	CaCl2 x 2 H2O	0.16	G_PER_L	0.06;0.1	value is the sum of differing parts; which one the medium means needs the source recipe
DIFFERING_PARTS	data/normalized_yaml/bacterial/basal_medium.yaml	CultureMech:000417	NaHCO3	3.34007	G_PER_L	2.5;0.84007	value is the sum of differing parts; which one the medium means needs the source recipe
DIFFERING_PARTS	data/normalized_yaml/bacterial/basal_salt_medium_with_biphenyl.yaml	CultureMech:008625	Distilled water	1338.0	G_PER_L	936.0;1.0;1.0;100.0;100.0;100.0;100.0	value is the sum of differing parts; which one the medium means needs the source recipe
DIFFERING_PARTS	data/normalized_yaml/bacterial/bb_merds.yaml	CultureMech:000323	NaNO3	11.0	G_PER_L	10.0;1.0	value is the sum of differing parts; which one the medium means needs the source recipe
DIFFERING_PARTS	data/normalized_yaml/bacterial/bb_merds.yaml	CultureMech:000323	MgSO4 x 7 H2O	30.0	G_PER_L	10.0;20.0	value is the sum of differing parts; which one the medium means needs the source recipe
DIFFERING_PARTS	data/normalized_yaml/bacterial/bb_merds.yaml	CultureMech:000323	K2HPO4	30.0	G_PER_L	10.0;20.0	value is the sum of differing parts; which one the medium means needs the source recipe
DIFFERING_PARTS	data/normalized_yaml/bacterial/bg11_ph9_0.yaml	CultureMech:008730	Distilled water	201.0	G_PER_L	1.0;100.0;100.0	value is the sum of differing parts; which one the medium means needs the source recipe
DIFFERING_PARTS	data/normalized_yaml/bacterial/bg11_ph9_0.yaml	CultureMech:008730	Citric acid·H2O	6.3	G_PER_L	6.0;0.3	value is the sum of differing parts; which one the medium means needs the source recipe
DIFFERING_PARTS	data/normalized_yaml/bacterial/bhi_w_heat_inactivated_fetal_bovine_serum_and_glucose.yaml	CultureMech:009188	DI Water	900.0	G_PER_L	850.0;50.0	value is the sum of differing parts; which one the medium means needs the source recipe
DIFFERING_PARTS	data/normalized_yaml/bacterial/bifidobacterium_medium.yaml	CultureMech:001717	K2HPO4	3.0	G_PER_L	2.0;1.0	value is the sum of differing parts; which one the medium means needs the source recipe
DIFFERING_PARTS	data/normalized_yaml/bacterial/bifidobacterium_medium.yaml	CultureMech:001717	MgSO4 x 7 H2O	0.7	G_PER_L	0.2;0.5	value is the sum of differing parts; which one the medium means needs the source recipe
DIFFERING_PARTS	data/normalized_yaml/bacterial/bifidobacterium_medium.yaml	CultureMech:001717	NaCl	7.0	G_PER_L	5.0;2.0	value is the sum of differing parts; which one the medium means needs the source recipe
DIFFERING_PARTS	data/normalized_yaml/bacterial/blautia_medium.yaml	CultureMech:002083	MgSO4 x 7 H2O	3.11976	G_PER_L	0.11976;3.0	value is the sum of differing parts; which one the medium means needs the source recipe
DIFFERING_PARTS	data/normalized_yaml/bacterial/blautia_medium.yaml	CultureMech:002083	CaCl2 x 2 H2O	0.1798403	G_PER_L	0.0798403;0.1	value is the sum of differing parts; which one the medium means needs the source recipe
DIFFERING_PARTS	data/normalized_yaml/bacterial/bm7co_medium.yaml	CultureMech:002440	CaCl2 x 2 H2O	37.51	G_PER_L	0.01;37.5	value is the sum of differing parts; which one the medium means needs the source recipe
DIFFERING_PARTS	data/normalized_yaml/bacterial/bm_for_syntrophicus_schinkii.yaml	CultureMech:003080	Na2WO4 x 2 H2O	0.01394059	G_PER_L	0.00594059;0.008	value is the sum of differing parts; which one the medium means needs the source recipe
DIFFERING_PARTS	data/normalized_yaml/bacterial/bn3_medium.yaml	CultureMech:002783	Vitamin B12	5.0001	G_PER_L	5.0;0.0001	value is the sum of differing parts; which one the medium means needs the source recipe
DIFFERING_PARTS	data/normalized_yaml/bacterial/bphd_medium.yaml	CultureMech:001874	FeSO4 x 7 H2O	0.14	G_PER_L	0.04;0.1	value is the sum of differing parts; which one the medium means needs the source recipe
DIFFERING_PARTS	data/normalized_yaml/bacterial/bphd_medium_replace_cresol_with_phenol.yaml	CultureMech:006386	FeSO4 x 7 H2O	0.14	G_PER_L	0.04;0.1	value is the sum of differing parts; which one the medium means needs the source recipe
DIFFERING_PARTS	data/normalized_yaml/bacterial/brain_heart_infusion_bhi_with_sodium_acetate.yaml	CultureMech:009557	Distilled water	10.0	G_PER_L	1.0;9.0	value is the sum of differing parts; which one the medium means needs the source recipe
DIFFERING_PARTS	data/normalized_yaml/bacterial/bs_medium.yaml	CultureMech:006101	NaCl	48.15	G_PER_L	47.15;1.0	value is the sum of differing parts; which one the medium means needs the source recipe
DIFFERING_PARTS	data/normalized_yaml/bacterial/bs_medium.yaml	CultureMech:006101	MgSO4 x 7 H2O	10.0	G_PER_L	7.0;3.0	value is the sum of differing parts; which one the medium means needs the source recipe
DIFFERING_PARTS	data/normalized_yaml/bacterial/bs_medium.yaml	CultureMech:006101	CaCl2 x 2 H2O	3.23	G_PER_L	3.13;0.1	value is the sum of differing parts; which one the medium means needs the source recipe
DIFFERING_PARTS	data/normalized_yaml/bacterial/bs_medium.yaml	CultureMech:006101	H3BO3	0.062	G_PER_L	0.052;0.01	value is the sum of differing parts; which one the medium means needs the source recipe
DIFFERING_PARTS	data/normalized_yaml/bacterial/bsk_medium.yaml	CultureMech:001513	Double distilled water	1243.0	G_PER_L	900.0;200.0;143.0	value is the sum of differing parts; which one the medium means needs the source recipe
DIFFERING_PARTS	data/normalized_yaml/bacterial/btu_medium.yaml	CultureMech:001522	NaOH	26.0	G_PER_L	25.0;1.0	value is the sum of differing parts; which one the medium means needs the source recipe
DIFFERING_PARTS	data/normalized_yaml/bacterial/btu_medium.yaml	CultureMech:001522	Ethanol	959.5	G_PER_L	9.5;950.0	value is the sum of differing parts; which one the medium means needs the source recipe
DIFFERING_PARTS	data/normalized_yaml/bacterial/btu_medium_replace_formiate_with_fumarate.yaml	CultureMech:005239	NaOH	26.0	G_PER_L	25.0;1.0	value is the sum of differing parts; which one the medium means needs the source recipe
DIFFERING_PARTS	data/normalized_yaml/bacterial/btu_medium_replace_formiate_with_fumarate.yaml	CultureMech:005239	Ethanol	959.5	G_PER_L	9.5;950.0	value is the sum of differing parts; which one the medium means needs the source recipe
DIFFERING_PARTS	data/normalized_yaml/bacterial/c5bel_medium.yaml	CultureMech:003192	NaCl	1.940734	G_PER_L	0.940734;1.0	value is the sum of differing parts; which one the medium means needs the source recipe
DIFFERING_PARTS	data/normalized_yaml/bacterial/c5bel_medium.yaml	CultureMech:003192	CaCl2 x 2 H2O	0.1940734	G_PER_L	0.0940734;0.1	value is the sum of differing parts; which one the medium means needs the source recipe
DIFFERING_PARTS	data/normalized_yaml/bacterial/caldicellulosiruptor_acetigenus_medium.yaml	CultureMech:000914	NaCl	1.9	G_PER_L	0.9;1.0	value is the sum of differing parts; which one the medium means needs the source recipe
DIFFERING_PARTS	data/normalized_yaml/bacterial/caldicellulosiruptor_medium_for_dsm_10319.yaml	CultureMech:009111	Distilled water	1990.0	G_PER_L	1000.0;990.0	value is the sum of differing parts; which one the medium means needs the source recipe
DIFFERING_PARTS	data/normalized_yaml/bacterial/caldicoprobacter_algeriensis_medium.yaml	CultureMech:000755	NaCl	1.5	G_PER_L	0.5;1.0	value is the sum of differing parts; which one the medium means needs the source recipe
DIFFERING_PARTS	data/normalized_yaml/bacterial/caldimicrobium_thiodismutans_medium.yaml	CultureMech:000740	NaOH	20.5	G_PER_L	0.5;20.0	value is the sum of differing parts; which one the medium means needs the source recipe
DIFFERING_PARTS	data/normalized_yaml/bacterial/caldinitratiruptor_microaerophilus_medium.yaml	CultureMech:003125	NaCl	1.947867	G_PER_L	0.947867;1.0	value is the sum of differing parts; which one the medium means needs the source recipe
DIFFERING_PARTS	data/normalized_yaml/bacterial/caldinitratiruptor_microaerophilus_medium.yaml	CultureMech:003125	CaCl2 x 2 H2O	0.1947867	G_PER_L	0.0947867;0.1	value is the sum of differing parts; which one the medium means needs the source recipe
DIFFERING_PARTS	data/normalized_yaml/bacterial/caldisericum_medium.yaml	CultureMech:000669	CaCl2 x 2 H2O	0.249551	G_PER_L	0.149551;0.1	value is the sum of differing parts; which one the medium means needs the source recipe
DIFFERING_PARTS	data/normalized_yaml/bacterial/caldithrix_medium.yaml	CultureMech:002125	MgSO4 x 7 H2O	17.0	G_PER_L	3.0;14.0	value is the sum of differing parts; which one the medium means needs the source recipe
DIFFERING_PARTS	data/normalized_yaml/bacterial/caldithrix_medium.yaml	CultureMech:002125	NaCl	56.4	G_PER_L	1.0;55.4	value is the sum of differing parts; which one the medium means needs the source recipe
DIFFERING_PARTS	data/normalized_yaml/bacterial/caldithrix_medium.yaml	CultureMech:002125	CaCl2 x 2 H2O	1.6	G_PER_L	0.1;1.5	value is the sum of differing parts; which one the medium means needs the source recipe
DIFFERING_PARTS	data/normalized_yaml/bacterial/caloramator_quimbayensis_medium.yaml	CultureMech:000944	CaCl2 x 2 H2O	0.1998004	G_PER_L	0.0998004;0.1	value is the sum of differing parts; which one the medium means needs the source recipe
DIFFERING_PARTS	data/normalized_yaml/bacterial/caloramator_quimbayensis_medium.yaml	CultureMech:000944	NaCl	20.9601	G_PER_L	19.9601;1.0	value is the sum of differing parts; which one the medium means needs the source recipe
DIFFERING_PARTS	data/normalized_yaml/bacterial/calroanaerobacter_medium.yaml	CultureMech:002227	NaCl	22.8905	G_PER_L	21.8905;1.0	value is the sum of differing parts; which one the medium means needs the source recipe
DIFFERING_PARTS	data/normalized_yaml/bacterial/calroanaerobacter_medium.yaml	CultureMech:002227	MgSO4 x 7 H2O	8.97015	G_PER_L	5.97015;3.0	value is the sum of differing parts; which one the medium means needs the source recipe
DIFFERING_PARTS	data/normalized_yaml/bacterial/caminibacter_mediatlanticus_medium.yaml	CultureMech:001934	NaCl	40.3337	G_PER_L	30.3337;10.0	value is the sum of differing parts; which one the medium means needs the source recipe
DIFFERING_PARTS	data/normalized_yaml/bacterial/caminibacter_mediatlanticus_medium.yaml	CultureMech:001934	MgSO4 x 7 H2O	33.53893	G_PER_L	3.53893;30.0	value is the sum of differing parts; which one the medium means needs the source recipe
DIFFERING_PARTS	data/normalized_yaml/bacterial/caminibacter_mediatlanticus_medium.yaml	CultureMech:001934	H3BO3	0.1151668	G_PER_L	0.0151668;0.1	value is the sum of differing parts; which one the medium means needs the source recipe
DIFFERING_PARTS	data/normalized_yaml/bacterial/caminibacter_medium.yaml	CultureMech:002726	NaCl	30.4118	G_PER_L	29.4118;1.0	value is the sum of differing parts; which one the medium means needs the source recipe
DIFFERING_PARTS	data/normalized_yaml/bacterial/casman_medium.yaml	CultureMech:001547	Sheep blood	51.5	G_PER_L	50.0;1.5	value is the sum of differing parts; which one the medium means needs the source recipe
DIFFERING_PARTS	data/normalized_yaml/bacterial/castenholz_tye_medium.yaml	CultureMech:008898	DI Water	3500.0	G_PER_L	400.0;1000.0;1000.0;100.0;1000.0	value is the sum of differing parts; which one the medium means needs the source recipe
DIFFERING_PARTS	data/normalized_yaml/bacterial/cedears_standard_medium_2.yaml	CultureMech:008684	CaCl2·2H2O	0.39	G_PER_L	0.29;0.1	value is the sum of differing parts; which one the medium means needs the source recipe
DIFFERING_PARTS	data/normalized_yaml/bacterial/cedears_standard_medium_3.yaml	CultureMech:008766	CaCl2·2H2O	0.247	G_PER_L	0.147;0.1	value is the sum of differing parts; which one the medium means needs the source recipe
DIFFERING_PARTS	data/normalized_yaml/bacterial/cejfb1t_medium.yaml	CultureMech:003336	Tryptone	50.49554	G_PER_L	0.49554;50.0	value is the sum of differing parts; which one the medium means needs the source recipe
DIFFERING_PARTS	data/normalized_yaml/bacterial/cens_medium.yaml	CultureMech:001882	EDTA	12.22722	G_PER_L	0.005;10.0;2.22222	value is the sum of differing parts; which one the medium means needs the source recipe
DIFFERING_PARTS	data/normalized_yaml/bacterial/chemically_defined_medium.yaml	CultureMech:009589	Distilled water	1002.0	G_PER_L	1.0;1000.0;1.0	value is the sum of differing parts; which one the medium means needs the source recipe
DIFFERING_PARTS	data/normalized_yaml/bacterial/chlamydia_serpentis_poikilotherma_medium.yaml	CultureMech:001238	Demineralized water	60.0	G_PER_L	50.0;10.0	value is the sum of differing parts; which one the medium means needs the source recipe
DIFFERING_PARTS	data/normalized_yaml/bacterial/chopped_meat_carbohydrates_with_rumen_fluid.yaml	CultureMech:009143	Distilled water	101.0	G_PER_L	1.0;100.0	value is the sum of differing parts; which one the medium means needs the source recipe
DIFFERING_PARTS	data/normalized_yaml/bacterial/chopped_meat_carbohydrates_with_rumen_fluid.yaml	CultureMech:009143	N NaOH	26.0	G_PER_L	25.0;1.0	value is the sum of differing parts; which one the medium means needs the source recipe
DIFFERING_PARTS	data/normalized_yaml/bacterial/chopped_meat_medium.yaml	CultureMech:001926	NaOH	26.0	G_PER_L	25.0;1.0	value is the sum of differing parts; which one the medium means needs the source recipe
DIFFERING_PARTS	data/normalized_yaml/bacterial/chopped_meat_medium.yaml	CultureMech:001926	Ethanol	959.5	G_PER_L	950.0;9.5	value is the sum of differing parts; which one the medium means needs the source recipe
DIFFERING_PARTS	data/normalized_yaml/bacterial/chopped_meat_medium_add_vitamin_k1.yaml	CultureMech:009092	Distilled water	1099.0	G_PER_L	1000.0;99.0	value is the sum of differing parts; which one the medium means needs the source recipe
DIFFERING_PARTS	data/normalized_yaml/bacterial/chopped_meat_medium_add_vitamin_k1_and_agar.yaml	CultureMech:009094	Distilled water	1099.0	G_PER_L	1000.0;99.0	value is the sum of differing parts; which one the medium means needs the source recipe
DIFFERING_PARTS	data/normalized_yaml/bacterial/chopped_meat_medium_add_vitamin_k3.yaml	CultureMech:009093	Distilled water	1099.0	G_PER_L	1000.0;99.0	value is the sum of differing parts; which one the medium means needs the source recipe
DIFFERING_PARTS	data/normalized_yaml/bacterial/chopped_meat_medium_add_vitamin_k3_and_agar.yaml	CultureMech:009095	Distilled water	1099.0	G_PER_L	1000.0;99.0	value is the sum of differing parts; which one the medium means needs the source recipe
DIFFERING_PARTS	data/normalized_yaml/bacterial/chopped_meat_medium_atcc_1490_with_formate_and_fumarate_atcc_9733.yaml	CultureMech:009185	N NaOH	26.0	G_PER_L	25.0;1.0	value is the sum of differing parts; which one the medium means needs the source recipe
DIFFERING_PARTS	data/normalized_yaml/bacterial/chopped_meat_medium_for_fretibacterium_sp.yaml	CultureMech:001929	NaOH	26.0	G_PER_L	25.0;1.0	value is the sum of differing parts; which one the medium means needs the source recipe
DIFFERING_PARTS	data/normalized_yaml/bacterial/chopped_meat_medium_for_treponema_sp.yaml	CultureMech:001927	NaOH	26.0	G_PER_L	25.0;1.0	value is the sum of differing parts; which one the medium means needs the source recipe
DIFFERING_PARTS	data/normalized_yaml/bacterial/chopped_meat_medium_for_treponema_sp.yaml	CultureMech:001927	Ethanol	959.5	G_PER_L	9.5;950.0	value is the sum of differing parts; which one the medium means needs the source recipe
DIFFERING_PARTS	data/normalized_yaml/bacterial/chopped_meat_medium_n2_co2.yaml	CultureMech:001928	NaOH	26.0	G_PER_L	25.0;1.0	value is the sum of differing parts; which one the medium means needs the source recipe
DIFFERING_PARTS	data/normalized_yaml/bacterial/chopped_meat_medium_n2_co2.yaml	CultureMech:001928	Ethanol	959.5	G_PER_L	950.0;9.5	value is the sum of differing parts; which one the medium means needs the source recipe
DIFFERING_PARTS	data/normalized_yaml/bacterial/chopped_meat_medium_with_carbohydrates.yaml	CultureMech:000544	NaOH	26.0	G_PER_L	25.0;1.0	value is the sum of differing parts; which one the medium means needs the source recipe
DIFFERING_PARTS	data/normalized_yaml/bacterial/chopped_meat_medium_with_carbohydrates.yaml	CultureMech:000544	Ethanol	959.5	G_PER_L	950.0;9.5	value is the sum of differing parts; which one the medium means needs the source recipe
DIFFERING_PARTS	data/normalized_yaml/bacterial/chromatium_medium.yaml	CultureMech:009124	DI Water	6932.0	G_PER_L	1000.0;32.0;900.0;200.0;1000.0;100.0;100.0;3600.0	value is the sum of differing parts; which one the medium means needs the source recipe
DIFFERING_PARTS	data/normalized_yaml/bacterial/chromatium_medium.yaml	CultureMech:009124	MnCl2 x 4H2O	7.02	G_PER_L	0.02;7.0	value is the sum of differing parts; which one the medium means needs the source recipe
DIFFERING_PARTS	data/normalized_yaml/bacterial/chromatium_tepidum_medium.yaml	CultureMech:001482	Na2-EDTA	5.21	G_PER_L	0.01;5.2	value is the sum of differing parts; which one the medium means needs the source recipe
DIFFERING_PARTS	data/normalized_yaml/bacterial/clostridiisalibacter_paucivorans_medium.yaml	CultureMech:002921	NaCl	44.9078	G_PER_L	43.9078;1.0	value is the sum of differing parts; which one the medium means needs the source recipe
DIFFERING_PARTS	data/normalized_yaml/bacterial/clostridium_aldrichii_medium.yaml	CultureMech:009273	MgSO4 . 7H2O	3.5	G_PER_L	0.5;3.0	value is the sum of differing parts; which one the medium means needs the source recipe
DIFFERING_PARTS	data/normalized_yaml/bacterial/clostridium_aldrichii_medium.yaml	CultureMech:009273	NaCl	1.9	G_PER_L	0.9;1.0	value is the sum of differing parts; which one the medium means needs the source recipe
DIFFERING_PARTS	data/normalized_yaml/bacterial/clostridium_aldrichii_medium.yaml	CultureMech:009273	CaCl2	0.19	G_PER_L	0.09;0.1	value is the sum of differing parts; which one the medium means needs the source recipe
DIFFERING_PARTS	data/normalized_yaml/bacterial/clostridium_cellulovorans_medium.yaml	CultureMech:001422	Yeast extract	4.5	G_PER_L	0.5;4.0	value is the sum of differing parts; which one the medium means needs the source recipe
DIFFERING_PARTS	data/normalized_yaml/bacterial/clostridium_cellulovorans_medium_replace_rumen_fluid_clarified_with_sludge_fluid_medium_119.yaml	CultureMech:005009	Yeast extract	4.5	G_PER_L	0.5;4.0	value is the sum of differing parts; which one the medium means needs the source recipe
DIFFERING_PARTS	data/normalized_yaml/bacterial/clostridium_hydroxybenzoicum_medium.yaml	CultureMech:006183	NaCl	10.94036	G_PER_L	9.94036;1.0	value is the sum of differing parts; which one the medium means needs the source recipe
DIFFERING_PARTS	data/normalized_yaml/bacterial/clostridium_hydroxybenzoicum_medium.yaml	CultureMech:006183	CaCl2 x 2 H2O	0.1298211	G_PER_L	0.0298211;0.1	value is the sum of differing parts; which one the medium means needs the source recipe
DIFFERING_PARTS	data/normalized_yaml/bacterial/clostridium_lind_medium.yaml	CultureMech:003129	NaCl	1.940734	G_PER_L	0.940734;1.0	value is the sum of differing parts; which one the medium means needs the source recipe
DIFFERING_PARTS	data/normalized_yaml/bacterial/clostridium_lind_medium.yaml	CultureMech:003129	CaCl2 x 2 H2O	0.1940734	G_PER_L	0.0940734;0.1	value is the sum of differing parts; which one the medium means needs the source recipe
DIFFERING_PARTS	data/normalized_yaml/bacterial/clostridium_ljungdahlii_medium.yaml	CultureMech:002037	NaCl	1.791296	G_PER_L	0.791296;1.0	value is the sum of differing parts; which one the medium means needs the source recipe
DIFFERING_PARTS	data/normalized_yaml/bacterial/clostridium_th7c1_medium.yaml	CultureMech:003126	NaCl	1.470367	G_PER_L	0.470367;1.0	value is the sum of differing parts; which one the medium means needs the source recipe
DIFFERING_PARTS	data/normalized_yaml/bacterial/clostridium_th7c1_medium.yaml	CultureMech:003126	CaCl2 x 2 H2O	0.1940734	G_PER_L	0.0940734;0.1	value is the sum of differing parts; which one the medium means needs the source recipe
DIFFERING_PARTS	data/normalized_yaml/bacterial/clostridium_thermocellum_medium_atcc_medium_1190_with_18_75_g_filter_paper_substituted_for_the_glucose.yaml	CultureMech:009249	Distilled deionized water	501.0	G_PER_L	1.0;500.0	value is the sum of differing parts; which one the medium means needs the source recipe
DIFFERING_PARTS	data/normalized_yaml/bacterial/clostridium_thermolacticum_medium.yaml	CultureMech:005019	CoCl2 x 6 H2O	0.201976	G_PER_L	0.011976;0.19	value is the sum of differing parts; which one the medium means needs the source recipe
DIFFERING_PARTS	data/normalized_yaml/bacterial/clostridium_thermolacticum_medium_replace_cellobiose_with_sucrose.yaml	CultureMech:005018	CoCl2 x 6 H2O	0.201976	G_PER_L	0.011976;0.19	value is the sum of differing parts; which one the medium means needs the source recipe
DIFFERING_PARTS	data/normalized_yaml/bacterial/cm_ye_medium_10_nacl.yaml	CultureMech:000721	NaCl	300.0	G_PER_L	200.0;100.0	value is the sum of differing parts; which one the medium means needs the source recipe
DIFFERING_PARTS	data/normalized_yaml/bacterial/columbia_agar_with_5_sheep_blood.yaml	CultureMech:000788	NaCl	9.7619	G_PER_L	4.7619;5.0	value is the sum of differing parts; which one the medium means needs the source recipe
DIFFERING_PARTS	data/normalized_yaml/bacterial/coprothermobacter_cp_medium.yaml	CultureMech:001817	CaCl2 x 2 H2O	0.5	G_PER_L	0.4;0.1	value is the sum of differing parts; which one the medium means needs the source recipe
DIFFERING_PARTS	data/normalized_yaml/bacterial/cp_medium.yaml	CultureMech:006275	CaCl2 x 2 H2O	0.5	G_PER_L	0.4;0.1	value is the sum of differing parts; which one the medium means needs the source recipe
DIFFERING_PARTS	data/normalized_yaml/bacterial/creatinine_nmh_medium.yaml	CultureMech:006007	MnCl2 x 4 H2O	0.1598205	G_PER_L	0.0598205;0.1	value is the sum of differing parts; which one the medium means needs the source recipe
DIFFERING_PARTS	data/normalized_yaml/bacterial/cy_3_seawater_medium.yaml	CultureMech:001083	CaCl2 x 2 H2O	1.45	G_PER_L	0.45;1.0	value is the sum of differing parts; which one the medium means needs the source recipe
DIFFERING_PARTS	data/normalized_yaml/bacterial/cy_3_seawater_medium.yaml	CultureMech:001083	H3BO3	0.32	G_PER_L	0.02;0.3	value is the sum of differing parts; which one the medium means needs the source recipe
DIFFERING_PARTS	data/normalized_yaml/bacterial/czapek_yeast_extract_agar_cya.yaml	CultureMech:008792	Distilled water	101.0	G_PER_L	1.0;100.0	value is the sum of differing parts; which one the medium means needs the source recipe
DIFFERING_PARTS	data/normalized_yaml/bacterial/dc_8a_medium.yaml	CultureMech:001246	CaCl2 x 2 H2O	37.51	G_PER_L	0.01;37.5	value is the sum of differing parts; which one the medium means needs the source recipe
DIFFERING_PARTS	data/normalized_yaml/bacterial/deferribacter_abyssi_medium.yaml	CultureMech:002724	NaCl	30.4118	G_PER_L	29.4118;1.0	value is the sum of differing parts; which one the medium means needs the source recipe
DIFFERING_PARTS	data/normalized_yaml/bacterial/deferribacter_desulfuricans_medium.yaml	CultureMech:002109	NaCl	25.728	G_PER_L	24.728;1.0	value is the sum of differing parts; which one the medium means needs the source recipe
DIFFERING_PARTS	data/normalized_yaml/bacterial/desulfamplus_medium.yaml	CultureMech:001149	NaCl	29.7044	G_PER_L	19.7044;10.0	value is the sum of differing parts; which one the medium means needs the source recipe
DIFFERING_PARTS	data/normalized_yaml/bacterial/desulfamplus_medium.yaml	CultureMech:001149	CaCl2 x 2 H2O	1.197044	G_PER_L	0.197044;1.0	value is the sum of differing parts; which one the medium means needs the source recipe
DIFFERING_PARTS	data/normalized_yaml/bacterial/desulfatirhabdium_medium.yaml	CultureMech:000520	NaOH	100.5	G_PER_L	0.5;100.0	value is the sum of differing parts; which one the medium means needs the source recipe
DIFFERING_PARTS	data/normalized_yaml/bacterial/desulfitobacterium_aromaticivorans_medium.yaml	CultureMech:004000	NaCl	1.98912	G_PER_L	0.98912;1.0	value is the sum of differing parts; which one the medium means needs the source recipe
DIFFERING_PARTS	data/normalized_yaml/bacterial/desulfitobacterium_aromaticivorans_medium.yaml	CultureMech:004000	CaCl2 x 2 H2O	0.248368	G_PER_L	0.148368;0.1	value is the sum of differing parts; which one the medium means needs the source recipe
DIFFERING_PARTS	data/normalized_yaml/bacterial/desulfitobacterium_dehalogenans_medium.yaml	CultureMech:009144	Distilled water	973.0	G_PER_L	971.0;1.0;1.0	value is the sum of differing parts; which one the medium means needs the source recipe
DIFFERING_PARTS	data/normalized_yaml/bacterial/desulfitobacterium_dehalogenans_medium.yaml	CultureMech:009144	CaCl2	25.1	G_PER_L	25.0;0.1	value is the sum of differing parts; which one the medium means needs the source recipe
DIFFERING_PARTS	data/normalized_yaml/bacterial/desulfitobacterium_frappieri_medium.yaml	CultureMech:006629	FeCl2 x 4 H2O	1.502	G_PER_L	0.002;1.5	value is the sum of differing parts; which one the medium means needs the source recipe
DIFFERING_PARTS	data/normalized_yaml/bacterial/desulfitobacterium_medium.yaml	CultureMech:001801	CaCl2 x 2 H2O	0.1297915	G_PER_L	0.0297915;0.1	value is the sum of differing parts; which one the medium means needs the source recipe
DIFFERING_PARTS	data/normalized_yaml/bacterial/desulfitobacterium_pce_ii_medium.yaml	CultureMech:000495	NaCl	1.98912	G_PER_L	0.98912;1.0	value is the sum of differing parts; which one the medium means needs the source recipe
DIFFERING_PARTS	data/normalized_yaml/bacterial/desulfitobacterium_pce_ii_medium.yaml	CultureMech:000495	CaCl2 x 2 H2O	0.248368	G_PER_L	0.148368;0.1	value is the sum of differing parts; which one the medium means needs the source recipe
DIFFERING_PARTS	data/normalized_yaml/bacterial/desulfitobacterium_pce_medium.yaml	CultureMech:001855	MgSO4 x 7 H2O	3.0988142	G_PER_L	0.0988142;3.0	value is the sum of differing parts; which one the medium means needs the source recipe
DIFFERING_PARTS	data/normalized_yaml/bacterial/desulfitobacterium_pcp_1_medium.yaml	CultureMech:001993	FeCl2 x 4 H2O	1.502	G_PER_L	0.002;1.5	value is the sum of differing parts; which one the medium means needs the source recipe
DIFFERING_PARTS	data/normalized_yaml/bacterial/desulfobacter_medium_for_dsm_10631.yaml	CultureMech:009115	Distilled water	3980.0	G_PER_L	940.0;1000.0;990.0;30.0;10.0;1000.0;10.0	value is the sum of differing parts; which one the medium means needs the source recipe
DIFFERING_PARTS	data/normalized_yaml/bacterial/desulfobacterium_catecholicum_medium.yaml	CultureMech:002423	HCl	2.56	G_PER_L	0.06;2.5	value is the sum of differing parts; which one the medium means needs the source recipe
DIFFERING_PARTS	data/normalized_yaml/bacterial/desulfobacterium_medium_for_dsm_17291.yaml	CultureMech:009116	Distilled water	3040.0	G_PER_L	1000.0;990.0;20.0;20.0;1000.0;10.0	value is the sum of differing parts; which one the medium means needs the source recipe
DIFFERING_PARTS	data/normalized_yaml/bacterial/desulfobacterium_oleovorans_medium.yaml	CultureMech:002424	NaOH	1.03	G_PER_L	0.63;0.4	value is the sum of differing parts; which one the medium means needs the source recipe
DIFFERING_PARTS	data/normalized_yaml/bacterial/desulfobulbus_sp_medium_freshwater_for_dsm_14880.yaml	CultureMech:009098	Distilled water	4950.0	G_PER_L	920.0;30.0;1000.0;10.0;1000.0;990.0;1000.0	value is the sum of differing parts; which one the medium means needs the source recipe
DIFFERING_PARTS	data/normalized_yaml/bacterial/desulfocarbo_indianensis_medium.yaml	CultureMech:002204	NiCl2 x 6 H2O	0.03257143	G_PER_L	0.00857143;0.024	value is the sum of differing parts; which one the medium means needs the source recipe
DIFFERING_PARTS	data/normalized_yaml/bacterial/desulfocastaena_medium.yaml	CultureMech:001492	HCl	2.56	G_PER_L	0.06;2.5	value is the sum of differing parts; which one the medium means needs the source recipe
DIFFERING_PARTS	data/normalized_yaml/bacterial/desulfofaba_hansenii_medium.yaml	CultureMech:002084	FeCl2 x 4 H2O	53.5	G_PER_L	1.5;52.0	value is the sum of differing parts; which one the medium means needs the source recipe
DIFFERING_PARTS	data/normalized_yaml/bacterial/desulfofaba_medium.yaml	CultureMech:001287	MgCl2 x 6 H2O	575.643777	G_PER_L	0.643777;575.0	value is the sum of differing parts; which one the medium means needs the source recipe
DIFFERING_PARTS	data/normalized_yaml/bacterial/desulfofarcimen_medium_for_dsm_7213.yaml	CultureMech:009103	Distilled water	3990.0	G_PER_L	1000.0;990.0;1000.0;1000.0	value is the sum of differing parts; which one the medium means needs the source recipe
DIFFERING_PARTS	data/normalized_yaml/bacterial/desulfohalovibrio_l21_ls_medium.yaml	CultureMech:001000	NaCl	61.0	G_PER_L	60.0;1.0	value is the sum of differing parts; which one the medium means needs the source recipe
DIFFERING_PARTS	data/normalized_yaml/bacterial/desulfohalovibrio_l21_ls_medium.yaml	CultureMech:001000	MgSO4 x 7 H2O	9.0	G_PER_L	6.0;3.0	value is the sum of differing parts; which one the medium means needs the source recipe
DIFFERING_PARTS	data/normalized_yaml/bacterial/desulfohalovibrio_l21_ls_medium.yaml	CultureMech:001000	CaCl2 x 2 H2O	0.5	G_PER_L	0.4;0.1	value is the sum of differing parts; which one the medium means needs the source recipe
DIFFERING_PARTS	data/normalized_yaml/bacterial/desulfomusa_hansenii_medium.yaml	CultureMech:006793	FeCl2 x 4 H2O	53.5	G_PER_L	1.5;52.0	value is the sum of differing parts; which one the medium means needs the source recipe
DIFFERING_PARTS	data/normalized_yaml/bacterial/desulfonatronovibrio_medium.yaml	CultureMech:001877	NaCl	10.8912	G_PER_L	9.8912;1.0	value is the sum of differing parts; which one the medium means needs the source recipe
DIFFERING_PARTS	data/normalized_yaml/bacterial/desulfosporosinus_acidiphilus_medium.yaml	CultureMech:003072	MgSO4 x 7 H2O	28.0	G_PER_L	25.0;3.0	value is the sum of differing parts; which one the medium means needs the source recipe
DIFFERING_PARTS	data/normalized_yaml/bacterial/desulfosudis_medium.yaml	CultureMech:001649	NaOH	1.13	G_PER_L	0.63;0.5	value is the sum of differing parts; which one the medium means needs the source recipe
DIFFERING_PARTS	data/normalized_yaml/bacterial/desulfosudis_medium.yaml	CultureMech:001649	Vitamin B12	1.001	G_PER_L	1.0;0.001	value is the sum of differing parts; which one the medium means needs the source recipe
DIFFERING_PARTS	data/normalized_yaml/bacterial/desulfothermus_mj_medium_h2_co2.yaml	CultureMech:000430	NaCl	30.6443	G_PER_L	29.6443;1.0	value is the sum of differing parts; which one the medium means needs the source recipe
DIFFERING_PARTS	data/normalized_yaml/bacterial/desulfothermus_mj_medium_h2_co2.yaml	CultureMech:000430	CaCl2 x 2 H2O	0.23834	G_PER_L	0.13834;0.1	value is the sum of differing parts; which one the medium means needs the source recipe
DIFFERING_PARTS	data/normalized_yaml/bacterial/desulfothermus_mj_medium_h2_co2.yaml	CultureMech:000430	MgSO4 x 7 H2O	6.35968	G_PER_L	3.35968;3.0	value is the sum of differing parts; which one the medium means needs the source recipe
DIFFERING_PARTS	data/normalized_yaml/bacterial/desulfovibrio_mv_medium_for_dsm_13257.yaml	CultureMech:009288	Distilled water	3990.0	G_PER_L	1000.0;990.0;1000.0;1000.0	value is the sum of differing parts; which one the medium means needs the source recipe
DIFFERING_PARTS	data/normalized_yaml/bacterial/desulfovibrio_tunisiensis_medium.yaml	CultureMech:003026	NaCl	29.626	G_PER_L	28.626;1.0	value is the sum of differing parts; which one the medium means needs the source recipe
DIFFERING_PARTS	data/normalized_yaml/bacterial/desulfovibrio_tunisiensis_medium.yaml	CultureMech:003026	CaCl2 x 2 H2O	0.29084	G_PER_L	0.19084;0.1	value is the sum of differing parts; which one the medium means needs the source recipe
DIFFERING_PARTS	data/normalized_yaml/bacterial/desulfurobacterium_hr11_medium.yaml	CultureMech:001380	CaCl2 x 2 H2O	0.23834	G_PER_L	0.13834;0.1	value is the sum of differing parts; which one the medium means needs the source recipe
DIFFERING_PARTS	data/normalized_yaml/bacterial/desulfurobacterium_hr11_medium.yaml	CultureMech:001380	MgSO4 x 7 H2O	6.35968	G_PER_L	3.35968;3.0	value is the sum of differing parts; which one the medium means needs the source recipe
DIFFERING_PARTS	data/normalized_yaml/bacterial/desulfurobacterium_hr11_medium.yaml	CultureMech:001380	NaCl	30.6443	G_PER_L	29.6443;1.0	value is the sum of differing parts; which one the medium means needs the source recipe
DIFFERING_PARTS	data/normalized_yaml/bacterial/desulfuromonas_carbonis_medium.yaml	CultureMech:001059	NiCl2 x 6 H2O	0.03286699	G_PER_L	0.00886699;0.024	value is the sum of differing parts; which one the medium means needs the source recipe
DIFFERING_PARTS	data/normalized_yaml/bacterial/desulfuromonas_palmitatis_medium.yaml	CultureMech:001994	NaCl	24.908	G_PER_L	23.908;1.0	value is the sum of differing parts; which one the medium means needs the source recipe
DIFFERING_PARTS	data/normalized_yaml/bacterial/desulfuromonas_palmitatis_medium.yaml	CultureMech:001994	MgSO4 x 7 H2O	3.229885	G_PER_L	0.229885;3.0	value is the sum of differing parts; which one the medium means needs the source recipe
DIFFERING_PARTS	data/normalized_yaml/bacterial/desulfuromonas_palmitatis_medium.yaml	CultureMech:001994	CaCl2 x 2 H2O	30.1229885	G_PER_L	0.0229885;30.0;0.1	value is the sum of differing parts; which one the medium means needs the source recipe
DIFFERING_PARTS	data/normalized_yaml/bacterial/dethiosulfovibrio_belb1_medium.yaml	CultureMech:003230	NaCl	30.7619	G_PER_L	29.7619;1.0	value is the sum of differing parts; which one the medium means needs the source recipe
DIFFERING_PARTS	data/normalized_yaml/bacterial/dethiosulfovibrio_belb1_medium.yaml	CultureMech:003230	CaCl2 x 2 H2O	0.1992064	G_PER_L	0.0992064;0.1	value is the sum of differing parts; which one the medium means needs the source recipe
DIFFERING_PARTS	data/normalized_yaml/bacterial/dethiosulfovibrio_belb1_medium.yaml	CultureMech:003230	Sodium acetate	20.0496032	G_PER_L	0.0496032;20.0	value is the sum of differing parts; which one the medium means needs the source recipe
DIFFERING_PARTS	data/normalized_yaml/bacterial/dethiosulfovibrio_peptidovorans_medium.yaml	CultureMech:001923	NaCl	31.0	G_PER_L	30.0;1.0	value is the sum of differing parts; which one the medium means needs the source recipe
DIFFERING_PARTS	data/normalized_yaml/bacterial/diazotrophic_medium_rba.yaml	CultureMech:001550	Na2MoO4 x 2 H2O	0.03524659	G_PER_L	0.00524659;0.03	value is the sum of differing parts; which one the medium means needs the source recipe
DIFFERING_PARTS	data/normalized_yaml/bacterial/dichotomicrobium_thermohalophilum_medium.yaml	CultureMech:006070	CaCl2 x 2 H2O	7.685	G_PER_L	4.35;3.335	value is the sum of differing parts; which one the medium means needs the source recipe
DIFFERING_PARTS	data/normalized_yaml/bacterial/dichotomicrobium_thermohalophilum_medium.yaml	CultureMech:006070	FeSO4 x 7 H2O	0.599	G_PER_L	0.099;0.5	value is the sum of differing parts; which one the medium means needs the source recipe
DIFFERING_PARTS	data/normalized_yaml/bacterial/diluted_nitrate_mineral_medium.yaml	CultureMech:003342	Na2-EDTA	0.872	G_PER_L	0.5;0.372	value is the sum of differing parts; which one the medium means needs the source recipe
DIFFERING_PARTS	data/normalized_yaml/bacterial/dma_medium.yaml	CultureMech:001827	FeSO4 x 7 H2O	0.100988142	G_PER_L	0.000988142;0.1	value is the sum of differing parts; which one the medium means needs the source recipe
DIFFERING_PARTS	data/normalized_yaml/bacterial/dma_medium.yaml	CultureMech:001827	MgSO4 x 7 H2O	3.247036	G_PER_L	0.247036;3.0	value is the sum of differing parts; which one the medium means needs the source recipe
DIFFERING_PARTS	data/normalized_yaml/bacterial/dsm_10111.yaml	CultureMech:006553	CaCl2 x 2 H2O	0.198912	G_PER_L	0.098912;0.1	value is the sum of differing parts; which one the medium means needs the source recipe
DIFFERING_PARTS	data/normalized_yaml/bacterial/dsm_10111.yaml	CultureMech:006553	NaCl	1.593472	G_PER_L	0.593472;1.0	value is the sum of differing parts; which one the medium means needs the source recipe
DIFFERING_PARTS	data/normalized_yaml/bacterial/dsm_10131_and_dsm_10132.yaml	CultureMech:006552	CaCl2 x 2 H2O	0.198912	G_PER_L	0.098912;0.1	value is the sum of differing parts; which one the medium means needs the source recipe
DIFFERING_PARTS	data/normalized_yaml/bacterial/dsm_10131_and_dsm_10132.yaml	CultureMech:006552	NaCl	1.593472	G_PER_L	0.593472;1.0	value is the sum of differing parts; which one the medium means needs the source recipe
DIFFERING_PARTS	data/normalized_yaml/bacterial/dsm_11106.yaml	CultureMech:006554	CaCl2 x 2 H2O	0.198912	G_PER_L	0.098912;0.1	value is the sum of differing parts; which one the medium means needs the source recipe
DIFFERING_PARTS	data/normalized_yaml/bacterial/dsm_11106.yaml	CultureMech:006554	NaCl	1.593472	G_PER_L	0.593472;1.0	value is the sum of differing parts; which one the medium means needs the source recipe
DIFFERING_PARTS	data/normalized_yaml/bacterial/dsm_16658.yaml	CultureMech:006500	NaCl	40.3337	G_PER_L	30.3337;10.0	value is the sum of differing parts; which one the medium means needs the source recipe
DIFFERING_PARTS	data/normalized_yaml/bacterial/dsm_16658.yaml	CultureMech:006500	MgSO4 x 7 H2O	33.53893	G_PER_L	3.53893;30.0	value is the sum of differing parts; which one the medium means needs the source recipe
DIFFERING_PARTS	data/normalized_yaml/bacterial/dsm_16658.yaml	CultureMech:006500	H3BO3	0.1151668	G_PER_L	0.0151668;0.1	value is the sum of differing parts; which one the medium means needs the source recipe
DIFFERING_PARTS	data/normalized_yaml/bacterial/dsmz_medium_854.yaml	CultureMech:009602	Distilled water	1002.0	G_PER_L	1.0;1000.0;1.0	value is the sum of differing parts; which one the medium means needs the source recipe
DIFFERING_PARTS	data/normalized_yaml/bacterial/e26_biotin_ant.yaml	CultureMech:000337	Natural sea water	1300.0	G_PER_L	500.0;800.0	value is the sum of differing parts; which one the medium means needs the source recipe
DIFFERING_PARTS	data/normalized_yaml/bacterial/e26_biotin_ant.yaml	CultureMech:000337	KNO3	0.25	G_PER_L	0.2;0.05	value is the sum of differing parts; which one the medium means needs the source recipe
DIFFERING_PARTS	data/normalized_yaml/bacterial/e26_biotin_ant.yaml	CultureMech:000337	Cyanocobalamine	2.1	MICROG_PER_L	0.1;2.0	value is the sum of differing parts; which one the medium means needs the source recipe
DIFFERING_PARTS	data/normalized_yaml/bacterial/e26_biotin_ant.yaml	CultureMech:000337	Thiamine HCl	550.0	MICROG_PER_L	50.0;500.0	value is the sum of differing parts; which one the medium means needs the source recipe
DIFFERING_PARTS	data/normalized_yaml/bacterial/e31_ant.yaml	CultureMech:000341	Natural sea water	1300.0	G_PER_L	500.0;800.0	value is the sum of differing parts; which one the medium means needs the source recipe
DIFFERING_PARTS	data/normalized_yaml/bacterial/e31_ant.yaml	CultureMech:000341	KNO3	0.25	G_PER_L	0.2;0.05	value is the sum of differing parts; which one the medium means needs the source recipe
DIFFERING_PARTS	data/normalized_yaml/bacterial/e31_ant.yaml	CultureMech:000341	Cyanocobalamine	2.1	MICROG_PER_L	0.1;2.0	value is the sum of differing parts; which one the medium means needs the source recipe
DIFFERING_PARTS	data/normalized_yaml/bacterial/e31_ant.yaml	CultureMech:000341	Thiamine HCl	550.0	MICROG_PER_L	50.0;500.0	value is the sum of differing parts; which one the medium means needs the source recipe
DIFFERING_PARTS	data/normalized_yaml/bacterial/e31_ant.yaml	CultureMech:000341	Biotine	1.1	MICROG_PER_L	0.1;1.0	value is the sum of differing parts; which one the medium means needs the source recipe
DIFFERING_PARTS	data/normalized_yaml/bacterial/ectothiorhodospira_medium.yaml	CultureMech:009540	Distilled water	1100.0	G_PER_L	800.0;200.0;100.0	value is the sum of differing parts; which one the medium means needs the source recipe
DIFFERING_PARTS	data/normalized_yaml/bacterial/eggc.yaml	CultureMech:000634	Demineralized water	2120.0	G_PER_L	1000.0;1000.0;20.0;100.0	value is the sum of differing parts; which one the medium means needs the source recipe
DIFFERING_PARTS	data/normalized_yaml/bacterial/elusimicrobium_minutum_medium.yaml	CultureMech:009172	DI Water	1980.0	G_PER_L	970.0;10.0;1000.0	value is the sum of differing parts; which one the medium means needs the source recipe
DIFFERING_PARTS	data/normalized_yaml/bacterial/ema_medium.yaml	CultureMech:009335	Distilled water	981.0	G_PER_L	980.0;1.0	value is the sum of differing parts; which one the medium means needs the source recipe
DIFFERING_PARTS	data/normalized_yaml/bacterial/endomicrobium_proavitum_rsa_medium.yaml	CultureMech:002234	NaOH	100.4	G_PER_L	100.0;0.4	value is the sum of differing parts; which one the medium means needs the source recipe
DIFFERING_PARTS	data/normalized_yaml/bacterial/enhydrobacter_medium.yaml	CultureMech:000895	FeSO4 x 7 H2O	0.599	G_PER_L	0.099;0.5	value is the sum of differing parts; which one the medium means needs the source recipe
DIFFERING_PARTS	data/normalized_yaml/bacterial/enriched_cytophaga_agar_medium.yaml	CultureMech:000569	Agar	19.0	G_PER_L	15.0;4.0	value is the sum of differing parts; which one the medium means needs the source recipe
DIFFERING_PARTS	data/normalized_yaml/bacterial/es_medium_marine.yaml	CultureMech:004023	NaCl	40.5216	G_PER_L	30.5216;10.0	value is the sum of differing parts; which one the medium means needs the source recipe
DIFFERING_PARTS	data/normalized_yaml/bacterial/es_medium_marine.yaml	CultureMech:004023	CaCl2 x 2 H2O	2.55383	G_PER_L	1.55383;1.0	value is the sum of differing parts; which one the medium means needs the source recipe
DIFFERING_PARTS	data/normalized_yaml/bacterial/es_medium_marine.yaml	CultureMech:004023	FeSO4 x 7 H2O	155.0	G_PER_L	1.0;154.0	value is the sum of differing parts; which one the medium means needs the source recipe
DIFFERING_PARTS	data/normalized_yaml/bacterial/ethanoligenes_medium.yaml	CultureMech:000486	NaCl	4.99202	G_PER_L	3.99202;1.0	value is the sum of differing parts; which one the medium means needs the source recipe
DIFFERING_PARTS	data/normalized_yaml/bacterial/etsa_medium.yaml	CultureMech:009136	Distilled water	1074.0	G_PER_L	924.0;100.0;50.0	value is the sum of differing parts; which one the medium means needs the source recipe
DIFFERING_PARTS	data/normalized_yaml/bacterial/etsa_medium.yaml	CultureMech:009136	95% Ethanol	150.0	G_PER_L	100.0;50.0	value is the sum of differing parts; which one the medium means needs the source recipe
DIFFERING_PARTS	data/normalized_yaml/bacterial/eubacterium_acidaminophilum_medium.yaml	CultureMech:009297	Distilled water	1068.0	G_PER_L	966.0;100.0;1.0;1.0	value is the sum of differing parts; which one the medium means needs the source recipe
DIFFERING_PARTS	data/normalized_yaml/bacterial/eubacterium_lentum_medium.yaml	CultureMech:001307	NaOH	26.0	G_PER_L	25.0;1.0	value is the sum of differing parts; which one the medium means needs the source recipe
DIFFERING_PARTS	data/normalized_yaml/bacterial/eubacterium_lentum_medium.yaml	CultureMech:001307	Ethanol	959.5	G_PER_L	9.5;950.0	value is the sum of differing parts; which one the medium means needs the source recipe
DIFFERING_PARTS	data/normalized_yaml/bacterial/f_10.yaml	CultureMech:000345	Natural sea water	1800.0	G_PER_L	800.0;1000.0	value is the sum of differing parts; which one the medium means needs the source recipe
DIFFERING_PARTS	data/normalized_yaml/bacterial/fe_iii_reducer_marine_enrichment_medium.yaml	CultureMech:009793	MgSO4・7H2O	3.15	G_PER_L	0.15;3.0	value is the sum of differing parts; which one the medium means needs the source recipe
DIFFERING_PARTS	data/normalized_yaml/bacterial/fe_iii_reducer_marine_enrichment_medium.yaml	CultureMech:009793	NaCl	20.0	G_PER_L	19.0;1.0	value is the sum of differing parts; which one the medium means needs the source recipe
DIFFERING_PARTS	data/normalized_yaml/bacterial/fe_iii_reducer_marine_enrichment_medium.yaml	CultureMech:009793	CaCl2・2H2O	0.4	G_PER_L	0.3;0.1	value is the sum of differing parts; which one the medium means needs the source recipe
DIFFERING_PARTS	data/normalized_yaml/bacterial/fermentative_cellulolytic_anaerobes_medium.yaml	CultureMech:003166	MgSO4 x 7 H2O	3.599401	G_PER_L	0.599401;3.0	value is the sum of differing parts; which one the medium means needs the source recipe
DIFFERING_PARTS	data/normalized_yaml/bacterial/fermentative_cellulolytic_anaerobes_medium.yaml	CultureMech:003166	NaCl	1.3996	G_PER_L	0.3996;1.0	value is the sum of differing parts; which one the medium means needs the source recipe
DIFFERING_PARTS	data/normalized_yaml/bacterial/ferriphaselus_es_medium.yaml	CultureMech:000727	MgSO4 x 7 H2O	3.221976	G_PER_L	0.221976;3.0	value is the sum of differing parts; which one the medium means needs the source recipe
DIFFERING_PARTS	data/normalized_yaml/bacterial/ferriphaselus_es_medium.yaml	CultureMech:000727	CaCl2 x 2 H2O	0.210988	G_PER_L	0.110988;0.1	value is the sum of differing parts; which one the medium means needs the source recipe
DIFFERING_PARTS	data/normalized_yaml/bacterial/ferriphaselus_es_medium.yaml	CultureMech:000727	FeSO4 x 7 H2O	154.1	G_PER_L	0.1;154.0	value is the sum of differing parts; which one the medium means needs the source recipe
DIFFERING_PARTS	data/normalized_yaml/bacterial/fervidobacterium_tf_a_medium.yaml	CultureMech:001876	MgSO4 x 7 H2O	3.158259	G_PER_L	0.158259;3.0	value is the sum of differing parts; which one the medium means needs the source recipe
DIFFERING_PARTS	data/normalized_yaml/bacterial/fibrobacter_medium.yaml	CultureMech:009139	Distilled water	1371.0	G_PER_L	960.0;100.0;1.0;310.0	value is the sum of differing parts; which one the medium means needs the source recipe
DIFFERING_PARTS	data/normalized_yaml/bacterial/filobacillus_milosensis_medium.yaml	CultureMech:001736	NaCl	123.477	G_PER_L	100.0;23.477	value is the sum of differing parts; which one the medium means needs the source recipe
DIFFERING_PARTS	data/normalized_yaml/bacterial/filobacillus_milosensis_medium.yaml	CultureMech:001736	FeSO4 x 7 H2O	0.599	G_PER_L	0.099;0.5	value is the sum of differing parts; which one the medium means needs the source recipe
DIFFERING_PARTS	data/normalized_yaml/bacterial/for_arhodomonas.yaml	CultureMech:006871	NaCl	156.0	G_PER_L	150.0;6.0	value is the sum of differing parts; which one the medium means needs the source recipe
DIFFERING_PARTS	data/normalized_yaml/bacterial/for_autotrophic_growth.yaml	CultureMech:004102	NaCl	20.5886	G_PER_L	19.5886;1.0	value is the sum of differing parts; which one the medium means needs the source recipe
DIFFERING_PARTS	data/normalized_yaml/bacterial/for_autotrophic_growth.yaml	CultureMech:004102	MgSO4 x 7 H2O	3.0979432	G_PER_L	0.0979432;3.0	value is the sum of differing parts; which one the medium means needs the source recipe
DIFFERING_PARTS	data/normalized_yaml/bacterial/for_dsm12681.yaml	CultureMech:006704	CaCl2 x 2 H2O	0.248221	G_PER_L	0.148221;0.1	value is the sum of differing parts; which one the medium means needs the source recipe
DIFFERING_PARTS	data/normalized_yaml/bacterial/for_dsm_10674.yaml	CultureMech:006355	MgSO4 x 7 H2O	6.40573	G_PER_L	3.40573;3.0	value is the sum of differing parts; which one the medium means needs the source recipe
DIFFERING_PARTS	data/normalized_yaml/bacterial/for_dsm_10674.yaml	CultureMech:006355	CaCl2 x 2 H2O	0.238203	G_PER_L	0.138203;0.1	value is the sum of differing parts; which one the medium means needs the source recipe
DIFFERING_PARTS	data/normalized_yaml/bacterial/for_dsm_10674.yaml	CultureMech:006355	NaCl	50.3583	G_PER_L	49.3583;1.0	value is the sum of differing parts; which one the medium means needs the source recipe
DIFFERING_PARTS	data/normalized_yaml/bacterial/for_dsm_10691.yaml	CultureMech:006356	MgSO4 x 7 H2O	6.40573	G_PER_L	3.40573;3.0	value is the sum of differing parts; which one the medium means needs the source recipe
DIFFERING_PARTS	data/normalized_yaml/bacterial/for_dsm_10691.yaml	CultureMech:006356	CaCl2 x 2 H2O	0.238203	G_PER_L	0.138203;0.1	value is the sum of differing parts; which one the medium means needs the source recipe
DIFFERING_PARTS	data/normalized_yaml/bacterial/for_dsm_10691.yaml	CultureMech:006356	NaCl	50.3583	G_PER_L	49.3583;1.0	value is the sum of differing parts; which one the medium means needs the source recipe
DIFFERING_PARTS	data/normalized_yaml/bacterial/for_dsm_12680.yaml	CultureMech:006703	CaCl2 x 2 H2O	0.248221	G_PER_L	0.148221;0.1	value is the sum of differing parts; which one the medium means needs the source recipe
DIFFERING_PARTS	data/normalized_yaml/bacterial/for_dsm_12857_dsm_13479_and_dsm_13480.yaml	CultureMech:003617	NaCl	10.0	G_PER_L	8.0;2.0	value is the sum of differing parts; which one the medium means needs the source recipe
DIFFERING_PARTS	data/normalized_yaml/bacterial/for_dsm_13022.yaml	CultureMech:005458	Agar	50.0	G_PER_L	15.0;15.0;20.0	value is the sum of differing parts; which one the medium means needs the source recipe
COEXISTING_ROW	data/normalized_yaml/bacterial/for_dsm_13022.yaml	CultureMech:005458	Agar	50.0;15.0	G_PER_L		2 rows name this ingredient in one record, one of them a merge survivor — a consumer double-counts
DIFFERING_PARTS	data/normalized_yaml/bacterial/for_dsm_13181.yaml	CultureMech:003618	NaCl	10.0	G_PER_L	8.0;2.0	value is the sum of differing parts; which one the medium means needs the source recipe
DIFFERING_PARTS	data/normalized_yaml/bacterial/for_dsm_13497.yaml	CultureMech:006881	MgSO4 x 7 H2O	17.0	G_PER_L	3.0;14.0	value is the sum of differing parts; which one the medium means needs the source recipe
DIFFERING_PARTS	data/normalized_yaml/bacterial/for_dsm_13497.yaml	CultureMech:006881	NaCl	56.4	G_PER_L	1.0;55.4	value is the sum of differing parts; which one the medium means needs the source recipe
DIFFERING_PARTS	data/normalized_yaml/bacterial/for_dsm_13497.yaml	CultureMech:006881	CaCl2 x 2 H2O	1.6	G_PER_L	0.1;1.5	value is the sum of differing parts; which one the medium means needs the source recipe
DIFFERING_PARTS	data/normalized_yaml/bacterial/for_dsm_13752_and_dsm_21041.yaml	CultureMech:006907	CaCl2 x 2 H2O	0.249701	G_PER_L	0.149701;0.1	value is the sum of differing parts; which one the medium means needs the source recipe
DIFFERING_PARTS	data/normalized_yaml/bacterial/for_dsm_13782.yaml	CultureMech:006357	MgSO4 x 7 H2O	6.40573	G_PER_L	3.40573;3.0	value is the sum of differing parts; which one the medium means needs the source recipe
DIFFERING_PARTS	data/normalized_yaml/bacterial/for_dsm_13782.yaml	CultureMech:006357	CaCl2 x 2 H2O	0.238203	G_PER_L	0.138203;0.1	value is the sum of differing parts; which one the medium means needs the source recipe
DIFFERING_PARTS	data/normalized_yaml/bacterial/for_dsm_13782.yaml	CultureMech:006357	NaCl	50.3583	G_PER_L	49.3583;1.0	value is the sum of differing parts; which one the medium means needs the source recipe
DIFFERING_PARTS	data/normalized_yaml/bacterial/for_dsm_14042.yaml	CultureMech:004140	MgSO4 x 7 H2O	6.40573	G_PER_L	3.40573;3.0	value is the sum of differing parts; which one the medium means needs the source recipe
DIFFERING_PARTS	data/normalized_yaml/bacterial/for_dsm_14042.yaml	CultureMech:004140	CaCl2 x 2 H2O	0.238203	G_PER_L	0.138203;0.1	value is the sum of differing parts; which one the medium means needs the source recipe
DIFFERING_PARTS	data/normalized_yaml/bacterial/for_dsm_14042.yaml	CultureMech:004140	NaCl	18.769	G_PER_L	17.769;1.0	value is the sum of differing parts; which one the medium means needs the source recipe
DIFFERING_PARTS	data/normalized_yaml/bacterial/for_dsm_14385.yaml	CultureMech:006246	NaCl	11.0	G_PER_L	10.0;1.0	value is the sum of differing parts; which one the medium means needs the source recipe
DIFFERING_PARTS	data/normalized_yaml/bacterial/for_dsm_14465_and_dsm_14466.yaml	CultureMech:006790	MgSO4 x 7 H2O	3.11976	G_PER_L	0.11976;3.0	value is the sum of differing parts; which one the medium means needs the source recipe
DIFFERING_PARTS	data/normalized_yaml/bacterial/for_dsm_14465_and_dsm_14466.yaml	CultureMech:006790	CaCl2 x 2 H2O	0.1798403	G_PER_L	0.0798403;0.1	value is the sum of differing parts; which one the medium means needs the source recipe
DIFFERING_PARTS	data/normalized_yaml/bacterial/for_dsm_14469.yaml	CultureMech:006791	MgSO4 x 7 H2O	3.11976	G_PER_L	0.11976;3.0	value is the sum of differing parts; which one the medium means needs the source recipe
DIFFERING_PARTS	data/normalized_yaml/bacterial/for_dsm_14469.yaml	CultureMech:006791	CaCl2 x 2 H2O	0.1798403	G_PER_L	0.0798403;0.1	value is the sum of differing parts; which one the medium means needs the source recipe
DIFFERING_PARTS	data/normalized_yaml/bacterial/for_dsm_14539_dsm_14646_and_dsm_14648.yaml	CultureMech:006831	NaCl	10.8912	G_PER_L	9.8912;1.0	value is the sum of differing parts; which one the medium means needs the source recipe
DIFFERING_PARTS	data/normalized_yaml/bacterial/for_dsm_14539_dsm_14646_and_dsm_14648.yaml	CultureMech:006831	CaCl2 x 2 H2O	0.495648	G_PER_L	0.395648;0.1	value is the sum of differing parts; which one the medium means needs the source recipe
DIFFERING_PARTS	data/normalized_yaml/bacterial/for_dsm_14661.yaml	CultureMech:006830	NaCl	10.8912	G_PER_L	9.8912;1.0	value is the sum of differing parts; which one the medium means needs the source recipe
DIFFERING_PARTS	data/normalized_yaml/bacterial/for_dsm_14661.yaml	CultureMech:006830	CaCl2 x 2 H2O	0.495648	G_PER_L	0.395648;0.1	value is the sum of differing parts; which one the medium means needs the source recipe
DIFFERING_PARTS	data/normalized_yaml/bacterial/for_dsm_14663_and_dsm_15483.yaml	CultureMech:006832	NaCl	10.8912	G_PER_L	9.8912;1.0	value is the sum of differing parts; which one the medium means needs the source recipe
DIFFERING_PARTS	data/normalized_yaml/bacterial/for_dsm_14663_and_dsm_15483.yaml	CultureMech:006832	CaCl2 x 2 H2O	0.495648	G_PER_L	0.395648;0.1	value is the sum of differing parts; which one the medium means needs the source recipe
DIFFERING_PARTS	data/normalized_yaml/bacterial/for_dsm_14760_dsm_14761_and_dsm_14762.yaml	CultureMech:003619	NaCl	10.0	G_PER_L	8.0;2.0	value is the sum of differing parts; which one the medium means needs the source recipe
DIFFERING_PARTS	data/normalized_yaml/bacterial/for_dsm_14795.yaml	CultureMech:006908	CaCl2 x 2 H2O	0.249701	G_PER_L	0.149701;0.1	value is the sum of differing parts; which one the medium means needs the source recipe
DIFFERING_PARTS	data/normalized_yaml/bacterial/for_dsm_14811.yaml	CultureMech:006358	MgSO4 x 7 H2O	6.40573	G_PER_L	3.40573;3.0	value is the sum of differing parts; which one the medium means needs the source recipe
DIFFERING_PARTS	data/normalized_yaml/bacterial/for_dsm_14811.yaml	CultureMech:006358	CaCl2 x 2 H2O	0.238203	G_PER_L	0.138203;0.1	value is the sum of differing parts; which one the medium means needs the source recipe
DIFFERING_PARTS	data/normalized_yaml/bacterial/for_dsm_14811.yaml	CultureMech:006358	NaCl	50.3583	G_PER_L	49.3583;1.0	value is the sum of differing parts; which one the medium means needs the source recipe
DIFFERING_PARTS	data/normalized_yaml/bacterial/for_dsm_14813.yaml	CultureMech:006856	NaCl	25.728	G_PER_L	24.728;1.0	value is the sum of differing parts; which one the medium means needs the source recipe
DIFFERING_PARTS	data/normalized_yaml/bacterial/for_dsm_14826.yaml	CultureMech:006748	MgSO4 x 7 H2O	3.0987167	G_PER_L	0.0987167;3.0	value is the sum of differing parts; which one the medium means needs the source recipe
DIFFERING_PARTS	data/normalized_yaml/bacterial/for_dsm_14826.yaml	CultureMech:006748	CaCl2 x 2 H2O	0.1493583	G_PER_L	0.0493583;0.1	value is the sum of differing parts; which one the medium means needs the source recipe
DIFFERING_PARTS	data/normalized_yaml/bacterial/for_dsm_14826.yaml	CultureMech:006748	NaCl	10.87167	G_PER_L	9.87167;1.0	value is the sum of differing parts; which one the medium means needs the source recipe
DIFFERING_PARTS	data/normalized_yaml/bacterial/for_dsm_14826.yaml	CultureMech:006748	FeSO4 x 7 H2O	0.10197433	G_PER_L	0.00197433;0.1	value is the sum of differing parts; which one the medium means needs the source recipe
DIFFERING_PARTS	data/normalized_yaml/bacterial/for_dsm_14828.yaml	CultureMech:006749	MgSO4 x 7 H2O	3.0987167	G_PER_L	0.0987167;3.0	value is the sum of differing parts; which one the medium means needs the source recipe
DIFFERING_PARTS	data/normalized_yaml/bacterial/for_dsm_14828.yaml	CultureMech:006749	CaCl2 x 2 H2O	0.1493583	G_PER_L	0.0493583;0.1	value is the sum of differing parts; which one the medium means needs the source recipe
DIFFERING_PARTS	data/normalized_yaml/bacterial/for_dsm_14828.yaml	CultureMech:006749	NaCl	10.87167	G_PER_L	9.87167;1.0	value is the sum of differing parts; which one the medium means needs the source recipe
DIFFERING_PARTS	data/normalized_yaml/bacterial/for_dsm_14828.yaml	CultureMech:006749	FeSO4 x 7 H2O	0.10197433	G_PER_L	0.00197433;0.1	value is the sum of differing parts; which one the medium means needs the source recipe
DIFFERING_PARTS	data/normalized_yaml/bacterial/for_dsm_14888.yaml	CultureMech:006833	NaCl	10.8912	G_PER_L	9.8912;1.0	value is the sum of differing parts; which one the medium means needs the source recipe
DIFFERING_PARTS	data/normalized_yaml/bacterial/for_dsm_14888.yaml	CultureMech:006833	CaCl2 x 2 H2O	0.495648	G_PER_L	0.395648;0.1	value is the sum of differing parts; which one the medium means needs the source recipe
DIFFERING_PARTS	data/normalized_yaml/bacterial/for_dsm_14947.yaml	CultureMech:006909	CaCl2 x 2 H2O	0.249701	G_PER_L	0.149701;0.1	value is the sum of differing parts; which one the medium means needs the source recipe
DIFFERING_PARTS	data/normalized_yaml/bacterial/for_dsm_1497_dsm_1537_dsm_2067_dsm_2279_dsm_2373_dsm_17251_and_dsm17508.yaml	CultureMech:004129	MgSO4 x 7 H2O	6.40573	G_PER_L	3.40573;3.0	value is the sum of differing parts; which one the medium means needs the source recipe
DIFFERING_PARTS	data/normalized_yaml/bacterial/for_dsm_1497_dsm_1537_dsm_2067_dsm_2279_dsm_2373_dsm_17251_and_dsm17508.yaml	CultureMech:004129	CaCl2 x 2 H2O	0.238203	G_PER_L	0.138203;0.1	value is the sum of differing parts; which one the medium means needs the source recipe
DIFFERING_PARTS	data/normalized_yaml/bacterial/for_dsm_1497_dsm_1537_dsm_2067_dsm_2279_dsm_2373_dsm_17251_and_dsm17508.yaml	CultureMech:004129	NaCl	18.769	G_PER_L	17.769;1.0	value is the sum of differing parts; which one the medium means needs the source recipe
DIFFERING_PARTS	data/normalized_yaml/bacterial/for_dsm_15011_and_dsm_24906.yaml	CultureMech:003874	NaCl	30.6736	G_PER_L	29.6736;1.0	value is the sum of differing parts; which one the medium means needs the source recipe
DIFFERING_PARTS	data/normalized_yaml/bacterial/for_dsm_15011_and_dsm_24906.yaml	CultureMech:003874	MgSO4 x 7 H2O	4.38477	G_PER_L	1.38477;3.0	value is the sum of differing parts; which one the medium means needs the source recipe
DIFFERING_PARTS	data/normalized_yaml/bacterial/for_dsm_15011_and_dsm_24906.yaml	CultureMech:003874	CaCl2 x 2 H2O	0.238477	G_PER_L	0.138477;0.1	value is the sum of differing parts; which one the medium means needs the source recipe
DIFFERING_PARTS	data/normalized_yaml/bacterial/for_dsm_15200_and_dsm_15578.yaml	CultureMech:006910	CaCl2 x 2 H2O	0.249701	G_PER_L	0.149701;0.1	value is the sum of differing parts; which one the medium means needs the source recipe
DIFFERING_PARTS	data/normalized_yaml/bacterial/for_dsm_15219_dsm_16458_and_dsm_18860.yaml	CultureMech:004128	MgSO4 x 7 H2O	6.40573	G_PER_L	3.40573;3.0	value is the sum of differing parts; which one the medium means needs the source recipe
DIFFERING_PARTS	data/normalized_yaml/bacterial/for_dsm_15219_dsm_16458_and_dsm_18860.yaml	CultureMech:004128	CaCl2 x 2 H2O	0.238203	G_PER_L	0.138203;0.1	value is the sum of differing parts; which one the medium means needs the source recipe
DIFFERING_PARTS	data/normalized_yaml/bacterial/for_dsm_15219_dsm_16458_and_dsm_18860.yaml	CultureMech:004128	NaCl	18.769	G_PER_L	17.769;1.0	value is the sum of differing parts; which one the medium means needs the source recipe
DIFFERING_PARTS	data/normalized_yaml/bacterial/for_dsm_15558_and_dsm_16458.yaml	CultureMech:004141	MgSO4 x 7 H2O	6.40573	G_PER_L	3.40573;3.0	value is the sum of differing parts; which one the medium means needs the source recipe
DIFFERING_PARTS	data/normalized_yaml/bacterial/for_dsm_15558_and_dsm_16458.yaml	CultureMech:004141	CaCl2 x 2 H2O	0.238203	G_PER_L	0.138203;0.1	value is the sum of differing parts; which one the medium means needs the source recipe
DIFFERING_PARTS	data/normalized_yaml/bacterial/for_dsm_15558_and_dsm_16458.yaml	CultureMech:004141	NaCl	18.769	G_PER_L	17.769;1.0	value is the sum of differing parts; which one the medium means needs the source recipe
DIFFERING_PARTS	data/normalized_yaml/bacterial/for_dsm_15698_and_dsm_24425.yaml	CultureMech:006499	NaCl	40.3337	G_PER_L	30.3337;10.0	value is the sum of differing parts; which one the medium means needs the source recipe
DIFFERING_PARTS	data/normalized_yaml/bacterial/for_dsm_15698_and_dsm_24425.yaml	CultureMech:006499	MgSO4 x 7 H2O	33.53893	G_PER_L	3.53893;30.0	value is the sum of differing parts; which one the medium means needs the source recipe
DIFFERING_PARTS	data/normalized_yaml/bacterial/for_dsm_15698_and_dsm_24425.yaml	CultureMech:006499	H3BO3	0.1151668	G_PER_L	0.0151668;0.1	value is the sum of differing parts; which one the medium means needs the source recipe
DIFFERING_PARTS	data/normalized_yaml/bacterial/for_dsm_16121.yaml	CultureMech:006911	CaCl2 x 2 H2O	0.249701	G_PER_L	0.149701;0.1	value is the sum of differing parts; which one the medium means needs the source recipe
DIFFERING_PARTS	data/normalized_yaml/bacterial/for_dsm_16145.yaml	CultureMech:006912	CaCl2 x 2 H2O	0.249701	G_PER_L	0.149701;0.1	value is the sum of differing parts; which one the medium means needs the source recipe
DIFFERING_PARTS	data/normalized_yaml/bacterial/for_dsm_16260.yaml	CultureMech:006494	NaOH	26.0	G_PER_L	25.0;1.0	value is the sum of differing parts; which one the medium means needs the source recipe
DIFFERING_PARTS	data/normalized_yaml/bacterial/for_dsm_16260.yaml	CultureMech:006494	Ethanol	959.5	G_PER_L	9.5;950.0	value is the sum of differing parts; which one the medium means needs the source recipe
DIFFERING_PARTS	data/normalized_yaml/bacterial/for_dsm_16369.yaml	CultureMech:006495	NaOH	26.0	G_PER_L	25.0;1.0	value is the sum of differing parts; which one the medium means needs the source recipe
DIFFERING_PARTS	data/normalized_yaml/bacterial/for_dsm_16369.yaml	CultureMech:006495	Ethanol	959.5	G_PER_L	9.5;950.0	value is the sum of differing parts; which one the medium means needs the source recipe
DIFFERING_PARTS	data/normalized_yaml/bacterial/for_dsm_16494_and_dsm_22288.yaml	CultureMech:006913	CaCl2 x 2 H2O	0.249701	G_PER_L	0.149701;0.1	value is the sum of differing parts; which one the medium means needs the source recipe
DIFFERING_PARTS	data/normalized_yaml/bacterial/for_dsm_16632_and_dsm_16643.yaml	CultureMech:003918	Yeast extract	4.996016	G_PER_L	0.996016;4.0	value is the sum of differing parts; which one the medium means needs the source recipe
COEXISTING_ROW	data/normalized_yaml/bacterial/for_dsm_16632_and_dsm_16643.yaml	CultureMech:003918	Yeast extract	4.996016;5.0	G_PER_L		2 rows name this ingredient in one record, one of them a merge survivor — a consumer double-counts
DIFFERING_PARTS	data/normalized_yaml/bacterial/for_dsm_16923.yaml	CultureMech:006359	MgSO4 x 7 H2O	6.40573	G_PER_L	3.40573;3.0	value is the sum of differing parts; which one the medium means needs the source recipe
DIFFERING_PARTS	data/normalized_yaml/bacterial/for_dsm_16923.yaml	CultureMech:006359	CaCl2 x 2 H2O	0.238203	G_PER_L	0.138203;0.1	value is the sum of differing parts; which one the medium means needs the source recipe
DIFFERING_PARTS	data/normalized_yaml/bacterial/for_dsm_16923.yaml	CultureMech:006359	NaCl	50.3583	G_PER_L	49.3583;1.0	value is the sum of differing parts; which one the medium means needs the source recipe
DIFFERING_PARTS	data/normalized_yaml/bacterial/for_dsm_17375.yaml	CultureMech:003517	NaCl	3.96736	G_PER_L	2.96736;1.0	value is the sum of differing parts; which one the medium means needs the source recipe
DIFFERING_PARTS	data/normalized_yaml/bacterial/for_dsm_17375.yaml	CultureMech:003517	CaCl2 x 2 H2O	0.238477	G_PER_L	0.138477;0.1	value is the sum of differing parts; which one the medium means needs the source recipe
DIFFERING_PARTS	data/normalized_yaml/bacterial/for_dsm_17375.yaml	CultureMech:003517	MgSO4 x 7 H2O	3.336301	G_PER_L	0.336301;3.0	value is the sum of differing parts; which one the medium means needs the source recipe
DIFFERING_PARTS	data/normalized_yaml/bacterial/for_dsm_17711_and_dsm_23604.yaml	CultureMech:006914	CaCl2 x 2 H2O	0.249701	G_PER_L	0.149701;0.1	value is the sum of differing parts; which one the medium means needs the source recipe
DIFFERING_PARTS	data/normalized_yaml/bacterial/for_dsm_17771.yaml	CultureMech:006915	CaCl2 x 2 H2O	0.249701	G_PER_L	0.149701;0.1	value is the sum of differing parts; which one the medium means needs the source recipe
DIFFERING_PARTS	data/normalized_yaml/bacterial/for_dsm_17883.yaml	CultureMech:006390	MgSO4 x 7 H2O	3.158259	G_PER_L	0.158259;3.0	value is the sum of differing parts; which one the medium means needs the source recipe
DIFFERING_PARTS	data/normalized_yaml/bacterial/for_dsm_18709.yaml	CultureMech:006906	CaCl2 x 2 H2O	0.249701	G_PER_L	0.149701;0.1	value is the sum of differing parts; which one the medium means needs the source recipe
DIFFERING_PARTS	data/normalized_yaml/bacterial/for_dsm_19022.yaml	CultureMech:003620	NaCl	10.0	G_PER_L	8.0;2.0	value is the sum of differing parts; which one the medium means needs the source recipe
DIFFERING_PARTS	data/normalized_yaml/bacterial/for_dsm_19353.yaml	CultureMech:003628	NaCl	20.7824	G_PER_L	19.7824;1.0	value is the sum of differing parts; which one the medium means needs the source recipe
DIFFERING_PARTS	data/normalized_yaml/bacterial/for_dsm_19353.yaml	CultureMech:003628	MgSO4 x 7 H2O	6.95648	G_PER_L	3.95648;3.0	value is the sum of differing parts; which one the medium means needs the source recipe
DIFFERING_PARTS	data/normalized_yaml/bacterial/for_dsm_1974.yaml	CultureMech:004103	NaCl	20.5886	G_PER_L	19.5886;1.0	value is the sum of differing parts; which one the medium means needs the source recipe
DIFFERING_PARTS	data/normalized_yaml/bacterial/for_dsm_1974.yaml	CultureMech:004103	MgSO4 x 7 H2O	3.0979432	G_PER_L	0.0979432;3.0	value is the sum of differing parts; which one the medium means needs the source recipe
DIFFERING_PARTS	data/normalized_yaml/bacterial/for_dsm_19849.yaml	CultureMech:005698	MgSO4 x 7 H2O	3.118694	G_PER_L	0.118694;3.0	value is the sum of differing parts; which one the medium means needs the source recipe
DIFFERING_PARTS	data/normalized_yaml/bacterial/for_dsm_19849.yaml	CultureMech:005698	NaCl	1.049456	G_PER_L	0.049456;1.0	value is the sum of differing parts; which one the medium means needs the source recipe
DIFFERING_PARTS	data/normalized_yaml/bacterial/for_dsm_19918.yaml	CultureMech:005112	NaCl	14.5122	G_PER_L	13.5122;1.0	value is the sum of differing parts; which one the medium means needs the source recipe
DIFFERING_PARTS	data/normalized_yaml/bacterial/for_dsm_19918.yaml	CultureMech:005112	MgSO4 x 7 H2O	6.41463	G_PER_L	3.41463;3.0	value is the sum of differing parts; which one the medium means needs the source recipe
DIFFERING_PARTS	data/normalized_yaml/bacterial/for_dsm_19918.yaml	CultureMech:005112	H3BO3	0.0246341	G_PER_L	0.0146341;0.01	value is the sum of differing parts; which one the medium means needs the source recipe
DIFFERING_PARTS	data/normalized_yaml/bacterial/for_dsm_19918.yaml	CultureMech:005112	CaCl2 x 2 H2O	0.831707	G_PER_L	0.731707;0.1	value is the sum of differing parts; which one the medium means needs the source recipe
DIFFERING_PARTS	data/normalized_yaml/bacterial/for_dsm_19918.yaml	CultureMech:005112	NiCl2 x 6 H2O	0.03195122	G_PER_L	0.00195122;0.03	value is the sum of differing parts; which one the medium means needs the source recipe
DIFFERING_PARTS	data/normalized_yaml/bacterial/for_dsm_2095.yaml	CultureMech:004132	MgSO4 x 7 H2O	6.40573	G_PER_L	3.40573;3.0	value is the sum of differing parts; which one the medium means needs the source recipe
DIFFERING_PARTS	data/normalized_yaml/bacterial/for_dsm_2095.yaml	CultureMech:004132	CaCl2 x 2 H2O	0.238203	G_PER_L	0.138203;0.1	value is the sum of differing parts; which one the medium means needs the source recipe
DIFFERING_PARTS	data/normalized_yaml/bacterial/for_dsm_2095.yaml	CultureMech:004132	NaCl	18.769	G_PER_L	17.769;1.0	value is the sum of differing parts; which one the medium means needs the source recipe
DIFFERING_PARTS	data/normalized_yaml/bacterial/for_dsm_21120.yaml	CultureMech:003621	NaCl	10.0	G_PER_L	8.0;2.0	value is the sum of differing parts; which one the medium means needs the source recipe
DIFFERING_PARTS	data/normalized_yaml/bacterial/for_dsm_21436.yaml	CultureMech:006532	MnCl2 x 4 H2O	0.03543478	G_PER_L	0.00543478;0.03	value is the sum of differing parts; which one the medium means needs the source recipe
DIFFERING_PARTS	data/normalized_yaml/bacterial/for_dsm_21626.yaml	CultureMech:004124	MgSO4 x 7 H2O	6.40573	G_PER_L	3.40573;3.0	value is the sum of differing parts; which one the medium means needs the source recipe
DIFFERING_PARTS	data/normalized_yaml/bacterial/for_dsm_21626.yaml	CultureMech:004124	CaCl2 x 2 H2O	0.238203	G_PER_L	0.138203;0.1	value is the sum of differing parts; which one the medium means needs the source recipe
DIFFERING_PARTS	data/normalized_yaml/bacterial/for_dsm_21626.yaml	CultureMech:004124	NaCl	18.769	G_PER_L	17.769;1.0	value is the sum of differing parts; which one the medium means needs the source recipe
DIFFERING_PARTS	data/normalized_yaml/bacterial/for_dsm_21650.yaml	CultureMech:003611	NaCl	10.0	G_PER_L	8.0;2.0	value is the sum of differing parts; which one the medium means needs the source recipe
DIFFERING_PARTS	data/normalized_yaml/bacterial/for_dsm_21761.yaml	CultureMech:003610	NaCl	10.0	G_PER_L	8.0;2.0	value is the sum of differing parts; which one the medium means needs the source recipe
DIFFERING_PARTS	data/normalized_yaml/bacterial/for_dsm_21860.yaml	CultureMech:003625	CaCl2 x 2 H2O	0.25	G_PER_L	0.15;0.1	value is the sum of differing parts; which one the medium means needs the source recipe
DIFFERING_PARTS	data/normalized_yaml/bacterial/for_dsm_21940.yaml	CultureMech:006882	MgSO4 x 7 H2O	17.0	G_PER_L	3.0;14.0	value is the sum of differing parts; which one the medium means needs the source recipe
DIFFERING_PARTS	data/normalized_yaml/bacterial/for_dsm_21940.yaml	CultureMech:006882	NaCl	56.4	G_PER_L	1.0;55.4	value is the sum of differing parts; which one the medium means needs the source recipe
DIFFERING_PARTS	data/normalized_yaml/bacterial/for_dsm_21940.yaml	CultureMech:006882	CaCl2 x 2 H2O	1.6	G_PER_L	0.1;1.5	value is the sum of differing parts; which one the medium means needs the source recipe
DIFFERING_PARTS	data/normalized_yaml/bacterial/for_dsm_22050.yaml	CultureMech:003518	NaCl	3.96736	G_PER_L	2.96736;1.0	value is the sum of differing parts; which one the medium means needs the source recipe
DIFFERING_PARTS	data/normalized_yaml/bacterial/for_dsm_22050.yaml	CultureMech:003518	CaCl2 x 2 H2O	0.238477	G_PER_L	0.138477;0.1	value is the sum of differing parts; which one the medium means needs the source recipe
DIFFERING_PARTS	data/normalized_yaml/bacterial/for_dsm_22050.yaml	CultureMech:003518	MgSO4 x 7 H2O	3.336301	G_PER_L	0.336301;3.0	value is the sum of differing parts; which one the medium means needs the source recipe
DIFFERING_PARTS	data/normalized_yaml/bacterial/for_dsm_22131.yaml	CultureMech:003600	FeSO4 x 7 H2O	1.0995025	G_PER_L	0.0995025;1.0	value is the sum of differing parts; which one the medium means needs the source recipe
DIFFERING_PARTS	data/normalized_yaml/bacterial/for_dsm_22549.yaml	CultureMech:004736	CaCl2 x 2 H2O	0.23834	G_PER_L	0.13834;0.1	value is the sum of differing parts; which one the medium means needs the source recipe
DIFFERING_PARTS	data/normalized_yaml/bacterial/for_dsm_22549.yaml	CultureMech:004736	MgSO4 x 7 H2O	6.35968	G_PER_L	3.35968;3.0	value is the sum of differing parts; which one the medium means needs the source recipe
DIFFERING_PARTS	data/normalized_yaml/bacterial/for_dsm_22549.yaml	CultureMech:004736	NaCl	30.6443	G_PER_L	29.6443;1.0	value is the sum of differing parts; which one the medium means needs the source recipe
DIFFERING_PARTS	data/normalized_yaml/bacterial/for_dsm_22612.yaml	CultureMech:004737	CaCl2 x 2 H2O	0.23834	G_PER_L	0.13834;0.1	value is the sum of differing parts; which one the medium means needs the source recipe
DIFFERING_PARTS	data/normalized_yaml/bacterial/for_dsm_22612.yaml	CultureMech:004737	MgSO4 x 7 H2O	6.35968	G_PER_L	3.35968;3.0	value is the sum of differing parts; which one the medium means needs the source recipe
DIFFERING_PARTS	data/normalized_yaml/bacterial/for_dsm_22612.yaml	CultureMech:004737	NaCl	30.6443	G_PER_L	29.6443;1.0	value is the sum of differing parts; which one the medium means needs the source recipe
DIFFERING_PARTS	data/normalized_yaml/bacterial/for_dsm_23290.yaml	CultureMech:003519	NaCl	3.96736	G_PER_L	2.96736;1.0	value is the sum of differing parts; which one the medium means needs the source recipe
DIFFERING_PARTS	data/normalized_yaml/bacterial/for_dsm_23290.yaml	CultureMech:003519	CaCl2 x 2 H2O	0.238477	G_PER_L	0.138477;0.1	value is the sum of differing parts; which one the medium means needs the source recipe
DIFFERING_PARTS	data/normalized_yaml/bacterial/for_dsm_23290.yaml	CultureMech:003519	MgSO4 x 7 H2O	3.336301	G_PER_L	0.336301;3.0	value is the sum of differing parts; which one the medium means needs the source recipe
DIFFERING_PARTS	data/normalized_yaml/bacterial/for_dsm_2373.yaml	CultureMech:004135	MgSO4 x 7 H2O	6.40573	G_PER_L	3.40573;3.0	value is the sum of differing parts; which one the medium means needs the source recipe
DIFFERING_PARTS	data/normalized_yaml/bacterial/for_dsm_2373.yaml	CultureMech:004135	CaCl2 x 2 H2O	0.238203	G_PER_L	0.138203;0.1	value is the sum of differing parts; which one the medium means needs the source recipe
DIFFERING_PARTS	data/normalized_yaml/bacterial/for_dsm_2373.yaml	CultureMech:004135	NaCl	18.769	G_PER_L	17.769;1.0	value is the sum of differing parts; which one the medium means needs the source recipe
DIFFERING_PARTS	data/normalized_yaml/bacterial/for_dsm_24436.yaml	CultureMech:006669	NaCl	70.3069	G_PER_L	69.3069;1.0	value is the sum of differing parts; which one the medium means needs the source recipe
DIFFERING_PARTS	data/normalized_yaml/bacterial/for_dsm_24660.yaml	CultureMech:003520	NaCl	3.96736	G_PER_L	2.96736;1.0	value is the sum of differing parts; which one the medium means needs the source recipe
DIFFERING_PARTS	data/normalized_yaml/bacterial/for_dsm_24660.yaml	CultureMech:003520	CaCl2 x 2 H2O	0.238477	G_PER_L	0.138477;0.1	value is the sum of differing parts; which one the medium means needs the source recipe
DIFFERING_PARTS	data/normalized_yaml/bacterial/for_dsm_24660.yaml	CultureMech:003520	MgSO4 x 7 H2O	3.336301	G_PER_L	0.336301;3.0	value is the sum of differing parts; which one the medium means needs the source recipe
DIFFERING_PARTS	data/normalized_yaml/bacterial/for_dsm_24739.yaml	CultureMech:003875	NaCl	30.6736	G_PER_L	29.6736;1.0	value is the sum of differing parts; which one the medium means needs the source recipe
DIFFERING_PARTS	data/normalized_yaml/bacterial/for_dsm_24739.yaml	CultureMech:003875	MgSO4 x 7 H2O	4.38477	G_PER_L	1.38477;3.0	value is the sum of differing parts; which one the medium means needs the source recipe
DIFFERING_PARTS	data/normalized_yaml/bacterial/for_dsm_24739.yaml	CultureMech:003875	CaCl2 x 2 H2O	0.238477	G_PER_L	0.138477;0.1	value is the sum of differing parts; which one the medium means needs the source recipe
DIFFERING_PARTS	data/normalized_yaml/bacterial/for_dsm_2831.yaml	CultureMech:004136	MgSO4 x 7 H2O	6.40573	G_PER_L	3.40573;3.0	value is the sum of differing parts; which one the medium means needs the source recipe
DIFFERING_PARTS	data/normalized_yaml/bacterial/for_dsm_2831.yaml	CultureMech:004136	CaCl2 x 2 H2O	0.238203	G_PER_L	0.138203;0.1	value is the sum of differing parts; which one the medium means needs the source recipe
DIFFERING_PARTS	data/normalized_yaml/bacterial/for_dsm_2831.yaml	CultureMech:004136	NaCl	18.769	G_PER_L	17.769;1.0	value is the sum of differing parts; which one the medium means needs the source recipe
DIFFERING_PARTS	data/normalized_yaml/bacterial/for_dsm_4132.yaml	CultureMech:004104	NaCl	20.5886	G_PER_L	19.5886;1.0	value is the sum of differing parts; which one the medium means needs the source recipe
DIFFERING_PARTS	data/normalized_yaml/bacterial/for_dsm_4132.yaml	CultureMech:004104	MgSO4 x 7 H2O	3.0979432	G_PER_L	0.0979432;3.0	value is the sum of differing parts; which one the medium means needs the source recipe
DIFFERING_PARTS	data/normalized_yaml/bacterial/for_dsm_4254.yaml	CultureMech:004139	MgSO4 x 7 H2O	6.40573	G_PER_L	3.40573;3.0	value is the sum of differing parts; which one the medium means needs the source recipe
DIFFERING_PARTS	data/normalized_yaml/bacterial/for_dsm_4254.yaml	CultureMech:004139	CaCl2 x 2 H2O	0.238203	G_PER_L	0.138203;0.1	value is the sum of differing parts; which one the medium means needs the source recipe
DIFFERING_PARTS	data/normalized_yaml/bacterial/for_dsm_4254.yaml	CultureMech:004139	NaCl	18.769	G_PER_L	17.769;1.0	value is the sum of differing parts; which one the medium means needs the source recipe
DIFFERING_PARTS	data/normalized_yaml/bacterial/for_dsm_5219.yaml	CultureMech:005593	NaCl	87.1386	G_PER_L	86.1386;1.0	value is the sum of differing parts; which one the medium means needs the source recipe
DIFFERING_PARTS	data/normalized_yaml/bacterial/for_dsm_5387.yaml	CultureMech:003616	NaCl	10.0	G_PER_L	8.0;2.0	value is the sum of differing parts; which one the medium means needs the source recipe
DIFFERING_PARTS	data/normalized_yaml/bacterial/for_dsm_5566.yaml	CultureMech:006471	NaOH	26.0	G_PER_L	25.0;1.0	value is the sum of differing parts; which one the medium means needs the source recipe
DIFFERING_PARTS	data/normalized_yaml/bacterial/for_dsm_5566.yaml	CultureMech:006471	Ethanol	959.5	G_PER_L	9.5;950.0	value is the sum of differing parts; which one the medium means needs the source recipe
DIFFERING_PARTS	data/normalized_yaml/bacterial/for_dsm_5700_dsm_5701_dsm_5702_dsm_5703_and_dsm_5814.yaml	CultureMech:005887	CaCl2 x 2 H2O	0.238477	G_PER_L	0.138477;0.1	value is the sum of differing parts; which one the medium means needs the source recipe
DIFFERING_PARTS	data/normalized_yaml/bacterial/for_dsm_5700_dsm_5701_dsm_5702_dsm_5703_and_dsm_5814.yaml	CultureMech:005887	NaCl	149.368	G_PER_L	148.368;1.0	value is the sum of differing parts; which one the medium means needs the source recipe
DIFFERING_PARTS	data/normalized_yaml/bacterial/for_dsm_6813.yaml	CultureMech:005570	Agar	65.0	G_PER_L	15.0;15.0;20.0;15.0	value is the sum of differing parts; which one the medium means needs the source recipe
COEXISTING_ROW	data/normalized_yaml/bacterial/for_dsm_6813.yaml	CultureMech:005570	Agar	65.0;15.0	G_PER_L		2 rows name this ingredient in one record, one of them a merge survivor — a consumer double-counts
DIFFERING_PARTS	data/normalized_yaml/bacterial/for_dsm_6876.yaml	CultureMech:006005	MnCl2 x 4 H2O	0.1598205	G_PER_L	0.0598205;0.1	value is the sum of differing parts; which one the medium means needs the source recipe
DIFFERING_PARTS	data/normalized_yaml/bacterial/for_dsm_6877.yaml	CultureMech:006006	MnCl2 x 4 H2O	0.1598205	G_PER_L	0.0598205;0.1	value is the sum of differing parts; which one the medium means needs the source recipe
DIFFERING_PARTS	data/normalized_yaml/bacterial/for_dsm_7320.yaml	CultureMech:003615	NaCl	10.0	G_PER_L	8.0;2.0	value is the sum of differing parts; which one the medium means needs the source recipe
DIFFERING_PARTS	data/normalized_yaml/bacterial/for_dsm_7526.yaml	CultureMech:005457	Agar	50.0	G_PER_L	15.0;15.0;20.0	value is the sum of differing parts; which one the medium means needs the source recipe
COEXISTING_ROW	data/normalized_yaml/bacterial/for_dsm_7526.yaml	CultureMech:005457	Agar	50.0;15.0	G_PER_L		2 rows name this ingredient in one record, one of them a merge survivor — a consumer double-counts
DIFFERING_PARTS	data/normalized_yaml/bacterial/for_dsm_753.yaml	CultureMech:003614	NaCl	10.0	G_PER_L	8.0;2.0	value is the sum of differing parts; which one the medium means needs the source recipe
DIFFERING_PARTS	data/normalized_yaml/bacterial/for_dsm_753_dsm_6589_dsm_7320_dsm_15930_dsm_17592_dsm_19522_dsm_22681_dsm_23576_and_dsm_24553.yaml	CultureMech:003613	NaCl	10.0	G_PER_L	8.0;2.0	value is the sum of differing parts; which one the medium means needs the source recipe
DIFFERING_PARTS	data/normalized_yaml/bacterial/for_dsm_8238.yaml	CultureMech:006104	CaCl2 x 2 H2O	0.317606	G_PER_L	0.217606;0.1	value is the sum of differing parts; which one the medium means needs the source recipe
DIFFERING_PARTS	data/normalized_yaml/bacterial/for_dsm_9219.yaml	CultureMech:006274	CaCl2 x 2 H2O	0.5	G_PER_L	0.4;0.1	value is the sum of differing parts; which one the medium means needs the source recipe
DIFFERING_PARTS	data/normalized_yaml/bacterial/for_dsm_9675_and_dsm_9685.yaml	CultureMech:005572	Agar	65.0	G_PER_L	15.0;15.0;20.0;15.0	value is the sum of differing parts; which one the medium means needs the source recipe
COEXISTING_ROW	data/normalized_yaml/bacterial/for_dsm_9675_and_dsm_9685.yaml	CultureMech:005572	Agar	65.0;15.0	G_PER_L		2 rows name this ingredient in one record, one of them a merge survivor — a consumer double-counts
DIFFERING_PARTS	data/normalized_yaml/bacterial/for_growth_on_nitrogen_free_medium.yaml	CultureMech:006530	MnCl2 x 4 H2O	0.03543478	G_PER_L	0.00543478;0.03	value is the sum of differing parts; which one the medium means needs the source recipe
DIFFERING_PARTS	data/normalized_yaml/bacterial/for_heterotrophic_growth.yaml	CultureMech:006528	MnCl2 x 4 H2O	0.03543478	G_PER_L	0.00543478;0.03	value is the sum of differing parts; which one the medium means needs the source recipe
DIFFERING_PARTS	data/normalized_yaml/bacterial/for_marinobacter.yaml	CultureMech:006872	NaCl	156.0	G_PER_L	150.0;6.0	value is the sum of differing parts; which one the medium means needs the source recipe
DIFFERING_PARTS	data/normalized_yaml/bacterial/for_strain_dsm_1498_dsm_15558_and_dsm_22353.yaml	CultureMech:004134	MgSO4 x 7 H2O	6.40573	G_PER_L	3.40573;3.0	value is the sum of differing parts; which one the medium means needs the source recipe
DIFFERING_PARTS	data/normalized_yaml/bacterial/for_strain_dsm_1498_dsm_15558_and_dsm_22353.yaml	CultureMech:004134	CaCl2 x 2 H2O	0.238203	G_PER_L	0.138203;0.1	value is the sum of differing parts; which one the medium means needs the source recipe
DIFFERING_PARTS	data/normalized_yaml/bacterial/for_strain_dsm_1498_dsm_15558_and_dsm_22353.yaml	CultureMech:004134	NaCl	18.769	G_PER_L	17.769;1.0	value is the sum of differing parts; which one the medium means needs the source recipe
DIFFERING_PARTS	data/normalized_yaml/bacterial/for_strain_dsm_21449_und_dsm_21450.yaml	CultureMech:004514	Casein peptone	32.0	G_PER_L	15.0;17.0	value is the sum of differing parts; which one the medium means needs the source recipe
DIFFERING_PARTS	data/normalized_yaml/bacterial/for_strain_dsm_21449_und_dsm_21450.yaml	CultureMech:004514	Soy peptone	8.0	G_PER_L	5.0;3.0	value is the sum of differing parts; which one the medium means needs the source recipe
DIFFERING_PARTS	data/normalized_yaml/bacterial/for_strain_dsm_4310.yaml	CultureMech:005174	NaCl	41.0	G_PER_L	40.0;1.0	value is the sum of differing parts; which one the medium means needs the source recipe
DIFFERING_PARTS	data/normalized_yaml/bacterial/for_strain_dsm_4310.yaml	CultureMech:005174	MgSO4 x 7 H2O	3.7	G_PER_L	0.7;3.0	value is the sum of differing parts; which one the medium means needs the source recipe
DIFFERING_PARTS	data/normalized_yaml/bacterial/for_strain_dsm_4310.yaml	CultureMech:005174	CaCl2 x 2 H2O	0.38	G_PER_L	0.28;0.1	value is the sum of differing parts; which one the medium means needs the source recipe
DIFFERING_PARTS	data/normalized_yaml/bacterial/for_ureaplasma.yaml	CultureMech:003681	Yeast extract	4.5	G_PER_L	3.5;1.0	value is the sum of differing parts; which one the medium means needs the source recipe
DIFFERING_PARTS	data/normalized_yaml/bacterial/francisella_halioticida_medium.yaml	CultureMech:001537	Agar	17.0	G_PER_L	2.0;15.0	value is the sum of differing parts; which one the medium means needs the source recipe
DIFFERING_PARTS	data/normalized_yaml/bacterial/francisella_persica_medium.yaml	CultureMech:001081	Demineralized water	371.0	G_PER_L	346.0;25.0	value is the sum of differing parts; which one the medium means needs the source recipe
DIFFERING_PARTS	data/normalized_yaml/bacterial/freshwater_iron_oxidizing_bacteria_medium.yaml	CultureMech:002974	Agarose	11.48515	G_PER_L	10.0;1.48515	value is the sum of differing parts; which one the medium means needs the source recipe
DIFFERING_PARTS	data/normalized_yaml/bacterial/freshwater_iron_oxidizing_bacteria_medium_ii.yaml	CultureMech:002247	FeSO4 x 7 H2O	154.1	G_PER_L	154.0;0.1	value is the sum of differing parts; which one the medium means needs the source recipe
DIFFERING_PARTS	data/normalized_yaml/bacterial/freshwater_iron_oxidizing_bacteria_medium_ii.yaml	CultureMech:002247	MgSO4 x 7 H2O	3.2	G_PER_L	0.2;3.0	value is the sum of differing parts; which one the medium means needs the source recipe
DIFFERING_PARTS	data/normalized_yaml/bacterial/fuf_medium.yaml	CultureMech:005006	NaCl	1.587659	G_PER_L	0.587659;1.0	value is the sum of differing parts; which one the medium means needs the source recipe
DIFFERING_PARTS	data/normalized_yaml/bacterial/fuf_medium.yaml	CultureMech:005006	CaCl2 x 2 H2O	0.1783546	G_PER_L	0.0783546;0.1	value is the sum of differing parts; which one the medium means needs the source recipe
DIFFERING_PARTS	data/normalized_yaml/bacterial/fundidesulfovibrio_magnetotactcus_medium.yaml	CultureMech:007826	Distilled water	1007.0	G_PER_L	957.0;50.0	value is the sum of differing parts; which one the medium means needs the source recipe
DIFFERING_PARTS	data/normalized_yaml/bacterial/fusibacter_bizertensis_medium.yaml	CultureMech:002012	NaCl	3.9703	G_PER_L	2.9703;1.0	value is the sum of differing parts; which one the medium means needs the source recipe
DIFFERING_PARTS	data/normalized_yaml/bacterial/fusibacter_medium.yaml	CultureMech:002010	NaCl	30.703	G_PER_L	29.703;1.0	value is the sum of differing parts; which one the medium means needs the source recipe
DIFFERING_PARTS	data/normalized_yaml/bacterial/fusibacter_paucivorans_medium.yaml	CultureMech:006670	NaCl	70.3069	G_PER_L	69.3069;1.0	value is the sum of differing parts; which one the medium means needs the source recipe
DIFFERING_PARTS	data/normalized_yaml/bacterial/fusibacter_tunisiensis_medium.yaml	CultureMech:002011	NaCl	70.3069	G_PER_L	69.3069;1.0	value is the sum of differing parts; which one the medium means needs the source recipe
DIFFERING_PARTS	data/normalized_yaml/bacterial/fwm_medium_perchlorate.yaml	CultureMech:001632	CaCl2 x 2 H2O	0.257895	G_PER_L	0.157895;0.1	value is the sum of differing parts; which one the medium means needs the source recipe
DIFFERING_PARTS	data/normalized_yaml/bacterial/g_s_medium.yaml	CultureMech:003313	L-Cysteine HCl x H2O	3.000003	G_PER_L	2.9703;0.029703	value is the sum of differing parts; which one the medium means needs the source recipe
DIFFERING_PARTS	data/normalized_yaml/bacterial/galenea_mj_medium_co2.yaml	CultureMech:000431	NaCl	30.6736	G_PER_L	29.6736;1.0	value is the sum of differing parts; which one the medium means needs the source recipe
DIFFERING_PARTS	data/normalized_yaml/bacterial/galenea_mj_medium_co2.yaml	CultureMech:000431	CaCl2 x 2 H2O	0.238477	G_PER_L	0.138477;0.1	value is the sum of differing parts; which one the medium means needs the source recipe
DIFFERING_PARTS	data/normalized_yaml/bacterial/galenea_mj_medium_co2.yaml	CultureMech:000431	MgSO4 x 7 H2O	6.36301	G_PER_L	3.36301;3.0	value is the sum of differing parts; which one the medium means needs the source recipe
DIFFERING_PARTS	data/normalized_yaml/bacterial/gallionella_es_medium.yaml	CultureMech:000729	MgSO4 x 7 H2O	30.221976	G_PER_L	0.221976;30.0	value is the sum of differing parts; which one the medium means needs the source recipe
DIFFERING_PARTS	data/normalized_yaml/bacterial/gallionella_es_medium.yaml	CultureMech:000729	CaCl2 x 2 H2O	1.110988	G_PER_L	0.110988;1.0	value is the sum of differing parts; which one the medium means needs the source recipe
DIFFERING_PARTS	data/normalized_yaml/bacterial/gallionella_es_medium.yaml	CultureMech:000729	FeSO4 x 7 H2O	155.0	G_PER_L	1.0;154.0	value is the sum of differing parts; which one the medium means needs the source recipe
DIFFERING_PARTS	data/normalized_yaml/bacterial/geosporobacter_medium.yaml	CultureMech:002244	NaCl	1.998004	G_PER_L	0.998004;1.0	value is the sum of differing parts; which one the medium means needs the source recipe
DIFFERING_PARTS	data/normalized_yaml/bacterial/ghiorsea_bivora_medium.yaml	CultureMech:002330	NaHCO3	1.039161	G_PER_L	0.839161;0.2	value is the sum of differing parts; which one the medium means needs the source recipe
DIFFERING_PARTS	data/normalized_yaml/bacterial/ghiorsea_bivora_medium.yaml	CultureMech:002330	KH2PO4	0.49955	G_PER_L	0.44955;0.05	value is the sum of differing parts; which one the medium means needs the source recipe
DIFFERING_PARTS	data/normalized_yaml/bacterial/ghiorsea_bivora_medium.yaml	CultureMech:002330	NaCl	28.5	G_PER_L	27.5;1.0	value is the sum of differing parts; which one the medium means needs the source recipe
DIFFERING_PARTS	data/normalized_yaml/bacterial/ghiorsea_bivora_medium.yaml	CultureMech:002330	CaCl2 x 2 H2O	1.5	G_PER_L	1.4;0.1	value is the sum of differing parts; which one the medium means needs the source recipe
DIFFERING_PARTS	data/normalized_yaml/bacterial/glycerol_asparagine_agar_isp_medium_no_5.yaml	CultureMech:008027	Distilled water	101.0	G_PER_L	1.0;100.0	value is the sum of differing parts; which one the medium means needs the source recipe
DIFFERING_PARTS	data/normalized_yaml/bacterial/gracilibacillus_medium.yaml	CultureMech:001946	FeCl2 x 4 H2O	21.9802	G_PER_L	1.9802;20.0	value is the sum of differing parts; which one the medium means needs the source recipe
DIFFERING_PARTS	data/normalized_yaml/bacterial/gracilibacillus_medium.yaml	CultureMech:001946	MnCl2 x 4 H2O	20.0990099	G_PER_L	0.0990099;20.0	value is the sum of differing parts; which one the medium means needs the source recipe
DIFFERING_PARTS	data/normalized_yaml/bacterial/gracilinema_medium.yaml	CultureMech:001769	H3BO3	0.016	G_PER_L	0.006;0.01	value is the sum of differing parts; which one the medium means needs the source recipe
DIFFERING_PARTS	data/normalized_yaml/bacterial/gracilinema_medium.yaml	CultureMech:001769	NiCl2 x 6 H2O	0.054	G_PER_L	0.024;0.03	value is the sum of differing parts; which one the medium means needs the source recipe
DIFFERING_PARTS	data/normalized_yaml/bacterial/gracilinema_medium.yaml	CultureMech:001769	Na2MoO4 x 2 H2O	0.046	G_PER_L	0.036;0.01	value is the sum of differing parts; which one the medium means needs the source recipe
DIFFERING_PARTS	data/normalized_yaml/bacterial/green_sulfur_bacterium_medium.yaml	CultureMech:008209	Ammonium acetate	25.5	G_PER_L	0.5;25.0	value is the sum of differing parts; which one the medium means needs the source recipe
DIFFERING_PARTS	data/normalized_yaml/bacterial/green_sulfur_bacterium_medium_1_nacl.yaml	CultureMech:008466	Ammonium acetate	25.5	G_PER_L	0.5;25.0	value is the sum of differing parts; which one the medium means needs the source recipe
DIFFERING_PARTS	data/normalized_yaml/bacterial/gs_medium.yaml	CultureMech:000858	MgSO4 x 7 H2O	6.45	G_PER_L	3.45;3.0	value is the sum of differing parts; which one the medium means needs the source recipe
DIFFERING_PARTS	data/normalized_yaml/bacterial/gs_medium.yaml	CultureMech:000858	NaCl	7.0	G_PER_L	6.0;1.0	value is the sum of differing parts; which one the medium means needs the source recipe
DIFFERING_PARTS	data/normalized_yaml/bacterial/gudongella_medium.yaml	CultureMech:000646	Yeast extract	5.0	G_PER_L	1.0;4.0	value is the sum of differing parts; which one the medium means needs the source recipe
COEXISTING_ROW	data/normalized_yaml/bacterial/gudongella_medium.yaml	CultureMech:000646	Yeast extract	5.0;5.0	G_PER_L		2 rows name this ingredient in one record, one of them a merge survivor — a consumer double-counts
DIFFERING_PARTS	data/normalized_yaml/bacterial/guyparkeria_hydrothermalis_medium.yaml	CultureMech:001702	CaCl2 x 2 H2O	5.8	G_PER_L	0.3;5.5	value is the sum of differing parts; which one the medium means needs the source recipe
DIFFERING_PARTS	data/normalized_yaml/bacterial/gys_medium.yaml	CultureMech:008483	Distilled water	1001.0	G_PER_L	500.0;500.0;1.0	value is the sum of differing parts; which one the medium means needs the source recipe
DIFFERING_PARTS	data/normalized_yaml/bacterial/haha100_medium.yaml	CultureMech:001040	NaHCO3	2.17	G_PER_L	0.17;2.0	value is the sum of differing parts; which one the medium means needs the source recipe
DIFFERING_PARTS	data/normalized_yaml/bacterial/haha100_medium.yaml	CultureMech:001040	α-D-Glucose monohydrate	1.4	G_PER_L	0.4;1.0	value is the sum of differing parts; which one the medium means needs the source recipe
DIFFERING_PARTS	data/normalized_yaml/bacterial/haha100_medium.yaml	CultureMech:001040	Cellobiose	1.4	G_PER_L	0.4;1.0	value is the sum of differing parts; which one the medium means needs the source recipe
DIFFERING_PARTS	data/normalized_yaml/bacterial/haha100_medium.yaml	CultureMech:001040	H3BO3	0.082	G_PER_L	0.062;0.02	value is the sum of differing parts; which one the medium means needs the source recipe
DIFFERING_PARTS	data/normalized_yaml/bacterial/haha100_v_medium.yaml	CultureMech:001042	H3BO3	0.082	G_PER_L	0.02;0.062	value is the sum of differing parts; which one the medium means needs the source recipe
DIFFERING_PARTS	data/normalized_yaml/bacterial/halanaerobacter_jeridense_medium.yaml	CultureMech:000836	MgSO4 x 7 H2O	8.0	G_PER_L	5.0;3.0	value is the sum of differing parts; which one the medium means needs the source recipe
DIFFERING_PARTS	data/normalized_yaml/bacterial/halanaerobacter_jeridense_medium.yaml	CultureMech:000836	NaCl	151.0	G_PER_L	150.0;1.0	value is the sum of differing parts; which one the medium means needs the source recipe
DIFFERING_PARTS	data/normalized_yaml/bacterial/halanaerobacter_jeridensis_medium.yaml	CultureMech:003162	NaCl	151.0	G_PER_L	150.0;1.0	value is the sum of differing parts; which one the medium means needs the source recipe
DIFFERING_PARTS	data/normalized_yaml/bacterial/halanaerobaculum_tunisiense_medium.yaml	CultureMech:003023	NaCl	237.967	G_PER_L	236.967;1.0	value is the sum of differing parts; which one the medium means needs the source recipe
DIFFERING_PARTS	data/normalized_yaml/bacterial/halanaerobaculum_tunisiense_medium.yaml	CultureMech:003023	CaCl2 x 2 H2O	0.1947867	G_PER_L	0.0947867;0.1	value is the sum of differing parts; which one the medium means needs the source recipe
DIFFERING_PARTS	data/normalized_yaml/bacterial/halanaerobium_hydrogeniformans_medium.yaml	CultureMech:002377	NaCl	68.9612	G_PER_L	67.9612;1.0	value is the sum of differing parts; which one the medium means needs the source recipe
DIFFERING_PARTS	data/normalized_yaml/bacterial/halanaerobium_hydrogeniformans_medium.yaml	CultureMech:002377	MnSO4 x n H2O	0.5045	G_PER_L	0.0045;0.5	value is the sum of differing parts; which one the medium means needs the source recipe
DIFFERING_PARTS	data/normalized_yaml/bacterial/halanaerobium_hydrogeniformans_medium.yaml	CultureMech:002377	CaCl2 x 2 H2O	0.1042	G_PER_L	0.0042;0.1	value is the sum of differing parts; which one the medium means needs the source recipe
DIFFERING_PARTS	data/normalized_yaml/bacterial/halanaerobium_hydrogeniformans_medium.yaml	CultureMech:002377	FeSO4 x 7 H2O	0.1018	G_PER_L	0.0018;0.1	value is the sum of differing parts; which one the medium means needs the source recipe
DIFFERING_PARTS	data/normalized_yaml/bacterial/halanaerobium_hydrogeniformans_medium_sl_hp.yaml	CultureMech:001138	NaCl	3500.980392	G_PER_L	3500.0;0.980392	value is the sum of differing parts; which one the medium means needs the source recipe
DIFFERING_PARTS	data/normalized_yaml/bacterial/halanaerobium_hydrogeniformans_medium_sl_hp.yaml	CultureMech:001138	Na2S x 9 H2O	42.5	G_PER_L	37.5;5.0	value is the sum of differing parts; which one the medium means needs the source recipe
DIFFERING_PARTS	data/normalized_yaml/bacterial/halanaerobium_hydrogeniformans_medium_sl_hp.yaml	CultureMech:001138	L-Cysteine	42.0	G_PER_L	30.0;12.0	value is the sum of differing parts; which one the medium means needs the source recipe
DIFFERING_PARTS	data/normalized_yaml/bacterial/halanaerobium_hydrogeniformans_medium_sl_hp.yaml	CultureMech:001138	CaCl2 x 2 H2O	0.1022392	G_PER_L	0.0042;0.0980392	value is the sum of differing parts; which one the medium means needs the source recipe
DIFFERING_PARTS	data/normalized_yaml/bacterial/halanaerobium_hydrogeniformans_medium_sl_hp.yaml	CultureMech:001138	FeSO4 x 7 H2O	0.0998392	G_PER_L	0.0018;0.0980392	value is the sum of differing parts; which one the medium means needs the source recipe
DIFFERING_PARTS	data/normalized_yaml/bacterial/halanaerobium_sehlinense_medium.yaml	CultureMech:003276	NaCl	186.529	G_PER_L	185.529;1.0	value is the sum of differing parts; which one the medium means needs the source recipe
DIFFERING_PARTS	data/normalized_yaml/bacterial/halanaerobium_sehlinense_medium.yaml	CultureMech:003276	CaCl2 x 2 H2O	0.1927644	G_PER_L	0.0927644;0.1	value is the sum of differing parts; which one the medium means needs the source recipe
DIFFERING_PARTS	data/normalized_yaml/bacterial/halarsenatibacter_medium.yaml	CultureMech:000867	H3BO3	4.3	G_PER_L	4.0;0.3	value is the sum of differing parts; which one the medium means needs the source recipe
DIFFERING_PARTS	data/normalized_yaml/bacterial/half_strenghs_hyphomicrobium_medium.yaml	CultureMech:000884	MgSO4 x 7 H2O	29.8	G_PER_L	0.1;29.7	value is the sum of differing parts; which one the medium means needs the source recipe
DIFFERING_PARTS	data/normalized_yaml/bacterial/half_strenghs_hyphomicrobium_medium.yaml	CultureMech:000884	CaCl2 x 2 H2O	5.325	G_PER_L	1.99;3.335	value is the sum of differing parts; which one the medium means needs the source recipe
DIFFERING_PARTS	data/normalized_yaml/bacterial/half_strenghs_hyphomicrobium_medium.yaml	CultureMech:000884	FeSO4 x 7 H2O	1.599	G_PER_L	1.0;0.099;0.5	value is the sum of differing parts; which one the medium means needs the source recipe
DIFFERING_PARTS	data/normalized_yaml/bacterial/half_strenghs_hyphomicrobium_medium.yaml	CultureMech:000884	MnSO4 x H2O	0.504	G_PER_L	0.35;0.154	value is the sum of differing parts; which one the medium means needs the source recipe
DIFFERING_PARTS	data/normalized_yaml/bacterial/halo_1a.yaml	CultureMech:008665	NaCl	151.0	G_PER_L	150.0;1.0	value is the sum of differing parts; which one the medium means needs the source recipe
DIFFERING_PARTS	data/normalized_yaml/bacterial/halo_1a.yaml	CultureMech:008665	CaCl2·2H2O	0.25	G_PER_L	0.15;0.1	value is the sum of differing parts; which one the medium means needs the source recipe
DIFFERING_PARTS	data/normalized_yaml/bacterial/halo_1b.yaml	CultureMech:008666	NaCl	151.0	G_PER_L	150.0;1.0	value is the sum of differing parts; which one the medium means needs the source recipe
DIFFERING_PARTS	data/normalized_yaml/bacterial/halo_1b.yaml	CultureMech:008666	CaCl2·2H2O	0.25	G_PER_L	0.15;0.1	value is the sum of differing parts; which one the medium means needs the source recipe
DIFFERING_PARTS	data/normalized_yaml/bacterial/halo_1c.yaml	CultureMech:008667	NaCl	151.0	G_PER_L	150.0;1.0	value is the sum of differing parts; which one the medium means needs the source recipe
DIFFERING_PARTS	data/normalized_yaml/bacterial/halo_1c.yaml	CultureMech:008667	CaCl2·2H2O	0.25	G_PER_L	0.15;0.1	value is the sum of differing parts; which one the medium means needs the source recipe
DIFFERING_PARTS	data/normalized_yaml/bacterial/halo_2a.yaml	CultureMech:008664	NaCl	201.0	G_PER_L	200.0;1.0	value is the sum of differing parts; which one the medium means needs the source recipe
DIFFERING_PARTS	data/normalized_yaml/bacterial/halo_2a.yaml	CultureMech:008664	CaCl2·2H2O	0.25	G_PER_L	0.15;0.1	value is the sum of differing parts; which one the medium means needs the source recipe
DIFFERING_PARTS	data/normalized_yaml/bacterial/halo_2b.yaml	CultureMech:008623	NaCl	201.0	G_PER_L	200.0;1.0	value is the sum of differing parts; which one the medium means needs the source recipe
DIFFERING_PARTS	data/normalized_yaml/bacterial/halo_2b.yaml	CultureMech:008623	CaCl2·2H2O	0.25	G_PER_L	0.15;0.1	value is the sum of differing parts; which one the medium means needs the source recipe
DIFFERING_PARTS	data/normalized_yaml/bacterial/halo_2g.yaml	CultureMech:008661	NaCl	201.0	G_PER_L	200.0;1.0	value is the sum of differing parts; which one the medium means needs the source recipe
DIFFERING_PARTS	data/normalized_yaml/bacterial/halo_2g.yaml	CultureMech:008661	CaCl2·2H2O	0.25	G_PER_L	0.15;0.1	value is the sum of differing parts; which one the medium means needs the source recipe
DIFFERING_PARTS	data/normalized_yaml/bacterial/haloanaerobacter_chitinovorans_medium.yaml	CultureMech:001840	MgSO4 x 7 H2O	12.6	G_PER_L	9.6;3.0	value is the sum of differing parts; which one the medium means needs the source recipe
DIFFERING_PARTS	data/normalized_yaml/bacterial/haloanaerobacter_chitinovorans_medium.yaml	CultureMech:001840	CaCl2 x 2 H2O	0.6	G_PER_L	0.5;0.1	value is the sum of differing parts; which one the medium means needs the source recipe
DIFFERING_PARTS	data/normalized_yaml/bacterial/haloanaerobacter_chitinovorans_medium.yaml	CultureMech:001840	NaCl	11.0	G_PER_L	10.0;1.0	value is the sum of differing parts; which one the medium means needs the source recipe
DIFFERING_PARTS	data/normalized_yaml/bacterial/haloanaerobacter_chitinovorans_medium_replace_glucose_with_chitin.yaml	CultureMech:006330	MgSO4 x 7 H2O	12.6	G_PER_L	9.6;3.0	value is the sum of differing parts; which one the medium means needs the source recipe
DIFFERING_PARTS	data/normalized_yaml/bacterial/haloanaerobacter_chitinovorans_medium_replace_glucose_with_chitin.yaml	CultureMech:006330	CaCl2 x 2 H2O	0.6	G_PER_L	0.5;0.1	value is the sum of differing parts; which one the medium means needs the source recipe
DIFFERING_PARTS	data/normalized_yaml/bacterial/haloanaerobacter_chitinovorans_medium_replace_glucose_with_chitin.yaml	CultureMech:006330	NaCl	11.0	G_PER_L	10.0;1.0	value is the sum of differing parts; which one the medium means needs the source recipe
DIFFERING_PARTS	data/normalized_yaml/bacterial/haloanaerobium_alcaliphilum_medium.yaml	CultureMech:001951	MgSO4 x 7 H2O	19.6	G_PER_L	17.0;2.6	value is the sum of differing parts; which one the medium means needs the source recipe
DIFFERING_PARTS	data/normalized_yaml/bacterial/haloanaerobium_alcaliphilum_medium.yaml	CultureMech:001951	NaCl	112.0	G_PER_L	100.0;12.0	value is the sum of differing parts; which one the medium means needs the source recipe
DIFFERING_PARTS	data/normalized_yaml/bacterial/haloanaerobium_alcaliphilum_medium.yaml	CultureMech:001951	K2HPO4	6.28	G_PER_L	6.0;0.28	value is the sum of differing parts; which one the medium means needs the source recipe
DIFFERING_PARTS	data/normalized_yaml/bacterial/haloanaerobium_congolense_medium.yaml	CultureMech:002106	NaCl	101.0	G_PER_L	100.0;1.0	value is the sum of differing parts; which one the medium means needs the source recipe
DIFFERING_PARTS	data/normalized_yaml/bacterial/haloanaerobium_lacusroseus_medium.yaml	CultureMech:001897	NaCl	201.0	G_PER_L	200.0;1.0	value is the sum of differing parts; which one the medium means needs the source recipe
DIFFERING_PARTS	data/normalized_yaml/bacterial/haloanaerobium_medium.yaml	CultureMech:001308	NaCl	122.495	G_PER_L	121.495;1.0	value is the sum of differing parts; which one the medium means needs the source recipe
DIFFERING_PARTS	data/normalized_yaml/bacterial/halobacteriovorax_medium.yaml	CultureMech:000435	NaCl	48.15	G_PER_L	27.7;1.0;19.45	value is the sum of differing parts; which one the medium means needs the source recipe
DIFFERING_PARTS	data/normalized_yaml/bacterial/halobacteriovorax_medium.yaml	CultureMech:000435	MgSO4 x 7 H2O	10.0	G_PER_L	7.0;3.0	value is the sum of differing parts; which one the medium means needs the source recipe
DIFFERING_PARTS	data/normalized_yaml/bacterial/halobacteriovorax_medium.yaml	CultureMech:000435	H3BO3	0.062	G_PER_L	0.03;0.01;0.022	value is the sum of differing parts; which one the medium means needs the source recipe
DIFFERING_PARTS	data/normalized_yaml/bacterial/halobacteriovorax_medium.yaml	CultureMech:000435	CaCl2 x 2 H2O	2.35	G_PER_L	2.25;0.1	value is the sum of differing parts; which one the medium means needs the source recipe
DIFFERING_PARTS	data/normalized_yaml/bacterial/halobacteroides_acetoethylicus_medium.yaml	CultureMech:001541	NaCl	100.9	G_PER_L	100.0;0.9	value is the sum of differing parts; which one the medium means needs the source recipe
DIFFERING_PARTS	data/normalized_yaml/bacterial/halobacteroides_medium.yaml	CultureMech:000872	NaCl	251.0	G_PER_L	250.0;1.0	value is the sum of differing parts; which one the medium means needs the source recipe
DIFFERING_PARTS	data/normalized_yaml/bacterial/halomonas_subglaciescola.yaml	CultureMech:001730	MgSO4 x 7 H2O	39.2	G_PER_L	9.5;29.7	value is the sum of differing parts; which one the medium means needs the source recipe
DIFFERING_PARTS	data/normalized_yaml/bacterial/halomonas_subglaciescola.yaml	CultureMech:001730	CaCl2 x 2 H2O	3.535	G_PER_L	0.2;3.335	value is the sum of differing parts; which one the medium means needs the source recipe
DIFFERING_PARTS	data/normalized_yaml/bacterial/halomonas_subglaciescola.yaml	CultureMech:001730	FeSO4 x 7 H2O	0.599	G_PER_L	0.099;0.5	value is the sum of differing parts; which one the medium means needs the source recipe
DIFFERING_PARTS	data/normalized_yaml/bacterial/halomonas_subglaciescola_artificial_organic_lake_medium.yaml	CultureMech:006090	MgSO4 x 7 H2O	39.2	G_PER_L	9.5;29.7	value is the sum of differing parts; which one the medium means needs the source recipe
DIFFERING_PARTS	data/normalized_yaml/bacterial/halomonas_subglaciescola_artificial_organic_lake_medium.yaml	CultureMech:006090	CaCl2 x 2 H2O	3.535	G_PER_L	0.2;3.335	value is the sum of differing parts; which one the medium means needs the source recipe
DIFFERING_PARTS	data/normalized_yaml/bacterial/halomonas_subglaciescola_artificial_organic_lake_medium.yaml	CultureMech:006090	FeSO4 x 7 H2O	0.599	G_PER_L	0.099;0.5	value is the sum of differing parts; which one the medium means needs the source recipe
DIFFERING_PARTS	data/normalized_yaml/bacterial/halomonas_subglaciescola_medium.yaml	CultureMech:002954	MgSO4 x 7 H2O	37.41154	G_PER_L	9.12584;28.2857	value is the sum of differing parts; which one the medium means needs the source recipe
DIFFERING_PARTS	data/normalized_yaml/bacterial/halomonas_subglaciescola_medium.yaml	CultureMech:002954	FeSO4 x 7 H2O	0.5942857	G_PER_L	0.0942857;0.5	value is the sum of differing parts; which one the medium means needs the source recipe
DIFFERING_PARTS	data/normalized_yaml/bacterial/halonatronum_saccharophilum_medium.yaml	CultureMech:002105	NaCl	51.0	G_PER_L	50.0;1.0	value is the sum of differing parts; which one the medium means needs the source recipe
DIFFERING_PARTS	data/normalized_yaml/bacterial/haloplasma_contractile_medium.yaml	CultureMech:000690	NaCl	107.7	G_PER_L	80.0;27.7	value is the sum of differing parts; which one the medium means needs the source recipe
DIFFERING_PARTS	data/normalized_yaml/bacterial/halothermothrix_orenii.yaml	CultureMech:001894	NaCl	101.0	G_PER_L	100.0;1.0	value is the sum of differing parts; which one the medium means needs the source recipe
DIFFERING_PARTS	data/normalized_yaml/bacterial/hd_medium_1_10_diluted_modified.yaml	CultureMech:000571	Double distilled water	2000.0	G_PER_L	1000.0;500.0;500.0	value is the sum of differing parts; which one the medium means needs the source recipe
DIFFERING_PARTS	data/normalized_yaml/bacterial/hi_plus_medium_w_ye_3.yaml	CultureMech:008771	DI Water	1700.0	G_PER_L	700.0;1000.0	value is the sum of differing parts; which one the medium means needs the source recipe
DIFFERING_PARTS	data/normalized_yaml/bacterial/hippea_medium.yaml	CultureMech:002013	NaCl	25.728	G_PER_L	24.728;1.0	value is the sum of differing parts; which one the medium means needs the source recipe
DIFFERING_PARTS	data/normalized_yaml/bacterial/hlh_700_medium.yaml	CultureMech:001086	MgSO4 x 7 H2O	180.026	G_PER_L	172.536;7.49	value is the sum of differing parts; which one the medium means needs the source recipe
DIFFERING_PARTS	data/normalized_yaml/bacterial/hnn_medium.yaml	CultureMech:002449	NaCl	25.7525	G_PER_L	24.7525;1.0	value is the sum of differing parts; which one the medium means needs the source recipe
DIFFERING_PARTS	data/normalized_yaml/bacterial/hnn_medium.yaml	CultureMech:002449	MgSO4 x 7 H2O	6.36634	G_PER_L	3.36634;3.0	value is the sum of differing parts; which one the medium means needs the source recipe
DIFFERING_PARTS	data/normalized_yaml/bacterial/hnn_medium.yaml	CultureMech:002449	CaCl2 x 2 H2O	0.793069	G_PER_L	0.693069;0.1	value is the sum of differing parts; which one the medium means needs the source recipe
DIFFERING_PARTS	data/normalized_yaml/bacterial/hnw_medium.yaml	CultureMech:002182	NaNO3	101.0	G_PER_L	1.0;100.0	value is the sum of differing parts; which one the medium means needs the source recipe
DIFFERING_PARTS	data/normalized_yaml/bacterial/hnw_medium.yaml	CultureMech:002182	NaHCO3	101.0	G_PER_L	1.0;100.0	value is the sum of differing parts; which one the medium means needs the source recipe
DIFFERING_PARTS	data/normalized_yaml/bacterial/hnw_medium.yaml	CultureMech:002182	Na2S	100.5	G_PER_L	0.5;100.0	value is the sum of differing parts; which one the medium means needs the source recipe
DIFFERING_PARTS	data/normalized_yaml/bacterial/hnw_medium.yaml	CultureMech:002182	NaCl	3001.0	G_PER_L	3000.0;1.0	value is the sum of differing parts; which one the medium means needs the source recipe
DIFFERING_PARTS	data/normalized_yaml/bacterial/hnw_medium.yaml	CultureMech:002182	CaCl2 x 2 H2O	14.1	G_PER_L	14.0;0.1	value is the sum of differing parts; which one the medium means needs the source recipe
DIFFERING_PARTS	data/normalized_yaml/bacterial/hnw_medium.yaml	CultureMech:002182	MgSO4 x 7 H2O	343.0	G_PER_L	340.0;3.0	value is the sum of differing parts; which one the medium means needs the source recipe
DIFFERING_PARTS	data/normalized_yaml/bacterial/hs_tma.yaml	CultureMech:008621	NaCl	24.4	G_PER_L	23.4;1.0	value is the sum of differing parts; which one the medium means needs the source recipe
DIFFERING_PARTS	data/normalized_yaml/bacterial/hs_tma.yaml	CultureMech:008621	CaCl2·2H2O	0.4	G_PER_L	0.3;0.1	value is the sum of differing parts; which one the medium means needs the source recipe
DIFFERING_PARTS	data/normalized_yaml/bacterial/hso_medium.yaml	CultureMech:008700	NaCl	26.0	G_PER_L	25.0;1.0	value is the sum of differing parts; which one the medium means needs the source recipe
DIFFERING_PARTS	data/normalized_yaml/bacterial/hydrogen_oxidizing_bacteria_medium.yaml	CultureMech:008290	CaCl2·2H2O	0.25	G_PER_L	0.15;0.1	value is the sum of differing parts; which one the medium means needs the source recipe
DIFFERING_PARTS	data/normalized_yaml/bacterial/hydrogen_oxydizing_medium.yaml	CultureMech:000419	CaCl2 x 2 H2O	40.4	G_PER_L	0.4;40.0	value is the sum of differing parts; which one the medium means needs the source recipe
DIFFERING_PARTS	data/normalized_yaml/bacterial/hydrogen_using_marine_sulfate_reducer_medium.yaml	CultureMech:008598	NaCl	31.0	G_PER_L	30.0;1.0	value is the sum of differing parts; which one the medium means needs the source recipe
DIFFERING_PARTS	data/normalized_yaml/bacterial/hydrogen_using_marine_sulfate_reducer_medium.yaml	CultureMech:008598	CaCl2·2H2O	0.25	G_PER_L	0.15;0.1	value is the sum of differing parts; which one the medium means needs the source recipe
DIFFERING_PARTS	data/normalized_yaml/bacterial/hydrogenispora_medium.yaml	CultureMech:003268	CaCl2 x 2 H2O	0.246341	G_PER_L	0.146341;0.1	value is the sum of differing parts; which one the medium means needs the source recipe
DIFFERING_PARTS	data/normalized_yaml/bacterial/hydrogenivirga_okinawensis_medium.yaml	CultureMech:000567	NaCl	31.0	G_PER_L	30.0;1.0	value is the sum of differing parts; which one the medium means needs the source recipe
DIFFERING_PARTS	data/normalized_yaml/bacterial/hydrogenivirga_okinawensis_medium.yaml	CultureMech:000567	CaCl2 x 2 H2O	0.6	G_PER_L	0.5;0.1	value is the sum of differing parts; which one the medium means needs the source recipe
DIFFERING_PARTS	data/normalized_yaml/bacterial/hydrogenivirga_okinawensis_medium.yaml	CultureMech:000567	MgSO4 x 7 H2O	6.4	G_PER_L	3.4;3.0	value is the sum of differing parts; which one the medium means needs the source recipe
DIFFERING_PARTS	data/normalized_yaml/bacterial/hydrogenivirga_okinawensis_medium.yaml	CultureMech:000567	FeSO4 x 7 H2O	0.11	G_PER_L	0.01;0.1	value is the sum of differing parts; which one the medium means needs the source recipe
DIFFERING_PARTS	data/normalized_yaml/bacterial/hydrogenobacter_medium.yaml	CultureMech:008278	CaCl2·2H2O	0.25	G_PER_L	0.15;0.1	value is the sum of differing parts; which one the medium means needs the source recipe
DIFFERING_PARTS	data/normalized_yaml/bacterial/hydrogenophilus_hirschii_medium.yaml	CultureMech:002636	MgSO4 x 7 H2O	9.93069	G_PER_L	6.93069;3.0	value is the sum of differing parts; which one the medium means needs the source recipe
DIFFERING_PARTS	data/normalized_yaml/bacterial/hydrogenophilus_hirschii_medium.yaml	CultureMech:002636	CaCl2 x 2 H2O	0.59505	G_PER_L	0.49505;0.1	value is the sum of differing parts; which one the medium means needs the source recipe
DIFFERING_PARTS	data/normalized_yaml/bacterial/hydrogenothermus_hirschii_medium.yaml	CultureMech:001919	MgSO4 x 7 H2O	10.0	G_PER_L	7.0;3.0	value is the sum of differing parts; which one the medium means needs the source recipe
DIFFERING_PARTS	data/normalized_yaml/bacterial/hydrogenothermus_hirschii_medium.yaml	CultureMech:001919	CaCl2 x 2 H2O	0.6	G_PER_L	0.5;0.1	value is the sum of differing parts; which one the medium means needs the source recipe
DIFFERING_PARTS	data/normalized_yaml/bacterial/hydrogenothermus_medium.yaml	CultureMech:002643	NaCl	30.4118	G_PER_L	29.4118;1.0	value is the sum of differing parts; which one the medium means needs the source recipe
DIFFERING_PARTS	data/normalized_yaml/bacterial/hydrogenothermus_medium.yaml	CultureMech:002643	MgSO4 x 7 H2O	9.86275	G_PER_L	6.86275;3.0	value is the sum of differing parts; which one the medium means needs the source recipe
DIFFERING_PARTS	data/normalized_yaml/bacterial/hydrogenothermus_medium.yaml	CultureMech:002643	CaCl2 x 2 H2O	0.590196	G_PER_L	0.490196;0.1	value is the sum of differing parts; which one the medium means needs the source recipe
DIFFERING_PARTS	data/normalized_yaml/bacterial/inorganic_salt_solution_agar_isp_medium_no_4_10_nacl.yaml	CultureMech:008544	Distilled water	101.0	G_PER_L	1.0;100.0	value is the sum of differing parts; which one the medium means needs the source recipe
DIFFERING_PARTS	data/normalized_yaml/bacterial/inorganic_salts_starch_agar_isp_medium_no_4.yaml	CultureMech:008030	Distilled water	101.0	G_PER_L	1.0;100.0	value is the sum of differing parts; which one the medium means needs the source recipe
DIFFERING_PARTS	data/normalized_yaml/bacterial/ird_alkaliphilus_medium.yaml	CultureMech:003285	NaCl	5.91159	G_PER_L	4.91159;1.0	value is the sum of differing parts; which one the medium means needs the source recipe
DIFFERING_PARTS	data/normalized_yaml/bacterial/ird_alkaliphilus_medium.yaml	CultureMech:003285	CaCl2 x 2 H2O	0.1982318	G_PER_L	0.0982318;0.1	value is the sum of differing parts; which one the medium means needs the source recipe
DIFFERING_PARTS	data/normalized_yaml/bacterial/ird_fusibacter_medium.yaml	CultureMech:003341	NaCl	1.940734	G_PER_L	0.940734;1.0	value is the sum of differing parts; which one the medium means needs the source recipe
DIFFERING_PARTS	data/normalized_yaml/bacterial/ird_fusibacter_medium.yaml	CultureMech:003341	CaCl2 x 2 H2O	0.1940734	G_PER_L	0.0940734;0.1	value is the sum of differing parts; which one the medium means needs the source recipe
DIFFERING_PARTS	data/normalized_yaml/bacterial/ird_mesotoga_medium.yaml	CultureMech:003273	NaCl	2.88147	G_PER_L	1.88147;1.0	value is the sum of differing parts; which one the medium means needs the source recipe
DIFFERING_PARTS	data/normalized_yaml/bacterial/ird_mesotoga_medium.yaml	CultureMech:003273	CaCl2 x 2 H2O	0.1940734	G_PER_L	0.0940734;0.1	value is the sum of differing parts; which one the medium means needs the source recipe
DIFFERING_PARTS	data/normalized_yaml/bacterial/isosphaera_medium.yaml	CultureMech:008891	Distilled water	1001.0	G_PER_L	800.0;100.0;100.0;1.0	value is the sum of differing parts; which one the medium means needs the source recipe
DIFFERING_PARTS	data/normalized_yaml/bacterial/isp_4_plus_20_nacl.yaml	CultureMech:009704	Distilled water	101.0	G_PER_L	1.0;100.0	value is the sum of differing parts; which one the medium means needs the source recipe
DIFFERING_PARTS	data/normalized_yaml/bacterial/iss1_medium.yaml	CultureMech:002049	NaCl	21.0	G_PER_L	20.0;1.0	value is the sum of differing parts; which one the medium means needs the source recipe
DIFFERING_PARTS	data/normalized_yaml/bacterial/iss1_medium.yaml	CultureMech:002049	MgSO4 x 7 H2O	10.0	G_PER_L	7.0;3.0	value is the sum of differing parts; which one the medium means needs the source recipe
DIFFERING_PARTS	data/normalized_yaml/bacterial/iss1_medium.yaml	CultureMech:002049	CaCl2 x 2 H2O	0.6	G_PER_L	0.5;0.1	value is the sum of differing parts; which one the medium means needs the source recipe
DIFFERING_PARTS	data/normalized_yaml/bacterial/jcm_medium_242.yaml	CultureMech:009605	NaCl	1.6	G_PER_L	0.6;1.0	value is the sum of differing parts; which one the medium means needs the source recipe
DIFFERING_PARTS	data/normalized_yaml/bacterial/jcm_medium_no_198.yaml	CultureMech:002560	MnCl2 x 4 H2O	0.453288	G_PER_L	0.353288;0.1	value is the sum of differing parts; which one the medium means needs the source recipe
DIFFERING_PARTS	data/normalized_yaml/bacterial/jcm_medium_no_216.yaml	CultureMech:002578	NaCl	12.8	G_PER_L	11.8;1.0	value is the sum of differing parts; which one the medium means needs the source recipe
DIFFERING_PARTS	data/normalized_yaml/bacterial/jcm_medium_no_216.yaml	CultureMech:002578	MgSO4 x 7 H2O	4.75	G_PER_L	1.75;3.0	value is the sum of differing parts; which one the medium means needs the source recipe
DIFFERING_PARTS	data/normalized_yaml/bacterial/jcm_medium_no_216.yaml	CultureMech:002578	CaCl2 x 2 H2O	0.88	G_PER_L	0.78;0.1	value is the sum of differing parts; which one the medium means needs the source recipe
DIFFERING_PARTS	data/normalized_yaml/bacterial/jcm_medium_no_216.yaml	CultureMech:002578	H3BO3	1.31	G_PER_L	1.3;0.01	value is the sum of differing parts; which one the medium means needs the source recipe
DIFFERING_PARTS	data/normalized_yaml/bacterial/jcm_medium_no_229.yaml	CultureMech:002589	NaCl	99.0392	G_PER_L	98.0392;1.0	value is the sum of differing parts; which one the medium means needs the source recipe
DIFFERING_PARTS	data/normalized_yaml/bacterial/jcm_medium_no_229.yaml	CultureMech:002589	MgSO4 x 7 H2O	4.96078	G_PER_L	1.96078;3.0	value is the sum of differing parts; which one the medium means needs the source recipe
DIFFERING_PARTS	data/normalized_yaml/bacterial/jcm_medium_no_242.yaml	CultureMech:002603	NaCl	1.588235	G_PER_L	0.588235;1.0	value is the sum of differing parts; which one the medium means needs the source recipe
DIFFERING_PARTS	data/normalized_yaml/bacterial/jcm_medium_no_242.yaml	CultureMech:002603	MgSO4 x 7 H2O	3.127451	G_PER_L	0.127451;3.0	value is the sum of differing parts; which one the medium means needs the source recipe
DIFFERING_PARTS	data/normalized_yaml/bacterial/jcm_medium_no_242.yaml	CultureMech:002603	FeSO4 x 7 H2O	0.10196078	G_PER_L	0.00196078;0.1	value is the sum of differing parts; which one the medium means needs the source recipe
DIFFERING_PARTS	data/normalized_yaml/bacterial/jcm_medium_no_242.yaml	CultureMech:002603	CaCl2 x 2 H2O	0.10784314	G_PER_L	0.00784314;0.1	value is the sum of differing parts; which one the medium means needs the source recipe
DIFFERING_PARTS	data/normalized_yaml/bacterial/jcm_medium_no_244.yaml	CultureMech:002605	NaCl	56.4	G_PER_L	55.4;1.0	value is the sum of differing parts; which one the medium means needs the source recipe
DIFFERING_PARTS	data/normalized_yaml/bacterial/jcm_medium_no_244.yaml	CultureMech:002605	MgSO4 x 7 H2O	17.0	G_PER_L	14.0;3.0	value is the sum of differing parts; which one the medium means needs the source recipe
DIFFERING_PARTS	data/normalized_yaml/bacterial/jcm_medium_no_244.yaml	CultureMech:002605	CaCl2 x 2 H2O	1.6	G_PER_L	1.5;0.1	value is the sum of differing parts; which one the medium means needs the source recipe
DIFFERING_PARTS	data/normalized_yaml/bacterial/jcm_medium_no_261.yaml	CultureMech:002619	NaCl	14.85	G_PER_L	13.85;1.0	value is the sum of differing parts; which one the medium means needs the source recipe
DIFFERING_PARTS	data/normalized_yaml/bacterial/jcm_medium_no_261.yaml	CultureMech:002619	MgSO4 x 7 H2O	6.5	G_PER_L	3.5;3.0	value is the sum of differing parts; which one the medium means needs the source recipe
DIFFERING_PARTS	data/normalized_yaml/bacterial/jcm_medium_no_261.yaml	CultureMech:002619	H3BO3	0.025	G_PER_L	0.015;0.01	value is the sum of differing parts; which one the medium means needs the source recipe
DIFFERING_PARTS	data/normalized_yaml/bacterial/jcm_medium_no_272.yaml	CultureMech:002629	NaCl	10.80392	G_PER_L	9.80392;1.0	value is the sum of differing parts; which one the medium means needs the source recipe
DIFFERING_PARTS	data/normalized_yaml/bacterial/jcm_medium_no_315.yaml	CultureMech:002673	CaCl2 x 2 H2O	0.0494118	G_PER_L	0.0294118;0.02	value is the sum of differing parts; which one the medium means needs the source recipe
DIFFERING_PARTS	data/normalized_yaml/bacterial/jcm_medium_no_317.yaml	CultureMech:002675	CaCl2 x 2 H2O	0.249402	G_PER_L	0.149402;0.1	value is the sum of differing parts; which one the medium means needs the source recipe
DIFFERING_PARTS	data/normalized_yaml/bacterial/jcm_medium_no_319.yaml	CultureMech:002677	Na3-EDTA	6.07921	G_PER_L	4.07921;2.0	value is the sum of differing parts; which one the medium means needs the source recipe
DIFFERING_PARTS	data/normalized_yaml/bacterial/jcm_medium_no_335.yaml	CultureMech:002694	NaCl	1.196078	G_PER_L	0.196078;1.0	value is the sum of differing parts; which one the medium means needs the source recipe
DIFFERING_PARTS	data/normalized_yaml/bacterial/kallotenue_medium.yaml	CultureMech:000996	MgSO4 x 7 H2O	3.098912	G_PER_L	0.098912;3.0	value is the sum of differing parts; which one the medium means needs the source recipe
DIFFERING_PARTS	data/normalized_yaml/bacterial/kallotenue_medium.yaml	CultureMech:000996	NaCl	1.00791296	G_PER_L	0.00791296;1.0	value is the sum of differing parts; which one the medium means needs the source recipe
DIFFERING_PARTS	data/normalized_yaml/bacterial/kd_1_medium.yaml	CultureMech:003315	NaCl	3.94118	G_PER_L	2.94118;1.0	value is the sum of differing parts; which one the medium means needs the source recipe
DIFFERING_PARTS	data/normalized_yaml/bacterial/kd_1_medium.yaml	CultureMech:003315	MgSO4 x 7 H2O	3.196078	G_PER_L	0.196078;3.0	value is the sum of differing parts; which one the medium means needs the source recipe
DIFFERING_PARTS	data/normalized_yaml/bacterial/kiritimatiella_l21_ls_medium.yaml	CultureMech:000998	NaCl	60.3472	G_PER_L	59.3472;1.0	value is the sum of differing parts; which one the medium means needs the source recipe
DIFFERING_PARTS	data/normalized_yaml/bacterial/kiritimatiella_l21_ls_medium.yaml	CultureMech:000998	CaCl2 x 2 H2O	0.495648	G_PER_L	0.395648;0.1	value is the sum of differing parts; which one the medium means needs the source recipe
DIFFERING_PARTS	data/normalized_yaml/bacterial/km2_cell_free_medium.yaml	CultureMech:009462	Distilled water	369.0	G_PER_L	365.0;1.0;1.0;1.0;1.0	value is the sum of differing parts; which one the medium means needs the source recipe
DIFFERING_PARTS	data/normalized_yaml/bacterial/kosmotoga_medium.yaml	CultureMech:001382	CaCl2 x 2 H2O	0.23834	G_PER_L	0.13834;0.1	value is the sum of differing parts; which one the medium means needs the source recipe
DIFFERING_PARTS	data/normalized_yaml/bacterial/kosmotoga_medium.yaml	CultureMech:001382	MgSO4 x 7 H2O	6.35968	G_PER_L	3.35968;3.0	value is the sum of differing parts; which one the medium means needs the source recipe
DIFFERING_PARTS	data/normalized_yaml/bacterial/kosmotoga_medium.yaml	CultureMech:001382	NaCl	30.6443	G_PER_L	29.6443;1.0	value is the sum of differing parts; which one the medium means needs the source recipe
DIFFERING_PARTS	data/normalized_yaml/bacterial/kosmotoga_olearia_medium.yaml	CultureMech:000603	NaCl	30.6736	G_PER_L	29.6736;1.0	value is the sum of differing parts; which one the medium means needs the source recipe
DIFFERING_PARTS	data/normalized_yaml/bacterial/kosmotoga_olearia_medium.yaml	CultureMech:000603	MgSO4 x 7 H2O	4.38477	G_PER_L	1.38477;3.0	value is the sum of differing parts; which one the medium means needs the source recipe
DIFFERING_PARTS	data/normalized_yaml/bacterial/kosmotoga_olearia_medium.yaml	CultureMech:000603	CaCl2 x 2 H2O	0.238477	G_PER_L	0.138477;0.1	value is the sum of differing parts; which one the medium means needs the source recipe
DIFFERING_PARTS	data/normalized_yaml/bacterial/kosmotoga_pacifica_medium.yaml	CultureMech:003331	MgSO4 x 7 H2O	6.4	G_PER_L	3.4;3.0	value is the sum of differing parts; which one the medium means needs the source recipe
DIFFERING_PARTS	data/normalized_yaml/bacterial/kosmotoga_pacifica_medium.yaml	CultureMech:003331	NaCl	31.0	G_PER_L	30.0;1.0	value is the sum of differing parts; which one the medium means needs the source recipe
DIFFERING_PARTS	data/normalized_yaml/bacterial/ktm_medium.yaml	CultureMech:003876	NaCl	30.6736	G_PER_L	29.6736;1.0	value is the sum of differing parts; which one the medium means needs the source recipe
DIFFERING_PARTS	data/normalized_yaml/bacterial/ktm_medium.yaml	CultureMech:003876	MgSO4 x 7 H2O	4.38477	G_PER_L	1.38477;3.0	value is the sum of differing parts; which one the medium means needs the source recipe
DIFFERING_PARTS	data/normalized_yaml/bacterial/ktm_medium.yaml	CultureMech:003876	CaCl2 x 2 H2O	0.238477	G_PER_L	0.138477;0.1	value is the sum of differing parts; which one the medium means needs the source recipe
DIFFERING_PARTS	data/normalized_yaml/bacterial/larkinella_arboricola_medium.yaml	CultureMech:000784	FeSO4 x 7 H2O	1.099	G_PER_L	0.099;0.5;0.5	value is the sum of differing parts; which one the medium means needs the source recipe
DIFFERING_PARTS	data/normalized_yaml/bacterial/lebetimonas_medium.yaml	CultureMech:001939	NiCl2 x 6 H2O	0.03295858	G_PER_L	0.00295858;0.03	value is the sum of differing parts; which one the medium means needs the source recipe
DIFFERING_PARTS	data/normalized_yaml/bacterial/lebetimonas_medium.yaml	CultureMech:001939	NaCl	56.4	G_PER_L	55.4;1.0	value is the sum of differing parts; which one the medium means needs the source recipe
DIFFERING_PARTS	data/normalized_yaml/bacterial/lebetimonas_medium.yaml	CultureMech:001939	MgSO4 x 7 H2O	17.0	G_PER_L	14.0;3.0	value is the sum of differing parts; which one the medium means needs the source recipe
DIFFERING_PARTS	data/normalized_yaml/bacterial/lebetimonas_medium.yaml	CultureMech:001939	CaCl2 x 2 H2O	1.6	G_PER_L	1.5;0.1	value is the sum of differing parts; which one the medium means needs the source recipe
DIFFERING_PARTS	data/normalized_yaml/bacterial/limihaloglobus_medium.yaml	CultureMech:001002	NaCl	60.3472	G_PER_L	59.3472;1.0	value is the sum of differing parts; which one the medium means needs the source recipe
DIFFERING_PARTS	data/normalized_yaml/bacterial/limihaloglobus_medium.yaml	CultureMech:001002	CaCl2 x 2 H2O	0.495648	G_PER_L	0.395648;0.1	value is the sum of differing parts; which one the medium means needs the source recipe
DIFFERING_PARTS	data/normalized_yaml/bacterial/limisalsivibrio_l21_ls_medium.yaml	CultureMech:001001	NaCl	60.3472	G_PER_L	59.3472;1.0	value is the sum of differing parts; which one the medium means needs the source recipe
DIFFERING_PARTS	data/normalized_yaml/bacterial/limisalsivibrio_l21_ls_medium.yaml	CultureMech:001001	CaCl2 x 2 H2O	0.495648	G_PER_L	0.395648;0.1	value is the sum of differing parts; which one the medium means needs the source recipe
DIFFERING_PARTS	data/normalized_yaml/bacterial/longimonas_haloalkaliphila_medium.yaml	CultureMech:002314	NaCl	122285.71	G_PER_L	120000.0;2285.71	value is the sum of differing parts; which one the medium means needs the source recipe
DIFFERING_PARTS	data/normalized_yaml/bacterial/longimonas_haloalkaliphila_medium.yaml	CultureMech:002314	K2HPO4	1535.714	G_PER_L	1250.0;285.714	value is the sum of differing parts; which one the medium means needs the source recipe
DIFFERING_PARTS	data/normalized_yaml/bacterial/lx_d_medium.yaml	CultureMech:003284	CaCl2 x 2 H2O	0.246341	G_PER_L	0.146341;0.1	value is the sum of differing parts; which one the medium means needs the source recipe
DIFFERING_PARTS	data/normalized_yaml/bacterial/lyu03_medium.yaml	CultureMech:000802	Vitamin B12	0.05004	G_PER_L	0.00004;0.05	value is the sum of differing parts; which one the medium means needs the source recipe
DIFFERING_PARTS	data/normalized_yaml/bacterial/m13_3x_pirellula_medium.yaml	CultureMech:001729	FeSO4 x 7 H2O	0.599	G_PER_L	0.099;0.5	value is the sum of differing parts; which one the medium means needs the source recipe
DIFFERING_PARTS	data/normalized_yaml/bacterial/m13_medium.yaml	CultureMech:003328	FeSO4 x 7 H2O	0.599	G_PER_L	0.099;0.5	value is the sum of differing parts; which one the medium means needs the source recipe
DIFFERING_PARTS	data/normalized_yaml/bacterial/m13_verrucomicrobium_medium.yaml	CultureMech:001735	FeSO4 x 7 H2O	0.599	G_PER_L	0.099;0.5	value is the sum of differing parts; which one the medium means needs the source recipe
DIFFERING_PARTS	data/normalized_yaml/bacterial/m13a_medium.yaml	CultureMech:003249	FeSO4 x 7 H2O	0.599	G_PER_L	0.099;0.5	value is the sum of differing parts; which one the medium means needs the source recipe
DIFFERING_PARTS	data/normalized_yaml/bacterial/m13a_pirellula_medium.yaml	CultureMech:001728	FeSO4 x 7 H2O	0.599	G_PER_L	0.099;0.5	value is the sum of differing parts; which one the medium means needs the source recipe
DIFFERING_PARTS	data/normalized_yaml/bacterial/m14_pirellula_marina_medium.yaml	CultureMech:001727	FeSO4 x 7 H2O	0.599	G_PER_L	0.099;0.5	value is the sum of differing parts; which one the medium means needs the source recipe
DIFFERING_PARTS	data/normalized_yaml/bacterial/m17_medium_for_filomicrobium_fusiforme.yaml	CultureMech:001901	FeSO4 x 7 H2O	0.599	G_PER_L	0.099;0.5	value is the sum of differing parts; which one the medium means needs the source recipe
DIFFERING_PARTS	data/normalized_yaml/bacterial/m17_medium_oxoid_supplemented_with_0_5_wt_vol_glucose.yaml	CultureMech:009418	Distilled water	1050.0	G_PER_L	950.0;100.0	value is the sum of differing parts; which one the medium means needs the source recipe
DIFFERING_PARTS	data/normalized_yaml/bacterial/m17_medium_oxoid_supplemented_with_1_wt_vol_glucose.yaml	CultureMech:009428	Distilled water	1050.0	G_PER_L	950.0;100.0	value is the sum of differing parts; which one the medium means needs the source recipe
DIFFERING_PARTS	data/normalized_yaml/bacterial/m9_medium.yaml	CultureMech:008644	Distilled water	901.0	G_PER_L	900.0;1.0	value is the sum of differing parts; which one the medium means needs the source recipe
DIFFERING_PARTS	data/normalized_yaml/bacterial/m9_minimal_media.yaml	CultureMech:009338	Distilled water	102.0	G_PER_L	100.0;1.0;1.0	value is the sum of differing parts; which one the medium means needs the source recipe
DIFFERING_PARTS	data/normalized_yaml/bacterial/m9_phenanthrene.yaml	CultureMech:008631	distilled water	901.0	G_PER_L	900.0;1.0	value is the sum of differing parts; which one the medium means needs the source recipe
DIFFERING_PARTS	data/normalized_yaml/bacterial/m_medium_ebr596.yaml	CultureMech:008322	NaCl	11.0	G_PER_L	10.0;1.0	value is the sum of differing parts; which one the medium means needs the source recipe
DIFFERING_PARTS	data/normalized_yaml/bacterial/magnetovibrio_medium.yaml	CultureMech:000954	NaCl	17.3205	G_PER_L	16.3205;1.0	value is the sum of differing parts; which one the medium means needs the source recipe
DIFFERING_PARTS	data/normalized_yaml/bacterial/magnetovibrio_medium.yaml	CultureMech:000954	CaCl2 x 2 H2O	0.495648	G_PER_L	0.395648;0.1	value is the sum of differing parts; which one the medium means needs the source recipe
DIFFERING_PARTS	data/normalized_yaml/bacterial/maledivibacter_medium.yaml	CultureMech:000477	NaCl	62.0	G_PER_L	60.0;2.0	value is the sum of differing parts; which one the medium means needs the source recipe
DIFFERING_PARTS	data/normalized_yaml/bacterial/maledivibacter_medium.yaml	CultureMech:000477	MgSO4 x 7 H2O	5.5	G_PER_L	5.0;0.5	value is the sum of differing parts; which one the medium means needs the source recipe
DIFFERING_PARTS	data/normalized_yaml/bacterial/marine_ammonium_mineral_salts.yaml	CultureMech:004069	Na2MoO4 x 2 H2O	0.0580431	G_PER_L	0.0222222;0.0358209	value is the sum of differing parts; which one the medium means needs the source recipe
DIFFERING_PARTS	data/normalized_yaml/bacterial/marine_caulobacter_medium_spyem_containing_sea_salts_and_nh4cl.yaml	CultureMech:008859	Deionized water	12.0	G_PER_L	1.0;1.0;10.0	value is the sum of differing parts; which one the medium means needs the source recipe
DIFFERING_PARTS	data/normalized_yaml/bacterial/marine_microaerobic_thermus_medium.yaml	CultureMech:008418	MgSO4·7H2O	9.6	G_PER_L	3.4;6.2	value is the sum of differing parts; which one the medium means needs the source recipe
DIFFERING_PARTS	data/normalized_yaml/bacterial/marine_microaerobic_thermus_medium.yaml	CultureMech:008418	NaCl	31.0	G_PER_L	30.0;1.0	value is the sum of differing parts; which one the medium means needs the source recipe
DIFFERING_PARTS	data/normalized_yaml/bacterial/marine_microaerobic_thermus_medium.yaml	CultureMech:008418	CaCl2·2H2O	0.27	G_PER_L	0.14;0.13	value is the sum of differing parts; which one the medium means needs the source recipe
DIFFERING_PARTS	data/normalized_yaml/bacterial/marinithermus_hydrothermalis_medium.yaml	CultureMech:002155	NaCl	31.0	G_PER_L	30.0;1.0	value is the sum of differing parts; which one the medium means needs the source recipe
DIFFERING_PARTS	data/normalized_yaml/bacterial/marinithermus_hydrothermalis_medium.yaml	CultureMech:002155	MgSO4 x 7 H2O	6.4	G_PER_L	3.4;3.0	value is the sum of differing parts; which one the medium means needs the source recipe
DIFFERING_PARTS	data/normalized_yaml/bacterial/mariprofundus_es_medium.yaml	CultureMech:000728	NaCl	40.5216	G_PER_L	30.5216;10.0	value is the sum of differing parts; which one the medium means needs the source recipe
DIFFERING_PARTS	data/normalized_yaml/bacterial/mariprofundus_es_medium.yaml	CultureMech:000728	CaCl2 x 2 H2O	2.55383	G_PER_L	1.55383;1.0	value is the sum of differing parts; which one the medium means needs the source recipe
DIFFERING_PARTS	data/normalized_yaml/bacterial/mariprofundus_es_medium.yaml	CultureMech:000728	FeSO4 x 7 H2O	155.0	G_PER_L	1.0;154.0	value is the sum of differing parts; which one the medium means needs the source recipe
DIFFERING_PARTS	data/normalized_yaml/bacterial/mb_medium.yaml	CultureMech:006834	NaCl	10.8912	G_PER_L	9.8912;1.0	value is the sum of differing parts; which one the medium means needs the source recipe
DIFFERING_PARTS	data/normalized_yaml/bacterial/mb_medium.yaml	CultureMech:006834	CaCl2 x 2 H2O	0.495648	G_PER_L	0.395648;0.1	value is the sum of differing parts; which one the medium means needs the source recipe
DIFFERING_PARTS	data/normalized_yaml/bacterial/mb_medium_with_methanol.yaml	CultureMech:003032	NaCl	10.99001	G_PER_L	9.99001;1.0	value is the sum of differing parts; which one the medium means needs the source recipe
DIFFERING_PARTS	data/normalized_yaml/bacterial/mb_w_medium_fa.yaml	CultureMech:008645	NaCl	6.0	G_PER_L	5.0;1.0	value is the sum of differing parts; which one the medium means needs the source recipe
DIFFERING_PARTS	data/normalized_yaml/bacterial/mbm_medium_2.yaml	CultureMech:003343	NaCl	79.2779	G_PER_L	78.2779;1.0	value is the sum of differing parts; which one the medium means needs the source recipe
DIFFERING_PARTS	data/normalized_yaml/bacterial/mdm_modified_dehority_medium.yaml	CultureMech:001152	Cellobiose	101.0	G_PER_L	100.0;1.0	value is the sum of differing parts; which one the medium means needs the source recipe
DIFFERING_PARTS	data/normalized_yaml/bacterial/medium_104_modified_for_dsm_15597.yaml	CultureMech:003554	NaCl	10.0	G_PER_L	8.0;2.0	value is the sum of differing parts; which one the medium means needs the source recipe
DIFFERING_PARTS	data/normalized_yaml/bacterial/medium_104_modified_for_dsm_15598.yaml	CultureMech:003555	NaCl	10.0	G_PER_L	8.0;2.0	value is the sum of differing parts; which one the medium means needs the source recipe
DIFFERING_PARTS	data/normalized_yaml/bacterial/medium_104_modified_for_dsm_15923.yaml	CultureMech:003556	NaCl	10.0	G_PER_L	8.0;2.0	value is the sum of differing parts; which one the medium means needs the source recipe
DIFFERING_PARTS	data/normalized_yaml/bacterial/medium_104_modified_for_dsm_16980.yaml	CultureMech:003557	NaCl	10.0	G_PER_L	8.0;2.0	value is the sum of differing parts; which one the medium means needs the source recipe
DIFFERING_PARTS	data/normalized_yaml/bacterial/medium_104_modified_for_dsm_17217.yaml	CultureMech:003558	NaCl	10.0	G_PER_L	8.0;2.0	value is the sum of differing parts; which one the medium means needs the source recipe
DIFFERING_PARTS	data/normalized_yaml/bacterial/medium_104_modified_for_dsm_17234.yaml	CultureMech:003559	NaCl	10.0	G_PER_L	8.0;2.0	value is the sum of differing parts; which one the medium means needs the source recipe
DIFFERING_PARTS	data/normalized_yaml/bacterial/medium_104_modified_for_dsm_17242.yaml	CultureMech:003560	NaCl	10.0	G_PER_L	8.0;2.0	value is the sum of differing parts; which one the medium means needs the source recipe
DIFFERING_PARTS	data/normalized_yaml/bacterial/medium_104_modified_for_dsm_17243.yaml	CultureMech:003561	NaCl	10.0	G_PER_L	8.0;2.0	value is the sum of differing parts; which one the medium means needs the source recipe
DIFFERING_PARTS	data/normalized_yaml/bacterial/medium_104_modified_for_dsm_17476.yaml	CultureMech:003562	NaCl	10.0	G_PER_L	8.0;2.0	value is the sum of differing parts; which one the medium means needs the source recipe
DIFFERING_PARTS	data/normalized_yaml/bacterial/medium_104_modified_for_dsm_17678.yaml	CultureMech:003563	NaCl	10.0	G_PER_L	8.0;2.0	value is the sum of differing parts; which one the medium means needs the source recipe
DIFFERING_PARTS	data/normalized_yaml/bacterial/medium_104_modified_for_dsm_18011.yaml	CultureMech:003564	NaCl	10.0	G_PER_L	8.0;2.0	value is the sum of differing parts; which one the medium means needs the source recipe
DIFFERING_PARTS	data/normalized_yaml/bacterial/medium_104_modified_for_dsm_18083.yaml	CultureMech:003565	NaCl	10.0	G_PER_L	8.0;2.0	value is the sum of differing parts; which one the medium means needs the source recipe
DIFFERING_PARTS	data/normalized_yaml/bacterial/medium_104_modified_for_dsm_18960.yaml	CultureMech:003566	NaCl	10.0	G_PER_L	8.0;2.0	value is the sum of differing parts; which one the medium means needs the source recipe
DIFFERING_PARTS	data/normalized_yaml/bacterial/medium_104_modified_for_dsm_19450.yaml	CultureMech:003567	NaCl	10.0	G_PER_L	8.0;2.0	value is the sum of differing parts; which one the medium means needs the source recipe
DIFFERING_PARTS	data/normalized_yaml/bacterial/medium_104_modified_for_dsm_19559.yaml	CultureMech:003568	NaCl	10.0	G_PER_L	8.0;2.0	value is the sum of differing parts; which one the medium means needs the source recipe
DIFFERING_PARTS	data/normalized_yaml/bacterial/medium_104_modified_for_dsm_19756.yaml	CultureMech:003569	NaCl	10.0	G_PER_L	8.0;2.0	value is the sum of differing parts; which one the medium means needs the source recipe
DIFFERING_PARTS	data/normalized_yaml/bacterial/medium_104_modified_for_dsm_19857.yaml	CultureMech:003570	NaCl	10.0	G_PER_L	8.0;2.0	value is the sum of differing parts; which one the medium means needs the source recipe
DIFFERING_PARTS	data/normalized_yaml/bacterial/medium_104_modified_for_dsm_2008.yaml	CultureMech:003571	NaCl	10.0	G_PER_L	8.0;2.0	value is the sum of differing parts; which one the medium means needs the source recipe
DIFFERING_PARTS	data/normalized_yaml/bacterial/medium_104_modified_for_dsm_20698.yaml	CultureMech:003572	NaCl	10.0	G_PER_L	8.0;2.0	value is the sum of differing parts; which one the medium means needs the source recipe
DIFFERING_PARTS	data/normalized_yaml/bacterial/medium_104_modified_for_dsm_20732.yaml	CultureMech:003573	NaCl	10.0	G_PER_L	8.0;2.0	value is the sum of differing parts; which one the medium means needs the source recipe
DIFFERING_PARTS	data/normalized_yaml/bacterial/medium_104_modified_for_dsm_21469.yaml	CultureMech:003574	NaCl	10.0	G_PER_L	8.0;2.0	value is the sum of differing parts; which one the medium means needs the source recipe
DIFFERING_PARTS	data/normalized_yaml/bacterial/medium_104_modified_for_dsm_21651.yaml	CultureMech:003575	NaCl	10.0	G_PER_L	8.0;2.0	value is the sum of differing parts; which one the medium means needs the source recipe
DIFFERING_PARTS	data/normalized_yaml/bacterial/medium_104_modified_for_dsm_21825.yaml	CultureMech:003576	NaCl	10.0	G_PER_L	8.0;2.0	value is the sum of differing parts; which one the medium means needs the source recipe
DIFFERING_PARTS	data/normalized_yaml/bacterial/medium_104_modified_for_dsm_21843.yaml	CultureMech:003577	NaCl	10.0	G_PER_L	8.0;2.0	value is the sum of differing parts; which one the medium means needs the source recipe
DIFFERING_PARTS	data/normalized_yaml/bacterial/medium_104_modified_for_dsm_21845.yaml	CultureMech:003578	NaCl	10.0	G_PER_L	8.0;2.0	value is the sum of differing parts; which one the medium means needs the source recipe
DIFFERING_PARTS	data/normalized_yaml/bacterial/medium_104_modified_for_dsm_21887.yaml	CultureMech:003579	NaCl	10.0	G_PER_L	8.0;2.0	value is the sum of differing parts; which one the medium means needs the source recipe
DIFFERING_PARTS	data/normalized_yaml/bacterial/medium_104_modified_for_dsm_22317.yaml	CultureMech:003580	NaCl	10.0	G_PER_L	8.0;2.0	value is the sum of differing parts; which one the medium means needs the source recipe
DIFFERING_PARTS	data/normalized_yaml/bacterial/medium_104_modified_for_dsm_22474.yaml	CultureMech:003581	NaCl	10.0	G_PER_L	8.0;2.0	value is the sum of differing parts; which one the medium means needs the source recipe
DIFFERING_PARTS	data/normalized_yaml/bacterial/medium_104_modified_for_dsm_22477.yaml	CultureMech:003582	NaCl	10.0	G_PER_L	8.0;2.0	value is the sum of differing parts; which one the medium means needs the source recipe
DIFFERING_PARTS	data/normalized_yaml/bacterial/medium_104_modified_for_dsm_22478.yaml	CultureMech:003583	NaCl	10.0	G_PER_L	8.0;2.0	value is the sum of differing parts; which one the medium means needs the source recipe
DIFFERING_PARTS	data/normalized_yaml/bacterial/medium_104_modified_for_dsm_22811.yaml	CultureMech:003584	NaCl	10.0	G_PER_L	8.0;2.0	value is the sum of differing parts; which one the medium means needs the source recipe
DIFFERING_PARTS	data/normalized_yaml/bacterial/medium_104_modified_for_dsm_22835.yaml	CultureMech:003585	NaCl	10.0	G_PER_L	8.0;2.0	value is the sum of differing parts; which one the medium means needs the source recipe
DIFFERING_PARTS	data/normalized_yaml/bacterial/medium_104_modified_for_dsm_22836.yaml	CultureMech:003586	NaCl	10.0	G_PER_L	8.0;2.0	value is the sum of differing parts; which one the medium means needs the source recipe
DIFFERING_PARTS	data/normalized_yaml/bacterial/medium_104_modified_for_dsm_22959.yaml	CultureMech:003587	NaCl	10.0	G_PER_L	8.0;2.0	value is the sum of differing parts; which one the medium means needs the source recipe
DIFFERING_PARTS	data/normalized_yaml/bacterial/medium_104_modified_for_dsm_23047.yaml	CultureMech:003588	NaCl	10.0	G_PER_L	8.0;2.0	value is the sum of differing parts; which one the medium means needs the source recipe
DIFFERING_PARTS	data/normalized_yaml/bacterial/medium_104_modified_for_dsm_23056.yaml	CultureMech:003589	NaCl	10.0	G_PER_L	8.0;2.0	value is the sum of differing parts; which one the medium means needs the source recipe
DIFFERING_PARTS	data/normalized_yaml/bacterial/medium_104_modified_for_dsm_23059.yaml	CultureMech:003590	NaCl	10.0	G_PER_L	8.0;2.0	value is the sum of differing parts; which one the medium means needs the source recipe
DIFFERING_PARTS	data/normalized_yaml/bacterial/medium_104_modified_for_dsm_23594.yaml	CultureMech:003591	NaCl	10.0	G_PER_L	8.0;2.0	value is the sum of differing parts; which one the medium means needs the source recipe
DIFFERING_PARTS	data/normalized_yaml/bacterial/medium_104_modified_for_dsm_25311.yaml	CultureMech:003592	NaCl	10.0	G_PER_L	8.0;2.0	value is the sum of differing parts; which one the medium means needs the source recipe
DIFFERING_PARTS	data/normalized_yaml/bacterial/medium_104_modified_for_dsm_3353.yaml	CultureMech:003593	NaCl	10.0	G_PER_L	8.0;2.0	value is the sum of differing parts; which one the medium means needs the source recipe
DIFFERING_PARTS	data/normalized_yaml/bacterial/medium_104_modified_for_dsm_3985.yaml	CultureMech:003594	NaCl	10.0	G_PER_L	8.0;2.0	value is the sum of differing parts; which one the medium means needs the source recipe
DIFFERING_PARTS	data/normalized_yaml/bacterial/medium_104_modified_for_dsm_6400.yaml	CultureMech:003595	NaCl	10.0	G_PER_L	8.0;2.0	value is the sum of differing parts; which one the medium means needs the source recipe
DIFFERING_PARTS	data/normalized_yaml/bacterial/medium_104_modified_for_dsm_9536.yaml	CultureMech:003596	NaCl	10.0	G_PER_L	8.0;2.0	value is the sum of differing parts; which one the medium means needs the source recipe
DIFFERING_PARTS	data/normalized_yaml/bacterial/medium_104b_modified_for_dsm_13275.yaml	CultureMech:003612	NaCl	10.0	G_PER_L	8.0;2.0	value is the sum of differing parts; which one the medium means needs the source recipe
DIFFERING_PARTS	data/normalized_yaml/bacterial/medium_1076_modified_for_dsm_21848.yaml	CultureMech:003663	Yeast extract	4.5	G_PER_L	3.5;1.0	value is the sum of differing parts; which one the medium means needs the source recipe
DIFFERING_PARTS	data/normalized_yaml/bacterial/medium_1076b_modified_for_dsm_19104.yaml	CultureMech:003665	Yeast extract	4.5	G_PER_L	3.5;1.0	value is the sum of differing parts; which one the medium means needs the source recipe
DIFFERING_PARTS	data/normalized_yaml/bacterial/medium_1076b_modified_for_dsm_19105.yaml	CultureMech:003666	Yeast extract	4.5	G_PER_L	3.5;1.0	value is the sum of differing parts; which one the medium means needs the source recipe
DIFFERING_PARTS	data/normalized_yaml/bacterial/medium_1076b_modified_for_dsm_19201.yaml	CultureMech:003667	Yeast extract	4.5	G_PER_L	3.5;1.0	value is the sum of differing parts; which one the medium means needs the source recipe
DIFFERING_PARTS	data/normalized_yaml/bacterial/medium_1076b_modified_for_dsm_19202.yaml	CultureMech:003668	Yeast extract	4.5	G_PER_L	3.5;1.0	value is the sum of differing parts; which one the medium means needs the source recipe
DIFFERING_PARTS	data/normalized_yaml/bacterial/medium_1076b_modified_for_dsm_19518.yaml	CultureMech:003669	Yeast extract	4.5	G_PER_L	3.5;1.0	value is the sum of differing parts; which one the medium means needs the source recipe
DIFFERING_PARTS	data/normalized_yaml/bacterial/medium_1076b_modified_for_dsm_19754.yaml	CultureMech:003670	Yeast extract	4.5	G_PER_L	3.5;1.0	value is the sum of differing parts; which one the medium means needs the source recipe
DIFFERING_PARTS	data/normalized_yaml/bacterial/medium_1076b_modified_for_dsm_19755.yaml	CultureMech:003671	Yeast extract	4.5	G_PER_L	3.5;1.0	value is the sum of differing parts; which one the medium means needs the source recipe
DIFFERING_PARTS	data/normalized_yaml/bacterial/medium_1076b_modified_for_dsm_19775.yaml	CultureMech:003672	Yeast extract	4.5	G_PER_L	3.5;1.0	value is the sum of differing parts; which one the medium means needs the source recipe
DIFFERING_PARTS	data/normalized_yaml/bacterial/medium_1076b_modified_for_dsm_19793.yaml	CultureMech:003673	Yeast extract	4.5	G_PER_L	3.5;1.0	value is the sum of differing parts; which one the medium means needs the source recipe
DIFFERING_PARTS	data/normalized_yaml/bacterial/medium_1076b_modified_for_dsm_19816.yaml	CultureMech:003674	Yeast extract	4.5	G_PER_L	3.5;1.0	value is the sum of differing parts; which one the medium means needs the source recipe
DIFFERING_PARTS	data/normalized_yaml/bacterial/medium_1076b_modified_for_dsm_19817.yaml	CultureMech:003675	Yeast extract	4.5	G_PER_L	3.5;1.0	value is the sum of differing parts; which one the medium means needs the source recipe
DIFFERING_PARTS	data/normalized_yaml/bacterial/medium_1076b_modified_for_dsm_19900.yaml	CultureMech:003676	Yeast extract	4.5	G_PER_L	3.5;1.0	value is the sum of differing parts; which one the medium means needs the source recipe
DIFFERING_PARTS	data/normalized_yaml/bacterial/medium_1076b_modified_for_dsm_19901.yaml	CultureMech:003677	Yeast extract	4.5	G_PER_L	3.5;1.0	value is the sum of differing parts; which one the medium means needs the source recipe
DIFFERING_PARTS	data/normalized_yaml/bacterial/medium_1076b_modified_for_dsm_19993.yaml	CultureMech:003678	Yeast extract	4.5	G_PER_L	3.5;1.0	value is the sum of differing parts; which one the medium means needs the source recipe
DIFFERING_PARTS	data/normalized_yaml/bacterial/medium_1076b_modified_for_dsm_19994.yaml	CultureMech:003679	Yeast extract	4.5	G_PER_L	3.5;1.0	value is the sum of differing parts; which one the medium means needs the source recipe
DIFFERING_PARTS	data/normalized_yaml/bacterial/medium_1076b_modified_for_dsm_19995.yaml	CultureMech:003680	Yeast extract	4.5	G_PER_L	3.5;1.0	value is the sum of differing parts; which one the medium means needs the source recipe
DIFFERING_PARTS	data/normalized_yaml/bacterial/medium_1076b_modified_for_dsm_21131.yaml	CultureMech:003682	Yeast extract	4.5	G_PER_L	3.5;1.0	value is the sum of differing parts; which one the medium means needs the source recipe
DIFFERING_PARTS	data/normalized_yaml/bacterial/medium_1076b_modified_for_dsm_21204.yaml	CultureMech:003683	Yeast extract	4.5	G_PER_L	3.5;1.0	value is the sum of differing parts; which one the medium means needs the source recipe
DIFFERING_PARTS	data/normalized_yaml/bacterial/medium_1076b_modified_for_dsm_21430.yaml	CultureMech:003684	Yeast extract	4.5	G_PER_L	3.5;1.0	value is the sum of differing parts; which one the medium means needs the source recipe
DIFFERING_PARTS	data/normalized_yaml/bacterial/medium_1076b_modified_for_dsm_21477.yaml	CultureMech:003685	Yeast extract	4.5	G_PER_L	3.5;1.0	value is the sum of differing parts; which one the medium means needs the source recipe
DIFFERING_PARTS	data/normalized_yaml/bacterial/medium_1076b_modified_for_dsm_21484.yaml	CultureMech:003686	Yeast extract	4.5	G_PER_L	3.5;1.0	value is the sum of differing parts; which one the medium means needs the source recipe
DIFFERING_PARTS	data/normalized_yaml/bacterial/medium_1076b_modified_for_dsm_21588.yaml	CultureMech:003687	Yeast extract	4.5	G_PER_L	3.5;1.0	value is the sum of differing parts; which one the medium means needs the source recipe
DIFFERING_PARTS	data/normalized_yaml/bacterial/medium_1076b_modified_for_dsm_21589.yaml	CultureMech:003688	Yeast extract	4.5	G_PER_L	3.5;1.0	value is the sum of differing parts; which one the medium means needs the source recipe
DIFFERING_PARTS	data/normalized_yaml/bacterial/medium_1076b_modified_for_dsm_21657.yaml	CultureMech:003689	Yeast extract	4.5	G_PER_L	3.5;1.0	value is the sum of differing parts; which one the medium means needs the source recipe
DIFFERING_PARTS	data/normalized_yaml/bacterial/medium_1076b_modified_for_dsm_21780.yaml	CultureMech:003690	Yeast extract	4.5	G_PER_L	3.5;1.0	value is the sum of differing parts; which one the medium means needs the source recipe
DIFFERING_PARTS	data/normalized_yaml/bacterial/medium_1076b_modified_for_dsm_21781.yaml	CultureMech:003691	Yeast extract	4.5	G_PER_L	3.5;1.0	value is the sum of differing parts; which one the medium means needs the source recipe
DIFFERING_PARTS	data/normalized_yaml/bacterial/medium_1076b_modified_for_dsm_21782.yaml	CultureMech:003692	Yeast extract	4.5	G_PER_L	3.5;1.0	value is the sum of differing parts; which one the medium means needs the source recipe
DIFFERING_PARTS	data/normalized_yaml/bacterial/medium_1076b_modified_for_dsm_21833.yaml	CultureMech:003693	Yeast extract	4.5	G_PER_L	3.5;1.0	value is the sum of differing parts; which one the medium means needs the source recipe
DIFFERING_PARTS	data/normalized_yaml/bacterial/medium_1076b_modified_for_dsm_21834.yaml	CultureMech:003694	Yeast extract	4.5	G_PER_L	3.5;1.0	value is the sum of differing parts; which one the medium means needs the source recipe
DIFFERING_PARTS	data/normalized_yaml/bacterial/medium_1076b_modified_for_dsm_21846.yaml	CultureMech:003695	Yeast extract	4.5	G_PER_L	3.5;1.0	value is the sum of differing parts; which one the medium means needs the source recipe
DIFFERING_PARTS	data/normalized_yaml/bacterial/medium_1076b_modified_for_dsm_21865.yaml	CultureMech:003696	Yeast extract	4.5	G_PER_L	3.5;1.0	value is the sum of differing parts; which one the medium means needs the source recipe
DIFFERING_PARTS	data/normalized_yaml/bacterial/medium_1076b_modified_for_dsm_21866.yaml	CultureMech:003697	Yeast extract	4.5	G_PER_L	3.5;1.0	value is the sum of differing parts; which one the medium means needs the source recipe
DIFFERING_PARTS	data/normalized_yaml/bacterial/medium_1076b_modified_for_dsm_22019.yaml	CultureMech:003698	Yeast extract	4.5	G_PER_L	3.5;1.0	value is the sum of differing parts; which one the medium means needs the source recipe
DIFFERING_PARTS	data/normalized_yaml/bacterial/medium_1076b_modified_for_dsm_22020.yaml	CultureMech:003699	Yeast extract	4.5	G_PER_L	3.5;1.0	value is the sum of differing parts; which one the medium means needs the source recipe
DIFFERING_PARTS	data/normalized_yaml/bacterial/medium_1076b_modified_for_dsm_22021.yaml	CultureMech:003700	Yeast extract	4.5	G_PER_L	3.5;1.0	value is the sum of differing parts; which one the medium means needs the source recipe
DIFFERING_PARTS	data/normalized_yaml/bacterial/medium_1076b_modified_for_dsm_22061.yaml	CultureMech:003701	Yeast extract	4.5	G_PER_L	3.5;1.0	value is the sum of differing parts; which one the medium means needs the source recipe
DIFFERING_PARTS	data/normalized_yaml/bacterial/medium_1076b_modified_for_dsm_22062.yaml	CultureMech:003702	Yeast extract	4.5	G_PER_L	3.5;1.0	value is the sum of differing parts; which one the medium means needs the source recipe
DIFFERING_PARTS	data/normalized_yaml/bacterial/medium_1076b_modified_for_dsm_22113.yaml	CultureMech:003703	Yeast extract	4.5	G_PER_L	3.5;1.0	value is the sum of differing parts; which one the medium means needs the source recipe
DIFFERING_PARTS	data/normalized_yaml/bacterial/medium_1076b_modified_for_dsm_22114.yaml	CultureMech:003704	Yeast extract	4.5	G_PER_L	3.5;1.0	value is the sum of differing parts; which one the medium means needs the source recipe
DIFFERING_PARTS	data/normalized_yaml/bacterial/medium_1076b_modified_for_dsm_22144.yaml	CultureMech:003705	Yeast extract	4.5	G_PER_L	3.5;1.0	value is the sum of differing parts; which one the medium means needs the source recipe
DIFFERING_PARTS	data/normalized_yaml/bacterial/medium_1076b_modified_for_dsm_22145.yaml	CultureMech:003706	Yeast extract	4.5	G_PER_L	3.5;1.0	value is the sum of differing parts; which one the medium means needs the source recipe
DIFFERING_PARTS	data/normalized_yaml/bacterial/medium_1076b_modified_for_dsm_22457.yaml	CultureMech:003707	Yeast extract	4.5	G_PER_L	3.5;1.0	value is the sum of differing parts; which one the medium means needs the source recipe
DIFFERING_PARTS	data/normalized_yaml/bacterial/medium_1076b_modified_for_dsm_22551.yaml	CultureMech:003708	Yeast extract	4.5	G_PER_L	3.5;1.0	value is the sum of differing parts; which one the medium means needs the source recipe
DIFFERING_PARTS	data/normalized_yaml/bacterial/medium_1076b_modified_for_dsm_22552.yaml	CultureMech:003709	Yeast extract	4.5	G_PER_L	3.5;1.0	value is the sum of differing parts; which one the medium means needs the source recipe
DIFFERING_PARTS	data/normalized_yaml/bacterial/medium_1076b_modified_for_dsm_22553.yaml	CultureMech:003710	Yeast extract	4.5	G_PER_L	3.5;1.0	value is the sum of differing parts; which one the medium means needs the source recipe
DIFFERING_PARTS	data/normalized_yaml/bacterial/medium_1076b_modified_for_dsm_22601.yaml	CultureMech:003711	Yeast extract	4.5	G_PER_L	3.5;1.0	value is the sum of differing parts; which one the medium means needs the source recipe
DIFFERING_PARTS	data/normalized_yaml/bacterial/medium_1076b_modified_for_dsm_22603.yaml	CultureMech:003712	Yeast extract	4.5	G_PER_L	3.5;1.0	value is the sum of differing parts; which one the medium means needs the source recipe
DIFFERING_PARTS	data/normalized_yaml/bacterial/medium_1076b_modified_for_dsm_22604.yaml	CultureMech:003713	Yeast extract	4.5	G_PER_L	3.5;1.0	value is the sum of differing parts; which one the medium means needs the source recipe
DIFFERING_PARTS	data/normalized_yaml/bacterial/medium_1076b_modified_for_dsm_22631.yaml	CultureMech:003714	Yeast extract	4.5	G_PER_L	3.5;1.0	value is the sum of differing parts; which one the medium means needs the source recipe
DIFFERING_PARTS	data/normalized_yaml/bacterial/medium_1076b_modified_for_dsm_22632.yaml	CultureMech:003715	Yeast extract	4.5	G_PER_L	3.5;1.0	value is the sum of differing parts; which one the medium means needs the source recipe
DIFFERING_PARTS	data/normalized_yaml/bacterial/medium_1076b_modified_for_dsm_22633.yaml	CultureMech:003716	Yeast extract	4.5	G_PER_L	3.5;1.0	value is the sum of differing parts; which one the medium means needs the source recipe
DIFFERING_PARTS	data/normalized_yaml/bacterial/medium_1076b_modified_for_dsm_22781.yaml	CultureMech:003717	Yeast extract	4.5	G_PER_L	3.5;1.0	value is the sum of differing parts; which one the medium means needs the source recipe
DIFFERING_PARTS	data/normalized_yaml/bacterial/medium_1076b_modified_for_dsm_22911.yaml	CultureMech:003718	Yeast extract	4.5	G_PER_L	3.5;1.0	value is the sum of differing parts; which one the medium means needs the source recipe
DIFFERING_PARTS	data/normalized_yaml/bacterial/medium_1076b_modified_for_dsm_22997.yaml	CultureMech:003719	Yeast extract	4.5	G_PER_L	3.5;1.0	value is the sum of differing parts; which one the medium means needs the source recipe
DIFFERING_PARTS	data/normalized_yaml/bacterial/medium_1076b_modified_for_dsm_22998.yaml	CultureMech:003720	Yeast extract	4.5	G_PER_L	3.5;1.0	value is the sum of differing parts; which one the medium means needs the source recipe
DIFFERING_PARTS	data/normalized_yaml/bacterial/medium_1076b_modified_for_dsm_23060.yaml	CultureMech:003721	Yeast extract	4.5	G_PER_L	3.5;1.0	value is the sum of differing parts; which one the medium means needs the source recipe
DIFFERING_PARTS	data/normalized_yaml/bacterial/medium_1076b_modified_for_dsm_23536.yaml	CultureMech:003722	Yeast extract	4.5	G_PER_L	3.5;1.0	value is the sum of differing parts; which one the medium means needs the source recipe
DIFFERING_PARTS	data/normalized_yaml/bacterial/medium_1076b_modified_for_dsm_23537.yaml	CultureMech:003724	Yeast extract	4.5	G_PER_L	3.5;1.0	value is the sum of differing parts; which one the medium means needs the source recipe
DIFFERING_PARTS	data/normalized_yaml/bacterial/medium_1076b_modified_for_dsm_23537_replace_glucose_with_arginine.yaml	CultureMech:003723	Yeast extract	4.5	G_PER_L	3.5;1.0	value is the sum of differing parts; which one the medium means needs the source recipe
DIFFERING_PARTS	data/normalized_yaml/bacterial/medium_1076b_modified_for_dsm_23978.yaml	CultureMech:003725	Yeast extract	4.5	G_PER_L	3.5;1.0	value is the sum of differing parts; which one the medium means needs the source recipe
DIFFERING_PARTS	data/normalized_yaml/bacterial/medium_1076b_modified_for_dsm_23979.yaml	CultureMech:003726	Yeast extract	4.5	G_PER_L	3.5;1.0	value is the sum of differing parts; which one the medium means needs the source recipe
DIFFERING_PARTS	data/normalized_yaml/bacterial/medium_1076b_modified_for_dsm_25590.yaml	CultureMech:003727	Yeast extract	4.5	G_PER_L	3.5;1.0	value is the sum of differing parts; which one the medium means needs the source recipe
DIFFERING_PARTS	data/normalized_yaml/bacterial/medium_1076b_modified_for_dsm_25592.yaml	CultureMech:003728	Yeast extract	4.5	G_PER_L	3.5;1.0	value is the sum of differing parts; which one the medium means needs the source recipe
DIFFERING_PARTS	data/normalized_yaml/bacterial/medium_110_modified_for_dsm_13220.yaml	CultureMech:003778	NaOH	26.0	G_PER_L	25.0;1.0	value is the sum of differing parts; which one the medium means needs the source recipe
DIFFERING_PARTS	data/normalized_yaml/bacterial/medium_110_modified_for_dsm_13220.yaml	CultureMech:003778	Ethanol	959.5	G_PER_L	950.0;9.5	value is the sum of differing parts; which one the medium means needs the source recipe
DIFFERING_PARTS	data/normalized_yaml/bacterial/medium_110_modified_for_dsm_15702.yaml	CultureMech:003779	NaOH	26.0	G_PER_L	25.0;1.0	value is the sum of differing parts; which one the medium means needs the source recipe
DIFFERING_PARTS	data/normalized_yaml/bacterial/medium_110_modified_for_dsm_15702.yaml	CultureMech:003779	Ethanol	959.5	G_PER_L	950.0;9.5	value is the sum of differing parts; which one the medium means needs the source recipe
DIFFERING_PARTS	data/normalized_yaml/bacterial/medium_110_modified_for_dsm_17216.yaml	CultureMech:003780	NaOH	26.0	G_PER_L	25.0;1.0	value is the sum of differing parts; which one the medium means needs the source recipe
DIFFERING_PARTS	data/normalized_yaml/bacterial/medium_110_modified_for_dsm_17216.yaml	CultureMech:003780	Ethanol	959.5	G_PER_L	950.0;9.5	value is the sum of differing parts; which one the medium means needs the source recipe
DIFFERING_PARTS	data/normalized_yaml/bacterial/medium_110_modified_for_dsm_19847.yaml	CultureMech:003781	NaOH	26.0	G_PER_L	25.0;1.0	value is the sum of differing parts; which one the medium means needs the source recipe
DIFFERING_PARTS	data/normalized_yaml/bacterial/medium_110_modified_for_dsm_19847.yaml	CultureMech:003781	Ethanol	959.5	G_PER_L	950.0;9.5	value is the sum of differing parts; which one the medium means needs the source recipe
DIFFERING_PARTS	data/normalized_yaml/bacterial/medium_110_modified_for_dsm_20709.yaml	CultureMech:003783	NaOH	26.0	G_PER_L	25.0;1.0	value is the sum of differing parts; which one the medium means needs the source recipe
DIFFERING_PARTS	data/normalized_yaml/bacterial/medium_110_modified_for_dsm_20709.yaml	CultureMech:003783	Ethanol	959.5	G_PER_L	950.0;9.5	value is the sum of differing parts; which one the medium means needs the source recipe
DIFFERING_PARTS	data/normalized_yaml/bacterial/medium_110_modified_for_dsm_21584.yaml	CultureMech:003784	NaOH	26.0	G_PER_L	25.0;1.0	value is the sum of differing parts; which one the medium means needs the source recipe
DIFFERING_PARTS	data/normalized_yaml/bacterial/medium_110_modified_for_dsm_21584.yaml	CultureMech:003784	Ethanol	959.5	G_PER_L	950.0;9.5	value is the sum of differing parts; which one the medium means needs the source recipe
DIFFERING_PARTS	data/normalized_yaml/bacterial/medium_110_modified_for_dsm_22473.yaml	CultureMech:003785	NaOH	26.0	G_PER_L	25.0;1.0	value is the sum of differing parts; which one the medium means needs the source recipe
DIFFERING_PARTS	data/normalized_yaml/bacterial/medium_110_modified_for_dsm_22473.yaml	CultureMech:003785	Ethanol	959.5	G_PER_L	950.0;9.5	value is the sum of differing parts; which one the medium means needs the source recipe
DIFFERING_PARTS	data/normalized_yaml/bacterial/medium_110_modified_for_dsm_22504.yaml	CultureMech:003786	NaOH	26.0	G_PER_L	25.0;1.0	value is the sum of differing parts; which one the medium means needs the source recipe
DIFFERING_PARTS	data/normalized_yaml/bacterial/medium_110_modified_for_dsm_22504.yaml	CultureMech:003786	Ethanol	959.5	G_PER_L	950.0;9.5	value is the sum of differing parts; which one the medium means needs the source recipe
DIFFERING_PARTS	data/normalized_yaml/bacterial/medium_110_modified_for_dsm_22613.yaml	CultureMech:003787	NaOH	26.0	G_PER_L	25.0;1.0	value is the sum of differing parts; which one the medium means needs the source recipe
DIFFERING_PARTS	data/normalized_yaml/bacterial/medium_110_modified_for_dsm_22613.yaml	CultureMech:003787	Ethanol	959.5	G_PER_L	950.0;9.5	value is the sum of differing parts; which one the medium means needs the source recipe
DIFFERING_PARTS	data/normalized_yaml/bacterial/medium_110_modified_for_dsm_22971.yaml	CultureMech:003788	NaOH	26.0	G_PER_L	25.0;1.0	value is the sum of differing parts; which one the medium means needs the source recipe
DIFFERING_PARTS	data/normalized_yaml/bacterial/medium_110_modified_for_dsm_22971.yaml	CultureMech:003788	Ethanol	959.5	G_PER_L	950.0;9.5	value is the sum of differing parts; which one the medium means needs the source recipe
DIFFERING_PARTS	data/normalized_yaml/bacterial/medium_110_modified_for_dsm_23384.yaml	CultureMech:003789	NaOH	26.0	G_PER_L	25.0;1.0	value is the sum of differing parts; which one the medium means needs the source recipe
DIFFERING_PARTS	data/normalized_yaml/bacterial/medium_110_modified_for_dsm_23384.yaml	CultureMech:003789	Ethanol	959.5	G_PER_L	950.0;9.5	value is the sum of differing parts; which one the medium means needs the source recipe
DIFFERING_PARTS	data/normalized_yaml/bacterial/medium_110_modified_for_dsm_23441.yaml	CultureMech:003790	NaOH	26.0	G_PER_L	25.0;1.0	value is the sum of differing parts; which one the medium means needs the source recipe
DIFFERING_PARTS	data/normalized_yaml/bacterial/medium_110_modified_for_dsm_23441.yaml	CultureMech:003790	Ethanol	959.5	G_PER_L	950.0;9.5	value is the sum of differing parts; which one the medium means needs the source recipe
DIFFERING_PARTS	data/normalized_yaml/bacterial/medium_110_modified_for_dsm_23684.yaml	CultureMech:003791	NaOH	26.0	G_PER_L	25.0;1.0	value is the sum of differing parts; which one the medium means needs the source recipe
DIFFERING_PARTS	data/normalized_yaml/bacterial/medium_110_modified_for_dsm_23684.yaml	CultureMech:003791	Ethanol	959.5	G_PER_L	950.0;9.5	value is the sum of differing parts; which one the medium means needs the source recipe
DIFFERING_PARTS	data/normalized_yaml/bacterial/medium_110_modified_for_dsm_24491.yaml	CultureMech:003792	NaOH	26.0	G_PER_L	25.0;1.0	value is the sum of differing parts; which one the medium means needs the source recipe
DIFFERING_PARTS	data/normalized_yaml/bacterial/medium_110_modified_for_dsm_24491.yaml	CultureMech:003792	Ethanol	959.5	G_PER_L	950.0;9.5	value is the sum of differing parts; which one the medium means needs the source recipe
DIFFERING_PARTS	data/normalized_yaml/bacterial/medium_110_modified_for_dsm_3376.yaml	CultureMech:003794	NaOH	26.0	G_PER_L	25.0;1.0	value is the sum of differing parts; which one the medium means needs the source recipe
DIFFERING_PARTS	data/normalized_yaml/bacterial/medium_110_modified_for_dsm_3376.yaml	CultureMech:003794	Ethanol	959.5	G_PER_L	950.0;9.5	value is the sum of differing parts; which one the medium means needs the source recipe
DIFFERING_PARTS	data/normalized_yaml/bacterial/medium_110_modified_for_dsm_3376_replace_rumen_fluid_with_sludge_fluid.yaml	CultureMech:003793	NaOH	26.0	G_PER_L	25.0;1.0	value is the sum of differing parts; which one the medium means needs the source recipe
DIFFERING_PARTS	data/normalized_yaml/bacterial/medium_110_modified_for_dsm_3376_replace_rumen_fluid_with_sludge_fluid.yaml	CultureMech:003793	Ethanol	959.5	G_PER_L	950.0;9.5	value is the sum of differing parts; which one the medium means needs the source recipe
DIFFERING_PARTS	data/normalized_yaml/bacterial/medium_110_modified_for_dsm_3982.yaml	CultureMech:003795	NaOH	26.0	G_PER_L	25.0;1.0	value is the sum of differing parts; which one the medium means needs the source recipe
DIFFERING_PARTS	data/normalized_yaml/bacterial/medium_110_modified_for_dsm_3982.yaml	CultureMech:003795	Ethanol	959.5	G_PER_L	950.0;9.5	value is the sum of differing parts; which one the medium means needs the source recipe
DIFFERING_PARTS	data/normalized_yaml/bacterial/medium_110_modified_for_dsm_3988.yaml	CultureMech:003796	NaOH	26.0	G_PER_L	25.0;1.0	value is the sum of differing parts; which one the medium means needs the source recipe
DIFFERING_PARTS	data/normalized_yaml/bacterial/medium_110_modified_for_dsm_3988.yaml	CultureMech:003796	Ethanol	959.5	G_PER_L	950.0;9.5	value is the sum of differing parts; which one the medium means needs the source recipe
DIFFERING_PARTS	data/normalized_yaml/bacterial/medium_110_modified_for_dsm_3994.yaml	CultureMech:003797	NaOH	26.0	G_PER_L	25.0;1.0	value is the sum of differing parts; which one the medium means needs the source recipe
DIFFERING_PARTS	data/normalized_yaml/bacterial/medium_110_modified_for_dsm_3994.yaml	CultureMech:003797	Ethanol	959.5	G_PER_L	950.0;9.5	value is the sum of differing parts; which one the medium means needs the source recipe
DIFFERING_PARTS	data/normalized_yaml/bacterial/medium_110_modified_for_dsm_3997.yaml	CultureMech:003798	NaOH	26.0	G_PER_L	25.0;1.0	value is the sum of differing parts; which one the medium means needs the source recipe
DIFFERING_PARTS	data/normalized_yaml/bacterial/medium_110_modified_for_dsm_3997.yaml	CultureMech:003798	Ethanol	959.5	G_PER_L	950.0;9.5	value is the sum of differing parts; which one the medium means needs the source recipe
DIFFERING_PARTS	data/normalized_yaml/bacterial/medium_110_modified_for_dsm_6400.yaml	CultureMech:003799	NaOH	26.0	G_PER_L	25.0;1.0	value is the sum of differing parts; which one the medium means needs the source recipe
DIFFERING_PARTS	data/normalized_yaml/bacterial/medium_110_modified_for_dsm_6400.yaml	CultureMech:003799	Ethanol	959.5	G_PER_L	950.0;9.5	value is the sum of differing parts; which one the medium means needs the source recipe
DIFFERING_PARTS	data/normalized_yaml/bacterial/medium_119_modified_for_dsm_11975.yaml	CultureMech:003911	Yeast extract	4.996016	G_PER_L	0.996016;4.0	value is the sum of differing parts; which one the medium means needs the source recipe
COEXISTING_ROW	data/normalized_yaml/bacterial/medium_119_modified_for_dsm_11975.yaml	CultureMech:003911	Yeast extract	4.996016;5.0	G_PER_L		2 rows name this ingredient in one record, one of them a merge survivor — a consumer double-counts
DIFFERING_PARTS	data/normalized_yaml/bacterial/medium_119_modified_for_dsm_11977.yaml	CultureMech:003912	Yeast extract	4.996016	G_PER_L	0.996016;4.0	value is the sum of differing parts; which one the medium means needs the source recipe
COEXISTING_ROW	data/normalized_yaml/bacterial/medium_119_modified_for_dsm_11977.yaml	CultureMech:003912	Yeast extract	4.996016;5.0	G_PER_L		2 rows name this ingredient in one record, one of them a merge survivor — a consumer double-counts
DIFFERING_PARTS	data/normalized_yaml/bacterial/medium_119_modified_for_dsm_11978.yaml	CultureMech:003913	Yeast extract	4.996016	G_PER_L	0.996016;4.0	value is the sum of differing parts; which one the medium means needs the source recipe
COEXISTING_ROW	data/normalized_yaml/bacterial/medium_119_modified_for_dsm_11978.yaml	CultureMech:003913	Yeast extract	4.996016;5.0	G_PER_L		2 rows name this ingredient in one record, one of them a merge survivor — a consumer double-counts
DIFFERING_PARTS	data/normalized_yaml/bacterial/medium_119_modified_for_dsm_11979.yaml	CultureMech:003914	Yeast extract	4.996016	G_PER_L	0.996016;4.0	value is the sum of differing parts; which one the medium means needs the source recipe
COEXISTING_ROW	data/normalized_yaml/bacterial/medium_119_modified_for_dsm_11979.yaml	CultureMech:003914	Yeast extract	4.996016;5.0	G_PER_L		2 rows name this ingredient in one record, one of them a merge survivor — a consumer double-counts
DIFFERING_PARTS	data/normalized_yaml/bacterial/medium_119_modified_for_dsm_11995.yaml	CultureMech:003915	Yeast extract	4.996016	G_PER_L	0.996016;4.0	value is the sum of differing parts; which one the medium means needs the source recipe
COEXISTING_ROW	data/normalized_yaml/bacterial/medium_119_modified_for_dsm_11995.yaml	CultureMech:003915	Yeast extract	4.996016;5.0	G_PER_L		2 rows name this ingredient in one record, one of them a merge survivor — a consumer double-counts
DIFFERING_PARTS	data/normalized_yaml/bacterial/medium_119_modified_for_dsm_1224.yaml	CultureMech:003916	Yeast extract	4.996016	G_PER_L	0.996016;4.0	value is the sum of differing parts; which one the medium means needs the source recipe
COEXISTING_ROW	data/normalized_yaml/bacterial/medium_119_modified_for_dsm_1224.yaml	CultureMech:003916	Yeast extract	4.996016;5.0	G_PER_L		2 rows name this ingredient in one record, one of them a merge survivor — a consumer double-counts
DIFFERING_PARTS	data/normalized_yaml/bacterial/medium_119_modified_for_dsm_15163.yaml	CultureMech:003917	Yeast extract	4.996016	G_PER_L	0.996016;4.0	value is the sum of differing parts; which one the medium means needs the source recipe
COEXISTING_ROW	data/normalized_yaml/bacterial/medium_119_modified_for_dsm_15163.yaml	CultureMech:003917	Yeast extract	4.996016;5.0	G_PER_L		2 rows name this ingredient in one record, one of them a merge survivor — a consumer double-counts
DIFFERING_PARTS	data/normalized_yaml/bacterial/medium_119_modified_for_dsm_3468.yaml	CultureMech:003919	Yeast extract	4.996016	G_PER_L	0.996016;4.0	value is the sum of differing parts; which one the medium means needs the source recipe
COEXISTING_ROW	data/normalized_yaml/bacterial/medium_119_modified_for_dsm_3468.yaml	CultureMech:003919	Yeast extract	4.996016;5.0	G_PER_L		2 rows name this ingredient in one record, one of them a merge survivor — a consumer double-counts
DIFFERING_PARTS	data/normalized_yaml/bacterial/medium_119_modified_for_dsm_4855.yaml	CultureMech:003920	Yeast extract	4.996016	G_PER_L	0.996016;4.0	value is the sum of differing parts; which one the medium means needs the source recipe
COEXISTING_ROW	data/normalized_yaml/bacterial/medium_119_modified_for_dsm_4855.yaml	CultureMech:003920	Yeast extract	4.996016;5.0	G_PER_L		2 rows name this ingredient in one record, one of them a merge survivor — a consumer double-counts
DIFFERING_PARTS	data/normalized_yaml/bacterial/medium_119_modified_for_dsm_6216.yaml	CultureMech:003921	Yeast extract	4.996016	G_PER_L	0.996016;4.0	value is the sum of differing parts; which one the medium means needs the source recipe
COEXISTING_ROW	data/normalized_yaml/bacterial/medium_119_modified_for_dsm_6216.yaml	CultureMech:003921	Yeast extract	4.996016;5.0	G_PER_L		2 rows name this ingredient in one record, one of them a merge survivor — a consumer double-counts
DIFFERING_PARTS	data/normalized_yaml/bacterial/medium_119_modified_for_dsm_7057.yaml	CultureMech:003922	Yeast extract	4.996016	G_PER_L	0.996016;4.0	value is the sum of differing parts; which one the medium means needs the source recipe
COEXISTING_ROW	data/normalized_yaml/bacterial/medium_119_modified_for_dsm_7057.yaml	CultureMech:003922	Yeast extract	4.996016;5.0	G_PER_L		2 rows name this ingredient in one record, one of them a merge survivor — a consumer double-counts
DIFFERING_PARTS	data/normalized_yaml/bacterial/medium_119_modified_for_dsm_7256.yaml	CultureMech:003923	Yeast extract	4.996016	G_PER_L	0.996016;4.0	value is the sum of differing parts; which one the medium means needs the source recipe
COEXISTING_ROW	data/normalized_yaml/bacterial/medium_119_modified_for_dsm_7256.yaml	CultureMech:003923	Yeast extract	4.996016;5.0	G_PER_L		2 rows name this ingredient in one record, one of them a merge survivor — a consumer double-counts
DIFFERING_PARTS	data/normalized_yaml/bacterial/medium_119_modified_for_dsm_9575.yaml	CultureMech:003924	Yeast extract	4.996016	G_PER_L	0.996016;4.0	value is the sum of differing parts; which one the medium means needs the source recipe
COEXISTING_ROW	data/normalized_yaml/bacterial/medium_119_modified_for_dsm_9575.yaml	CultureMech:003924	Yeast extract	4.996016;5.0	G_PER_L		2 rows name this ingredient in one record, one of them a merge survivor — a consumer double-counts
DIFFERING_PARTS	data/normalized_yaml/bacterial/medium_1313_modified_for_dsm_25384.yaml	CultureMech:004068	Na2MoO4 x 2 H2O	0.0580431	G_PER_L	0.0222222;0.0358209	value is the sum of differing parts; which one the medium means needs the source recipe
DIFFERING_PARTS	data/normalized_yaml/bacterial/medium_135_modified_for_dsm_7417.yaml	CultureMech:004105	NaCl	20.5886	G_PER_L	19.5886;1.0	value is the sum of differing parts; which one the medium means needs the source recipe
DIFFERING_PARTS	data/normalized_yaml/bacterial/medium_135_modified_for_dsm_7417.yaml	CultureMech:004105	MgSO4 x 7 H2O	3.0979432	G_PER_L	0.0979432;3.0	value is the sum of differing parts; which one the medium means needs the source recipe
DIFFERING_PARTS	data/normalized_yaml/bacterial/medium_141_modified_for_dsm_11571.yaml	CultureMech:004122	MgSO4 x 7 H2O	6.40573	G_PER_L	3.40573;3.0	value is the sum of differing parts; which one the medium means needs the source recipe
DIFFERING_PARTS	data/normalized_yaml/bacterial/medium_141_modified_for_dsm_11571.yaml	CultureMech:004122	CaCl2 x 2 H2O	0.238203	G_PER_L	0.138203;0.1	value is the sum of differing parts; which one the medium means needs the source recipe
DIFFERING_PARTS	data/normalized_yaml/bacterial/medium_141_modified_for_dsm_11571.yaml	CultureMech:004122	NaCl	18.769	G_PER_L	17.769;1.0	value is the sum of differing parts; which one the medium means needs the source recipe
DIFFERING_PARTS	data/normalized_yaml/bacterial/medium_141_modified_for_dsm_11916.yaml	CultureMech:004123	MgSO4 x 7 H2O	6.40573	G_PER_L	3.40573;3.0	value is the sum of differing parts; which one the medium means needs the source recipe
DIFFERING_PARTS	data/normalized_yaml/bacterial/medium_141_modified_for_dsm_11916.yaml	CultureMech:004123	CaCl2 x 2 H2O	0.238203	G_PER_L	0.138203;0.1	value is the sum of differing parts; which one the medium means needs the source recipe
DIFFERING_PARTS	data/normalized_yaml/bacterial/medium_141_modified_for_dsm_11916.yaml	CultureMech:004123	NaCl	18.769	G_PER_L	17.769;1.0	value is the sum of differing parts; which one the medium means needs the source recipe
DIFFERING_PARTS	data/normalized_yaml/bacterial/medium_141_modified_for_dsm_1224.yaml	CultureMech:004125	MgSO4 x 7 H2O	6.40573	G_PER_L	3.40573;3.0	value is the sum of differing parts; which one the medium means needs the source recipe
DIFFERING_PARTS	data/normalized_yaml/bacterial/medium_141_modified_for_dsm_1224.yaml	CultureMech:004125	CaCl2 x 2 H2O	0.238203	G_PER_L	0.138203;0.1	value is the sum of differing parts; which one the medium means needs the source recipe
DIFFERING_PARTS	data/normalized_yaml/bacterial/medium_141_modified_for_dsm_1224.yaml	CultureMech:004125	NaCl	18.769	G_PER_L	17.769;1.0	value is the sum of differing parts; which one the medium means needs the source recipe
DIFFERING_PARTS	data/normalized_yaml/bacterial/medium_141_modified_for_dsm_13459.yaml	CultureMech:004126	MgSO4 x 7 H2O	6.40573	G_PER_L	3.40573;3.0	value is the sum of differing parts; which one the medium means needs the source recipe
DIFFERING_PARTS	data/normalized_yaml/bacterial/medium_141_modified_for_dsm_13459.yaml	CultureMech:004126	CaCl2 x 2 H2O	0.238203	G_PER_L	0.138203;0.1	value is the sum of differing parts; which one the medium means needs the source recipe
DIFFERING_PARTS	data/normalized_yaml/bacterial/medium_141_modified_for_dsm_13459.yaml	CultureMech:004126	NaCl	18.769	G_PER_L	17.769;1.0	value is the sum of differing parts; which one the medium means needs the source recipe
DIFFERING_PARTS	data/normalized_yaml/bacterial/medium_141_modified_for_dsm_14266.yaml	CultureMech:004127	MgSO4 x 7 H2O	6.40573	G_PER_L	3.40573;3.0	value is the sum of differing parts; which one the medium means needs the source recipe
DIFFERING_PARTS	data/normalized_yaml/bacterial/medium_141_modified_for_dsm_14266.yaml	CultureMech:004127	CaCl2 x 2 H2O	0.238203	G_PER_L	0.138203;0.1	value is the sum of differing parts; which one the medium means needs the source recipe
DIFFERING_PARTS	data/normalized_yaml/bacterial/medium_141_modified_for_dsm_14266.yaml	CultureMech:004127	NaCl	18.769	G_PER_L	17.769;1.0	value is the sum of differing parts; which one the medium means needs the source recipe
DIFFERING_PARTS	data/normalized_yaml/bacterial/medium_141_modified_for_dsm_3599.yaml	CultureMech:004130	MgSO4 x 7 H2O	6.40573	G_PER_L	3.40573;3.0	value is the sum of differing parts; which one the medium means needs the source recipe
DIFFERING_PARTS	data/normalized_yaml/bacterial/medium_141_modified_for_dsm_3599.yaml	CultureMech:004130	CaCl2 x 2 H2O	0.238203	G_PER_L	0.138203;0.1	value is the sum of differing parts; which one the medium means needs the source recipe
DIFFERING_PARTS	data/normalized_yaml/bacterial/medium_141_modified_for_dsm_3599.yaml	CultureMech:004130	NaCl	18.769	G_PER_L	17.769;1.0	value is the sum of differing parts; which one the medium means needs the source recipe
DIFFERING_PARTS	data/normalized_yaml/bacterial/medium_141_modified_for_dsm_3821.yaml	CultureMech:004131	MgSO4 x 7 H2O	6.40573	G_PER_L	3.40573;3.0	value is the sum of differing parts; which one the medium means needs the source recipe
DIFFERING_PARTS	data/normalized_yaml/bacterial/medium_141_modified_for_dsm_3821.yaml	CultureMech:004131	CaCl2 x 2 H2O	0.238203	G_PER_L	0.138203;0.1	value is the sum of differing parts; which one the medium means needs the source recipe
DIFFERING_PARTS	data/normalized_yaml/bacterial/medium_141_modified_for_dsm_3821.yaml	CultureMech:004131	NaCl	18.769	G_PER_L	17.769;1.0	value is the sum of differing parts; which one the medium means needs the source recipe
DIFFERING_PARTS	data/normalized_yaml/bacterial/medium_141_modified_for_dsm_4138.yaml	CultureMech:004133	MgSO4 x 7 H2O	6.40573	G_PER_L	3.40573;3.0	value is the sum of differing parts; which one the medium means needs the source recipe
DIFFERING_PARTS	data/normalized_yaml/bacterial/medium_141_modified_for_dsm_4138.yaml	CultureMech:004133	CaCl2 x 2 H2O	0.238203	G_PER_L	0.138203;0.1	value is the sum of differing parts; which one the medium means needs the source recipe
DIFFERING_PARTS	data/normalized_yaml/bacterial/medium_141_modified_for_dsm_4138.yaml	CultureMech:004133	NaCl	18.769	G_PER_L	17.769;1.0	value is the sum of differing parts; which one the medium means needs the source recipe
DIFFERING_PARTS	data/normalized_yaml/bacterial/medium_141_modified_for_dsm_7268.yaml	CultureMech:004137	MgSO4 x 7 H2O	6.40573	G_PER_L	3.40573;3.0	value is the sum of differing parts; which one the medium means needs the source recipe
DIFFERING_PARTS	data/normalized_yaml/bacterial/medium_141_modified_for_dsm_7268.yaml	CultureMech:004137	CaCl2 x 2 H2O	0.238203	G_PER_L	0.138203;0.1	value is the sum of differing parts; which one the medium means needs the source recipe
DIFFERING_PARTS	data/normalized_yaml/bacterial/medium_141_modified_for_dsm_7268.yaml	CultureMech:004137	NaCl	18.769	G_PER_L	17.769;1.0	value is the sum of differing parts; which one the medium means needs the source recipe
DIFFERING_PARTS	data/normalized_yaml/bacterial/medium_141_modified_for_dsm_7466.yaml	CultureMech:004138	MgSO4 x 7 H2O	6.40573	G_PER_L	3.40573;3.0	value is the sum of differing parts; which one the medium means needs the source recipe
DIFFERING_PARTS	data/normalized_yaml/bacterial/medium_141_modified_for_dsm_7466.yaml	CultureMech:004138	CaCl2 x 2 H2O	0.238203	G_PER_L	0.138203;0.1	value is the sum of differing parts; which one the medium means needs the source recipe
DIFFERING_PARTS	data/normalized_yaml/bacterial/medium_141_modified_for_dsm_7466.yaml	CultureMech:004138	NaCl	18.769	G_PER_L	17.769;1.0	value is the sum of differing parts; which one the medium means needs the source recipe
DIFFERING_PARTS	data/normalized_yaml/bacterial/medium_142_modified_for_dsm_12346.yaml	CultureMech:004146	CaCl2 x 2 H2O	5.95791	G_PER_L	0.41791;5.54	value is the sum of differing parts; which one the medium means needs the source recipe
DIFFERING_PARTS	data/normalized_yaml/bacterial/medium_142_modified_for_dsm_12350.yaml	CultureMech:004147	CaCl2 x 2 H2O	5.95791	G_PER_L	0.41791;5.54	value is the sum of differing parts; which one the medium means needs the source recipe
DIFFERING_PARTS	data/normalized_yaml/bacterial/medium_142_modified_for_dsm_12351.yaml	CultureMech:004148	CaCl2 x 2 H2O	5.95791	G_PER_L	0.41791;5.54	value is the sum of differing parts; which one the medium means needs the source recipe
DIFFERING_PARTS	data/normalized_yaml/bacterial/medium_142_modified_for_dsm_12352.yaml	CultureMech:004149	CaCl2 x 2 H2O	5.95791	G_PER_L	0.41791;5.54	value is the sum of differing parts; which one the medium means needs the source recipe
DIFFERING_PARTS	data/normalized_yaml/bacterial/medium_142_modified_for_dsm_12353.yaml	CultureMech:004150	CaCl2 x 2 H2O	5.95791	G_PER_L	0.41791;5.54	value is the sum of differing parts; which one the medium means needs the source recipe
DIFFERING_PARTS	data/normalized_yaml/bacterial/medium_142_modified_for_dsm_12354.yaml	CultureMech:004151	CaCl2 x 2 H2O	5.95791	G_PER_L	0.41791;5.54	value is the sum of differing parts; which one the medium means needs the source recipe
DIFFERING_PARTS	data/normalized_yaml/bacterial/medium_203_modified_for_dsm_3537.yaml	CultureMech:004299	FeSO4 x 7 H2O	0.10198216	G_PER_L	0.00198216;0.1	value is the sum of differing parts; which one the medium means needs the source recipe
DIFFERING_PARTS	data/normalized_yaml/bacterial/medium_203_modified_for_dsm_3537.yaml	CultureMech:004299	NaCl	13.0	G_PER_L	12.0;1.0	value is the sum of differing parts; which one the medium means needs the source recipe
DIFFERING_PARTS	data/normalized_yaml/bacterial/medium_203_modified_for_dsm_3537.yaml	CultureMech:004299	MgSO4 x 7 H2O	5.4	G_PER_L	2.4;3.0	value is the sum of differing parts; which one the medium means needs the source recipe
DIFFERING_PARTS	data/normalized_yaml/bacterial/medium_203_modified_for_dsm_3538.yaml	CultureMech:004300	FeSO4 x 7 H2O	0.10198216	G_PER_L	0.00198216;0.1	value is the sum of differing parts; which one the medium means needs the source recipe
DIFFERING_PARTS	data/normalized_yaml/bacterial/medium_203_modified_for_dsm_3538.yaml	CultureMech:004300	NaCl	13.0	G_PER_L	12.0;1.0	value is the sum of differing parts; which one the medium means needs the source recipe
DIFFERING_PARTS	data/normalized_yaml/bacterial/medium_203_modified_for_dsm_3538.yaml	CultureMech:004300	MgSO4 x 7 H2O	5.4	G_PER_L	2.4;3.0	value is the sum of differing parts; which one the medium means needs the source recipe
DIFFERING_PARTS	data/normalized_yaml/bacterial/medium_220_modified_for_dsm_11483.yaml	CultureMech:004431	Casein peptone	32.0	G_PER_L	15.0;17.0	value is the sum of differing parts; which one the medium means needs the source recipe
DIFFERING_PARTS	data/normalized_yaml/bacterial/medium_220_modified_for_dsm_11483.yaml	CultureMech:004431	Soy peptone	8.0	G_PER_L	5.0;3.0	value is the sum of differing parts; which one the medium means needs the source recipe
DIFFERING_PARTS	data/normalized_yaml/bacterial/medium_220_modified_for_dsm_11705.yaml	CultureMech:004432	Casein peptone	32.0	G_PER_L	15.0;17.0	value is the sum of differing parts; which one the medium means needs the source recipe
DIFFERING_PARTS	data/normalized_yaml/bacterial/medium_220_modified_for_dsm_11705.yaml	CultureMech:004432	Soy peptone	8.0	G_PER_L	5.0;3.0	value is the sum of differing parts; which one the medium means needs the source recipe
DIFFERING_PARTS	data/normalized_yaml/bacterial/medium_220_modified_for_dsm_11706.yaml	CultureMech:004433	Casein peptone	32.0	G_PER_L	15.0;17.0	value is the sum of differing parts; which one the medium means needs the source recipe
DIFFERING_PARTS	data/normalized_yaml/bacterial/medium_220_modified_for_dsm_11706.yaml	CultureMech:004433	Soy peptone	8.0	G_PER_L	5.0;3.0	value is the sum of differing parts; which one the medium means needs the source recipe
DIFFERING_PARTS	data/normalized_yaml/bacterial/medium_220_modified_for_dsm_11707.yaml	CultureMech:004434	Casein peptone	32.0	G_PER_L	15.0;17.0	value is the sum of differing parts; which one the medium means needs the source recipe
DIFFERING_PARTS	data/normalized_yaml/bacterial/medium_220_modified_for_dsm_11707.yaml	CultureMech:004434	Soy peptone	8.0	G_PER_L	5.0;3.0	value is the sum of differing parts; which one the medium means needs the source recipe
DIFFERING_PARTS	data/normalized_yaml/bacterial/medium_220_modified_for_dsm_11713.yaml	CultureMech:004435	Casein peptone	32.0	G_PER_L	15.0;17.0	value is the sum of differing parts; which one the medium means needs the source recipe
DIFFERING_PARTS	data/normalized_yaml/bacterial/medium_220_modified_for_dsm_11713.yaml	CultureMech:004435	Soy peptone	8.0	G_PER_L	5.0;3.0	value is the sum of differing parts; which one the medium means needs the source recipe
DIFFERING_PARTS	data/normalized_yaml/bacterial/medium_220_modified_for_dsm_12654.yaml	CultureMech:004436	Casein peptone	32.0	G_PER_L	15.0;17.0	value is the sum of differing parts; which one the medium means needs the source recipe
DIFFERING_PARTS	data/normalized_yaml/bacterial/medium_220_modified_for_dsm_12654.yaml	CultureMech:004436	Soy peptone	8.0	G_PER_L	5.0;3.0	value is the sum of differing parts; which one the medium means needs the source recipe
DIFFERING_PARTS	data/normalized_yaml/bacterial/medium_220_modified_for_dsm_12655.yaml	CultureMech:004437	Casein peptone	32.0	G_PER_L	15.0;17.0	value is the sum of differing parts; which one the medium means needs the source recipe
DIFFERING_PARTS	data/normalized_yaml/bacterial/medium_220_modified_for_dsm_12655.yaml	CultureMech:004437	Soy peptone	8.0	G_PER_L	5.0;3.0	value is the sum of differing parts; which one the medium means needs the source recipe
DIFFERING_PARTS	data/normalized_yaml/bacterial/medium_220_modified_for_dsm_12656.yaml	CultureMech:004438	Casein peptone	32.0	G_PER_L	15.0;17.0	value is the sum of differing parts; which one the medium means needs the source recipe
DIFFERING_PARTS	data/normalized_yaml/bacterial/medium_220_modified_for_dsm_12656.yaml	CultureMech:004438	Soy peptone	8.0	G_PER_L	5.0;3.0	value is the sum of differing parts; which one the medium means needs the source recipe
DIFFERING_PARTS	data/normalized_yaml/bacterial/medium_220_modified_for_dsm_12833.yaml	CultureMech:004439	Casein peptone	32.0	G_PER_L	15.0;17.0	value is the sum of differing parts; which one the medium means needs the source recipe
DIFFERING_PARTS	data/normalized_yaml/bacterial/medium_220_modified_for_dsm_12833.yaml	CultureMech:004439	Soy peptone	8.0	G_PER_L	5.0;3.0	value is the sum of differing parts; which one the medium means needs the source recipe
DIFFERING_PARTS	data/normalized_yaml/bacterial/medium_220_modified_for_dsm_13060.yaml	CultureMech:004440	Casein peptone	32.0	G_PER_L	15.0;17.0	value is the sum of differing parts; which one the medium means needs the source recipe
DIFFERING_PARTS	data/normalized_yaml/bacterial/medium_220_modified_for_dsm_13060.yaml	CultureMech:004440	Soy peptone	8.0	G_PER_L	5.0;3.0	value is the sum of differing parts; which one the medium means needs the source recipe
DIFFERING_PARTS	data/normalized_yaml/bacterial/medium_220_modified_for_dsm_13240.yaml	CultureMech:004441	Casein peptone	32.0	G_PER_L	15.0;17.0	value is the sum of differing parts; which one the medium means needs the source recipe
DIFFERING_PARTS	data/normalized_yaml/bacterial/medium_220_modified_for_dsm_13240.yaml	CultureMech:004441	Soy peptone	8.0	G_PER_L	5.0;3.0	value is the sum of differing parts; which one the medium means needs the source recipe
DIFFERING_PARTS	data/normalized_yaml/bacterial/medium_220_modified_for_dsm_13815.yaml	CultureMech:004442	Casein peptone	32.0	G_PER_L	15.0;17.0	value is the sum of differing parts; which one the medium means needs the source recipe
DIFFERING_PARTS	data/normalized_yaml/bacterial/medium_220_modified_for_dsm_13815.yaml	CultureMech:004442	Soy peptone	8.0	G_PER_L	5.0;3.0	value is the sum of differing parts; which one the medium means needs the source recipe
DIFFERING_PARTS	data/normalized_yaml/bacterial/medium_220_modified_for_dsm_13870.yaml	CultureMech:004443	Casein peptone	32.0	G_PER_L	15.0;17.0	value is the sum of differing parts; which one the medium means needs the source recipe
DIFFERING_PARTS	data/normalized_yaml/bacterial/medium_220_modified_for_dsm_13870.yaml	CultureMech:004443	Soy peptone	8.0	G_PER_L	5.0;3.0	value is the sum of differing parts; which one the medium means needs the source recipe
DIFFERING_PARTS	data/normalized_yaml/bacterial/medium_220_modified_for_dsm_14791.yaml	CultureMech:004444	Casein peptone	32.0	G_PER_L	15.0;17.0	value is the sum of differing parts; which one the medium means needs the source recipe
DIFFERING_PARTS	data/normalized_yaml/bacterial/medium_220_modified_for_dsm_14791.yaml	CultureMech:004444	Soy peptone	8.0	G_PER_L	5.0;3.0	value is the sum of differing parts; which one the medium means needs the source recipe
DIFFERING_PARTS	data/normalized_yaml/bacterial/medium_220_modified_for_dsm_14914.yaml	CultureMech:004445	Casein peptone	32.0	G_PER_L	15.0;17.0	value is the sum of differing parts; which one the medium means needs the source recipe
DIFFERING_PARTS	data/normalized_yaml/bacterial/medium_220_modified_for_dsm_14914.yaml	CultureMech:004445	Soy peptone	8.0	G_PER_L	5.0;3.0	value is the sum of differing parts; which one the medium means needs the source recipe
DIFFERING_PARTS	data/normalized_yaml/bacterial/medium_220_modified_for_dsm_14988.yaml	CultureMech:004446	Casein peptone	32.0	G_PER_L	15.0;17.0	value is the sum of differing parts; which one the medium means needs the source recipe
DIFFERING_PARTS	data/normalized_yaml/bacterial/medium_220_modified_for_dsm_14988.yaml	CultureMech:004446	Soy peptone	8.0	G_PER_L	5.0;3.0	value is the sum of differing parts; which one the medium means needs the source recipe
DIFFERING_PARTS	data/normalized_yaml/bacterial/medium_220_modified_for_dsm_15028.yaml	CultureMech:004447	Casein peptone	32.0	G_PER_L	15.0;17.0	value is the sum of differing parts; which one the medium means needs the source recipe
DIFFERING_PARTS	data/normalized_yaml/bacterial/medium_220_modified_for_dsm_15028.yaml	CultureMech:004447	Soy peptone	8.0	G_PER_L	5.0;3.0	value is the sum of differing parts; which one the medium means needs the source recipe
DIFFERING_PARTS	data/normalized_yaml/bacterial/medium_220_modified_for_dsm_15077.yaml	CultureMech:004448	Casein peptone	32.0	G_PER_L	15.0;17.0	value is the sum of differing parts; which one the medium means needs the source recipe
DIFFERING_PARTS	data/normalized_yaml/bacterial/medium_220_modified_for_dsm_15077.yaml	CultureMech:004448	Soy peptone	8.0	G_PER_L	5.0;3.0	value is the sum of differing parts; which one the medium means needs the source recipe
DIFFERING_PARTS	data/normalized_yaml/bacterial/medium_220_modified_for_dsm_15220.yaml	CultureMech:004449	Casein peptone	32.0	G_PER_L	15.0;17.0	value is the sum of differing parts; which one the medium means needs the source recipe
DIFFERING_PARTS	data/normalized_yaml/bacterial/medium_220_modified_for_dsm_15220.yaml	CultureMech:004449	Soy peptone	8.0	G_PER_L	5.0;3.0	value is the sum of differing parts; which one the medium means needs the source recipe
DIFFERING_PARTS	data/normalized_yaml/bacterial/medium_220_modified_for_dsm_15391.yaml	CultureMech:004450	Casein peptone	32.0	G_PER_L	15.0;17.0	value is the sum of differing parts; which one the medium means needs the source recipe
DIFFERING_PARTS	data/normalized_yaml/bacterial/medium_220_modified_for_dsm_15391.yaml	CultureMech:004450	Soy peptone	8.0	G_PER_L	5.0;3.0	value is the sum of differing parts; which one the medium means needs the source recipe
DIFFERING_PARTS	data/normalized_yaml/bacterial/medium_220_modified_for_dsm_15392.yaml	CultureMech:004451	Casein peptone	32.0	G_PER_L	15.0;17.0	value is the sum of differing parts; which one the medium means needs the source recipe
DIFFERING_PARTS	data/normalized_yaml/bacterial/medium_220_modified_for_dsm_15392.yaml	CultureMech:004451	Soy peptone	8.0	G_PER_L	5.0;3.0	value is the sum of differing parts; which one the medium means needs the source recipe
DIFFERING_PARTS	data/normalized_yaml/bacterial/medium_220_modified_for_dsm_15402.yaml	CultureMech:004452	Casein peptone	32.0	G_PER_L	15.0;17.0	value is the sum of differing parts; which one the medium means needs the source recipe
DIFFERING_PARTS	data/normalized_yaml/bacterial/medium_220_modified_for_dsm_15402.yaml	CultureMech:004452	Soy peptone	8.0	G_PER_L	5.0;3.0	value is the sum of differing parts; which one the medium means needs the source recipe
DIFFERING_PARTS	data/normalized_yaml/bacterial/medium_220_modified_for_dsm_15428.yaml	CultureMech:004453	Casein peptone	32.0	G_PER_L	15.0;17.0	value is the sum of differing parts; which one the medium means needs the source recipe
DIFFERING_PARTS	data/normalized_yaml/bacterial/medium_220_modified_for_dsm_15428.yaml	CultureMech:004453	Soy peptone	8.0	G_PER_L	5.0;3.0	value is the sum of differing parts; which one the medium means needs the source recipe
DIFFERING_PARTS	data/normalized_yaml/bacterial/medium_220_modified_for_dsm_15478.yaml	CultureMech:004454	Casein peptone	32.0	G_PER_L	15.0;17.0	value is the sum of differing parts; which one the medium means needs the source recipe
DIFFERING_PARTS	data/normalized_yaml/bacterial/medium_220_modified_for_dsm_15478.yaml	CultureMech:004454	Soy peptone	8.0	G_PER_L	5.0;3.0	value is the sum of differing parts; which one the medium means needs the source recipe
DIFFERING_PARTS	data/normalized_yaml/bacterial/medium_220_modified_for_dsm_15534.yaml	CultureMech:004455	Casein peptone	32.0	G_PER_L	15.0;17.0	value is the sum of differing parts; which one the medium means needs the source recipe
DIFFERING_PARTS	data/normalized_yaml/bacterial/medium_220_modified_for_dsm_15534.yaml	CultureMech:004455	Soy peptone	8.0	G_PER_L	5.0;3.0	value is the sum of differing parts; which one the medium means needs the source recipe
DIFFERING_PARTS	data/normalized_yaml/bacterial/medium_220_modified_for_dsm_15595.yaml	CultureMech:004456	Casein peptone	32.0	G_PER_L	15.0;17.0	value is the sum of differing parts; which one the medium means needs the source recipe
DIFFERING_PARTS	data/normalized_yaml/bacterial/medium_220_modified_for_dsm_15595.yaml	CultureMech:004456	Soy peptone	8.0	G_PER_L	5.0;3.0	value is the sum of differing parts; which one the medium means needs the source recipe
DIFFERING_PARTS	data/normalized_yaml/bacterial/medium_220_modified_for_dsm_15596.yaml	CultureMech:004457	Casein peptone	32.0	G_PER_L	15.0;17.0	value is the sum of differing parts; which one the medium means needs the source recipe
DIFFERING_PARTS	data/normalized_yaml/bacterial/medium_220_modified_for_dsm_15596.yaml	CultureMech:004457	Soy peptone	8.0	G_PER_L	5.0;3.0	value is the sum of differing parts; which one the medium means needs the source recipe
DIFFERING_PARTS	data/normalized_yaml/bacterial/medium_220_modified_for_dsm_15730.yaml	CultureMech:004458	Casein peptone	32.0	G_PER_L	15.0;17.0	value is the sum of differing parts; which one the medium means needs the source recipe
DIFFERING_PARTS	data/normalized_yaml/bacterial/medium_220_modified_for_dsm_15730.yaml	CultureMech:004458	Soy peptone	8.0	G_PER_L	5.0;3.0	value is the sum of differing parts; which one the medium means needs the source recipe
DIFFERING_PARTS	data/normalized_yaml/bacterial/medium_220_modified_for_dsm_15820.yaml	CultureMech:004459	Casein peptone	32.0	G_PER_L	15.0;17.0	value is the sum of differing parts; which one the medium means needs the source recipe
DIFFERING_PARTS	data/normalized_yaml/bacterial/medium_220_modified_for_dsm_15820.yaml	CultureMech:004459	Soy peptone	8.0	G_PER_L	5.0;3.0	value is the sum of differing parts; which one the medium means needs the source recipe
DIFFERING_PARTS	data/normalized_yaml/bacterial/medium_220_modified_for_dsm_15822.yaml	CultureMech:004460	Casein peptone	32.0	G_PER_L	15.0;17.0	value is the sum of differing parts; which one the medium means needs the source recipe
DIFFERING_PARTS	data/normalized_yaml/bacterial/medium_220_modified_for_dsm_15822.yaml	CultureMech:004460	Soy peptone	8.0	G_PER_L	5.0;3.0	value is the sum of differing parts; which one the medium means needs the source recipe
DIFFERING_PARTS	data/normalized_yaml/bacterial/medium_220_modified_for_dsm_15865.yaml	CultureMech:004461	Casein peptone	32.0	G_PER_L	15.0;17.0	value is the sum of differing parts; which one the medium means needs the source recipe
DIFFERING_PARTS	data/normalized_yaml/bacterial/medium_220_modified_for_dsm_15865.yaml	CultureMech:004461	Soy peptone	8.0	G_PER_L	5.0;3.0	value is the sum of differing parts; which one the medium means needs the source recipe
DIFFERING_PARTS	data/normalized_yaml/bacterial/medium_220_modified_for_dsm_15866.yaml	CultureMech:004462	Casein peptone	32.0	G_PER_L	15.0;17.0	value is the sum of differing parts; which one the medium means needs the source recipe
DIFFERING_PARTS	data/normalized_yaml/bacterial/medium_220_modified_for_dsm_15866.yaml	CultureMech:004462	Soy peptone	8.0	G_PER_L	5.0;3.0	value is the sum of differing parts; which one the medium means needs the source recipe
DIFFERING_PARTS	data/normalized_yaml/bacterial/medium_220_modified_for_dsm_16012.yaml	CultureMech:004463	Casein peptone	32.0	G_PER_L	15.0;17.0	value is the sum of differing parts; which one the medium means needs the source recipe
DIFFERING_PARTS	data/normalized_yaml/bacterial/medium_220_modified_for_dsm_16012.yaml	CultureMech:004463	Soy peptone	8.0	G_PER_L	5.0;3.0	value is the sum of differing parts; which one the medium means needs the source recipe
DIFFERING_PARTS	data/normalized_yaml/bacterial/medium_220_modified_for_dsm_16013.yaml	CultureMech:004464	Casein peptone	32.0	G_PER_L	15.0;17.0	value is the sum of differing parts; which one the medium means needs the source recipe
DIFFERING_PARTS	data/normalized_yaml/bacterial/medium_220_modified_for_dsm_16013.yaml	CultureMech:004464	Soy peptone	8.0	G_PER_L	5.0;3.0	value is the sum of differing parts; which one the medium means needs the source recipe
DIFFERING_PARTS	data/normalized_yaml/bacterial/medium_220_modified_for_dsm_16014.yaml	CultureMech:004465	Casein peptone	32.0	G_PER_L	15.0;17.0	value is the sum of differing parts; which one the medium means needs the source recipe
DIFFERING_PARTS	data/normalized_yaml/bacterial/medium_220_modified_for_dsm_16014.yaml	CultureMech:004465	Soy peptone	8.0	G_PER_L	5.0;3.0	value is the sum of differing parts; which one the medium means needs the source recipe
DIFFERING_PARTS	data/normalized_yaml/bacterial/medium_220_modified_for_dsm_16016.yaml	CultureMech:004466	Casein peptone	32.0	G_PER_L	15.0;17.0	value is the sum of differing parts; which one the medium means needs the source recipe
DIFFERING_PARTS	data/normalized_yaml/bacterial/medium_220_modified_for_dsm_16016.yaml	CultureMech:004466	Soy peptone	8.0	G_PER_L	5.0;3.0	value is the sum of differing parts; which one the medium means needs the source recipe
DIFFERING_PARTS	data/normalized_yaml/bacterial/medium_220_modified_for_dsm_16117.yaml	CultureMech:004467	Casein peptone	32.0	G_PER_L	15.0;17.0	value is the sum of differing parts; which one the medium means needs the source recipe
DIFFERING_PARTS	data/normalized_yaml/bacterial/medium_220_modified_for_dsm_16117.yaml	CultureMech:004467	Soy peptone	8.0	G_PER_L	5.0;3.0	value is the sum of differing parts; which one the medium means needs the source recipe
DIFFERING_PARTS	data/normalized_yaml/bacterial/medium_220_modified_for_dsm_16288.yaml	CultureMech:004468	Casein peptone	32.0	G_PER_L	15.0;17.0	value is the sum of differing parts; which one the medium means needs the source recipe
DIFFERING_PARTS	data/normalized_yaml/bacterial/medium_220_modified_for_dsm_16288.yaml	CultureMech:004468	Soy peptone	8.0	G_PER_L	5.0;3.0	value is the sum of differing parts; which one the medium means needs the source recipe
DIFFERING_PARTS	data/normalized_yaml/bacterial/medium_220_modified_for_dsm_16317.yaml	CultureMech:004469	Casein peptone	32.0	G_PER_L	15.0;17.0	value is the sum of differing parts; which one the medium means needs the source recipe
DIFFERING_PARTS	data/normalized_yaml/bacterial/medium_220_modified_for_dsm_16317.yaml	CultureMech:004469	Soy peptone	8.0	G_PER_L	5.0;3.0	value is the sum of differing parts; which one the medium means needs the source recipe
DIFFERING_PARTS	data/normalized_yaml/bacterial/medium_220_modified_for_dsm_16318.yaml	CultureMech:004470	Casein peptone	32.0	G_PER_L	15.0;17.0	value is the sum of differing parts; which one the medium means needs the source recipe
DIFFERING_PARTS	data/normalized_yaml/bacterial/medium_220_modified_for_dsm_16318.yaml	CultureMech:004470	Soy peptone	8.0	G_PER_L	5.0;3.0	value is the sum of differing parts; which one the medium means needs the source recipe
DIFFERING_PARTS	data/normalized_yaml/bacterial/medium_220_modified_for_dsm_16319.yaml	CultureMech:004471	Casein peptone	32.0	G_PER_L	15.0;17.0	value is the sum of differing parts; which one the medium means needs the source recipe
DIFFERING_PARTS	data/normalized_yaml/bacterial/medium_220_modified_for_dsm_16319.yaml	CultureMech:004471	Soy peptone	8.0	G_PER_L	5.0;3.0	value is the sum of differing parts; which one the medium means needs the source recipe
DIFFERING_PARTS	data/normalized_yaml/bacterial/medium_220_modified_for_dsm_16325.yaml	CultureMech:004472	Casein peptone	32.0	G_PER_L	15.0;17.0	value is the sum of differing parts; which one the medium means needs the source recipe
DIFFERING_PARTS	data/normalized_yaml/bacterial/medium_220_modified_for_dsm_16325.yaml	CultureMech:004472	Soy peptone	8.0	G_PER_L	5.0;3.0	value is the sum of differing parts; which one the medium means needs the source recipe
DIFFERING_PARTS	data/normalized_yaml/bacterial/medium_220_modified_for_dsm_16423.yaml	CultureMech:004473	Casein peptone	32.0	G_PER_L	15.0;17.0	value is the sum of differing parts; which one the medium means needs the source recipe
DIFFERING_PARTS	data/normalized_yaml/bacterial/medium_220_modified_for_dsm_16423.yaml	CultureMech:004473	Soy peptone	8.0	G_PER_L	5.0;3.0	value is the sum of differing parts; which one the medium means needs the source recipe
DIFFERING_PARTS	data/normalized_yaml/bacterial/medium_220_modified_for_dsm_16467.yaml	CultureMech:004474	Casein peptone	32.0	G_PER_L	15.0;17.0	value is the sum of differing parts; which one the medium means needs the source recipe
DIFFERING_PARTS	data/normalized_yaml/bacterial/medium_220_modified_for_dsm_16467.yaml	CultureMech:004474	Soy peptone	8.0	G_PER_L	5.0;3.0	value is the sum of differing parts; which one the medium means needs the source recipe
DIFFERING_PARTS	data/normalized_yaml/bacterial/medium_220_modified_for_dsm_16557.yaml	CultureMech:004475	Casein peptone	32.0	G_PER_L	15.0;17.0	value is the sum of differing parts; which one the medium means needs the source recipe
DIFFERING_PARTS	data/normalized_yaml/bacterial/medium_220_modified_for_dsm_16557.yaml	CultureMech:004475	Soy peptone	8.0	G_PER_L	5.0;3.0	value is the sum of differing parts; which one the medium means needs the source recipe
DIFFERING_PARTS	data/normalized_yaml/bacterial/medium_220_modified_for_dsm_16731.yaml	CultureMech:004476	Casein peptone	32.0	G_PER_L	15.0;17.0	value is the sum of differing parts; which one the medium means needs the source recipe
DIFFERING_PARTS	data/normalized_yaml/bacterial/medium_220_modified_for_dsm_16731.yaml	CultureMech:004476	Soy peptone	8.0	G_PER_L	5.0;3.0	value is the sum of differing parts; which one the medium means needs the source recipe
DIFFERING_PARTS	data/normalized_yaml/bacterial/medium_220_modified_for_dsm_16920.yaml	CultureMech:004477	Casein peptone	32.0	G_PER_L	15.0;17.0	value is the sum of differing parts; which one the medium means needs the source recipe
DIFFERING_PARTS	data/normalized_yaml/bacterial/medium_220_modified_for_dsm_16920.yaml	CultureMech:004477	Soy peptone	8.0	G_PER_L	5.0;3.0	value is the sum of differing parts; which one the medium means needs the source recipe
DIFFERING_PARTS	data/normalized_yaml/bacterial/medium_220_modified_for_dsm_16921.yaml	CultureMech:004478	Casein peptone	32.0	G_PER_L	15.0;17.0	value is the sum of differing parts; which one the medium means needs the source recipe
DIFFERING_PARTS	data/normalized_yaml/bacterial/medium_220_modified_for_dsm_16921.yaml	CultureMech:004478	Soy peptone	8.0	G_PER_L	5.0;3.0	value is the sum of differing parts; which one the medium means needs the source recipe
DIFFERING_PARTS	data/normalized_yaml/bacterial/medium_220_modified_for_dsm_16941.yaml	CultureMech:004479	Casein peptone	32.0	G_PER_L	15.0;17.0	value is the sum of differing parts; which one the medium means needs the source recipe
DIFFERING_PARTS	data/normalized_yaml/bacterial/medium_220_modified_for_dsm_16941.yaml	CultureMech:004479	Soy peptone	8.0	G_PER_L	5.0;3.0	value is the sum of differing parts; which one the medium means needs the source recipe
DIFFERING_PARTS	data/normalized_yaml/bacterial/medium_220_modified_for_dsm_16942.yaml	CultureMech:004480	Casein peptone	32.0	G_PER_L	15.0;17.0	value is the sum of differing parts; which one the medium means needs the source recipe
DIFFERING_PARTS	data/normalized_yaml/bacterial/medium_220_modified_for_dsm_16942.yaml	CultureMech:004480	Soy peptone	8.0	G_PER_L	5.0;3.0	value is the sum of differing parts; which one the medium means needs the source recipe
DIFFERING_PARTS	data/normalized_yaml/bacterial/medium_220_modified_for_dsm_16943.yaml	CultureMech:004481	Casein peptone	32.0	G_PER_L	15.0;17.0	value is the sum of differing parts; which one the medium means needs the source recipe
DIFFERING_PARTS	data/normalized_yaml/bacterial/medium_220_modified_for_dsm_16943.yaml	CultureMech:004481	Soy peptone	8.0	G_PER_L	5.0;3.0	value is the sum of differing parts; which one the medium means needs the source recipe
DIFFERING_PARTS	data/normalized_yaml/bacterial/medium_220_modified_for_dsm_16944.yaml	CultureMech:004482	Casein peptone	32.0	G_PER_L	15.0;17.0	value is the sum of differing parts; which one the medium means needs the source recipe
DIFFERING_PARTS	data/normalized_yaml/bacterial/medium_220_modified_for_dsm_16944.yaml	CultureMech:004482	Soy peptone	8.0	G_PER_L	5.0;3.0	value is the sum of differing parts; which one the medium means needs the source recipe
DIFFERING_PARTS	data/normalized_yaml/bacterial/medium_220_modified_for_dsm_16945.yaml	CultureMech:004483	Casein peptone	32.0	G_PER_L	15.0;17.0	value is the sum of differing parts; which one the medium means needs the source recipe
DIFFERING_PARTS	data/normalized_yaml/bacterial/medium_220_modified_for_dsm_16945.yaml	CultureMech:004483	Soy peptone	8.0	G_PER_L	5.0;3.0	value is the sum of differing parts; which one the medium means needs the source recipe
DIFFERING_PARTS	data/normalized_yaml/bacterial/medium_220_modified_for_dsm_16970.yaml	CultureMech:004484	Casein peptone	32.0	G_PER_L	15.0;17.0	value is the sum of differing parts; which one the medium means needs the source recipe
DIFFERING_PARTS	data/normalized_yaml/bacterial/medium_220_modified_for_dsm_16970.yaml	CultureMech:004484	Soy peptone	8.0	G_PER_L	5.0;3.0	value is the sum of differing parts; which one the medium means needs the source recipe
DIFFERING_PARTS	data/normalized_yaml/bacterial/medium_220_modified_for_dsm_16971.yaml	CultureMech:004485	Casein peptone	32.0	G_PER_L	15.0;17.0	value is the sum of differing parts; which one the medium means needs the source recipe
DIFFERING_PARTS	data/normalized_yaml/bacterial/medium_220_modified_for_dsm_16971.yaml	CultureMech:004485	Soy peptone	8.0	G_PER_L	5.0;3.0	value is the sum of differing parts; which one the medium means needs the source recipe
DIFFERING_PARTS	data/normalized_yaml/bacterial/medium_220_modified_for_dsm_17040.yaml	CultureMech:004486	Casein peptone	32.0	G_PER_L	15.0;17.0	value is the sum of differing parts; which one the medium means needs the source recipe
DIFFERING_PARTS	data/normalized_yaml/bacterial/medium_220_modified_for_dsm_17040.yaml	CultureMech:004486	Soy peptone	8.0	G_PER_L	5.0;3.0	value is the sum of differing parts; which one the medium means needs the source recipe
DIFFERING_PARTS	data/normalized_yaml/bacterial/medium_220_modified_for_dsm_17057.yaml	CultureMech:004487	Casein peptone	32.0	G_PER_L	15.0;17.0	value is the sum of differing parts; which one the medium means needs the source recipe
DIFFERING_PARTS	data/normalized_yaml/bacterial/medium_220_modified_for_dsm_17057.yaml	CultureMech:004487	Soy peptone	8.0	G_PER_L	5.0;3.0	value is the sum of differing parts; which one the medium means needs the source recipe
DIFFERING_PARTS	data/normalized_yaml/bacterial/medium_220_modified_for_dsm_17075.yaml	CultureMech:004488	Casein peptone	32.0	G_PER_L	15.0;17.0	value is the sum of differing parts; which one the medium means needs the source recipe
DIFFERING_PARTS	data/normalized_yaml/bacterial/medium_220_modified_for_dsm_17075.yaml	CultureMech:004488	Soy peptone	8.0	G_PER_L	5.0;3.0	value is the sum of differing parts; which one the medium means needs the source recipe
DIFFERING_PARTS	data/normalized_yaml/bacterial/medium_220_modified_for_dsm_17127.yaml	CultureMech:004489	Casein peptone	32.0	G_PER_L	15.0;17.0	value is the sum of differing parts; which one the medium means needs the source recipe
DIFFERING_PARTS	data/normalized_yaml/bacterial/medium_220_modified_for_dsm_17127.yaml	CultureMech:004489	Soy peptone	8.0	G_PER_L	5.0;3.0	value is the sum of differing parts; which one the medium means needs the source recipe
DIFFERING_PARTS	data/normalized_yaml/bacterial/medium_220_modified_for_dsm_17140.yaml	CultureMech:004490	Casein peptone	32.0	G_PER_L	15.0;17.0	value is the sum of differing parts; which one the medium means needs the source recipe
DIFFERING_PARTS	data/normalized_yaml/bacterial/medium_220_modified_for_dsm_17140.yaml	CultureMech:004490	Soy peptone	8.0	G_PER_L	5.0;3.0	value is the sum of differing parts; which one the medium means needs the source recipe
DIFFERING_PARTS	data/normalized_yaml/bacterial/medium_220_modified_for_dsm_17253.yaml	CultureMech:004491	Casein peptone	32.0	G_PER_L	15.0;17.0	value is the sum of differing parts; which one the medium means needs the source recipe
DIFFERING_PARTS	data/normalized_yaml/bacterial/medium_220_modified_for_dsm_17253.yaml	CultureMech:004491	Soy peptone	8.0	G_PER_L	5.0;3.0	value is the sum of differing parts; which one the medium means needs the source recipe
DIFFERING_PARTS	data/normalized_yaml/bacterial/medium_220_modified_for_dsm_17254.yaml	CultureMech:004492	Casein peptone	32.0	G_PER_L	15.0;17.0	value is the sum of differing parts; which one the medium means needs the source recipe
DIFFERING_PARTS	data/normalized_yaml/bacterial/medium_220_modified_for_dsm_17254.yaml	CultureMech:004492	Soy peptone	8.0	G_PER_L	5.0;3.0	value is the sum of differing parts; which one the medium means needs the source recipe
DIFFERING_PARTS	data/normalized_yaml/bacterial/medium_220_modified_for_dsm_17255.yaml	CultureMech:004493	Casein peptone	32.0	G_PER_L	15.0;17.0	value is the sum of differing parts; which one the medium means needs the source recipe
DIFFERING_PARTS	data/normalized_yaml/bacterial/medium_220_modified_for_dsm_17255.yaml	CultureMech:004493	Soy peptone	8.0	G_PER_L	5.0;3.0	value is the sum of differing parts; which one the medium means needs the source recipe
DIFFERING_PARTS	data/normalized_yaml/bacterial/medium_220_modified_for_dsm_17256.yaml	CultureMech:004494	Casein peptone	32.0	G_PER_L	15.0;17.0	value is the sum of differing parts; which one the medium means needs the source recipe
DIFFERING_PARTS	data/normalized_yaml/bacterial/medium_220_modified_for_dsm_17256.yaml	CultureMech:004494	Soy peptone	8.0	G_PER_L	5.0;3.0	value is the sum of differing parts; which one the medium means needs the source recipe
DIFFERING_PARTS	data/normalized_yaml/bacterial/medium_220_modified_for_dsm_17376.yaml	CultureMech:004495	Casein peptone	32.0	G_PER_L	15.0;17.0	value is the sum of differing parts; which one the medium means needs the source recipe
DIFFERING_PARTS	data/normalized_yaml/bacterial/medium_220_modified_for_dsm_17376.yaml	CultureMech:004495	Soy peptone	8.0	G_PER_L	5.0;3.0	value is the sum of differing parts; which one the medium means needs the source recipe
DIFFERING_PARTS	data/normalized_yaml/bacterial/medium_220_modified_for_dsm_17399.yaml	CultureMech:004496	Casein peptone	32.0	G_PER_L	15.0;17.0	value is the sum of differing parts; which one the medium means needs the source recipe
DIFFERING_PARTS	data/normalized_yaml/bacterial/medium_220_modified_for_dsm_17399.yaml	CultureMech:004496	Soy peptone	8.0	G_PER_L	5.0;3.0	value is the sum of differing parts; which one the medium means needs the source recipe
DIFFERING_PARTS	data/normalized_yaml/bacterial/medium_220_modified_for_dsm_17608.yaml	CultureMech:004497	Casein peptone	32.0	G_PER_L	15.0;17.0	value is the sum of differing parts; which one the medium means needs the source recipe
DIFFERING_PARTS	data/normalized_yaml/bacterial/medium_220_modified_for_dsm_17608.yaml	CultureMech:004497	Soy peptone	8.0	G_PER_L	5.0;3.0	value is the sum of differing parts; which one the medium means needs the source recipe
DIFFERING_PARTS	data/normalized_yaml/bacterial/medium_220_modified_for_dsm_17643.yaml	CultureMech:004498	Casein peptone	32.0	G_PER_L	15.0;17.0	value is the sum of differing parts; which one the medium means needs the source recipe
DIFFERING_PARTS	data/normalized_yaml/bacterial/medium_220_modified_for_dsm_17643.yaml	CultureMech:004498	Soy peptone	8.0	G_PER_L	5.0;3.0	value is the sum of differing parts; which one the medium means needs the source recipe
DIFFERING_PARTS	data/normalized_yaml/bacterial/medium_220_modified_for_dsm_17723.yaml	CultureMech:004499	Casein peptone	32.0	G_PER_L	15.0;17.0	value is the sum of differing parts; which one the medium means needs the source recipe
DIFFERING_PARTS	data/normalized_yaml/bacterial/medium_220_modified_for_dsm_17723.yaml	CultureMech:004499	Soy peptone	8.0	G_PER_L	5.0;3.0	value is the sum of differing parts; which one the medium means needs the source recipe
DIFFERING_PARTS	data/normalized_yaml/bacterial/medium_220_modified_for_dsm_17842.yaml	CultureMech:004500	Casein peptone	32.0	G_PER_L	15.0;17.0	value is the sum of differing parts; which one the medium means needs the source recipe
DIFFERING_PARTS	data/normalized_yaml/bacterial/medium_220_modified_for_dsm_17842.yaml	CultureMech:004500	Soy peptone	8.0	G_PER_L	5.0;3.0	value is the sum of differing parts; which one the medium means needs the source recipe
DIFFERING_PARTS	data/normalized_yaml/bacterial/medium_220_modified_for_dsm_18677.yaml	CultureMech:004501	Casein peptone	32.0	G_PER_L	15.0;17.0	value is the sum of differing parts; which one the medium means needs the source recipe
DIFFERING_PARTS	data/normalized_yaml/bacterial/medium_220_modified_for_dsm_18677.yaml	CultureMech:004501	Soy peptone	8.0	G_PER_L	5.0;3.0	value is the sum of differing parts; which one the medium means needs the source recipe
DIFFERING_PARTS	data/normalized_yaml/bacterial/medium_220_modified_for_dsm_18679.yaml	CultureMech:004502	Casein peptone	32.0	G_PER_L	15.0;17.0	value is the sum of differing parts; which one the medium means needs the source recipe
DIFFERING_PARTS	data/normalized_yaml/bacterial/medium_220_modified_for_dsm_18679.yaml	CultureMech:004502	Soy peptone	8.0	G_PER_L	5.0;3.0	value is the sum of differing parts; which one the medium means needs the source recipe
DIFFERING_PARTS	data/normalized_yaml/bacterial/medium_220_modified_for_dsm_18784.yaml	CultureMech:004503	Casein peptone	32.0	G_PER_L	15.0;17.0	value is the sum of differing parts; which one the medium means needs the source recipe
DIFFERING_PARTS	data/normalized_yaml/bacterial/medium_220_modified_for_dsm_18784.yaml	CultureMech:004503	Soy peptone	8.0	G_PER_L	5.0;3.0	value is the sum of differing parts; which one the medium means needs the source recipe
DIFFERING_PARTS	data/normalized_yaml/bacterial/medium_220_modified_for_dsm_18926.yaml	CultureMech:004504	Casein peptone	32.0	G_PER_L	15.0;17.0	value is the sum of differing parts; which one the medium means needs the source recipe
DIFFERING_PARTS	data/normalized_yaml/bacterial/medium_220_modified_for_dsm_18926.yaml	CultureMech:004504	Soy peptone	8.0	G_PER_L	5.0;3.0	value is the sum of differing parts; which one the medium means needs the source recipe
DIFFERING_PARTS	data/normalized_yaml/bacterial/medium_220_modified_for_dsm_19097.yaml	CultureMech:004505	Casein peptone	32.0	G_PER_L	15.0;17.0	value is the sum of differing parts; which one the medium means needs the source recipe
DIFFERING_PARTS	data/normalized_yaml/bacterial/medium_220_modified_for_dsm_19097.yaml	CultureMech:004505	Soy peptone	8.0	G_PER_L	5.0;3.0	value is the sum of differing parts; which one the medium means needs the source recipe
DIFFERING_PARTS	data/normalized_yaml/bacterial/medium_220_modified_for_dsm_19099.yaml	CultureMech:004506	Casein peptone	32.0	G_PER_L	15.0;17.0	value is the sum of differing parts; which one the medium means needs the source recipe
DIFFERING_PARTS	data/normalized_yaml/bacterial/medium_220_modified_for_dsm_19099.yaml	CultureMech:004506	Soy peptone	8.0	G_PER_L	5.0;3.0	value is the sum of differing parts; which one the medium means needs the source recipe
DIFFERING_PARTS	data/normalized_yaml/bacterial/medium_220_modified_for_dsm_19248.yaml	CultureMech:004507	Casein peptone	32.0	G_PER_L	15.0;17.0	value is the sum of differing parts; which one the medium means needs the source recipe
DIFFERING_PARTS	data/normalized_yaml/bacterial/medium_220_modified_for_dsm_19248.yaml	CultureMech:004507	Soy peptone	8.0	G_PER_L	5.0;3.0	value is the sum of differing parts; which one the medium means needs the source recipe
DIFFERING_PARTS	data/normalized_yaml/bacterial/medium_220_modified_for_dsm_19268.yaml	CultureMech:004508	Casein peptone	32.0	G_PER_L	15.0;17.0	value is the sum of differing parts; which one the medium means needs the source recipe
DIFFERING_PARTS	data/normalized_yaml/bacterial/medium_220_modified_for_dsm_19268.yaml	CultureMech:004508	Soy peptone	8.0	G_PER_L	5.0;3.0	value is the sum of differing parts; which one the medium means needs the source recipe
DIFFERING_PARTS	data/normalized_yaml/bacterial/medium_220_modified_for_dsm_19269.yaml	CultureMech:004509	Casein peptone	32.0	G_PER_L	15.0;17.0	value is the sum of differing parts; which one the medium means needs the source recipe
DIFFERING_PARTS	data/normalized_yaml/bacterial/medium_220_modified_for_dsm_19269.yaml	CultureMech:004509	Soy peptone	8.0	G_PER_L	5.0;3.0	value is the sum of differing parts; which one the medium means needs the source recipe
DIFFERING_PARTS	data/normalized_yaml/bacterial/medium_220_modified_for_dsm_19292.yaml	CultureMech:004510	Casein peptone	32.0	G_PER_L	15.0;17.0	value is the sum of differing parts; which one the medium means needs the source recipe
DIFFERING_PARTS	data/normalized_yaml/bacterial/medium_220_modified_for_dsm_19292.yaml	CultureMech:004510	Soy peptone	8.0	G_PER_L	5.0;3.0	value is the sum of differing parts; which one the medium means needs the source recipe
DIFFERING_PARTS	data/normalized_yaml/bacterial/medium_220_modified_for_dsm_19293.yaml	CultureMech:004511	Casein peptone	32.0	G_PER_L	15.0;17.0	value is the sum of differing parts; which one the medium means needs the source recipe
DIFFERING_PARTS	data/normalized_yaml/bacterial/medium_220_modified_for_dsm_19293.yaml	CultureMech:004511	Soy peptone	8.0	G_PER_L	5.0;3.0	value is the sum of differing parts; which one the medium means needs the source recipe
DIFFERING_PARTS	data/normalized_yaml/bacterial/medium_220_modified_for_dsm_19409.yaml	CultureMech:004512	Casein peptone	32.0	G_PER_L	15.0;17.0	value is the sum of differing parts; which one the medium means needs the source recipe
DIFFERING_PARTS	data/normalized_yaml/bacterial/medium_220_modified_for_dsm_19409.yaml	CultureMech:004512	Soy peptone	8.0	G_PER_L	5.0;3.0	value is the sum of differing parts; which one the medium means needs the source recipe
DIFFERING_PARTS	data/normalized_yaml/bacterial/medium_220_modified_for_dsm_19613.yaml	CultureMech:004513	Casein peptone	32.0	G_PER_L	15.0;17.0	value is the sum of differing parts; which one the medium means needs the source recipe
DIFFERING_PARTS	data/normalized_yaml/bacterial/medium_220_modified_for_dsm_19613.yaml	CultureMech:004513	Soy peptone	8.0	G_PER_L	5.0;3.0	value is the sum of differing parts; which one the medium means needs the source recipe
DIFFERING_PARTS	data/normalized_yaml/bacterial/medium_220_modified_for_dsm_21291.yaml	CultureMech:004515	Casein peptone	32.0	G_PER_L	15.0;17.0	value is the sum of differing parts; which one the medium means needs the source recipe
DIFFERING_PARTS	data/normalized_yaml/bacterial/medium_220_modified_for_dsm_21291.yaml	CultureMech:004515	Soy peptone	8.0	G_PER_L	5.0;3.0	value is the sum of differing parts; which one the medium means needs the source recipe
DIFFERING_PARTS	data/normalized_yaml/bacterial/medium_220_modified_for_dsm_21292.yaml	CultureMech:004516	Casein peptone	32.0	G_PER_L	15.0;17.0	value is the sum of differing parts; which one the medium means needs the source recipe
DIFFERING_PARTS	data/normalized_yaml/bacterial/medium_220_modified_for_dsm_21292.yaml	CultureMech:004516	Soy peptone	8.0	G_PER_L	5.0;3.0	value is the sum of differing parts; which one the medium means needs the source recipe
DIFFERING_PARTS	data/normalized_yaml/bacterial/medium_220_modified_for_dsm_21315.yaml	CultureMech:004517	Casein peptone	32.0	G_PER_L	15.0;17.0	value is the sum of differing parts; which one the medium means needs the source recipe
DIFFERING_PARTS	data/normalized_yaml/bacterial/medium_220_modified_for_dsm_21315.yaml	CultureMech:004517	Soy peptone	8.0	G_PER_L	5.0;3.0	value is the sum of differing parts; which one the medium means needs the source recipe
DIFFERING_PARTS	data/normalized_yaml/bacterial/medium_220_modified_for_dsm_21336.yaml	CultureMech:004518	Casein peptone	32.0	G_PER_L	15.0;17.0	value is the sum of differing parts; which one the medium means needs the source recipe
DIFFERING_PARTS	data/normalized_yaml/bacterial/medium_220_modified_for_dsm_21336.yaml	CultureMech:004518	Soy peptone	8.0	G_PER_L	5.0;3.0	value is the sum of differing parts; which one the medium means needs the source recipe
DIFFERING_PARTS	data/normalized_yaml/bacterial/medium_220_modified_for_dsm_21356.yaml	CultureMech:004519	Casein peptone	32.0	G_PER_L	15.0;17.0	value is the sum of differing parts; which one the medium means needs the source recipe
DIFFERING_PARTS	data/normalized_yaml/bacterial/medium_220_modified_for_dsm_21356.yaml	CultureMech:004519	Soy peptone	8.0	G_PER_L	5.0;3.0	value is the sum of differing parts; which one the medium means needs the source recipe
DIFFERING_PARTS	data/normalized_yaml/bacterial/medium_220_modified_for_dsm_21510.yaml	CultureMech:004520	Casein peptone	32.0	G_PER_L	15.0;17.0	value is the sum of differing parts; which one the medium means needs the source recipe
DIFFERING_PARTS	data/normalized_yaml/bacterial/medium_220_modified_for_dsm_21510.yaml	CultureMech:004520	Soy peptone	8.0	G_PER_L	5.0;3.0	value is the sum of differing parts; which one the medium means needs the source recipe
DIFFERING_PARTS	data/normalized_yaml/bacterial/medium_220_modified_for_dsm_21623.yaml	CultureMech:004521	Casein peptone	32.0	G_PER_L	15.0;17.0	value is the sum of differing parts; which one the medium means needs the source recipe
DIFFERING_PARTS	data/normalized_yaml/bacterial/medium_220_modified_for_dsm_21623.yaml	CultureMech:004521	Soy peptone	8.0	G_PER_L	5.0;3.0	value is the sum of differing parts; which one the medium means needs the source recipe
DIFFERING_PARTS	data/normalized_yaml/bacterial/medium_220_modified_for_dsm_21631.yaml	CultureMech:004522	Casein peptone	32.0	G_PER_L	15.0;17.0	value is the sum of differing parts; which one the medium means needs the source recipe
DIFFERING_PARTS	data/normalized_yaml/bacterial/medium_220_modified_for_dsm_21631.yaml	CultureMech:004522	Soy peptone	8.0	G_PER_L	5.0;3.0	value is the sum of differing parts; which one the medium means needs the source recipe
DIFFERING_PARTS	data/normalized_yaml/bacterial/medium_220_modified_for_dsm_21861.yaml	CultureMech:004523	Casein peptone	32.0	G_PER_L	15.0;17.0	value is the sum of differing parts; which one the medium means needs the source recipe
DIFFERING_PARTS	data/normalized_yaml/bacterial/medium_220_modified_for_dsm_21861.yaml	CultureMech:004523	Soy peptone	8.0	G_PER_L	5.0;3.0	value is the sum of differing parts; which one the medium means needs the source recipe
DIFFERING_PARTS	data/normalized_yaml/bacterial/medium_220_modified_for_dsm_21911.yaml	CultureMech:004524	Casein peptone	32.0	G_PER_L	15.0;17.0	value is the sum of differing parts; which one the medium means needs the source recipe
DIFFERING_PARTS	data/normalized_yaml/bacterial/medium_220_modified_for_dsm_21911.yaml	CultureMech:004524	Soy peptone	8.0	G_PER_L	5.0;3.0	value is the sum of differing parts; which one the medium means needs the source recipe
DIFFERING_PARTS	data/normalized_yaml/bacterial/medium_220_modified_for_dsm_21989.yaml	CultureMech:004525	Casein peptone	32.0	G_PER_L	15.0;17.0	value is the sum of differing parts; which one the medium means needs the source recipe
DIFFERING_PARTS	data/normalized_yaml/bacterial/medium_220_modified_for_dsm_21989.yaml	CultureMech:004525	Soy peptone	8.0	G_PER_L	5.0;3.0	value is the sum of differing parts; which one the medium means needs the source recipe
DIFFERING_PARTS	data/normalized_yaml/bacterial/medium_220_modified_for_dsm_21993.yaml	CultureMech:004526	Casein peptone	32.0	G_PER_L	15.0;17.0	value is the sum of differing parts; which one the medium means needs the source recipe
DIFFERING_PARTS	data/normalized_yaml/bacterial/medium_220_modified_for_dsm_21993.yaml	CultureMech:004526	Soy peptone	8.0	G_PER_L	5.0;3.0	value is the sum of differing parts; which one the medium means needs the source recipe
DIFFERING_PARTS	data/normalized_yaml/bacterial/medium_220_modified_for_dsm_22072.yaml	CultureMech:004527	Casein peptone	32.0	G_PER_L	15.0;17.0	value is the sum of differing parts; which one the medium means needs the source recipe
DIFFERING_PARTS	data/normalized_yaml/bacterial/medium_220_modified_for_dsm_22072.yaml	CultureMech:004527	Soy peptone	8.0	G_PER_L	5.0;3.0	value is the sum of differing parts; which one the medium means needs the source recipe
DIFFERING_PARTS	data/normalized_yaml/bacterial/medium_220_modified_for_dsm_22073.yaml	CultureMech:004528	Casein peptone	32.0	G_PER_L	15.0;17.0	value is the sum of differing parts; which one the medium means needs the source recipe
DIFFERING_PARTS	data/normalized_yaml/bacterial/medium_220_modified_for_dsm_22073.yaml	CultureMech:004528	Soy peptone	8.0	G_PER_L	5.0;3.0	value is the sum of differing parts; which one the medium means needs the source recipe
DIFFERING_PARTS	data/normalized_yaml/bacterial/medium_220_modified_for_dsm_22132.yaml	CultureMech:004529	Casein peptone	32.0	G_PER_L	15.0;17.0	value is the sum of differing parts; which one the medium means needs the source recipe
DIFFERING_PARTS	data/normalized_yaml/bacterial/medium_220_modified_for_dsm_22132.yaml	CultureMech:004529	Soy peptone	8.0	G_PER_L	5.0;3.0	value is the sum of differing parts; which one the medium means needs the source recipe
DIFFERING_PARTS	data/normalized_yaml/bacterial/medium_220_modified_for_dsm_22162.yaml	CultureMech:004530	Casein peptone	32.0	G_PER_L	15.0;17.0	value is the sum of differing parts; which one the medium means needs the source recipe
DIFFERING_PARTS	data/normalized_yaml/bacterial/medium_220_modified_for_dsm_22162.yaml	CultureMech:004530	Soy peptone	8.0	G_PER_L	5.0;3.0	value is the sum of differing parts; which one the medium means needs the source recipe
DIFFERING_PARTS	data/normalized_yaml/bacterial/medium_220_modified_for_dsm_22170.yaml	CultureMech:004531	Casein peptone	32.0	G_PER_L	15.0;17.0	value is the sum of differing parts; which one the medium means needs the source recipe
DIFFERING_PARTS	data/normalized_yaml/bacterial/medium_220_modified_for_dsm_22170.yaml	CultureMech:004531	Soy peptone	8.0	G_PER_L	5.0;3.0	value is the sum of differing parts; which one the medium means needs the source recipe
DIFFERING_PARTS	data/normalized_yaml/bacterial/medium_220_modified_for_dsm_22203.yaml	CultureMech:004532	Casein peptone	32.0	G_PER_L	15.0;17.0	value is the sum of differing parts; which one the medium means needs the source recipe
DIFFERING_PARTS	data/normalized_yaml/bacterial/medium_220_modified_for_dsm_22203.yaml	CultureMech:004532	Soy peptone	8.0	G_PER_L	5.0;3.0	value is the sum of differing parts; which one the medium means needs the source recipe
DIFFERING_PARTS	data/normalized_yaml/bacterial/medium_220_modified_for_dsm_22204.yaml	CultureMech:004533	Casein peptone	32.0	G_PER_L	15.0;17.0	value is the sum of differing parts; which one the medium means needs the source recipe
DIFFERING_PARTS	data/normalized_yaml/bacterial/medium_220_modified_for_dsm_22204.yaml	CultureMech:004533	Soy peptone	8.0	G_PER_L	5.0;3.0	value is the sum of differing parts; which one the medium means needs the source recipe
DIFFERING_PARTS	data/normalized_yaml/bacterial/medium_220_modified_for_dsm_22253.yaml	CultureMech:004534	Casein peptone	32.0	G_PER_L	15.0;17.0	value is the sum of differing parts; which one the medium means needs the source recipe
DIFFERING_PARTS	data/normalized_yaml/bacterial/medium_220_modified_for_dsm_22253.yaml	CultureMech:004534	Soy peptone	8.0	G_PER_L	5.0;3.0	value is the sum of differing parts; which one the medium means needs the source recipe
DIFFERING_PARTS	data/normalized_yaml/bacterial/medium_220_modified_for_dsm_22254.yaml	CultureMech:004535	Casein peptone	32.0	G_PER_L	15.0;17.0	value is the sum of differing parts; which one the medium means needs the source recipe
DIFFERING_PARTS	data/normalized_yaml/bacterial/medium_220_modified_for_dsm_22254.yaml	CultureMech:004535	Soy peptone	8.0	G_PER_L	5.0;3.0	value is the sum of differing parts; which one the medium means needs the source recipe
DIFFERING_PARTS	data/normalized_yaml/bacterial/medium_220_modified_for_dsm_22255.yaml	CultureMech:004536	Casein peptone	32.0	G_PER_L	15.0;17.0	value is the sum of differing parts; which one the medium means needs the source recipe
DIFFERING_PARTS	data/normalized_yaml/bacterial/medium_220_modified_for_dsm_22255.yaml	CultureMech:004536	Soy peptone	8.0	G_PER_L	5.0;3.0	value is the sum of differing parts; which one the medium means needs the source recipe
DIFFERING_PARTS	data/normalized_yaml/bacterial/medium_220_modified_for_dsm_22280.yaml	CultureMech:004537	Casein peptone	32.0	G_PER_L	15.0;17.0	value is the sum of differing parts; which one the medium means needs the source recipe
DIFFERING_PARTS	data/normalized_yaml/bacterial/medium_220_modified_for_dsm_22280.yaml	CultureMech:004537	Soy peptone	8.0	G_PER_L	5.0;3.0	value is the sum of differing parts; which one the medium means needs the source recipe
DIFFERING_PARTS	data/normalized_yaml/bacterial/medium_220_modified_for_dsm_22281.yaml	CultureMech:004538	Casein peptone	32.0	G_PER_L	15.0;17.0	value is the sum of differing parts; which one the medium means needs the source recipe
DIFFERING_PARTS	data/normalized_yaml/bacterial/medium_220_modified_for_dsm_22281.yaml	CultureMech:004538	Soy peptone	8.0	G_PER_L	5.0;3.0	value is the sum of differing parts; which one the medium means needs the source recipe
DIFFERING_PARTS	data/normalized_yaml/bacterial/medium_220_modified_for_dsm_22342.yaml	CultureMech:004539	Casein peptone	32.0	G_PER_L	15.0;17.0	value is the sum of differing parts; which one the medium means needs the source recipe
DIFFERING_PARTS	data/normalized_yaml/bacterial/medium_220_modified_for_dsm_22342.yaml	CultureMech:004539	Soy peptone	8.0	G_PER_L	5.0;3.0	value is the sum of differing parts; which one the medium means needs the source recipe
DIFFERING_PARTS	data/normalized_yaml/bacterial/medium_220_modified_for_dsm_22343.yaml	CultureMech:004540	Casein peptone	32.0	G_PER_L	15.0;17.0	value is the sum of differing parts; which one the medium means needs the source recipe
DIFFERING_PARTS	data/normalized_yaml/bacterial/medium_220_modified_for_dsm_22343.yaml	CultureMech:004540	Soy peptone	8.0	G_PER_L	5.0;3.0	value is the sum of differing parts; which one the medium means needs the source recipe
DIFFERING_PARTS	data/normalized_yaml/bacterial/medium_220_modified_for_dsm_22699.yaml	CultureMech:004541	Casein peptone	32.0	G_PER_L	15.0;17.0	value is the sum of differing parts; which one the medium means needs the source recipe
DIFFERING_PARTS	data/normalized_yaml/bacterial/medium_220_modified_for_dsm_22699.yaml	CultureMech:004541	Soy peptone	8.0	G_PER_L	5.0;3.0	value is the sum of differing parts; which one the medium means needs the source recipe
DIFFERING_PARTS	data/normalized_yaml/bacterial/medium_220_modified_for_dsm_22866.yaml	CultureMech:004542	Casein peptone	32.0	G_PER_L	15.0;17.0	value is the sum of differing parts; which one the medium means needs the source recipe
DIFFERING_PARTS	data/normalized_yaml/bacterial/medium_220_modified_for_dsm_22866.yaml	CultureMech:004542	Soy peptone	8.0	G_PER_L	5.0;3.0	value is the sum of differing parts; which one the medium means needs the source recipe
DIFFERING_PARTS	data/normalized_yaml/bacterial/medium_220_modified_for_dsm_22868.yaml	CultureMech:004543	Casein peptone	32.0	G_PER_L	15.0;17.0	value is the sum of differing parts; which one the medium means needs the source recipe
DIFFERING_PARTS	data/normalized_yaml/bacterial/medium_220_modified_for_dsm_22868.yaml	CultureMech:004543	Soy peptone	8.0	G_PER_L	5.0;3.0	value is the sum of differing parts; which one the medium means needs the source recipe
DIFFERING_PARTS	data/normalized_yaml/bacterial/medium_220_modified_for_dsm_22870.yaml	CultureMech:004544	Casein peptone	32.0	G_PER_L	15.0;17.0	value is the sum of differing parts; which one the medium means needs the source recipe
DIFFERING_PARTS	data/normalized_yaml/bacterial/medium_220_modified_for_dsm_22870.yaml	CultureMech:004544	Soy peptone	8.0	G_PER_L	5.0;3.0	value is the sum of differing parts; which one the medium means needs the source recipe
DIFFERING_PARTS	data/normalized_yaml/bacterial/medium_220_modified_for_dsm_22905.yaml	CultureMech:004545	Casein peptone	32.0	G_PER_L	15.0;17.0	value is the sum of differing parts; which one the medium means needs the source recipe
DIFFERING_PARTS	data/normalized_yaml/bacterial/medium_220_modified_for_dsm_22905.yaml	CultureMech:004545	Soy peptone	8.0	G_PER_L	5.0;3.0	value is the sum of differing parts; which one the medium means needs the source recipe
DIFFERING_PARTS	data/normalized_yaml/bacterial/medium_220_modified_for_dsm_22952.yaml	CultureMech:004546	Casein peptone	32.0	G_PER_L	15.0;17.0	value is the sum of differing parts; which one the medium means needs the source recipe
DIFFERING_PARTS	data/normalized_yaml/bacterial/medium_220_modified_for_dsm_22952.yaml	CultureMech:004546	Soy peptone	8.0	G_PER_L	5.0;3.0	value is the sum of differing parts; which one the medium means needs the source recipe
DIFFERING_PARTS	data/normalized_yaml/bacterial/medium_220_modified_for_dsm_22953.yaml	CultureMech:004547	Casein peptone	32.0	G_PER_L	15.0;17.0	value is the sum of differing parts; which one the medium means needs the source recipe
DIFFERING_PARTS	data/normalized_yaml/bacterial/medium_220_modified_for_dsm_22953.yaml	CultureMech:004547	Soy peptone	8.0	G_PER_L	5.0;3.0	value is the sum of differing parts; which one the medium means needs the source recipe
DIFFERING_PARTS	data/normalized_yaml/bacterial/medium_220_modified_for_dsm_22991.yaml	CultureMech:004548	Casein peptone	32.0	G_PER_L	15.0;17.0	value is the sum of differing parts; which one the medium means needs the source recipe
DIFFERING_PARTS	data/normalized_yaml/bacterial/medium_220_modified_for_dsm_22991.yaml	CultureMech:004548	Soy peptone	8.0	G_PER_L	5.0;3.0	value is the sum of differing parts; which one the medium means needs the source recipe
DIFFERING_PARTS	data/normalized_yaml/bacterial/medium_220_modified_for_dsm_23019.yaml	CultureMech:004549	Casein peptone	32.0	G_PER_L	15.0;17.0	value is the sum of differing parts; which one the medium means needs the source recipe
DIFFERING_PARTS	data/normalized_yaml/bacterial/medium_220_modified_for_dsm_23019.yaml	CultureMech:004549	Soy peptone	8.0	G_PER_L	5.0;3.0	value is the sum of differing parts; which one the medium means needs the source recipe
DIFFERING_PARTS	data/normalized_yaml/bacterial/medium_220_modified_for_dsm_23020.yaml	CultureMech:004550	Casein peptone	32.0	G_PER_L	15.0;17.0	value is the sum of differing parts; which one the medium means needs the source recipe
DIFFERING_PARTS	data/normalized_yaml/bacterial/medium_220_modified_for_dsm_23020.yaml	CultureMech:004550	Soy peptone	8.0	G_PER_L	5.0;3.0	value is the sum of differing parts; which one the medium means needs the source recipe
DIFFERING_PARTS	data/normalized_yaml/bacterial/medium_220_modified_for_dsm_23148.yaml	CultureMech:004551	Casein peptone	32.0	G_PER_L	15.0;17.0	value is the sum of differing parts; which one the medium means needs the source recipe
DIFFERING_PARTS	data/normalized_yaml/bacterial/medium_220_modified_for_dsm_23148.yaml	CultureMech:004551	Soy peptone	8.0	G_PER_L	5.0;3.0	value is the sum of differing parts; which one the medium means needs the source recipe
DIFFERING_PARTS	data/normalized_yaml/bacterial/medium_220_modified_for_dsm_23149.yaml	CultureMech:004552	Casein peptone	32.0	G_PER_L	15.0;17.0	value is the sum of differing parts; which one the medium means needs the source recipe
DIFFERING_PARTS	data/normalized_yaml/bacterial/medium_220_modified_for_dsm_23149.yaml	CultureMech:004552	Soy peptone	8.0	G_PER_L	5.0;3.0	value is the sum of differing parts; which one the medium means needs the source recipe
DIFFERING_PARTS	data/normalized_yaml/bacterial/medium_220_modified_for_dsm_23151.yaml	CultureMech:004553	Casein peptone	32.0	G_PER_L	15.0;17.0	value is the sum of differing parts; which one the medium means needs the source recipe
DIFFERING_PARTS	data/normalized_yaml/bacterial/medium_220_modified_for_dsm_23151.yaml	CultureMech:004553	Soy peptone	8.0	G_PER_L	5.0;3.0	value is the sum of differing parts; which one the medium means needs the source recipe
DIFFERING_PARTS	data/normalized_yaml/bacterial/medium_220_modified_for_dsm_23175.yaml	CultureMech:004554	Casein peptone	32.0	G_PER_L	15.0;17.0	value is the sum of differing parts; which one the medium means needs the source recipe
DIFFERING_PARTS	data/normalized_yaml/bacterial/medium_220_modified_for_dsm_23175.yaml	CultureMech:004554	Soy peptone	8.0	G_PER_L	5.0;3.0	value is the sum of differing parts; which one the medium means needs the source recipe
DIFFERING_PARTS	data/normalized_yaml/bacterial/medium_220_modified_for_dsm_23211.yaml	CultureMech:004555	Casein peptone	32.0	G_PER_L	15.0;17.0	value is the sum of differing parts; which one the medium means needs the source recipe
DIFFERING_PARTS	data/normalized_yaml/bacterial/medium_220_modified_for_dsm_23211.yaml	CultureMech:004555	Soy peptone	8.0	G_PER_L	5.0;3.0	value is the sum of differing parts; which one the medium means needs the source recipe
DIFFERING_PARTS	data/normalized_yaml/bacterial/medium_220_modified_for_dsm_23212.yaml	CultureMech:004556	Casein peptone	32.0	G_PER_L	15.0;17.0	value is the sum of differing parts; which one the medium means needs the source recipe
DIFFERING_PARTS	data/normalized_yaml/bacterial/medium_220_modified_for_dsm_23212.yaml	CultureMech:004556	Soy peptone	8.0	G_PER_L	5.0;3.0	value is the sum of differing parts; which one the medium means needs the source recipe
DIFFERING_PARTS	data/normalized_yaml/bacterial/medium_220_modified_for_dsm_23332.yaml	CultureMech:004557	Casein peptone	32.0	G_PER_L	15.0;17.0	value is the sum of differing parts; which one the medium means needs the source recipe
DIFFERING_PARTS	data/normalized_yaml/bacterial/medium_220_modified_for_dsm_23332.yaml	CultureMech:004557	Soy peptone	8.0	G_PER_L	5.0;3.0	value is the sum of differing parts; which one the medium means needs the source recipe
DIFFERING_PARTS	data/normalized_yaml/bacterial/medium_220_modified_for_dsm_23494.yaml	CultureMech:004558	Casein peptone	32.0	G_PER_L	15.0;17.0	value is the sum of differing parts; which one the medium means needs the source recipe
DIFFERING_PARTS	data/normalized_yaml/bacterial/medium_220_modified_for_dsm_23494.yaml	CultureMech:004558	Soy peptone	8.0	G_PER_L	5.0;3.0	value is the sum of differing parts; which one the medium means needs the source recipe
DIFFERING_PARTS	data/normalized_yaml/bacterial/medium_220_modified_for_dsm_23495.yaml	CultureMech:004559	Casein peptone	32.0	G_PER_L	15.0;17.0	value is the sum of differing parts; which one the medium means needs the source recipe
DIFFERING_PARTS	data/normalized_yaml/bacterial/medium_220_modified_for_dsm_23495.yaml	CultureMech:004559	Soy peptone	8.0	G_PER_L	5.0;3.0	value is the sum of differing parts; which one the medium means needs the source recipe
DIFFERING_PARTS	data/normalized_yaml/bacterial/medium_220_modified_for_dsm_23520.yaml	CultureMech:004560	Casein peptone	32.0	G_PER_L	15.0;17.0	value is the sum of differing parts; which one the medium means needs the source recipe
DIFFERING_PARTS	data/normalized_yaml/bacterial/medium_220_modified_for_dsm_23520.yaml	CultureMech:004560	Soy peptone	8.0	G_PER_L	5.0;3.0	value is the sum of differing parts; which one the medium means needs the source recipe
DIFFERING_PARTS	data/normalized_yaml/bacterial/medium_220_modified_for_dsm_23540.yaml	CultureMech:004561	Casein peptone	32.0	G_PER_L	15.0;17.0	value is the sum of differing parts; which one the medium means needs the source recipe
DIFFERING_PARTS	data/normalized_yaml/bacterial/medium_220_modified_for_dsm_23540.yaml	CultureMech:004561	Soy peptone	8.0	G_PER_L	5.0;3.0	value is the sum of differing parts; which one the medium means needs the source recipe
DIFFERING_PARTS	data/normalized_yaml/bacterial/medium_220_modified_for_dsm_23541.yaml	CultureMech:004562	Casein peptone	32.0	G_PER_L	15.0;17.0	value is the sum of differing parts; which one the medium means needs the source recipe
DIFFERING_PARTS	data/normalized_yaml/bacterial/medium_220_modified_for_dsm_23541.yaml	CultureMech:004562	Soy peptone	8.0	G_PER_L	5.0;3.0	value is the sum of differing parts; which one the medium means needs the source recipe
DIFFERING_PARTS	data/normalized_yaml/bacterial/medium_220_modified_for_dsm_23542.yaml	CultureMech:004563	Casein peptone	32.0	G_PER_L	15.0;17.0	value is the sum of differing parts; which one the medium means needs the source recipe
DIFFERING_PARTS	data/normalized_yaml/bacterial/medium_220_modified_for_dsm_23542.yaml	CultureMech:004563	Soy peptone	8.0	G_PER_L	5.0;3.0	value is the sum of differing parts; which one the medium means needs the source recipe
DIFFERING_PARTS	data/normalized_yaml/bacterial/medium_220_modified_for_dsm_23543.yaml	CultureMech:004564	Casein peptone	32.0	G_PER_L	15.0;17.0	value is the sum of differing parts; which one the medium means needs the source recipe
DIFFERING_PARTS	data/normalized_yaml/bacterial/medium_220_modified_for_dsm_23543.yaml	CultureMech:004564	Soy peptone	8.0	G_PER_L	5.0;3.0	value is the sum of differing parts; which one the medium means needs the source recipe
DIFFERING_PARTS	data/normalized_yaml/bacterial/medium_220_modified_for_dsm_23544.yaml	CultureMech:004565	Casein peptone	32.0	G_PER_L	15.0;17.0	value is the sum of differing parts; which one the medium means needs the source recipe
DIFFERING_PARTS	data/normalized_yaml/bacterial/medium_220_modified_for_dsm_23544.yaml	CultureMech:004565	Soy peptone	8.0	G_PER_L	5.0;3.0	value is the sum of differing parts; which one the medium means needs the source recipe
DIFFERING_PARTS	data/normalized_yaml/bacterial/medium_220_modified_for_dsm_23966.yaml	CultureMech:004566	Casein peptone	32.0	G_PER_L	15.0;17.0	value is the sum of differing parts; which one the medium means needs the source recipe
DIFFERING_PARTS	data/normalized_yaml/bacterial/medium_220_modified_for_dsm_23966.yaml	CultureMech:004566	Soy peptone	8.0	G_PER_L	5.0;3.0	value is the sum of differing parts; which one the medium means needs the source recipe
DIFFERING_PARTS	data/normalized_yaml/bacterial/medium_220_modified_for_dsm_25300.yaml	CultureMech:004567	Casein peptone	32.0	G_PER_L	15.0;17.0	value is the sum of differing parts; which one the medium means needs the source recipe
DIFFERING_PARTS	data/normalized_yaml/bacterial/medium_220_modified_for_dsm_25300.yaml	CultureMech:004567	Soy peptone	8.0	G_PER_L	5.0;3.0	value is the sum of differing parts; which one the medium means needs the source recipe
DIFFERING_PARTS	data/normalized_yaml/bacterial/medium_220_modified_for_dsm_33.yaml	CultureMech:004568	Casein peptone	32.0	G_PER_L	15.0;17.0	value is the sum of differing parts; which one the medium means needs the source recipe
DIFFERING_PARTS	data/normalized_yaml/bacterial/medium_220_modified_for_dsm_33.yaml	CultureMech:004568	Soy peptone	8.0	G_PER_L	5.0;3.0	value is the sum of differing parts; which one the medium means needs the source recipe
DIFFERING_PARTS	data/normalized_yaml/bacterial/medium_220_modified_for_dsm_6379.yaml	CultureMech:004569	Casein peptone	32.0	G_PER_L	15.0;17.0	value is the sum of differing parts; which one the medium means needs the source recipe
DIFFERING_PARTS	data/normalized_yaml/bacterial/medium_220_modified_for_dsm_6379.yaml	CultureMech:004569	Soy peptone	8.0	G_PER_L	5.0;3.0	value is the sum of differing parts; which one the medium means needs the source recipe
DIFFERING_PARTS	data/normalized_yaml/bacterial/medium_220_modified_for_dsm_6458.yaml	CultureMech:004570	Casein peptone	32.0	G_PER_L	15.0;17.0	value is the sum of differing parts; which one the medium means needs the source recipe
DIFFERING_PARTS	data/normalized_yaml/bacterial/medium_220_modified_for_dsm_6458.yaml	CultureMech:004570	Soy peptone	8.0	G_PER_L	5.0;3.0	value is the sum of differing parts; which one the medium means needs the source recipe
DIFFERING_PARTS	data/normalized_yaml/bacterial/medium_220_modified_for_dsm_6459.yaml	CultureMech:004571	Casein peptone	32.0	G_PER_L	15.0;17.0	value is the sum of differing parts; which one the medium means needs the source recipe
DIFFERING_PARTS	data/normalized_yaml/bacterial/medium_220_modified_for_dsm_6459.yaml	CultureMech:004571	Soy peptone	8.0	G_PER_L	5.0;3.0	value is the sum of differing parts; which one the medium means needs the source recipe
DIFFERING_PARTS	data/normalized_yaml/bacterial/medium_220_modified_for_dsm_6460.yaml	CultureMech:004572	Casein peptone	32.0	G_PER_L	15.0;17.0	value is the sum of differing parts; which one the medium means needs the source recipe
DIFFERING_PARTS	data/normalized_yaml/bacterial/medium_220_modified_for_dsm_6460.yaml	CultureMech:004572	Soy peptone	8.0	G_PER_L	5.0;3.0	value is the sum of differing parts; which one the medium means needs the source recipe
DIFFERING_PARTS	data/normalized_yaml/bacterial/medium_220_modified_for_dsm_6472.yaml	CultureMech:004573	Casein peptone	32.0	G_PER_L	15.0;17.0	value is the sum of differing parts; which one the medium means needs the source recipe
DIFFERING_PARTS	data/normalized_yaml/bacterial/medium_220_modified_for_dsm_6472.yaml	CultureMech:004573	Soy peptone	8.0	G_PER_L	5.0;3.0	value is the sum of differing parts; which one the medium means needs the source recipe
DIFFERING_PARTS	data/normalized_yaml/bacterial/medium_220_modified_for_dsm_6706.yaml	CultureMech:004574	Casein peptone	32.0	G_PER_L	15.0;17.0	value is the sum of differing parts; which one the medium means needs the source recipe
DIFFERING_PARTS	data/normalized_yaml/bacterial/medium_220_modified_for_dsm_6706.yaml	CultureMech:004574	Soy peptone	8.0	G_PER_L	5.0;3.0	value is the sum of differing parts; which one the medium means needs the source recipe
DIFFERING_PARTS	data/normalized_yaml/bacterial/medium_233_modified_for_dsm_6564.yaml	CultureMech:004608	MgSO4 x 7 H2O	6.37243	G_PER_L	3.37243;3.0	value is the sum of differing parts; which one the medium means needs the source recipe
DIFFERING_PARTS	data/normalized_yaml/bacterial/medium_233_modified_for_dsm_6564.yaml	CultureMech:004608	CaCl2 x 2 H2O	0.236852	G_PER_L	0.136852;0.1	value is the sum of differing parts; which one the medium means needs the source recipe
DIFFERING_PARTS	data/normalized_yaml/bacterial/medium_233_modified_for_dsm_6564.yaml	CultureMech:004608	NaCl	18.5953	G_PER_L	17.5953;1.0	value is the sum of differing parts; which one the medium means needs the source recipe
DIFFERING_PARTS	data/normalized_yaml/bacterial/medium_280_modified_for_dsm_6242.yaml	CultureMech:004732	MgSO4 x 7 H2O	6.40573	G_PER_L	3.40573;3.0	value is the sum of differing parts; which one the medium means needs the source recipe
DIFFERING_PARTS	data/normalized_yaml/bacterial/medium_280_modified_for_dsm_6242.yaml	CultureMech:004732	CaCl2 x 2 H2O	0.238203	G_PER_L	0.138203;0.1	value is the sum of differing parts; which one the medium means needs the source recipe
DIFFERING_PARTS	data/normalized_yaml/bacterial/medium_280_modified_for_dsm_6242.yaml	CultureMech:004732	NaCl	18.769	G_PER_L	17.769;1.0	value is the sum of differing parts; which one the medium means needs the source recipe
DIFFERING_PARTS	data/normalized_yaml/bacterial/medium_282_modified_for_dsm_16983.yaml	CultureMech:004735	CaCl2 x 2 H2O	0.23834	G_PER_L	0.13834;0.1	value is the sum of differing parts; which one the medium means needs the source recipe
DIFFERING_PARTS	data/normalized_yaml/bacterial/medium_282_modified_for_dsm_16983.yaml	CultureMech:004735	MgSO4 x 7 H2O	6.35968	G_PER_L	3.35968;3.0	value is the sum of differing parts; which one the medium means needs the source recipe
DIFFERING_PARTS	data/normalized_yaml/bacterial/medium_282_modified_for_dsm_16983.yaml	CultureMech:004735	NaCl	30.6443	G_PER_L	29.6443;1.0	value is the sum of differing parts; which one the medium means needs the source recipe
DIFFERING_PARTS	data/normalized_yaml/bacterial/medium_282_modified_for_dsm_5666.yaml	CultureMech:004738	CaCl2 x 2 H2O	0.23834	G_PER_L	0.13834;0.1	value is the sum of differing parts; which one the medium means needs the source recipe
DIFFERING_PARTS	data/normalized_yaml/bacterial/medium_282_modified_for_dsm_5666.yaml	CultureMech:004738	MgSO4 x 7 H2O	6.35968	G_PER_L	3.35968;3.0	value is the sum of differing parts; which one the medium means needs the source recipe
DIFFERING_PARTS	data/normalized_yaml/bacterial/medium_282_modified_for_dsm_5666.yaml	CultureMech:004738	NaCl	30.6443	G_PER_L	29.6443;1.0	value is the sum of differing parts; which one the medium means needs the source recipe
DIFFERING_PARTS	data/normalized_yaml/bacterial/medium_343_modified_for_dsm_12029.yaml	CultureMech:005051	NiCl2 x 6 H2O	0.032	G_PER_L	0.002;0.03	value is the sum of differing parts; which one the medium means needs the source recipe
DIFFERING_PARTS	data/normalized_yaml/bacterial/medium_343_modified_for_dsm_12029.yaml	CultureMech:005051	NaCl	48.7	G_PER_L	20.0;1.0;27.7	value is the sum of differing parts; which one the medium means needs the source recipe
DIFFERING_PARTS	data/normalized_yaml/bacterial/medium_343_modified_for_dsm_12029.yaml	CultureMech:005051	MgSO4 x 7 H2O	10.0	G_PER_L	3.0;7.0	value is the sum of differing parts; which one the medium means needs the source recipe
DIFFERING_PARTS	data/normalized_yaml/bacterial/medium_343_modified_for_dsm_12029.yaml	CultureMech:005051	CaCl2 x 2 H2O	2.35	G_PER_L	0.1;2.25	value is the sum of differing parts; which one the medium means needs the source recipe
DIFFERING_PARTS	data/normalized_yaml/bacterial/medium_343_modified_for_dsm_12029.yaml	CultureMech:005051	H3BO3	0.04	G_PER_L	0.01;0.03	value is the sum of differing parts; which one the medium means needs the source recipe
DIFFERING_PARTS	data/normalized_yaml/bacterial/medium_343_modified_for_dsm_5068.yaml	CultureMech:005052	NiCl2 x 6 H2O	0.032	G_PER_L	0.002;0.03	value is the sum of differing parts; which one the medium means needs the source recipe
DIFFERING_PARTS	data/normalized_yaml/bacterial/medium_343_modified_for_dsm_5068.yaml	CultureMech:005052	NaCl	48.7	G_PER_L	20.0;1.0;27.7	value is the sum of differing parts; which one the medium means needs the source recipe
DIFFERING_PARTS	data/normalized_yaml/bacterial/medium_343_modified_for_dsm_5068.yaml	CultureMech:005052	MgSO4 x 7 H2O	10.0	G_PER_L	3.0;7.0	value is the sum of differing parts; which one the medium means needs the source recipe
DIFFERING_PARTS	data/normalized_yaml/bacterial/medium_343_modified_for_dsm_5068.yaml	CultureMech:005052	CaCl2 x 2 H2O	2.35	G_PER_L	0.1;2.25	value is the sum of differing parts; which one the medium means needs the source recipe
DIFFERING_PARTS	data/normalized_yaml/bacterial/medium_343_modified_for_dsm_5068.yaml	CultureMech:005052	H3BO3	0.04	G_PER_L	0.01;0.03	value is the sum of differing parts; which one the medium means needs the source recipe
DIFFERING_PARTS	data/normalized_yaml/bacterial/medium_377_modified_for_dsm_12428.yaml	CultureMech:005109	NaCl	14.5122	G_PER_L	13.5122;1.0	value is the sum of differing parts; which one the medium means needs the source recipe
DIFFERING_PARTS	data/normalized_yaml/bacterial/medium_377_modified_for_dsm_12428.yaml	CultureMech:005109	MgSO4 x 7 H2O	6.41463	G_PER_L	3.41463;3.0	value is the sum of differing parts; which one the medium means needs the source recipe
DIFFERING_PARTS	data/normalized_yaml/bacterial/medium_377_modified_for_dsm_12428.yaml	CultureMech:005109	H3BO3	0.0246341	G_PER_L	0.0146341;0.01	value is the sum of differing parts; which one the medium means needs the source recipe
DIFFERING_PARTS	data/normalized_yaml/bacterial/medium_377_modified_for_dsm_12428.yaml	CultureMech:005109	CaCl2 x 2 H2O	0.831707	G_PER_L	0.731707;0.1	value is the sum of differing parts; which one the medium means needs the source recipe
DIFFERING_PARTS	data/normalized_yaml/bacterial/medium_377_modified_for_dsm_12428.yaml	CultureMech:005109	NiCl2 x 6 H2O	0.03195122	G_PER_L	0.00195122;0.03	value is the sum of differing parts; which one the medium means needs the source recipe
DIFFERING_PARTS	data/normalized_yaml/bacterial/medium_377_modified_for_dsm_13482.yaml	CultureMech:005110	NaCl	14.5122	G_PER_L	13.5122;1.0	value is the sum of differing parts; which one the medium means needs the source recipe
DIFFERING_PARTS	data/normalized_yaml/bacterial/medium_377_modified_for_dsm_13482.yaml	CultureMech:005110	MgSO4 x 7 H2O	6.41463	G_PER_L	3.41463;3.0	value is the sum of differing parts; which one the medium means needs the source recipe
DIFFERING_PARTS	data/normalized_yaml/bacterial/medium_377_modified_for_dsm_13482.yaml	CultureMech:005110	H3BO3	0.0246341	G_PER_L	0.0146341;0.01	value is the sum of differing parts; which one the medium means needs the source recipe
DIFFERING_PARTS	data/normalized_yaml/bacterial/medium_377_modified_for_dsm_13482.yaml	CultureMech:005110	CaCl2 x 2 H2O	0.831707	G_PER_L	0.731707;0.1	value is the sum of differing parts; which one the medium means needs the source recipe
DIFFERING_PARTS	data/normalized_yaml/bacterial/medium_377_modified_for_dsm_13482.yaml	CultureMech:005110	NiCl2 x 6 H2O	0.03195122	G_PER_L	0.00195122;0.03	value is the sum of differing parts; which one the medium means needs the source recipe
DIFFERING_PARTS	data/normalized_yaml/bacterial/medium_377_modified_for_dsm_15127.yaml	CultureMech:005111	NaCl	14.5122	G_PER_L	13.5122;1.0	value is the sum of differing parts; which one the medium means needs the source recipe
DIFFERING_PARTS	data/normalized_yaml/bacterial/medium_377_modified_for_dsm_15127.yaml	CultureMech:005111	MgSO4 x 7 H2O	6.41463	G_PER_L	3.41463;3.0	value is the sum of differing parts; which one the medium means needs the source recipe
DIFFERING_PARTS	data/normalized_yaml/bacterial/medium_377_modified_for_dsm_15127.yaml	CultureMech:005111	H3BO3	0.0246341	G_PER_L	0.0146341;0.01	value is the sum of differing parts; which one the medium means needs the source recipe
DIFFERING_PARTS	data/normalized_yaml/bacterial/medium_377_modified_for_dsm_15127.yaml	CultureMech:005111	CaCl2 x 2 H2O	0.831707	G_PER_L	0.731707;0.1	value is the sum of differing parts; which one the medium means needs the source recipe
DIFFERING_PARTS	data/normalized_yaml/bacterial/medium_377_modified_for_dsm_15127.yaml	CultureMech:005111	NiCl2 x 6 H2O	0.03195122	G_PER_L	0.00195122;0.03	value is the sum of differing parts; which one the medium means needs the source recipe
DIFFERING_PARTS	data/normalized_yaml/bacterial/medium_412_modified_for_dsm_18806.yaml	CultureMech:005234	NaCl	1.5	G_PER_L	0.5;1.0	value is the sum of differing parts; which one the medium means needs the source recipe
DIFFERING_PARTS	data/normalized_yaml/bacterial/medium_412_modified_for_dsm_18806.yaml	CultureMech:005234	MgSO4 x 7 H2O	3.1	G_PER_L	0.1;3.0	value is the sum of differing parts; which one the medium means needs the source recipe
DIFFERING_PARTS	data/normalized_yaml/bacterial/medium_412_modified_for_dsm_18806.yaml	CultureMech:005234	CaCl2 x 2 H2O	0.17	G_PER_L	0.07;0.1	value is the sum of differing parts; which one the medium means needs the source recipe
DIFFERING_PARTS	data/normalized_yaml/bacterial/medium_412_modified_for_dsm_23131.yaml	CultureMech:005235	NaCl	1.5	G_PER_L	0.5;1.0	value is the sum of differing parts; which one the medium means needs the source recipe
DIFFERING_PARTS	data/normalized_yaml/bacterial/medium_412_modified_for_dsm_23131.yaml	CultureMech:005235	MgSO4 x 7 H2O	3.1	G_PER_L	0.1;3.0	value is the sum of differing parts; which one the medium means needs the source recipe
DIFFERING_PARTS	data/normalized_yaml/bacterial/medium_412_modified_for_dsm_23131.yaml	CultureMech:005235	CaCl2 x 2 H2O	0.17	G_PER_L	0.07;0.1	value is the sum of differing parts; which one the medium means needs the source recipe
DIFFERING_PARTS	data/normalized_yaml/bacterial/medium_413_modified_for_dsm_20703.yaml	CultureMech:005237	NaOH	26.0	G_PER_L	25.0;1.0	value is the sum of differing parts; which one the medium means needs the source recipe
DIFFERING_PARTS	data/normalized_yaml/bacterial/medium_413_modified_for_dsm_20703.yaml	CultureMech:005237	Ethanol	959.5	G_PER_L	9.5;950.0	value is the sum of differing parts; which one the medium means needs the source recipe
DIFFERING_PARTS	data/normalized_yaml/bacterial/medium_413_modified_for_dsm_6644.yaml	CultureMech:005238	NaOH	26.0	G_PER_L	25.0;1.0	value is the sum of differing parts; which one the medium means needs the source recipe
DIFFERING_PARTS	data/normalized_yaml/bacterial/medium_413_modified_for_dsm_6644.yaml	CultureMech:005238	Ethanol	959.5	G_PER_L	9.5;950.0	value is the sum of differing parts; which one the medium means needs the source recipe
DIFFERING_PARTS	data/normalized_yaml/bacterial/medium_457_modified_for_dsm_10330.yaml	CultureMech:005307	Agar	50.0	G_PER_L	15.0;15.0;20.0	value is the sum of differing parts; which one the medium means needs the source recipe
COEXISTING_ROW	data/normalized_yaml/bacterial/medium_457_modified_for_dsm_10330.yaml	CultureMech:005307	Agar	50.0;15.0	G_PER_L		2 rows name this ingredient in one record, one of them a merge survivor — a consumer double-counts
DIFFERING_PARTS	data/normalized_yaml/bacterial/medium_457_modified_for_dsm_11019.yaml	CultureMech:005308	Agar	50.0	G_PER_L	15.0;15.0;20.0	value is the sum of differing parts; which one the medium means needs the source recipe
COEXISTING_ROW	data/normalized_yaml/bacterial/medium_457_modified_for_dsm_11019.yaml	CultureMech:005308	Agar	50.0;15.0	G_PER_L		2 rows name this ingredient in one record, one of them a merge survivor — a consumer double-counts
DIFFERING_PARTS	data/normalized_yaml/bacterial/medium_457_modified_for_dsm_11097.yaml	CultureMech:005309	Agar	50.0	G_PER_L	15.0;15.0;20.0	value is the sum of differing parts; which one the medium means needs the source recipe
COEXISTING_ROW	data/normalized_yaml/bacterial/medium_457_modified_for_dsm_11097.yaml	CultureMech:005309	Agar	50.0;15.0	G_PER_L		2 rows name this ingredient in one record, one of them a merge survivor — a consumer double-counts
DIFFERING_PARTS	data/normalized_yaml/bacterial/medium_457_modified_for_dsm_11213.yaml	CultureMech:005310	Agar	50.0	G_PER_L	15.0;15.0;20.0	value is the sum of differing parts; which one the medium means needs the source recipe
COEXISTING_ROW	data/normalized_yaml/bacterial/medium_457_modified_for_dsm_11213.yaml	CultureMech:005310	Agar	50.0;15.0	G_PER_L		2 rows name this ingredient in one record, one of them a merge survivor — a consumer double-counts
DIFFERING_PARTS	data/normalized_yaml/bacterial/medium_457_modified_for_dsm_11214.yaml	CultureMech:005311	Agar	50.0	G_PER_L	15.0;15.0;20.0	value is the sum of differing parts; which one the medium means needs the source recipe
COEXISTING_ROW	data/normalized_yaml/bacterial/medium_457_modified_for_dsm_11214.yaml	CultureMech:005311	Agar	50.0;15.0	G_PER_L		2 rows name this ingredient in one record, one of them a merge survivor — a consumer double-counts
DIFFERING_PARTS	data/normalized_yaml/bacterial/medium_457_modified_for_dsm_11215.yaml	CultureMech:005312	Agar	50.0	G_PER_L	15.0;15.0;20.0	value is the sum of differing parts; which one the medium means needs the source recipe
COEXISTING_ROW	data/normalized_yaml/bacterial/medium_457_modified_for_dsm_11215.yaml	CultureMech:005312	Agar	50.0;15.0	G_PER_L		2 rows name this ingredient in one record, one of them a merge survivor — a consumer double-counts
DIFFERING_PARTS	data/normalized_yaml/bacterial/medium_457_modified_for_dsm_11216.yaml	CultureMech:005313	Agar	50.0	G_PER_L	15.0;15.0;20.0	value is the sum of differing parts; which one the medium means needs the source recipe
COEXISTING_ROW	data/normalized_yaml/bacterial/medium_457_modified_for_dsm_11216.yaml	CultureMech:005313	Agar	50.0;15.0	G_PER_L		2 rows name this ingredient in one record, one of them a merge survivor — a consumer double-counts
DIFFERING_PARTS	data/normalized_yaml/bacterial/medium_457_modified_for_dsm_11217.yaml	CultureMech:005314	Agar	50.0	G_PER_L	15.0;15.0;20.0	value is the sum of differing parts; which one the medium means needs the source recipe
COEXISTING_ROW	data/normalized_yaml/bacterial/medium_457_modified_for_dsm_11217.yaml	CultureMech:005314	Agar	50.0;15.0	G_PER_L		2 rows name this ingredient in one record, one of them a merge survivor — a consumer double-counts
DIFFERING_PARTS	data/normalized_yaml/bacterial/medium_457_modified_for_dsm_11218.yaml	CultureMech:005315	Agar	50.0	G_PER_L	15.0;15.0;20.0	value is the sum of differing parts; which one the medium means needs the source recipe
COEXISTING_ROW	data/normalized_yaml/bacterial/medium_457_modified_for_dsm_11218.yaml	CultureMech:005315	Agar	50.0;15.0	G_PER_L		2 rows name this ingredient in one record, one of them a merge survivor — a consumer double-counts
DIFFERING_PARTS	data/normalized_yaml/bacterial/medium_457_modified_for_dsm_11219.yaml	CultureMech:005316	Agar	50.0	G_PER_L	15.0;15.0;20.0	value is the sum of differing parts; which one the medium means needs the source recipe
COEXISTING_ROW	data/normalized_yaml/bacterial/medium_457_modified_for_dsm_11219.yaml	CultureMech:005316	Agar	50.0;15.0	G_PER_L		2 rows name this ingredient in one record, one of them a merge survivor — a consumer double-counts
DIFFERING_PARTS	data/normalized_yaml/bacterial/medium_457_modified_for_dsm_11220.yaml	CultureMech:005317	Agar	50.0	G_PER_L	15.0;15.0;20.0	value is the sum of differing parts; which one the medium means needs the source recipe
COEXISTING_ROW	data/normalized_yaml/bacterial/medium_457_modified_for_dsm_11220.yaml	CultureMech:005317	Agar	50.0;15.0	G_PER_L		2 rows name this ingredient in one record, one of them a merge survivor — a consumer double-counts
DIFFERING_PARTS	data/normalized_yaml/bacterial/medium_457_modified_for_dsm_11345.yaml	CultureMech:005318	Agar	50.0	G_PER_L	15.0;15.0;20.0	value is the sum of differing parts; which one the medium means needs the source recipe
COEXISTING_ROW	data/normalized_yaml/bacterial/medium_457_modified_for_dsm_11345.yaml	CultureMech:005318	Agar	50.0;15.0	G_PER_L		2 rows name this ingredient in one record, one of them a merge survivor — a consumer double-counts
DIFFERING_PARTS	data/normalized_yaml/bacterial/medium_457_modified_for_dsm_11346.yaml	CultureMech:005319	Agar	50.0	G_PER_L	15.0;15.0;20.0	value is the sum of differing parts; which one the medium means needs the source recipe
COEXISTING_ROW	data/normalized_yaml/bacterial/medium_457_modified_for_dsm_11346.yaml	CultureMech:005319	Agar	50.0;15.0	G_PER_L		2 rows name this ingredient in one record, one of them a merge survivor — a consumer double-counts
DIFFERING_PARTS	data/normalized_yaml/bacterial/medium_457_modified_for_dsm_11531.yaml	CultureMech:005320	Agar	50.0	G_PER_L	15.0;15.0;20.0	value is the sum of differing parts; which one the medium means needs the source recipe
COEXISTING_ROW	data/normalized_yaml/bacterial/medium_457_modified_for_dsm_11531.yaml	CultureMech:005320	Agar	50.0;15.0	G_PER_L		2 rows name this ingredient in one record, one of them a merge survivor — a consumer double-counts
DIFFERING_PARTS	data/normalized_yaml/bacterial/medium_457_modified_for_dsm_11532.yaml	CultureMech:005321	Agar	50.0	G_PER_L	15.0;15.0;20.0	value is the sum of differing parts; which one the medium means needs the source recipe
COEXISTING_ROW	data/normalized_yaml/bacterial/medium_457_modified_for_dsm_11532.yaml	CultureMech:005321	Agar	50.0;15.0	G_PER_L		2 rows name this ingredient in one record, one of them a merge survivor — a consumer double-counts
DIFFERING_PARTS	data/normalized_yaml/bacterial/medium_457_modified_for_dsm_11533.yaml	CultureMech:005322	Agar	50.0	G_PER_L	15.0;15.0;20.0	value is the sum of differing parts; which one the medium means needs the source recipe
COEXISTING_ROW	data/normalized_yaml/bacterial/medium_457_modified_for_dsm_11533.yaml	CultureMech:005322	Agar	50.0;15.0	G_PER_L		2 rows name this ingredient in one record, one of them a merge survivor — a consumer double-counts
DIFFERING_PARTS	data/normalized_yaml/bacterial/medium_457_modified_for_dsm_11535.yaml	CultureMech:005323	Agar	50.0	G_PER_L	15.0;15.0;20.0	value is the sum of differing parts; which one the medium means needs the source recipe
COEXISTING_ROW	data/normalized_yaml/bacterial/medium_457_modified_for_dsm_11535.yaml	CultureMech:005323	Agar	50.0;15.0	G_PER_L		2 rows name this ingredient in one record, one of them a merge survivor — a consumer double-counts
DIFFERING_PARTS	data/normalized_yaml/bacterial/medium_457_modified_for_dsm_11562.yaml	CultureMech:005324	Agar	50.0	G_PER_L	15.0;15.0;20.0	value is the sum of differing parts; which one the medium means needs the source recipe
COEXISTING_ROW	data/normalized_yaml/bacterial/medium_457_modified_for_dsm_11562.yaml	CultureMech:005324	Agar	50.0;15.0	G_PER_L		2 rows name this ingredient in one record, one of them a merge survivor — a consumer double-counts
DIFFERING_PARTS	data/normalized_yaml/bacterial/medium_457_modified_for_dsm_11563.yaml	CultureMech:005325	Agar	50.0	G_PER_L	15.0;15.0;20.0	value is the sum of differing parts; which one the medium means needs the source recipe
COEXISTING_ROW	data/normalized_yaml/bacterial/medium_457_modified_for_dsm_11563.yaml	CultureMech:005325	Agar	50.0;15.0	G_PER_L		2 rows name this ingredient in one record, one of them a merge survivor — a consumer double-counts
DIFFERING_PARTS	data/normalized_yaml/bacterial/medium_457_modified_for_dsm_11564.yaml	CultureMech:005326	Agar	50.0	G_PER_L	15.0;15.0;20.0	value is the sum of differing parts; which one the medium means needs the source recipe
COEXISTING_ROW	data/normalized_yaml/bacterial/medium_457_modified_for_dsm_11564.yaml	CultureMech:005326	Agar	50.0;15.0	G_PER_L		2 rows name this ingredient in one record, one of them a merge survivor — a consumer double-counts
DIFFERING_PARTS	data/normalized_yaml/bacterial/medium_457_modified_for_dsm_11565.yaml	CultureMech:005327	Agar	50.0	G_PER_L	15.0;15.0;20.0	value is the sum of differing parts; which one the medium means needs the source recipe
COEXISTING_ROW	data/normalized_yaml/bacterial/medium_457_modified_for_dsm_11565.yaml	CultureMech:005327	Agar	50.0;15.0	G_PER_L		2 rows name this ingredient in one record, one of them a merge survivor — a consumer double-counts
DIFFERING_PARTS	data/normalized_yaml/bacterial/medium_457_modified_for_dsm_11566.yaml	CultureMech:005328	Agar	50.0	G_PER_L	15.0;15.0;20.0	value is the sum of differing parts; which one the medium means needs the source recipe
COEXISTING_ROW	data/normalized_yaml/bacterial/medium_457_modified_for_dsm_11566.yaml	CultureMech:005328	Agar	50.0;15.0	G_PER_L		2 rows name this ingredient in one record, one of them a merge survivor — a consumer double-counts
DIFFERING_PARTS	data/normalized_yaml/bacterial/medium_457_modified_for_dsm_11567.yaml	CultureMech:005329	Agar	50.0	G_PER_L	15.0;15.0;20.0	value is the sum of differing parts; which one the medium means needs the source recipe
COEXISTING_ROW	data/normalized_yaml/bacterial/medium_457_modified_for_dsm_11567.yaml	CultureMech:005329	Agar	50.0;15.0	G_PER_L		2 rows name this ingredient in one record, one of them a merge survivor — a consumer double-counts
DIFFERING_PARTS	data/normalized_yaml/bacterial/medium_457_modified_for_dsm_11568.yaml	CultureMech:005330	Agar	50.0	G_PER_L	15.0;15.0;20.0	value is the sum of differing parts; which one the medium means needs the source recipe
COEXISTING_ROW	data/normalized_yaml/bacterial/medium_457_modified_for_dsm_11568.yaml	CultureMech:005330	Agar	50.0;15.0	G_PER_L		2 rows name this ingredient in one record, one of them a merge survivor — a consumer double-counts
DIFFERING_PARTS	data/normalized_yaml/bacterial/medium_457_modified_for_dsm_11569.yaml	CultureMech:005331	Agar	50.0	G_PER_L	15.0;15.0;20.0	value is the sum of differing parts; which one the medium means needs the source recipe
COEXISTING_ROW	data/normalized_yaml/bacterial/medium_457_modified_for_dsm_11569.yaml	CultureMech:005331	Agar	50.0;15.0	G_PER_L		2 rows name this ingredient in one record, one of them a merge survivor — a consumer double-counts
DIFFERING_PARTS	data/normalized_yaml/bacterial/medium_457_modified_for_dsm_11570.yaml	CultureMech:005332	Agar	50.0	G_PER_L	15.0;15.0;20.0	value is the sum of differing parts; which one the medium means needs the source recipe
COEXISTING_ROW	data/normalized_yaml/bacterial/medium_457_modified_for_dsm_11570.yaml	CultureMech:005332	Agar	50.0;15.0	G_PER_L		2 rows name this ingredient in one record, one of them a merge survivor — a consumer double-counts
DIFFERING_PARTS	data/normalized_yaml/bacterial/medium_457_modified_for_dsm_11591.yaml	CultureMech:005333	Agar	50.0	G_PER_L	15.0;15.0;20.0	value is the sum of differing parts; which one the medium means needs the source recipe
COEXISTING_ROW	data/normalized_yaml/bacterial/medium_457_modified_for_dsm_11591.yaml	CultureMech:005333	Agar	50.0;15.0	G_PER_L		2 rows name this ingredient in one record, one of them a merge survivor — a consumer double-counts
DIFFERING_PARTS	data/normalized_yaml/bacterial/medium_457_modified_for_dsm_11738.yaml	CultureMech:005334	Agar	50.0	G_PER_L	15.0;15.0;20.0	value is the sum of differing parts; which one the medium means needs the source recipe
COEXISTING_ROW	data/normalized_yaml/bacterial/medium_457_modified_for_dsm_11738.yaml	CultureMech:005334	Agar	50.0;15.0	G_PER_L		2 rows name this ingredient in one record, one of them a merge survivor — a consumer double-counts
DIFFERING_PARTS	data/normalized_yaml/bacterial/medium_457_modified_for_dsm_11850.yaml	CultureMech:005335	Agar	50.0	G_PER_L	15.0;15.0;20.0	value is the sum of differing parts; which one the medium means needs the source recipe
COEXISTING_ROW	data/normalized_yaml/bacterial/medium_457_modified_for_dsm_11850.yaml	CultureMech:005335	Agar	50.0;15.0	G_PER_L		2 rows name this ingredient in one record, one of them a merge survivor — a consumer double-counts
DIFFERING_PARTS	data/normalized_yaml/bacterial/medium_457_modified_for_dsm_12401.yaml	CultureMech:005336	Agar	50.0	G_PER_L	15.0;15.0;20.0	value is the sum of differing parts; which one the medium means needs the source recipe
COEXISTING_ROW	data/normalized_yaml/bacterial/medium_457_modified_for_dsm_12401.yaml	CultureMech:005336	Agar	50.0;15.0	G_PER_L		2 rows name this ingredient in one record, one of them a merge survivor — a consumer double-counts
DIFFERING_PARTS	data/normalized_yaml/bacterial/medium_457_modified_for_dsm_12418.yaml	CultureMech:005337	Agar	50.0	G_PER_L	15.0;15.0;20.0	value is the sum of differing parts; which one the medium means needs the source recipe
COEXISTING_ROW	data/normalized_yaml/bacterial/medium_457_modified_for_dsm_12418.yaml	CultureMech:005337	Agar	50.0;15.0	G_PER_L		2 rows name this ingredient in one record, one of them a merge survivor — a consumer double-counts
DIFFERING_PARTS	data/normalized_yaml/bacterial/medium_457_modified_for_dsm_12444.yaml	CultureMech:005338	Agar	50.0	G_PER_L	15.0;15.0;20.0	value is the sum of differing parts; which one the medium means needs the source recipe
COEXISTING_ROW	data/normalized_yaml/bacterial/medium_457_modified_for_dsm_12444.yaml	CultureMech:005338	Agar	50.0;15.0	G_PER_L		2 rows name this ingredient in one record, one of them a merge survivor — a consumer double-counts
DIFFERING_PARTS	data/normalized_yaml/bacterial/medium_457_modified_for_dsm_12445.yaml	CultureMech:005339	Agar	50.0	G_PER_L	15.0;15.0;20.0	value is the sum of differing parts; which one the medium means needs the source recipe
COEXISTING_ROW	data/normalized_yaml/bacterial/medium_457_modified_for_dsm_12445.yaml	CultureMech:005339	Agar	50.0;15.0	G_PER_L		2 rows name this ingredient in one record, one of them a merge survivor — a consumer double-counts
DIFFERING_PARTS	data/normalized_yaml/bacterial/medium_457_modified_for_dsm_12447.yaml	CultureMech:005340	Agar	50.0	G_PER_L	15.0;15.0;20.0	value is the sum of differing parts; which one the medium means needs the source recipe
COEXISTING_ROW	data/normalized_yaml/bacterial/medium_457_modified_for_dsm_12447.yaml	CultureMech:005340	Agar	50.0;15.0	G_PER_L		2 rows name this ingredient in one record, one of them a merge survivor — a consumer double-counts
DIFFERING_PARTS	data/normalized_yaml/bacterial/medium_457_modified_for_dsm_12448.yaml	CultureMech:005341	Agar	50.0	G_PER_L	15.0;15.0;20.0	value is the sum of differing parts; which one the medium means needs the source recipe
COEXISTING_ROW	data/normalized_yaml/bacterial/medium_457_modified_for_dsm_12448.yaml	CultureMech:005341	Agar	50.0;15.0	G_PER_L		2 rows name this ingredient in one record, one of them a merge survivor — a consumer double-counts
DIFFERING_PARTS	data/normalized_yaml/bacterial/medium_457_modified_for_dsm_12586.yaml	CultureMech:005342	Agar	50.0	G_PER_L	15.0;15.0;20.0	value is the sum of differing parts; which one the medium means needs the source recipe
COEXISTING_ROW	data/normalized_yaml/bacterial/medium_457_modified_for_dsm_12586.yaml	CultureMech:005342	Agar	50.0;15.0	G_PER_L		2 rows name this ingredient in one record, one of them a merge survivor — a consumer double-counts
DIFFERING_PARTS	data/normalized_yaml/bacterial/medium_457_modified_for_dsm_12647.yaml	CultureMech:005343	Agar	50.0	G_PER_L	15.0;15.0;20.0	value is the sum of differing parts; which one the medium means needs the source recipe
COEXISTING_ROW	data/normalized_yaml/bacterial/medium_457_modified_for_dsm_12647.yaml	CultureMech:005343	Agar	50.0;15.0	G_PER_L		2 rows name this ingredient in one record, one of them a merge survivor — a consumer double-counts
DIFFERING_PARTS	data/normalized_yaml/bacterial/medium_457_modified_for_dsm_12677.yaml	CultureMech:005344	Agar	50.0	G_PER_L	15.0;15.0;20.0	value is the sum of differing parts; which one the medium means needs the source recipe
COEXISTING_ROW	data/normalized_yaml/bacterial/medium_457_modified_for_dsm_12677.yaml	CultureMech:005344	Agar	50.0;15.0	G_PER_L		2 rows name this ingredient in one record, one of them a merge survivor — a consumer double-counts
DIFFERING_PARTS	data/normalized_yaml/bacterial/medium_457_modified_for_dsm_12734.yaml	CultureMech:005345	Agar	50.0	G_PER_L	15.0;15.0;20.0	value is the sum of differing parts; which one the medium means needs the source recipe
COEXISTING_ROW	data/normalized_yaml/bacterial/medium_457_modified_for_dsm_12734.yaml	CultureMech:005345	Agar	50.0;15.0	G_PER_L		2 rows name this ingredient in one record, one of them a merge survivor — a consumer double-counts
DIFFERING_PARTS	data/normalized_yaml/bacterial/medium_457_modified_for_dsm_12735.yaml	CultureMech:005346	Agar	50.0	G_PER_L	15.0;15.0;20.0	value is the sum of differing parts; which one the medium means needs the source recipe
COEXISTING_ROW	data/normalized_yaml/bacterial/medium_457_modified_for_dsm_12735.yaml	CultureMech:005346	Agar	50.0;15.0	G_PER_L		2 rows name this ingredient in one record, one of them a merge survivor — a consumer double-counts
DIFFERING_PARTS	data/normalized_yaml/bacterial/medium_457_modified_for_dsm_13225.yaml	CultureMech:005347	Agar	50.0	G_PER_L	15.0;15.0;20.0	value is the sum of differing parts; which one the medium means needs the source recipe
COEXISTING_ROW	data/normalized_yaml/bacterial/medium_457_modified_for_dsm_13225.yaml	CultureMech:005347	Agar	50.0;15.0	G_PER_L		2 rows name this ingredient in one record, one of them a merge survivor — a consumer double-counts
DIFFERING_PARTS	data/normalized_yaml/bacterial/medium_457_modified_for_dsm_13337.yaml	CultureMech:005348	Agar	50.0	G_PER_L	15.0;15.0;20.0	value is the sum of differing parts; which one the medium means needs the source recipe
COEXISTING_ROW	data/normalized_yaml/bacterial/medium_457_modified_for_dsm_13337.yaml	CultureMech:005348	Agar	50.0;15.0	G_PER_L		2 rows name this ingredient in one record, one of them a merge survivor — a consumer double-counts
DIFFERING_PARTS	data/normalized_yaml/bacterial/medium_457_modified_for_dsm_13646.yaml	CultureMech:005349	Agar	50.0	G_PER_L	15.0;15.0;20.0	value is the sum of differing parts; which one the medium means needs the source recipe
COEXISTING_ROW	data/normalized_yaml/bacterial/medium_457_modified_for_dsm_13646.yaml	CultureMech:005349	Agar	50.0;15.0	G_PER_L		2 rows name this ingredient in one record, one of them a merge survivor — a consumer double-counts
DIFFERING_PARTS	data/normalized_yaml/bacterial/medium_457_modified_for_dsm_14157.yaml	CultureMech:005350	Agar	50.0	G_PER_L	15.0;15.0;20.0	value is the sum of differing parts; which one the medium means needs the source recipe
COEXISTING_ROW	data/normalized_yaml/bacterial/medium_457_modified_for_dsm_14157.yaml	CultureMech:005350	Agar	50.0;15.0	G_PER_L		2 rows name this ingredient in one record, one of them a merge survivor — a consumer double-counts
DIFFERING_PARTS	data/normalized_yaml/bacterial/medium_457_modified_for_dsm_14291.yaml	CultureMech:005351	Agar	50.0	G_PER_L	15.0;15.0;20.0	value is the sum of differing parts; which one the medium means needs the source recipe
COEXISTING_ROW	data/normalized_yaml/bacterial/medium_457_modified_for_dsm_14291.yaml	CultureMech:005351	Agar	50.0;15.0	G_PER_L		2 rows name this ingredient in one record, one of them a merge survivor — a consumer double-counts
DIFFERING_PARTS	data/normalized_yaml/bacterial/medium_457_modified_for_dsm_14292.yaml	CultureMech:005352	Agar	50.0	G_PER_L	15.0;15.0;20.0	value is the sum of differing parts; which one the medium means needs the source recipe
COEXISTING_ROW	data/normalized_yaml/bacterial/medium_457_modified_for_dsm_14292.yaml	CultureMech:005352	Agar	50.0;15.0	G_PER_L		2 rows name this ingredient in one record, one of them a merge survivor — a consumer double-counts
DIFFERING_PARTS	data/normalized_yaml/bacterial/medium_457_modified_for_dsm_14576.yaml	CultureMech:005353	Agar	50.0	G_PER_L	15.0;15.0;20.0	value is the sum of differing parts; which one the medium means needs the source recipe
COEXISTING_ROW	data/normalized_yaml/bacterial/medium_457_modified_for_dsm_14576.yaml	CultureMech:005353	Agar	50.0;15.0	G_PER_L		2 rows name this ingredient in one record, one of them a merge survivor — a consumer double-counts
DIFFERING_PARTS	data/normalized_yaml/bacterial/medium_457_modified_for_dsm_14677.yaml	CultureMech:005354	Agar	50.0	G_PER_L	15.0;15.0;20.0	value is the sum of differing parts; which one the medium means needs the source recipe
COEXISTING_ROW	data/normalized_yaml/bacterial/medium_457_modified_for_dsm_14677.yaml	CultureMech:005354	Agar	50.0;15.0	G_PER_L		2 rows name this ingredient in one record, one of them a merge survivor — a consumer double-counts
DIFFERING_PARTS	data/normalized_yaml/bacterial/medium_457_modified_for_dsm_15090.yaml	CultureMech:005355	Agar	50.0	G_PER_L	15.0;15.0;20.0	value is the sum of differing parts; which one the medium means needs the source recipe
COEXISTING_ROW	data/normalized_yaml/bacterial/medium_457_modified_for_dsm_15090.yaml	CultureMech:005355	Agar	50.0;15.0	G_PER_L		2 rows name this ingredient in one record, one of them a merge survivor — a consumer double-counts
DIFFERING_PARTS	data/normalized_yaml/bacterial/medium_457_modified_for_dsm_15091.yaml	CultureMech:005356	Agar	50.0	G_PER_L	15.0;15.0;20.0	value is the sum of differing parts; which one the medium means needs the source recipe
COEXISTING_ROW	data/normalized_yaml/bacterial/medium_457_modified_for_dsm_15091.yaml	CultureMech:005356	Agar	50.0;15.0	G_PER_L		2 rows name this ingredient in one record, one of them a merge survivor — a consumer double-counts
DIFFERING_PARTS	data/normalized_yaml/bacterial/medium_457_modified_for_dsm_15418.yaml	CultureMech:005357	Agar	50.0	G_PER_L	15.0;15.0;20.0	value is the sum of differing parts; which one the medium means needs the source recipe
COEXISTING_ROW	data/normalized_yaml/bacterial/medium_457_modified_for_dsm_15418.yaml	CultureMech:005357	Agar	50.0;15.0	G_PER_L		2 rows name this ingredient in one record, one of them a merge survivor — a consumer double-counts
DIFFERING_PARTS	data/normalized_yaml/bacterial/medium_457_modified_for_dsm_16272.yaml	CultureMech:005358	Agar	50.0	G_PER_L	15.0;15.0;20.0	value is the sum of differing parts; which one the medium means needs the source recipe
COEXISTING_ROW	data/normalized_yaml/bacterial/medium_457_modified_for_dsm_16272.yaml	CultureMech:005358	Agar	50.0;15.0	G_PER_L		2 rows name this ingredient in one record, one of them a merge survivor — a consumer double-counts
DIFFERING_PARTS	data/normalized_yaml/bacterial/medium_457_modified_for_dsm_16273.yaml	CultureMech:005359	Agar	50.0	G_PER_L	15.0;15.0;20.0	value is the sum of differing parts; which one the medium means needs the source recipe
COEXISTING_ROW	data/normalized_yaml/bacterial/medium_457_modified_for_dsm_16273.yaml	CultureMech:005359	Agar	50.0;15.0	G_PER_L		2 rows name this ingredient in one record, one of them a merge survivor — a consumer double-counts
DIFFERING_PARTS	data/normalized_yaml/bacterial/medium_457_modified_for_dsm_16274.yaml	CultureMech:005360	Agar	50.0	G_PER_L	15.0;15.0;20.0	value is the sum of differing parts; which one the medium means needs the source recipe
COEXISTING_ROW	data/normalized_yaml/bacterial/medium_457_modified_for_dsm_16274.yaml	CultureMech:005360	Agar	50.0;15.0	G_PER_L		2 rows name this ingredient in one record, one of them a merge survivor — a consumer double-counts
DIFFERING_PARTS	data/normalized_yaml/bacterial/medium_457_modified_for_dsm_16482.yaml	CultureMech:005361	Agar	50.0	G_PER_L	15.0;15.0;20.0	value is the sum of differing parts; which one the medium means needs the source recipe
COEXISTING_ROW	data/normalized_yaml/bacterial/medium_457_modified_for_dsm_16482.yaml	CultureMech:005361	Agar	50.0;15.0	G_PER_L		2 rows name this ingredient in one record, one of them a merge survivor — a consumer double-counts
DIFFERING_PARTS	data/normalized_yaml/bacterial/medium_457_modified_for_dsm_16503.yaml	CultureMech:005362	Agar	50.0	G_PER_L	15.0;15.0;20.0	value is the sum of differing parts; which one the medium means needs the source recipe
COEXISTING_ROW	data/normalized_yaml/bacterial/medium_457_modified_for_dsm_16503.yaml	CultureMech:005362	Agar	50.0;15.0	G_PER_L		2 rows name this ingredient in one record, one of them a merge survivor — a consumer double-counts
DIFFERING_PARTS	data/normalized_yaml/bacterial/medium_457_modified_for_dsm_16638.yaml	CultureMech:005363	Agar	50.0	G_PER_L	15.0;15.0;20.0	value is the sum of differing parts; which one the medium means needs the source recipe
COEXISTING_ROW	data/normalized_yaml/bacterial/medium_457_modified_for_dsm_16638.yaml	CultureMech:005363	Agar	50.0;15.0	G_PER_L		2 rows name this ingredient in one record, one of them a merge survivor — a consumer double-counts
DIFFERING_PARTS	data/normalized_yaml/bacterial/medium_457_modified_for_dsm_17164.yaml	CultureMech:005364	Agar	50.0	G_PER_L	15.0;15.0;20.0	value is the sum of differing parts; which one the medium means needs the source recipe
COEXISTING_ROW	data/normalized_yaml/bacterial/medium_457_modified_for_dsm_17164.yaml	CultureMech:005364	Agar	50.0;15.0	G_PER_L		2 rows name this ingredient in one record, one of them a merge survivor — a consumer double-counts
DIFFERING_PARTS	data/normalized_yaml/bacterial/medium_457_modified_for_dsm_17367.yaml	CultureMech:005365	Agar	50.0	G_PER_L	15.0;15.0;20.0	value is the sum of differing parts; which one the medium means needs the source recipe
COEXISTING_ROW	data/normalized_yaml/bacterial/medium_457_modified_for_dsm_17367.yaml	CultureMech:005365	Agar	50.0;15.0	G_PER_L		2 rows name this ingredient in one record, one of them a merge survivor — a consumer double-counts
DIFFERING_PARTS	data/normalized_yaml/bacterial/medium_457_modified_for_dsm_17668.yaml	CultureMech:005366	Agar	50.0	G_PER_L	15.0;15.0;20.0	value is the sum of differing parts; which one the medium means needs the source recipe
COEXISTING_ROW	data/normalized_yaml/bacterial/medium_457_modified_for_dsm_17668.yaml	CultureMech:005366	Agar	50.0;15.0	G_PER_L		2 rows name this ingredient in one record, one of them a merge survivor — a consumer double-counts
DIFFERING_PARTS	data/normalized_yaml/bacterial/medium_457_modified_for_dsm_17773.yaml	CultureMech:005367	Agar	50.0	G_PER_L	15.0;15.0;20.0	value is the sum of differing parts; which one the medium means needs the source recipe
COEXISTING_ROW	data/normalized_yaml/bacterial/medium_457_modified_for_dsm_17773.yaml	CultureMech:005367	Agar	50.0;15.0	G_PER_L		2 rows name this ingredient in one record, one of them a merge survivor — a consumer double-counts
DIFFERING_PARTS	data/normalized_yaml/bacterial/medium_457_modified_for_dsm_21786.yaml	CultureMech:005368	Agar	50.0	G_PER_L	15.0;15.0;20.0	value is the sum of differing parts; which one the medium means needs the source recipe
COEXISTING_ROW	data/normalized_yaml/bacterial/medium_457_modified_for_dsm_21786.yaml	CultureMech:005368	Agar	50.0;15.0	G_PER_L		2 rows name this ingredient in one record, one of them a merge survivor — a consumer double-counts
DIFFERING_PARTS	data/normalized_yaml/bacterial/medium_457_modified_for_dsm_22800.yaml	CultureMech:005369	Agar	50.0	G_PER_L	15.0;15.0;20.0	value is the sum of differing parts; which one the medium means needs the source recipe
COEXISTING_ROW	data/normalized_yaml/bacterial/medium_457_modified_for_dsm_22800.yaml	CultureMech:005369	Agar	50.0;15.0	G_PER_L		2 rows name this ingredient in one record, one of them a merge survivor — a consumer double-counts
DIFFERING_PARTS	data/normalized_yaml/bacterial/medium_457_modified_for_dsm_22895.yaml	CultureMech:005370	Agar	50.0	G_PER_L	15.0;15.0;20.0	value is the sum of differing parts; which one the medium means needs the source recipe
COEXISTING_ROW	data/normalized_yaml/bacterial/medium_457_modified_for_dsm_22895.yaml	CultureMech:005370	Agar	50.0;15.0	G_PER_L		2 rows name this ingredient in one record, one of them a merge survivor — a consumer double-counts
DIFFERING_PARTS	data/normalized_yaml/bacterial/medium_457_modified_for_dsm_22896.yaml	CultureMech:005371	Agar	50.0	G_PER_L	15.0;15.0;20.0	value is the sum of differing parts; which one the medium means needs the source recipe
COEXISTING_ROW	data/normalized_yaml/bacterial/medium_457_modified_for_dsm_22896.yaml	CultureMech:005371	Agar	50.0;15.0	G_PER_L		2 rows name this ingredient in one record, one of them a merge survivor — a consumer double-counts
DIFFERING_PARTS	data/normalized_yaml/bacterial/medium_457_modified_for_dsm_22897.yaml	CultureMech:005372	Agar	50.0	G_PER_L	15.0;15.0;20.0	value is the sum of differing parts; which one the medium means needs the source recipe
COEXISTING_ROW	data/normalized_yaml/bacterial/medium_457_modified_for_dsm_22897.yaml	CultureMech:005372	Agar	50.0;15.0	G_PER_L		2 rows name this ingredient in one record, one of them a merge survivor — a consumer double-counts
DIFFERING_PARTS	data/normalized_yaml/bacterial/medium_457_modified_for_dsm_22944.yaml	CultureMech:005373	Agar	50.0	G_PER_L	15.0;15.0;20.0	value is the sum of differing parts; which one the medium means needs the source recipe
COEXISTING_ROW	data/normalized_yaml/bacterial/medium_457_modified_for_dsm_22944.yaml	CultureMech:005373	Agar	50.0;15.0	G_PER_L		2 rows name this ingredient in one record, one of them a merge survivor — a consumer double-counts
DIFFERING_PARTS	data/normalized_yaml/bacterial/medium_457_modified_for_dsm_3226.yaml	CultureMech:005374	Agar	50.0	G_PER_L	15.0;15.0;20.0	value is the sum of differing parts; which one the medium means needs the source recipe
COEXISTING_ROW	data/normalized_yaml/bacterial/medium_457_modified_for_dsm_3226.yaml	CultureMech:005374	Agar	50.0;15.0	G_PER_L		2 rows name this ingredient in one record, one of them a merge survivor — a consumer double-counts
DIFFERING_PARTS	data/normalized_yaml/bacterial/medium_457_modified_for_dsm_6014.yaml	CultureMech:005375	Agar	50.0	G_PER_L	15.0;15.0;20.0	value is the sum of differing parts; which one the medium means needs the source recipe
COEXISTING_ROW	data/normalized_yaml/bacterial/medium_457_modified_for_dsm_6014.yaml	CultureMech:005375	Agar	50.0;15.0	G_PER_L		2 rows name this ingredient in one record, one of them a merge survivor — a consumer double-counts
DIFFERING_PARTS	data/normalized_yaml/bacterial/medium_457_modified_for_dsm_6263.yaml	CultureMech:005376	Agar	50.0	G_PER_L	15.0;15.0;20.0	value is the sum of differing parts; which one the medium means needs the source recipe
COEXISTING_ROW	data/normalized_yaml/bacterial/medium_457_modified_for_dsm_6263.yaml	CultureMech:005376	Agar	50.0;15.0	G_PER_L		2 rows name this ingredient in one record, one of them a merge survivor — a consumer double-counts
DIFFERING_PARTS	data/normalized_yaml/bacterial/medium_457_modified_for_dsm_6264.yaml	CultureMech:005377	Agar	50.0	G_PER_L	15.0;15.0;20.0	value is the sum of differing parts; which one the medium means needs the source recipe
COEXISTING_ROW	data/normalized_yaml/bacterial/medium_457_modified_for_dsm_6264.yaml	CultureMech:005377	Agar	50.0;15.0	G_PER_L		2 rows name this ingredient in one record, one of them a merge survivor — a consumer double-counts
DIFFERING_PARTS	data/normalized_yaml/bacterial/medium_457_modified_for_dsm_6279.yaml	CultureMech:005378	Agar	50.0	G_PER_L	15.0;15.0;20.0	value is the sum of differing parts; which one the medium means needs the source recipe
COEXISTING_ROW	data/normalized_yaml/bacterial/medium_457_modified_for_dsm_6279.yaml	CultureMech:005378	Agar	50.0;15.0	G_PER_L		2 rows name this ingredient in one record, one of them a merge survivor — a consumer double-counts
DIFFERING_PARTS	data/normalized_yaml/bacterial/medium_457_modified_for_dsm_6290.yaml	CultureMech:005379	Agar	50.0	G_PER_L	15.0;15.0;20.0	value is the sum of differing parts; which one the medium means needs the source recipe
COEXISTING_ROW	data/normalized_yaml/bacterial/medium_457_modified_for_dsm_6290.yaml	CultureMech:005379	Agar	50.0;15.0	G_PER_L		2 rows name this ingredient in one record, one of them a merge survivor — a consumer double-counts
DIFFERING_PARTS	data/normalized_yaml/bacterial/medium_457_modified_for_dsm_6308.yaml	CultureMech:005380	Agar	50.0	G_PER_L	15.0;15.0;20.0	value is the sum of differing parts; which one the medium means needs the source recipe
COEXISTING_ROW	data/normalized_yaml/bacterial/medium_457_modified_for_dsm_6308.yaml	CultureMech:005380	Agar	50.0;15.0	G_PER_L		2 rows name this ingredient in one record, one of them a merge survivor — a consumer double-counts
DIFFERING_PARTS	data/normalized_yaml/bacterial/medium_457_modified_for_dsm_6343.yaml	CultureMech:005382	Agar	50.0	G_PER_L	15.0;15.0;20.0	value is the sum of differing parts; which one the medium means needs the source recipe
COEXISTING_ROW	data/normalized_yaml/bacterial/medium_457_modified_for_dsm_6343.yaml	CultureMech:005382	Agar	50.0;15.0	G_PER_L		2 rows name this ingredient in one record, one of them a merge survivor — a consumer double-counts
DIFFERING_PARTS	data/normalized_yaml/bacterial/medium_457_modified_for_dsm_6343_replace_dichloromethane_with_methanol.yaml	CultureMech:005381	Agar	50.0	G_PER_L	15.0;15.0;20.0	value is the sum of differing parts; which one the medium means needs the source recipe
COEXISTING_ROW	data/normalized_yaml/bacterial/medium_457_modified_for_dsm_6343_replace_dichloromethane_with_methanol.yaml	CultureMech:005381	Agar	50.0;15.0	G_PER_L		2 rows name this ingredient in one record, one of them a merge survivor — a consumer double-counts
DIFFERING_PARTS	data/normalized_yaml/bacterial/medium_457_modified_for_dsm_6363.yaml	CultureMech:005383	Agar	50.0	G_PER_L	15.0;15.0;20.0	value is the sum of differing parts; which one the medium means needs the source recipe
COEXISTING_ROW	data/normalized_yaml/bacterial/medium_457_modified_for_dsm_6363.yaml	CultureMech:005383	Agar	50.0;15.0	G_PER_L		2 rows name this ingredient in one record, one of them a merge survivor — a consumer double-counts
DIFFERING_PARTS	data/normalized_yaml/bacterial/medium_457_modified_for_dsm_6377.yaml	CultureMech:005384	Agar	50.0	G_PER_L	15.0;15.0;20.0	value is the sum of differing parts; which one the medium means needs the source recipe
COEXISTING_ROW	data/normalized_yaml/bacterial/medium_457_modified_for_dsm_6377.yaml	CultureMech:005384	Agar	50.0;15.0	G_PER_L		2 rows name this ingredient in one record, one of them a merge survivor — a consumer double-counts
DIFFERING_PARTS	data/normalized_yaml/bacterial/medium_457_modified_for_dsm_6385.yaml	CultureMech:005385	Agar	50.0	G_PER_L	15.0;15.0;20.0	value is the sum of differing parts; which one the medium means needs the source recipe
COEXISTING_ROW	data/normalized_yaml/bacterial/medium_457_modified_for_dsm_6385.yaml	CultureMech:005385	Agar	50.0;15.0	G_PER_L		2 rows name this ingredient in one record, one of them a merge survivor — a consumer double-counts
DIFFERING_PARTS	data/normalized_yaml/bacterial/medium_457_modified_for_dsm_6390.yaml	CultureMech:005386	Agar	50.0	G_PER_L	15.0;15.0;20.0	value is the sum of differing parts; which one the medium means needs the source recipe
COEXISTING_ROW	data/normalized_yaml/bacterial/medium_457_modified_for_dsm_6390.yaml	CultureMech:005386	Agar	50.0;15.0	G_PER_L		2 rows name this ingredient in one record, one of them a merge survivor — a consumer double-counts
DIFFERING_PARTS	data/normalized_yaml/bacterial/medium_457_modified_for_dsm_6391.yaml	CultureMech:005387	Agar	50.0	G_PER_L	15.0;15.0;20.0	value is the sum of differing parts; which one the medium means needs the source recipe
COEXISTING_ROW	data/normalized_yaml/bacterial/medium_457_modified_for_dsm_6391.yaml	CultureMech:005387	Agar	50.0;15.0	G_PER_L		2 rows name this ingredient in one record, one of them a merge survivor — a consumer double-counts
DIFFERING_PARTS	data/normalized_yaml/bacterial/medium_457_modified_for_dsm_6410.yaml	CultureMech:005388	Agar	50.0	G_PER_L	15.0;15.0;20.0	value is the sum of differing parts; which one the medium means needs the source recipe
COEXISTING_ROW	data/normalized_yaml/bacterial/medium_457_modified_for_dsm_6410.yaml	CultureMech:005388	Agar	50.0;15.0	G_PER_L		2 rows name this ingredient in one record, one of them a merge survivor — a consumer double-counts
DIFFERING_PARTS	data/normalized_yaml/bacterial/medium_457_modified_for_dsm_6411.yaml	CultureMech:005389	Agar	50.0	G_PER_L	15.0;15.0;20.0	value is the sum of differing parts; which one the medium means needs the source recipe
COEXISTING_ROW	data/normalized_yaml/bacterial/medium_457_modified_for_dsm_6411.yaml	CultureMech:005389	Agar	50.0;15.0	G_PER_L		2 rows name this ingredient in one record, one of them a merge survivor — a consumer double-counts
DIFFERING_PARTS	data/normalized_yaml/bacterial/medium_457_modified_for_dsm_6413.yaml	CultureMech:005390	Agar	50.0	G_PER_L	15.0;15.0;20.0	value is the sum of differing parts; which one the medium means needs the source recipe
COEXISTING_ROW	data/normalized_yaml/bacterial/medium_457_modified_for_dsm_6413.yaml	CultureMech:005390	Agar	50.0;15.0	G_PER_L		2 rows name this ingredient in one record, one of them a merge survivor — a consumer double-counts
DIFFERING_PARTS	data/normalized_yaml/bacterial/medium_457_modified_for_dsm_6506.yaml	CultureMech:005391	Agar	50.0	G_PER_L	15.0;15.0;20.0	value is the sum of differing parts; which one the medium means needs the source recipe
COEXISTING_ROW	data/normalized_yaml/bacterial/medium_457_modified_for_dsm_6506.yaml	CultureMech:005391	Agar	50.0;15.0	G_PER_L		2 rows name this ingredient in one record, one of them a merge survivor — a consumer double-counts
DIFFERING_PARTS	data/normalized_yaml/bacterial/medium_457_modified_for_dsm_6521.yaml	CultureMech:005392	Agar	50.0	G_PER_L	15.0;15.0;20.0	value is the sum of differing parts; which one the medium means needs the source recipe
COEXISTING_ROW	data/normalized_yaml/bacterial/medium_457_modified_for_dsm_6521.yaml	CultureMech:005392	Agar	50.0;15.0	G_PER_L		2 rows name this ingredient in one record, one of them a merge survivor — a consumer double-counts
DIFFERING_PARTS	data/normalized_yaml/bacterial/medium_457_modified_for_dsm_6538.yaml	CultureMech:005393	Agar	50.0	G_PER_L	15.0;15.0;20.0	value is the sum of differing parts; which one the medium means needs the source recipe
COEXISTING_ROW	data/normalized_yaml/bacterial/medium_457_modified_for_dsm_6538.yaml	CultureMech:005393	Agar	50.0;15.0	G_PER_L		2 rows name this ingredient in one record, one of them a merge survivor — a consumer double-counts
DIFFERING_PARTS	data/normalized_yaml/bacterial/medium_457_modified_for_dsm_6607.yaml	CultureMech:005394	Agar	50.0	G_PER_L	15.0;15.0;20.0	value is the sum of differing parts; which one the medium means needs the source recipe
COEXISTING_ROW	data/normalized_yaml/bacterial/medium_457_modified_for_dsm_6607.yaml	CultureMech:005394	Agar	50.0;15.0	G_PER_L		2 rows name this ingredient in one record, one of them a merge survivor — a consumer double-counts
DIFFERING_PARTS	data/normalized_yaml/bacterial/medium_457_modified_for_dsm_6608.yaml	CultureMech:005395	Agar	50.0	G_PER_L	15.0;15.0;20.0	value is the sum of differing parts; which one the medium means needs the source recipe
COEXISTING_ROW	data/normalized_yaml/bacterial/medium_457_modified_for_dsm_6608.yaml	CultureMech:005395	Agar	50.0;15.0	G_PER_L		2 rows name this ingredient in one record, one of them a merge survivor — a consumer double-counts
DIFFERING_PARTS	data/normalized_yaml/bacterial/medium_457_modified_for_dsm_6609.yaml	CultureMech:005396	Agar	50.0	G_PER_L	15.0;15.0;20.0	value is the sum of differing parts; which one the medium means needs the source recipe
COEXISTING_ROW	data/normalized_yaml/bacterial/medium_457_modified_for_dsm_6609.yaml	CultureMech:005396	Agar	50.0;15.0	G_PER_L		2 rows name this ingredient in one record, one of them a merge survivor — a consumer double-counts
DIFFERING_PARTS	data/normalized_yaml/bacterial/medium_457_modified_for_dsm_6610.yaml	CultureMech:005398	Agar	50.0	G_PER_L	15.0;15.0;20.0	value is the sum of differing parts; which one the medium means needs the source recipe
COEXISTING_ROW	data/normalized_yaml/bacterial/medium_457_modified_for_dsm_6610.yaml	CultureMech:005398	Agar	50.0;15.0	G_PER_L		2 rows name this ingredient in one record, one of them a merge survivor — a consumer double-counts
DIFFERING_PARTS	data/normalized_yaml/bacterial/medium_457_modified_for_dsm_6610_replace_4_hydroxy_benzoate_with_4_fluorobenzoate.yaml	CultureMech:005397	Agar	50.0	G_PER_L	15.0;15.0;20.0	value is the sum of differing parts; which one the medium means needs the source recipe
COEXISTING_ROW	data/normalized_yaml/bacterial/medium_457_modified_for_dsm_6610_replace_4_hydroxy_benzoate_with_4_fluorobenzoate.yaml	CultureMech:005397	Agar	50.0;15.0	G_PER_L		2 rows name this ingredient in one record, one of them a merge survivor — a consumer double-counts
DIFFERING_PARTS	data/normalized_yaml/bacterial/medium_457_modified_for_dsm_6611.yaml	CultureMech:005400	Agar	50.0	G_PER_L	15.0;15.0;20.0	value is the sum of differing parts; which one the medium means needs the source recipe
COEXISTING_ROW	data/normalized_yaml/bacterial/medium_457_modified_for_dsm_6611.yaml	CultureMech:005400	Agar	50.0;15.0	G_PER_L		2 rows name this ingredient in one record, one of them a merge survivor — a consumer double-counts
DIFFERING_PARTS	data/normalized_yaml/bacterial/medium_457_modified_for_dsm_6611_replace_4_hydroxy_benzoate_with_4_fluorobenzoate.yaml	CultureMech:005399	Agar	50.0	G_PER_L	15.0;15.0;20.0	value is the sum of differing parts; which one the medium means needs the source recipe
COEXISTING_ROW	data/normalized_yaml/bacterial/medium_457_modified_for_dsm_6611_replace_4_hydroxy_benzoate_with_4_fluorobenzoate.yaml	CultureMech:005399	Agar	50.0;15.0	G_PER_L		2 rows name this ingredient in one record, one of them a merge survivor — a consumer double-counts
DIFFERING_PARTS	data/normalized_yaml/bacterial/medium_457_modified_for_dsm_6612.yaml	CultureMech:005401	Agar	50.0	G_PER_L	15.0;15.0;20.0	value is the sum of differing parts; which one the medium means needs the source recipe
COEXISTING_ROW	data/normalized_yaml/bacterial/medium_457_modified_for_dsm_6612.yaml	CultureMech:005401	Agar	50.0;15.0	G_PER_L		2 rows name this ingredient in one record, one of them a merge survivor — a consumer double-counts
DIFFERING_PARTS	data/normalized_yaml/bacterial/medium_457_modified_for_dsm_6613.yaml	CultureMech:005402	Agar	50.0	G_PER_L	15.0;15.0;20.0	value is the sum of differing parts; which one the medium means needs the source recipe
COEXISTING_ROW	data/normalized_yaml/bacterial/medium_457_modified_for_dsm_6613.yaml	CultureMech:005402	Agar	50.0;15.0	G_PER_L		2 rows name this ingredient in one record, one of them a merge survivor — a consumer double-counts
DIFFERING_PARTS	data/normalized_yaml/bacterial/medium_457_modified_for_dsm_6695.yaml	CultureMech:005403	Agar	50.0	G_PER_L	15.0;15.0;20.0	value is the sum of differing parts; which one the medium means needs the source recipe
COEXISTING_ROW	data/normalized_yaml/bacterial/medium_457_modified_for_dsm_6695.yaml	CultureMech:005403	Agar	50.0;15.0	G_PER_L		2 rows name this ingredient in one record, one of them a merge survivor — a consumer double-counts
DIFFERING_PARTS	data/normalized_yaml/bacterial/medium_457_modified_for_dsm_6696.yaml	CultureMech:005404	Agar	50.0	G_PER_L	15.0;15.0;20.0	value is the sum of differing parts; which one the medium means needs the source recipe
COEXISTING_ROW	data/normalized_yaml/bacterial/medium_457_modified_for_dsm_6696.yaml	CultureMech:005404	Agar	50.0;15.0	G_PER_L		2 rows name this ingredient in one record, one of them a merge survivor — a consumer double-counts
DIFFERING_PARTS	data/normalized_yaml/bacterial/medium_457_modified_for_dsm_6697.yaml	CultureMech:005405	Agar	50.0	G_PER_L	15.0;15.0;20.0	value is the sum of differing parts; which one the medium means needs the source recipe
COEXISTING_ROW	data/normalized_yaml/bacterial/medium_457_modified_for_dsm_6697.yaml	CultureMech:005405	Agar	50.0;15.0	G_PER_L		2 rows name this ingredient in one record, one of them a merge survivor — a consumer double-counts
DIFFERING_PARTS	data/normalized_yaml/bacterial/medium_457_modified_for_dsm_6706.yaml	CultureMech:005406	Agar	50.0	G_PER_L	15.0;15.0;20.0	value is the sum of differing parts; which one the medium means needs the source recipe
COEXISTING_ROW	data/normalized_yaml/bacterial/medium_457_modified_for_dsm_6706.yaml	CultureMech:005406	Agar	50.0;15.0	G_PER_L		2 rows name this ingredient in one record, one of them a merge survivor — a consumer double-counts
DIFFERING_PARTS	data/normalized_yaml/bacterial/medium_457_modified_for_dsm_6753.yaml	CultureMech:005407	Agar	50.0	G_PER_L	15.0;15.0;20.0	value is the sum of differing parts; which one the medium means needs the source recipe
COEXISTING_ROW	data/normalized_yaml/bacterial/medium_457_modified_for_dsm_6753.yaml	CultureMech:005407	Agar	50.0;15.0	G_PER_L		2 rows name this ingredient in one record, one of them a merge survivor — a consumer double-counts
DIFFERING_PARTS	data/normalized_yaml/bacterial/medium_457_modified_for_dsm_6756.yaml	CultureMech:005409	Agar	50.0	G_PER_L	15.0;15.0;20.0	value is the sum of differing parts; which one the medium means needs the source recipe
COEXISTING_ROW	data/normalized_yaml/bacterial/medium_457_modified_for_dsm_6756.yaml	CultureMech:005409	Agar	50.0;15.0	G_PER_L		2 rows name this ingredient in one record, one of them a merge survivor — a consumer double-counts
DIFFERING_PARTS	data/normalized_yaml/bacterial/medium_457_modified_for_dsm_6756_replace_monochloroacetate_with_dichloroacetate.yaml	CultureMech:005408	Agar	50.0	G_PER_L	15.0;15.0;20.0	value is the sum of differing parts; which one the medium means needs the source recipe
COEXISTING_ROW	data/normalized_yaml/bacterial/medium_457_modified_for_dsm_6756_replace_monochloroacetate_with_dichloroacetate.yaml	CultureMech:005408	Agar	50.0;15.0	G_PER_L		2 rows name this ingredient in one record, one of them a merge survivor — a consumer double-counts
DIFFERING_PARTS	data/normalized_yaml/bacterial/medium_457_modified_for_dsm_6758.yaml	CultureMech:005410	Agar	50.0	G_PER_L	15.0;15.0;20.0	value is the sum of differing parts; which one the medium means needs the source recipe
COEXISTING_ROW	data/normalized_yaml/bacterial/medium_457_modified_for_dsm_6758.yaml	CultureMech:005410	Agar	50.0;15.0	G_PER_L		2 rows name this ingredient in one record, one of them a merge survivor — a consumer double-counts
DIFFERING_PARTS	data/normalized_yaml/bacterial/medium_457_modified_for_dsm_6818.yaml	CultureMech:005411	Agar	50.0	G_PER_L	15.0;15.0;20.0	value is the sum of differing parts; which one the medium means needs the source recipe
COEXISTING_ROW	data/normalized_yaml/bacterial/medium_457_modified_for_dsm_6818.yaml	CultureMech:005411	Agar	50.0;15.0	G_PER_L		2 rows name this ingredient in one record, one of them a merge survivor — a consumer double-counts
DIFFERING_PARTS	data/normalized_yaml/bacterial/medium_457_modified_for_dsm_6837.yaml	CultureMech:005412	Agar	50.0	G_PER_L	15.0;15.0;20.0	value is the sum of differing parts; which one the medium means needs the source recipe
COEXISTING_ROW	data/normalized_yaml/bacterial/medium_457_modified_for_dsm_6837.yaml	CultureMech:005412	Agar	50.0;15.0	G_PER_L		2 rows name this ingredient in one record, one of them a merge survivor — a consumer double-counts
DIFFERING_PARTS	data/normalized_yaml/bacterial/medium_457_modified_for_dsm_6838.yaml	CultureMech:005413	Agar	50.0	G_PER_L	15.0;15.0;20.0	value is the sum of differing parts; which one the medium means needs the source recipe
COEXISTING_ROW	data/normalized_yaml/bacterial/medium_457_modified_for_dsm_6838.yaml	CultureMech:005413	Agar	50.0;15.0	G_PER_L		2 rows name this ingredient in one record, one of them a merge survivor — a consumer double-counts
DIFFERING_PARTS	data/normalized_yaml/bacterial/medium_457_modified_for_dsm_6899.yaml	CultureMech:005414	Agar	50.0	G_PER_L	15.0;15.0;20.0	value is the sum of differing parts; which one the medium means needs the source recipe
COEXISTING_ROW	data/normalized_yaml/bacterial/medium_457_modified_for_dsm_6899.yaml	CultureMech:005414	Agar	50.0;15.0	G_PER_L		2 rows name this ingredient in one record, one of them a merge survivor — a consumer double-counts
DIFFERING_PARTS	data/normalized_yaml/bacterial/medium_457_modified_for_dsm_6900.yaml	CultureMech:005416	Agar	50.0	G_PER_L	15.0;15.0;20.0	value is the sum of differing parts; which one the medium means needs the source recipe
COEXISTING_ROW	data/normalized_yaml/bacterial/medium_457_modified_for_dsm_6900.yaml	CultureMech:005416	Agar	50.0;15.0	G_PER_L		2 rows name this ingredient in one record, one of them a merge survivor — a consumer double-counts
DIFFERING_PARTS	data/normalized_yaml/bacterial/medium_457_modified_for_dsm_6900_replace_naphthalene_with_3_xylene.yaml	CultureMech:005415	Agar	50.0	G_PER_L	15.0;15.0;20.0	value is the sum of differing parts; which one the medium means needs the source recipe
COEXISTING_ROW	data/normalized_yaml/bacterial/medium_457_modified_for_dsm_6900_replace_naphthalene_with_3_xylene.yaml	CultureMech:005415	Agar	50.0;15.0	G_PER_L		2 rows name this ingredient in one record, one of them a merge survivor — a consumer double-counts
DIFFERING_PARTS	data/normalized_yaml/bacterial/medium_457_modified_for_dsm_6978.yaml	CultureMech:005417	Agar	50.0	G_PER_L	15.0;15.0;20.0	value is the sum of differing parts; which one the medium means needs the source recipe
COEXISTING_ROW	data/normalized_yaml/bacterial/medium_457_modified_for_dsm_6978.yaml	CultureMech:005417	Agar	50.0;15.0	G_PER_L		2 rows name this ingredient in one record, one of them a merge survivor — a consumer double-counts
DIFFERING_PARTS	data/normalized_yaml/bacterial/medium_457_modified_for_dsm_7098.yaml	CultureMech:005418	Agar	50.0	G_PER_L	15.0;15.0;20.0	value is the sum of differing parts; which one the medium means needs the source recipe
COEXISTING_ROW	data/normalized_yaml/bacterial/medium_457_modified_for_dsm_7098.yaml	CultureMech:005418	Agar	50.0;15.0	G_PER_L		2 rows name this ingredient in one record, one of them a merge survivor — a consumer double-counts
DIFFERING_PARTS	data/normalized_yaml/bacterial/medium_457_modified_for_dsm_7116.yaml	CultureMech:005419	Agar	50.0	G_PER_L	15.0;15.0;20.0	value is the sum of differing parts; which one the medium means needs the source recipe
COEXISTING_ROW	data/normalized_yaml/bacterial/medium_457_modified_for_dsm_7116.yaml	CultureMech:005419	Agar	50.0;15.0	G_PER_L		2 rows name this ingredient in one record, one of them a merge survivor — a consumer double-counts
DIFFERING_PARTS	data/normalized_yaml/bacterial/medium_457_modified_for_dsm_7122.yaml	CultureMech:005420	Agar	50.0	G_PER_L	15.0;15.0;20.0	value is the sum of differing parts; which one the medium means needs the source recipe
COEXISTING_ROW	data/normalized_yaml/bacterial/medium_457_modified_for_dsm_7122.yaml	CultureMech:005420	Agar	50.0;15.0	G_PER_L		2 rows name this ingredient in one record, one of them a merge survivor — a consumer double-counts
DIFFERING_PARTS	data/normalized_yaml/bacterial/medium_457_modified_for_dsm_7135.yaml	CultureMech:005421	Agar	50.0	G_PER_L	15.0;15.0;20.0	value is the sum of differing parts; which one the medium means needs the source recipe
COEXISTING_ROW	data/normalized_yaml/bacterial/medium_457_modified_for_dsm_7135.yaml	CultureMech:005421	Agar	50.0;15.0	G_PER_L		2 rows name this ingredient in one record, one of them a merge survivor — a consumer double-counts
DIFFERING_PARTS	data/normalized_yaml/bacterial/medium_457_modified_for_dsm_7162.yaml	CultureMech:005422	Agar	50.0	G_PER_L	15.0;15.0;20.0	value is the sum of differing parts; which one the medium means needs the source recipe
COEXISTING_ROW	data/normalized_yaml/bacterial/medium_457_modified_for_dsm_7162.yaml	CultureMech:005422	Agar	50.0;15.0	G_PER_L		2 rows name this ingredient in one record, one of them a merge survivor — a consumer double-counts
DIFFERING_PARTS	data/normalized_yaml/bacterial/medium_457_modified_for_dsm_7189.yaml	CultureMech:005423	Agar	50.0	G_PER_L	15.0;15.0;20.0	value is the sum of differing parts; which one the medium means needs the source recipe
COEXISTING_ROW	data/normalized_yaml/bacterial/medium_457_modified_for_dsm_7189.yaml	CultureMech:005423	Agar	50.0;15.0	G_PER_L		2 rows name this ingredient in one record, one of them a merge survivor — a consumer double-counts
DIFFERING_PARTS	data/normalized_yaml/bacterial/medium_457_modified_for_dsm_7300.yaml	CultureMech:005424	Agar	50.0	G_PER_L	15.0;15.0;20.0	value is the sum of differing parts; which one the medium means needs the source recipe
COEXISTING_ROW	data/normalized_yaml/bacterial/medium_457_modified_for_dsm_7300.yaml	CultureMech:005424	Agar	50.0;15.0	G_PER_L		2 rows name this ingredient in one record, one of them a merge survivor — a consumer double-counts
DIFFERING_PARTS	data/normalized_yaml/bacterial/medium_457_modified_for_dsm_7324.yaml	CultureMech:005425	Agar	50.0	G_PER_L	15.0;15.0;20.0	value is the sum of differing parts; which one the medium means needs the source recipe
COEXISTING_ROW	data/normalized_yaml/bacterial/medium_457_modified_for_dsm_7324.yaml	CultureMech:005425	Agar	50.0;15.0	G_PER_L		2 rows name this ingredient in one record, one of them a merge survivor — a consumer double-counts
DIFFERING_PARTS	data/normalized_yaml/bacterial/medium_457_modified_for_dsm_7325.yaml	CultureMech:005426	Agar	50.0	G_PER_L	15.0;15.0;20.0	value is the sum of differing parts; which one the medium means needs the source recipe
COEXISTING_ROW	data/normalized_yaml/bacterial/medium_457_modified_for_dsm_7325.yaml	CultureMech:005426	Agar	50.0;15.0	G_PER_L		2 rows name this ingredient in one record, one of them a merge survivor — a consumer double-counts
DIFFERING_PARTS	data/normalized_yaml/bacterial/medium_457_modified_for_dsm_7346.yaml	CultureMech:005427	Agar	50.0	G_PER_L	15.0;15.0;20.0	value is the sum of differing parts; which one the medium means needs the source recipe
COEXISTING_ROW	data/normalized_yaml/bacterial/medium_457_modified_for_dsm_7346.yaml	CultureMech:005427	Agar	50.0;15.0	G_PER_L		2 rows name this ingredient in one record, one of them a merge survivor — a consumer double-counts
DIFFERING_PARTS	data/normalized_yaml/bacterial/medium_457_modified_for_dsm_7355.yaml	CultureMech:005428	Agar	50.0	G_PER_L	15.0;15.0;20.0	value is the sum of differing parts; which one the medium means needs the source recipe
COEXISTING_ROW	data/normalized_yaml/bacterial/medium_457_modified_for_dsm_7355.yaml	CultureMech:005428	Agar	50.0;15.0	G_PER_L		2 rows name this ingredient in one record, one of them a merge survivor — a consumer double-counts
DIFFERING_PARTS	data/normalized_yaml/bacterial/medium_457_modified_for_dsm_7390.yaml	CultureMech:005429	Agar	50.0	G_PER_L	15.0;15.0;20.0	value is the sum of differing parts; which one the medium means needs the source recipe
COEXISTING_ROW	data/normalized_yaml/bacterial/medium_457_modified_for_dsm_7390.yaml	CultureMech:005429	Agar	50.0;15.0	G_PER_L		2 rows name this ingredient in one record, one of them a merge survivor — a consumer double-counts
DIFFERING_PARTS	data/normalized_yaml/bacterial/medium_457_modified_for_dsm_7511.yaml	CultureMech:005430	Agar	50.0	G_PER_L	15.0;15.0;20.0	value is the sum of differing parts; which one the medium means needs the source recipe
COEXISTING_ROW	data/normalized_yaml/bacterial/medium_457_modified_for_dsm_7511.yaml	CultureMech:005430	Agar	50.0;15.0	G_PER_L		2 rows name this ingredient in one record, one of them a merge survivor — a consumer double-counts
DIFFERING_PARTS	data/normalized_yaml/bacterial/medium_457_modified_for_dsm_7512.yaml	CultureMech:005431	Agar	50.0	G_PER_L	15.0;15.0;20.0	value is the sum of differing parts; which one the medium means needs the source recipe
COEXISTING_ROW	data/normalized_yaml/bacterial/medium_457_modified_for_dsm_7512.yaml	CultureMech:005431	Agar	50.0;15.0	G_PER_L		2 rows name this ingredient in one record, one of them a merge survivor — a consumer double-counts
DIFFERING_PARTS	data/normalized_yaml/bacterial/medium_457_modified_for_dsm_7516.yaml	CultureMech:005433	Agar	50.0	G_PER_L	15.0;15.0;20.0	value is the sum of differing parts; which one the medium means needs the source recipe
COEXISTING_ROW	data/normalized_yaml/bacterial/medium_457_modified_for_dsm_7516.yaml	CultureMech:005433	Agar	50.0;15.0	G_PER_L		2 rows name this ingredient in one record, one of them a merge survivor — a consumer double-counts
DIFFERING_PARTS	data/normalized_yaml/bacterial/medium_457_modified_for_dsm_7516_replace_chloroacetate_with_fluoroacetate.yaml	CultureMech:005432	Agar	50.0	G_PER_L	15.0;15.0;20.0	value is the sum of differing parts; which one the medium means needs the source recipe
COEXISTING_ROW	data/normalized_yaml/bacterial/medium_457_modified_for_dsm_7516_replace_chloroacetate_with_fluoroacetate.yaml	CultureMech:005432	Agar	50.0;15.0	G_PER_L		2 rows name this ingredient in one record, one of them a merge survivor — a consumer double-counts
DIFFERING_PARTS	data/normalized_yaml/bacterial/medium_457_modified_for_dsm_8219.yaml	CultureMech:005434	Agar	50.0	G_PER_L	15.0;15.0;20.0	value is the sum of differing parts; which one the medium means needs the source recipe
COEXISTING_ROW	data/normalized_yaml/bacterial/medium_457_modified_for_dsm_8219.yaml	CultureMech:005434	Agar	50.0;15.0	G_PER_L		2 rows name this ingredient in one record, one of them a merge survivor — a consumer double-counts
DIFFERING_PARTS	data/normalized_yaml/bacterial/medium_457_modified_for_dsm_8341.yaml	CultureMech:005435	Agar	50.0	G_PER_L	15.0;15.0;20.0	value is the sum of differing parts; which one the medium means needs the source recipe
COEXISTING_ROW	data/normalized_yaml/bacterial/medium_457_modified_for_dsm_8341.yaml	CultureMech:005435	Agar	50.0;15.0	G_PER_L		2 rows name this ingredient in one record, one of them a merge survivor — a consumer double-counts
DIFFERING_PARTS	data/normalized_yaml/bacterial/medium_457_modified_for_dsm_8368.yaml	CultureMech:005436	Agar	50.0	G_PER_L	15.0;15.0;20.0	value is the sum of differing parts; which one the medium means needs the source recipe
COEXISTING_ROW	data/normalized_yaml/bacterial/medium_457_modified_for_dsm_8368.yaml	CultureMech:005436	Agar	50.0;15.0	G_PER_L		2 rows name this ingredient in one record, one of them a merge survivor — a consumer double-counts
DIFFERING_PARTS	data/normalized_yaml/bacterial/medium_457_modified_for_dsm_8369.yaml	CultureMech:005437	Agar	50.0	G_PER_L	15.0;15.0;20.0	value is the sum of differing parts; which one the medium means needs the source recipe
COEXISTING_ROW	data/normalized_yaml/bacterial/medium_457_modified_for_dsm_8369.yaml	CultureMech:005437	Agar	50.0;15.0	G_PER_L		2 rows name this ingredient in one record, one of them a merge survivor — a consumer double-counts
DIFFERING_PARTS	data/normalized_yaml/bacterial/medium_457_modified_for_dsm_8370.yaml	CultureMech:005438	Agar	50.0	G_PER_L	15.0;15.0;20.0	value is the sum of differing parts; which one the medium means needs the source recipe
COEXISTING_ROW	data/normalized_yaml/bacterial/medium_457_modified_for_dsm_8370.yaml	CultureMech:005438	Agar	50.0;15.0	G_PER_L		2 rows name this ingredient in one record, one of them a merge survivor — a consumer double-counts
DIFFERING_PARTS	data/normalized_yaml/bacterial/medium_457_modified_for_dsm_8424.yaml	CultureMech:005439	Agar	50.0	G_PER_L	15.0;15.0;20.0	value is the sum of differing parts; which one the medium means needs the source recipe
COEXISTING_ROW	data/normalized_yaml/bacterial/medium_457_modified_for_dsm_8424.yaml	CultureMech:005439	Agar	50.0;15.0	G_PER_L		2 rows name this ingredient in one record, one of them a merge survivor — a consumer double-counts
DIFFERING_PARTS	data/normalized_yaml/bacterial/medium_457_modified_for_dsm_8425.yaml	CultureMech:005440	Agar	50.0	G_PER_L	15.0;15.0;20.0	value is the sum of differing parts; which one the medium means needs the source recipe
COEXISTING_ROW	data/normalized_yaml/bacterial/medium_457_modified_for_dsm_8425.yaml	CultureMech:005440	Agar	50.0;15.0	G_PER_L		2 rows name this ingredient in one record, one of them a merge survivor — a consumer double-counts
DIFFERING_PARTS	data/normalized_yaml/bacterial/medium_457_modified_for_dsm_8530.yaml	CultureMech:005441	Agar	50.0	G_PER_L	15.0;15.0;20.0	value is the sum of differing parts; which one the medium means needs the source recipe
COEXISTING_ROW	data/normalized_yaml/bacterial/medium_457_modified_for_dsm_8530.yaml	CultureMech:005441	Agar	50.0;15.0	G_PER_L		2 rows name this ingredient in one record, one of them a merge survivor — a consumer double-counts
DIFFERING_PARTS	data/normalized_yaml/bacterial/medium_457_modified_for_dsm_8531.yaml	CultureMech:005442	Agar	50.0	G_PER_L	15.0;15.0;20.0	value is the sum of differing parts; which one the medium means needs the source recipe
COEXISTING_ROW	data/normalized_yaml/bacterial/medium_457_modified_for_dsm_8531.yaml	CultureMech:005442	Agar	50.0;15.0	G_PER_L		2 rows name this ingredient in one record, one of them a merge survivor — a consumer double-counts
DIFFERING_PARTS	data/normalized_yaml/bacterial/medium_457_modified_for_dsm_8542.yaml	CultureMech:005443	Agar	50.0	G_PER_L	15.0;15.0;20.0	value is the sum of differing parts; which one the medium means needs the source recipe
COEXISTING_ROW	data/normalized_yaml/bacterial/medium_457_modified_for_dsm_8542.yaml	CultureMech:005443	Agar	50.0;15.0	G_PER_L		2 rows name this ingredient in one record, one of them a merge survivor — a consumer double-counts
DIFFERING_PARTS	data/normalized_yaml/bacterial/medium_457_modified_for_dsm_8543.yaml	CultureMech:005444	Agar	50.0	G_PER_L	15.0;15.0;20.0	value is the sum of differing parts; which one the medium means needs the source recipe
COEXISTING_ROW	data/normalized_yaml/bacterial/medium_457_modified_for_dsm_8543.yaml	CultureMech:005444	Agar	50.0;15.0	G_PER_L		2 rows name this ingredient in one record, one of them a merge survivor — a consumer double-counts
DIFFERING_PARTS	data/normalized_yaml/bacterial/medium_457_modified_for_dsm_8544.yaml	CultureMech:005445	Agar	50.0	G_PER_L	15.0;15.0;20.0	value is the sum of differing parts; which one the medium means needs the source recipe
COEXISTING_ROW	data/normalized_yaml/bacterial/medium_457_modified_for_dsm_8544.yaml	CultureMech:005445	Agar	50.0;15.0	G_PER_L		2 rows name this ingredient in one record, one of them a merge survivor — a consumer double-counts
DIFFERING_PARTS	data/normalized_yaml/bacterial/medium_457_modified_for_dsm_8566.yaml	CultureMech:005446	Agar	50.0	G_PER_L	15.0;15.0;20.0	value is the sum of differing parts; which one the medium means needs the source recipe
COEXISTING_ROW	data/normalized_yaml/bacterial/medium_457_modified_for_dsm_8566.yaml	CultureMech:005446	Agar	50.0;15.0	G_PER_L		2 rows name this ingredient in one record, one of them a merge survivor — a consumer double-counts
DIFFERING_PARTS	data/normalized_yaml/bacterial/medium_457_modified_for_dsm_8628.yaml	CultureMech:005447	Agar	50.0	G_PER_L	15.0;15.0;20.0	value is the sum of differing parts; which one the medium means needs the source recipe
COEXISTING_ROW	data/normalized_yaml/bacterial/medium_457_modified_for_dsm_8628.yaml	CultureMech:005447	Agar	50.0;15.0	G_PER_L		2 rows name this ingredient in one record, one of them a merge survivor — a consumer double-counts
DIFFERING_PARTS	data/normalized_yaml/bacterial/medium_457_modified_for_dsm_8910.yaml	CultureMech:005448	Agar	50.0	G_PER_L	15.0;15.0;20.0	value is the sum of differing parts; which one the medium means needs the source recipe
COEXISTING_ROW	data/normalized_yaml/bacterial/medium_457_modified_for_dsm_8910.yaml	CultureMech:005448	Agar	50.0;15.0	G_PER_L		2 rows name this ingredient in one record, one of them a merge survivor — a consumer double-counts
DIFFERING_PARTS	data/normalized_yaml/bacterial/medium_457_modified_for_dsm_8924.yaml	CultureMech:005449	Agar	50.0	G_PER_L	15.0;15.0;20.0	value is the sum of differing parts; which one the medium means needs the source recipe
COEXISTING_ROW	data/normalized_yaml/bacterial/medium_457_modified_for_dsm_8924.yaml	CultureMech:005449	Agar	50.0;15.0	G_PER_L		2 rows name this ingredient in one record, one of them a merge survivor — a consumer double-counts
DIFFERING_PARTS	data/normalized_yaml/bacterial/medium_457_modified_for_dsm_9000.yaml	CultureMech:005450	Agar	50.0	G_PER_L	15.0;15.0;20.0	value is the sum of differing parts; which one the medium means needs the source recipe
COEXISTING_ROW	data/normalized_yaml/bacterial/medium_457_modified_for_dsm_9000.yaml	CultureMech:005450	Agar	50.0;15.0	G_PER_L		2 rows name this ingredient in one record, one of them a merge survivor — a consumer double-counts
DIFFERING_PARTS	data/normalized_yaml/bacterial/medium_457_modified_for_dsm_9750.yaml	CultureMech:005451	Agar	50.0	G_PER_L	15.0;15.0;20.0	value is the sum of differing parts; which one the medium means needs the source recipe
COEXISTING_ROW	data/normalized_yaml/bacterial/medium_457_modified_for_dsm_9750.yaml	CultureMech:005451	Agar	50.0;15.0	G_PER_L		2 rows name this ingredient in one record, one of them a merge survivor — a consumer double-counts
DIFFERING_PARTS	data/normalized_yaml/bacterial/medium_457_modified_for_dsm_9751.yaml	CultureMech:005452	Agar	50.0	G_PER_L	15.0;15.0;20.0	value is the sum of differing parts; which one the medium means needs the source recipe
COEXISTING_ROW	data/normalized_yaml/bacterial/medium_457_modified_for_dsm_9751.yaml	CultureMech:005452	Agar	50.0;15.0	G_PER_L		2 rows name this ingredient in one record, one of them a merge survivor — a consumer double-counts
DIFFERING_PARTS	data/normalized_yaml/bacterial/medium_457_modified_for_dsm_9958.yaml	CultureMech:005453	Agar	50.0	G_PER_L	15.0;15.0;20.0	value is the sum of differing parts; which one the medium means needs the source recipe
COEXISTING_ROW	data/normalized_yaml/bacterial/medium_457_modified_for_dsm_9958.yaml	CultureMech:005453	Agar	50.0;15.0	G_PER_L		2 rows name this ingredient in one record, one of them a merge survivor — a consumer double-counts
DIFFERING_PARTS	data/normalized_yaml/bacterial/medium_457_modified_for_dsm_9959.yaml	CultureMech:005454	Agar	50.0	G_PER_L	15.0;15.0;20.0	value is the sum of differing parts; which one the medium means needs the source recipe
COEXISTING_ROW	data/normalized_yaml/bacterial/medium_457_modified_for_dsm_9959.yaml	CultureMech:005454	Agar	50.0;15.0	G_PER_L		2 rows name this ingredient in one record, one of them a merge survivor — a consumer double-counts
DIFFERING_PARTS	data/normalized_yaml/bacterial/medium_462_modified_for_dsm_11192.yaml	CultureMech:005484	Agar	50.0	G_PER_L	15.0;15.0;20.0	value is the sum of differing parts; which one the medium means needs the source recipe
COEXISTING_ROW	data/normalized_yaml/bacterial/medium_462_modified_for_dsm_11192.yaml	CultureMech:005484	Agar	50.0;15.0	G_PER_L		2 rows name this ingredient in one record, one of them a merge survivor — a consumer double-counts
DIFFERING_PARTS	data/normalized_yaml/bacterial/medium_462_modified_for_dsm_13439.yaml	CultureMech:005485	Agar	50.0	G_PER_L	15.0;15.0;20.0	value is the sum of differing parts; which one the medium means needs the source recipe
COEXISTING_ROW	data/normalized_yaml/bacterial/medium_462_modified_for_dsm_13439.yaml	CultureMech:005485	Agar	50.0;15.0	G_PER_L		2 rows name this ingredient in one record, one of them a merge survivor — a consumer double-counts
DIFFERING_PARTS	data/normalized_yaml/bacterial/medium_462_modified_for_dsm_13620.yaml	CultureMech:005486	Agar	50.0	G_PER_L	15.0;15.0;20.0	value is the sum of differing parts; which one the medium means needs the source recipe
COEXISTING_ROW	data/normalized_yaml/bacterial/medium_462_modified_for_dsm_13620.yaml	CultureMech:005486	Agar	50.0;15.0	G_PER_L		2 rows name this ingredient in one record, one of them a merge survivor — a consumer double-counts
DIFFERING_PARTS	data/normalized_yaml/bacterial/medium_462_modified_for_dsm_13957.yaml	CultureMech:005487	Agar	50.0	G_PER_L	15.0;15.0;20.0	value is the sum of differing parts; which one the medium means needs the source recipe
COEXISTING_ROW	data/normalized_yaml/bacterial/medium_462_modified_for_dsm_13957.yaml	CultureMech:005487	Agar	50.0;15.0	G_PER_L		2 rows name this ingredient in one record, one of them a merge survivor — a consumer double-counts
DIFFERING_PARTS	data/normalized_yaml/bacterial/medium_462_modified_for_dsm_14926.yaml	CultureMech:005488	Agar	50.0	G_PER_L	15.0;15.0;20.0	value is the sum of differing parts; which one the medium means needs the source recipe
COEXISTING_ROW	data/normalized_yaml/bacterial/medium_462_modified_for_dsm_14926.yaml	CultureMech:005488	Agar	50.0;15.0	G_PER_L		2 rows name this ingredient in one record, one of them a merge survivor — a consumer double-counts
DIFFERING_PARTS	data/normalized_yaml/bacterial/medium_462_modified_for_dsm_16550.yaml	CultureMech:005489	Agar	50.0	G_PER_L	15.0;15.0;20.0	value is the sum of differing parts; which one the medium means needs the source recipe
COEXISTING_ROW	data/normalized_yaml/bacterial/medium_462_modified_for_dsm_16550.yaml	CultureMech:005489	Agar	50.0;15.0	G_PER_L		2 rows name this ingredient in one record, one of them a merge survivor — a consumer double-counts
DIFFERING_PARTS	data/normalized_yaml/bacterial/medium_462_modified_for_dsm_18203.yaml	CultureMech:005490	Agar	50.0	G_PER_L	15.0;15.0;20.0	value is the sum of differing parts; which one the medium means needs the source recipe
COEXISTING_ROW	data/normalized_yaml/bacterial/medium_462_modified_for_dsm_18203.yaml	CultureMech:005490	Agar	50.0;15.0	G_PER_L		2 rows name this ingredient in one record, one of them a merge survivor — a consumer double-counts
DIFFERING_PARTS	data/normalized_yaml/bacterial/medium_462_modified_for_dsm_18781.yaml	CultureMech:005491	Agar	50.0	G_PER_L	15.0;15.0;20.0	value is the sum of differing parts; which one the medium means needs the source recipe
COEXISTING_ROW	data/normalized_yaml/bacterial/medium_462_modified_for_dsm_18781.yaml	CultureMech:005491	Agar	50.0;15.0	G_PER_L		2 rows name this ingredient in one record, one of them a merge survivor — a consumer double-counts
DIFFERING_PARTS	data/normalized_yaml/bacterial/medium_462_modified_for_dsm_21507.yaml	CultureMech:005492	Agar	50.0	G_PER_L	15.0;15.0;20.0	value is the sum of differing parts; which one the medium means needs the source recipe
COEXISTING_ROW	data/normalized_yaml/bacterial/medium_462_modified_for_dsm_21507.yaml	CultureMech:005492	Agar	50.0;15.0	G_PER_L		2 rows name this ingredient in one record, one of them a merge survivor — a consumer double-counts
DIFFERING_PARTS	data/normalized_yaml/bacterial/medium_462_modified_for_dsm_22840.yaml	CultureMech:005493	Agar	50.0	G_PER_L	15.0;15.0;20.0	value is the sum of differing parts; which one the medium means needs the source recipe
COEXISTING_ROW	data/normalized_yaml/bacterial/medium_462_modified_for_dsm_22840.yaml	CultureMech:005493	Agar	50.0;15.0	G_PER_L		2 rows name this ingredient in one record, one of them a merge survivor — a consumer double-counts
DIFFERING_PARTS	data/normalized_yaml/bacterial/medium_462_modified_for_dsm_22913.yaml	CultureMech:005494	Agar	50.0	G_PER_L	15.0;15.0;20.0	value is the sum of differing parts; which one the medium means needs the source recipe
COEXISTING_ROW	data/normalized_yaml/bacterial/medium_462_modified_for_dsm_22913.yaml	CultureMech:005494	Agar	50.0;15.0	G_PER_L		2 rows name this ingredient in one record, one of them a merge survivor — a consumer double-counts
DIFFERING_PARTS	data/normalized_yaml/bacterial/medium_462_modified_for_dsm_23828.yaml	CultureMech:005495	Agar	50.0	G_PER_L	15.0;15.0;20.0	value is the sum of differing parts; which one the medium means needs the source recipe
COEXISTING_ROW	data/normalized_yaml/bacterial/medium_462_modified_for_dsm_23828.yaml	CultureMech:005495	Agar	50.0;15.0	G_PER_L		2 rows name this ingredient in one record, one of them a merge survivor — a consumer double-counts
DIFFERING_PARTS	data/normalized_yaml/bacterial/medium_462_modified_for_dsm_24952.yaml	CultureMech:005496	Agar	50.0	G_PER_L	15.0;15.0;20.0	value is the sum of differing parts; which one the medium means needs the source recipe
COEXISTING_ROW	data/normalized_yaml/bacterial/medium_462_modified_for_dsm_24952.yaml	CultureMech:005496	Agar	50.0;15.0	G_PER_L		2 rows name this ingredient in one record, one of them a merge survivor — a consumer double-counts
DIFFERING_PARTS	data/normalized_yaml/bacterial/medium_462_modified_for_dsm_6344.yaml	CultureMech:005497	Agar	50.0	G_PER_L	15.0;15.0;20.0	value is the sum of differing parts; which one the medium means needs the source recipe
COEXISTING_ROW	data/normalized_yaml/bacterial/medium_462_modified_for_dsm_6344.yaml	CultureMech:005497	Agar	50.0;15.0	G_PER_L		2 rows name this ingredient in one record, one of them a merge survivor — a consumer double-counts
DIFFERING_PARTS	data/normalized_yaml/bacterial/medium_462_modified_for_dsm_6508.yaml	CultureMech:005498	Agar	50.0	G_PER_L	15.0;15.0;20.0	value is the sum of differing parts; which one the medium means needs the source recipe
COEXISTING_ROW	data/normalized_yaml/bacterial/medium_462_modified_for_dsm_6508.yaml	CultureMech:005498	Agar	50.0;15.0	G_PER_L		2 rows name this ingredient in one record, one of them a merge survivor — a consumer double-counts
DIFFERING_PARTS	data/normalized_yaml/bacterial/medium_462_modified_for_dsm_6537.yaml	CultureMech:005499	Agar	50.0	G_PER_L	15.0;15.0;20.0	value is the sum of differing parts; which one the medium means needs the source recipe
COEXISTING_ROW	data/normalized_yaml/bacterial/medium_462_modified_for_dsm_6537.yaml	CultureMech:005499	Agar	50.0;15.0	G_PER_L		2 rows name this ingredient in one record, one of them a merge survivor — a consumer double-counts
DIFFERING_PARTS	data/normalized_yaml/bacterial/medium_462_modified_for_dsm_7356.yaml	CultureMech:005500	Agar	50.0	G_PER_L	15.0;15.0;20.0	value is the sum of differing parts; which one the medium means needs the source recipe
COEXISTING_ROW	data/normalized_yaml/bacterial/medium_462_modified_for_dsm_7356.yaml	CultureMech:005500	Agar	50.0;15.0	G_PER_L		2 rows name this ingredient in one record, one of them a merge survivor — a consumer double-counts
DIFFERING_PARTS	data/normalized_yaml/bacterial/medium_462a_modified_for_dsm_11094.yaml	CultureMech:005502	Agar	50.0	G_PER_L	15.0;15.0;20.0	value is the sum of differing parts; which one the medium means needs the source recipe
COEXISTING_ROW	data/normalized_yaml/bacterial/medium_462a_modified_for_dsm_11094.yaml	CultureMech:005502	Agar	50.0;15.0	G_PER_L		2 rows name this ingredient in one record, one of them a merge survivor — a consumer double-counts
DIFFERING_PARTS	data/normalized_yaml/bacterial/medium_462a_modified_for_dsm_11095.yaml	CultureMech:005503	Agar	50.0	G_PER_L	15.0;15.0;20.0	value is the sum of differing parts; which one the medium means needs the source recipe
COEXISTING_ROW	data/normalized_yaml/bacterial/medium_462a_modified_for_dsm_11095.yaml	CultureMech:005503	Agar	50.0;15.0	G_PER_L		2 rows name this ingredient in one record, one of them a merge survivor — a consumer double-counts
DIFFERING_PARTS	data/normalized_yaml/bacterial/medium_462a_modified_for_dsm_11096.yaml	CultureMech:005504	Agar	50.0	G_PER_L	15.0;15.0;20.0	value is the sum of differing parts; which one the medium means needs the source recipe
COEXISTING_ROW	data/normalized_yaml/bacterial/medium_462a_modified_for_dsm_11096.yaml	CultureMech:005504	Agar	50.0;15.0	G_PER_L		2 rows name this ingredient in one record, one of them a merge survivor — a consumer double-counts
DIFFERING_PARTS	data/normalized_yaml/bacterial/medium_462a_modified_for_dsm_12247.yaml	CultureMech:005505	Agar	50.0	G_PER_L	15.0;15.0;20.0	value is the sum of differing parts; which one the medium means needs the source recipe
COEXISTING_ROW	data/normalized_yaml/bacterial/medium_462a_modified_for_dsm_12247.yaml	CultureMech:005505	Agar	50.0;15.0	G_PER_L		2 rows name this ingredient in one record, one of them a merge survivor — a consumer double-counts
DIFFERING_PARTS	data/normalized_yaml/bacterial/medium_465_modified_for_dsm_10063.yaml	CultureMech:005521	Agar	65.0	G_PER_L	15.0;15.0;20.0;15.0	value is the sum of differing parts; which one the medium means needs the source recipe
COEXISTING_ROW	data/normalized_yaml/bacterial/medium_465_modified_for_dsm_10063.yaml	CultureMech:005521	Agar	65.0;15.0	G_PER_L		2 rows name this ingredient in one record, one of them a merge survivor — a consumer double-counts
DIFFERING_PARTS	data/normalized_yaml/bacterial/medium_465_modified_for_dsm_10064.yaml	CultureMech:005522	Agar	65.0	G_PER_L	15.0;15.0;20.0;15.0	value is the sum of differing parts; which one the medium means needs the source recipe
COEXISTING_ROW	data/normalized_yaml/bacterial/medium_465_modified_for_dsm_10064.yaml	CultureMech:005522	Agar	65.0;15.0	G_PER_L		2 rows name this ingredient in one record, one of them a merge survivor — a consumer double-counts
DIFFERING_PARTS	data/normalized_yaml/bacterial/medium_465_modified_for_dsm_10065.yaml	CultureMech:005523	Agar	65.0	G_PER_L	15.0;15.0;20.0;15.0	value is the sum of differing parts; which one the medium means needs the source recipe
COEXISTING_ROW	data/normalized_yaml/bacterial/medium_465_modified_for_dsm_10065.yaml	CultureMech:005523	Agar	65.0;15.0	G_PER_L		2 rows name this ingredient in one record, one of them a merge survivor — a consumer double-counts
DIFFERING_PARTS	data/normalized_yaml/bacterial/medium_465_modified_for_dsm_10066.yaml	CultureMech:005524	Agar	65.0	G_PER_L	15.0;15.0;20.0;15.0	value is the sum of differing parts; which one the medium means needs the source recipe
COEXISTING_ROW	data/normalized_yaml/bacterial/medium_465_modified_for_dsm_10066.yaml	CultureMech:005524	Agar	65.0;15.0	G_PER_L		2 rows name this ingredient in one record, one of them a merge survivor — a consumer double-counts
DIFFERING_PARTS	data/normalized_yaml/bacterial/medium_465_modified_for_dsm_10698.yaml	CultureMech:005525	Agar	65.0	G_PER_L	15.0;15.0;20.0;15.0	value is the sum of differing parts; which one the medium means needs the source recipe
COEXISTING_ROW	data/normalized_yaml/bacterial/medium_465_modified_for_dsm_10698.yaml	CultureMech:005525	Agar	65.0;15.0	G_PER_L		2 rows name this ingredient in one record, one of them a merge survivor — a consumer double-counts
DIFFERING_PARTS	data/normalized_yaml/bacterial/medium_465_modified_for_dsm_10699.yaml	CultureMech:005526	Agar	65.0	G_PER_L	15.0;15.0;20.0;15.0	value is the sum of differing parts; which one the medium means needs the source recipe
COEXISTING_ROW	data/normalized_yaml/bacterial/medium_465_modified_for_dsm_10699.yaml	CultureMech:005526	Agar	65.0;15.0	G_PER_L		2 rows name this ingredient in one record, one of them a merge survivor — a consumer double-counts
DIFFERING_PARTS	data/normalized_yaml/bacterial/medium_465_modified_for_dsm_10700.yaml	CultureMech:005527	Agar	65.0	G_PER_L	15.0;15.0;20.0;15.0	value is the sum of differing parts; which one the medium means needs the source recipe
COEXISTING_ROW	data/normalized_yaml/bacterial/medium_465_modified_for_dsm_10700.yaml	CultureMech:005527	Agar	65.0;15.0	G_PER_L		2 rows name this ingredient in one record, one of them a merge survivor — a consumer double-counts
DIFFERING_PARTS	data/normalized_yaml/bacterial/medium_465_modified_for_dsm_11098.yaml	CultureMech:005528	Agar	65.0	G_PER_L	15.0;15.0;20.0;15.0	value is the sum of differing parts; which one the medium means needs the source recipe
COEXISTING_ROW	data/normalized_yaml/bacterial/medium_465_modified_for_dsm_11098.yaml	CultureMech:005528	Agar	65.0;15.0	G_PER_L		2 rows name this ingredient in one record, one of them a merge survivor — a consumer double-counts
DIFFERING_PARTS	data/normalized_yaml/bacterial/medium_465_modified_for_dsm_11199.yaml	CultureMech:005529	Agar	65.0	G_PER_L	15.0;15.0;20.0;15.0	value is the sum of differing parts; which one the medium means needs the source recipe
COEXISTING_ROW	data/normalized_yaml/bacterial/medium_465_modified_for_dsm_11199.yaml	CultureMech:005529	Agar	65.0;15.0	G_PER_L		2 rows name this ingredient in one record, one of them a merge survivor — a consumer double-counts
DIFFERING_PARTS	data/normalized_yaml/bacterial/medium_465_modified_for_dsm_11414.yaml	CultureMech:005530	Agar	65.0	G_PER_L	15.0;15.0;20.0;15.0	value is the sum of differing parts; which one the medium means needs the source recipe
COEXISTING_ROW	data/normalized_yaml/bacterial/medium_465_modified_for_dsm_11414.yaml	CultureMech:005530	Agar	65.0;15.0	G_PER_L		2 rows name this ingredient in one record, one of them a merge survivor — a consumer double-counts
DIFFERING_PARTS	data/normalized_yaml/bacterial/medium_465_modified_for_dsm_11437.yaml	CultureMech:005531	Agar	65.0	G_PER_L	15.0;15.0;20.0;15.0	value is the sum of differing parts; which one the medium means needs the source recipe
COEXISTING_ROW	data/normalized_yaml/bacterial/medium_465_modified_for_dsm_11437.yaml	CultureMech:005531	Agar	65.0;15.0	G_PER_L		2 rows name this ingredient in one record, one of them a merge survivor — a consumer double-counts
DIFFERING_PARTS	data/normalized_yaml/bacterial/medium_465_modified_for_dsm_12578.yaml	CultureMech:005532	Agar	65.0	G_PER_L	15.0;15.0;20.0;15.0	value is the sum of differing parts; which one the medium means needs the source recipe
COEXISTING_ROW	data/normalized_yaml/bacterial/medium_465_modified_for_dsm_12578.yaml	CultureMech:005532	Agar	65.0;15.0	G_PER_L		2 rows name this ingredient in one record, one of them a merge survivor — a consumer double-counts
DIFFERING_PARTS	data/normalized_yaml/bacterial/medium_465_modified_for_dsm_12579.yaml	CultureMech:005533	Agar	65.0	G_PER_L	15.0;15.0;20.0;15.0	value is the sum of differing parts; which one the medium means needs the source recipe
COEXISTING_ROW	data/normalized_yaml/bacterial/medium_465_modified_for_dsm_12579.yaml	CultureMech:005533	Agar	65.0;15.0	G_PER_L		2 rows name this ingredient in one record, one of them a merge survivor — a consumer double-counts
DIFFERING_PARTS	data/normalized_yaml/bacterial/medium_465_modified_for_dsm_12584.yaml	CultureMech:005534	Agar	65.0	G_PER_L	15.0;15.0;20.0;15.0	value is the sum of differing parts; which one the medium means needs the source recipe
COEXISTING_ROW	data/normalized_yaml/bacterial/medium_465_modified_for_dsm_12584.yaml	CultureMech:005534	Agar	65.0;15.0	G_PER_L		2 rows name this ingredient in one record, one of them a merge survivor — a consumer double-counts
DIFFERING_PARTS	data/normalized_yaml/bacterial/medium_465_modified_for_dsm_12585.yaml	CultureMech:005535	Agar	65.0	G_PER_L	15.0;15.0;20.0;15.0	value is the sum of differing parts; which one the medium means needs the source recipe
COEXISTING_ROW	data/normalized_yaml/bacterial/medium_465_modified_for_dsm_12585.yaml	CultureMech:005535	Agar	65.0;15.0	G_PER_L		2 rows name this ingredient in one record, one of them a merge survivor — a consumer double-counts
DIFFERING_PARTS	data/normalized_yaml/bacterial/medium_465_modified_for_dsm_12678.yaml	CultureMech:005536	Agar	65.0	G_PER_L	15.0;15.0;20.0;15.0	value is the sum of differing parts; which one the medium means needs the source recipe
COEXISTING_ROW	data/normalized_yaml/bacterial/medium_465_modified_for_dsm_12678.yaml	CultureMech:005536	Agar	65.0;15.0	G_PER_L		2 rows name this ingredient in one record, one of them a merge survivor — a consumer double-counts
DIFFERING_PARTS	data/normalized_yaml/bacterial/medium_465_modified_for_dsm_12775.yaml	CultureMech:005537	Agar	65.0	G_PER_L	15.0;15.0;20.0;15.0	value is the sum of differing parts; which one the medium means needs the source recipe
COEXISTING_ROW	data/normalized_yaml/bacterial/medium_465_modified_for_dsm_12775.yaml	CultureMech:005537	Agar	65.0;15.0	G_PER_L		2 rows name this ingredient in one record, one of them a merge survivor — a consumer double-counts
DIFFERING_PARTS	data/normalized_yaml/bacterial/medium_465_modified_for_dsm_12877.yaml	CultureMech:005538	Agar	65.0	G_PER_L	15.0;15.0;20.0;15.0	value is the sum of differing parts; which one the medium means needs the source recipe
COEXISTING_ROW	data/normalized_yaml/bacterial/medium_465_modified_for_dsm_12877.yaml	CultureMech:005538	Agar	65.0;15.0	G_PER_L		2 rows name this ingredient in one record, one of them a merge survivor — a consumer double-counts
DIFFERING_PARTS	data/normalized_yaml/bacterial/medium_465_modified_for_dsm_13640.yaml	CultureMech:005540	Agar	65.0	G_PER_L	15.0;15.0;20.0;15.0	value is the sum of differing parts; which one the medium means needs the source recipe
COEXISTING_ROW	data/normalized_yaml/bacterial/medium_465_modified_for_dsm_13640.yaml	CultureMech:005540	Agar	65.0;15.0	G_PER_L		2 rows name this ingredient in one record, one of them a merge survivor — a consumer double-counts
DIFFERING_PARTS	data/normalized_yaml/bacterial/medium_465_modified_for_dsm_13640_replace_taurine_with_ethanedisulfonate.yaml	CultureMech:005539	Agar	65.0	G_PER_L	15.0;15.0;20.0;15.0	value is the sum of differing parts; which one the medium means needs the source recipe
COEXISTING_ROW	data/normalized_yaml/bacterial/medium_465_modified_for_dsm_13640_replace_taurine_with_ethanedisulfonate.yaml	CultureMech:005539	Agar	65.0;15.0	G_PER_L		2 rows name this ingredient in one record, one of them a merge survivor — a consumer double-counts
DIFFERING_PARTS	data/normalized_yaml/bacterial/medium_465_modified_for_dsm_14773.yaml	CultureMech:005541	Agar	65.0	G_PER_L	15.0;15.0;20.0;15.0	value is the sum of differing parts; which one the medium means needs the source recipe
COEXISTING_ROW	data/normalized_yaml/bacterial/medium_465_modified_for_dsm_14773.yaml	CultureMech:005541	Agar	65.0;15.0	G_PER_L		2 rows name this ingredient in one record, one of them a merge survivor — a consumer double-counts
DIFFERING_PARTS	data/normalized_yaml/bacterial/medium_465_modified_for_dsm_16812.yaml	CultureMech:005542	Agar	65.0	G_PER_L	15.0;15.0;20.0;15.0	value is the sum of differing parts; which one the medium means needs the source recipe
COEXISTING_ROW	data/normalized_yaml/bacterial/medium_465_modified_for_dsm_16812.yaml	CultureMech:005542	Agar	65.0;15.0	G_PER_L		2 rows name this ingredient in one record, one of them a merge survivor — a consumer double-counts
DIFFERING_PARTS	data/normalized_yaml/bacterial/medium_465_modified_for_dsm_16843.yaml	CultureMech:005543	Agar	65.0	G_PER_L	15.0;15.0;20.0;15.0	value is the sum of differing parts; which one the medium means needs the source recipe
COEXISTING_ROW	data/normalized_yaml/bacterial/medium_465_modified_for_dsm_16843.yaml	CultureMech:005543	Agar	65.0;15.0	G_PER_L		2 rows name this ingredient in one record, one of them a merge survivor — a consumer double-counts
DIFFERING_PARTS	data/normalized_yaml/bacterial/medium_465_modified_for_dsm_16845.yaml	CultureMech:005544	Agar	65.0	G_PER_L	15.0;15.0;20.0;15.0	value is the sum of differing parts; which one the medium means needs the source recipe
COEXISTING_ROW	data/normalized_yaml/bacterial/medium_465_modified_for_dsm_16845.yaml	CultureMech:005544	Agar	65.0;15.0	G_PER_L		2 rows name this ingredient in one record, one of them a merge survivor — a consumer double-counts
DIFFERING_PARTS	data/normalized_yaml/bacterial/medium_465_modified_for_dsm_16851.yaml	CultureMech:005545	Agar	65.0	G_PER_L	15.0;15.0;20.0;15.0	value is the sum of differing parts; which one the medium means needs the source recipe
COEXISTING_ROW	data/normalized_yaml/bacterial/medium_465_modified_for_dsm_16851.yaml	CultureMech:005545	Agar	65.0;15.0	G_PER_L		2 rows name this ingredient in one record, one of them a merge survivor — a consumer double-counts
DIFFERING_PARTS	data/normalized_yaml/bacterial/medium_465_modified_for_dsm_16962.yaml	CultureMech:005546	Agar	65.0	G_PER_L	15.0;15.0;20.0;15.0	value is the sum of differing parts; which one the medium means needs the source recipe
COEXISTING_ROW	data/normalized_yaml/bacterial/medium_465_modified_for_dsm_16962.yaml	CultureMech:005546	Agar	65.0;15.0	G_PER_L		2 rows name this ingredient in one record, one of them a merge survivor — a consumer double-counts
DIFFERING_PARTS	data/normalized_yaml/bacterial/medium_465_modified_for_dsm_16963.yaml	CultureMech:005547	Agar	65.0	G_PER_L	15.0;15.0;20.0;15.0	value is the sum of differing parts; which one the medium means needs the source recipe
COEXISTING_ROW	data/normalized_yaml/bacterial/medium_465_modified_for_dsm_16963.yaml	CultureMech:005547	Agar	65.0;15.0	G_PER_L		2 rows name this ingredient in one record, one of them a merge survivor — a consumer double-counts
DIFFERING_PARTS	data/normalized_yaml/bacterial/medium_465_modified_for_dsm_16964.yaml	CultureMech:005548	Agar	65.0	G_PER_L	15.0;15.0;20.0;15.0	value is the sum of differing parts; which one the medium means needs the source recipe
COEXISTING_ROW	data/normalized_yaml/bacterial/medium_465_modified_for_dsm_16964.yaml	CultureMech:005548	Agar	65.0;15.0	G_PER_L		2 rows name this ingredient in one record, one of them a merge survivor — a consumer double-counts
DIFFERING_PARTS	data/normalized_yaml/bacterial/medium_465_modified_for_dsm_17507.yaml	CultureMech:005549	Agar	65.0	G_PER_L	15.0;15.0;20.0;15.0	value is the sum of differing parts; which one the medium means needs the source recipe
COEXISTING_ROW	data/normalized_yaml/bacterial/medium_465_modified_for_dsm_17507.yaml	CultureMech:005549	Agar	65.0;15.0	G_PER_L		2 rows name this ingredient in one record, one of them a merge survivor — a consumer double-counts
DIFFERING_PARTS	data/normalized_yaml/bacterial/medium_465_modified_for_dsm_17540.yaml	CultureMech:005550	Agar	65.0	G_PER_L	15.0;15.0;20.0;15.0	value is the sum of differing parts; which one the medium means needs the source recipe
COEXISTING_ROW	data/normalized_yaml/bacterial/medium_465_modified_for_dsm_17540.yaml	CultureMech:005550	Agar	65.0;15.0	G_PER_L		2 rows name this ingredient in one record, one of them a merge survivor — a consumer double-counts
DIFFERING_PARTS	data/normalized_yaml/bacterial/medium_465_modified_for_dsm_17854.yaml	CultureMech:005551	Agar	65.0	G_PER_L	15.0;15.0;20.0;15.0	value is the sum of differing parts; which one the medium means needs the source recipe
COEXISTING_ROW	data/normalized_yaml/bacterial/medium_465_modified_for_dsm_17854.yaml	CultureMech:005551	Agar	65.0;15.0	G_PER_L		2 rows name this ingredient in one record, one of them a merge survivor — a consumer double-counts
DIFFERING_PARTS	data/normalized_yaml/bacterial/medium_465_modified_for_dsm_18361.yaml	CultureMech:005552	Agar	65.0	G_PER_L	15.0;15.0;20.0;15.0	value is the sum of differing parts; which one the medium means needs the source recipe
COEXISTING_ROW	data/normalized_yaml/bacterial/medium_465_modified_for_dsm_18361.yaml	CultureMech:005552	Agar	65.0;15.0	G_PER_L		2 rows name this ingredient in one record, one of them a merge survivor — a consumer double-counts
DIFFERING_PARTS	data/normalized_yaml/bacterial/medium_465_modified_for_dsm_19529.yaml	CultureMech:005553	Agar	65.0	G_PER_L	15.0;15.0;20.0;15.0	value is the sum of differing parts; which one the medium means needs the source recipe
COEXISTING_ROW	data/normalized_yaml/bacterial/medium_465_modified_for_dsm_19529.yaml	CultureMech:005553	Agar	65.0;15.0	G_PER_L		2 rows name this ingredient in one record, one of them a merge survivor — a consumer double-counts
DIFFERING_PARTS	data/normalized_yaml/bacterial/medium_465_modified_for_dsm_19550.yaml	CultureMech:005554	Agar	65.0	G_PER_L	15.0;15.0;20.0;15.0	value is the sum of differing parts; which one the medium means needs the source recipe
COEXISTING_ROW	data/normalized_yaml/bacterial/medium_465_modified_for_dsm_19550.yaml	CultureMech:005554	Agar	65.0;15.0	G_PER_L		2 rows name this ingredient in one record, one of them a merge survivor — a consumer double-counts
DIFFERING_PARTS	data/normalized_yaml/bacterial/medium_465_modified_for_dsm_6383.yaml	CultureMech:005555	Agar	65.0	G_PER_L	15.0;15.0;20.0;15.0	value is the sum of differing parts; which one the medium means needs the source recipe
COEXISTING_ROW	data/normalized_yaml/bacterial/medium_465_modified_for_dsm_6383.yaml	CultureMech:005555	Agar	65.0;15.0	G_PER_L		2 rows name this ingredient in one record, one of them a merge survivor — a consumer double-counts
DIFFERING_PARTS	data/normalized_yaml/bacterial/medium_465_modified_for_dsm_6428.yaml	CultureMech:005557	Agar	65.0	G_PER_L	15.0;15.0;20.0;15.0	value is the sum of differing parts; which one the medium means needs the source recipe
COEXISTING_ROW	data/normalized_yaml/bacterial/medium_465_modified_for_dsm_6428.yaml	CultureMech:005557	Agar	65.0;15.0	G_PER_L		2 rows name this ingredient in one record, one of them a merge survivor — a consumer double-counts
DIFFERING_PARTS	data/normalized_yaml/bacterial/medium_465_modified_for_dsm_6428_replace_phenol_with_2_4_6_trichlorophenol.yaml	CultureMech:005556	Agar	65.0	G_PER_L	15.0;15.0;20.0;15.0	value is the sum of differing parts; which one the medium means needs the source recipe
COEXISTING_ROW	data/normalized_yaml/bacterial/medium_465_modified_for_dsm_6428_replace_phenol_with_2_4_6_trichlorophenol.yaml	CultureMech:005556	Agar	65.0;15.0	G_PER_L		2 rows name this ingredient in one record, one of them a merge survivor — a consumer double-counts
DIFFERING_PARTS	data/normalized_yaml/bacterial/medium_465_modified_for_dsm_6431.yaml	CultureMech:005558	Agar	65.0	G_PER_L	15.0;15.0;20.0;15.0	value is the sum of differing parts; which one the medium means needs the source recipe
COEXISTING_ROW	data/normalized_yaml/bacterial/medium_465_modified_for_dsm_6431.yaml	CultureMech:005558	Agar	65.0;15.0	G_PER_L		2 rows name this ingredient in one record, one of them a merge survivor — a consumer double-counts
DIFFERING_PARTS	data/normalized_yaml/bacterial/medium_465_modified_for_dsm_6432.yaml	CultureMech:005559	Agar	65.0	G_PER_L	15.0;15.0;20.0;15.0	value is the sum of differing parts; which one the medium means needs the source recipe
COEXISTING_ROW	data/normalized_yaml/bacterial/medium_465_modified_for_dsm_6432.yaml	CultureMech:005559	Agar	65.0;15.0	G_PER_L		2 rows name this ingredient in one record, one of them a merge survivor — a consumer double-counts
DIFFERING_PARTS	data/normalized_yaml/bacterial/medium_465_modified_for_dsm_6434.yaml	CultureMech:005560	Agar	65.0	G_PER_L	15.0;15.0;20.0;15.0	value is the sum of differing parts; which one the medium means needs the source recipe
COEXISTING_ROW	data/normalized_yaml/bacterial/medium_465_modified_for_dsm_6434.yaml	CultureMech:005560	Agar	65.0;15.0	G_PER_L		2 rows name this ingredient in one record, one of them a merge survivor — a consumer double-counts
DIFFERING_PARTS	data/normalized_yaml/bacterial/medium_465_modified_for_dsm_6577.yaml	CultureMech:005561	Agar	65.0	G_PER_L	15.0;15.0;20.0;15.0	value is the sum of differing parts; which one the medium means needs the source recipe
COEXISTING_ROW	data/normalized_yaml/bacterial/medium_465_modified_for_dsm_6577.yaml	CultureMech:005561	Agar	65.0;15.0	G_PER_L		2 rows name this ingredient in one record, one of them a merge survivor — a consumer double-counts
DIFFERING_PARTS	data/normalized_yaml/bacterial/medium_465_modified_for_dsm_6708.yaml	CultureMech:005562	Agar	65.0	G_PER_L	15.0;15.0;20.0;15.0	value is the sum of differing parts; which one the medium means needs the source recipe
COEXISTING_ROW	data/normalized_yaml/bacterial/medium_465_modified_for_dsm_6708.yaml	CultureMech:005562	Agar	65.0;15.0	G_PER_L		2 rows name this ingredient in one record, one of them a merge survivor — a consumer double-counts
DIFFERING_PARTS	data/normalized_yaml/bacterial/medium_465_modified_for_dsm_6985.yaml	CultureMech:005563	Agar	65.0	G_PER_L	15.0;15.0;20.0;15.0	value is the sum of differing parts; which one the medium means needs the source recipe
COEXISTING_ROW	data/normalized_yaml/bacterial/medium_465_modified_for_dsm_6985.yaml	CultureMech:005563	Agar	65.0;15.0	G_PER_L		2 rows name this ingredient in one record, one of them a merge survivor — a consumer double-counts
DIFFERING_PARTS	data/normalized_yaml/bacterial/medium_465_modified_for_dsm_6986.yaml	CultureMech:005564	Agar	65.0	G_PER_L	15.0;15.0;20.0;15.0	value is the sum of differing parts; which one the medium means needs the source recipe
COEXISTING_ROW	data/normalized_yaml/bacterial/medium_465_modified_for_dsm_6986.yaml	CultureMech:005564	Agar	65.0;15.0	G_PER_L		2 rows name this ingredient in one record, one of them a merge survivor — a consumer double-counts
DIFFERING_PARTS	data/normalized_yaml/bacterial/medium_465_modified_for_dsm_7005.yaml	CultureMech:005565	Agar	65.0	G_PER_L	15.0;15.0;20.0;15.0	value is the sum of differing parts; which one the medium means needs the source recipe
COEXISTING_ROW	data/normalized_yaml/bacterial/medium_465_modified_for_dsm_7005.yaml	CultureMech:005565	Agar	65.0;15.0	G_PER_L		2 rows name this ingredient in one record, one of them a merge survivor — a consumer double-counts
DIFFERING_PARTS	data/normalized_yaml/bacterial/medium_465b_modified_for_dsm_6824.yaml	CultureMech:005568	Agar	65.0	G_PER_L	15.0;15.0;20.0;15.0	value is the sum of differing parts; which one the medium means needs the source recipe
COEXISTING_ROW	data/normalized_yaml/bacterial/medium_465b_modified_for_dsm_6824.yaml	CultureMech:005568	Agar	65.0;15.0	G_PER_L		2 rows name this ingredient in one record, one of them a merge survivor — a consumer double-counts
DIFFERING_PARTS	data/normalized_yaml/bacterial/medium_473_modified_for_dsm_6780.yaml	CultureMech:005587	Biotin	0.802	G_PER_L	0.8;0.002	value is the sum of differing parts; which one the medium means needs the source recipe
DIFFERING_PARTS	data/normalized_yaml/bacterial/medium_58_modified_for_dsm_16839.yaml	CultureMech:006025	K2HPO4	3.0	G_PER_L	2.0;1.0	value is the sum of differing parts; which one the medium means needs the source recipe
DIFFERING_PARTS	data/normalized_yaml/bacterial/medium_58_modified_for_dsm_16839.yaml	CultureMech:006025	MgSO4 x 7 H2O	0.7	G_PER_L	0.2;0.5	value is the sum of differing parts; which one the medium means needs the source recipe
DIFFERING_PARTS	data/normalized_yaml/bacterial/medium_58_modified_for_dsm_16839.yaml	CultureMech:006025	NaCl	7.0	G_PER_L	5.0;2.0	value is the sum of differing parts; which one the medium means needs the source recipe
DIFFERING_PARTS	data/normalized_yaml/bacterial/medium_58_modified_for_dsm_16840.yaml	CultureMech:006026	K2HPO4	3.0	G_PER_L	2.0;1.0	value is the sum of differing parts; which one the medium means needs the source recipe
DIFFERING_PARTS	data/normalized_yaml/bacterial/medium_58_modified_for_dsm_16840.yaml	CultureMech:006026	MgSO4 x 7 H2O	0.7	G_PER_L	0.2;0.5	value is the sum of differing parts; which one the medium means needs the source recipe
DIFFERING_PARTS	data/normalized_yaml/bacterial/medium_58_modified_for_dsm_16840.yaml	CultureMech:006026	NaCl	7.0	G_PER_L	5.0;2.0	value is the sum of differing parts; which one the medium means needs the source recipe
DIFFERING_PARTS	data/normalized_yaml/bacterial/medium_58_modified_for_dsm_16980.yaml	CultureMech:006027	K2HPO4	3.0	G_PER_L	2.0;1.0	value is the sum of differing parts; which one the medium means needs the source recipe
DIFFERING_PARTS	data/normalized_yaml/bacterial/medium_58_modified_for_dsm_16980.yaml	CultureMech:006027	MgSO4 x 7 H2O	0.7	G_PER_L	0.2;0.5	value is the sum of differing parts; which one the medium means needs the source recipe
DIFFERING_PARTS	data/normalized_yaml/bacterial/medium_58_modified_for_dsm_16980.yaml	CultureMech:006027	NaCl	7.0	G_PER_L	5.0;2.0	value is the sum of differing parts; which one the medium means needs the source recipe
DIFFERING_PARTS	data/normalized_yaml/bacterial/medium_58_modified_for_dsm_16981.yaml	CultureMech:006028	K2HPO4	3.0	G_PER_L	2.0;1.0	value is the sum of differing parts; which one the medium means needs the source recipe
DIFFERING_PARTS	data/normalized_yaml/bacterial/medium_58_modified_for_dsm_16981.yaml	CultureMech:006028	MgSO4 x 7 H2O	0.7	G_PER_L	0.2;0.5	value is the sum of differing parts; which one the medium means needs the source recipe
DIFFERING_PARTS	data/normalized_yaml/bacterial/medium_58_modified_for_dsm_16981.yaml	CultureMech:006028	NaCl	7.0	G_PER_L	5.0;2.0	value is the sum of differing parts; which one the medium means needs the source recipe
DIFFERING_PARTS	data/normalized_yaml/bacterial/medium_58_modified_for_dsm_17042.yaml	CultureMech:006029	K2HPO4	3.0	G_PER_L	2.0;1.0	value is the sum of differing parts; which one the medium means needs the source recipe
DIFFERING_PARTS	data/normalized_yaml/bacterial/medium_58_modified_for_dsm_17042.yaml	CultureMech:006029	MgSO4 x 7 H2O	0.7	G_PER_L	0.2;0.5	value is the sum of differing parts; which one the medium means needs the source recipe
DIFFERING_PARTS	data/normalized_yaml/bacterial/medium_58_modified_for_dsm_17042.yaml	CultureMech:006029	NaCl	7.0	G_PER_L	5.0;2.0	value is the sum of differing parts; which one the medium means needs the source recipe
DIFFERING_PARTS	data/normalized_yaml/bacterial/medium_58_modified_for_dsm_17774.yaml	CultureMech:006030	K2HPO4	3.0	G_PER_L	2.0;1.0	value is the sum of differing parts; which one the medium means needs the source recipe
DIFFERING_PARTS	data/normalized_yaml/bacterial/medium_58_modified_for_dsm_17774.yaml	CultureMech:006030	MgSO4 x 7 H2O	0.7	G_PER_L	0.2;0.5	value is the sum of differing parts; which one the medium means needs the source recipe
DIFFERING_PARTS	data/normalized_yaml/bacterial/medium_58_modified_for_dsm_17774.yaml	CultureMech:006030	NaCl	7.0	G_PER_L	5.0;2.0	value is the sum of differing parts; which one the medium means needs the source recipe
DIFFERING_PARTS	data/normalized_yaml/bacterial/medium_58_modified_for_dsm_17775.yaml	CultureMech:006031	K2HPO4	3.0	G_PER_L	2.0;1.0	value is the sum of differing parts; which one the medium means needs the source recipe
DIFFERING_PARTS	data/normalized_yaml/bacterial/medium_58_modified_for_dsm_17775.yaml	CultureMech:006031	MgSO4 x 7 H2O	0.7	G_PER_L	0.2;0.5	value is the sum of differing parts; which one the medium means needs the source recipe
DIFFERING_PARTS	data/normalized_yaml/bacterial/medium_58_modified_for_dsm_17775.yaml	CultureMech:006031	NaCl	7.0	G_PER_L	5.0;2.0	value is the sum of differing parts; which one the medium means needs the source recipe
DIFFERING_PARTS	data/normalized_yaml/bacterial/medium_58_modified_for_dsm_17776.yaml	CultureMech:006032	K2HPO4	3.0	G_PER_L	2.0;1.0	value is the sum of differing parts; which one the medium means needs the source recipe
DIFFERING_PARTS	data/normalized_yaml/bacterial/medium_58_modified_for_dsm_17776.yaml	CultureMech:006032	MgSO4 x 7 H2O	0.7	G_PER_L	0.2;0.5	value is the sum of differing parts; which one the medium means needs the source recipe
DIFFERING_PARTS	data/normalized_yaml/bacterial/medium_58_modified_for_dsm_17776.yaml	CultureMech:006032	NaCl	7.0	G_PER_L	5.0;2.0	value is the sum of differing parts; which one the medium means needs the source recipe
DIFFERING_PARTS	data/normalized_yaml/bacterial/medium_58_modified_for_dsm_17777.yaml	CultureMech:006033	K2HPO4	3.0	G_PER_L	2.0;1.0	value is the sum of differing parts; which one the medium means needs the source recipe
DIFFERING_PARTS	data/normalized_yaml/bacterial/medium_58_modified_for_dsm_17777.yaml	CultureMech:006033	MgSO4 x 7 H2O	0.7	G_PER_L	0.2;0.5	value is the sum of differing parts; which one the medium means needs the source recipe
DIFFERING_PARTS	data/normalized_yaml/bacterial/medium_58_modified_for_dsm_17777.yaml	CultureMech:006033	NaCl	7.0	G_PER_L	5.0;2.0	value is the sum of differing parts; which one the medium means needs the source recipe
DIFFERING_PARTS	data/normalized_yaml/bacterial/medium_58_modified_for_dsm_17778.yaml	CultureMech:006034	K2HPO4	3.0	G_PER_L	2.0;1.0	value is the sum of differing parts; which one the medium means needs the source recipe
DIFFERING_PARTS	data/normalized_yaml/bacterial/medium_58_modified_for_dsm_17778.yaml	CultureMech:006034	MgSO4 x 7 H2O	0.7	G_PER_L	0.2;0.5	value is the sum of differing parts; which one the medium means needs the source recipe
DIFFERING_PARTS	data/normalized_yaml/bacterial/medium_58_modified_for_dsm_17778.yaml	CultureMech:006034	NaCl	7.0	G_PER_L	5.0;2.0	value is the sum of differing parts; which one the medium means needs the source recipe
DIFFERING_PARTS	data/normalized_yaml/bacterial/medium_58_modified_for_dsm_17779.yaml	CultureMech:006035	K2HPO4	3.0	G_PER_L	2.0;1.0	value is the sum of differing parts; which one the medium means needs the source recipe
DIFFERING_PARTS	data/normalized_yaml/bacterial/medium_58_modified_for_dsm_17779.yaml	CultureMech:006035	MgSO4 x 7 H2O	0.7	G_PER_L	0.2;0.5	value is the sum of differing parts; which one the medium means needs the source recipe
DIFFERING_PARTS	data/normalized_yaml/bacterial/medium_58_modified_for_dsm_17779.yaml	CultureMech:006035	NaCl	7.0	G_PER_L	5.0;2.0	value is the sum of differing parts; which one the medium means needs the source recipe
DIFFERING_PARTS	data/normalized_yaml/bacterial/medium_58_modified_for_dsm_20461.yaml	CultureMech:006036	K2HPO4	3.0	G_PER_L	2.0;1.0	value is the sum of differing parts; which one the medium means needs the source recipe
DIFFERING_PARTS	data/normalized_yaml/bacterial/medium_58_modified_for_dsm_20461.yaml	CultureMech:006036	MgSO4 x 7 H2O	0.7	G_PER_L	0.2;0.5	value is the sum of differing parts; which one the medium means needs the source recipe
DIFFERING_PARTS	data/normalized_yaml/bacterial/medium_58_modified_for_dsm_20461.yaml	CultureMech:006036	NaCl	7.0	G_PER_L	5.0;2.0	value is the sum of differing parts; which one the medium means needs the source recipe
DIFFERING_PARTS	data/normalized_yaml/bacterial/medium_58_modified_for_dsm_20462.yaml	CultureMech:006037	K2HPO4	3.0	G_PER_L	2.0;1.0	value is the sum of differing parts; which one the medium means needs the source recipe
DIFFERING_PARTS	data/normalized_yaml/bacterial/medium_58_modified_for_dsm_20462.yaml	CultureMech:006037	MgSO4 x 7 H2O	0.7	G_PER_L	0.2;0.5	value is the sum of differing parts; which one the medium means needs the source recipe
DIFFERING_PARTS	data/normalized_yaml/bacterial/medium_58_modified_for_dsm_20462.yaml	CultureMech:006037	NaCl	7.0	G_PER_L	5.0;2.0	value is the sum of differing parts; which one the medium means needs the source recipe
DIFFERING_PARTS	data/normalized_yaml/bacterial/medium_58_modified_for_dsm_20465.yaml	CultureMech:006038	K2HPO4	3.0	G_PER_L	2.0;1.0	value is the sum of differing parts; which one the medium means needs the source recipe
DIFFERING_PARTS	data/normalized_yaml/bacterial/medium_58_modified_for_dsm_20465.yaml	CultureMech:006038	MgSO4 x 7 H2O	0.7	G_PER_L	0.2;0.5	value is the sum of differing parts; which one the medium means needs the source recipe
DIFFERING_PARTS	data/normalized_yaml/bacterial/medium_58_modified_for_dsm_20465.yaml	CultureMech:006038	NaCl	7.0	G_PER_L	5.0;2.0	value is the sum of differing parts; which one the medium means needs the source recipe
DIFFERING_PARTS	data/normalized_yaml/bacterial/medium_58_modified_for_dsm_20466.yaml	CultureMech:006039	K2HPO4	3.0	G_PER_L	2.0;1.0	value is the sum of differing parts; which one the medium means needs the source recipe
DIFFERING_PARTS	data/normalized_yaml/bacterial/medium_58_modified_for_dsm_20466.yaml	CultureMech:006039	MgSO4 x 7 H2O	0.7	G_PER_L	0.2;0.5	value is the sum of differing parts; which one the medium means needs the source recipe
DIFFERING_PARTS	data/normalized_yaml/bacterial/medium_58_modified_for_dsm_20466.yaml	CultureMech:006039	NaCl	7.0	G_PER_L	5.0;2.0	value is the sum of differing parts; which one the medium means needs the source recipe
DIFFERING_PARTS	data/normalized_yaml/bacterial/medium_58_modified_for_dsm_20467.yaml	CultureMech:006040	K2HPO4	3.0	G_PER_L	2.0;1.0	value is the sum of differing parts; which one the medium means needs the source recipe
DIFFERING_PARTS	data/normalized_yaml/bacterial/medium_58_modified_for_dsm_20467.yaml	CultureMech:006040	MgSO4 x 7 H2O	0.7	G_PER_L	0.2;0.5	value is the sum of differing parts; which one the medium means needs the source recipe
DIFFERING_PARTS	data/normalized_yaml/bacterial/medium_58_modified_for_dsm_20467.yaml	CultureMech:006040	NaCl	7.0	G_PER_L	5.0;2.0	value is the sum of differing parts; which one the medium means needs the source recipe
DIFFERING_PARTS	data/normalized_yaml/bacterial/medium_58_modified_for_dsm_20756.yaml	CultureMech:006041	K2HPO4	3.0	G_PER_L	2.0;1.0	value is the sum of differing parts; which one the medium means needs the source recipe
DIFFERING_PARTS	data/normalized_yaml/bacterial/medium_58_modified_for_dsm_20756.yaml	CultureMech:006041	MgSO4 x 7 H2O	0.7	G_PER_L	0.2;0.5	value is the sum of differing parts; which one the medium means needs the source recipe
DIFFERING_PARTS	data/normalized_yaml/bacterial/medium_58_modified_for_dsm_20756.yaml	CultureMech:006041	NaCl	7.0	G_PER_L	5.0;2.0	value is the sum of differing parts; which one the medium means needs the source recipe
DIFFERING_PARTS	data/normalized_yaml/bacterial/medium_58_modified_for_dsm_20757.yaml	CultureMech:006042	K2HPO4	3.0	G_PER_L	2.0;1.0	value is the sum of differing parts; which one the medium means needs the source recipe
DIFFERING_PARTS	data/normalized_yaml/bacterial/medium_58_modified_for_dsm_20757.yaml	CultureMech:006042	MgSO4 x 7 H2O	0.7	G_PER_L	0.2;0.5	value is the sum of differing parts; which one the medium means needs the source recipe
DIFFERING_PARTS	data/normalized_yaml/bacterial/medium_58_modified_for_dsm_20757.yaml	CultureMech:006042	NaCl	7.0	G_PER_L	5.0;2.0	value is the sum of differing parts; which one the medium means needs the source recipe
DIFFERING_PARTS	data/normalized_yaml/bacterial/medium_58_modified_for_dsm_20762.yaml	CultureMech:006043	K2HPO4	3.0	G_PER_L	2.0;1.0	value is the sum of differing parts; which one the medium means needs the source recipe
DIFFERING_PARTS	data/normalized_yaml/bacterial/medium_58_modified_for_dsm_20762.yaml	CultureMech:006043	MgSO4 x 7 H2O	0.7	G_PER_L	0.2;0.5	value is the sum of differing parts; which one the medium means needs the source recipe
DIFFERING_PARTS	data/normalized_yaml/bacterial/medium_58_modified_for_dsm_20762.yaml	CultureMech:006043	NaCl	7.0	G_PER_L	5.0;2.0	value is the sum of differing parts; which one the medium means needs the source recipe
DIFFERING_PARTS	data/normalized_yaml/bacterial/medium_58_modified_for_dsm_20764.yaml	CultureMech:006044	K2HPO4	3.0	G_PER_L	2.0;1.0	value is the sum of differing parts; which one the medium means needs the source recipe
DIFFERING_PARTS	data/normalized_yaml/bacterial/medium_58_modified_for_dsm_20764.yaml	CultureMech:006044	MgSO4 x 7 H2O	0.7	G_PER_L	0.2;0.5	value is the sum of differing parts; which one the medium means needs the source recipe
DIFFERING_PARTS	data/normalized_yaml/bacterial/medium_58_modified_for_dsm_20764.yaml	CultureMech:006044	NaCl	7.0	G_PER_L	5.0;2.0	value is the sum of differing parts; which one the medium means needs the source recipe
DIFFERING_PARTS	data/normalized_yaml/bacterial/medium_58_modified_for_dsm_20765.yaml	CultureMech:006045	K2HPO4	3.0	G_PER_L	2.0;1.0	value is the sum of differing parts; which one the medium means needs the source recipe
DIFFERING_PARTS	data/normalized_yaml/bacterial/medium_58_modified_for_dsm_20765.yaml	CultureMech:006045	MgSO4 x 7 H2O	0.7	G_PER_L	0.2;0.5	value is the sum of differing parts; which one the medium means needs the source recipe
DIFFERING_PARTS	data/normalized_yaml/bacterial/medium_58_modified_for_dsm_20765.yaml	CultureMech:006045	NaCl	7.0	G_PER_L	5.0;2.0	value is the sum of differing parts; which one the medium means needs the source recipe
DIFFERING_PARTS	data/normalized_yaml/bacterial/medium_58_modified_for_dsm_21655.yaml	CultureMech:006046	K2HPO4	3.0	G_PER_L	2.0;1.0	value is the sum of differing parts; which one the medium means needs the source recipe
DIFFERING_PARTS	data/normalized_yaml/bacterial/medium_58_modified_for_dsm_21655.yaml	CultureMech:006046	MgSO4 x 7 H2O	0.7	G_PER_L	0.2;0.5	value is the sum of differing parts; which one the medium means needs the source recipe
DIFFERING_PARTS	data/normalized_yaml/bacterial/medium_58_modified_for_dsm_21655.yaml	CultureMech:006046	NaCl	7.0	G_PER_L	5.0;2.0	value is the sum of differing parts; which one the medium means needs the source recipe
DIFFERING_PARTS	data/normalized_yaml/bacterial/medium_58_modified_for_dsm_24661.yaml	CultureMech:006047	K2HPO4	3.0	G_PER_L	2.0;1.0	value is the sum of differing parts; which one the medium means needs the source recipe
DIFFERING_PARTS	data/normalized_yaml/bacterial/medium_58_modified_for_dsm_24661.yaml	CultureMech:006047	MgSO4 x 7 H2O	0.7	G_PER_L	0.2;0.5	value is the sum of differing parts; which one the medium means needs the source recipe
DIFFERING_PARTS	data/normalized_yaml/bacterial/medium_58_modified_for_dsm_24661.yaml	CultureMech:006047	NaCl	7.0	G_PER_L	5.0;2.0	value is the sum of differing parts; which one the medium means needs the source recipe
DIFFERING_PARTS	data/normalized_yaml/bacterial/medium_58_modified_for_dsm_7198.yaml	CultureMech:006048	K2HPO4	3.0	G_PER_L	2.0;1.0	value is the sum of differing parts; which one the medium means needs the source recipe
DIFFERING_PARTS	data/normalized_yaml/bacterial/medium_58_modified_for_dsm_7198.yaml	CultureMech:006048	MgSO4 x 7 H2O	0.7	G_PER_L	0.2;0.5	value is the sum of differing parts; which one the medium means needs the source recipe
DIFFERING_PARTS	data/normalized_yaml/bacterial/medium_58_modified_for_dsm_7198.yaml	CultureMech:006048	NaCl	7.0	G_PER_L	5.0;2.0	value is the sum of differing parts; which one the medium means needs the source recipe
DIFFERING_PARTS	data/normalized_yaml/bacterial/medium_58_modified_for_dsm_7199.yaml	CultureMech:006049	K2HPO4	3.0	G_PER_L	2.0;1.0	value is the sum of differing parts; which one the medium means needs the source recipe
DIFFERING_PARTS	data/normalized_yaml/bacterial/medium_58_modified_for_dsm_7199.yaml	CultureMech:006049	MgSO4 x 7 H2O	0.7	G_PER_L	0.2;0.5	value is the sum of differing parts; which one the medium means needs the source recipe
DIFFERING_PARTS	data/normalized_yaml/bacterial/medium_58_modified_for_dsm_7199.yaml	CultureMech:006049	NaCl	7.0	G_PER_L	5.0;2.0	value is the sum of differing parts; which one the medium means needs the source recipe
DIFFERING_PARTS	data/normalized_yaml/bacterial/medium_58_modified_for_dsm_7200.yaml	CultureMech:006050	K2HPO4	3.0	G_PER_L	2.0;1.0	value is the sum of differing parts; which one the medium means needs the source recipe
DIFFERING_PARTS	data/normalized_yaml/bacterial/medium_58_modified_for_dsm_7200.yaml	CultureMech:006050	MgSO4 x 7 H2O	0.7	G_PER_L	0.2;0.5	value is the sum of differing parts; which one the medium means needs the source recipe
DIFFERING_PARTS	data/normalized_yaml/bacterial/medium_58_modified_for_dsm_7200.yaml	CultureMech:006050	NaCl	7.0	G_PER_L	5.0;2.0	value is the sum of differing parts; which one the medium means needs the source recipe
DIFFERING_PARTS	data/normalized_yaml/bacterial/medium_58_modified_for_dsm_7201.yaml	CultureMech:006051	K2HPO4	3.0	G_PER_L	2.0;1.0	value is the sum of differing parts; which one the medium means needs the source recipe
DIFFERING_PARTS	data/normalized_yaml/bacterial/medium_58_modified_for_dsm_7201.yaml	CultureMech:006051	MgSO4 x 7 H2O	0.7	G_PER_L	0.2;0.5	value is the sum of differing parts; which one the medium means needs the source recipe
DIFFERING_PARTS	data/normalized_yaml/bacterial/medium_58_modified_for_dsm_7201.yaml	CultureMech:006051	NaCl	7.0	G_PER_L	5.0;2.0	value is the sum of differing parts; which one the medium means needs the source recipe
DIFFERING_PARTS	data/normalized_yaml/bacterial/medium_630_modified_for_dsm_12048.yaml	CultureMech:006140	Nitrilotriacetic acid	12.9	G_PER_L	0.1;12.8	value is the sum of differing parts; which one the medium means needs the source recipe
DIFFERING_PARTS	data/normalized_yaml/bacterial/medium_630_modified_for_dsm_12049.yaml	CultureMech:006141	Nitrilotriacetic acid	12.9	G_PER_L	0.1;12.8	value is the sum of differing parts; which one the medium means needs the source recipe
DIFFERING_PARTS	data/normalized_yaml/bacterial/medium_630_modified_for_dsm_22673.yaml	CultureMech:006142	Nitrilotriacetic acid	12.9	G_PER_L	0.1;12.8	value is the sum of differing parts; which one the medium means needs the source recipe
DIFFERING_PARTS	data/normalized_yaml/bacterial/medium_630_modified_for_dsm_4252.yaml	CultureMech:006143	Nitrilotriacetic acid	12.9	G_PER_L	0.1;12.8	value is the sum of differing parts; which one the medium means needs the source recipe
DIFFERING_PARTS	data/normalized_yaml/bacterial/medium_630_modified_for_dsm_4253.yaml	CultureMech:006144	Nitrilotriacetic acid	12.9	G_PER_L	0.1;12.8	value is the sum of differing parts; which one the medium means needs the source recipe
DIFFERING_PARTS	data/normalized_yaml/bacterial/medium_78_modified_for_dsm_1396.yaml	CultureMech:006441	NaOH	26.0	G_PER_L	25.0;1.0	value is the sum of differing parts; which one the medium means needs the source recipe
DIFFERING_PARTS	data/normalized_yaml/bacterial/medium_78_modified_for_dsm_1396.yaml	CultureMech:006441	Ethanol	959.5	G_PER_L	9.5;950.0	value is the sum of differing parts; which one the medium means needs the source recipe
DIFFERING_PARTS	data/normalized_yaml/bacterial/medium_78_modified_for_dsm_1447.yaml	CultureMech:006442	NaOH	26.0	G_PER_L	25.0;1.0	value is the sum of differing parts; which one the medium means needs the source recipe
DIFFERING_PARTS	data/normalized_yaml/bacterial/medium_78_modified_for_dsm_1447.yaml	CultureMech:006442	Ethanol	959.5	G_PER_L	9.5;950.0	value is the sum of differing parts; which one the medium means needs the source recipe
DIFFERING_PARTS	data/normalized_yaml/bacterial/medium_78_modified_for_dsm_14838.yaml	CultureMech:006443	NaOH	26.0	G_PER_L	25.0;1.0	value is the sum of differing parts; which one the medium means needs the source recipe
DIFFERING_PARTS	data/normalized_yaml/bacterial/medium_78_modified_for_dsm_14838.yaml	CultureMech:006443	Ethanol	959.5	G_PER_L	9.5;950.0	value is the sum of differing parts; which one the medium means needs the source recipe
DIFFERING_PARTS	data/normalized_yaml/bacterial/medium_78_modified_for_dsm_15896.yaml	CultureMech:006444	NaOH	26.0	G_PER_L	25.0;1.0	value is the sum of differing parts; which one the medium means needs the source recipe
DIFFERING_PARTS	data/normalized_yaml/bacterial/medium_78_modified_for_dsm_15896.yaml	CultureMech:006444	Ethanol	959.5	G_PER_L	9.5;950.0	value is the sum of differing parts; which one the medium means needs the source recipe
DIFFERING_PARTS	data/normalized_yaml/bacterial/medium_78_modified_for_dsm_19291.yaml	CultureMech:006445	NaOH	26.0	G_PER_L	25.0;1.0	value is the sum of differing parts; which one the medium means needs the source recipe
DIFFERING_PARTS	data/normalized_yaml/bacterial/medium_78_modified_for_dsm_19291.yaml	CultureMech:006445	Ethanol	959.5	G_PER_L	9.5;950.0	value is the sum of differing parts; which one the medium means needs the source recipe
DIFFERING_PARTS	data/normalized_yaml/bacterial/medium_78_modified_for_dsm_19346.yaml	CultureMech:006446	NaOH	26.0	G_PER_L	25.0;1.0	value is the sum of differing parts; which one the medium means needs the source recipe
DIFFERING_PARTS	data/normalized_yaml/bacterial/medium_78_modified_for_dsm_19346.yaml	CultureMech:006446	Ethanol	959.5	G_PER_L	9.5;950.0	value is the sum of differing parts; which one the medium means needs the source recipe
DIFFERING_PARTS	data/normalized_yaml/bacterial/medium_78_modified_for_dsm_19458.yaml	CultureMech:006447	NaOH	26.0	G_PER_L	25.0;1.0	value is the sum of differing parts; which one the medium means needs the source recipe
DIFFERING_PARTS	data/normalized_yaml/bacterial/medium_78_modified_for_dsm_19458.yaml	CultureMech:006447	Ethanol	959.5	G_PER_L	9.5;950.0	value is the sum of differing parts; which one the medium means needs the source recipe
DIFFERING_PARTS	data/normalized_yaml/bacterial/medium_78_modified_for_dsm_19528.yaml	CultureMech:006448	NaOH	26.0	G_PER_L	25.0;1.0	value is the sum of differing parts; which one the medium means needs the source recipe
DIFFERING_PARTS	data/normalized_yaml/bacterial/medium_78_modified_for_dsm_19528.yaml	CultureMech:006448	Ethanol	959.5	G_PER_L	9.5;950.0	value is the sum of differing parts; which one the medium means needs the source recipe
DIFFERING_PARTS	data/normalized_yaml/bacterial/medium_78_modified_for_dsm_20708.yaml	CultureMech:006450	NaOH	26.0	G_PER_L	25.0;1.0	value is the sum of differing parts; which one the medium means needs the source recipe
DIFFERING_PARTS	data/normalized_yaml/bacterial/medium_78_modified_for_dsm_20708.yaml	CultureMech:006450	Ethanol	959.5	G_PER_L	9.5;950.0	value is the sum of differing parts; which one the medium means needs the source recipe
DIFFERING_PARTS	data/normalized_yaml/bacterial/medium_78_modified_for_dsm_2079.yaml	CultureMech:006451	NaOH	26.0	G_PER_L	25.0;1.0	value is the sum of differing parts; which one the medium means needs the source recipe
DIFFERING_PARTS	data/normalized_yaml/bacterial/medium_78_modified_for_dsm_2079.yaml	CultureMech:006451	Ethanol	959.5	G_PER_L	9.5;950.0	value is the sum of differing parts; which one the medium means needs the source recipe
DIFFERING_PARTS	data/normalized_yaml/bacterial/medium_78_modified_for_dsm_21255.yaml	CultureMech:006452	NaOH	26.0	G_PER_L	25.0;1.0	value is the sum of differing parts; which one the medium means needs the source recipe
DIFFERING_PARTS	data/normalized_yaml/bacterial/medium_78_modified_for_dsm_21255.yaml	CultureMech:006452	Ethanol	959.5	G_PER_L	9.5;950.0	value is the sum of differing parts; which one the medium means needs the source recipe
DIFFERING_PARTS	data/normalized_yaml/bacterial/medium_78_modified_for_dsm_21682.yaml	CultureMech:006453	NaOH	26.0	G_PER_L	25.0;1.0	value is the sum of differing parts; which one the medium means needs the source recipe
DIFFERING_PARTS	data/normalized_yaml/bacterial/medium_78_modified_for_dsm_21682.yaml	CultureMech:006453	Ethanol	959.5	G_PER_L	9.5;950.0	value is the sum of differing parts; which one the medium means needs the source recipe
DIFFERING_PARTS	data/normalized_yaml/bacterial/medium_78_modified_for_dsm_22070.yaml	CultureMech:006454	NaOH	26.0	G_PER_L	25.0;1.0	value is the sum of differing parts; which one the medium means needs the source recipe
DIFFERING_PARTS	data/normalized_yaml/bacterial/medium_78_modified_for_dsm_22070.yaml	CultureMech:006454	Ethanol	959.5	G_PER_L	9.5;950.0	value is the sum of differing parts; which one the medium means needs the source recipe
DIFFERING_PARTS	data/normalized_yaml/bacterial/medium_78_modified_for_dsm_22519.yaml	CultureMech:006455	NaOH	26.0	G_PER_L	25.0;1.0	value is the sum of differing parts; which one the medium means needs the source recipe
DIFFERING_PARTS	data/normalized_yaml/bacterial/medium_78_modified_for_dsm_22519.yaml	CultureMech:006455	Ethanol	959.5	G_PER_L	9.5;950.0	value is the sum of differing parts; which one the medium means needs the source recipe
DIFFERING_PARTS	data/normalized_yaml/bacterial/medium_78_modified_for_dsm_22534.yaml	CultureMech:006456	NaOH	26.0	G_PER_L	25.0;1.0	value is the sum of differing parts; which one the medium means needs the source recipe
DIFFERING_PARTS	data/normalized_yaml/bacterial/medium_78_modified_for_dsm_22534.yaml	CultureMech:006456	Ethanol	959.5	G_PER_L	9.5;950.0	value is the sum of differing parts; which one the medium means needs the source recipe
DIFFERING_PARTS	data/normalized_yaml/bacterial/medium_78_modified_for_dsm_22535.yaml	CultureMech:006457	NaOH	26.0	G_PER_L	25.0;1.0	value is the sum of differing parts; which one the medium means needs the source recipe
DIFFERING_PARTS	data/normalized_yaml/bacterial/medium_78_modified_for_dsm_22535.yaml	CultureMech:006457	Ethanol	959.5	G_PER_L	9.5;950.0	value is the sum of differing parts; which one the medium means needs the source recipe
DIFFERING_PARTS	data/normalized_yaml/bacterial/medium_78_modified_for_dsm_2255.yaml	CultureMech:006458	NaOH	26.0	G_PER_L	25.0;1.0	value is the sum of differing parts; which one the medium means needs the source recipe
DIFFERING_PARTS	data/normalized_yaml/bacterial/medium_78_modified_for_dsm_2255.yaml	CultureMech:006458	Ethanol	959.5	G_PER_L	9.5;950.0	value is the sum of differing parts; which one the medium means needs the source recipe
DIFFERING_PARTS	data/normalized_yaml/bacterial/medium_78_modified_for_dsm_23057.yaml	CultureMech:006459	NaOH	26.0	G_PER_L	25.0;1.0	value is the sum of differing parts; which one the medium means needs the source recipe
DIFFERING_PARTS	data/normalized_yaml/bacterial/medium_78_modified_for_dsm_23057.yaml	CultureMech:006459	Ethanol	959.5	G_PER_L	9.5;950.0	value is the sum of differing parts; which one the medium means needs the source recipe
DIFFERING_PARTS	data/normalized_yaml/bacterial/medium_78_modified_for_dsm_23058.yaml	CultureMech:006460	NaOH	26.0	G_PER_L	25.0;1.0	value is the sum of differing parts; which one the medium means needs the source recipe
DIFFERING_PARTS	data/normalized_yaml/bacterial/medium_78_modified_for_dsm_23058.yaml	CultureMech:006460	Ethanol	959.5	G_PER_L	9.5;950.0	value is the sum of differing parts; which one the medium means needs the source recipe
DIFFERING_PARTS	data/normalized_yaml/bacterial/medium_78_modified_for_dsm_23370.yaml	CultureMech:006461	NaOH	26.0	G_PER_L	25.0;1.0	value is the sum of differing parts; which one the medium means needs the source recipe
DIFFERING_PARTS	data/normalized_yaml/bacterial/medium_78_modified_for_dsm_23370.yaml	CultureMech:006461	Ethanol	959.5	G_PER_L	9.5;950.0	value is the sum of differing parts; which one the medium means needs the source recipe
DIFFERING_PARTS	data/normalized_yaml/bacterial/medium_78_modified_for_dsm_23371.yaml	CultureMech:006462	NaOH	26.0	G_PER_L	25.0;1.0	value is the sum of differing parts; which one the medium means needs the source recipe
DIFFERING_PARTS	data/normalized_yaml/bacterial/medium_78_modified_for_dsm_23371.yaml	CultureMech:006462	Ethanol	959.5	G_PER_L	9.5;950.0	value is the sum of differing parts; which one the medium means needs the source recipe
DIFFERING_PARTS	data/normalized_yaml/bacterial/medium_78_modified_for_dsm_23386.yaml	CultureMech:006463	NaOH	26.0	G_PER_L	25.0;1.0	value is the sum of differing parts; which one the medium means needs the source recipe
DIFFERING_PARTS	data/normalized_yaml/bacterial/medium_78_modified_for_dsm_23386.yaml	CultureMech:006463	Ethanol	959.5	G_PER_L	9.5;950.0	value is the sum of differing parts; which one the medium means needs the source recipe
DIFFERING_PARTS	data/normalized_yaml/bacterial/medium_78_modified_for_dsm_23387.yaml	CultureMech:006464	NaOH	26.0	G_PER_L	25.0;1.0	value is the sum of differing parts; which one the medium means needs the source recipe
DIFFERING_PARTS	data/normalized_yaml/bacterial/medium_78_modified_for_dsm_23387.yaml	CultureMech:006464	Ethanol	959.5	G_PER_L	9.5;950.0	value is the sum of differing parts; which one the medium means needs the source recipe
DIFFERING_PARTS	data/normalized_yaml/bacterial/medium_78_modified_for_dsm_23594.yaml	CultureMech:006465	NaOH	26.0	G_PER_L	25.0;1.0	value is the sum of differing parts; which one the medium means needs the source recipe
DIFFERING_PARTS	data/normalized_yaml/bacterial/medium_78_modified_for_dsm_23594.yaml	CultureMech:006465	Ethanol	959.5	G_PER_L	9.5;950.0	value is the sum of differing parts; which one the medium means needs the source recipe
DIFFERING_PARTS	data/normalized_yaml/bacterial/medium_78_modified_for_dsm_23917.yaml	CultureMech:006466	NaOH	26.0	G_PER_L	25.0;1.0	value is the sum of differing parts; which one the medium means needs the source recipe
DIFFERING_PARTS	data/normalized_yaml/bacterial/medium_78_modified_for_dsm_23917.yaml	CultureMech:006466	Ethanol	959.5	G_PER_L	9.5;950.0	value is the sum of differing parts; which one the medium means needs the source recipe
DIFFERING_PARTS	data/normalized_yaml/bacterial/medium_78_modified_for_dsm_23919.yaml	CultureMech:006467	NaOH	26.0	G_PER_L	25.0;1.0	value is the sum of differing parts; which one the medium means needs the source recipe
DIFFERING_PARTS	data/normalized_yaml/bacterial/medium_78_modified_for_dsm_23919.yaml	CultureMech:006467	Ethanol	959.5	G_PER_L	9.5;950.0	value is the sum of differing parts; which one the medium means needs the source recipe
DIFFERING_PARTS	data/normalized_yaml/bacterial/medium_78_modified_for_dsm_23940.yaml	CultureMech:006468	NaOH	26.0	G_PER_L	25.0;1.0	value is the sum of differing parts; which one the medium means needs the source recipe
DIFFERING_PARTS	data/normalized_yaml/bacterial/medium_78_modified_for_dsm_23940.yaml	CultureMech:006468	Ethanol	959.5	G_PER_L	9.5;950.0	value is the sum of differing parts; which one the medium means needs the source recipe
DIFFERING_PARTS	data/normalized_yaml/bacterial/medium_78_modified_for_dsm_23941.yaml	CultureMech:006469	NaOH	26.0	G_PER_L	25.0;1.0	value is the sum of differing parts; which one the medium means needs the source recipe
DIFFERING_PARTS	data/normalized_yaml/bacterial/medium_78_modified_for_dsm_23941.yaml	CultureMech:006469	Ethanol	959.5	G_PER_L	9.5;950.0	value is the sum of differing parts; which one the medium means needs the source recipe
DIFFERING_PARTS	data/normalized_yaml/bacterial/medium_78_modified_for_dsm_24798.yaml	CultureMech:006470	NaOH	26.0	G_PER_L	25.0;1.0	value is the sum of differing parts; which one the medium means needs the source recipe
DIFFERING_PARTS	data/normalized_yaml/bacterial/medium_78_modified_for_dsm_24798.yaml	CultureMech:006470	Ethanol	959.5	G_PER_L	9.5;950.0	value is the sum of differing parts; which one the medium means needs the source recipe
DIFFERING_PARTS	data/normalized_yaml/bacterial/medium_78_modified_for_dsm_3979.yaml	CultureMech:006472	NaOH	26.0	G_PER_L	25.0;1.0	value is the sum of differing parts; which one the medium means needs the source recipe
DIFFERING_PARTS	data/normalized_yaml/bacterial/medium_78_modified_for_dsm_3979.yaml	CultureMech:006472	Ethanol	959.5	G_PER_L	9.5;950.0	value is the sum of differing parts; which one the medium means needs the source recipe
DIFFERING_PARTS	data/normalized_yaml/bacterial/medium_78_modified_for_dsm_3983.yaml	CultureMech:006473	NaOH	26.0	G_PER_L	25.0;1.0	value is the sum of differing parts; which one the medium means needs the source recipe
DIFFERING_PARTS	data/normalized_yaml/bacterial/medium_78_modified_for_dsm_3983.yaml	CultureMech:006473	Ethanol	959.5	G_PER_L	9.5;950.0	value is the sum of differing parts; which one the medium means needs the source recipe
DIFFERING_PARTS	data/normalized_yaml/bacterial/medium_78_modified_for_dsm_3989.yaml	CultureMech:006474	NaOH	26.0	G_PER_L	25.0;1.0	value is the sum of differing parts; which one the medium means needs the source recipe
DIFFERING_PARTS	data/normalized_yaml/bacterial/medium_78_modified_for_dsm_3989.yaml	CultureMech:006474	Ethanol	959.5	G_PER_L	9.5;950.0	value is the sum of differing parts; which one the medium means needs the source recipe
DIFFERING_PARTS	data/normalized_yaml/bacterial/medium_78_modified_for_dsm_3991.yaml	CultureMech:006475	NaOH	26.0	G_PER_L	25.0;1.0	value is the sum of differing parts; which one the medium means needs the source recipe
DIFFERING_PARTS	data/normalized_yaml/bacterial/medium_78_modified_for_dsm_3991.yaml	CultureMech:006475	Ethanol	959.5	G_PER_L	9.5;950.0	value is the sum of differing parts; which one the medium means needs the source recipe
DIFFERING_PARTS	data/normalized_yaml/bacterial/medium_78_modified_for_dsm_3992.yaml	CultureMech:006476	NaOH	26.0	G_PER_L	25.0;1.0	value is the sum of differing parts; which one the medium means needs the source recipe
DIFFERING_PARTS	data/normalized_yaml/bacterial/medium_78_modified_for_dsm_3992.yaml	CultureMech:006476	Ethanol	959.5	G_PER_L	9.5;950.0	value is the sum of differing parts; which one the medium means needs the source recipe
DIFFERING_PARTS	data/normalized_yaml/bacterial/medium_78_modified_for_dsm_6011.yaml	CultureMech:006477	NaOH	26.0	G_PER_L	25.0;1.0	value is the sum of differing parts; which one the medium means needs the source recipe
DIFFERING_PARTS	data/normalized_yaml/bacterial/medium_78_modified_for_dsm_6011.yaml	CultureMech:006477	Ethanol	959.5	G_PER_L	9.5;950.0	value is the sum of differing parts; which one the medium means needs the source recipe
DIFFERING_PARTS	data/normalized_yaml/bacterial/medium_78a_modified_for_dsm_12168.yaml	CultureMech:006492	NaOH	26.0	G_PER_L	25.0;1.0	value is the sum of differing parts; which one the medium means needs the source recipe
DIFFERING_PARTS	data/normalized_yaml/bacterial/medium_78a_modified_for_dsm_12168.yaml	CultureMech:006492	Ethanol	959.5	G_PER_L	9.5;950.0	value is the sum of differing parts; which one the medium means needs the source recipe
DIFFERING_PARTS	data/normalized_yaml/bacterial/medium_797_modified_for_dsm_11619.yaml	CultureMech:006507	NaOH	26.0	G_PER_L	25.0;1.0	value is the sum of differing parts; which one the medium means needs the source recipe
DIFFERING_PARTS	data/normalized_yaml/bacterial/medium_81_modified_for_dsm_21442.yaml	CultureMech:006529	MnCl2 x 4 H2O	0.03543478	G_PER_L	0.00543478;0.03	value is the sum of differing parts; which one the medium means needs the source recipe
DIFFERING_PARTS	data/normalized_yaml/bacterial/medium_836_modified_for_dsm_13498.yaml	CultureMech:006628	FeCl2 x 4 H2O	1.502	G_PER_L	0.002;1.5	value is the sum of differing parts; which one the medium means needs the source recipe
DIFFERING_PARTS	data/normalized_yaml/bacterial/medium_935_modified_for_dsm_14783.yaml	CultureMech:006855	NaCl	25.728	G_PER_L	24.728;1.0	value is the sum of differing parts; which one the medium means needs the source recipe
DIFFERING_PARTS	data/normalized_yaml/bacterial/medium_944a_modified_for_dsm_18852.yaml	CultureMech:006876	Na2MoO4 x 2 H2O	0.039	G_PER_L	0.036;0.003	value is the sum of differing parts; which one the medium means needs the source recipe
DIFFERING_PARTS	data/normalized_yaml/bacterial/medium_for_acidithiobacillus_ferrooxidans.yaml	CultureMech:008660	Distilled water	891.0	G_PER_L	890.0;1.0	value is the sum of differing parts; which one the medium means needs the source recipe
DIFFERING_PARTS	data/normalized_yaml/bacterial/medium_for_aerobic_growth_of_strain_sk43h.yaml	CultureMech:008470	Distilled water	1189.0	G_PER_L	1.0;987.0;1.0;100.0;100.0	value is the sum of differing parts; which one the medium means needs the source recipe
DIFFERING_PARTS	data/normalized_yaml/bacterial/medium_for_arhodomonas_and_marinobacter.yaml	CultureMech:002117	NaCl	156.0	G_PER_L	150.0;6.0	value is the sum of differing parts; which one the medium means needs the source recipe
DIFFERING_PARTS	data/normalized_yaml/bacterial/medium_for_carbon_dioxide_reducers.yaml	CultureMech:006792	MgSO4 x 7 H2O	3.11976	G_PER_L	0.11976;3.0	value is the sum of differing parts; which one the medium means needs the source recipe
DIFFERING_PARTS	data/normalized_yaml/bacterial/medium_for_carbon_dioxide_reducers.yaml	CultureMech:006792	CaCl2 x 2 H2O	0.1798403	G_PER_L	0.0798403;0.1	value is the sum of differing parts; which one the medium means needs the source recipe
DIFFERING_PARTS	data/normalized_yaml/bacterial/medium_for_enhydromyxa_salsuginosa.yaml	CultureMech:000536	H3BO3	0.32	G_PER_L	0.02;0.3	value is the sum of differing parts; which one the medium means needs the source recipe
DIFFERING_PARTS	data/normalized_yaml/bacterial/medium_for_nitrosococcus.yaml	CultureMech:008754	Distilled water	301.0	G_PER_L	1.0;100.0;100.0;100.0	value is the sum of differing parts; which one the medium means needs the source recipe
DIFFERING_PARTS	data/normalized_yaml/bacterial/medium_for_strain_bsn1.yaml	CultureMech:008559	Distilled water	2233.0	G_PER_L	945.0;987.0;1.0;100.0;100.0;100.0	value is the sum of differing parts; which one the medium means needs the source recipe
DIFFERING_PARTS	data/normalized_yaml/bacterial/medium_for_strain_c_g2.yaml	CultureMech:008224	Distilled water	1190.0	G_PER_L	1.0;987.0;1.0;100.0;100.0;1.0	value is the sum of differing parts; which one the medium means needs the source recipe
DIFFERING_PARTS	data/normalized_yaml/bacterial/medium_for_strain_c_l2.yaml	CultureMech:008225	Distilled water	1290.0	G_PER_L	1.0;987.0;1.0;100.0;100.0;1.0;100.0	value is the sum of differing parts; which one the medium means needs the source recipe
DIFFERING_PARTS	data/normalized_yaml/bacterial/medium_for_strain_gh1.yaml	CultureMech:008524	Distilled water	993.0	G_PER_L	1.0;1.0;1.0;990.0	value is the sum of differing parts; which one the medium means needs the source recipe
DIFFERING_PARTS	data/normalized_yaml/bacterial/medium_for_strain_ha5.yaml	CultureMech:008635	Distilled water	2139.0	G_PER_L	950.0;987.0;1.0;1.0;100.0;100.0	value is the sum of differing parts; which one the medium means needs the source recipe
DIFFERING_PARTS	data/normalized_yaml/bacterial/medium_for_strain_hc45_anaerobic_cultivation.yaml	CultureMech:008616	Distilled water	2251.5	G_PER_L	963.5;987.0;1.0;100.0;100.0;100.0	value is the sum of differing parts; which one the medium means needs the source recipe
DIFFERING_PARTS	data/normalized_yaml/bacterial/medium_for_strain_ja143.yaml	CultureMech:008382	Distilled water	991.0	G_PER_L	1.0;990.0	value is the sum of differing parts; which one the medium means needs the source recipe
DIFFERING_PARTS	data/normalized_yaml/bacterial/medium_for_strain_ja333_and_ja492.yaml	CultureMech:008480	Distilled water	991.0	G_PER_L	1.0;990.0	value is the sum of differing parts; which one the medium means needs the source recipe
DIFFERING_PARTS	data/normalized_yaml/bacterial/medium_for_strain_ja349_and_ja350.yaml	CultureMech:008399	Distilled water	991.0	G_PER_L	1.0;990.0	value is the sum of differing parts; which one the medium means needs the source recipe
DIFFERING_PARTS	data/normalized_yaml/bacterial/medium_for_strain_ja363_ja395_and_ja418.yaml	CultureMech:008405	Distilled water	991.0	G_PER_L	1.0;990.0	value is the sum of differing parts; which one the medium means needs the source recipe
DIFFERING_PARTS	data/normalized_yaml/bacterial/medium_for_strain_ja480.yaml	CultureMech:008447	Distilled water	991.0	G_PER_L	1.0;990.0	value is the sum of differing parts; which one the medium means needs the source recipe
DIFFERING_PARTS	data/normalized_yaml/bacterial/medium_for_strain_ja580.yaml	CultureMech:008492	Distilled water	991.0	G_PER_L	1.0;990.0	value is the sum of differing parts; which one the medium means needs the source recipe
DIFFERING_PARTS	data/normalized_yaml/bacterial/medium_for_strain_ja746.yaml	CultureMech:008530	Distilled water	991.0	G_PER_L	1.0;990.0	value is the sum of differing parts; which one the medium means needs the source recipe
DIFFERING_PARTS	data/normalized_yaml/bacterial/medium_for_strain_kkc1.yaml	CultureMech:008555	Distilled water	1002.0	G_PER_L	1000.0;1.0;1.0	value is the sum of differing parts; which one the medium means needs the source recipe
DIFFERING_PARTS	data/normalized_yaml/bacterial/medium_for_strain_koba311.yaml	CultureMech:008636	Distilled water	1980.0	G_PER_L	938.0;990.0;1.0;10.0;30.0;1.0;10.0	value is the sum of differing parts; which one the medium means needs the source recipe
DIFFERING_PARTS	data/normalized_yaml/bacterial/medium_for_strain_m6_x2.yaml	CultureMech:008649	Distilled water	952.0	G_PER_L	950.0;1.0;1.0	value is the sum of differing parts; which one the medium means needs the source recipe
DIFFERING_PARTS	data/normalized_yaml/bacterial/medium_for_strain_m6_x2.yaml	CultureMech:008649	MgSO4·7H2O	0.7	G_PER_L	0.2;0.5	value is the sum of differing parts; which one the medium means needs the source recipe
DIFFERING_PARTS	data/normalized_yaml/bacterial/medium_for_strain_m6_x2.yaml	CultureMech:008649	NaCl	7.0	G_PER_L	5.0;2.0	value is the sum of differing parts; which one the medium means needs the source recipe
DIFFERING_PARTS	data/normalized_yaml/bacterial/medium_for_strain_m6_x2.yaml	CultureMech:008649	K2HPO4	3.0	G_PER_L	2.0;1.0	value is the sum of differing parts; which one the medium means needs the source recipe
DIFFERING_PARTS	data/normalized_yaml/bacterial/medium_for_strain_ok2g.yaml	CultureMech:008701	Distilled Water	991.0	G_PER_L	1.0;990.0	value is the sum of differing parts; which one the medium means needs the source recipe
DIFFERING_PARTS	data/normalized_yaml/bacterial/medium_for_strain_pf12b.yaml	CultureMech:008617	Distilled water	2251.5	G_PER_L	963.5;987.0;1.0;100.0;100.0;100.0	value is the sum of differing parts; which one the medium means needs the source recipe
DIFFERING_PARTS	data/normalized_yaml/bacterial/medium_for_strain_r_1.yaml	CultureMech:008433	Distilled water	101.0	G_PER_L	1.0;100.0	value is the sum of differing parts; which one the medium means needs the source recipe
DIFFERING_PARTS	data/normalized_yaml/bacterial/medium_for_strain_sk43h.yaml	CultureMech:008431	Distilled water	1289.0	G_PER_L	1.0;987.0;1.0;100.0;100.0;100.0	value is the sum of differing parts; which one the medium means needs the source recipe
DIFFERING_PARTS	data/normalized_yaml/bacterial/medium_for_strain_skb26.yaml	CultureMech:008419	Distilled water	1289.0	G_PER_L	1.0;987.0;1.0;100.0;100.0;100.0	value is the sum of differing parts; which one the medium means needs the source recipe
DIFFERING_PARTS	data/normalized_yaml/bacterial/medium_for_strain_sr45.yaml	CultureMech:008558	Distilled water	2108.0	G_PER_L	970.0;987.0;1.0;100.0;50.0	value is the sum of differing parts; which one the medium means needs the source recipe
DIFFERING_PARTS	data/normalized_yaml/bacterial/medium_for_strain_t08.yaml	CultureMech:008634	Distilled water	2252.0	G_PER_L	964.0;987.0;1.0;100.0;100.0;100.0	value is the sum of differing parts; which one the medium means needs the source recipe
DIFFERING_PARTS	data/normalized_yaml/bacterial/medium_for_strain_t_1_35.yaml	CultureMech:008566	Distilled water	1192.0	G_PER_L	1.0;990.0;1.0;100.0;100.0	value is the sum of differing parts; which one the medium means needs the source recipe
DIFFERING_PARTS	data/normalized_yaml/bacterial/medium_for_strain_ug1.yaml	CultureMech:008481	Distilled water	103.0	G_PER_L	1.0;1.0;1.0;100.0	value is the sum of differing parts; which one the medium means needs the source recipe
DIFFERING_PARTS	data/normalized_yaml/bacterial/medium_for_strains_ja121_and_ja322.yaml	CultureMech:008370	Distilled water	991.0	G_PER_L	1.0;990.0	value is the sum of differing parts; which one the medium means needs the source recipe
DIFFERING_PARTS	data/normalized_yaml/bacterial/medium_for_strains_ja145_ja193_ja310_ja334_ja415_ja430_ja447_and_ja643.yaml	CultureMech:008408	Distilled water	991.0	G_PER_L	1.0;990.0	value is the sum of differing parts; which one the medium means needs the source recipe
DIFFERING_PARTS	data/normalized_yaml/bacterial/medium_for_strains_ja430.yaml	CultureMech:008438	Distilled water	991.0	G_PER_L	1.0;990.0	value is the sum of differing parts; which one the medium means needs the source recipe
DIFFERING_PARTS	data/normalized_yaml/bacterial/medium_for_sulfur_oxidizing_bacteria.yaml	CultureMech:008686	Distilled water	104.0	G_PER_L	1.0;1.0;1.0;100.0;1.0	value is the sum of differing parts; which one the medium means needs the source recipe
DIFFERING_PARTS	data/normalized_yaml/bacterial/medium_for_tepidanaerobacter.yaml	CultureMech:008131	CaCl2·2H2O	0.25	G_PER_L	0.15;0.1	value is the sum of differing parts; which one the medium means needs the source recipe
DIFFERING_PARTS	data/normalized_yaml/bacterial/medium_for_thiorhodovibrio_frisius.yaml	CultureMech:001206	Double distilled water	1050.0	G_PER_L	1000.0;50.0	value is the sum of differing parts; which one the medium means needs the source recipe
DIFFERING_PARTS	data/normalized_yaml/bacterial/medium_for_thiorhodovibrio_frisius.yaml	CultureMech:001206	Na2S x 9 H2O	28.300227	G_PER_L	0.300227;28.0	value is the sum of differing parts; which one the medium means needs the source recipe
DIFFERING_PARTS	data/normalized_yaml/bacterial/medium_for_thiorhodovibrio_frisius.yaml	CultureMech:001206	Vitamin B12	0.021	G_PER_L	0.001;0.02	value is the sum of differing parts; which one the medium means needs the source recipe
DIFFERING_PARTS	data/normalized_yaml/bacterial/medium_for_treponema_parvum.yaml	CultureMech:001930	NaOH	27.0	G_PER_L	1.0;25.0;1.0	value is the sum of differing parts; which one the medium means needs the source recipe
DIFFERING_PARTS	data/normalized_yaml/bacterial/medium_for_treponema_parvum.yaml	CultureMech:001930	Yeast extract	36.87805	G_PER_L	32.0;4.87805	value is the sum of differing parts; which one the medium means needs the source recipe
DIFFERING_PARTS	data/normalized_yaml/bacterial/medium_for_treponema_parvum.yaml	CultureMech:001930	Ethanol	959.5	G_PER_L	9.5;950.0	value is the sum of differing parts; which one the medium means needs the source recipe
DIFFERING_PARTS	data/normalized_yaml/bacterial/medium_gy_vl55.yaml	CultureMech:000726	NaOH	8.5	G_PER_L	8.0;0.5	value is the sum of differing parts; which one the medium means needs the source recipe
DIFFERING_PARTS	data/normalized_yaml/bacterial/medium_vl55.yaml	CultureMech:000725	MES	5.85	G_PER_L	1.95;3.9	value is the sum of differing parts; which one the medium means needs the source recipe
DIFFERING_PARTS	data/normalized_yaml/bacterial/medium_vl55.yaml	CultureMech:000725	(NH4)2HPO4	2.679236	G_PER_L	0.026412;0.052824;2.6	value is the sum of differing parts; which one the medium means needs the source recipe
DIFFERING_PARTS	data/normalized_yaml/bacterial/medium_vl55.yaml	CultureMech:000725	NaOH	8.5	G_PER_L	8.0;0.5	value is the sum of differing parts; which one the medium means needs the source recipe
DIFFERING_PARTS	data/normalized_yaml/bacterial/medium_with_biphenyl.yaml	CultureMech:001571	Agar	50.0	G_PER_L	15.0;15.0;20.0	value is the sum of differing parts; which one the medium means needs the source recipe
COEXISTING_ROW	data/normalized_yaml/bacterial/medium_with_biphenyl.yaml	CultureMech:001571	Agar	50.0;15.0	G_PER_L		2 rows name this ingredient in one record, one of them a merge survivor — a consumer double-counts
DIFFERING_PARTS	data/normalized_yaml/bacterial/medium_with_chloroacrylic_acid.yaml	CultureMech:001570	Agar	50.0	G_PER_L	15.0;15.0;20.0	value is the sum of differing parts; which one the medium means needs the source recipe
COEXISTING_ROW	data/normalized_yaml/bacterial/medium_with_chloroacrylic_acid.yaml	CultureMech:001570	Agar	50.0;15.0	G_PER_L		2 rows name this ingredient in one record, one of them a merge survivor — a consumer double-counts
DIFFERING_PARTS	data/normalized_yaml/bacterial/medium_with_chloroacrylic_acid_replace_3_chloroacrylic_acid_with_glucose.yaml	CultureMech:005460	Agar	50.0	G_PER_L	15.0;15.0;20.0	value is the sum of differing parts; which one the medium means needs the source recipe
COEXISTING_ROW	data/normalized_yaml/bacterial/medium_with_chloroacrylic_acid_replace_3_chloroacrylic_acid_with_glucose.yaml	CultureMech:005460	Agar	50.0;15.0	G_PER_L		2 rows name this ingredient in one record, one of them a merge survivor — a consumer double-counts
DIFFERING_PARTS	data/normalized_yaml/bacterial/medium_with_edta_as_carbon_source.yaml	CultureMech:001602	Biotin	0.802	G_PER_L	0.8;0.002	value is the sum of differing parts; which one the medium means needs the source recipe
DIFFERING_PARTS	data/normalized_yaml/bacterial/medium_with_fluoranthene_or_phenanthrene.yaml	CultureMech:005459	Agar	50.0	G_PER_L	15.0;15.0;20.0	value is the sum of differing parts; which one the medium means needs the source recipe
COEXISTING_ROW	data/normalized_yaml/bacterial/medium_with_fluoranthene_or_phenanthrene.yaml	CultureMech:005459	Agar	50.0;15.0	G_PER_L		2 rows name this ingredient in one record, one of them a merge survivor — a consumer double-counts
DIFFERING_PARTS	data/normalized_yaml/bacterial/medium_with_polyhydroxybutyric_acid_as_carbon_source.yaml	CultureMech:001603	Agar	66.0	G_PER_L	16.0;15.0;15.0;20.0	value is the sum of differing parts; which one the medium means needs the source recipe
COEXISTING_ROW	data/normalized_yaml/bacterial/medium_with_polyhydroxybutyric_acid_as_carbon_source.yaml	CultureMech:001603	Agar	66.0;15.0	G_PER_L		2 rows name this ingredient in one record, one of them a merge survivor — a consumer double-counts
DIFFERING_PARTS	data/normalized_yaml/bacterial/meiothermus_hypogaeus_medium.yaml	CultureMech:000920	NaCl	1.008	G_PER_L	0.008;1.0	value is the sum of differing parts; which one the medium means needs the source recipe
DIFFERING_PARTS	data/normalized_yaml/bacterial/metallibacterium_medium.yaml	CultureMech:000942	CaCl2 x 2 H2O	1.145833	G_PER_L	0.145833;1.0	value is the sum of differing parts; which one the medium means needs the source recipe
DIFFERING_PARTS	data/normalized_yaml/bacterial/metallibacterium_medium.yaml	CultureMech:000942	FeSO4 x 7 H2O	1.00992064	G_PER_L	0.00992064;1.0	value is the sum of differing parts; which one the medium means needs the source recipe
DIFFERING_PARTS	data/normalized_yaml/bacterial/methylocapsa_aurea_medium.yaml	CultureMech:000780	FeSO4 x 7 H2O	3.54	G_PER_L	2.0;1.54	value is the sum of differing parts; which one the medium means needs the source recipe
DIFFERING_PARTS	data/normalized_yaml/bacterial/methyloceanus_cenitepidus_medium.yaml	CultureMech:000955	NaCl	38.0	G_PER_L	18.0;20.0	value is the sum of differing parts; which one the medium means needs the source recipe
DIFFERING_PARTS	data/normalized_yaml/bacterial/methylocella_silverstris_medium.yaml	CultureMech:000623	Na2HPO4 x 12 H2O	6.447	G_PER_L	0.717;5.73	value is the sum of differing parts; which one the medium means needs the source recipe
DIFFERING_PARTS	data/normalized_yaml/bacterial/methylococcus_medium.yaml	CultureMech:000837	Na2HPO4	60.82	G_PER_L	48.95;11.87	value is the sum of differing parts; which one the medium means needs the source recipe
DIFFERING_PARTS	data/normalized_yaml/bacterial/methyloferula_stellata_medium.yaml	CultureMech:000779	FeSO4 x 7 H2O	3.54	G_PER_L	2.0;1.54	value is the sum of differing parts; which one the medium means needs the source recipe
DIFFERING_PARTS	data/normalized_yaml/bacterial/methylomonas_medium_wsc.yaml	CultureMech:001215	H3BO3	0.09	G_PER_L	0.08;0.01	value is the sum of differing parts; which one the medium means needs the source recipe
DIFFERING_PARTS	data/normalized_yaml/bacterial/methylophaga_medium.yaml	CultureMech:000794	NaCl	25.0	G_PER_L	24.0;1.0	value is the sum of differing parts; which one the medium means needs the source recipe
DIFFERING_PARTS	data/normalized_yaml/bacterial/methylophaga_medium.yaml	CultureMech:000794	CaCl2	1.1	G_PER_L	1.0;0.1	value is the sum of differing parts; which one the medium means needs the source recipe
DIFFERING_PARTS	data/normalized_yaml/bacterial/methylophaga_medium_1403.yaml	CultureMech:009040	Distilled water	1200.0	G_PER_L	1000.0;100.0;100.0	value is the sum of differing parts; which one the medium means needs the source recipe
DIFFERING_PARTS	data/normalized_yaml/bacterial/methylophaga_medium_1403.yaml	CultureMech:009040	NaCl	24.1	G_PER_L	24.0;0.1	value is the sum of differing parts; which one the medium means needs the source recipe
DIFFERING_PARTS	data/normalized_yaml/bacterial/methylophaga_medium_1403.yaml	CultureMech:009040	CaCl2	11.0	G_PER_L	1.0;10.0	value is the sum of differing parts; which one the medium means needs the source recipe
DIFFERING_PARTS	data/normalized_yaml/bacterial/methylophaga_medium_1403.yaml	CultureMech:009040	Bis-Tris	10.5	G_PER_L	0.5;10.0	value is the sum of differing parts; which one the medium means needs the source recipe
DIFFERING_PARTS	data/normalized_yaml/bacterial/methylophaga_medium_1403_add_agar.yaml	CultureMech:009041	Distilled water	1200.0	G_PER_L	1000.0;100.0;100.0	value is the sum of differing parts; which one the medium means needs the source recipe
DIFFERING_PARTS	data/normalized_yaml/bacterial/methylophaga_medium_1403_add_agar.yaml	CultureMech:009041	NaCl	24.1	G_PER_L	24.0;0.1	value is the sum of differing parts; which one the medium means needs the source recipe
DIFFERING_PARTS	data/normalized_yaml/bacterial/methylophaga_medium_1403_add_agar.yaml	CultureMech:009041	CaCl2	11.0	G_PER_L	1.0;10.0	value is the sum of differing parts; which one the medium means needs the source recipe
DIFFERING_PARTS	data/normalized_yaml/bacterial/methylophaga_medium_1403_add_agar.yaml	CultureMech:009041	Bis-Tris	10.5	G_PER_L	0.5;10.0	value is the sum of differing parts; which one the medium means needs the source recipe
DIFFERING_PARTS	data/normalized_yaml/bacterial/methyloprofundus_sedimenti_medium.yaml	CultureMech:001043	CaCl2 x 2 H2O	2.1	G_PER_L	2.0;0.1	value is the sum of differing parts; which one the medium means needs the source recipe
DIFFERING_PARTS	data/normalized_yaml/bacterial/methyloprofundus_sedimenti_medium.yaml	CultureMech:001043	NaCl	301.0	G_PER_L	1.0;300.0	value is the sum of differing parts; which one the medium means needs the source recipe
DIFFERING_PARTS	data/normalized_yaml/bacterial/methylotenera_medium.yaml	CultureMech:002345	NaCl	25.4858	G_PER_L	24.4858;1.0	value is the sum of differing parts; which one the medium means needs the source recipe
DIFFERING_PARTS	data/normalized_yaml/bacterial/methylotenera_medium.yaml	CultureMech:002345	CaCl2 x 2 H2O	0.23712	G_PER_L	0.13712;0.1	value is the sum of differing parts; which one the medium means needs the source recipe
DIFFERING_PARTS	data/normalized_yaml/bacterial/methylotenera_medium.yaml	CultureMech:002345	MgSO4 x 7 H2O	6.33007	G_PER_L	3.33007;3.0	value is the sum of differing parts; which one the medium means needs the source recipe
DIFFERING_PARTS	data/normalized_yaml/bacterial/methylotenera_medium.yaml	CultureMech:002345	CuSO4 x 5 H2O	0.010244858	G_PER_L	0.000244858;0.01	value is the sum of differing parts; which one the medium means needs the source recipe
DIFFERING_PARTS	data/normalized_yaml/bacterial/methylothermus_medium.yaml	CultureMech:000874	CuSO4 x 5 H2O	0.259686	G_PER_L	0.249686;0.01	value is the sum of differing parts; which one the medium means needs the source recipe
DIFFERING_PARTS	data/normalized_yaml/bacterial/methylothermus_medium.yaml	CultureMech:000874	NaCl	32.8805	G_PER_L	3.0;29.8805	value is the sum of differing parts; which one the medium means needs the source recipe
DIFFERING_PARTS	data/normalized_yaml/bacterial/methylothermus_medium.yaml	CultureMech:000874	CaCl2 x 2 H2O	0.876813	G_PER_L	0.08;0.796813	value is the sum of differing parts; which one the medium means needs the source recipe
DIFFERING_PARTS	data/normalized_yaml/bacterial/methylothermus_medium.yaml	CultureMech:000874	MgSO4 x 7 H2O	3.72645	G_PER_L	0.34;3.38645	value is the sum of differing parts; which one the medium means needs the source recipe
DIFFERING_PARTS	data/normalized_yaml/bacterial/methylothermus_medium.yaml	CultureMech:000874	MgCl2 x 6 H2O	4.58335	G_PER_L	0.42;4.16335	value is the sum of differing parts; which one the medium means needs the source recipe
DIFFERING_PARTS	data/normalized_yaml/bacterial/methylothermus_medium.yaml	CultureMech:000874	KCl	33.328685	G_PER_L	33.0;0.328685	value is the sum of differing parts; which one the medium means needs the source recipe
DIFFERING_PARTS	data/normalized_yaml/bacterial/methylothermus_medium.yaml	CultureMech:000874	NH4Cl	0.499004	G_PER_L	0.25;0.249004	value is the sum of differing parts; which one the medium means needs the source recipe
DIFFERING_PARTS	data/normalized_yaml/bacterial/methylothermus_medium.yaml	CultureMech:000874	NaNO3	0.499004	G_PER_L	0.25;0.249004	value is the sum of differing parts; which one the medium means needs the source recipe
DIFFERING_PARTS	data/normalized_yaml/bacterial/methylothermus_medium.yaml	CultureMech:000874	Na2SiO3 x 9 H2O	0.000399203	G_PER_L	0.0002;0.000199203	value is the sum of differing parts; which one the medium means needs the source recipe
DIFFERING_PARTS	data/normalized_yaml/bacterial/methylothermus_medium.yaml	CultureMech:000874	Fe2(SO4)3 x n H2O	0.0399203	G_PER_L	0.02;0.0199203	value is the sum of differing parts; which one the medium means needs the source recipe
DIFFERING_PARTS	data/normalized_yaml/bacterial/mg_medium.yaml	CultureMech:005888	CaCl2 x 2 H2O	0.238477	G_PER_L	0.138477;0.1	value is the sum of differing parts; which one the medium means needs the source recipe
DIFFERING_PARTS	data/normalized_yaml/bacterial/mg_medium.yaml	CultureMech:005888	NaCl	149.368	G_PER_L	148.368;1.0	value is the sum of differing parts; which one the medium means needs the source recipe
DIFFERING_PARTS	data/normalized_yaml/bacterial/mh1_medium_for_saliarchaeum_acidophilum.yaml	CultureMech:003119	NaCl	250.0	G_PER_L	200.0;50.0	value is the sum of differing parts; which one the medium means needs the source recipe
DIFFERING_PARTS	data/normalized_yaml/bacterial/mh1_medium_for_saliarchaeum_rubrodurum.yaml	CultureMech:003118	NaCl	250.0	G_PER_L	200.0;50.0	value is the sum of differing parts; which one the medium means needs the source recipe
DIFFERING_PARTS	data/normalized_yaml/bacterial/mh_ocm_medium.yaml	CultureMech:009202	Distilled Water	1289.0	G_PER_L	976.0;1.0;1.0;1.0;10.0;100.0;100.0;100.0	value is the sum of differing parts; which one the medium means needs the source recipe
DIFFERING_PARTS	data/normalized_yaml/bacterial/mh_ocm_medium.yaml	CultureMech:009202	NaCl	88.75	G_PER_L	87.75;1.0	value is the sum of differing parts; which one the medium means needs the source recipe
DIFFERING_PARTS	data/normalized_yaml/bacterial/microaerobic_sulfur_oxidizing_bacteria_medium.yaml	CultureMech:008292	NaCl	31.0	G_PER_L	30.0;1.0	value is the sum of differing parts; which one the medium means needs the source recipe
DIFFERING_PARTS	data/normalized_yaml/bacterial/microaerobic_sulfur_oxidizing_bacteria_medium.yaml	CultureMech:008292	CaCl2·2H2O	0.25	G_PER_L	0.15;0.1	value is the sum of differing parts; which one the medium means needs the source recipe
DIFFERING_PARTS	data/normalized_yaml/bacterial/microaerophilic_lutibacter_medium.yaml	CultureMech:002249	NaCl	28.5	G_PER_L	27.5;1.0	value is the sum of differing parts; which one the medium means needs the source recipe
DIFFERING_PARTS	data/normalized_yaml/bacterial/microaerophilic_lutibacter_medium.yaml	CultureMech:002249	CaCl2 x 2 H2O	1.5	G_PER_L	1.4;0.1	value is the sum of differing parts; which one the medium means needs the source recipe
DIFFERING_PARTS	data/normalized_yaml/bacterial/middle_brook_medium.yaml	CultureMech:008914	Distilled water	1000.0	G_PER_L	900.0;100.0	value is the sum of differing parts; which one the medium means needs the source recipe
DIFFERING_PARTS	data/normalized_yaml/bacterial/middlebrook_7h10_plates_difco_supplemented_with_middlebrook_albumin_dextrose_catalase_and_tween_80.yaml	CultureMech:009413	Distilled water	500.0	G_PER_L	450.0;50.0	value is the sum of differing parts; which one the medium means needs the source recipe
DIFFERING_PARTS	data/normalized_yaml/bacterial/middlebrook_7h10_with_oadc.yaml	CultureMech:008980	DI Water	1000.0	G_PER_L	900.0;100.0	value is the sum of differing parts; which one the medium means needs the source recipe
DIFFERING_PARTS	data/normalized_yaml/bacterial/middlebrook_7h11_agar.yaml	CultureMech:008525	Distilled water	896.0	G_PER_L	895.0;1.0	value is the sum of differing parts; which one the medium means needs the source recipe
DIFFERING_PARTS	data/normalized_yaml/bacterial/middlebrook_7h11_agar_difco.yaml	CultureMech:008990	Distilled water	901.0	G_PER_L	900.0;1.0	value is the sum of differing parts; which one the medium means needs the source recipe
DIFFERING_PARTS	data/normalized_yaml/bacterial/middlebrook_7h11_solid_medium_supplemented_with_10_albumin_dextrose_and_catalase.yaml	CultureMech:008984	Distilled water	500.0	G_PER_L	450.0;50.0	value is the sum of differing parts; which one the medium means needs the source recipe
DIFFERING_PARTS	data/normalized_yaml/bacterial/middlebrook_7h9_broth_supplemented_with_oleic_acid_albumin_dextrose_catalase_difco.yaml	CultureMech:008985	DI Water	1000.0	G_PER_L	900.0;100.0	value is the sum of differing parts; which one the medium means needs the source recipe
DIFFERING_PARTS	data/normalized_yaml/bacterial/middlebrook_7h9_broth_w_adc_enrichment.yaml	CultureMech:008978	DI Water	1000.0	G_PER_L	900.0;100.0	value is the sum of differing parts; which one the medium means needs the source recipe
DIFFERING_PARTS	data/normalized_yaml/bacterial/middlebrook_7h9_difco_liquid_medium_supplemented_with_middlebrook_albumin_dextrose_catalase_and_tween_80.yaml	CultureMech:009415	Distilled water	500.0	G_PER_L	450.0;50.0	value is the sum of differing parts; which one the medium means needs the source recipe
DIFFERING_PARTS	data/normalized_yaml/bacterial/middlebrook_7h9_liquid_medium_supplemented_with_10_albumin_dextrose_and_catalase.yaml	CultureMech:008983	Distilled water	500.0	G_PER_L	450.0;50.0	value is the sum of differing parts; which one the medium means needs the source recipe
DIFFERING_PARTS	data/normalized_yaml/bacterial/mineral_lactate_medium_low_carbon_content.yaml	CultureMech:000840	CaCl2 x 2 H2O	5.545	G_PER_L	0.005;5.54	value is the sum of differing parts; which one the medium means needs the source recipe
DIFFERING_PARTS	data/normalized_yaml/bacterial/mineral_medium_brunner.yaml	CultureMech:001567	Agar	50.0	G_PER_L	15.0;15.0;20.0	value is the sum of differing parts; which one the medium means needs the source recipe
COEXISTING_ROW	data/normalized_yaml/bacterial/mineral_medium_brunner.yaml	CultureMech:001567	Agar	50.0;15.0	G_PER_L		2 rows name this ingredient in one record, one of them a merge survivor — a consumer double-counts
DIFFERING_PARTS	data/normalized_yaml/bacterial/mineral_medium_brunner_with_vitamins.yaml	CultureMech:001579	Agar	50.0	G_PER_L	15.0;15.0;20.0	value is the sum of differing parts; which one the medium means needs the source recipe
COEXISTING_ROW	data/normalized_yaml/bacterial/mineral_medium_brunner_with_vitamins.yaml	CultureMech:001579	Agar	50.0;15.0	G_PER_L		2 rows name this ingredient in one record, one of them a merge survivor — a consumer double-counts
DIFFERING_PARTS	data/normalized_yaml/bacterial/mineral_medium_for_chemolithotrophic_growth_h_3.yaml	CultureMech:001967	MnCl2 x 4 H2O	0.03543478	G_PER_L	0.00543478;0.03	value is the sum of differing parts; which one the medium means needs the source recipe
DIFFERING_PARTS	data/normalized_yaml/bacterial/mineral_medium_ph_7_25.yaml	CultureMech:001585	Agar	65.0	G_PER_L	15.0;15.0;20.0;15.0	value is the sum of differing parts; which one the medium means needs the source recipe
COEXISTING_ROW	data/normalized_yaml/bacterial/mineral_medium_ph_7_25.yaml	CultureMech:001585	Agar	65.0;15.0	G_PER_L		2 rows name this ingredient in one record, one of them a merge survivor — a consumer double-counts
DIFFERING_PARTS	data/normalized_yaml/bacterial/mineral_medium_with_2_chlorobenzoate.yaml	CultureMech:001568	Agar	50.0	G_PER_L	15.0;15.0;20.0	value is the sum of differing parts; which one the medium means needs the source recipe
COEXISTING_ROW	data/normalized_yaml/bacterial/mineral_medium_with_2_chlorobenzoate.yaml	CultureMech:001568	Agar	50.0;15.0	G_PER_L		2 rows name this ingredient in one record, one of them a merge survivor — a consumer double-counts
DIFFERING_PARTS	data/normalized_yaml/bacterial/mineral_medium_with_2_hydroxybiphenyl.yaml	CultureMech:001586	Agar	65.0	G_PER_L	15.0;15.0;20.0;15.0	value is the sum of differing parts; which one the medium means needs the source recipe
COEXISTING_ROW	data/normalized_yaml/bacterial/mineral_medium_with_2_hydroxybiphenyl.yaml	CultureMech:001586	Agar	65.0;15.0	G_PER_L		2 rows name this ingredient in one record, one of them a merge survivor — a consumer double-counts
DIFFERING_PARTS	data/normalized_yaml/bacterial/mineral_medium_with_3_aminophenol.yaml	CultureMech:001591	Agar	65.0	G_PER_L	15.0;15.0;20.0;15.0	value is the sum of differing parts; which one the medium means needs the source recipe
COEXISTING_ROW	data/normalized_yaml/bacterial/mineral_medium_with_3_aminophenol.yaml	CultureMech:001591	Agar	65.0;15.0	G_PER_L		2 rows name this ingredient in one record, one of them a merge survivor — a consumer double-counts
DIFFERING_PARTS	data/normalized_yaml/bacterial/mineral_medium_with_atrazin.yaml	CultureMech:001594	Agar	65.0	G_PER_L	15.0;15.0;20.0;15.0	value is the sum of differing parts; which one the medium means needs the source recipe
COEXISTING_ROW	data/normalized_yaml/bacterial/mineral_medium_with_atrazin.yaml	CultureMech:001594	Agar	65.0;15.0	G_PER_L		2 rows name this ingredient in one record, one of them a merge survivor — a consumer double-counts
DIFFERING_PARTS	data/normalized_yaml/bacterial/mineral_medium_with_dibenzofuran.yaml	CultureMech:001572	Agar	50.0	G_PER_L	15.0;15.0;20.0	value is the sum of differing parts; which one the medium means needs the source recipe
COEXISTING_ROW	data/normalized_yaml/bacterial/mineral_medium_with_dibenzofuran.yaml	CultureMech:001572	Agar	50.0;15.0	G_PER_L		2 rows name this ingredient in one record, one of them a merge survivor — a consumer double-counts
DIFFERING_PARTS	data/normalized_yaml/bacterial/mineral_medium_with_pcp.yaml	CultureMech:001587	Agar	65.0	G_PER_L	15.0;15.0;20.0;15.0	value is the sum of differing parts; which one the medium means needs the source recipe
COEXISTING_ROW	data/normalized_yaml/bacterial/mineral_medium_with_pcp.yaml	CultureMech:001587	Agar	65.0;15.0	G_PER_L		2 rows name this ingredient in one record, one of them a merge survivor — a consumer double-counts
DIFFERING_PARTS	data/normalized_yaml/bacterial/mineral_medium_with_sulfobenzoic_acid.yaml	CultureMech:001590	Agar	65.0	G_PER_L	15.0;15.0;20.0;15.0	value is the sum of differing parts; which one the medium means needs the source recipe
COEXISTING_ROW	data/normalized_yaml/bacterial/mineral_medium_with_sulfobenzoic_acid.yaml	CultureMech:001590	Agar	65.0;15.0	G_PER_L		2 rows name this ingredient in one record, one of them a merge survivor — a consumer double-counts
DIFFERING_PARTS	data/normalized_yaml/bacterial/mineral_salt_medium_with_colloidal_chitin.yaml	CultureMech:001164	CaCl2 x 2 H2O	1.1	G_PER_L	1.0;0.1	value is the sum of differing parts; which one the medium means needs the source recipe
DIFFERING_PARTS	data/normalized_yaml/bacterial/mineralmedium_with_6_methylnicotinate.yaml	CultureMech:001593	Agar	65.0	G_PER_L	15.0;15.0;20.0;15.0	value is the sum of differing parts; which one the medium means needs the source recipe
COEXISTING_ROW	data/normalized_yaml/bacterial/mineralmedium_with_6_methylnicotinate.yaml	CultureMech:001593	Agar	65.0;15.0	G_PER_L		2 rows name this ingredient in one record, one of them a merge survivor — a consumer double-counts
DIFFERING_PARTS	data/normalized_yaml/bacterial/miz13_medium.yaml	CultureMech:002444	MgSO4 x 7 H2O	3.2	G_PER_L	0.2;3.0	value is the sum of differing parts; which one the medium means needs the source recipe
DIFFERING_PARTS	data/normalized_yaml/bacterial/miz14_medium.yaml	CultureMech:002445	MgSO4 x 7 H2O	3.2	G_PER_L	0.2;3.0	value is the sum of differing parts; which one the medium means needs the source recipe
DIFFERING_PARTS	data/normalized_yaml/bacterial/mj_basal_medium_with_thiosulfate_2.yaml	CultureMech:002273	NaCl	30.703	G_PER_L	29.703;1.0	value is the sum of differing parts; which one the medium means needs the source recipe
DIFFERING_PARTS	data/normalized_yaml/bacterial/mj_basal_medium_with_thiosulfate_2.yaml	CultureMech:002273	CaCl2 x 2 H2O	0.238614	G_PER_L	0.138614;0.1	value is the sum of differing parts; which one the medium means needs the source recipe
DIFFERING_PARTS	data/normalized_yaml/bacterial/mj_basal_medium_with_thiosulfate_2.yaml	CultureMech:002273	MgSO4 x 7 H2O	6.36634	G_PER_L	3.36634;3.0	value is the sum of differing parts; which one the medium means needs the source recipe
DIFFERING_PARTS	data/normalized_yaml/bacterial/mj_medium.yaml	CultureMech:003521	NaCl	3.96736	G_PER_L	2.96736;1.0	value is the sum of differing parts; which one the medium means needs the source recipe
DIFFERING_PARTS	data/normalized_yaml/bacterial/mj_medium.yaml	CultureMech:003521	CaCl2 x 2 H2O	0.238477	G_PER_L	0.138477;0.1	value is the sum of differing parts; which one the medium means needs the source recipe
DIFFERING_PARTS	data/normalized_yaml/bacterial/mj_medium.yaml	CultureMech:003521	MgSO4 x 7 H2O	3.336301	G_PER_L	0.336301;3.0	value is the sum of differing parts; which one the medium means needs the source recipe
DIFFERING_PARTS	data/normalized_yaml/bacterial/mj_medium_for_thiobacter_subterraneus.yaml	CultureMech:003522	NaCl	3.96736	G_PER_L	2.96736;1.0	value is the sum of differing parts; which one the medium means needs the source recipe
DIFFERING_PARTS	data/normalized_yaml/bacterial/mj_medium_for_thiobacter_subterraneus.yaml	CultureMech:003522	CaCl2 x 2 H2O	0.238477	G_PER_L	0.138477;0.1	value is the sum of differing parts; which one the medium means needs the source recipe
DIFFERING_PARTS	data/normalized_yaml/bacterial/mj_medium_for_thiobacter_subterraneus.yaml	CultureMech:003522	MgSO4 x 7 H2O	3.336301	G_PER_L	0.336301;3.0	value is the sum of differing parts; which one the medium means needs the source recipe
DIFFERING_PARTS	data/normalized_yaml/bacterial/mj_ypgs_medium.yaml	CultureMech:002625	NaCl	30.703	G_PER_L	29.703;1.0	value is the sum of differing parts; which one the medium means needs the source recipe
DIFFERING_PARTS	data/normalized_yaml/bacterial/mj_ypgs_medium.yaml	CultureMech:002625	CaCl2 x 2 H2O	0.238614	G_PER_L	0.138614;0.1	value is the sum of differing parts; which one the medium means needs the source recipe
DIFFERING_PARTS	data/normalized_yaml/bacterial/mj_ypgs_medium.yaml	CultureMech:002625	MgSO4 x 7 H2O	6.36634	G_PER_L	3.36634;3.0	value is the sum of differing parts; which one the medium means needs the source recipe
DIFFERING_PARTS	data/normalized_yaml/bacterial/mk_medium.yaml	CultureMech:003255	MnCl2 x 4 H2O	0.03356436	G_PER_L	0.00356436;0.03	value is the sum of differing parts; which one the medium means needs the source recipe
DIFFERING_PARTS	data/normalized_yaml/bacterial/mm_w_medium_meoh.yaml	CultureMech:008704	NaCl	6.0	G_PER_L	5.0;1.0	value is the sum of differing parts; which one the medium means needs the source recipe
DIFFERING_PARTS	data/normalized_yaml/bacterial/mmb_medium.yaml	CultureMech:000879	FeSO4 x 7 H2O	0.5942857	G_PER_L	0.0942857;0.5	value is the sum of differing parts; which one the medium means needs the source recipe
DIFFERING_PARTS	data/normalized_yaml/bacterial/mmb_medium_atcc_2254.yaml	CultureMech:001205	FeSO4 x 7 H2O	0.599	G_PER_L	0.099;0.5	value is the sum of differing parts; which one the medium means needs the source recipe
DIFFERING_PARTS	data/normalized_yaml/bacterial/mmfc1_medium.yaml	CultureMech:002339	MgSO4 x 7 H2O	0.367669	G_PER_L	0.246427;0.121242	value is the sum of differing parts; which one the medium means needs the source recipe
DIFFERING_PARTS	data/normalized_yaml/bacterial/mmj_kt2_medium.yaml	CultureMech:002456	NaCl	25.7525	G_PER_L	24.7525;1.0	value is the sum of differing parts; which one the medium means needs the source recipe
DIFFERING_PARTS	data/normalized_yaml/bacterial/mmj_kt2_medium.yaml	CultureMech:002456	MgSO4 x 7 H2O	6.36634	G_PER_L	3.36634;3.0	value is the sum of differing parts; which one the medium means needs the source recipe
DIFFERING_PARTS	data/normalized_yaml/bacterial/mmj_kt2_medium.yaml	CultureMech:002456	CaCl2 x 2 H2O	0.793069	G_PER_L	0.693069;0.1	value is the sum of differing parts; which one the medium means needs the source recipe
DIFFERING_PARTS	data/normalized_yaml/bacterial/mmj_kt2_medium.yaml	CultureMech:002456	FeSO4 x 7 H2O	0.119802	G_PER_L	0.019802;0.1	value is the sum of differing parts; which one the medium means needs the source recipe
DIFFERING_PARTS	data/normalized_yaml/bacterial/mmj_thi_medium.yaml	CultureMech:002459	NaCl	30.6736	G_PER_L	29.6736;1.0	value is the sum of differing parts; which one the medium means needs the source recipe
DIFFERING_PARTS	data/normalized_yaml/bacterial/mmj_thi_medium.yaml	CultureMech:002459	MgSO4 x 7 H2O	6.36301	G_PER_L	3.36301;3.0	value is the sum of differing parts; which one the medium means needs the source recipe
DIFFERING_PARTS	data/normalized_yaml/bacterial/mmj_thi_medium.yaml	CultureMech:002459	CaCl2 x 2 H2O	0.238477	G_PER_L	0.138477;0.1	value is the sum of differing parts; which one the medium means needs the source recipe
DIFFERING_PARTS	data/normalized_yaml/bacterial/mmj_tl_medium.yaml	CultureMech:002843	NaCl	31.0	G_PER_L	30.0;1.0	value is the sum of differing parts; which one the medium means needs the source recipe
DIFFERING_PARTS	data/normalized_yaml/bacterial/mmj_tl_medium.yaml	CultureMech:002843	CaCl2 x 2 H2O	0.6	G_PER_L	0.5;0.1	value is the sum of differing parts; which one the medium means needs the source recipe
DIFFERING_PARTS	data/normalized_yaml/bacterial/mmj_tl_medium.yaml	CultureMech:002843	MgSO4 x 7 H2O	6.4	G_PER_L	3.4;3.0	value is the sum of differing parts; which one the medium means needs the source recipe
DIFFERING_PARTS	data/normalized_yaml/bacterial/mmj_tl_medium.yaml	CultureMech:002843	FeSO4 x 7 H2O	0.11	G_PER_L	0.01;0.1	value is the sum of differing parts; which one the medium means needs the source recipe
DIFFERING_PARTS	data/normalized_yaml/bacterial/mmjf_medium.yaml	CultureMech:002455	NaCl	25.7525	G_PER_L	24.7525;1.0	value is the sum of differing parts; which one the medium means needs the source recipe
DIFFERING_PARTS	data/normalized_yaml/bacterial/mmjf_medium.yaml	CultureMech:002455	MgSO4 x 7 H2O	6.36634	G_PER_L	3.36634;3.0	value is the sum of differing parts; which one the medium means needs the source recipe
DIFFERING_PARTS	data/normalized_yaml/bacterial/mmjf_medium.yaml	CultureMech:002455	CaCl2 x 2 H2O	0.793069	G_PER_L	0.693069;0.1	value is the sum of differing parts; which one the medium means needs the source recipe
DIFFERING_PARTS	data/normalized_yaml/bacterial/mmjf_medium.yaml	CultureMech:002455	FeSO4 x 7 H2O	0.119802	G_PER_L	0.019802;0.1	value is the sum of differing parts; which one the medium means needs the source recipe
DIFFERING_PARTS	data/normalized_yaml/bacterial/mmjhs_2_medium.yaml	CultureMech:002202	NaCl	25.7525	G_PER_L	24.7525;1.0	value is the sum of differing parts; which one the medium means needs the source recipe
DIFFERING_PARTS	data/normalized_yaml/bacterial/mmjhs_2_medium.yaml	CultureMech:002202	MgSO4 x 7 H2O	6.36634	G_PER_L	3.36634;3.0	value is the sum of differing parts; which one the medium means needs the source recipe
DIFFERING_PARTS	data/normalized_yaml/bacterial/mmjhs_2_medium.yaml	CultureMech:002202	CaCl2 x 2 H2O	0.793069	G_PER_L	0.693069;0.1	value is the sum of differing parts; which one the medium means needs the source recipe
DIFFERING_PARTS	data/normalized_yaml/bacterial/mmjhs_medium.yaml	CultureMech:001200	NaCl	26.0	G_PER_L	25.0;1.0	value is the sum of differing parts; which one the medium means needs the source recipe
DIFFERING_PARTS	data/normalized_yaml/bacterial/mmjhs_medium.yaml	CultureMech:001200	MgSO4 x 7 H2O	6.4	G_PER_L	3.4;3.0	value is the sum of differing parts; which one the medium means needs the source recipe
DIFFERING_PARTS	data/normalized_yaml/bacterial/mmjs_medium_2.yaml	CultureMech:002270	NaCl	20.6078	G_PER_L	19.6078;1.0	value is the sum of differing parts; which one the medium means needs the source recipe
DIFFERING_PARTS	data/normalized_yaml/bacterial/mmjs_medium_2.yaml	CultureMech:002270	CaCl2 x 2 H2O	1.080392	G_PER_L	0.980392;0.1	value is the sum of differing parts; which one the medium means needs the source recipe
DIFFERING_PARTS	data/normalized_yaml/bacterial/mmjs_medium_2.yaml	CultureMech:002270	MgSO4 x 7 H2O	6.33333	G_PER_L	3.33333;3.0	value is the sum of differing parts; which one the medium means needs the source recipe
DIFFERING_PARTS	data/normalized_yaml/bacterial/mmjyp2_for_ac55.yaml	CultureMech:003241	NaCl	25.7525	G_PER_L	24.7525;1.0	value is the sum of differing parts; which one the medium means needs the source recipe
DIFFERING_PARTS	data/normalized_yaml/bacterial/mmjyp2_for_ac55.yaml	CultureMech:003241	MgSO4 x 7 H2O	6.36634	G_PER_L	3.36634;3.0	value is the sum of differing parts; which one the medium means needs the source recipe
DIFFERING_PARTS	data/normalized_yaml/bacterial/mmjyp2_for_ac55.yaml	CultureMech:003241	CaCl2 x 2 H2O	0.793069	G_PER_L	0.693069;0.1	value is the sum of differing parts; which one the medium means needs the source recipe
DIFFERING_PARTS	data/normalized_yaml/bacterial/mmjyp2_medium.yaml	CultureMech:008503	Distilled water	991.0	G_PER_L	990.0;1.0	value is the sum of differing parts; which one the medium means needs the source recipe
DIFFERING_PARTS	data/normalized_yaml/bacterial/mmjyp2_medium.yaml	CultureMech:008503	MgSO4·7H2O	6.4	G_PER_L	3.4;3.0	value is the sum of differing parts; which one the medium means needs the source recipe
DIFFERING_PARTS	data/normalized_yaml/bacterial/mmjyp2_medium.yaml	CultureMech:008503	NaCl	26.0	G_PER_L	25.0;1.0	value is the sum of differing parts; which one the medium means needs the source recipe
DIFFERING_PARTS	data/normalized_yaml/bacterial/mn_marine_medium_atcc_medium_957_with_20_mcg_l_of_vitamin_b12.yaml	CultureMech:009056	Distilled water	251.0	G_PER_L	250.0;1.0	value is the sum of differing parts; which one the medium means needs the source recipe
DIFFERING_PARTS	data/normalized_yaml/bacterial/mo_sedi_medium.yaml	CultureMech:003201	CaCl2 x 2 H2O	8.43333	G_PER_L	8.33333;0.1	value is the sum of differing parts; which one the medium means needs the source recipe
DIFFERING_PARTS	data/normalized_yaml/bacterial/modified_1161_medium.yaml	CultureMech:008694	Distilled water	2251.5	G_PER_L	963.5;987.0;1.0;100.0;100.0;100.0	value is the sum of differing parts; which one the medium means needs the source recipe
DIFFERING_PARTS	data/normalized_yaml/bacterial/modified_289_medium.yaml	CultureMech:008578	FeSO4·7H2O	104.0	G_PER_L	99.0;5.0	value is the sum of differing parts; which one the medium means needs the source recipe
DIFFERING_PARTS	data/normalized_yaml/bacterial/modified_337a_agar_medium.yaml	CultureMech:009024	DI Water	1550.0	G_PER_L	1000.0;500.0;50.0	value is the sum of differing parts; which one the medium means needs the source recipe
DIFFERING_PARTS	data/normalized_yaml/bacterial/modified_337a_broth_medium.yaml	CultureMech:009023	DI Water	1050.0	G_PER_L	1000.0;50.0	value is the sum of differing parts; which one the medium means needs the source recipe
DIFFERING_PARTS	data/normalized_yaml/bacterial/modified_acetobacter_medium.yaml	CultureMech:002482	NaCl	10.80392	G_PER_L	9.80392;1.0	value is the sum of differing parts; which one the medium means needs the source recipe
DIFFERING_PARTS	data/normalized_yaml/bacterial/modified_acetobacter_medium.yaml	CultureMech:002482	MgSO4 x 7 H2O	3.0980392	G_PER_L	0.0980392;3.0	value is the sum of differing parts; which one the medium means needs the source recipe
DIFFERING_PARTS	data/normalized_yaml/bacterial/modified_am5_medium_2.yaml	CultureMech:002477	NaOH	100.4	G_PER_L	0.4;100.0	value is the sum of differing parts; which one the medium means needs the source recipe
DIFFERING_PARTS	data/normalized_yaml/bacterial/modified_ba_medium.yaml	CultureMech:006267	CaCl2 x 2 H2O	0.149456	G_PER_L	0.049456;0.1	value is the sum of differing parts; which one the medium means needs the source recipe
DIFFERING_PARTS	data/normalized_yaml/bacterial/modified_ba_medium_replace_cellobiose_with_cellulose.yaml	CultureMech:006266	CaCl2 x 2 H2O	0.149456	G_PER_L	0.049456;0.1	value is the sum of differing parts; which one the medium means needs the source recipe
DIFFERING_PARTS	data/normalized_yaml/bacterial/modified_baar_s_medium_for_sulfate_reducers.yaml	CultureMech:009183	DI Water	1000.0	G_PER_L	400.0;200.0;400.0	value is the sum of differing parts; which one the medium means needs the source recipe
DIFFERING_PARTS	data/normalized_yaml/bacterial/modified_biebl_and_pennings_medium.yaml	CultureMech:008745	Distilled water	992.0	G_PER_L	1.0;1.0;990.0	value is the sum of differing parts; which one the medium means needs the source recipe
DIFFERING_PARTS	data/normalized_yaml/bacterial/modified_chopped_meat_medium.yaml	CultureMech:001941	NaOH	26.0	G_PER_L	25.0;1.0	value is the sum of differing parts; which one the medium means needs the source recipe
DIFFERING_PARTS	data/normalized_yaml/bacterial/modified_d58_medium.yaml	CultureMech:008587	Distilled water	1000.0	G_PER_L	440.0;200.0;300.0;50.0;10.0	value is the sum of differing parts; which one the medium means needs the source recipe
DIFFERING_PARTS	data/normalized_yaml/bacterial/modified_dechloromonas_medium.yaml	CultureMech:006877	Na2MoO4 x 2 H2O	0.039	G_PER_L	0.036;0.003	value is the sum of differing parts; which one the medium means needs the source recipe
DIFFERING_PARTS	data/normalized_yaml/bacterial/modified_haloanaerobium_medium.yaml	CultureMech:003121	NaCl	1072.43	G_PER_L	1071.43;1.0	value is the sum of differing parts; which one the medium means needs the source recipe
DIFFERING_PARTS	data/normalized_yaml/bacterial/modified_haloanaerobium_medium.yaml	CultureMech:003121	MgSO4 x 7 H2O	128.714	G_PER_L	125.714;3.0	value is the sum of differing parts; which one the medium means needs the source recipe
DIFFERING_PARTS	data/normalized_yaml/bacterial/modified_hayflick_medium.yaml	CultureMech:008029	Distilled water	701.0	G_PER_L	700.0;1.0	value is the sum of differing parts; which one the medium means needs the source recipe
DIFFERING_PARTS	data/normalized_yaml/bacterial/modified_m13_verrucomicrobium_medium.yaml	CultureMech:001082	FeSO4 x 7 H2O	0.599	G_PER_L	0.099;0.5	value is the sum of differing parts; which one the medium means needs the source recipe
DIFFERING_PARTS	data/normalized_yaml/bacterial/modified_m30_medium.yaml	CultureMech:008747	Distilled water	1172.0	G_PER_L	180.0;950.0;1.0;40.0;1.0	value is the sum of differing parts; which one the medium means needs the source recipe
DIFFERING_PARTS	data/normalized_yaml/bacterial/modified_m30_medium.yaml	CultureMech:008747	Nitrilotriacetic acid (NTA)	22.8	G_PER_L	10.0;12.8	value is the sum of differing parts; which one the medium means needs the source recipe
DIFFERING_PARTS	data/normalized_yaml/bacterial/modified_m9_medium.yaml	CultureMech:009533	Distilled water	936.0	G_PER_L	835.0;1.0;100.0	value is the sum of differing parts; which one the medium means needs the source recipe
DIFFERING_PARTS	data/normalized_yaml/bacterial/modified_m9_medium.yaml	CultureMech:009533	NaCl	21.0	G_PER_L	20.0;1.0	value is the sum of differing parts; which one the medium means needs the source recipe
DIFFERING_PARTS	data/normalized_yaml/bacterial/modified_marine_medium_for_desulfovibrio_tokyoensis.yaml	CultureMech:009893	Distilled water	1000.0	G_PER_L	860.0;100.0;30.0;10.0	value is the sum of differing parts; which one the medium means needs the source recipe
DIFFERING_PARTS	data/normalized_yaml/bacterial/modified_marine_medium_for_dethiosulfobacter.yaml	CultureMech:009892	Distilled water	1000.0	G_PER_L	760.0;100.0;100.0;30.0;10.0	value is the sum of differing parts; which one the medium means needs the source recipe
DIFFERING_PARTS	data/normalized_yaml/bacterial/modified_mb.yaml	CultureMech:002646	NaCl	2.98216	G_PER_L	1.98216;1.0	value is the sum of differing parts; which one the medium means needs the source recipe
DIFFERING_PARTS	data/normalized_yaml/bacterial/modified_mb_medium.yaml	CultureMech:008203	NaCl	3.0	G_PER_L	2.0;1.0	value is the sum of differing parts; which one the medium means needs the source recipe
DIFFERING_PARTS	data/normalized_yaml/bacterial/modified_mb_w_medium.yaml	CultureMech:008726	NaCl	31.0	G_PER_L	30.0;1.0	value is the sum of differing parts; which one the medium means needs the source recipe
DIFFERING_PARTS	data/normalized_yaml/bacterial/modified_mg_basal_medium.yaml	CultureMech:009129	Distilled water	502.0	G_PER_L	1.0;500.0;1.0	value is the sum of differing parts; which one the medium means needs the source recipe
DIFFERING_PARTS	data/normalized_yaml/bacterial/modified_mjys_medium.yaml	CultureMech:008571	NaCl	31.0	G_PER_L	30.0;1.0	value is the sum of differing parts; which one the medium means needs the source recipe
DIFFERING_PARTS	data/normalized_yaml/bacterial/modified_mmjy_medium.yaml	CultureMech:008216	NaCl	21.0	G_PER_L	20.0;1.0	value is the sum of differing parts; which one the medium means needs the source recipe
DIFFERING_PARTS	data/normalized_yaml/bacterial/modified_mmjy_medium.yaml	CultureMech:008216	CaCl2·2H2O	1.1	G_PER_L	1.0;0.1	value is the sum of differing parts; which one the medium means needs the source recipe
DIFFERING_PARTS	data/normalized_yaml/bacterial/modified_nautilia_lithotrophica_medium.yaml	CultureMech:003094	NaCl	25.728	G_PER_L	24.728;1.0	value is the sum of differing parts; which one the medium means needs the source recipe
DIFFERING_PARTS	data/normalized_yaml/bacterial/modified_nbrc_medium_802_ph_10_0_6_m_total_na.yaml	CultureMech:008430	Distilled water	1000.0	G_PER_L	900.0;100.0	value is the sum of differing parts; which one the medium means needs the source recipe
DIFFERING_PARTS	data/normalized_yaml/bacterial/modified_nitrate_mineral_salts_medium_2.yaml	CultureMech:002389	Vitamin B12	0.0201	G_PER_L	0.02;0.0001	value is the sum of differing parts; which one the medium means needs the source recipe
DIFFERING_PARTS	data/normalized_yaml/bacterial/modified_nitrosospaera_medium.yaml	CultureMech:001113	Double distilled water	3150.0	G_PER_L	1000.0;1000.0;1000.0;50.0;50.0;50.0	value is the sum of differing parts; which one the medium means needs the source recipe
DIFFERING_PARTS	data/normalized_yaml/bacterial/modified_pfennigs_medium_ii_green_sulfur_bacteria.yaml	CultureMech:008358	Distilled water	1099.0	G_PER_L	998.0;1.0;100.0	value is the sum of differing parts; which one the medium means needs the source recipe
DIFFERING_PARTS	data/normalized_yaml/bacterial/modified_pfennigs_medium_ii_green_sulfur_bacteria.yaml	CultureMech:008358	Na2S·9H2O	2.1	G_PER_L	0.6;1.5	value is the sum of differing parts; which one the medium means needs the source recipe
DIFFERING_PARTS	data/normalized_yaml/bacterial/modified_provasoli.yaml	CultureMech:000367	Na2-EDTA	1.6	G_PER_L	0.6;1.0	value is the sum of differing parts; which one the medium means needs the source recipe
DIFFERING_PARTS	data/normalized_yaml/bacterial/modified_sme_medium.yaml	CultureMech:001664	NaCl	31.0	G_PER_L	30.0;1.0	value is the sum of differing parts; which one the medium means needs the source recipe
DIFFERING_PARTS	data/normalized_yaml/bacterial/modified_sme_medium.yaml	CultureMech:001664	MgSO4 x 7 H2O	10.0	G_PER_L	7.0;3.0	value is the sum of differing parts; which one the medium means needs the source recipe
DIFFERING_PARTS	data/normalized_yaml/bacterial/modified_sme_medium.yaml	CultureMech:001664	CaCl2 x 2 H2O	0.6	G_PER_L	0.5;0.1	value is the sum of differing parts; which one the medium means needs the source recipe
DIFFERING_PARTS	data/normalized_yaml/bacterial/modified_sob_medium.yaml	CultureMech:002770	CaCl2 x 2 H2O	107.3	G_PER_L	100.0;7.3	value is the sum of differing parts; which one the medium means needs the source recipe
DIFFERING_PARTS	data/normalized_yaml/bacterial/modified_sob_medium.yaml	CultureMech:002770	MgCl2 x 6 H2O	202.5	G_PER_L	200.0;2.5	value is the sum of differing parts; which one the medium means needs the source recipe
DIFFERING_PARTS	data/normalized_yaml/bacterial/modified_sulfate_reducing_bacteria_medium.yaml	CultureMech:002714	Vitamin B12	0.0001495049	G_PER_L	0.0000495049;0.0001	value is the sum of differing parts; which one the medium means needs the source recipe
DIFFERING_PARTS	data/normalized_yaml/bacterial/modified_tc_medium.yaml	CultureMech:008572	NaCl	26.0	G_PER_L	25.0;1.0	value is the sum of differing parts; which one the medium means needs the source recipe
DIFFERING_PARTS	data/normalized_yaml/bacterial/modified_thermus_162_medium.yaml	CultureMech:001761	Nitrilotriacetic acid	12.9	G_PER_L	0.1;12.8	value is the sum of differing parts; which one the medium means needs the source recipe
DIFFERING_PARTS	data/normalized_yaml/bacterial/modified_thermus_medium_with_3_nacl.yaml	CultureMech:002970	NaCl	29.7814314	G_PER_L	29.703;0.0784314	value is the sum of differing parts; which one the medium means needs the source recipe
DIFFERING_PARTS	data/normalized_yaml/bacterial/modified_thermus_sv_medium.yaml	CultureMech:002971	NaCl	29.7814314	G_PER_L	29.703;0.0784314	value is the sum of differing parts; which one the medium means needs the source recipe
DIFFERING_PARTS	data/normalized_yaml/bacterial/modified_ws_medium.yaml	CultureMech:008371	NaCl	21.0	G_PER_L	20.0;1.0	value is the sum of differing parts; which one the medium means needs the source recipe
DIFFERING_PARTS	data/normalized_yaml/bacterial/modified_ws_medium.yaml	CultureMech:008371	CaCl2·2H2O	0.247	G_PER_L	0.147;0.1	value is the sum of differing parts; which one the medium means needs the source recipe
DIFFERING_PARTS	data/normalized_yaml/bacterial/modified_ws_medium_2.yaml	CultureMech:008703	NaCl	21.0	G_PER_L	20.0;1.0	value is the sum of differing parts; which one the medium means needs the source recipe
DIFFERING_PARTS	data/normalized_yaml/bacterial/modified_ws_medium_2.yaml	CultureMech:008703	CaCl2·2H2O	0.247	G_PER_L	0.147;0.1	value is the sum of differing parts; which one the medium means needs the source recipe
DIFFERING_PARTS	data/normalized_yaml/bacterial/modified_ycfa_medium.yaml	CultureMech:009545	Distilled water	1762.0	G_PER_L	660.0;1.0;1.0;100.0;500.0;500.0	value is the sum of differing parts; which one the medium means needs the source recipe
DIFFERING_PARTS	data/normalized_yaml/bacterial/mollicutes_h_rf3_medium.yaml	CultureMech:002331	CaCl2 x 2 H2O	0.24245	G_PER_L	0.14245;0.1	value is the sum of differing parts; which one the medium means needs the source recipe
DIFFERING_PARTS	data/normalized_yaml/bacterial/moorella_thermoacetica_medium.yaml	CultureMech:000820	MgSO4 x 7 H2O	3.0979432	G_PER_L	0.0979432;3.0	value is the sum of differing parts; which one the medium means needs the source recipe
DIFFERING_PARTS	data/normalized_yaml/bacterial/ms_medium_modified.yaml	CultureMech:000583	CaCl2 x 2 H2O	40.4	G_PER_L	0.4;40.0	value is the sum of differing parts; which one the medium means needs the source recipe
DIFFERING_PARTS	data/normalized_yaml/bacterial/ms_medium_modified.yaml	CultureMech:000583	MgCl2 x 6 H2O	100.8	G_PER_L	0.8;100.0	value is the sum of differing parts; which one the medium means needs the source recipe
DIFFERING_PARTS	data/normalized_yaml/bacterial/ms_ocm_base_medium.yaml	CultureMech:009199	DI Water	4276.0	G_PER_L	976.0;1000.0;1000.0;1000.0;100.0;100.0;100.0	value is the sum of differing parts; which one the medium means needs the source recipe
DIFFERING_PARTS	data/normalized_yaml/bacterial/ms_sulf_medium.yaml	CultureMech:002479	NaCl	10.436893	G_PER_L	0.436893;10.0	value is the sum of differing parts; which one the medium means needs the source recipe
DIFFERING_PARTS	data/normalized_yaml/bacterial/ms_sulf_medium.yaml	CultureMech:002479	MgSO4 x 7 H2O	30.776699	G_PER_L	0.776699;30.0	value is the sum of differing parts; which one the medium means needs the source recipe
DIFFERING_PARTS	data/normalized_yaml/bacterial/ms_sulf_medium.yaml	CultureMech:002479	CaCl2 x 2 H2O	1.0582524	G_PER_L	0.0582524;1.0	value is the sum of differing parts; which one the medium means needs the source recipe
DIFFERING_PARTS	data/normalized_yaml/bacterial/ms_sulf_medium.yaml	CultureMech:002479	FeSO4 x 7 H2O	1.00194175	G_PER_L	0.00194175;1.0	value is the sum of differing parts; which one the medium means needs the source recipe
DIFFERING_PARTS	data/normalized_yaml/bacterial/n75s_nsw.yaml	CultureMech:000374	Natural sea water	1750.0	G_PER_L	750.0;1000.0	value is the sum of differing parts; which one the medium means needs the source recipe
DIFFERING_PARTS	data/normalized_yaml/bacterial/nad_s1_medium.yaml	CultureMech:003128	NaCl	15.0187	G_PER_L	14.0187;1.0	value is the sum of differing parts; which one the medium means needs the source recipe
DIFFERING_PARTS	data/normalized_yaml/bacterial/natranaerofaba_medium.yaml	CultureMech:001077	NaCl	256.0	G_PER_L	16.0;240.0	value is the sum of differing parts; which one the medium means needs the source recipe
DIFFERING_PARTS	data/normalized_yaml/bacterial/natranaerofaba_medium.yaml	CultureMech:001077	K2HPO4	3.5	G_PER_L	1.0;2.5	value is the sum of differing parts; which one the medium means needs the source recipe
DIFFERING_PARTS	data/normalized_yaml/bacterial/natronincola_histidinovorans_medium.yaml	CultureMech:002103	NaCl	81.0	G_PER_L	80.0;1.0	value is the sum of differing parts; which one the medium means needs the source recipe
DIFFERING_PARTS	data/normalized_yaml/bacterial/natronoarchaea_medium_with_glucosamine.yaml	CultureMech:002376	NaCl	256.0	G_PER_L	240.0;16.0	value is the sum of differing parts; which one the medium means needs the source recipe
DIFFERING_PARTS	data/normalized_yaml/bacterial/natronoarchaea_medium_with_glucosamine.yaml	CultureMech:002376	K2HPO4	3.5	G_PER_L	2.5;1.0	value is the sum of differing parts; which one the medium means needs the source recipe
DIFFERING_PARTS	data/normalized_yaml/bacterial/natronoarchaea_medium_with_starch.yaml	CultureMech:002375	NaCl	256.0	G_PER_L	240.0;16.0	value is the sum of differing parts; which one the medium means needs the source recipe
DIFFERING_PARTS	data/normalized_yaml/bacterial/natronoarchaea_medium_with_starch.yaml	CultureMech:002375	K2HPO4	3.5	G_PER_L	2.5;1.0	value is the sum of differing parts; which one the medium means needs the source recipe
DIFFERING_PARTS	data/normalized_yaml/bacterial/natronospira_proteinivora_medium.yaml	CultureMech:002312	NaCl	122285.71	G_PER_L	120000.0;2285.71	value is the sum of differing parts; which one the medium means needs the source recipe
DIFFERING_PARTS	data/normalized_yaml/bacterial/natronospira_proteinivora_medium.yaml	CultureMech:002312	K2HPO4	1535.714	G_PER_L	1250.0;285.714	value is the sum of differing parts; which one the medium means needs the source recipe
DIFFERING_PARTS	data/normalized_yaml/bacterial/nautilia_abyssi_medium.yaml	CultureMech:003040	NaCl	24.8095	G_PER_L	23.8095;1.0	value is the sum of differing parts; which one the medium means needs the source recipe
DIFFERING_PARTS	data/normalized_yaml/bacterial/nautilia_medium.yaml	CultureMech:002124	MgSO4 x 7 H2O	17.0	G_PER_L	3.0;14.0	value is the sum of differing parts; which one the medium means needs the source recipe
DIFFERING_PARTS	data/normalized_yaml/bacterial/nautilia_medium.yaml	CultureMech:002124	NaCl	56.4	G_PER_L	1.0;55.4	value is the sum of differing parts; which one the medium means needs the source recipe
DIFFERING_PARTS	data/normalized_yaml/bacterial/nautilia_medium.yaml	CultureMech:002124	CaCl2 x 2 H2O	1.6	G_PER_L	0.1;1.5	value is the sum of differing parts; which one the medium means needs the source recipe
DIFFERING_PARTS	data/normalized_yaml/bacterial/nautilia_nitratireducens_medium.yaml	CultureMech:001935	NaCl	30.8768	G_PER_L	20.8768;10.0	value is the sum of differing parts; which one the medium means needs the source recipe
DIFFERING_PARTS	data/normalized_yaml/bacterial/nautilia_nitratireducens_medium.yaml	CultureMech:001935	MgSO4 x 7 H2O	33.65344	G_PER_L	3.65344;30.0	value is the sum of differing parts; which one the medium means needs the source recipe
DIFFERING_PARTS	data/normalized_yaml/bacterial/nautilia_nitratireducens_medium.yaml	CultureMech:001935	H3BO3	0.1156576	G_PER_L	0.0156576;0.1	value is the sum of differing parts; which one the medium means needs the source recipe
DIFFERING_PARTS	data/normalized_yaml/bacterial/ncl_0_01_npa.yaml	CultureMech:000378	Cereal leaves	1.1	G_PER_L	0.1;1.0	value is the sum of differing parts; which one the medium means needs the source recipe
DIFFERING_PARTS	data/normalized_yaml/bacterial/ncl_mp.yaml	CultureMech:000376	KCl	2.6	G_PER_L	1.6;1.0	value is the sum of differing parts; which one the medium means needs the source recipe
DIFFERING_PARTS	data/normalized_yaml/bacterial/ncl_pj_0_01_npa.yaml	CultureMech:000379	Cereal leaves	1.1	G_PER_L	1.0;0.1	value is the sum of differing parts; which one the medium means needs the source recipe
DIFFERING_PARTS	data/normalized_yaml/bacterial/nitrate_mineral_salts_medium_nms_0_01_tryptone.yaml	CultureMech:008446	Distilled water	101.0	G_PER_L	100.0;1.0	value is the sum of differing parts; which one the medium means needs the source recipe
DIFFERING_PARTS	data/normalized_yaml/bacterial/nitratiruptor_and_nitratifactor_medium.yaml	CultureMech:003536	NaCl	3001.0	G_PER_L	3000.0;1.0	value is the sum of differing parts; which one the medium means needs the source recipe
DIFFERING_PARTS	data/normalized_yaml/bacterial/nitratiruptor_and_nitratifactor_medium.yaml	CultureMech:003536	CaCl2 x 2 H2O	14.1	G_PER_L	14.0;0.1	value is the sum of differing parts; which one the medium means needs the source recipe
DIFFERING_PARTS	data/normalized_yaml/bacterial/nitratiruptor_and_nitratifactor_medium.yaml	CultureMech:003536	MgSO4 x 7 H2O	343.0	G_PER_L	340.0;3.0	value is the sum of differing parts; which one the medium means needs the source recipe
DIFFERING_PARTS	data/normalized_yaml/bacterial/nitratiruptor_and_nitratifractor_medium.yaml	CultureMech:000446	NaCl	3001.0	G_PER_L	3000.0;1.0	value is the sum of differing parts; which one the medium means needs the source recipe
DIFFERING_PARTS	data/normalized_yaml/bacterial/nitratiruptor_and_nitratifractor_medium.yaml	CultureMech:000446	CaCl2 x 2 H2O	14.1	G_PER_L	14.0;0.1	value is the sum of differing parts; which one the medium means needs the source recipe
DIFFERING_PARTS	data/normalized_yaml/bacterial/nitratiruptor_and_nitratifractor_medium.yaml	CultureMech:000446	MgSO4 x 7 H2O	343.0	G_PER_L	340.0;3.0	value is the sum of differing parts; which one the medium means needs the source recipe
DIFFERING_PARTS	data/normalized_yaml/bacterial/nitrobacter_medium_203.yaml	CultureMech:008824	DI Water	2500.0	G_PER_L	1000.0;100.0;100.0;100.0;1000.0;100.0;100.0	value is the sum of differing parts; which one the medium means needs the source recipe
DIFFERING_PARTS	data/normalized_yaml/bacterial/nitrogen_free_sm_medium.yaml	CultureMech:008840	Distilled water	101.0	G_PER_L	1.0;100.0	value is the sum of differing parts; which one the medium means needs the source recipe
DIFFERING_PARTS	data/normalized_yaml/bacterial/nitrogen_limited_mineral_salts_medium.yaml	CultureMech:009587	Deionized water	11.0	G_PER_L	1.0;10.0	value is the sum of differing parts; which one the medium means needs the source recipe
DIFFERING_PARTS	data/normalized_yaml/bacterial/nitrosolobus_medium.yaml	CultureMech:008956	DI water	300.0	G_PER_L	1.0;100.0;99.0;100.0	value is the sum of differing parts; which one the medium means needs the source recipe
DIFFERING_PARTS	data/normalized_yaml/bacterial/nitrosomonas_mobilis_medium.yaml	CultureMech:008714	NaCl	1.116	G_PER_L	0.116;1.0	value is the sum of differing parts; which one the medium means needs the source recipe
DIFFERING_PARTS	data/normalized_yaml/bacterial/nitrosomonas_mobilis_medium.yaml	CultureMech:008714	CaCl2·2H2O	0.173	G_PER_L	0.073;0.1	value is the sum of differing parts; which one the medium means needs the source recipe
DIFFERING_PARTS	data/normalized_yaml/bacterial/nitrospira_inopinata_medium.yaml	CultureMech:001172	H3BO3	0.06	G_PER_L	0.054;0.006	value is the sum of differing parts; which one the medium means needs the source recipe
DIFFERING_PARTS	data/normalized_yaml/bacterial/nms_modified_for_gela4.yaml	CultureMech:008567	Distilled water	6.0	G_PER_L	1.0;5.0	value is the sum of differing parts; which one the medium means needs the source recipe
DIFFERING_PARTS	data/normalized_yaml/bacterial/nutrient_broth_5_nacl_ph_10_0.yaml	CultureMech:008325	Distilled water	1000.0	G_PER_L	900.0;100.0	value is the sum of differing parts; which one the medium means needs the source recipe
DIFFERING_PARTS	data/normalized_yaml/bacterial/oa_y_agar.yaml	CultureMech:008058	Distilled water	101.0	G_PER_L	1.0;100.0	value is the sum of differing parts; which one the medium means needs the source recipe
DIFFERING_PARTS	data/normalized_yaml/bacterial/oatmeal_agar_isp_medium_no_3.yaml	CultureMech:008009	Distilled water	101.0	G_PER_L	1.0;100.0	value is the sum of differing parts; which one the medium means needs the source recipe
DIFFERING_PARTS	data/normalized_yaml/bacterial/oatmeal_agar_isp_medium_no_3_ph_5_5.yaml	CultureMech:008392	Distilled water	101.0	G_PER_L	1.0;100.0	value is the sum of differing parts; which one the medium means needs the source recipe
DIFFERING_PARTS	data/normalized_yaml/bacterial/oceanithermus_medium.yaml	CultureMech:000587	NaCl	21.0	G_PER_L	20.0;1.0	value is the sum of differing parts; which one the medium means needs the source recipe
DIFFERING_PARTS	data/normalized_yaml/bacterial/oceanithermus_profundus_medium.yaml	CultureMech:002157	NaCl	31.0	G_PER_L	30.0;1.0	value is the sum of differing parts; which one the medium means needs the source recipe
DIFFERING_PARTS	data/normalized_yaml/bacterial/oceanotoga_medium.yaml	CultureMech:000604	NaCl	30.6736	G_PER_L	29.6736;1.0	value is the sum of differing parts; which one the medium means needs the source recipe
DIFFERING_PARTS	data/normalized_yaml/bacterial/oceanotoga_medium.yaml	CultureMech:000604	MgSO4 x 7 H2O	4.38477	G_PER_L	1.38477;3.0	value is the sum of differing parts; which one the medium means needs the source recipe
DIFFERING_PARTS	data/normalized_yaml/bacterial/oceanotoga_medium.yaml	CultureMech:000604	CaCl2 x 2 H2O	0.238477	G_PER_L	0.138477;0.1	value is the sum of differing parts; which one the medium means needs the source recipe
DIFFERING_PARTS	data/normalized_yaml/bacterial/omiz_pat_medium_modified.yaml	CultureMech:000962	Ethanol	1.9	G_PER_L	0.9;1.0	value is the sum of differing parts; which one the medium means needs the source recipe
DIFFERING_PARTS	data/normalized_yaml/bacterial/orenia_metallireducens_medium.yaml	CultureMech:002316	CaCl2 x 2 H2O	5.0478927	G_PER_L	0.0478927;5.0	value is the sum of differing parts; which one the medium means needs the source recipe
DIFFERING_PARTS	data/normalized_yaml/bacterial/orenia_metallireducens_medium.yaml	CultureMech:002316	KH2PO4	12.835249	G_PER_L	0.335249;12.5	value is the sum of differing parts; which one the medium means needs the source recipe
DIFFERING_PARTS	data/normalized_yaml/bacterial/os_medium.yaml	CultureMech:002047	NaCl	1.256	G_PER_L	0.256;1.0	value is the sum of differing parts; which one the medium means needs the source recipe
DIFFERING_PARTS	data/normalized_yaml/bacterial/os_medium.yaml	CultureMech:002047	CaCl2 x 2 H2O	0.1008	G_PER_L	0.0008;0.1	value is the sum of differing parts; which one the medium means needs the source recipe
DIFFERING_PARTS	data/normalized_yaml/bacterial/os_medium.yaml	CultureMech:002047	H3BO3	0.0203	G_PER_L	0.0103;0.01	value is the sum of differing parts; which one the medium means needs the source recipe
DIFFERING_PARTS	data/normalized_yaml/bacterial/osu967.yaml	CultureMech:009212	NaCl	1.6	G_PER_L	0.6;1.0	value is the sum of differing parts; which one the medium means needs the source recipe
DIFFERING_PARTS	data/normalized_yaml/bacterial/osu967.yaml	CultureMech:009212	CaCl2 . 2H2O	0.16	G_PER_L	0.06;0.1	value is the sum of differing parts; which one the medium means needs the source recipe
DIFFERING_PARTS	data/normalized_yaml/bacterial/paenibacillus_dc_8a_medium.yaml	CultureMech:002461	CaCl2 x 2 H2O	37.51	G_PER_L	0.01;37.5	value is the sum of differing parts; which one the medium means needs the source recipe
DIFFERING_PARTS	data/normalized_yaml/bacterial/paludisphaera_borealis_medium_px4.yaml	CultureMech:001034	MgSO4 x 7 H2O	29.75	G_PER_L	0.05;29.7	value is the sum of differing parts; which one the medium means needs the source recipe
DIFFERING_PARTS	data/normalized_yaml/bacterial/paludisphaera_borealis_medium_px4.yaml	CultureMech:001034	FeSO4 x 7 H2O	0.599	G_PER_L	0.099;0.5	value is the sum of differing parts; which one the medium means needs the source recipe
DIFFERING_PARTS	data/normalized_yaml/bacterial/paracoccus_kocurii_medium.yaml	CultureMech:001907	FeSO4 x 7 H2O	0.599	G_PER_L	0.099;0.5	value is the sum of differing parts; which one the medium means needs the source recipe
DIFFERING_PARTS	data/normalized_yaml/bacterial/paradesulfitobacterium_medium.yaml	CultureMech:000702	NaCl	1.98912	G_PER_L	0.98912;1.0	value is the sum of differing parts; which one the medium means needs the source recipe
DIFFERING_PARTS	data/normalized_yaml/bacterial/paradesulfitobacterium_medium.yaml	CultureMech:000702	CaCl2 x 2 H2O	0.248368	G_PER_L	0.148368;0.1	value is the sum of differing parts; which one the medium means needs the source recipe
DIFFERING_PARTS	data/normalized_yaml/bacterial/pcr_s11_medium.yaml	CultureMech:008849	Distilled water	1004.0	G_PER_L	500.0;1.0;1.0;500.0;2.0	value is the sum of differing parts; which one the medium means needs the source recipe
DIFFERING_PARTS	data/normalized_yaml/bacterial/pe_medium.yaml	CultureMech:000966	Na3-EDTA	6.532	G_PER_L	4.532;2.0	value is the sum of differing parts; which one the medium means needs the source recipe
DIFFERING_PARTS	data/normalized_yaml/bacterial/pe_medium_ph_6_8.yaml	CultureMech:002695	Na3-EDTA	6.07921	G_PER_L	4.07921;2.0	value is the sum of differing parts; which one the medium means needs the source recipe
DIFFERING_PARTS	data/normalized_yaml/bacterial/pe_medium_ph_7_2.yaml	CultureMech:002696	Na3-EDTA	6.07921	G_PER_L	4.07921;2.0	value is the sum of differing parts; which one the medium means needs the source recipe
DIFFERING_PARTS	data/normalized_yaml/bacterial/pelobacter_acidigallici_medium.yaml	CultureMech:001419	NaCl	1.593472	G_PER_L	0.593472;1.0	value is the sum of differing parts; which one the medium means needs the source recipe
DIFFERING_PARTS	data/normalized_yaml/bacterial/pelobacter_acidigallici_medium.yaml	CultureMech:001419	CaCl2 x 2 H2O	0.1791296	G_PER_L	0.0791296;0.1	value is the sum of differing parts; which one the medium means needs the source recipe
DIFFERING_PARTS	data/normalized_yaml/bacterial/pelobacter_fuf_medium.yaml	CultureMech:001417	NaCl	1.593472	G_PER_L	0.593472;1.0	value is the sum of differing parts; which one the medium means needs the source recipe
DIFFERING_PARTS	data/normalized_yaml/bacterial/pelobacter_fuf_medium.yaml	CultureMech:001417	CaCl2 x 2 H2O	0.1791296	G_PER_L	0.0791296;0.1	value is the sum of differing parts; which one the medium means needs the source recipe
DIFFERING_PARTS	data/normalized_yaml/bacterial/pelobacter_venetianus_medium.yaml	CultureMech:008360	Distilled Water	991.0	G_PER_L	1.0;990.0	value is the sum of differing parts; which one the medium means needs the source recipe
DIFFERING_PARTS	data/normalized_yaml/bacterial/pelotomaculum_medium.yaml	CultureMech:002140	CaCl2 x 2 H2O	0.249701	G_PER_L	0.149701;0.1	value is the sum of differing parts; which one the medium means needs the source recipe
DIFFERING_PARTS	data/normalized_yaml/bacterial/pelotomaculum_medium_for_dsm_17711.yaml	CultureMech:009211	CaCl2 x 2 H2O	0.25	G_PER_L	0.15;0.1	value is the sum of differing parts; which one the medium means needs the source recipe
DIFFERING_PARTS	data/normalized_yaml/bacterial/peptococcus_glycinophilus_medium.yaml	CultureMech:001331	K2HPO4	3.0	G_PER_L	2.0;1.0	value is the sum of differing parts; which one the medium means needs the source recipe
DIFFERING_PARTS	data/normalized_yaml/bacterial/perlabentimonas_medium.yaml	CultureMech:001195	NaCl	11.0	G_PER_L	10.0;1.0	value is the sum of differing parts; which one the medium means needs the source recipe
DIFFERING_PARTS	data/normalized_yaml/bacterial/petc_medium.yaml	CultureMech:009267	Distilled water	1082.0	G_PER_L	980.0;1.0;1.0;100.0	value is the sum of differing parts; which one the medium means needs the source recipe
DIFFERING_PARTS	data/normalized_yaml/bacterial/petc_mes_medium.yaml	CultureMech:009617	Nitrilotriacetic acid	2.05	G_PER_L	0.05;2.0	value is the sum of differing parts; which one the medium means needs the source recipe
DIFFERING_PARTS	data/normalized_yaml/bacterial/petrotoga_ar80_medium.yaml	CultureMech:003231	NaCl	10.8912	G_PER_L	9.8912;1.0	value is the sum of differing parts; which one the medium means needs the source recipe
DIFFERING_PARTS	data/normalized_yaml/bacterial/petrotoga_ar80_medium.yaml	CultureMech:003231	MgSO4 x 7 H2O	10.56784	G_PER_L	6.92384;3.0;0.644	value is the sum of differing parts; which one the medium means needs the source recipe
DIFFERING_PARTS	data/normalized_yaml/bacterial/petrotoga_halophila_medium.yaml	CultureMech:000279	MgSO4 x 7 H2O	6.40573	G_PER_L	3.40573;3.0	value is the sum of differing parts; which one the medium means needs the source recipe
DIFFERING_PARTS	data/normalized_yaml/bacterial/petrotoga_halophila_medium.yaml	CultureMech:000279	CaCl2 x 2 H2O	0.238203	G_PER_L	0.138203;0.1	value is the sum of differing parts; which one the medium means needs the source recipe
DIFFERING_PARTS	data/normalized_yaml/bacterial/petrotoga_halophila_medium.yaml	CultureMech:000279	NaCl	50.3583	G_PER_L	49.3583;1.0	value is the sum of differing parts; which one the medium means needs the source recipe
DIFFERING_PARTS	data/normalized_yaml/bacterial/petrotoga_medium.yaml	CultureMech:001856	MgSO4 x 7 H2O	6.40573	G_PER_L	3.40573;3.0	value is the sum of differing parts; which one the medium means needs the source recipe
DIFFERING_PARTS	data/normalized_yaml/bacterial/petrotoga_medium.yaml	CultureMech:001856	CaCl2 x 2 H2O	0.238203	G_PER_L	0.138203;0.1	value is the sum of differing parts; which one the medium means needs the source recipe
DIFFERING_PARTS	data/normalized_yaml/bacterial/petrotoga_medium.yaml	CultureMech:001856	NaCl	18.769	G_PER_L	17.769;1.0	value is the sum of differing parts; which one the medium means needs the source recipe
DIFFERING_PARTS	data/normalized_yaml/bacterial/pfennig_s_medium.yaml	CultureMech:008863	Distilled water	1051.0	G_PER_L	950.0;1.0;100.0	value is the sum of differing parts; which one the medium means needs the source recipe
DIFFERING_PARTS	data/normalized_yaml/bacterial/pfennigs_medium_i.yaml	CultureMech:001387	Na2S x 9 H2O	44.8148	G_PER_L	14.8148;30.0	value is the sum of differing parts; which one the medium means needs the source recipe
DIFFERING_PARTS	data/normalized_yaml/bacterial/pfennigs_medium_i_with_salt.yaml	CultureMech:001548	Na2S x 9 H2O	44.8148	G_PER_L	14.8148;30.0	value is the sum of differing parts; which one the medium means needs the source recipe
DIFFERING_PARTS	data/normalized_yaml/bacterial/pfennigs_medium_i_with_yeast_extract.yaml	CultureMech:005189	Yeast extract	1.043478	G_PER_L	0.5;0.543478	value is the sum of differing parts; which one the medium means needs the source recipe
DIFFERING_PARTS	data/normalized_yaml/bacterial/pfennigs_medium_i_with_yeast_extract.yaml	CultureMech:005189	Na2S x 9 H2O	44.8148	G_PER_L	14.8148;30.0	value is the sum of differing parts; which one the medium means needs the source recipe
DIFFERING_PARTS	data/normalized_yaml/bacterial/pfennigs_medium_ii.yaml	CultureMech:001397	Na2S x 9 H2O	44.8148	G_PER_L	30.0;14.8148	value is the sum of differing parts; which one the medium means needs the source recipe
DIFFERING_PARTS	data/normalized_yaml/bacterial/pfennigs_medium_ii_with_salt.yaml	CultureMech:001518	Resazurin	0.0161111	G_PER_L	0.005;0.0111111	value is the sum of differing parts; which one the medium means needs the source recipe
DIFFERING_PARTS	data/normalized_yaml/bacterial/pfennigs_medium_ii_with_salt.yaml	CultureMech:001518	Ammonium chloride	27.4615	G_PER_L	14.0;13.4615	value is the sum of differing parts; which one the medium means needs the source recipe
DIFFERING_PARTS	data/normalized_yaml/bacterial/pfennigs_medium_ii_with_salt.yaml	CultureMech:001518	MgSO4 x 7 H2O	39.2308	G_PER_L	20.0;19.2308	value is the sum of differing parts; which one the medium means needs the source recipe
DIFFERING_PARTS	data/normalized_yaml/bacterial/pfennigs_medium_ii_with_salt.yaml	CultureMech:001518	KCl	27.4615	G_PER_L	14.0;13.4615	value is the sum of differing parts; which one the medium means needs the source recipe
DIFFERING_PARTS	data/normalized_yaml/bacterial/pfennigs_medium_ii_with_salt.yaml	CultureMech:001518	KH2PO4	27.4615	G_PER_L	14.0;13.4615	value is the sum of differing parts; which one the medium means needs the source recipe
DIFFERING_PARTS	data/normalized_yaml/bacterial/pfennigs_medium_ii_with_salt.yaml	CultureMech:001518	Na2S x 9 H2O	44.8148	G_PER_L	14.8148;30.0	value is the sum of differing parts; which one the medium means needs the source recipe
DIFFERING_PARTS	data/normalized_yaml/bacterial/pfennigs_medium_iii.yaml	CultureMech:001229	Na2S x 9 H2O	44.8148	G_PER_L	14.8148;30.0	value is the sum of differing parts; which one the medium means needs the source recipe
DIFFERING_PARTS	data/normalized_yaml/bacterial/phosphate_buffered_basal_medium_pbbm.yaml	CultureMech:009311	Distilled water	946.0	G_PER_L	944.0;1.0;1.0	value is the sum of differing parts; which one the medium means needs the source recipe
DIFFERING_PARTS	data/normalized_yaml/bacterial/phosphate_buffered_basal_medium_pbbm.yaml	CultureMech:009311	NaCl	1.9	G_PER_L	0.9;1.0	value is the sum of differing parts; which one the medium means needs the source recipe
DIFFERING_PARTS	data/normalized_yaml/bacterial/phosphoac3_medium.yaml	CultureMech:003222	NaCl	2.88147	G_PER_L	1.88147;1.0	value is the sum of differing parts; which one the medium means needs the source recipe
DIFFERING_PARTS	data/normalized_yaml/bacterial/phosphoac3_medium.yaml	CultureMech:003222	CaCl2 x 2 H2O	0.1940734	G_PER_L	0.0940734;0.1	value is the sum of differing parts; which one the medium means needs the source recipe
DIFFERING_PARTS	data/normalized_yaml/bacterial/pirellula_medium_m30.yaml	CultureMech:001022	FeSO4 x 7 H2O	0.599	G_PER_L	0.099;0.5	value is the sum of differing parts; which one the medium means needs the source recipe
DIFFERING_PARTS	data/normalized_yaml/bacterial/pirellula_medium_m30_py.yaml	CultureMech:000906	FeSO4 x 7 H2O	0.599	G_PER_L	0.099;0.5	value is the sum of differing parts; which one the medium means needs the source recipe
DIFFERING_PARTS	data/normalized_yaml/bacterial/pirellula_medium_m30a.yaml	CultureMech:000907	FeSO4 x 7 H2O	0.599	G_PER_L	0.099;0.5	value is the sum of differing parts; which one the medium means needs the source recipe
DIFFERING_PARTS	data/normalized_yaml/bacterial/pirellula_medium_m31.yaml	CultureMech:000903	CaCl2 x 2 H2O	3.440263	G_PER_L	0.105263;3.335	value is the sum of differing parts; which one the medium means needs the source recipe
DIFFERING_PARTS	data/normalized_yaml/bacterial/pirellula_medium_m31.yaml	CultureMech:000903	FeSO4 x 7 H2O	0.599	G_PER_L	0.099;0.5	value is the sum of differing parts; which one the medium means needs the source recipe
DIFFERING_PARTS	data/normalized_yaml/bacterial/pirellula_medium_m31_py.yaml	CultureMech:000900	CaCl2 x 2 H2O	3.440263	G_PER_L	0.105263;3.335	value is the sum of differing parts; which one the medium means needs the source recipe
DIFFERING_PARTS	data/normalized_yaml/bacterial/pirellula_medium_m31_py.yaml	CultureMech:000900	FeSO4 x 7 H2O	0.599	G_PER_L	0.099;0.5	value is the sum of differing parts; which one the medium means needs the source recipe
DIFFERING_PARTS	data/normalized_yaml/bacterial/pirellula_medium_m31py.yaml	CultureMech:000898	CaCl2 x 2 H2O	3.440263	G_PER_L	0.105263;3.335	value is the sum of differing parts; which one the medium means needs the source recipe
DIFFERING_PARTS	data/normalized_yaml/bacterial/pirellula_medium_m31py.yaml	CultureMech:000898	FeSO4 x 7 H2O	0.599	G_PER_L	0.099;0.5	value is the sum of differing parts; which one the medium means needs the source recipe
DIFFERING_PARTS	data/normalized_yaml/bacterial/pirellula_medium_m33a.yaml	CultureMech:000905	FeSO4 x 7 H2O	0.599	G_PER_L	0.099;0.5	value is the sum of differing parts; which one the medium means needs the source recipe
DIFFERING_PARTS	data/normalized_yaml/bacterial/pj_nn.yaml	CultureMech:000390	MgSO4 x 7 H2O	1.8	G_PER_L	1.0;0.8	value is the sum of differing parts; which one the medium means needs the source recipe
DIFFERING_PARTS	data/normalized_yaml/bacterial/planctomyces_medium.yaml	CultureMech:001133	Double distilled water	3730.0	G_PER_L	730.0;1000.0;1000.0;1000.0	value is the sum of differing parts; which one the medium means needs the source recipe
DIFFERING_PARTS	data/normalized_yaml/bacterial/planctomyces_medium.yaml	CultureMech:001133	H3BO3	0.062	G_PER_L	0.052;0.01	value is the sum of differing parts; which one the medium means needs the source recipe
DIFFERING_PARTS	data/normalized_yaml/bacterial/planctomyces_medium.yaml	CultureMech:001133	FeSO4 x 7 H2O	0.599	G_PER_L	0.099;0.5	value is the sum of differing parts; which one the medium means needs the source recipe
DIFFERING_PARTS	data/normalized_yaml/bacterial/planctomyces_medium.yaml	CultureMech:001133	MnSO4 x H2O	0.654	G_PER_L	0.154;0.5	value is the sum of differing parts; which one the medium means needs the source recipe
DIFFERING_PARTS	data/normalized_yaml/bacterial/planctomyces_medium.yaml	CultureMech:001133	CuSO4 x 5 H2O	0.0492	G_PER_L	0.0392;0.01	value is the sum of differing parts; which one the medium means needs the source recipe
DIFFERING_PARTS	data/normalized_yaml/bacterial/planctomyces_medium_with_double_concentrated_artifical_sea_water.yaml	CultureMech:001037	Double distilled water	3730.0	G_PER_L	730.0;1000.0;1000.0;1000.0	value is the sum of differing parts; which one the medium means needs the source recipe
DIFFERING_PARTS	data/normalized_yaml/bacterial/planctomyces_medium_with_double_concentrated_artifical_sea_water.yaml	CultureMech:001037	H3BO3	0.11	G_PER_L	0.1;0.01	value is the sum of differing parts; which one the medium means needs the source recipe
DIFFERING_PARTS	data/normalized_yaml/bacterial/planctomyces_medium_with_double_concentrated_artifical_sea_water.yaml	CultureMech:001037	FeSO4 x 7 H2O	0.599	G_PER_L	0.099;0.5	value is the sum of differing parts; which one the medium means needs the source recipe
DIFFERING_PARTS	data/normalized_yaml/bacterial/planctomyces_medium_with_double_concentrated_artifical_sea_water.yaml	CultureMech:001037	MnSO4 x H2O	0.654	G_PER_L	0.154;0.5	value is the sum of differing parts; which one the medium means needs the source recipe
DIFFERING_PARTS	data/normalized_yaml/bacterial/planctomyces_medium_with_double_concentrated_artifical_sea_water.yaml	CultureMech:001037	CuSO4 x 5 H2O	0.0492	G_PER_L	0.0392;0.01	value is the sum of differing parts; which one the medium means needs the source recipe
DIFFERING_PARTS	data/normalized_yaml/bacterial/planctomyces_pyreformis_medium.yaml	CultureMech:001009	MgSO4 x 7 H2O	29.8	G_PER_L	0.1;29.7	value is the sum of differing parts; which one the medium means needs the source recipe
DIFFERING_PARTS	data/normalized_yaml/bacterial/planctomyces_pyreformis_medium.yaml	CultureMech:001009	CaCl2 x 2 H2O	3.36	G_PER_L	0.02;3.34	value is the sum of differing parts; which one the medium means needs the source recipe
DIFFERING_PARTS	data/normalized_yaml/bacterial/planctomyces_pyreformis_medium.yaml	CultureMech:001009	FeSO4 x 7 H2O	0.599	G_PER_L	0.099;0.5	value is the sum of differing parts; which one the medium means needs the source recipe
DIFFERING_PARTS	data/normalized_yaml/bacterial/planctomycetales_bacterium_medium.yaml	CultureMech:000822	CaCl2 x 2 H2O	0.25	G_PER_L	0.15;0.1	value is the sum of differing parts; which one the medium means needs the source recipe
DIFFERING_PARTS	data/normalized_yaml/bacterial/plates_with_fluoranthene.yaml	CultureMech:001580	Agar	50.0	G_PER_L	15.0;15.0;20.0	value is the sum of differing parts; which one the medium means needs the source recipe
COEXISTING_ROW	data/normalized_yaml/bacterial/plates_with_fluoranthene.yaml	CultureMech:001580	Agar	50.0;15.0	G_PER_L		2 rows name this ingredient in one record, one of them a merge survivor — a consumer double-counts
DIFFERING_PARTS	data/normalized_yaml/bacterial/pontiella_medium.yaml	CultureMech:001209	NaCl	19.0	G_PER_L	18.0;1.0	value is the sum of differing parts; which one the medium means needs the source recipe
DIFFERING_PARTS	data/normalized_yaml/bacterial/pontiella_medium.yaml	CultureMech:001209	CaCl2 x 2 H2O	0.5	G_PER_L	0.4;0.1	value is the sum of differing parts; which one the medium means needs the source recipe
DIFFERING_PARTS	data/normalized_yaml/bacterial/porphyrobacter_tepidarius_medium.yaml	CultureMech:001931	Na3-EDTA	6.53	G_PER_L	4.53;2.0	value is the sum of differing parts; which one the medium means needs the source recipe
DIFFERING_PARTS	data/normalized_yaml/bacterial/prolixibacter_medium_gysw.yaml	CultureMech:000941	CaCl2 x 2 H2O	0.25	G_PER_L	0.15;0.1	value is the sum of differing parts; which one the medium means needs the source recipe
DIFFERING_PARTS	data/normalized_yaml/bacterial/propionivibrio_medium.yaml	CultureMech:002757	NaCl	77.9231	G_PER_L	76.9231;1.0	value is the sum of differing parts; which one the medium means needs the source recipe
DIFFERING_PARTS	data/normalized_yaml/bacterial/propionivibrio_medium.yaml	CultureMech:002757	CaCl2 x 2 H2O	11.6385	G_PER_L	11.5385;0.1	value is the sum of differing parts; which one the medium means needs the source recipe
DIFFERING_PARTS	data/normalized_yaml/bacterial/proteiniphilus_5mh_medium.yaml	CultureMech:003218	CaCl2 x 2 H2O	0.1988142	G_PER_L	0.0988142;0.1	value is the sum of differing parts; which one the medium means needs the source recipe
DIFFERING_PARTS	data/normalized_yaml/bacterial/pseudomonas_chlorotidismutans_medium.yaml	CultureMech:002120	Na2MoO4 x 2 H2O	0.039	G_PER_L	0.036;0.003	value is the sum of differing parts; which one the medium means needs the source recipe
DIFFERING_PARTS	data/normalized_yaml/bacterial/pseudomonas_saccharophila_medium.yaml	CultureMech:008323	Distilled water	982.0	G_PER_L	980.0;1.0;1.0	value is the sum of differing parts; which one the medium means needs the source recipe
DIFFERING_PARTS	data/normalized_yaml/bacterial/pseudothermotoga_elfii_medium.yaml	CultureMech:001802	NaCl	10.90099	G_PER_L	9.90099;1.0	value is the sum of differing parts; which one the medium means needs the source recipe
DIFFERING_PARTS	data/normalized_yaml/bacterial/pseudothermotoga_hypogea_medium.yaml	CultureMech:001937	NaCl	10.90099	G_PER_L	9.90099;1.0	value is the sum of differing parts; which one the medium means needs the source recipe
DIFFERING_PARTS	data/normalized_yaml/bacterial/pseudothermotoga_lettingae_medium.yaml	CultureMech:001803	NaCl	11.0	G_PER_L	10.0;1.0	value is the sum of differing parts; which one the medium means needs the source recipe
DIFFERING_PARTS	data/normalized_yaml/bacterial/pseudothermotoga_medium.yaml	CultureMech:001625	MgSO4 x 7 H2O	3.859375	G_PER_L	0.859375;3.0	value is the sum of differing parts; which one the medium means needs the source recipe
DIFFERING_PARTS	data/normalized_yaml/bacterial/pseudothermotoga_medium.yaml	CultureMech:001625	CaCl2 x 2 H2O	0.236719	G_PER_L	0.136719;0.1	value is the sum of differing parts; which one the medium means needs the source recipe
DIFFERING_PARTS	data/normalized_yaml/bacterial/pseudothermotoga_medium.yaml	CultureMech:001625	H3BO3	0.01390625	G_PER_L	0.00390625;0.01	value is the sum of differing parts; which one the medium means needs the source recipe
DIFFERING_PARTS	data/normalized_yaml/bacterial/pseudothermotoga_subterranea_medium.yaml	CultureMech:001824	NaCl	12.8694	G_PER_L	11.8694;1.0	value is the sum of differing parts; which one the medium means needs the source recipe
DIFFERING_PARTS	data/normalized_yaml/bacterial/pseudothermotoga_subterranea_medium.yaml	CultureMech:001824	MgSO4 x 7 H2O	3.49456	G_PER_L	0.49456;3.0	value is the sum of differing parts; which one the medium means needs the source recipe
DIFFERING_PARTS	data/normalized_yaml/bacterial/pseudothermotoga_subterranea_medium.yaml	CultureMech:001824	CaCl2 x 2 H2O	0.1296736	G_PER_L	0.0296736;0.1	value is the sum of differing parts; which one the medium means needs the source recipe
DIFFERING_PARTS	data/normalized_yaml/bacterial/psychrilyobacter_sp_medium.yaml	CultureMech:001517	NaCl	26.0	G_PER_L	25.0;1.0	value is the sum of differing parts; which one the medium means needs the source recipe
DIFFERING_PARTS	data/normalized_yaml/bacterial/py_glucose_atcc_medium_1524_with_10_g_glucose_per_liter_of_medium.yaml	CultureMech:009274	Distilled water	1051.0	G_PER_L	950.0;1.0;100.0	value is the sum of differing parts; which one the medium means needs the source recipe
DIFFERING_PARTS	data/normalized_yaml/bacterial/py_glutamate_medium.yaml	CultureMech:005228	NaCl	26.0	G_PER_L	25.0;1.0	value is the sum of differing parts; which one the medium means needs the source recipe
DIFFERING_PARTS	data/normalized_yaml/bacterial/pyg_medium.yaml	CultureMech:008652	Distilled water	1139.0	G_PER_L	940.0;1.0;99.0;99.0	value is the sum of differing parts; which one the medium means needs the source recipe
DIFFERING_PARTS	data/normalized_yaml/bacterial/pyg_medium.yaml	CultureMech:008652	K2HPO4	3.0	G_PER_L	2.0;1.0	value is the sum of differing parts; which one the medium means needs the source recipe
DIFFERING_PARTS	data/normalized_yaml/bacterial/pyg_medium_g.yaml	CultureMech:003021	K2HPO4	2.998	G_PER_L	1.998;1.0	value is the sum of differing parts; which one the medium means needs the source recipe
DIFFERING_PARTS	data/normalized_yaml/bacterial/pyg_medium_j_modified.yaml	CultureMech:002382	KH2PO4	2.998	G_PER_L	1.998;1.0	value is the sum of differing parts; which one the medium means needs the source recipe
DIFFERING_PARTS	data/normalized_yaml/bacterial/pyg_medium_modified.yaml	CultureMech:000473	K2HPO4	3.0	G_PER_L	2.0;1.0	value is the sum of differing parts; which one the medium means needs the source recipe
DIFFERING_PARTS	data/normalized_yaml/bacterial/pygv_marine_medium_a.yaml	CultureMech:009516	Distilled water	952.0	G_PER_L	950.0;1.0;1.0	value is the sum of differing parts; which one the medium means needs the source recipe
DIFFERING_PARTS	data/normalized_yaml/bacterial/pygv_marine_medium_a.yaml	CultureMech:009516	CaCl2・2H2O	4.442	G_PER_L	3.34;1.102	value is the sum of differing parts; which one the medium means needs the source recipe
DIFFERING_PARTS	data/normalized_yaml/bacterial/r2a_medium_with_25_salt.yaml	CultureMech:002413	MgSO4 x 7 H2O	61.05	G_PER_L	0.05;61.0	value is the sum of differing parts; which one the medium means needs the source recipe
DIFFERING_PARTS	data/normalized_yaml/bacterial/r75s_nsw.yaml	CultureMech:000402	Natural sea water	1750.0	G_PER_L	750.0;1000.0	value is the sum of differing parts; which one the medium means needs the source recipe
DIFFERING_PARTS	data/normalized_yaml/bacterial/r_8_a_h_medium.yaml	CultureMech:001790	CaCl2 x 2 H2O	0.27	G_PER_L	0.07;0.2	value is the sum of differing parts; which one the medium means needs the source recipe
DIFFERING_PARTS	data/normalized_yaml/bacterial/r_8_a_h_medium.yaml	CultureMech:001790	Fe(III) citrate	3.01	G_PER_L	0.01;3.0	value is the sum of differing parts; which one the medium means needs the source recipe
DIFFERING_PARTS	data/normalized_yaml/bacterial/rae_medium.yaml	CultureMech:002005	Glucose	45.0	G_PER_L	40.0;5.0	value is the sum of differing parts; which one the medium means needs the source recipe
DIFFERING_PARTS	data/normalized_yaml/bacterial/rae_medium.yaml	CultureMech:002005	Peptone	13.0	G_PER_L	10.0;3.0	value is the sum of differing parts; which one the medium means needs the source recipe
DIFFERING_PARTS	data/normalized_yaml/bacterial/rae_medium.yaml	CultureMech:002005	Yeast extract	12.0	G_PER_L	10.0;2.0	value is the sum of differing parts; which one the medium means needs the source recipe
DIFFERING_PARTS	data/normalized_yaml/bacterial/ravot_modified_medium_for_marinitoga_litoralis.yaml	CultureMech:003068	KH2PO4	4.3981354	G_PER_L	0.0981354;4.3	value is the sum of differing parts; which one the medium means needs the source recipe
DIFFERING_PARTS	data/normalized_yaml/bacterial/reactivation_with_liquid_medium.yaml	CultureMech:001667	Agar	35.0	G_PER_L	15.0;20.0	value is the sum of differing parts; which one the medium means needs the source recipe
COEXISTING_ROW	data/normalized_yaml/bacterial/reactivation_with_liquid_medium.yaml	CultureMech:001667	Agar	35.0;15.0	G_PER_L		2 rows name this ingredient in one record, one of them a merge survivor — a consumer double-counts
DIFFERING_PARTS	data/normalized_yaml/bacterial/reactivation_with_tryptone_soya_broth.yaml	CultureMech:001324	Casein peptone	32.0	G_PER_L	15.0;17.0	value is the sum of differing parts; which one the medium means needs the source recipe
DIFFERING_PARTS	data/normalized_yaml/bacterial/reactivation_with_tryptone_soya_broth.yaml	CultureMech:001324	Soy peptone	8.0	G_PER_L	5.0;3.0	value is the sum of differing parts; which one the medium means needs the source recipe
DIFFERING_PARTS	data/normalized_yaml/bacterial/rectinema_subterraneum_medium.yaml	CultureMech:002383	NaCl	10.90099	G_PER_L	9.90099;1.0	value is the sum of differing parts; which one the medium means needs the source recipe
DIFFERING_PARTS	data/normalized_yaml/bacterial/rectinema_subterraneum_medium.yaml	CultureMech:002383	MgSO4 x 7 H2O	3.3	G_PER_L	0.3;3.0	value is the sum of differing parts; which one the medium means needs the source recipe
DIFFERING_PARTS	data/normalized_yaml/bacterial/rectinema_subterraneum_medium.yaml	CultureMech:002383	CaCl2 x 2 H2O	0.124	G_PER_L	0.024;0.1	value is the sum of differing parts; which one the medium means needs the source recipe
DIFFERING_PARTS	data/normalized_yaml/bacterial/rgca_medium.yaml	CultureMech:009192	DI Water	1500.0	G_PER_L	500.0;500.0;50.0;325.0;25.0;100.0	value is the sum of differing parts; which one the medium means needs the source recipe
DIFFERING_PARTS	data/normalized_yaml/bacterial/rhodobacter_veldkampii_medium.yaml	CultureMech:002025	Yeast extract	3.043478	G_PER_L	2.5;0.543478	value is the sum of differing parts; which one the medium means needs the source recipe
DIFFERING_PARTS	data/normalized_yaml/bacterial/rhodobacter_veldkampii_medium.yaml	CultureMech:002025	Vitamin B12	0.112	G_PER_L	0.002;0.1;0.01	value is the sum of differing parts; which one the medium means needs the source recipe
DIFFERING_PARTS	data/normalized_yaml/bacterial/rhodobacter_veldkampii_medium.yaml	CultureMech:002025	Na2S x 9 H2O	44.8148	G_PER_L	14.8148;30.0	value is the sum of differing parts; which one the medium means needs the source recipe
DIFFERING_PARTS	data/normalized_yaml/bacterial/rhodomicrobium_medium.yaml	CultureMech:008166	Distilled water	102.0	G_PER_L	1.0;1.0;100.0	value is the sum of differing parts; which one the medium means needs the source recipe
DIFFERING_PARTS	data/normalized_yaml/bacterial/rhodothermus_bifrosti_medium.yaml	CultureMech:001218	NaCl	11.0	G_PER_L	10.0;1.0	value is the sum of differing parts; which one the medium means needs the source recipe
DIFFERING_PARTS	data/normalized_yaml/bacterial/rhodovulum_iodosum_and_r_robiginosum_medium.yaml	CultureMech:002101	FeSO4 x 7 H2O	4.88015	G_PER_L	2.78015;2.1	value is the sum of differing parts; which one the medium means needs the source recipe
DIFFERING_PARTS	data/normalized_yaml/bacterial/rhodovulum_medium.yaml	CultureMech:000851	Vitamin B12	0.05004	G_PER_L	0.00002;0.00002;0.05	value is the sum of differing parts; which one the medium means needs the source recipe
DIFFERING_PARTS	data/normalized_yaml/bacterial/roseibaca_calidilacus_medium.yaml	CultureMech:002310	MgSO4 x 7 H2O	500.49	G_PER_L	493.0;7.49	value is the sum of differing parts; which one the medium means needs the source recipe
DIFFERING_PARTS	data/normalized_yaml/bacterial/rpl_0_01_rpa.yaml	CultureMech:000399	Rye grass	1.1	G_PER_L	1.0;0.1	value is the sum of differing parts; which one the medium means needs the source recipe
DIFFERING_PARTS	data/normalized_yaml/bacterial/rpl_medium.yaml	CultureMech:008717	NaCl	1.2	G_PER_L	0.2;1.0	value is the sum of differing parts; which one the medium means needs the source recipe
DIFFERING_PARTS	data/normalized_yaml/bacterial/rpl_mp.yaml	CultureMech:000397	KCl	2.6	G_PER_L	1.6;1.0	value is the sum of differing parts; which one the medium means needs the source recipe
DIFFERING_PARTS	data/normalized_yaml/bacterial/rpl_pj_0_01_rpa.yaml	CultureMech:000400	Rye grass	1.1	G_PER_L	1.0;0.1	value is the sum of differing parts; which one the medium means needs the source recipe
DIFFERING_PARTS	data/normalized_yaml/bacterial/rubritalea_medium.yaml	CultureMech:000573	CaCl2 x 2 H2O	7.685	G_PER_L	3.335;4.35	value is the sum of differing parts; which one the medium means needs the source recipe
DIFFERING_PARTS	data/normalized_yaml/bacterial/rubritalea_medium.yaml	CultureMech:000573	FeSO4 x 7 H2O	0.599	G_PER_L	0.099;0.5	value is the sum of differing parts; which one the medium means needs the source recipe
DIFFERING_PARTS	data/normalized_yaml/bacterial/ruminococcus_albus_medium_maltose_1g_l_starch_1g_l.yaml	CultureMech:009193	Distilled water	1190.0	G_PER_L	920.0;100.0;100.0;70.0	value is the sum of differing parts; which one the medium means needs the source recipe
DIFFERING_PARTS	data/normalized_yaml/bacterial/rv5_medium.yaml	CultureMech:000585	EDTA	5.21	G_PER_L	0.01;5.2	value is the sum of differing parts; which one the medium means needs the source recipe
DIFFERING_PARTS	data/normalized_yaml/bacterial/s200_medium.yaml	CultureMech:003135	NaCl	151.0	G_PER_L	150.0;1.0	value is the sum of differing parts; which one the medium means needs the source recipe
DIFFERING_PARTS	data/normalized_yaml/bacterial/s_heliorestis_medium.yaml	CultureMech:000841	EDTA	5.21	G_PER_L	0.01;5.2	value is the sum of differing parts; which one the medium means needs the source recipe
DIFFERING_PARTS	data/normalized_yaml/bacterial/s_medium.yaml	CultureMech:009071	distilled water	102.0	G_PER_L	1.0;1.0;100.0	value is the sum of differing parts; which one the medium means needs the source recipe
DIFFERING_PARTS	data/normalized_yaml/bacterial/sa_medium.yaml	CultureMech:008107	Distilled water	102.0	G_PER_L	1.0;100.0;1.0	value is the sum of differing parts; which one the medium means needs the source recipe
DIFFERING_PARTS	data/normalized_yaml/bacterial/salinispira_l21_ls_medium.yaml	CultureMech:000997	NaCl	60.3472	G_PER_L	59.3472;1.0	value is the sum of differing parts; which one the medium means needs the source recipe
DIFFERING_PARTS	data/normalized_yaml/bacterial/salinispira_l21_ls_medium.yaml	CultureMech:000997	CaCl2 x 2 H2O	0.495648	G_PER_L	0.395648;0.1	value is the sum of differing parts; which one the medium means needs the source recipe
DIFFERING_PARTS	data/normalized_yaml/bacterial/salinivibrio_costicola_subsp_vallismortis_medium.yaml	CultureMech:001724	NaCl	26.0	G_PER_L	25.0;1.0	value is the sum of differing parts; which one the medium means needs the source recipe
DIFFERING_PARTS	data/normalized_yaml/bacterial/salinivibrio_costicola_subsp_vallismortis_medium.yaml	CultureMech:001724	MgSO4 x 7 H2O	12.6	G_PER_L	9.6;3.0	value is the sum of differing parts; which one the medium means needs the source recipe
DIFFERING_PARTS	data/normalized_yaml/bacterial/salinivibrio_costicola_subsp_vallismortis_medium.yaml	CultureMech:001724	CaCl2 x 2 H2O	0.6	G_PER_L	0.5;0.1	value is the sum of differing parts; which one the medium means needs the source recipe
DIFFERING_PARTS	data/normalized_yaml/bacterial/salinivirga_l21_hs_medium.yaml	CultureMech:001004	NaCl	90.0208	G_PER_L	89.0208;1.0	value is the sum of differing parts; which one the medium means needs the source recipe
DIFFERING_PARTS	data/normalized_yaml/bacterial/salinivirga_l21_hs_medium.yaml	CultureMech:001004	CaCl2 x 2 H2O	0.495648	G_PER_L	0.395648;0.1	value is the sum of differing parts; which one the medium means needs the source recipe
DIFFERING_PARTS	data/normalized_yaml/bacterial/saltwater_iron_oxidizing_bacteria_medium_ii.yaml	CultureMech:002248	NaHCO3	12.7	G_PER_L	12.5;0.2	value is the sum of differing parts; which one the medium means needs the source recipe
DIFFERING_PARTS	data/normalized_yaml/bacterial/saltwater_iron_oxidizing_bacteria_medium_ii.yaml	CultureMech:002248	NaCl	28.5	G_PER_L	27.5;1.0	value is the sum of differing parts; which one the medium means needs the source recipe
DIFFERING_PARTS	data/normalized_yaml/bacterial/saltwater_iron_oxidizing_bacteria_medium_ii.yaml	CultureMech:002248	CaCl2 x 2 H2O	1.5	G_PER_L	1.4;0.1	value is the sum of differing parts; which one the medium means needs the source recipe
DIFFERING_PARTS	data/normalized_yaml/bacterial/sbbm.yaml	CultureMech:000403	NaNO3	10.7	G_PER_L	10.0;0.7	value is the sum of differing parts; which one the medium means needs the source recipe
DIFFERING_PARTS	data/normalized_yaml/bacterial/sbbm.yaml	CultureMech:000403	MgSO4 x 7 H2O	10.7	G_PER_L	10.0;0.7	value is the sum of differing parts; which one the medium means needs the source recipe
DIFFERING_PARTS	data/normalized_yaml/bacterial/sbbm.yaml	CultureMech:000403	Na2-EDTA	3.0	G_PER_L	0.75;2.25	value is the sum of differing parts; which one the medium means needs the source recipe
DIFFERING_PARTS	data/normalized_yaml/bacterial/sbbm.yaml	CultureMech:000403	Cyanocobalamine	1.04	G_PER_L	1.0;0.04	value is the sum of differing parts; which one the medium means needs the source recipe
DIFFERING_PARTS	data/normalized_yaml/bacterial/scgyem_medium.yaml	CultureMech:000984	KH2PO4	16.52	G_PER_L	16.0;0.52	value is the sum of differing parts; which one the medium means needs the source recipe
DIFFERING_PARTS	data/normalized_yaml/bacterial/schlesneria_paludicola_medium.yaml	CultureMech:000703	MgSO4 x 7 H2O	29.75	G_PER_L	0.05;29.7	value is the sum of differing parts; which one the medium means needs the source recipe
DIFFERING_PARTS	data/normalized_yaml/bacterial/schlesneria_paludicola_medium.yaml	CultureMech:000703	FeSO4 x 7 H2O	0.599	G_PER_L	0.099;0.5	value is the sum of differing parts; which one the medium means needs the source recipe
DIFFERING_PARTS	data/normalized_yaml/bacterial/sd0_medium.yaml	CultureMech:002698	NaCl	99.912	G_PER_L	98.912;1.0	value is the sum of differing parts; which one the medium means needs the source recipe
DIFFERING_PARTS	data/normalized_yaml/bacterial/sd0_medium.yaml	CultureMech:002698	CaCl2 x 2 H2O	0.238477	G_PER_L	0.138477;0.1	value is the sum of differing parts; which one the medium means needs the source recipe
DIFFERING_PARTS	data/normalized_yaml/bacterial/sea_water_yeast_peptone_medium.yaml	CultureMech:006887	Peptone	15.0	G_PER_L	5.0;10.0	value is the sum of differing parts; which one the medium means needs the source recipe
DIFFERING_PARTS	data/normalized_yaml/bacterial/sedimentibacter_medium.yaml	CultureMech:001780	NaCl	10.94036	G_PER_L	9.94036;1.0	value is the sum of differing parts; which one the medium means needs the source recipe
DIFFERING_PARTS	data/normalized_yaml/bacterial/sedimentibacter_medium.yaml	CultureMech:001780	CaCl2 x 2 H2O	0.1298211	G_PER_L	0.0298211;0.1	value is the sum of differing parts; which one the medium means needs the source recipe
DIFFERING_PARTS	data/normalized_yaml/bacterial/sedimentisphaera_l21_hs_medium.yaml	CultureMech:001003	NaCl	119.694	G_PER_L	118.694;1.0	value is the sum of differing parts; which one the medium means needs the source recipe
DIFFERING_PARTS	data/normalized_yaml/bacterial/sedimentisphaera_l21_hs_medium.yaml	CultureMech:001003	CaCl2 x 2 H2O	0.495648	G_PER_L	0.395648;0.1	value is the sum of differing parts; which one the medium means needs the source recipe
DIFFERING_PARTS	data/normalized_yaml/bacterial/sediminispirochaeta_smaragdinae_medium.yaml	CultureMech:001966	NaCl	51.0	G_PER_L	50.0;1.0	value is the sum of differing parts; which one the medium means needs the source recipe
DIFFERING_PARTS	data/normalized_yaml/bacterial/sehel_for_halanaerobium.yaml	CultureMech:000798	NaCl	201.0	G_PER_L	200.0;1.0	value is the sum of differing parts; which one the medium means needs the source recipe
DIFFERING_PARTS	data/normalized_yaml/bacterial/serpentinomonas_minimal_medium.yaml	CultureMech:001118	CaCl2	0.835075	G_PER_L	0.735075;0.1	value is the sum of differing parts; which one the medium means needs the source recipe
DIFFERING_PARTS	data/normalized_yaml/bacterial/serpulina_murdochii_medium.yaml	CultureMech:001996	NaHCO3	0.09	G_PER_L	0.03;0.06	value is the sum of differing parts; which one the medium means needs the source recipe
DIFFERING_PARTS	data/normalized_yaml/bacterial/serpulina_murdochii_medium.yaml	CultureMech:001996	Glucose	0.045	G_PER_L	0.015;0.03	value is the sum of differing parts; which one the medium means needs the source recipe
DIFFERING_PARTS	data/normalized_yaml/bacterial/serpulina_murdochii_medium.yaml	CultureMech:001996	Air	5.5	G_PER_L	0.5;5.0	value is the sum of differing parts; which one the medium means needs the source recipe
COEXISTING_ROW	data/normalized_yaml/bacterial/serpulina_murdochii_medium.yaml	CultureMech:001996	Glucose	2.5;0.045	G_PER_L		2 rows name this ingredient in one record, one of them a merge survivor — a consumer double-counts
DIFFERING_PARTS	data/normalized_yaml/bacterial/ses_mp.yaml	CultureMech:000408	MgSO4 x 7 H2O	21.0	G_PER_L	20.0;1.0	value is the sum of differing parts; which one the medium means needs the source recipe
DIFFERING_PARTS	data/normalized_yaml/bacterial/ses_pj.yaml	CultureMech:000409	K2HPO4	21.0	G_PER_L	20.0;1.0	value is the sum of differing parts; which one the medium means needs the source recipe
DIFFERING_PARTS	data/normalized_yaml/bacterial/ses_pj.yaml	CultureMech:000409	MgSO4 x 7 H2O	21.0	G_PER_L	20.0;1.0	value is the sum of differing parts; which one the medium means needs the source recipe
DIFFERING_PARTS	data/normalized_yaml/bacterial/sh_seawater_medium.yaml	CultureMech:000746	H3BO3	0.025336	G_PER_L	0.024736;0.0006	value is the sum of differing parts; which one the medium means needs the source recipe
DIFFERING_PARTS	data/normalized_yaml/bacterial/sh_seawater_medium.yaml	CultureMech:000746	Double distilled water	1990.0	G_PER_L	990.0;1000.0	value is the sum of differing parts; which one the medium means needs the source recipe
DIFFERING_PARTS	data/normalized_yaml/bacterial/singulisphaera_medium.yaml	CultureMech:000582	FeSO4 x 7 H2O	0.599	G_PER_L	0.099;0.5	value is the sum of differing parts; which one the medium means needs the source recipe
DIFFERING_PARTS	data/normalized_yaml/bacterial/siuc_3_medium.yaml	CultureMech:002450	H3BO3	0.01593472	G_PER_L	0.00593472;0.01	value is the sum of differing parts; which one the medium means needs the source recipe
DIFFERING_PARTS	data/normalized_yaml/bacterial/sme_medium_modified_for_is7.yaml	CultureMech:002054	NaCl	31.0	G_PER_L	30.0;1.0	value is the sum of differing parts; which one the medium means needs the source recipe
DIFFERING_PARTS	data/normalized_yaml/bacterial/sme_medium_modified_for_is7.yaml	CultureMech:002054	MgSO4 x 7 H2O	3.7	G_PER_L	0.7;3.0	value is the sum of differing parts; which one the medium means needs the source recipe
DIFFERING_PARTS	data/normalized_yaml/bacterial/sme_medium_modified_for_is7.yaml	CultureMech:002054	CaCl2 x 2 H2O	0.6	G_PER_L	0.5;0.1	value is the sum of differing parts; which one the medium means needs the source recipe
DIFFERING_PARTS	data/normalized_yaml/bacterial/smithella_medium.yaml	CultureMech:000452	CaCl2 x 2 H2O	1.391389	G_PER_L	0.391389;1.0	value is the sum of differing parts; which one the medium means needs the source recipe
DIFFERING_PARTS	data/normalized_yaml/bacterial/sot_medium.yaml	CultureMech:009080	Distilled water	199.9	G_PER_L	99.9;100.0	value is the sum of differing parts; which one the medium means needs the source recipe
DIFFERING_PARTS	data/normalized_yaml/bacterial/sour_dough_medium.yaml	CultureMech:001329	Yeast extract	18.0	G_PER_L	3.0;15.0	value is the sum of differing parts; which one the medium means needs the source recipe
DIFFERING_PARTS	data/normalized_yaml/bacterial/sp.yaml	CultureMech:000413	FeSO4 x 7 H2O	0.72	G_PER_L	0.02;0.7	value is the sum of differing parts; which one the medium means needs the source recipe
DIFFERING_PARTS	data/normalized_yaml/bacterial/sp4_medium.yaml	CultureMech:000508	Yeast extract	4.5	G_PER_L	3.5;1.0	value is the sum of differing parts; which one the medium means needs the source recipe
DIFFERING_PARTS	data/normalized_yaml/bacterial/sp4_medium_with_glucose.yaml	CultureMech:000509	Yeast extract	4.5	G_PER_L	3.5;1.0	value is the sum of differing parts; which one the medium means needs the source recipe
DIFFERING_PARTS	data/normalized_yaml/bacterial/spirochaeta_caldaria_medium.yaml	CultureMech:003015	H3BO3	0.016	G_PER_L	0.006;0.01	value is the sum of differing parts; which one the medium means needs the source recipe
DIFFERING_PARTS	data/normalized_yaml/bacterial/spirochaeta_caldaria_medium.yaml	CultureMech:003015	Na2MoO4 x 2 H2O	0.046	G_PER_L	0.036;0.01	value is the sum of differing parts; which one the medium means needs the source recipe
DIFFERING_PARTS	data/normalized_yaml/bacterial/spirochaeta_dissipatitropha_medium.yaml	CultureMech:000722	NaCl	31.0	G_PER_L	30.0;1.0	value is the sum of differing parts; which one the medium means needs the source recipe
DIFFERING_PARTS	data/normalized_yaml/bacterial/spirochaeta_smaeagdinae_medium.yaml	CultureMech:003039	NaCl	55.9451	G_PER_L	54.9451;1.0	value is the sum of differing parts; which one the medium means needs the source recipe
DIFFERING_PARTS	data/normalized_yaml/bacterial/spirochaeta_smaeagdinae_medium.yaml	CultureMech:003039	CaCl2 x 2 H2O	1.061538	G_PER_L	0.961538;0.1	value is the sum of differing parts; which one the medium means needs the source recipe
DIFFERING_PARTS	data/normalized_yaml/bacterial/spirochaeta_smaragdinae_medium.yaml	CultureMech:006544	NaCl	51.0	G_PER_L	50.0;1.0	value is the sum of differing parts; which one the medium means needs the source recipe
DIFFERING_PARTS	data/normalized_yaml/bacterial/spiroplasma_medium.yaml	CultureMech:009147	DI Water	700.0	G_PER_L	500.0;200.0	value is the sum of differing parts; which one the medium means needs the source recipe
DIFFERING_PARTS	data/normalized_yaml/bacterial/sporohalobacter_lortetii_medium.yaml	CultureMech:001420	NaCl	104.653	G_PER_L	103.653;1.0	value is the sum of differing parts; which one the medium means needs the source recipe
DIFFERING_PARTS	data/normalized_yaml/bacterial/sporohalobacter_lortetii_medium.yaml	CultureMech:001420	FeSO4 x 7 H2O	0.10197433	G_PER_L	0.00197433;0.1	value is the sum of differing parts; which one the medium means needs the source recipe
DIFFERING_PARTS	data/normalized_yaml/bacterial/sporohalobacter_lortetii_medium.yaml	CultureMech:001420	CaCl2 x 2 H2O	3.75252	G_PER_L	3.65252;0.1	value is the sum of differing parts; which one the medium means needs the source recipe
DIFFERING_PARTS	data/normalized_yaml/bacterial/sporohalobacter_salinus_medium.yaml	CultureMech:001051	NaCl	201.0	G_PER_L	200.0;1.0	value is the sum of differing parts; which one the medium means needs the source recipe
DIFFERING_PARTS	data/normalized_yaml/bacterial/sporolituus_medium.yaml	CultureMech:000695	FeSO4 x 7 H2O	1.1	G_PER_L	0.1;1.0	value is the sum of differing parts; which one the medium means needs the source recipe
DIFFERING_PARTS	data/normalized_yaml/bacterial/sporolituus_thermophilus_medium.yaml	CultureMech:000303	NaCl	1.884086	G_PER_L	0.884086;1.0	value is the sum of differing parts; which one the medium means needs the source recipe
DIFFERING_PARTS	data/normalized_yaml/bacterial/st21_agar_for_cellulose_degraders.yaml	CultureMech:002113	Tap water	1000.0	G_PER_L	600.0;300.0;100.0	value is the sum of differing parts; which one the medium means needs the source recipe
DIFFERING_PARTS	data/normalized_yaml/bacterial/staleys_maintenance_medium.yaml	CultureMech:001760	FeSO4 x 7 H2O	0.599	G_PER_L	0.099;0.5	value is the sum of differing parts; which one the medium means needs the source recipe
DIFFERING_PARTS	data/normalized_yaml/bacterial/standard_petc_medium.yaml	CultureMech:009621	Distilled water	103.0	G_PER_L	1.0;1.0;1.0;100.0	value is the sum of differing parts; which one the medium means needs the source recipe
DIFFERING_PARTS	data/normalized_yaml/bacterial/starch_mineral_salt_agar_10_nacl.yaml	CultureMech:000699	NaCl	101.0	G_PER_L	1.0;100.0	value is the sum of differing parts; which one the medium means needs the source recipe
DIFFERING_PARTS	data/normalized_yaml/bacterial/starch_mineral_salt_agar_stms_15_nacl.yaml	CultureMech:000700	NaCl	151.0	G_PER_L	1.0;150.0	value is the sum of differing parts; which one the medium means needs the source recipe
DIFFERING_PARTS	data/normalized_yaml/bacterial/sulfate_free_metako_medium.yaml	CultureMech:002299	SrCl2 x 6 H2O	0.0217878	G_PER_L	0.0117878;0.01	value is the sum of differing parts; which one the medium means needs the source recipe
DIFFERING_PARTS	data/normalized_yaml/bacterial/sulfate_reducer_medium.yaml	CultureMech:008211	CaCl2·2H2O	0.25	G_PER_L	0.15;0.1	value is the sum of differing parts; which one the medium means needs the source recipe
DIFFERING_PARTS	data/normalized_yaml/bacterial/sulfer_free_mineral_medium_sfmm.yaml	CultureMech:008622	Distilled water	1926.0	G_PER_L	975.0;950.0;1.0	value is the sum of differing parts; which one the medium means needs the source recipe
DIFFERING_PARTS	data/normalized_yaml/bacterial/sulfer_free_mineral_medium_sfmm.yaml	CultureMech:008622	CaCl2·2H2O	13.3	G_PER_L	10.0;3.3	value is the sum of differing parts; which one the medium means needs the source recipe
DIFFERING_PARTS	data/normalized_yaml/bacterial/sulfer_free_mineral_medium_sfmm.yaml	CultureMech:008622	MgCl2·6H2O	26.0	G_PER_L	10.0;16.0	value is the sum of differing parts; which one the medium means needs the source recipe
DIFFERING_PARTS	data/normalized_yaml/bacterial/sulfitobacter_pontiacus_medium.yaml	CultureMech:001869	NaCl	15.985	G_PER_L	14.985;1.0	value is the sum of differing parts; which one the medium means needs the source recipe
DIFFERING_PARTS	data/normalized_yaml/bacterial/sulfitobacter_pontiacus_medium.yaml	CultureMech:001869	MgSO4 x 7 H2O	3.999001	G_PER_L	0.999001;3.0	value is the sum of differing parts; which one the medium means needs the source recipe
DIFFERING_PARTS	data/normalized_yaml/bacterial/sulfitobacter_pontiacus_medium.yaml	CultureMech:001869	CaCl2 x 2 H2O	0.14995	G_PER_L	0.04995;0.1	value is the sum of differing parts; which one the medium means needs the source recipe
DIFFERING_PARTS	data/normalized_yaml/bacterial/sulfur_oxidizer_medium.yaml	CultureMech:008328	CaCl2·2H2O	0.25	G_PER_L	0.15;0.1	value is the sum of differing parts; which one the medium means needs the source recipe
DIFFERING_PARTS	data/normalized_yaml/bacterial/sulfur_oxidizing_bacteria_medium.yaml	CultureMech:008242	NaCl	31.0	G_PER_L	30.0;1.0	value is the sum of differing parts; which one the medium means needs the source recipe
DIFFERING_PARTS	data/normalized_yaml/bacterial/sulfur_oxidizing_bacteria_medium.yaml	CultureMech:008242	CaCl2·2H2O	0.25	G_PER_L	0.15;0.1	value is the sum of differing parts; which one the medium means needs the source recipe
DIFFERING_PARTS	data/normalized_yaml/bacterial/sulfur_oxidizing_bacterium_medium.yaml	CultureMech:008706	Distilled water	2118.0	G_PER_L	930.0;987.0;1.0;100.0;100.0	value is the sum of differing parts; which one the medium means needs the source recipe
DIFFERING_PARTS	data/normalized_yaml/bacterial/sulfuriferula_medium.yaml	CultureMech:001696	CaCl2 x 2 H2O	0.237931	G_PER_L	0.137931;0.1	value is the sum of differing parts; which one the medium means needs the source recipe
DIFFERING_PARTS	data/normalized_yaml/bacterial/sulfuriferula_medium.yaml	CultureMech:001696	Na2WO4 x 2 H2O	0.000892611	G_PER_L	0.000492611;0.0004	value is the sum of differing parts; which one the medium means needs the source recipe
DIFFERING_PARTS	data/normalized_yaml/bacterial/sulfurimonas_crateris_medium.yaml	CultureMech:001179	NaCl	11.1937	G_PER_L	10.1937;1.0	value is the sum of differing parts; which one the medium means needs the source recipe
DIFFERING_PARTS	data/normalized_yaml/bacterial/sulfurimonas_gd1_medium.yaml	CultureMech:003153	H3BO3	0.01151791	G_PER_L	0.00551791;0.006	value is the sum of differing parts; which one the medium means needs the source recipe
DIFFERING_PARTS	data/normalized_yaml/bacterial/sulfurimonas_gotlandica_medium.yaml	CultureMech:000985	H3BO3	0.01198802	G_PER_L	0.00598802;0.006	value is the sum of differing parts; which one the medium means needs the source recipe
DIFFERING_PARTS	data/normalized_yaml/bacterial/sulfurimonas_hongkongensis_medium.yaml	CultureMech:000577	FeSO4 x 7 H2O	2.2	G_PER_L	2.0;0.2	value is the sum of differing parts; which one the medium means needs the source recipe
DIFFERING_PARTS	data/normalized_yaml/bacterial/sulfurimonas_mj_medium.yaml	CultureMech:000427	NaCl	30.6736	G_PER_L	29.6736;1.0	value is the sum of differing parts; which one the medium means needs the source recipe
DIFFERING_PARTS	data/normalized_yaml/bacterial/sulfurimonas_mj_medium.yaml	CultureMech:000427	CaCl2 x 2 H2O	0.238477	G_PER_L	0.138477;0.1	value is the sum of differing parts; which one the medium means needs the source recipe
DIFFERING_PARTS	data/normalized_yaml/bacterial/sulfurimonas_mj_medium.yaml	CultureMech:000427	MgSO4 x 7 H2O	6.36301	G_PER_L	3.36301;3.0	value is the sum of differing parts; which one the medium means needs the source recipe
DIFFERING_PARTS	data/normalized_yaml/bacterial/sulfurimonas_paralvinella_medium.yaml	CultureMech:000481	NaCl	20.7824	G_PER_L	19.7824;1.0	value is the sum of differing parts; which one the medium means needs the source recipe
DIFFERING_PARTS	data/normalized_yaml/bacterial/sulfurimonas_paralvinella_medium.yaml	CultureMech:000481	MgSO4 x 7 H2O	6.95648	G_PER_L	3.95648;3.0	value is the sum of differing parts; which one the medium means needs the source recipe
DIFFERING_PARTS	data/normalized_yaml/bacterial/supplemented_middlebrook.yaml	CultureMech:008987	DI Water	1000.0	G_PER_L	900.0;100.0	value is the sum of differing parts; which one the medium means needs the source recipe
DIFFERING_PARTS	data/normalized_yaml/bacterial/surf_ana_1_medium.yaml	CultureMech:007836	Distilled water	861.0	G_PER_L	860.0;1.0	value is the sum of differing parts; which one the medium means needs the source recipe
DIFFERING_PARTS	data/normalized_yaml/bacterial/svo_medium.yaml	CultureMech:009126	Distilled water	2001.0	G_PER_L	1.0;1000.0;1000.0	value is the sum of differing parts; which one the medium means needs the source recipe
DIFFERING_PARTS	data/normalized_yaml/bacterial/svo_medium.yaml	CultureMech:009126	NaCl	11.0	G_PER_L	10.0;1.0	value is the sum of differing parts; which one the medium means needs the source recipe
DIFFERING_PARTS	data/normalized_yaml/bacterial/syntrophomonas_bryantii_medium.yaml	CultureMech:005059	CaCl2 x 2 H2O	184.0542888	G_PER_L	0.0542888;184.0	value is the sum of differing parts; which one the medium means needs the source recipe
DIFFERING_PARTS	data/normalized_yaml/bacterial/syntrophomonas_sapovorans_medium.yaml	CultureMech:001447	CaCl2 x 2 H2O	184.0542888	G_PER_L	0.0542888;184.0	value is the sum of differing parts; which one the medium means needs the source recipe
DIFFERING_PARTS	data/normalized_yaml/bacterial/syntrophomonas_zehnderi_medium.yaml	CultureMech:001448	CaCl2 x 2 H2O	184.0542888	G_PER_L	0.0542888;184.0	value is the sum of differing parts; which one the medium means needs the source recipe
DIFFERING_PARTS	data/normalized_yaml/bacterial/syntrophothermus_medium.yaml	CultureMech:002028	CaCl2 x 2 H2O	0.248221	G_PER_L	0.148221;0.1	value is the sum of differing parts; which one the medium means needs the source recipe
DIFFERING_PARTS	data/normalized_yaml/bacterial/syntrophus_medium.yaml	CultureMech:004741	CaCl2 x 2 H2O	0.23834	G_PER_L	0.13834;0.1	value is the sum of differing parts; which one the medium means needs the source recipe
DIFFERING_PARTS	data/normalized_yaml/bacterial/syntrophus_medium.yaml	CultureMech:004741	MgSO4 x 7 H2O	6.35968	G_PER_L	3.35968;3.0	value is the sum of differing parts; which one the medium means needs the source recipe
DIFFERING_PARTS	data/normalized_yaml/bacterial/syntrophus_medium.yaml	CultureMech:004741	NaCl	30.6443	G_PER_L	29.6443;1.0	value is the sum of differing parts; which one the medium means needs the source recipe
DIFFERING_PARTS	data/normalized_yaml/bacterial/t2_medium_for_thiobacillus.yaml	CultureMech:008823	Distilled water	1001.0	G_PER_L	250.0;250.0;250.0;250.0;1.0	value is the sum of differing parts; which one the medium means needs the source recipe
DIFFERING_PARTS	data/normalized_yaml/bacterial/t_asw_medium.yaml	CultureMech:006021	CaCl2 x 2 H2O	5.8	G_PER_L	0.3;5.5	value is the sum of differing parts; which one the medium means needs the source recipe
DIFFERING_PARTS	data/normalized_yaml/bacterial/tb2_medium.yaml	CultureMech:002791	NaCl	62.48911	G_PER_L	6.08911;55.4;1.0	value is the sum of differing parts; which one the medium means needs the source recipe
DIFFERING_PARTS	data/normalized_yaml/bacterial/tb2_medium.yaml	CultureMech:002791	CaCl2 x 2 H2O	1.971287	G_PER_L	0.371287;1.5;0.1	value is the sum of differing parts; which one the medium means needs the source recipe
DIFFERING_PARTS	data/normalized_yaml/bacterial/tb2_medium.yaml	CultureMech:002791	KI	0.0001247525	G_PER_L	0.0000247525;0.0001	value is the sum of differing parts; which one the medium means needs the source recipe
DIFFERING_PARTS	data/normalized_yaml/bacterial/tb2_medium.yaml	CultureMech:002791	MgSO4 x 7 H2O	17.0	G_PER_L	14.0;3.0	value is the sum of differing parts; which one the medium means needs the source recipe
DIFFERING_PARTS	data/normalized_yaml/bacterial/tcp_medium.yaml	CultureMech:008257	MgSO4·7H2O	6.4	G_PER_L	3.4;3.0	value is the sum of differing parts; which one the medium means needs the source recipe
DIFFERING_PARTS	data/normalized_yaml/bacterial/tcp_medium.yaml	CultureMech:008257	NaCl	31.0	G_PER_L	30.0;1.0	value is the sum of differing parts; which one the medium means needs the source recipe
DIFFERING_PARTS	data/normalized_yaml/bacterial/tcp_medium.yaml	CultureMech:008257	FeSO4·7H2O	0.125	G_PER_L	0.025;0.1	value is the sum of differing parts; which one the medium means needs the source recipe
DIFFERING_PARTS	data/normalized_yaml/bacterial/telmatocola_medium.yaml	CultureMech:000827	MgSO4 x 7 H2O	29.8	G_PER_L	0.1;29.7	value is the sum of differing parts; which one the medium means needs the source recipe
DIFFERING_PARTS	data/normalized_yaml/bacterial/telmatocola_medium.yaml	CultureMech:000827	CaCl2 x 2 H2O	3.355	G_PER_L	0.02;3.335	value is the sum of differing parts; which one the medium means needs the source recipe
DIFFERING_PARTS	data/normalized_yaml/bacterial/telmatocola_medium.yaml	CultureMech:000827	FeSO4 x 7 H2O	0.599	G_PER_L	0.099;0.5	value is the sum of differing parts; which one the medium means needs the source recipe
DIFFERING_PARTS	data/normalized_yaml/bacterial/tepidanaerobacter_gt38_medium.yaml	CultureMech:002464	CaCl2 x 2 H2O	37.51	G_PER_L	0.01;37.5	value is the sum of differing parts; which one the medium means needs the source recipe
DIFFERING_PARTS	data/normalized_yaml/bacterial/tepidanaerobacter_medium.yaml	CultureMech:000479	CaCl2 x 2 H2O	0.25	G_PER_L	0.15;0.1	value is the sum of differing parts; which one the medium means needs the source recipe
DIFFERING_PARTS	data/normalized_yaml/bacterial/tepidibacillus_marianaensis_medium.yaml	CultureMech:009691	Distilled water	1040.0	G_PER_L	940.0;100.0	value is the sum of differing parts; which one the medium means needs the source recipe
DIFFERING_PARTS	data/normalized_yaml/bacterial/tepidibacillus_medium.yaml	CultureMech:001120	NaCl	10.98004	G_PER_L	9.98004;1.0	value is the sum of differing parts; which one the medium means needs the source recipe
DIFFERING_PARTS	data/normalized_yaml/bacterial/tepidibacillus_medium.yaml	CultureMech:001120	CaCl2 x 2 H2O	0.429341	G_PER_L	0.329341;0.1	value is the sum of differing parts; which one the medium means needs the source recipe
DIFFERING_PARTS	data/normalized_yaml/bacterial/tepidimicrobium_medium.yaml	CultureMech:000696	NaCl	25.6792	G_PER_L	24.6792;1.0	value is the sum of differing parts; which one the medium means needs the source recipe
DIFFERING_PARTS	data/normalized_yaml/bacterial/tepidimicrobium_medium.yaml	CultureMech:000696	CaCl2 x 2 H2O	0.10987167	G_PER_L	0.00987167;0.1	value is the sum of differing parts; which one the medium means needs the source recipe
DIFFERING_PARTS	data/normalized_yaml/bacterial/teredinibacter_turnerae_medium.yaml	CultureMech:002148	Na2MoO4 x 2 H2O	0.3925	G_PER_L	0.0025;0.39	value is the sum of differing parts; which one the medium means needs the source recipe
DIFFERING_PARTS	data/normalized_yaml/bacterial/tetramethyl_ammonium_medium.yaml	CultureMech:002507	FeSO4 x 7 H2O	0.599	G_PER_L	0.099;0.5	value is the sum of differing parts; which one the medium means needs the source recipe
DIFFERING_PARTS	data/normalized_yaml/bacterial/tf_a_medium.yaml	CultureMech:006391	MgSO4 x 7 H2O	3.158259	G_PER_L	0.158259;3.0	value is the sum of differing parts; which one the medium means needs the source recipe
DIFFERING_PARTS	data/normalized_yaml/bacterial/tf_c_medium.yaml	CultureMech:006103	NaCl	7.92384	G_PER_L	6.92384;1.0	value is the sum of differing parts; which one the medium means needs the source recipe
DIFFERING_PARTS	data/normalized_yaml/bacterial/tf_c_medium.yaml	CultureMech:006103	MgSO4 x 7 H2O	4.93867	G_PER_L	1.93867;3.0	value is the sum of differing parts; which one the medium means needs the source recipe
DIFFERING_PARTS	data/normalized_yaml/bacterial/tf_d_medium.yaml	CultureMech:003988	NaCl	26.7171	G_PER_L	25.7171;1.0	value is the sum of differing parts; which one the medium means needs the source recipe
DIFFERING_PARTS	data/normalized_yaml/bacterial/tf_d_medium.yaml	CultureMech:003988	CaCl2 x 2 H2O	0.653907	G_PER_L	0.553907;0.1	value is the sum of differing parts; which one the medium means needs the source recipe
DIFFERING_PARTS	data/normalized_yaml/bacterial/th7c1_medium.yaml	CultureMech:004042	NaCl	1.5	G_PER_L	0.5;1.0	value is the sum of differing parts; which one the medium means needs the source recipe
DIFFERING_PARTS	data/normalized_yaml/bacterial/thauera_aminoaromatica_medium.yaml	CultureMech:001276	MgSO4 x 7 H2O	3.4928	G_PER_L	0.4928;3.0	value is the sum of differing parts; which one the medium means needs the source recipe
DIFFERING_PARTS	data/normalized_yaml/bacterial/thauera_aminoaromatica_medium.yaml	CultureMech:001276	CaCl2 x 2 H2O	0.11468	G_PER_L	0.01468;0.1	value is the sum of differing parts; which one the medium means needs the source recipe
DIFFERING_PARTS	data/normalized_yaml/bacterial/thauera_aminoaromatica_medium.yaml	CultureMech:001276	NaCl	1.01	G_PER_L	0.01;1.0	value is the sum of differing parts; which one the medium means needs the source recipe
DIFFERING_PARTS	data/normalized_yaml/bacterial/thauera_aminoaromatica_medium.yaml	CultureMech:001276	Na2CO3	51.75	G_PER_L	1.75;50.0	value is the sum of differing parts; which one the medium means needs the source recipe
DIFFERING_PARTS	data/normalized_yaml/bacterial/thermanaeromonas_medium.yaml	CultureMech:008254	NaCl	1.2	G_PER_L	0.2;1.0	value is the sum of differing parts; which one the medium means needs the source recipe
DIFFERING_PARTS	data/normalized_yaml/bacterial/thermanaeromonas_medium.yaml	CultureMech:008254	CaCl2·2H2O	0.13	G_PER_L	0.03;0.1	value is the sum of differing parts; which one the medium means needs the source recipe
DIFFERING_PARTS	data/normalized_yaml/bacterial/thermincola_medium.yaml	CultureMech:003540	CaCl2 x 2 H2O	1.0997009	G_PER_L	0.0997009;1.0	value is the sum of differing parts; which one the medium means needs the source recipe
DIFFERING_PARTS	data/normalized_yaml/bacterial/thermincola_medium_co.yaml	CultureMech:000449	CaCl2 x 2 H2O	1.0997009	G_PER_L	0.0997009;1.0	value is the sum of differing parts; which one the medium means needs the source recipe
DIFFERING_PARTS	data/normalized_yaml/bacterial/thermoanaerobacter_ba_medium.yaml	CultureMech:001812	CaCl2 x 2 H2O	0.149456	G_PER_L	0.049456;0.1	value is the sum of differing parts; which one the medium means needs the source recipe
DIFFERING_PARTS	data/normalized_yaml/bacterial/thermoanaerobacter_brockii_medium.yaml	CultureMech:000913	NaCl	1.9	G_PER_L	0.9;1.0	value is the sum of differing parts; which one the medium means needs the source recipe
DIFFERING_PARTS	data/normalized_yaml/bacterial/thermoanaerobacter_kivui_medium.yaml	CultureMech:001198	NaCl	1.442043	G_PER_L	0.442043;1.0	value is the sum of differing parts; which one the medium means needs the source recipe
DIFFERING_PARTS	data/normalized_yaml/bacterial/thermoanaerobacter_kivui_medium.yaml	CultureMech:001198	MgSO4 x 7 H2O	3.0884086	G_PER_L	0.0884086;3.0	value is the sum of differing parts; which one the medium means needs the source recipe
DIFFERING_PARTS	data/normalized_yaml/bacterial/thermoanaerobacter_kivui_medium.yaml	CultureMech:001198	FeSO4 x 7 H2O	1.1	G_PER_L	0.1;1.0	value is the sum of differing parts; which one the medium means needs the source recipe
DIFFERING_PARTS	data/normalized_yaml/bacterial/thermoanaerobacter_kreatinophilus_medium.yaml	CultureMech:002146	NaCl	2.9802	G_PER_L	1.9802;1.0	value is the sum of differing parts; which one the medium means needs the source recipe
DIFFERING_PARTS	data/normalized_yaml/bacterial/thermoanaerobacter_kreatinophilus_medium.yaml	CultureMech:002146	CaCl2 x 2 H2O	0.149505	G_PER_L	0.049505;0.1	value is the sum of differing parts; which one the medium means needs the source recipe
DIFFERING_PARTS	data/normalized_yaml/bacterial/thermoanaerobacter_tengcongensis_medium.yaml	CultureMech:006922	NaCl	2.9802	G_PER_L	1.9802;1.0	value is the sum of differing parts; which one the medium means needs the source recipe
DIFFERING_PARTS	data/normalized_yaml/bacterial/thermoanaerobacter_tengcongensis_medium.yaml	CultureMech:006922	CaCl2 x 2 H2O	0.149505	G_PER_L	0.049505;0.1	value is the sum of differing parts; which one the medium means needs the source recipe
DIFFERING_PARTS	data/normalized_yaml/bacterial/thermoanaerobium_medium.yaml	CultureMech:003016	NaCl	1.878906	G_PER_L	0.878906;1.0	value is the sum of differing parts; which one the medium means needs the source recipe
DIFFERING_PARTS	data/normalized_yaml/bacterial/thermoanaeromonas_medium.yaml	CultureMech:002144	CaCl2 x 2 H2O	0.1296736	G_PER_L	0.0296736;0.1	value is the sum of differing parts; which one the medium means needs the source recipe
DIFFERING_PARTS	data/normalized_yaml/bacterial/thermoanaeromonas_medium.yaml	CultureMech:002144	NaCl	1.197824	G_PER_L	0.197824;1.0	value is the sum of differing parts; which one the medium means needs the source recipe
DIFFERING_PARTS	data/normalized_yaml/bacterial/thermochromatium_allochromatium_medium.yaml	CultureMech:000935	Na2S x 9 H2O	8.25	G_PER_L	0.75;7.5	value is the sum of differing parts; which one the medium means needs the source recipe
DIFFERING_PARTS	data/normalized_yaml/bacterial/thermochromatium_allochromatium_medium.yaml	CultureMech:000935	EDTA	5.2166667	G_PER_L	0.0166667;5.2	value is the sum of differing parts; which one the medium means needs the source recipe
DIFFERING_PARTS	data/normalized_yaml/bacterial/thermoclostridium_a_g_medium.yaml	CultureMech:001427	CoCl2 x 6 H2O	0.201976	G_PER_L	0.011976;0.19	value is the sum of differing parts; which one the medium means needs the source recipe
DIFFERING_PARTS	data/normalized_yaml/bacterial/thermocrinis_albus_medium.yaml	CultureMech:002674	NaCl	1.253465	G_PER_L	0.253465;1.0	value is the sum of differing parts; which one the medium means needs the source recipe
DIFFERING_PARTS	data/normalized_yaml/bacterial/thermocrinis_albus_medium.yaml	CultureMech:002674	CaCl2 x 2 H2O	0.100792079	G_PER_L	0.000792079;0.1	value is the sum of differing parts; which one the medium means needs the source recipe
DIFFERING_PARTS	data/normalized_yaml/bacterial/thermocrinis_albus_medium.yaml	CultureMech:002674	H3BO3	0.020198	G_PER_L	0.010198;0.01	value is the sum of differing parts; which one the medium means needs the source recipe
DIFFERING_PARTS	data/normalized_yaml/bacterial/thermocrinis_albus_medium.yaml	CultureMech:002674	MnSO4 x n H2O	0.50000594059	G_PER_L	0.00000594059;0.5	value is the sum of differing parts; which one the medium means needs the source recipe
DIFFERING_PARTS	data/normalized_yaml/bacterial/thermodesulfatator_atlanticus_medium.yaml	CultureMech:003041	NaCl	20.6078	G_PER_L	19.6078;1.0	value is the sum of differing parts; which one the medium means needs the source recipe
DIFFERING_PARTS	data/normalized_yaml/bacterial/thermodesulfatator_atlanticus_medium.yaml	CultureMech:003041	CaCl2 x 2 H2O	0.207843	G_PER_L	0.107843;0.1	value is the sum of differing parts; which one the medium means needs the source recipe
DIFFERING_PARTS	data/normalized_yaml/bacterial/thermodesulfitimonas_medium.yaml	CultureMech:001635	NaCl	11.0395	G_PER_L	1.0395;10.0	value is the sum of differing parts; which one the medium means needs the source recipe
DIFFERING_PARTS	data/normalized_yaml/bacterial/thermodesulfitimonas_medium.yaml	CultureMech:001635	CaCl2 x 2 H2O	1.155925	G_PER_L	0.155925;1.0	value is the sum of differing parts; which one the medium means needs the source recipe
DIFFERING_PARTS	data/normalized_yaml/bacterial/thermodesulfobacterium_geofontis_medium.yaml	CultureMech:003303	CaCl2 x 2 H2O	0.1684932	G_PER_L	0.0684932;0.1	value is the sum of differing parts; which one the medium means needs the source recipe
DIFFERING_PARTS	data/normalized_yaml/bacterial/thermodesulfobacterium_hydrogenophilum_medium.yaml	CultureMech:002659	Vitamin B12	0.0001494071	G_PER_L	0.0000494071;0.0001	value is the sum of differing parts; which one the medium means needs the source recipe
DIFFERING_PARTS	data/normalized_yaml/bacterial/thermodesulfobium_medium.yaml	CultureMech:000421	CaCl2 x 2 H2O	0.1296736	G_PER_L	0.0296736;0.1	value is the sum of differing parts; which one the medium means needs the source recipe
DIFFERING_PARTS	data/normalized_yaml/bacterial/thermodesulfobium_medium.yaml	CultureMech:000421	NaCl	1.197824	G_PER_L	0.197824;1.0	value is the sum of differing parts; which one the medium means needs the source recipe
DIFFERING_PARTS	data/normalized_yaml/bacterial/thermodesulfobium_narugense_medium.yaml	CultureMech:008133	NaCl	1.2	G_PER_L	0.2;1.0	value is the sum of differing parts; which one the medium means needs the source recipe
DIFFERING_PARTS	data/normalized_yaml/bacterial/thermodesulfobium_narugense_medium.yaml	CultureMech:008133	CaCl2·2H2O	0.13	G_PER_L	0.03;0.1	value is the sum of differing parts; which one the medium means needs the source recipe
DIFFERING_PARTS	data/normalized_yaml/bacterial/thermodesulfovibrio_medium_for_n1.yaml	CultureMech:002484	NaCl	1.940734	G_PER_L	0.940734;1.0	value is the sum of differing parts; which one the medium means needs the source recipe
DIFFERING_PARTS	data/normalized_yaml/bacterial/thermodesulfovibrio_yellowstonii_medium.yaml	CultureMech:001883	CaCl2 x 2 H2O	0.248368	G_PER_L	0.148368;0.1	value is the sum of differing parts; which one the medium means needs the source recipe
DIFFERING_PARTS	data/normalized_yaml/bacterial/thermohalobacter_medium.yaml	CultureMech:000925	CaCl2 x 2 H2O	1.2	G_PER_L	0.2;1.0	value is the sum of differing parts; which one the medium means needs the source recipe
DIFFERING_PARTS	data/normalized_yaml/bacterial/thermohalobacter_medium.yaml	CultureMech:000925	NaCl	110.0	G_PER_L	100.0;10.0	value is the sum of differing parts; which one the medium means needs the source recipe
DIFFERING_PARTS	data/normalized_yaml/bacterial/thermoheterotroph_medium.yaml	CultureMech:008379	CaCl2·2H2O	0.25	G_PER_L	0.15;0.1	value is the sum of differing parts; which one the medium means needs the source recipe
DIFFERING_PARTS	data/normalized_yaml/bacterial/thermosipho_melanesiensis_medium.yaml	CultureMech:001444	NiCl2 x 6 H2O	0.032	G_PER_L	0.002;0.03	value is the sum of differing parts; which one the medium means needs the source recipe
DIFFERING_PARTS	data/normalized_yaml/bacterial/thermosipho_melanesiensis_medium.yaml	CultureMech:001444	NaCl	48.7	G_PER_L	20.0;1.0;27.7	value is the sum of differing parts; which one the medium means needs the source recipe
DIFFERING_PARTS	data/normalized_yaml/bacterial/thermosipho_melanesiensis_medium.yaml	CultureMech:001444	MgSO4 x 7 H2O	10.0	G_PER_L	3.0;7.0	value is the sum of differing parts; which one the medium means needs the source recipe
DIFFERING_PARTS	data/normalized_yaml/bacterial/thermosipho_melanesiensis_medium.yaml	CultureMech:001444	CaCl2 x 2 H2O	2.35	G_PER_L	0.1;2.25	value is the sum of differing parts; which one the medium means needs the source recipe
DIFFERING_PARTS	data/normalized_yaml/bacterial/thermosipho_melanesiensis_medium.yaml	CultureMech:001444	H3BO3	0.04	G_PER_L	0.01;0.03	value is the sum of differing parts; which one the medium means needs the source recipe
DIFFERING_PARTS	data/normalized_yaml/bacterial/thermosyntropha_medium.yaml	CultureMech:001866	CaCl2 x 2 H2O	0.149456	G_PER_L	0.049456;0.1	value is the sum of differing parts; which one the medium means needs the source recipe
DIFFERING_PARTS	data/normalized_yaml/bacterial/thermoterrabacterium_medium.yaml	CultureMech:001911	NiCl2 x 6 H2O	0.024198807	G_PER_L	0.000198807;0.024	value is the sum of differing parts; which one the medium means needs the source recipe
DIFFERING_PARTS	data/normalized_yaml/bacterial/thermotoga_elfii_medium.yaml	CultureMech:006247	NaCl	11.0	G_PER_L	10.0;1.0	value is the sum of differing parts; which one the medium means needs the source recipe
DIFFERING_PARTS	data/normalized_yaml/bacterial/thermotoga_hypogea_medium.yaml	CultureMech:006503	NaCl	10.90099	G_PER_L	9.90099;1.0	value is the sum of differing parts; which one the medium means needs the source recipe
DIFFERING_PARTS	data/normalized_yaml/bacterial/thermotoga_ii_medium.yaml	CultureMech:005631	MgSO4 x 7 H2O	3.859375	G_PER_L	0.859375;3.0	value is the sum of differing parts; which one the medium means needs the source recipe
DIFFERING_PARTS	data/normalized_yaml/bacterial/thermotoga_ii_medium.yaml	CultureMech:005631	CaCl2 x 2 H2O	0.236719	G_PER_L	0.136719;0.1	value is the sum of differing parts; which one the medium means needs the source recipe
DIFFERING_PARTS	data/normalized_yaml/bacterial/thermotoga_ii_medium.yaml	CultureMech:005631	H3BO3	0.01390625	G_PER_L	0.00390625;0.01	value is the sum of differing parts; which one the medium means needs the source recipe
DIFFERING_PARTS	data/normalized_yaml/bacterial/thermotoga_lettingae_medium.yaml	CultureMech:008505	NaCl	11.0	G_PER_L	10.0;1.0	value is the sum of differing parts; which one the medium means needs the source recipe
DIFFERING_PARTS	data/normalized_yaml/bacterial/thermotoga_maritima_medium.yaml	CultureMech:008204	Distilled water	752.0	G_PER_L	750.0;1.0;1.0	value is the sum of differing parts; which one the medium means needs the source recipe
DIFFERING_PARTS	data/normalized_yaml/bacterial/thermotoga_maritima_medium.yaml	CultureMech:008204	NaCl	48.7	G_PER_L	20.0;1.0;27.7	value is the sum of differing parts; which one the medium means needs the source recipe
DIFFERING_PARTS	data/normalized_yaml/bacterial/thermotoga_maritima_medium.yaml	CultureMech:008204	MgSO4·7H2O	10.0	G_PER_L	3.0;7.0	value is the sum of differing parts; which one the medium means needs the source recipe
DIFFERING_PARTS	data/normalized_yaml/bacterial/thermotoga_maritima_medium.yaml	CultureMech:008204	CaCl2·2H2O	2.35	G_PER_L	0.1;2.25	value is the sum of differing parts; which one the medium means needs the source recipe
DIFFERING_PARTS	data/normalized_yaml/bacterial/thermotoga_maritima_medium.yaml	CultureMech:008204	H3BO3	30.01	G_PER_L	0.01;30.0	value is the sum of differing parts; which one the medium means needs the source recipe
DIFFERING_PARTS	data/normalized_yaml/bacterial/thermotoga_medium.yaml	CultureMech:002597	MgSO4 x 7 H2O	10.0	G_PER_L	7.0;3.0	value is the sum of differing parts; which one the medium means needs the source recipe
DIFFERING_PARTS	data/normalized_yaml/bacterial/thermotoga_medium.yaml	CultureMech:002597	H3BO3	0.04	G_PER_L	0.03;0.01	value is the sum of differing parts; which one the medium means needs the source recipe
DIFFERING_PARTS	data/normalized_yaml/bacterial/thermotoga_medium.yaml	CultureMech:002597	CaCl2 x 2 H2O	2.35	G_PER_L	2.25;0.1	value is the sum of differing parts; which one the medium means needs the source recipe
DIFFERING_PARTS	data/normalized_yaml/bacterial/thermotoga_neapolitana_medium.yaml	CultureMech:001443	NaCl	28.7	G_PER_L	27.7;1.0	value is the sum of differing parts; which one the medium means needs the source recipe
DIFFERING_PARTS	data/normalized_yaml/bacterial/thermotoga_neapolitana_medium.yaml	CultureMech:001443	MgSO4 x 7 H2O	10.0	G_PER_L	7.0;3.0	value is the sum of differing parts; which one the medium means needs the source recipe
DIFFERING_PARTS	data/normalized_yaml/bacterial/thermotoga_neapolitana_medium.yaml	CultureMech:001443	H3BO3	0.04	G_PER_L	0.03;0.01	value is the sum of differing parts; which one the medium means needs the source recipe
DIFFERING_PARTS	data/normalized_yaml/bacterial/thermotoga_neapolitana_medium.yaml	CultureMech:001443	CaCl2 x 2 H2O	2.35	G_PER_L	2.25;0.1	value is the sum of differing parts; which one the medium means needs the source recipe
DIFFERING_PARTS	data/normalized_yaml/bacterial/thermotoga_petrophila_medium.yaml	CultureMech:002081	NaCl	28.7	G_PER_L	27.7;1.0	value is the sum of differing parts; which one the medium means needs the source recipe
DIFFERING_PARTS	data/normalized_yaml/bacterial/thermotoga_petrophila_medium.yaml	CultureMech:002081	MgSO4 x 7 H2O	10.0	G_PER_L	7.0;3.0	value is the sum of differing parts; which one the medium means needs the source recipe
DIFFERING_PARTS	data/normalized_yaml/bacterial/thermotoga_petrophila_medium.yaml	CultureMech:002081	H3BO3	0.04	G_PER_L	0.03;0.01	value is the sum of differing parts; which one the medium means needs the source recipe
DIFFERING_PARTS	data/normalized_yaml/bacterial/thermotoga_petrophila_medium.yaml	CultureMech:002081	CaCl2 x 2 H2O	2.35	G_PER_L	2.25;0.1	value is the sum of differing parts; which one the medium means needs the source recipe
DIFFERING_PARTS	data/normalized_yaml/bacterial/thermotoga_profunda_medium.yaml	CultureMech:001016	CaCl2 x 2 H2O	0.248368	G_PER_L	0.148368;0.1	value is the sum of differing parts; which one the medium means needs the source recipe
DIFFERING_PARTS	data/normalized_yaml/bacterial/thermotoga_subterranea_medium.yaml	CultureMech:006292	NaCl	12.8694	G_PER_L	11.8694;1.0	value is the sum of differing parts; which one the medium means needs the source recipe
DIFFERING_PARTS	data/normalized_yaml/bacterial/thermotoga_subterranea_medium.yaml	CultureMech:006292	MgSO4 x 7 H2O	3.49456	G_PER_L	0.49456;3.0	value is the sum of differing parts; which one the medium means needs the source recipe
DIFFERING_PARTS	data/normalized_yaml/bacterial/thermotoga_subterranea_medium.yaml	CultureMech:006292	CaCl2 x 2 H2O	0.1296736	G_PER_L	0.0296736;0.1	value is the sum of differing parts; which one the medium means needs the source recipe
DIFFERING_PARTS	data/normalized_yaml/bacterial/thermotoga_tf_c_medium.yaml	CultureMech:001742	NaCl	7.92384	G_PER_L	6.92384;1.0	value is the sum of differing parts; which one the medium means needs the source recipe
DIFFERING_PARTS	data/normalized_yaml/bacterial/thermotoga_tf_c_medium.yaml	CultureMech:001742	MgSO4 x 7 H2O	4.93867	G_PER_L	1.93867;3.0	value is the sum of differing parts; which one the medium means needs the source recipe
DIFFERING_PARTS	data/normalized_yaml/bacterial/thermotoga_tf_d_medium.yaml	CultureMech:000691	NaCl	26.7171	G_PER_L	25.7171;1.0	value is the sum of differing parts; which one the medium means needs the source recipe
DIFFERING_PARTS	data/normalized_yaml/bacterial/thermotoga_tf_d_medium.yaml	CultureMech:000691	CaCl2 x 2 H2O	0.653907	G_PER_L	0.553907;0.1	value is the sum of differing parts; which one the medium means needs the source recipe
DIFFERING_PARTS	data/normalized_yaml/bacterial/thermotoga_ye_medium.yaml	CultureMech:002678	NaCl	20.6078	G_PER_L	19.6078;1.0	value is the sum of differing parts; which one the medium means needs the source recipe
DIFFERING_PARTS	data/normalized_yaml/bacterial/thermotoga_ye_medium.yaml	CultureMech:002678	H3BO3	0.0345098	G_PER_L	0.0245098;0.01	value is the sum of differing parts; which one the medium means needs the source recipe
DIFFERING_PARTS	data/normalized_yaml/bacterial/thermovibrio_ammonificans_medium.yaml	CultureMech:001933	NaCl	30.2224	G_PER_L	20.2224;10.0	value is the sum of differing parts; which one the medium means needs the source recipe
DIFFERING_PARTS	data/normalized_yaml/bacterial/thermovibrio_ammonificans_medium.yaml	CultureMech:001933	MgSO4 x 7 H2O	33.53893	G_PER_L	3.53893;30.0	value is the sum of differing parts; which one the medium means needs the source recipe
DIFFERING_PARTS	data/normalized_yaml/bacterial/thermovibrio_ammonificans_medium.yaml	CultureMech:001933	H3BO3	0.1151668	G_PER_L	0.0151668;0.1	value is the sum of differing parts; which one the medium means needs the source recipe
DIFFERING_PARTS	data/normalized_yaml/bacterial/thiobacillus_cuprinus_medium.yaml	CultureMech:005621	MgSO4 x 7 H2O	6.45	G_PER_L	3.45;3.0	value is the sum of differing parts; which one the medium means needs the source recipe
DIFFERING_PARTS	data/normalized_yaml/bacterial/thiobacillus_cuprinus_medium.yaml	CultureMech:005621	NaCl	1.5	G_PER_L	0.5;1.0	value is the sum of differing parts; which one the medium means needs the source recipe
DIFFERING_PARTS	data/normalized_yaml/bacterial/thiobacillus_cuprinus_medium.yaml	CultureMech:005621	NiCl2 x 6 H2O	0.032	G_PER_L	0.002;0.03	value is the sum of differing parts; which one the medium means needs the source recipe
DIFFERING_PARTS	data/normalized_yaml/bacterial/thiobacillus_denitrificans_medium.yaml	CultureMech:000576	FeSO4 x 7 H2O	2.2	G_PER_L	2.0;0.2	value is the sum of differing parts; which one the medium means needs the source recipe
DIFFERING_PARTS	data/normalized_yaml/bacterial/thiobacillus_plumbophilus_medium.yaml	CultureMech:006013	CaCl2 x 2 H2O	0.237931	G_PER_L	0.137931;0.1	value is the sum of differing parts; which one the medium means needs the source recipe
DIFFERING_PARTS	data/normalized_yaml/bacterial/thiobacillus_plumbophilus_medium.yaml	CultureMech:006013	Na2WO4 x 2 H2O	0.000892611	G_PER_L	0.000492611;0.0004	value is the sum of differing parts; which one the medium means needs the source recipe
DIFFERING_PARTS	data/normalized_yaml/bacterial/thiobacillus_prosperus_fo1_medium.yaml	CultureMech:002226	NaCl	21.0	G_PER_L	20.0;1.0	value is the sum of differing parts; which one the medium means needs the source recipe
DIFFERING_PARTS	data/normalized_yaml/bacterial/thiobacillus_prosperus_fo1_medium.yaml	CultureMech:002226	FeSO4 x 7 H2O	20.1	G_PER_L	20.0;0.1	value is the sum of differing parts; which one the medium means needs the source recipe
DIFFERING_PARTS	data/normalized_yaml/bacterial/thiobacillus_prosperus_medium.yaml	CultureMech:002264	MgSO4 x 7 H2O	6.45	G_PER_L	3.45;3.0	value is the sum of differing parts; which one the medium means needs the source recipe
DIFFERING_PARTS	data/normalized_yaml/bacterial/thiobacillus_prosperus_medium.yaml	CultureMech:002264	NaCl	1.5	G_PER_L	0.5;1.0	value is the sum of differing parts; which one the medium means needs the source recipe
DIFFERING_PARTS	data/normalized_yaml/bacterial/thiobacillus_prosperus_medium.yaml	CultureMech:002264	NiCl2 x 6 H2O	0.032	G_PER_L	0.002;0.03	value is the sum of differing parts; which one the medium means needs the source recipe
DIFFERING_PARTS	data/normalized_yaml/bacterial/thiobacter_mj_medium.yaml	CultureMech:000428	NaCl	3.96736	G_PER_L	2.96736;1.0	value is the sum of differing parts; which one the medium means needs the source recipe
DIFFERING_PARTS	data/normalized_yaml/bacterial/thiobacter_mj_medium.yaml	CultureMech:000428	CaCl2 x 2 H2O	0.238477	G_PER_L	0.138477;0.1	value is the sum of differing parts; which one the medium means needs the source recipe
DIFFERING_PARTS	data/normalized_yaml/bacterial/thiobacter_mj_medium.yaml	CultureMech:000428	MgSO4 x 7 H2O	3.336301	G_PER_L	0.336301;3.0	value is the sum of differing parts; which one the medium means needs the source recipe
DIFFERING_PARTS	data/normalized_yaml/bacterial/thiofaba_medium.yaml	CultureMech:000550	CaCl2 x 2 H2O	0.254321	G_PER_L	0.154321;0.1	value is the sum of differing parts; which one the medium means needs the source recipe
DIFFERING_PARTS	data/normalized_yaml/bacterial/thiogranum_medium.yaml	CultureMech:001047	NaCl	30.5276	G_PER_L	29.5276;1.0	value is the sum of differing parts; which one the medium means needs the source recipe
DIFFERING_PARTS	data/normalized_yaml/bacterial/thiogranum_medium.yaml	CultureMech:001047	CaCl2 x 2 H2O	0.247638	G_PER_L	0.147638;0.1	value is the sum of differing parts; which one the medium means needs the source recipe
DIFFERING_PARTS	data/normalized_yaml/bacterial/thiomicrospira_pelophila_medium.yaml	CultureMech:000892	CaCl2 x 2 H2O	5.95791	G_PER_L	0.41791;5.54	value is the sum of differing parts; which one the medium means needs the source recipe
DIFFERING_PARTS	data/normalized_yaml/bacterial/thiomicrospira_psychrophila_medium.yaml	CultureMech:004156	CaCl2 x 2 H2O	5.95791	G_PER_L	0.41791;5.54	value is the sum of differing parts; which one the medium means needs the source recipe
DIFFERING_PARTS	data/normalized_yaml/bacterial/thiomonas_cuprina_medium.yaml	CultureMech:009546	MgSO4·7H2O	33.45	G_PER_L	3.45;30.0	value is the sum of differing parts; which one the medium means needs the source recipe
DIFFERING_PARTS	data/normalized_yaml/bacterial/thiomonas_cuprina_medium.yaml	CultureMech:009546	NaCl	10.5	G_PER_L	0.5;10.0	value is the sum of differing parts; which one the medium means needs the source recipe
DIFFERING_PARTS	data/normalized_yaml/bacterial/thiomonas_h_5_medium.yaml	CultureMech:001621	MgSO4 x 7 H2O	6.45	G_PER_L	3.45;3.0	value is the sum of differing parts; which one the medium means needs the source recipe
DIFFERING_PARTS	data/normalized_yaml/bacterial/thiomonas_h_5_medium.yaml	CultureMech:001621	NaCl	1.5	G_PER_L	0.5;1.0	value is the sum of differing parts; which one the medium means needs the source recipe
DIFFERING_PARTS	data/normalized_yaml/bacterial/thiomonas_h_5_medium.yaml	CultureMech:001621	NiCl2 x 6 H2O	0.032	G_PER_L	0.002;0.03	value is the sum of differing parts; which one the medium means needs the source recipe
DIFFERING_PARTS	data/normalized_yaml/bacterial/thioprofundum_lithotrophicum_medium.yaml	CultureMech:000482	NaCl	20.7824	G_PER_L	19.7824;1.0	value is the sum of differing parts; which one the medium means needs the source recipe
DIFFERING_PARTS	data/normalized_yaml/bacterial/thioprofundum_lithotrophicum_medium.yaml	CultureMech:000482	MgSO4 x 7 H2O	6.95648	G_PER_L	3.95648;3.0	value is the sum of differing parts; which one the medium means needs the source recipe
DIFFERING_PARTS	data/normalized_yaml/bacterial/thiorhodovibrio_medium.yaml	CultureMech:002474	Vitamin B12	1.001	G_PER_L	1.0;0.001	value is the sum of differing parts; which one the medium means needs the source recipe
DIFFERING_PARTS	data/normalized_yaml/bacterial/thiorhodovibrio_medium.yaml	CultureMech:002474	Na2S x 9 H2O	29.25	G_PER_L	1.25;28.0	value is the sum of differing parts; which one the medium means needs the source recipe
DIFFERING_PARTS	data/normalized_yaml/bacterial/thiothrix_medium.yaml	CultureMech:001701	Na2S x 9 H2O	40.0	G_PER_L	30.0;10.0	value is the sum of differing parts; which one the medium means needs the source recipe
DIFFERING_PARTS	data/normalized_yaml/bacterial/tindallia_texcocoensis_medium.yaml	CultureMech:000682	NaCl	76.0	G_PER_L	75.0;1.0	value is the sum of differing parts; which one the medium means needs the source recipe
DIFFERING_PARTS	data/normalized_yaml/bacterial/tindallia_texcoconensis_medium.yaml	CultureMech:002891	NaCl	106.634	G_PER_L	105.634;1.0	value is the sum of differing parts; which one the medium means needs the source recipe
DIFFERING_PARTS	data/normalized_yaml/bacterial/tissierella_sp_medium_creatinine.yaml	CultureMech:001691	MnCl2 x 4 H2O	0.1598205	G_PER_L	0.0598205;0.1	value is the sum of differing parts; which one the medium means needs the source recipe
DIFFERING_PARTS	data/normalized_yaml/bacterial/tistlia_consotensis_medium.yaml	CultureMech:000801	NaCl	21.0	G_PER_L	20.0;1.0	value is the sum of differing parts; which one the medium means needs the source recipe
DIFFERING_PARTS	data/normalized_yaml/bacterial/tm_broth_medium.yaml	CultureMech:002630	NaCl	1.0685304	G_PER_L	0.990099;0.0784314	value is the sum of differing parts; which one the medium means needs the source recipe
DIFFERING_PARTS	data/normalized_yaml/bacterial/to_make_medium_anoxic.yaml	CultureMech:003782	NaOH	26.0	G_PER_L	25.0;1.0	value is the sum of differing parts; which one the medium means needs the source recipe
DIFFERING_PARTS	data/normalized_yaml/bacterial/to_make_medium_anoxic.yaml	CultureMech:003782	Ethanol	959.5	G_PER_L	950.0;9.5	value is the sum of differing parts; which one the medium means needs the source recipe
DIFFERING_PARTS	data/normalized_yaml/bacterial/togo_medium_m1111.yaml	CultureMech:007631	Distilled water	101.0	G_PER_L	1.0;100.0	value is the sum of differing parts; which one the medium means needs the source recipe
DIFFERING_PARTS	data/normalized_yaml/bacterial/togo_medium_m1448.yaml	CultureMech:007988	Distilled water	951.0	G_PER_L	950.0;1.0	value is the sum of differing parts; which one the medium means needs the source recipe
DIFFERING_PARTS	data/normalized_yaml/bacterial/togo_medium_m1468.yaml	CultureMech:008010	Distilled water	701.0	G_PER_L	700.0;1.0	value is the sum of differing parts; which one the medium means needs the source recipe
DIFFERING_PARTS	data/normalized_yaml/bacterial/togo_medium_m1470.yaml	CultureMech:008013	Distilled water	741.0	G_PER_L	738.0;1.0;1.0;1.0	value is the sum of differing parts; which one the medium means needs the source recipe
DIFFERING_PARTS	data/normalized_yaml/bacterial/togo_medium_m1470.yaml	CultureMech:008013	myo-Inositol	201.0	G_PER_L	1.0;200.0	value is the sum of differing parts; which one the medium means needs the source recipe
DIFFERING_PARTS	data/normalized_yaml/bacterial/togo_medium_m1481.yaml	CultureMech:008025	Distilled water	964.0	G_PER_L	960.0;1.0;1.0;1.0;1.0	value is the sum of differing parts; which one the medium means needs the source recipe
DIFFERING_PARTS	data/normalized_yaml/bacterial/togo_medium_m1481.yaml	CultureMech:008025	MgSO4·7H2O	39.2	G_PER_L	9.5;29.7	value is the sum of differing parts; which one the medium means needs the source recipe
DIFFERING_PARTS	data/normalized_yaml/bacterial/togo_medium_m1481.yaml	CultureMech:008025	CaCl2·2H2O	3.5	G_PER_L	0.2;3.3	value is the sum of differing parts; which one the medium means needs the source recipe
DIFFERING_PARTS	data/normalized_yaml/bacterial/togo_medium_m1481.yaml	CultureMech:008025	FeSO4·7H2O	104.0	G_PER_L	99.0;5.0	value is the sum of differing parts; which one the medium means needs the source recipe
DIFFERING_PARTS	data/normalized_yaml/bacterial/togo_medium_m1508.yaml	CultureMech:008052	FeSO4·7H2O	104.0	G_PER_L	99.0;5.0	value is the sum of differing parts; which one the medium means needs the source recipe
DIFFERING_PARTS	data/normalized_yaml/bacterial/togo_medium_m1560.yaml	CultureMech:008109	Distilled water	202.0	G_PER_L	1.0;100.0;1.0;100.0	value is the sum of differing parts; which one the medium means needs the source recipe
DIFFERING_PARTS	data/normalized_yaml/bacterial/togo_medium_m158.yaml	CultureMech:008140	Distilled water	1001.0	G_PER_L	900.0;100.0;1.0	value is the sum of differing parts; which one the medium means needs the source recipe
DIFFERING_PARTS	data/normalized_yaml/bacterial/togo_medium_m1609.yaml	CultureMech:008162	CaCl2·2H2O	0.25	G_PER_L	0.15;0.1	value is the sum of differing parts; which one the medium means needs the source recipe
DIFFERING_PARTS	data/normalized_yaml/bacterial/togo_medium_m1611.yaml	CultureMech:008165	Distilled water	102.0	G_PER_L	1.0;1.0;100.0	value is the sum of differing parts; which one the medium means needs the source recipe
DIFFERING_PARTS	data/normalized_yaml/bacterial/togo_medium_m1619.yaml	CultureMech:008173	Distilled water	101.0	G_PER_L	1.0;100.0	value is the sum of differing parts; which one the medium means needs the source recipe
DIFFERING_PARTS	data/normalized_yaml/bacterial/togo_medium_m1757.yaml	CultureMech:008321	MgSO4·7H2O	6.45	G_PER_L	3.45;3.0	value is the sum of differing parts; which one the medium means needs the source recipe
DIFFERING_PARTS	data/normalized_yaml/bacterial/togo_medium_m1757.yaml	CultureMech:008321	NaCl	19.0	G_PER_L	18.0;1.0	value is the sum of differing parts; which one the medium means needs the source recipe
DIFFERING_PARTS	data/normalized_yaml/bacterial/togo_medium_m1833.yaml	CultureMech:008406	Distilled water	941.0	G_PER_L	939.0;1.0;1.0	value is the sum of differing parts; which one the medium means needs the source recipe
DIFFERING_PARTS	data/normalized_yaml/bacterial/togo_medium_m1833.yaml	CultureMech:008406	myo-Inositol	201.0	G_PER_L	1.0;200.0	value is the sum of differing parts; which one the medium means needs the source recipe
DIFFERING_PARTS	data/normalized_yaml/bacterial/togo_medium_m190.yaml	CultureMech:008487	Distilled water	983.0	G_PER_L	981.0;1.0;1.0	value is the sum of differing parts; which one the medium means needs the source recipe
DIFFERING_PARTS	data/normalized_yaml/bacterial/togo_medium_m1902.yaml	CultureMech:008479	Distilled water	2251.5	G_PER_L	953.5;10.0;987.0;1.0;100.0;100.0;100.0	value is the sum of differing parts; which one the medium means needs the source recipe
DIFFERING_PARTS	data/normalized_yaml/bacterial/togo_medium_m209.yaml	CultureMech:008690	Distilled water	971.0	G_PER_L	970.0;1.0	value is the sum of differing parts; which one the medium means needs the source recipe
DIFFERING_PARTS	data/normalized_yaml/bacterial/togo_medium_m2116.yaml	CultureMech:008709	Distilled water	993.0	G_PER_L	990.0;1.0;1.0;1.0	value is the sum of differing parts; which one the medium means needs the source recipe
DIFFERING_PARTS	data/normalized_yaml/bacterial/togo_medium_m2117.yaml	CultureMech:008710	Distilled water	993.0	G_PER_L	990.0;1.0;1.0;1.0	value is the sum of differing parts; which one the medium means needs the source recipe
DIFFERING_PARTS	data/normalized_yaml/bacterial/togo_medium_m2118.yaml	CultureMech:008711	Distilled water	993.0	G_PER_L	990.0;1.0;1.0;1.0	value is the sum of differing parts; which one the medium means needs the source recipe
DIFFERING_PARTS	data/normalized_yaml/bacterial/togo_medium_m2120.yaml	CultureMech:008713	Distilled water	993.0	G_PER_L	990.0;1.0;1.0;1.0	value is the sum of differing parts; which one the medium means needs the source recipe
DIFFERING_PARTS	data/normalized_yaml/bacterial/togo_medium_m222.yaml	CultureMech:008818	MgSO4・7H2O	5.0	G_PER_L	2.0;3.0	value is the sum of differing parts; which one the medium means needs the source recipe
DIFFERING_PARTS	data/normalized_yaml/bacterial/togo_medium_m222.yaml	CultureMech:008818	NaCl	101.0	G_PER_L	100.0;1.0	value is the sum of differing parts; which one the medium means needs the source recipe
DIFFERING_PARTS	data/normalized_yaml/bacterial/togo_medium_m231.yaml	CultureMech:008907	distilled water	1290.0	G_PER_L	990.0;100.0;200.0	value is the sum of differing parts; which one the medium means needs the source recipe
DIFFERING_PARTS	data/normalized_yaml/bacterial/togo_medium_m2562.yaml	CultureMech:009131	NaCl	71.0	G_PER_L	70.0;1.0	value is the sum of differing parts; which one the medium means needs the source recipe
DIFFERING_PARTS	data/normalized_yaml/bacterial/togo_medium_m2562.yaml	CultureMech:009131	CaCl2·2H2O	4.3	G_PER_L	4.2;0.1	value is the sum of differing parts; which one the medium means needs the source recipe
DIFFERING_PARTS	data/normalized_yaml/bacterial/togo_medium_m312.yaml	CultureMech:009600	CaCl2・2H2O	0.25	G_PER_L	0.15;0.1	value is the sum of differing parts; which one the medium means needs the source recipe
DIFFERING_PARTS	data/normalized_yaml/bacterial/togo_medium_m3164.yaml	CultureMech:009622	Distilled water	103.0	G_PER_L	1.0;1.0;1.0;100.0	value is the sum of differing parts; which one the medium means needs the source recipe
DIFFERING_PARTS	data/normalized_yaml/bacterial/treponema_caldarium_medium.yaml	CultureMech:009324	Distilled water	3990.0	G_PER_L	1000.0;990.0;1000.0;1000.0	value is the sum of differing parts; which one the medium means needs the source recipe
DIFFERING_PARTS	data/normalized_yaml/bacterial/treponema_caldarium_medium.yaml	CultureMech:009324	Na2MoO4 x 2 H2O	36.01	G_PER_L	36.0;0.01	value is the sum of differing parts; which one the medium means needs the source recipe
DIFFERING_PARTS	data/normalized_yaml/bacterial/treponema_caldarium_medium.yaml	CultureMech:009324	H3BO3	6.01	G_PER_L	6.0;0.01	value is the sum of differing parts; which one the medium means needs the source recipe
DIFFERING_PARTS	data/normalized_yaml/bacterial/treponema_caldarium_medium.yaml	CultureMech:009324	NiCl2 x 6 H2O	24.03	G_PER_L	24.0;0.03	value is the sum of differing parts; which one the medium means needs the source recipe
DIFFERING_PARTS	data/normalized_yaml/bacterial/tye_medium_for_strain_aeb.yaml	CultureMech:003064	NaCl	1.884086	G_PER_L	0.884086;1.0	value is the sum of differing parts; which one the medium means needs the source recipe
DIFFERING_PARTS	data/normalized_yaml/bacterial/ureaplasma_medium_special_modified_formulation.yaml	CultureMech:008773	DI Water	805.0	G_PER_L	500.0;205.0;100.0	value is the sum of differing parts; which one the medium means needs the source recipe
DIFFERING_PARTS	data/normalized_yaml/bacterial/usab_49_medium.yaml	CultureMech:003062	NaCl	1.986193	G_PER_L	0.986193;1.0	value is the sum of differing parts; which one the medium means needs the source recipe
DIFFERING_PARTS	data/normalized_yaml/bacterial/usab_49_medium.yaml	CultureMech:003062	CaCl2 x 2 H2O	0.1986193	G_PER_L	0.0986193;0.1	value is the sum of differing parts; which one the medium means needs the source recipe
DIFFERING_PARTS	data/normalized_yaml/bacterial/usab_53_medium.yaml	CultureMech:003063	NaCl	25.975	G_PER_L	24.975;1.0	value is the sum of differing parts; which one the medium means needs the source recipe
DIFFERING_PARTS	data/normalized_yaml/bacterial/v2_medium.yaml	CultureMech:001117	CaCl2 x 2 H2O	3.355	G_PER_L	0.015;3.34	value is the sum of differing parts; which one the medium means needs the source recipe
DIFFERING_PARTS	data/normalized_yaml/bacterial/v2_medium.yaml	CultureMech:001117	MgSO4 x 7 H2O	29.749	G_PER_L	0.049;29.7	value is the sum of differing parts; which one the medium means needs the source recipe
DIFFERING_PARTS	data/normalized_yaml/bacterial/v2_medium.yaml	CultureMech:001117	Double distilled water	2956.0	G_PER_L	956.0;1000.0;1000.0	value is the sum of differing parts; which one the medium means needs the source recipe
DIFFERING_PARTS	data/normalized_yaml/bacterial/v2_medium.yaml	CultureMech:001117	FeSO4 x 7 H2O	0.599	G_PER_L	0.099;0.5	value is the sum of differing parts; which one the medium means needs the source recipe
DIFFERING_PARTS	data/normalized_yaml/bacterial/v2_medium.yaml	CultureMech:001117	MnSO4 x H2O	0.654	G_PER_L	0.154;0.5	value is the sum of differing parts; which one the medium means needs the source recipe
DIFFERING_PARTS	data/normalized_yaml/bacterial/v2_medium.yaml	CultureMech:001117	CuSO4 x 5 H2O	0.0492	G_PER_L	0.0392;0.01	value is the sum of differing parts; which one the medium means needs the source recipe
DIFFERING_PARTS	data/normalized_yaml/bacterial/varunavibrio_medium.yaml	CultureMech:002290	NaCl	15.8368	G_PER_L	14.8368;1.0	value is the sum of differing parts; which one the medium means needs the source recipe
DIFFERING_PARTS	data/normalized_yaml/bacterial/varunavibrio_medium.yaml	CultureMech:002290	CaCl2 x 2 H2O	0.238477	G_PER_L	0.138477;0.1	value is the sum of differing parts; which one the medium means needs the source recipe
DIFFERING_PARTS	data/normalized_yaml/bacterial/varunavibrio_medium.yaml	CultureMech:002290	MgSO4 x 7 H2O	6.36301	G_PER_L	3.36301;3.0	value is the sum of differing parts; which one the medium means needs the source recipe
DIFFERING_PARTS	data/normalized_yaml/bacterial/verrucomicrobium_medium.yaml	CultureMech:008333	Distilled water	1623.0	G_PER_L	670.0;1.0;950.0;1.0;1.0	value is the sum of differing parts; which one the medium means needs the source recipe
DIFFERING_PARTS	data/normalized_yaml/bacterial/verrucomicrobium_medium.yaml	CultureMech:008333	FeSO4·7H2O	599.0	G_PER_L	99.0;500.0	value is the sum of differing parts; which one the medium means needs the source recipe
DIFFERING_PARTS	data/normalized_yaml/bacterial/vm1_medium.yaml	CultureMech:002053	NaCl	21.0	G_PER_L	20.0;1.0	value is the sum of differing parts; which one the medium means needs the source recipe
DIFFERING_PARTS	data/normalized_yaml/bacterial/vm1_medium.yaml	CultureMech:002053	CaCl2 x 2 H2O	2.48	G_PER_L	2.38;0.1	value is the sum of differing parts; which one the medium means needs the source recipe
DIFFERING_PARTS	data/normalized_yaml/bacterial/vm1_medium_for_heterotrophic_growth.yaml	CultureMech:006742	NaCl	21.0	G_PER_L	20.0;1.0	value is the sum of differing parts; which one the medium means needs the source recipe
DIFFERING_PARTS	data/normalized_yaml/bacterial/vm1_medium_for_heterotrophic_growth.yaml	CultureMech:006742	CaCl2 x 2 H2O	2.48	G_PER_L	2.38;0.1	value is the sum of differing parts; which one the medium means needs the source recipe
DIFFERING_PARTS	data/normalized_yaml/bacterial/vulcanibacillus_b5_medium.yaml	CultureMech:002254	CaCl2 x 2 H2O	0.2280392	G_PER_L	0.0980392;0.13	value is the sum of differing parts; which one the medium means needs the source recipe
DIFFERING_PARTS	data/normalized_yaml/bacterial/vulcanibacillus_medium.yaml	CultureMech:000465	FeSO4 x 7 H2O	1.0995025	G_PER_L	0.0995025;1.0	value is the sum of differing parts; which one the medium means needs the source recipe
DIFFERING_PARTS	data/normalized_yaml/bacterial/vulcanithermus_mediatlanticus_medium.yaml	CultureMech:002725	NaCl	30.4118	G_PER_L	29.4118;1.0	value is the sum of differing parts; which one the medium means needs the source recipe
DIFFERING_PARTS	data/normalized_yaml/bacterial/vulcanithermus_medium.yaml	CultureMech:002159	NH4Cl	0.48	G_PER_L	0.33;0.15	value is the sum of differing parts; which one the medium means needs the source recipe
DIFFERING_PARTS	data/normalized_yaml/bacterial/vulcanithermus_medium.yaml	CultureMech:002159	MgCl2 x 6 H2O	5.83	G_PER_L	0.33;5.5	value is the sum of differing parts; which one the medium means needs the source recipe
DIFFERING_PARTS	data/normalized_yaml/bacterial/vulcanithermus_medium.yaml	CultureMech:002159	CaCl2 x 2 H2O	0.93	G_PER_L	0.33;0.5;0.1	value is the sum of differing parts; which one the medium means needs the source recipe
DIFFERING_PARTS	data/normalized_yaml/bacterial/vulcanithermus_medium.yaml	CultureMech:002159	KCl	0.98	G_PER_L	0.33;0.65	value is the sum of differing parts; which one the medium means needs the source recipe
DIFFERING_PARTS	data/normalized_yaml/bacterial/vulcanithermus_medium.yaml	CultureMech:002159	NaCl	56.0	G_PER_L	25.0;30.0;1.0	value is the sum of differing parts; which one the medium means needs the source recipe
DIFFERING_PARTS	data/normalized_yaml/bacterial/vulcanithermus_medium.yaml	CultureMech:002159	MgSO4 x 7 H2O	10.0	G_PER_L	7.0;3.0	value is the sum of differing parts; which one the medium means needs the source recipe
DIFFERING_PARTS	data/normalized_yaml/bacterial/vulcano_high_salt_medium.yaml	CultureMech:002443	NiCl2 x 6 H2O	0.224	G_PER_L	0.024;0.2	value is the sum of differing parts; which one the medium means needs the source recipe
DIFFERING_PARTS	data/normalized_yaml/bacterial/vulcano_low_salt_medium.yaml	CultureMech:002410	NiCl2 x 6 H2O	0.224	G_PER_L	0.2;0.024	value is the sum of differing parts; which one the medium means needs the source recipe
DIFFERING_PARTS	data/normalized_yaml/bacterial/vy_2_sws_agar.yaml	CultureMech:002732	H3BO3	0.02998	G_PER_L	0.01998;0.01	value is the sum of differing parts; which one the medium means needs the source recipe
DIFFERING_PARTS	data/normalized_yaml/bacterial/vy_2_sws_agar.yaml	CultureMech:002732	KBr	0.0999201	G_PER_L	0.0799201;0.02	value is the sum of differing parts; which one the medium means needs the source recipe
DIFFERING_PARTS	data/normalized_yaml/bacterial/vy_4_sws_agar.yaml	CultureMech:002136	H3BO3	0.32	G_PER_L	0.02;0.3	value is the sum of differing parts; which one the medium means needs the source recipe
DIFFERING_PARTS	data/normalized_yaml/bacterial/wmc_medium.yaml	CultureMech:005175	NaCl	41.0	G_PER_L	40.0;1.0	value is the sum of differing parts; which one the medium means needs the source recipe
DIFFERING_PARTS	data/normalized_yaml/bacterial/wmc_medium.yaml	CultureMech:005175	MgSO4 x 7 H2O	3.7	G_PER_L	0.7;3.0	value is the sum of differing parts; which one the medium means needs the source recipe
DIFFERING_PARTS	data/normalized_yaml/bacterial/wmc_medium.yaml	CultureMech:005175	CaCl2 x 2 H2O	0.38	G_PER_L	0.28;0.1	value is the sum of differing parts; which one the medium means needs the source recipe
DIFFERING_PARTS	data/normalized_yaml/bacterial/xtc_2_medium.yaml	CultureMech:000773	Leibovitz's L-15 medium	189.0	G_PER_L	93.0;96.0	value is the sum of differing parts; which one the medium means needs the source recipe
DIFFERING_PARTS	data/normalized_yaml/bacterial/xtc_2_medium.yaml	CultureMech:000773	Fetal bovine serum	7.0	G_PER_L	5.0;2.0	value is the sum of differing parts; which one the medium means needs the source recipe
DIFFERING_PARTS	data/normalized_yaml/bacterial/ytps_medium.yaml	CultureMech:002188	NaCl	19.8867	G_PER_L	18.8867;1.0	value is the sum of differing parts; which one the medium means needs the source recipe
DIFFERING_PARTS	data/normalized_yaml/bacterial/ytps_medium.yaml	CultureMech:002188	MgSO4 x 7 H2O	3.149105	G_PER_L	0.149105;3.0	value is the sum of differing parts; which one the medium means needs the source recipe
DIFFERING_PARTS	data/normalized_yaml/fungal/natronoanaeroarchaea_medium_with_yeast_extract_and_formate.yaml	CultureMech:010504	NaCl	256.0	G_PER_L	240.0;16.0	value is the sum of differing parts; which one the medium means needs the source recipe
DIFFERING_PARTS	data/normalized_yaml/fungal/natronoanaeroarchaea_medium_with_yeast_extract_and_formate.yaml	CultureMech:010504	K2HPO4	3.5	G_PER_L	2.5;1.0	value is the sum of differing parts; which one the medium means needs the source recipe
DIFFERING_PARTS	data/normalized_yaml/fungal/natronoanaeroarchaea_medium_with_yeast_extract_and_glucose.yaml	CultureMech:010503	NaCl	256.0	G_PER_L	240.0;16.0	value is the sum of differing parts; which one the medium means needs the source recipe
DIFFERING_PARTS	data/normalized_yaml/fungal/natronoanaeroarchaea_medium_with_yeast_extract_and_glucose.yaml	CultureMech:010503	K2HPO4	3.5	G_PER_L	2.5;1.0	value is the sum of differing parts; which one the medium means needs the source recipe
DIFFERING_PARTS	data/normalized_yaml/fungal/natronoarchaea_media_with_yeast_extract_and_lactate.yaml	CultureMech:010501	NaCl	256.0	G_PER_L	240.0;16.0	value is the sum of differing parts; which one the medium means needs the source recipe
DIFFERING_PARTS	data/normalized_yaml/fungal/natronoarchaea_media_with_yeast_extract_and_lactate.yaml	CultureMech:010501	K2HPO4	3.5	G_PER_L	2.5;1.0	value is the sum of differing parts; which one the medium means needs the source recipe
DIFFERING_PARTS	data/normalized_yaml/fungal/pfennigs_medium_i_with_yeast_extract.yaml	CultureMech:010468	Yeast extract	1.043478	G_PER_L	0.5;0.543478	value is the sum of differing parts; which one the medium means needs the source recipe
DIFFERING_PARTS	data/normalized_yaml/fungal/pfennigs_medium_i_with_yeast_extract.yaml	CultureMech:010468	Na2S x 9 H2O	44.8148	G_PER_L	14.8148;30.0	value is the sum of differing parts; which one the medium means needs the source recipe
DIFFERING_PARTS	data/normalized_yaml/fungal/sea_water_yeast_peptone_medium.yaml	CultureMech:010483	Peptone	15.0	G_PER_L	5.0;10.0	value is the sum of differing parts; which one the medium means needs the source recipe
DIFFERING_PARTS	data/normalized_yaml/specialized/acetobacterium_medium_marine.yaml	CultureMech:015340	NaCl	20.5886	G_PER_L	19.5886;1.0	value is the sum of differing parts; which one the medium means needs the source recipe
DIFFERING_PARTS	data/normalized_yaml/specialized/acetobacterium_medium_marine.yaml	CultureMech:015340	MgSO4 x 7 H2O	3.0979432	G_PER_L	0.0979432;3.0	value is the sum of differing parts; which one the medium means needs the source recipe
DIFFERING_PARTS	data/normalized_yaml/specialized/anaerobic_tyecas_medium.yaml	CultureMech:015422	NaCl	1.884086	G_PER_L	0.884086;1.0	value is the sum of differing parts; which one the medium means needs the source recipe
DIFFERING_PARTS	data/normalized_yaml/specialized/anaerobic_tyeg_medium.yaml	CultureMech:015413	NaCl	1.876339	G_PER_L	0.876339;1.0	value is the sum of differing parts; which one the medium means needs the source recipe
DIFFERING_PARTS	data/normalized_yaml/specialized/ird_marine_clostrida_medium.yaml	CultureMech:015423	NaCl	23.5933	G_PER_L	22.5933;1.0	value is the sum of differing parts; which one the medium means needs the source recipe
DIFFERING_PARTS	data/normalized_yaml/specialized/ird_marine_clostrida_medium.yaml	CultureMech:015423	CaCl2 x 2 H2O	0.1982318	G_PER_L	0.0982318;0.1	value is the sum of differing parts; which one the medium means needs the source recipe
DIFFERING_PARTS	data/normalized_yaml/specialized/ird_marine_clostridia_medium_2.yaml	CultureMech:015427	NaCl	23.5933	G_PER_L	22.5933;1.0	value is the sum of differing parts; which one the medium means needs the source recipe
DIFFERING_PARTS	data/normalized_yaml/specialized/ird_marine_clostridia_medium_2.yaml	CultureMech:015427	CaCl2 x 2 H2O	0.1982318	G_PER_L	0.0982318;0.1	value is the sum of differing parts; which one the medium means needs the source recipe
DIFFERING_PARTS	data/normalized_yaml/specialized/marine_ammonium_mineral_salts.yaml	CultureMech:015337	Na2MoO4 x 2 H2O	0.0580431	G_PER_L	0.0222222;0.0358209	value is the sum of differing parts; which one the medium means needs the source recipe
DIFFERING_PARTS	data/normalized_yaml/specialized/marines_planctomyces_medium.yaml	CultureMech:015343	Double distilled water	3730.0	G_PER_L	730.0;1000.0;1000.0;1000.0	value is the sum of differing parts; which one the medium means needs the source recipe
DIFFERING_PARTS	data/normalized_yaml/specialized/marines_planctomyces_medium.yaml	CultureMech:015343	H3BO3	0.062	G_PER_L	0.052;0.01	value is the sum of differing parts; which one the medium means needs the source recipe
DIFFERING_PARTS	data/normalized_yaml/specialized/marines_planctomyces_medium.yaml	CultureMech:015343	FeSO4 x 7 H2O	0.599	G_PER_L	0.099;0.5	value is the sum of differing parts; which one the medium means needs the source recipe
DIFFERING_PARTS	data/normalized_yaml/specialized/marines_planctomyces_medium.yaml	CultureMech:015343	MnSO4 x H2O	0.654	G_PER_L	0.154;0.5	value is the sum of differing parts; which one the medium means needs the source recipe
DIFFERING_PARTS	data/normalized_yaml/specialized/marines_planctomyces_medium.yaml	CultureMech:015343	CuSO4 x 5 H2O	0.0492	G_PER_L	0.0392;0.01	value is the sum of differing parts; which one the medium means needs the source recipe
DIFFERING_PARTS	data/normalized_yaml/specialized/marines_planctomyces_medium_modified_i.yaml	CultureMech:015345	Double distilled water	3730.0	G_PER_L	730.0;1000.0;1000.0;1000.0	value is the sum of differing parts; which one the medium means needs the source recipe
DIFFERING_PARTS	data/normalized_yaml/specialized/marines_planctomyces_medium_modified_i.yaml	CultureMech:015345	H3BO3	0.062	G_PER_L	0.052;0.01	value is the sum of differing parts; which one the medium means needs the source recipe
DIFFERING_PARTS	data/normalized_yaml/specialized/marines_planctomyces_medium_modified_i.yaml	CultureMech:015345	FeSO4 x 7 H2O	0.599	G_PER_L	0.099;0.5	value is the sum of differing parts; which one the medium means needs the source recipe
DIFFERING_PARTS	data/normalized_yaml/specialized/marines_planctomyces_medium_modified_i.yaml	CultureMech:015345	MnSO4 x H2O	0.654	G_PER_L	0.154;0.5	value is the sum of differing parts; which one the medium means needs the source recipe
DIFFERING_PARTS	data/normalized_yaml/specialized/marines_planctomyces_medium_modified_i.yaml	CultureMech:015345	CuSO4 x 5 H2O	0.0492	G_PER_L	0.0392;0.01	value is the sum of differing parts; which one the medium means needs the source recipe
DIFFERING_PARTS	data/normalized_yaml/specialized/medium_for_broad_range_phototrophic_bacteria.yaml	CultureMech:015344	NaCl	1.5	G_PER_L	0.5;1.0	value is the sum of differing parts; which one the medium means needs the source recipe
DIFFERING_PARTS	data/normalized_yaml/specialized/pygv_marine_medium_a.yaml	CultureMech:015399	CaCl2 x 2 H2O	4.442	G_PER_L	3.34;1.102	value is the sum of differing parts; which one the medium means needs the source recipe
DIFFERING_PARTS	data/normalized_yaml/specialized/pygv_marine_medium_a.yaml	CultureMech:015399	FeSO4 x 7 H2O	0.599	G_PER_L	0.099;0.5	value is the sum of differing parts; which one the medium means needs the source recipe
DIFFERING_PARTS	data/normalized_yaml/specialized/pygv_marine_medium_b.yaml	CultureMech:015378	CaCl2 x 2 H2O	4.442	G_PER_L	3.34;1.102	value is the sum of differing parts; which one the medium means needs the source recipe
DIFFERING_PARTS	data/normalized_yaml/specialized/pygv_marine_medium_b.yaml	CultureMech:015378	FeSO4 x 7 H2O	0.599	G_PER_L	0.099;0.5	value is the sum of differing parts; which one the medium means needs the source recipe
