score	file_path	record_id	name	n_ingredients	reasons
80	bacterial/NBRC_1063.yaml	CultureMech:007453	1063	2	only 2 ingredient(s); ingredient name contains an unparsed recipe; no ingredient is grounded; no media_term (untraceable to a source catalogue); no notes/provenance; no pH and no temperature
80	bacterial/NBRC_1135.yaml	CultureMech:007458	1135	2	only 2 ingredient(s); ingredient name contains an unparsed recipe; no ingredient is grounded; no media_term (untraceable to a source catalogue); no notes/provenance; no pH and no temperature
80	bacterial/NBRC_1158.yaml	CultureMech:007459	1158	2	only 2 ingredient(s); ingredient name contains an unparsed recipe; no ingredient is grounded; no media_term (untraceable to a source catalogue); no notes/provenance; no pH and no temperature
80	bacterial/NBRC_116.yaml	CultureMech:007460	116	2	only 2 ingredient(s); ingredient name contains an unparsed recipe; no ingredient is grounded; no media_term (untraceable to a source catalogue); no notes/provenance; no pH and no temperature
80	bacterial/NBRC_1197.yaml	CultureMech:007463	1197	2	only 2 ingredient(s); ingredient name contains an unparsed recipe; no ingredient is grounded; no media_term (untraceable to a source catalogue); no notes/provenance; no pH and no temperature
80	bacterial/NBRC_1210.yaml	CultureMech:007464	1210	2	only 2 ingredient(s); ingredient name contains an unparsed recipe; no ingredient is grounded; no media_term (untraceable to a source catalogue); no notes/provenance; no pH and no temperature
80	bacterial/NBRC_1287.yaml	CultureMech:007469	1287	2	only 2 ingredient(s); ingredient name contains an unparsed recipe; no ingredient is grounded; no media_term (untraceable to a source catalogue); no notes/provenance; no pH and no temperature
80	bacterial/NBRC_1379.yaml	CultureMech:007475	1379	2	only 2 ingredient(s); ingredient name contains an unparsed recipe; no ingredient is grounded; no media_term (untraceable to a source catalogue); no notes/provenance; no pH and no temperature
80	bacterial/NBRC_14.yaml	CultureMech:007476	14	2	only 2 ingredient(s); ingredient name contains an unparsed recipe; no ingredient is grounded; no media_term (untraceable to a source catalogue); no notes/provenance; no pH and no temperature
80	bacterial/NBRC_1401.yaml	CultureMech:007477	1401	2	only 2 ingredient(s); ingredient name contains an unparsed recipe; no ingredient is grounded; no media_term (untraceable to a source catalogue); no notes/provenance; no pH and no temperature
80	bacterial/NBRC_229.yaml	CultureMech:007479	229	2	only 2 ingredient(s); ingredient name contains an unparsed recipe; no ingredient is grounded; no media_term (untraceable to a source catalogue); no notes/provenance; no pH and no temperature
80	bacterial/NBRC_245.yaml	CultureMech:007480	245	2	only 2 ingredient(s); ingredient name contains an unparsed recipe; no ingredient is grounded; no media_term (untraceable to a source catalogue); no notes/provenance; no pH and no temperature
80	bacterial/NBRC_26.yaml	CultureMech:007482	26	2	only 2 ingredient(s); ingredient name contains an unparsed recipe; no ingredient is grounded; no media_term (untraceable to a source catalogue); no notes/provenance; no pH and no temperature
80	bacterial/NBRC_280.yaml	CultureMech:007484	280	2	only 2 ingredient(s); ingredient name contains an unparsed recipe; no ingredient is grounded; no media_term (untraceable to a source catalogue); no notes/provenance; no pH and no temperature
80	bacterial/NBRC_310.yaml	CultureMech:007486	310	2	only 2 ingredient(s); ingredient name contains an unparsed recipe; no ingredient is grounded; no media_term (untraceable to a source catalogue); no notes/provenance; no pH and no temperature
80	bacterial/NBRC_355.yaml	CultureMech:007489	355	2	only 2 ingredient(s); ingredient name contains an unparsed recipe; no ingredient is grounded; no media_term (untraceable to a source catalogue); no notes/provenance; no pH and no temperature
80	bacterial/NBRC_367.yaml	CultureMech:007490	367	2	only 2 ingredient(s); ingredient name contains an unparsed recipe; no ingredient is grounded; no media_term (untraceable to a source catalogue); no notes/provenance; no pH and no temperature
80	bacterial/NBRC_382.yaml	CultureMech:007491	382	2	only 2 ingredient(s); ingredient name contains an unparsed recipe; no ingredient is grounded; no media_term (untraceable to a source catalogue); no notes/provenance; no pH and no temperature
80	bacterial/NBRC_404.yaml	CultureMech:007493	404	2	only 2 ingredient(s); ingredient name contains an unparsed recipe; no ingredient is grounded; no media_term (untraceable to a source catalogue); no notes/provenance; no pH and no temperature
80	bacterial/NBRC_804.yaml	CultureMech:007494	804	2	only 2 ingredient(s); ingredient name contains an unparsed recipe; no ingredient is grounded; no media_term (untraceable to a source catalogue); no notes/provenance; no pH and no temperature
80	bacterial/NBRC_869.yaml	CultureMech:007500	869	2	only 2 ingredient(s); ingredient name contains an unparsed recipe; no ingredient is grounded; no media_term (untraceable to a source catalogue); no notes/provenance; no pH and no temperature
80	bacterial/NBRC_892.yaml	CultureMech:007502	892	2	only 2 ingredient(s); ingredient name contains an unparsed recipe; no ingredient is grounded; no media_term (untraceable to a source catalogue); no notes/provenance; no pH and no temperature
80	bacterial/NBRC_915.yaml	CultureMech:007504	915	2	only 2 ingredient(s); ingredient name contains an unparsed recipe; no ingredient is grounded; no media_term (untraceable to a source catalogue); no notes/provenance; no pH and no temperature
80	bacterial/NBRC_948.yaml	CultureMech:007507	948	2	only 2 ingredient(s); ingredient name contains an unparsed recipe; no ingredient is grounded; no media_term (untraceable to a source catalogue); no notes/provenance; no pH and no temperature
80	bacterial/NBRC_960.yaml	CultureMech:007508	960	2	only 2 ingredient(s); ingredient name contains an unparsed recipe; no ingredient is grounded; no media_term (untraceable to a source catalogue); no notes/provenance; no pH and no temperature
75	bacterial/test_medium_123.yaml	CultureMech:000306	Test Medium 123	1	only 1 ingredient(s); placeholder ingredient text; no ingredient is grounded; no media_term (untraceable to a source catalogue); no pH and no temperature
70	algae/artificial_seawater.yaml	CultureMech:000189	Artificial_Seawater	1	only 1 ingredient(s); placeholder ingredient text; no ingredient is grounded; no media_term (untraceable to a source catalogue)
70	algae/bacillariophycean.yaml	CultureMech:000192	Bacillariophycean	1	only 1 ingredient(s); placeholder ingredient text; no ingredient is grounded; no media_term (untraceable to a source catalogue)
70	algae/basal.yaml	CultureMech:000191	Basal	1	only 1 ingredient(s); placeholder ingredient text; no ingredient is grounded; no media_term (untraceable to a source catalogue)
70	algae/beggiatoa.yaml	CultureMech:000193	Beggiatoa	1	only 1 ingredient(s); placeholder ingredient text; no ingredient is grounded; no media_term (untraceable to a source catalogue)
70	algae/bold_modified_basal.yaml	CultureMech:000194	Bold_Modified_Basal	1	only 1 ingredient(s); placeholder ingredient text; no ingredient is grounded; no media_term (untraceable to a source catalogue)
70	algae/bold_modified_basal_tom.yaml	CultureMech:000195	Bold_Modified_Basal&TOM	1	only 1 ingredient(s); placeholder ingredient text; no ingredient is grounded; no media_term (untraceable to a source catalogue)
70	algae/brackish_water_medium.yaml	CultureMech:000196	Brackish_water_medium	1	only 1 ingredient(s); placeholder ingredient text; no ingredient is grounded; no media_term (untraceable to a source catalogue)
70	algae/ch.yaml	CultureMech:000059	CH	1	only 1 ingredient(s); placeholder ingredient text; no ingredient is grounded; no media_term (untraceable to a source catalogue)
70	algae/chapman_andresens_modified_pringsheims_solution.yaml	CultureMech:000062	Chapman-Andresen's Modified Pringsheim's Solution	1	only 1 ingredient(s); placeholder ingredient text; no ingredient is grounded; no media_term (untraceable to a source catalogue)
70	algae/chilomonas.yaml	CultureMech:000197	Chilomonas	1	only 1 ingredient(s); placeholder ingredient text; no ingredient is grounded; no media_term (untraceable to a source catalogue)
70	algae/cyanidium.yaml	CultureMech:000198	Cyanidium	1	only 1 ingredient(s); placeholder ingredient text; no ingredient is grounded; no media_term (untraceable to a source catalogue)
70	algae/desmidiacean.yaml	CultureMech:000199	Desmidiacean	1	only 1 ingredient(s); placeholder ingredient text; no ingredient is grounded; no media_term (untraceable to a source catalogue)
70	algae/dunaliella.yaml	CultureMech:000200	Dunaliella	1	only 1 ingredient(s); placeholder ingredient text; no ingredient is grounded; no media_term (untraceable to a source catalogue)
70	algae/dunaliella_acid.yaml	CultureMech:000201	Dunaliella_acid	1	only 1 ingredient(s); placeholder ingredient text; no ingredient is grounded; no media_term (untraceable to a source catalogue)
70	algae/enriched_seawater.yaml	CultureMech:000202	Enriched_Seawater	1	only 1 ingredient(s); placeholder ingredient text; no ingredient is grounded; no media_term (untraceable to a source catalogue)
70	algae/euglena.yaml	CultureMech:000203	Euglena	1	only 1 ingredient(s); placeholder ingredient text; no ingredient is grounded; no media_term (untraceable to a source catalogue)
70	algae/malt_peptone.yaml	CultureMech:000204	Malt_Peptone	1	only 1 ingredient(s); placeholder ingredient text; no ingredient is grounded; no media_term (untraceable to a source catalogue)
70	algae/merds.yaml	CultureMech:000089	MErds	1	only 1 ingredient(s); placeholder ingredient text; no ingredient is grounded; no media_term (untraceable to a source catalogue)
70	algae/mw.yaml	CultureMech:000093	MW	1	only 1 ingredient(s); placeholder ingredient text; no ingredient is grounded; no media_term (untraceable to a source catalogue)
70	algae/note_on_biphasic_soilwater_media_20081216.yaml	CultureMech:000205	Note_on_biphasic_soilwater_media_20081216	1	only 1 ingredient(s); placeholder ingredient text; no ingredient is grounded; no media_term (untraceable to a source catalogue)
70	algae/ochromonas.yaml	CultureMech:000206	Ochromonas	1	only 1 ingredient(s); placeholder ingredient text; no ingredient is grounded; no media_term (untraceable to a source catalogue)
70	algae/pes.yaml	CultureMech:000207	PES	1	only 1 ingredient(s); placeholder ingredient text; no ingredient is grounded; no media_term (untraceable to a source catalogue)
70	algae/polytoma.yaml	CultureMech:000208	Polytoma	1	only 1 ingredient(s); placeholder ingredient text; no ingredient is grounded; no media_term (untraceable to a source catalogue)
70	algae/polytomella.yaml	CultureMech:000209	Polytomella	1	only 1 ingredient(s); placeholder ingredient text; no ingredient is grounded; no media_term (untraceable to a source catalogue)
70	algae/porphyridium.yaml	CultureMech:000210	Porphyridium	1	only 1 ingredient(s); placeholder ingredient text; no ingredient is grounded; no media_term (untraceable to a source catalogue)
70	algae/s_w.yaml	CultureMech:000138	S/W	1	only 1 ingredient(s); placeholder ingredient text; no ingredient is grounded; no media_term (untraceable to a source catalogue)
70	algae/s_w_amp.yaml	CultureMech:000136	S/W + AMP	1	only 1 ingredient(s); placeholder ingredient text; no ingredient is grounded; no media_term (untraceable to a source catalogue)
70	algae/s_w_ca.yaml	CultureMech:000137	S/W + Ca	1	only 1 ingredient(s); placeholder ingredient text; no ingredient is grounded; no media_term (untraceable to a source catalogue)
70	algae/se1.yaml	CultureMech:000128	SE1	1	only 1 ingredient(s); placeholder ingredient text; no ingredient is grounded; no media_term (untraceable to a source catalogue)
70	algae/se2.yaml	CultureMech:000129	SE2	1	only 1 ingredient(s); placeholder ingredient text; no ingredient is grounded; no media_term (untraceable to a source catalogue)
70	algae/seawater.yaml	CultureMech:000211	Seawater	1	only 1 ingredient(s); placeholder ingredient text; no ingredient is grounded; no media_term (untraceable to a source catalogue)
70	algae/ses.yaml	CultureMech:000130	SES	1	only 1 ingredient(s); placeholder ingredient text; no ingredient is grounded; no media_term (untraceable to a source catalogue)
70	algae/soil_water_media.yaml	CultureMech:000212	Soil_Water_Media	1	only 1 ingredient(s); placeholder ingredient text; no ingredient is grounded; no media_term (untraceable to a source catalogue)
70	algae/spirulina.yaml	CultureMech:000213	Spirulina	1	only 1 ingredient(s); placeholder ingredient text; no ingredient is grounded; no media_term (untraceable to a source catalogue)
70	algae/unicellular_green_algae.yaml	CultureMech:000214	Unicellular_Green_Algae	1	only 1 ingredient(s); placeholder ingredient text; no ingredient is grounded; no media_term (untraceable to a source catalogue)
70	algae/volvox.yaml	CultureMech:000215	Volvox	1	only 1 ingredient(s); placeholder ingredient text; no ingredient is grounded; no media_term (untraceable to a source catalogue)
70	algae/wees.yaml	CultureMech:000216	WEES	1	only 1 ingredient(s); placeholder ingredient text; no ingredient is grounded; no media_term (untraceable to a source catalogue)
70	algae/woods_hole_mbl_medium.yaml	CultureMech:000217	Woods Hole MBL Medium	1	only 1 ingredient(s); placeholder ingredient text; no ingredient is grounded; no media_term (untraceable to a source catalogue)
70	algae/yel.yaml	CultureMech:000144	YEL	1	only 1 ingredient(s); placeholder ingredient text; no ingredient is grounded; no media_term (untraceable to a source catalogue)
70	algae/z_medium_for_cyanos.yaml	CultureMech:000218	Z-Medium_for_Cyanos	1	only 1 ingredient(s); placeholder ingredient text; no ingredient is grounded; no media_term (untraceable to a source catalogue)
65	archaea/archaeoglobus_mcr_medium.yaml	CultureMech:002362	ARCHAEOGLOBUS MCR MEDIUM	1	only 1 ingredient(s); placeholder ingredient text; no ingredient is grounded; no pH and no temperature
65	archaea/methanobacterium_medium_ii_with_formae.yaml	CultureMech:003049	METHANOBACTERIUM MEDIUM (II) WITH FORMAE	1	only 1 ingredient(s); placeholder ingredient text; no ingredient is grounded; no pH and no temperature
65	archaea/methanocaldococcus_indiensis_medium.yaml	CultureMech:002720	METHANOCALDOCOCCUS INDIENSIS MEDIUM	1	only 1 ingredient(s); placeholder ingredient text; no ingredient is grounded; no pH and no temperature
65	archaea/modified_halosimplex_medium.yaml	CultureMech:003286	MODIFIED HALOSIMPLEX MEDIUM	1	only 1 ingredient(s); placeholder ingredient text; no ingredient is grounded; no pH and no temperature
65	bacterial/2sna.yaml	CultureMech:000411	2SNA	1	only 1 ingredient(s); placeholder ingredient text; no ingredient is grounded; no pH and no temperature
65	bacterial/JCM_J806_GS_MEDIUM.yaml	CultureMech:003151	GS MEDIUM	1	only 1 ingredient(s); placeholder ingredient text; no ingredient is grounded; no pH and no temperature
65	bacterial/TOGO_M904_Bs_107_Medium.yaml	CultureMech:010323	Bs 107 Medium	1	only 1 ingredient(s); placeholder ingredient text; no ingredient is grounded; no pH and no temperature
65	bacterial/bm_for_tepidanaerobacter_acetoxydans.yaml	CultureMech:003081	BM FOR TEPIDANAEROBACTER ACETOXYDANS	1	only 1 ingredient(s); placeholder ingredient text; no ingredient is grounded; no pH and no temperature
65	bacterial/bs_107_medium.yaml	CultureMech:003213	Bs 107 MEDIUM	1	only 1 ingredient(s); placeholder ingredient text; no ingredient is grounded; no pH and no temperature
65	bacterial/car_bacillus_medium.yaml	CultureMech:003345	CAR BACILLUS MEDIUM	1	only 1 ingredient(s); placeholder ingredient text; no ingredient is grounded; no pH and no temperature
65	bacterial/clostridium_bovis_medium.yaml	CultureMech:002982	CLOSTRIDIUM BOVIS MEDIUM	1	only 1 ingredient(s); placeholder ingredient text; no ingredient is grounded; no pH and no temperature
65	bacterial/cultivation_medium_for_sf1ep_cells_for_treponema_pallidum.yaml	CultureMech:001271	Cultivation Medium for Sf1Ep cells for Treponema pallidum	1	only 1 ingredient(s); placeholder ingredient text; no ingredient is grounded; no pH and no temperature
65	bacterial/desulfovibrio_piger_medium.yaml	CultureMech:002756	DESULFOVIBRIO PIGER MEDIUM	1	only 1 ingredient(s); placeholder ingredient text; no ingredient is grounded; no pH and no temperature
65	bacterial/eg_medium_with_10_nacl.yaml	CultureMech:002618	EG MEDIUM WITH 10% NaCl	1	only 1 ingredient(s); placeholder ingredient text; no ingredient is grounded; no pH and no temperature
65	bacterial/ferric_citrate_fwmedia.yaml	CultureMech:002821	FERRIC CITRATE FWMEDIA	1	only 1 ingredient(s); placeholder ingredient text; no ingredient is grounded; no pH and no temperature
65	bacterial/fresh_water_media.yaml	CultureMech:002823	FRESH WATER MEDIA	1	only 1 ingredient(s); placeholder ingredient text; no ingredient is grounded; no pH and no temperature
65	bacterial/imk_with_porphyra.yaml	CultureMech:008334	IMK with Porphyra	1	only 1 ingredient(s); placeholder ingredient text; no ingredient is grounded; no pH and no temperature
65	bacterial/jcm_medium_no_1324.yaml	CultureMech:002488	JCM MEDIUM No. 1324	1	only 1 ingredient(s); placeholder ingredient text; no ingredient is grounded; no pH and no temperature
65	bacterial/jcm_medium_no_313.yaml	CultureMech:002671	JCM MEDIUM No. 313	1	only 1 ingredient(s); placeholder ingredient text; no ingredient is grounded; no pH and no temperature
65	bacterial/ji_medium.yaml	CultureMech:002747	JI MEDIUM	1	only 1 ingredient(s); placeholder ingredient text; no ingredient is grounded; no pH and no temperature
65	bacterial/l_15b_tick_cell_medium.yaml	CultureMech:001068	L-15B Tick Cell Medium	1	only 1 ingredient(s); placeholder ingredient text; no ingredient is grounded; no pH and no temperature
65	bacterial/lind_8a_medium.yaml	CultureMech:003136	LIND 8A MEDIUM	1	only 1 ingredient(s); placeholder ingredient text; no ingredient is grounded; no pH and no temperature
65	bacterial/liver_broth_oxoid_cm_77.yaml	CultureMech:001915	LIVER BROTH (Oxoid CM 77)	1	only 1 ingredient(s); placeholder ingredient text; no ingredient is grounded; no pH and no temperature
65	bacterial/medium_10_broth.yaml	CultureMech:002539	MEDIUM 10 BROTH	1	only 1 ingredient(s); placeholder ingredient text; no ingredient is grounded; no pH and no temperature
65	bacterial/mg50_medium.yaml	CultureMech:002841	Mg50 MEDIUM	1	only 1 ingredient(s); placeholder ingredient text; no ingredient is grounded; no pH and no temperature
65	bacterial/modified_medium_10.yaml	CultureMech:002572	MODIFIED MEDIUM 10	1	only 1 ingredient(s); placeholder ingredient text; no ingredient is grounded; no pH and no temperature
65	bacterial/modified_roseospira_medium.yaml	CultureMech:002318	MODIFIED ROSEOSPIRA MEDIUM	1	only 1 ingredient(s); placeholder ingredient text; no ingredient is grounded; no pH and no temperature
65	bacterial/nb_fumarate_nbaf_medium.yaml	CultureMech:002822	NB FUMARATE (NBAF) MEDIUM	1	only 1 ingredient(s); placeholder ingredient text; no ingredient is grounded; no pH and no temperature
65	bacterial/nissui_plate_sheep_blood_agar.yaml	CultureMech:008099	Nissui Plate Sheep Blood Agar*	1	only 1 ingredient(s); placeholder ingredient text; no ingredient is grounded; no pH and no temperature
65	bacterial/nss_low.yaml	CultureMech:000383	NSS Low	1	only 1 ingredient(s); placeholder ingredient text; no ingredient is grounded; no pH and no temperature
65	bacterial/poremedia_b_cye_945_agar_medium.yaml	CultureMech:002267	POREMEDIA B-CYE&#945; AGAR MEDIUM	1	only 1 ingredient(s); placeholder ingredient text; no ingredient is grounded; no pH and no temperature
65	bacterial/rhodocyclus_purpureus_medium.yaml	CultureMech:001559	RHODOCYCLUS PURPUREUS MEDIUM	1	only 1 ingredient(s); placeholder ingredient text; no ingredient is grounded; no pH and no temperature
65	bacterial/rumen_fluid_medium.yaml	CultureMech:003115	RUMEN FLUID MEDIUM	1	only 1 ingredient(s); placeholder ingredient text; no ingredient is grounded; no pH and no temperature
65	bacterial/seawater_with_porphyra.yaml	CultureMech:008336	Seawater with Porphyra	1	only 1 ingredient(s); placeholder ingredient text; no ingredient is grounded; no pH and no temperature
65	bacterial/smy_medium.yaml	CultureMech:003297	SMY MEDIUM	1	only 1 ingredient(s); placeholder ingredient text; no ingredient is grounded; no pH and no temperature
65	bacterial/taiyang_medium_no_9_prototype.yaml	CultureMech:010432	Taiyang Medium No.9 (prototype)	1	only 1 ingredient(s); placeholder ingredient text; no ingredient is grounded; no pH and no temperature
65	bacterial/togo_medium_m967.yaml	CultureMech:010392	(Unnamed medium)	1	only 1 ingredient(s); placeholder ingredient text; no ingredient is grounded; no pH and no temperature
65	bacterial/widdel_freshwater_medium_with_glycerin.yaml	CultureMech:002391	WIDDEL FRESHWATER MEDIUM WITH GLYCERIN	1	only 1 ingredient(s); placeholder ingredient text; no ingredient is grounded; no pH and no temperature
65	bacterial/yeast_extract_medium_ye.yaml	CultureMech:009002	Yeast Extract Medium (YE)	1	only 1 ingredient(s); placeholder ingredient text; no ingredient is grounded; no pH and no temperature
65	fungal/wmalt_yeast_extract_medium_wmy.yaml	CultureMech:010440	wMalt Yeast Extract Medium (wMY)	1	only 1 ingredient(s); placeholder ingredient text; no ingredient is grounded; no pH and no temperature
65	fungal/yeast_extract_medium_ye.yaml	CultureMech:010512	YEAST EXTRACT MEDIUM (YE)	1	only 1 ingredient(s); placeholder ingredient text; no ingredient is grounded; no pH and no temperature
65	specialized/marine_medium_with_thiosulfate.yaml	CultureMech:015402	MARINE MEDIUM WITH THIOSULFATE	1	only 1 ingredient(s); placeholder ingredient text; no ingredient is grounded; no pH and no temperature
60	archaea/thermoproteus_medium_c.yaml	CultureMech:002977	THERMOPROTEUS MEDIUM (C)	1	only 1 ingredient(s); placeholder ingredient text; no ingredient is grounded
60	bacterial/agc2_medium.yaml	CultureMech:002739	AGC2 MEDIUM	1	only 1 ingredient(s); placeholder ingredient text; no ingredient is grounded
60	bacterial/beer_medium.yaml	CultureMech:002778	BEER MEDIUM	1	only 1 ingredient(s); placeholder ingredient text; no ingredient is grounded
60	bacterial/bekisolidmedium_hydrogenovibrio_crunogenus_quimiolitotrofo.yaml	CultureMech:010430	BekiSolidMedium (Hydrogenovibrio crunogenus QUIMIOLITOTROFO)	1	only 1 ingredient(s); placeholder ingredient text; no ingredient is grounded
60	bacterial/diluted_asm_medium.yaml	CultureMech:003160	DILUTED ASM MEDIUM	1	only 1 ingredient(s); placeholder ingredient text; no ingredient is grounded
60	bacterial/haha_agar.yaml	CultureMech:010431	HaHa agar	1	only 1 ingredient(s); placeholder ingredient text; no ingredient is grounded
60	bacterial/king_b.yaml	CultureMech:010433	King B	1	only 1 ingredient(s); placeholder ingredient text; no ingredient is grounded
60	bacterial/m9_sng_medium.yaml	CultureMech:010438	M9-SNG medium	1	only 1 ingredient(s); placeholder ingredient text; no ingredient is grounded
60	bacterial/methanosaeta_brevibacterium_medium.yaml	CultureMech:002826	METHANOSAETA BREVIBACTERIUM MEDIUM	1	only 1 ingredient(s); placeholder ingredient text; no ingredient is grounded
60	bacterial/mta10.yaml	CultureMech:010436	mTA10	1	only 1 ingredient(s); placeholder ingredient text; no ingredient is grounded
60	bacterial/n27_rhodospirillaceae_medium_modified.yaml	CultureMech:010437	N27 RHODOSPIRILLACEAE MEDIUM (modified)	1	only 1 ingredient(s); placeholder ingredient text; no ingredient is grounded
60	bacterial/pdb_sng_medium.yaml	CultureMech:010439	PDB-SNG medium	1	only 1 ingredient(s); placeholder ingredient text; no ingredient is grounded
60	bacterial/r2a_agar_ph_9_0.yaml	CultureMech:002475	R2A AGAR (pH 9.0)	1	only 1 ingredient(s); placeholder ingredient text; no ingredient is grounded
60	bacterial/rs_medium_non_nutrient_medium_nnm_component.yaml	CultureMech:010434	RS Medium - Non-Nutrient Medium (NNM) Component	1	only 1 ingredient(s); placeholder ingredient text; no ingredient is grounded
60	bacterial/rs_medium_nutrient_medium_nm_component.yaml	CultureMech:010435	RS Medium - Nutrient Medium (NM) Component	1	only 1 ingredient(s); placeholder ingredient text; no ingredient is grounded
60	bacterial/thermovenbulum_medium.yaml	CultureMech:003202	THERMOVENBULUM MEDIUM	1	only 1 ingredient(s); placeholder ingredient text; no ingredient is grounded
60	bacterial/widdel_freshwater_medium_with_pyruvate.yaml	CultureMech:002392	WIDDEL FRESHWATER MEDIUM WITH PYRUVATE	1	only 1 ingredient(s); placeholder ingredient text; no ingredient is grounded
60	bacterial/xylanobacter_medium.yaml	CultureMech:002873	XYLANOBACTER MEDIUM	1	only 1 ingredient(s); placeholder ingredient text; no ingredient is grounded
55	bacterial/NBRC_1003.yaml	CultureMech:007449	1003	1	only 1 ingredient(s); no ingredient is grounded; no media_term (untraceable to a source catalogue); no notes/provenance; no pH and no temperature
55	bacterial/NBRC_1021.yaml	CultureMech:007450	1021	1	only 1 ingredient(s); no ingredient is grounded; no media_term (untraceable to a source catalogue); no notes/provenance; no pH and no temperature
55	bacterial/NBRC_1051.yaml	CultureMech:007452	1051	1	only 1 ingredient(s); no ingredient is grounded; no media_term (untraceable to a source catalogue); no notes/provenance; no pH and no temperature
55	bacterial/NBRC_1075.yaml	CultureMech:007454	1075	1	only 1 ingredient(s); no ingredient is grounded; no media_term (untraceable to a source catalogue); no notes/provenance; no pH and no temperature
55	bacterial/NBRC_1091.yaml	CultureMech:007455	1091	1	only 1 ingredient(s); no ingredient is grounded; no media_term (untraceable to a source catalogue); no notes/provenance; no pH and no temperature
55	bacterial/NBRC_1107.yaml	CultureMech:007456	1107	1	only 1 ingredient(s); no ingredient is grounded; no media_term (untraceable to a source catalogue); no notes/provenance; no pH and no temperature
55	bacterial/NBRC_1118.yaml	CultureMech:007457	1118	1	only 1 ingredient(s); no ingredient is grounded; no media_term (untraceable to a source catalogue); no notes/provenance; no pH and no temperature
55	bacterial/NBRC_1170.yaml	CultureMech:007461	1170	1	only 1 ingredient(s); no ingredient is grounded; no media_term (untraceable to a source catalogue); no notes/provenance; no pH and no temperature
55	bacterial/NBRC_1185.yaml	CultureMech:007462	1185	1	only 1 ingredient(s); no ingredient is grounded; no media_term (untraceable to a source catalogue); no notes/provenance; no pH and no temperature
55	bacterial/NBRC_1227.yaml	CultureMech:007465	1227	1	only 1 ingredient(s); no ingredient is grounded; no media_term (untraceable to a source catalogue); no notes/provenance; no pH and no temperature
55	bacterial/NBRC_1261.yaml	CultureMech:007467	1261	1	only 1 ingredient(s); no ingredient is grounded; no media_term (untraceable to a source catalogue); no notes/provenance; no pH and no temperature
55	bacterial/NBRC_1275.yaml	CultureMech:007468	1275	1	only 1 ingredient(s); no ingredient is grounded; no media_term (untraceable to a source catalogue); no notes/provenance; no pH and no temperature
55	bacterial/NBRC_1311.yaml	CultureMech:007471	1311	1	only 1 ingredient(s); no ingredient is grounded; no media_term (untraceable to a source catalogue); no notes/provenance; no pH and no temperature
55	bacterial/NBRC_1323.yaml	CultureMech:007472	1323	1	only 1 ingredient(s); no ingredient is grounded; no media_term (untraceable to a source catalogue); no notes/provenance; no pH and no temperature
55	bacterial/NBRC_1340.yaml	CultureMech:007473	1340	1	only 1 ingredient(s); no ingredient is grounded; no media_term (untraceable to a source catalogue); no notes/provenance; no pH and no temperature
55	bacterial/NBRC_1358.yaml	CultureMech:007474	1358	1	only 1 ingredient(s); no ingredient is grounded; no media_term (untraceable to a source catalogue); no notes/provenance; no pH and no temperature
55	bacterial/NBRC_219.yaml	CultureMech:007478	219	2	only 2 ingredient(s); no ingredient is grounded; no media_term (untraceable to a source catalogue); no notes/provenance; no pH and no temperature
55	bacterial/NBRC_257.yaml	CultureMech:007481	257	1	only 1 ingredient(s); no ingredient is grounded; no media_term (untraceable to a source catalogue); no notes/provenance; no pH and no temperature
55	bacterial/NBRC_270.yaml	CultureMech:007483	270	1	only 1 ingredient(s); no ingredient is grounded; no media_term (untraceable to a source catalogue); no notes/provenance; no pH and no temperature
55	bacterial/NBRC_296.yaml	CultureMech:007485	296	2	only 2 ingredient(s); no ingredient is grounded; no media_term (untraceable to a source catalogue); no notes/provenance; no pH and no temperature
55	bacterial/NBRC_324.yaml	CultureMech:007487	324	1	only 1 ingredient(s); no ingredient is grounded; no media_term (untraceable to a source catalogue); no notes/provenance; no pH and no temperature
55	bacterial/NBRC_336.yaml	CultureMech:007488	336	1	only 1 ingredient(s); no ingredient is grounded; no media_term (untraceable to a source catalogue); no notes/provenance; no pH and no temperature
55	bacterial/NBRC_393.yaml	CultureMech:007492	393	1	only 1 ingredient(s); no ingredient is grounded; no media_term (untraceable to a source catalogue); no notes/provenance; no pH and no temperature
55	bacterial/NBRC_825.yaml	CultureMech:007496	825	1	only 1 ingredient(s); no ingredient is grounded; no media_term (untraceable to a source catalogue); no notes/provenance; no pH and no temperature
55	bacterial/NBRC_838.yaml	CultureMech:007497	838	1	only 1 ingredient(s); no ingredient is grounded; no media_term (untraceable to a source catalogue); no notes/provenance; no pH and no temperature
55	bacterial/NBRC_848.yaml	CultureMech:007498	848	1	only 1 ingredient(s); no ingredient is grounded; no media_term (untraceable to a source catalogue); no notes/provenance; no pH and no temperature
55	bacterial/NBRC_859.yaml	CultureMech:007499	859	1	only 1 ingredient(s); no ingredient is grounded; no media_term (untraceable to a source catalogue); no notes/provenance; no pH and no temperature
55	bacterial/NBRC_882.yaml	CultureMech:007501	882	1	only 1 ingredient(s); no ingredient is grounded; no media_term (untraceable to a source catalogue); no notes/provenance; no pH and no temperature
55	bacterial/NBRC_904.yaml	CultureMech:007503	904	1	only 1 ingredient(s); no ingredient is grounded; no media_term (untraceable to a source catalogue); no notes/provenance; no pH and no temperature
55	bacterial/NBRC_927.yaml	CultureMech:007505	927	1	only 1 ingredient(s); no ingredient is grounded; no media_term (untraceable to a source catalogue); no notes/provenance; no pH and no temperature
55	bacterial/NBRC_937.yaml	CultureMech:007506	937	1	only 1 ingredient(s); no ingredient is grounded; no media_term (untraceable to a source catalogue); no notes/provenance; no pH and no temperature
55	bacterial/NBRC_972.yaml	CultureMech:007509	972	1	only 1 ingredient(s); no ingredient is grounded; no media_term (untraceable to a source catalogue); no notes/provenance; no pH and no temperature
55	bacterial/NBRC_990.yaml	CultureMech:007510	990	1	only 1 ingredient(s); no ingredient is grounded; no media_term (untraceable to a source catalogue); no notes/provenance; no pH and no temperature
50	algae/1_2_Enriched_Seawater.yaml	CultureMech:000003	1/2 Enriched Seawater	2	only 2 ingredient(s); no ingredient is grounded; no media_term (untraceable to a source catalogue); no notes/provenance
50	algae/1_2_Erdschreiber_Medium.yaml	CultureMech:000004	1/2 Erdschreiber Medium	2	only 2 ingredient(s); no ingredient is grounded; no media_term (untraceable to a source catalogue); no notes/provenance
50	algae/1_4_erdschreibers_medium.yaml	CultureMech:000008	1/4 Erdschreiber's Medium	2	only 2 ingredient(s); no ingredient is grounded; no media_term (untraceable to a source catalogue); no notes/provenance
50	algae/20_allen_80_erdschreiber_1_4_medium.yaml	CultureMech:000013	20% Allen + 80% Erdschreiber (1:4) Medium	2	only 2 ingredient(s); no ingredient is grounded; no media_term (untraceable to a source catalogue); no notes/provenance
50	algae/2_3_Enriched_Seawater.yaml	CultureMech:000018	2/3 Enriched Seawater	2	only 2 ingredient(s); no ingredient is grounded; no media_term (untraceable to a source catalogue); no notes/provenance
50	algae/5_3_soil_seawater_agar_medium.yaml	CultureMech:000019	5/3 Soil + Seawater Agar Medium	2	only 2 ingredient(s); no ingredient is grounded; no media_term (untraceable to a source catalogue); no notes/provenance
50	algae/Bold_1NV_Erdshreiber_1_1_Medium.yaml	CultureMech:000030	Bold 1NV:Erdshreiber (1:1) Medium	2	only 2 ingredient(s); no ingredient is grounded; no media_term (untraceable to a source catalogue); no notes/provenance
50	algae/Bold_1NV_Erdshreiber_4_1_Medium.yaml	CultureMech:000031	Bold 1NV:Erdshreiber (4:1) Medium	2	only 2 ingredient(s); no ingredient is grounded; no media_term (untraceable to a source catalogue); no notes/provenance
50	algae/Botryococcus_Medium.yaml	CultureMech:000035	Botryococcus Medium	2	only 2 ingredient(s); no ingredient is grounded; no media_term (untraceable to a source catalogue); no notes/provenance
50	algae/ES_10_Enriched_Seawater_Medium.yaml	CultureMech:000163	ES/10 Enriched Seawater Medium	2	only 2 ingredient(s); no ingredient is grounded; no media_term (untraceable to a source catalogue); no notes/provenance
50	algae/ES_2_Enriched_Seawater_Medium.yaml	CultureMech:000164	ES/2 Enriched Seawater Medium	2	only 2 ingredient(s); no ingredient is grounded; no media_term (untraceable to a source catalogue); no notes/provenance
50	algae/ES_4_Enriched_Seawater_Medium.yaml	CultureMech:000165	ES/4 Enriched Seawater Medium	2	only 2 ingredient(s); no ingredient is grounded; no media_term (untraceable to a source catalogue); no notes/provenance
50	algae/Enriched_Seawater_Medium.yaml	CultureMech:000166	Enriched Seawater Medium	2	only 2 ingredient(s); no ingredient is grounded; no media_term (untraceable to a source catalogue); no notes/provenance
50	algae/Malt_Medium.yaml	CultureMech:000175	Malt Medium	1	only 1 ingredient(s); no ingredient is grounded; no media_term (untraceable to a source catalogue); no notes/provenance
50	algae/Modified_2X_CHEV_Medium.yaml	CultureMech:000177	Modified 2X CHEV Medium	2	only 2 ingredient(s); no ingredient is grounded; no media_term (untraceable to a source catalogue); no notes/provenance
50	algae/Proteose_Medium.yaml	CultureMech:000188	Proteose Medium	2	only 2 ingredient(s); no ingredient is grounded; no media_term (untraceable to a source catalogue); no notes/provenance
50	algae/SS_Diatom_Medium.yaml	CultureMech:000219	SS Diatom Medium	2	only 2 ingredient(s); no ingredient is grounded; no media_term (untraceable to a source catalogue); no notes/provenance
50	algae/Soilwater_GR-_Medium.yaml	CultureMech:000227	Soilwater: GR- Medium	2	only 2 ingredient(s); no ingredient is grounded; no media_term (untraceable to a source catalogue); no notes/provenance
50	algae/Soilwater_GR-_NH4_Medium.yaml	CultureMech:000228	Soilwater: GR-/NH4 Medium	2	only 2 ingredient(s); no ingredient is grounded; no media_term (untraceable to a source catalogue); no notes/provenance
50	algae/Soilwater_VT_Medium.yaml	CultureMech:000231	Soilwater: VT Medium	2	only 2 ingredient(s); no ingredient is grounded; no media_term (untraceable to a source catalogue); no notes/provenance
50	algae/Spirulina_Medium.yaml	CultureMech:000232	Spirulina Medium	2	only 2 ingredient(s); no ingredient is grounded; no media_term (untraceable to a source catalogue); no notes/provenance
50	algae/Volvocacean_Medium.yaml	CultureMech:000236	Volvocacean Medium	2	only 2 ingredient(s); no ingredient is grounded; no media_term (untraceable to a source catalogue); no notes/provenance
50	algae/bristol_nacl_medium.yaml	CultureMech:000036	Bristol-NaCl Medium	2	only 2 ingredient(s); no ingredient is grounded; no media_term (untraceable to a source catalogue); no notes/provenance
50	algae/chus_medium.yaml	CultureMech:000155	Chu's Medium	2	only 2 ingredient(s); no ingredient is grounded; no media_term (untraceable to a source catalogue); no notes/provenance
50	algae/f_2_nh4_medium.yaml	CultureMech:000169	F/2 + NH4 Medium	2	only 2 ingredient(s); no ingredient is grounded; no media_term (untraceable to a source catalogue); no notes/provenance
50	algae/soil_seawater_medium.yaml	CultureMech:000221	Soil + Seawater Medium	2	only 2 ingredient(s); no ingredient is grounded; no media_term (untraceable to a source catalogue); no notes/provenance
50	algae/soilwater_gr_nh4_medium.yaml	CultureMech:000226	Soilwater: GR+/NH4 Medium	2	only 2 ingredient(s); no ingredient is grounded; no media_term (untraceable to a source catalogue); no notes/provenance
50	algae/waris_soil_extract_medium.yaml	CultureMech:000241	Waris + Soil Extract Medium	2	only 2 ingredient(s); no ingredient is grounded; no media_term (untraceable to a source catalogue); no notes/provenance
50	bacterial/JCM_J1380_EUGON_AGAR_WITH_5_SHEEP_BLOOD_AND_ARTIFICIAL_SEAWATER.yaml	CultureMech:015847	EUGON AGAR WITH 5% SHEEP BLOOD AND ARTIFICIAL SEAWATER	3	placeholder ingredient text; no ingredient is grounded; no pH and no temperature
50	specialized/dv_base_y_medium.yaml	CultureMech:015520	Dv base Y medium	2	only 2 ingredient(s); no ingredient is grounded; no media_term (untraceable to a source catalogue); no pH and no temperature
50	specialized/filteredgw_cell_lysate_1_250.yaml	CultureMech:015524	FilteredGW Cell lysate 1/250	2	only 2 ingredient(s); no ingredient is grounded; no media_term (untraceable to a source catalogue); no pH and no temperature
50	specialized/filteredgw_cell_lysate_1_2500.yaml	CultureMech:015525	FilteredGW Cell lysate 1/2500	2	only 2 ingredient(s); no ingredient is grounded; no media_term (untraceable to a source catalogue); no pH and no temperature
50	specialized/filteredgw_noc.yaml	CultureMech:015526	FilteredGW noC	1	only 1 ingredient(s); no ingredient is grounded; no media_term (untraceable to a source catalogue); no pH and no temperature
50	specialized/zmb_als_noglutamate.yaml	CultureMech:015804	ZMB ALS noGlutamate	2	only 2 ingredient(s); no ingredient is grounded; no media_term (untraceable to a source catalogue); no pH and no temperature
45	algae/Soil_Extract_Medium.yaml	CultureMech:000223	Soil Extract Medium	2	only 2 ingredient(s); no ingredient is grounded; no media_term (untraceable to a source catalogue)
45	algae/bg_11_0_36_nacl_medium.yaml	CultureMech:000026	BG-11 + 0.36% NaCl Medium	2	only 2 ingredient(s); no ingredient is grounded; no media_term (untraceable to a source catalogue)
45	algae/bg_11_1_nacl_medium.yaml	CultureMech:000027	BG-11 + 1% NaCl Medium	2	only 2 ingredient(s); no ingredient is grounded; no media_term (untraceable to a source catalogue)
45	algae/n75s.yaml	CultureMech:000097	N75S	1	only 1 ingredient(s); no ingredient is grounded; no media_term (untraceable to a source catalogue)
45	algae/n75s_nsw.yaml	CultureMech:000098	N75S:NSW	1	only 1 ingredient(s); no ingredient is grounded; no media_term (untraceable to a source catalogue)
45	algae/ncl75s.yaml	CultureMech:000100	NCL75S	1	only 1 ingredient(s); no ingredient is grounded; no media_term (untraceable to a source catalogue)
45	algae/per.yaml	CultureMech:000111	PER	1	only 1 ingredient(s); no ingredient is grounded; no media_term (untraceable to a source catalogue)
45	algae/r75s.yaml	CultureMech:000118	R75S	1	only 1 ingredient(s); no ingredient is grounded; no media_term (untraceable to a source catalogue)
45	algae/r75s_nsw.yaml	CultureMech:000119	R75S:NSW	1	only 1 ingredient(s); no ingredient is grounded; no media_term (untraceable to a source catalogue)
45	algae/ses_mp.yaml	CultureMech:000132	SES:MP	1	only 1 ingredient(s); no ingredient is grounded; no media_term (untraceable to a source catalogue)
45	bacterial/for_dsm_2805.yaml	CultureMech:004855	For DSM 2805	0	no ingredients; name 'For DSM 2805' identifies a strain, not a medium; no pH and no temperature
45	bacterial/for_dsm_3246.yaml	CultureMech:005056	For DSM 3246	0	no ingredients; name 'For DSM 3246' identifies a strain, not a medium; no pH and no temperature
45	bacterial/for_dsm_3247.yaml	CultureMech:005055	For DSM 3247	0	no ingredients; name 'For DSM 3247' identifies a strain, not a medium; no pH and no temperature
40	archaea/JCM_J1427_MODIFIED_METHANOBACTERIUM_MEDIUM.yaml	CultureMech:015863	MODIFIED METHANOBACTERIUM MEDIUM	19	placeholder ingredient text; only 9/19 ingredients grounded; no pH and no temperature
40	archaea/TOGO_M713_Aerobic_Sulfolobales_Medium_Without_Sulfur.yaml	CultureMech:010120	Aerobic Sulfolobales Medium Without Sulfur	1	only 1 ingredient(s); no ingredient is grounded; no pH and no temperature
40	bacterial/10_wt_wt_skim_milk_supplemented_with_1_mm_sodium_formate.yaml	CultureMech:009451	10% (wt/wt) skim milk supplemented with 1 mM sodium formate	2	only 2 ingredient(s); no ingredient is grounded; no pH and no temperature
40	bacterial/1_10_r2a_broth.yaml	CultureMech:003150	1/10 R2A BROTH	1	only 1 ingredient(s); no ingredient is grounded; no pH and no temperature
40	bacterial/2x_yeast_extract_tryptone_2xyt.yaml	CultureMech:009454	2x Yeast Extract Tryptone (2xYT)	1	only 1 ingredient(s); no ingredient is grounded; no pH and no temperature
40	bacterial/JCM_J1333_DESULFURIVIBRIO_AMeS2_MEDIUM.yaml	CultureMech:015831	DESULFURIVIBRIO AMeS2 MEDIUM	11	placeholder ingredient text; only 5/11 ingredients grounded; no pH and no temperature
40	bacterial/JCM_J1399_ARTIFICIAL_BRACKISH_WATER_MEDIUM_2.yaml	CultureMech:015853	ARTIFICIAL BRACKISH WATER MEDIUM 2	18	placeholder ingredient text; only 7/18 ingredients grounded; no pH and no temperature
40	bacterial/JCM_J1445_PMX_108_MEDIUM.yaml	CultureMech:015869	PMX.108 MEDIUM	19	placeholder ingredient text; only 7/19 ingredients grounded; no pH and no temperature
40	bacterial/KOMODO_439_CASMAN-MEDIUM.yaml	CultureMech:005287	CASMAN-MEDIUM	2	only 2 ingredient(s); no ingredient is grounded; no pH and no temperature
40	bacterial/KOMODO_646_RABBIT_BLOOD_AGAR.yaml	CultureMech:006192	RABBIT BLOOD AGAR	2	only 2 ingredient(s); no ingredient is grounded; no pH and no temperature
40	bacterial/KOMODO_672_HALF_STRENGTH_NUTRIENT_BROTH_OR_AGAR.yaml	CultureMech:006268	HALF STRENGTH NUTRIENT BROTH OR AGAR	1	only 1 ingredient(s); no ingredient is grounded; no pH and no temperature
40	bacterial/TOGO_M109_R_Agar_With_Catalase.yaml	CultureMech:007617	R Agar With Catalase	1	only 1 ingredient(s); no ingredient is grounded; no pH and no temperature
40	bacterial/TOGO_M1125_DB_Characterization_Medium_NO.2_With_1_Sea_Salts.yaml	CultureMech:007646	DB Characterization Medium NO.2 With 1% Sea Salts	1	only 1 ingredient(s); no ingredient is grounded; no pH and no temperature
40	bacterial/TOGO_M211_Columbia_Blood_Agar_With_10_Horse_Blood.yaml	CultureMech:008712	Columbia Blood Agar With 10% Horse Blood	2	only 2 ingredient(s); no ingredient is grounded; no pH and no temperature
40	bacterial/TOGO_M2362_Columbia_Blood_Agar.yaml	CultureMech:008948	Columbia Blood Agar	2	only 2 ingredient(s); no ingredient is grounded; no pH and no temperature
40	bacterial/TOGO_M2418_Nutrient_Broth.yaml	CultureMech:009000	Nutrient Broth	2	only 2 ingredient(s); no ingredient is grounded; no pH and no temperature
40	bacterial/TOGO_M2425_Brain_Heart_Infusion_Agar.yaml	CultureMech:009008	Brain Heart Infusion Agar	2	only 2 ingredient(s); no ingredient is grounded; no pH and no temperature
40	bacterial/TOGO_M2481_Marine_Broth_2216.yaml	CultureMech:009055	Marine Broth 2216	2	only 2 ingredient(s); no ingredient is grounded; no pH and no temperature
40	bacterial/TOGO_M2489_MRS_broth.yaml	CultureMech:009062	MRS broth	1	only 1 ingredient(s); no ingredient is grounded; no pH and no temperature
40	bacterial/TOGO_M248_Columbia_Blood_Agar_With_5_Sheep_Blood.yaml	CultureMech:009063	Columbia Blood Agar With 5% Sheep Blood	2	only 2 ingredient(s); no ingredient is grounded; no pH and no temperature
40	bacterial/TOGO_M2494_MRS_broth.yaml	CultureMech:009068	MRS broth	1	only 1 ingredient(s); no ingredient is grounded; no pH and no temperature
40	bacterial/TOGO_M2495_Man-Rogosa-Sharpe_MRS_broth.yaml	CultureMech:009069	Man-Rogosa-Sharpe (MRS) broth	1	only 1 ingredient(s); no ingredient is grounded; no pH and no temperature
40	bacterial/TOGO_M2508_Columbia_agar_with_sheep_blood.yaml	CultureMech:009079	Columbia agar (with sheep blood)	2	only 2 ingredient(s); no ingredient is grounded; no pH and no temperature
40	bacterial/TOGO_M2582_Columbia_Blood_Medium.yaml	CultureMech:009150	Columbia Blood Medium	2	only 2 ingredient(s); no ingredient is grounded; no pH and no temperature
40	bacterial/TOGO_M276_Columbia_Blood_Agar_With_5_Horse_Blood.yaml	CultureMech:009317	Columbia Blood Agar With 5% Horse Blood	2	only 2 ingredient(s); no ingredient is grounded; no pH and no temperature
40	bacterial/TOGO_M2772_Serpulina_Murdochii_Medium.yaml	CultureMech:009320	Serpulina Murdochii Medium	1	only 1 ingredient(s); no ingredient is grounded; no pH and no temperature
40	bacterial/TOGO_M2807_TPGY_broth.yaml	CultureMech:009355	TPGY broth	1	only 1 ingredient(s); no ingredient is grounded; no pH and no temperature
40	bacterial/TOGO_M2977_chocolate_agar.yaml	CultureMech:009500	chocolate agar	1	only 1 ingredient(s); no ingredient is grounded; no pH and no temperature
40	bacterial/TOGO_M591_Columbia_Blood_Agar_With_5_Rabbit_Blood.yaml	CultureMech:009988	Columbia Blood Agar With 5% Rabbit Blood	2	only 2 ingredient(s); no ingredient is grounded; no pH and no temperature
40	bacterial/TOGO_M62_Blood_Agar.yaml	CultureMech:010030	Blood Agar	2	only 2 ingredient(s); no ingredient is grounded; no pH and no temperature
40	bacterial/TOGO_M636_Modified_Thermus_SV_Medium.yaml	CultureMech:010036	Modified Thermus SV Medium	1	only 1 ingredient(s); no ingredient is grounded; no pH and no temperature
40	bacterial/TOGO_M735_Lowenstein-Jensen_Medium.yaml	CultureMech:010144	Lowenstein-Jensen Medium	1	only 1 ingredient(s); no ingredient is grounded; no pH and no temperature
40	bacterial/TOGO_M868_R2A_Agar_With_Artificial_Seawater.yaml	CultureMech:010285	R2A Agar With Artificial Seawater	1	only 1 ingredient(s); no ingredient is grounded; no pH and no temperature
40	bacterial/TOGO_M870_Modified_Desulfovibrio_Medium.yaml	CultureMech:010288	Modified Desulfovibrio Medium	1	only 1 ingredient(s); no ingredient is grounded; no pH and no temperature
40	bacterial/TOGO_M955_Modified_SAP2_Medium.yaml	CultureMech:010379	Modified SAP2 Medium	2	only 2 ingredient(s); no ingredient is grounded; no pH and no temperature
40	bacterial/api_50_chb_e_medium.yaml	CultureMech:009376	API 50 CHB/E Medium	1	only 1 ingredient(s); no ingredient is grounded; no pH and no temperature
40	bacterial/astidious_anaerobe_agar.yaml	CultureMech:009091	Astidious Anaerobe Agar	2	only 2 ingredient(s); no ingredient is grounded; no pH and no temperature
40	bacterial/blood_agar_medium.yaml	CultureMech:008862	Blood agar medium	1	only 1 ingredient(s); no ingredient is grounded; no pH and no temperature
40	bacterial/bordet_gengou_agar_supplemented_with_15_defibrinated_horse_blood.yaml	CultureMech:009394	Bordet Gengou agar (supplemented with 15% defibrinated horse blood)	2	only 2 ingredient(s); no ingredient is grounded; no pH and no temperature
40	bacterial/bordet_gengou_agar_supplemented_with_15_sheep_s_blood.yaml	CultureMech:009393	Bordet-Gengou agar (supplemented with 15% sheep’s blood)	2	only 2 ingredient(s); no ingredient is grounded; no pH and no temperature
40	bacterial/brucella_albimi_broth.yaml	CultureMech:008874	Brucella albimi Broth	2	only 2 ingredient(s); no ingredient is grounded; no pH and no temperature
40	bacterial/casman_medium.yaml	CultureMech:001547	CASMAN-MEDIUM	2	only 2 ingredient(s); no ingredient is grounded; no pH and no temperature
40	bacterial/columbia_agar_supplemented_with_5_sheep_blood.yaml	CultureMech:009379	Columbia agar (supplemented with 5% sheep blood)	2	only 2 ingredient(s); no ingredient is grounded; no pH and no temperature
40	bacterial/columbia_agar_with_sheep_blood.yaml	CultureMech:008653	Columbia agar with sheep blood	1	only 1 ingredient(s); no ingredient is grounded; no pH and no temperature
40	bacterial/columbia_blood_agar_containing_10_bovine_blood.yaml	CultureMech:009496	Columbia blood agar (containing 10% bovine blood)	2	only 2 ingredient(s); no ingredient is grounded; no pH and no temperature
40	bacterial/de_man_rogosa_sharpe_broths_supplemented_with_0_05_l_cysteine_hcl.yaml	CultureMech:009351	de Man-Rogosa-Sharpe broths supplemented with 0.05% l-cysteine · HCl	2	only 2 ingredient(s); no ingredient is grounded; no pH and no temperature
40	bacterial/de_man_rogosa_sharpe_mrs_broth.yaml	CultureMech:009473	de Man–Rogosa–Sharpe (MRS) broth	1	only 1 ingredient(s); no ingredient is grounded; no pH and no temperature
40	bacterial/embryonated_antibiotic_free_and_pathogen_free_eggs.yaml	CultureMech:008861	Embryonated, antibiotic-free, and pathogen-free eggs	1	only 1 ingredient(s); no ingredient is grounded; no pH and no temperature
40	bacterial/fastidious_anaerobe_broth.yaml	CultureMech:000654	FASTIDIOUS ANAEROBE BROTH	1	only 1 ingredient(s); no ingredient is grounded; no pH and no temperature
40	bacterial/freshwater_sap2_medium.yaml	CultureMech:002201	FRESHWATER SAP2 MEDIUM	2	only 2 ingredient(s); no ingredient is grounded; no pH and no temperature
40	bacterial/gam_medium.yaml	CultureMech:003184	GAM MEDIUM	1	only 1 ingredient(s); no ingredient is grounded; no pH and no temperature
40	bacterial/half_strength_nutrient_broth_or_agar.yaml	CultureMech:001813	HALF STRENGTH NUTRIENT BROTH OR AGAR	1	only 1 ingredient(s); no ingredient is grounded; no pH and no temperature
40	bacterial/heart_infusion_agar.yaml	CultureMech:008802	Heart infusion agar	1	only 1 ingredient(s); no ingredient is grounded; no pH and no temperature
40	bacterial/heart_infusion_broth.yaml	CultureMech:008803	Heart infusion broth	1	only 1 ingredient(s); no ingredient is grounded; no pH and no temperature
40	bacterial/imk_asw.yaml	CultureMech:008569	IMK (ASW)	2	only 2 ingredient(s); no ingredient is grounded; no pH and no temperature
40	bacterial/imk_sw.yaml	CultureMech:008316	IMK (SW)	2	only 2 ingredient(s); no ingredient is grounded; no pH and no temperature
40	bacterial/inorganic_salts_starch_agar_isp_4_with_0_05_yeast_extract.yaml	CultureMech:008702	Inorganic Salts-Starch Agar (ISP-4) With 0.05% Yeast Extract	1	only 1 ingredient(s); no ingredient is grounded; no pH and no temperature
40	bacterial/lactobacilli_mrs_agar.yaml	CultureMech:009016	Lactobacilli MRS Agar	2	only 2 ingredient(s); no ingredient is grounded; no pH and no temperature
40	bacterial/lactobacilli_mrs_broth.yaml	CultureMech:009017	Lactobacilli MRS Broth	2	only 2 ingredient(s); no ingredient is grounded; no pH and no temperature
40	bacterial/m_tge_broth_medium.yaml	CultureMech:003139	m TGE BROTH MEDIUM	1	only 1 ingredient(s); no ingredient is grounded; no pH and no temperature
40	bacterial/m_tge_gp_medium.yaml	CultureMech:003197	m TGE-GP MEDIUM	1	only 1 ingredient(s); no ingredient is grounded; no pH and no temperature
40	bacterial/man_rogosa_sharpe_mrs.yaml	CultureMech:009475	Man-Rogosa-Sharpe (MRS)	1	only 1 ingredient(s); no ingredient is grounded; no pH and no temperature
40	bacterial/man_rogosa_sharpe_mrs_broth.yaml	CultureMech:009057	Man-Rogosa-Sharpe (MRS) broth	1	only 1 ingredient(s); no ingredient is grounded; no pH and no temperature
40	bacterial/man_rogosa_sharpe_mrs_broth_difco.yaml	CultureMech:009250	Man‐Rogosa‐Sharpe (MRS) broth (Difco)	1	only 1 ingredient(s); no ingredient is grounded; no pH and no temperature
40	bacterial/marine_broth_mb_2216.yaml	CultureMech:009390	Marine Broth  (MB) 2216	1	only 1 ingredient(s); no ingredient is grounded; no pH and no temperature
40	bacterial/mh_agar.yaml	CultureMech:009469	MH agar	2	only 2 ingredient(s); no ingredient is grounded; no pH and no temperature
40	bacterial/middlebrook_7h9_broth_difco.yaml	CultureMech:008989	Middlebrook 7H9 broth (Difco)	1	only 1 ingredient(s); no ingredient is grounded; no pH and no temperature
40	bacterial/minimum_essential_medium_mem.yaml	CultureMech:001122	Minimum Essential Medium (MEM)	1	only 1 ingredient(s); no ingredient is grounded; no pH and no temperature
40	bacterial/mrs_agar.yaml	CultureMech:009471	MRS agar	1	only 1 ingredient(s); no ingredient is grounded; no pH and no temperature
40	bacterial/mueller_hinton_mh_broth.yaml	CultureMech:009468	Mueller–Hinton (MH) broth	2	only 2 ingredient(s); no ingredient is grounded; no pH and no temperature
40	bacterial/mw.yaml	CultureMech:000369	MW	1	only 1 ingredient(s); no ingredient is grounded; no pH and no temperature
40	bacterial/n75s.yaml	CultureMech:000373	N75S	2	only 2 ingredient(s); no ingredient is grounded; no pH and no temperature
40	bacterial/n75s_nsw.yaml	CultureMech:000374	N75S:NSW	2	only 2 ingredient(s); no ingredient is grounded; no pH and no temperature
40	bacterial/nsw.yaml	CultureMech:000384	NSW	1	only 1 ingredient(s); no ingredient is grounded; no pH and no temperature
40	bacterial/nutrient_broth_merck.yaml	CultureMech:009448	Nutrient broth (Merck)	2	only 2 ingredient(s); no ingredient is grounded; no pH and no temperature
40	bacterial/oatmeal_agar_isp_3_with_0_1_yeast_extract.yaml	CultureMech:009825	Oatmeal Agar (ISP-3) With 0.1% Yeast Extract	1	only 1 ingredient(s); no ingredient is grounded; no pH and no temperature
40	bacterial/peptone_broth.yaml	CultureMech:000938	PEPTONE BROTH	1	only 1 ingredient(s); no ingredient is grounded; no pH and no temperature
40	bacterial/pplo_broth_with_bovine_serum.yaml	CultureMech:009049	PPLO broth with bovine serum	2	only 2 ingredient(s); no ingredient is grounded; no pH and no temperature
40	bacterial/ppy.yaml	CultureMech:000395	PPY	2	only 2 ingredient(s); no ingredient is grounded; no pH and no temperature
40	bacterial/r2a.yaml	CultureMech:009495	R2A	1	only 1 ingredient(s); no ingredient is grounded; no pH and no temperature
40	bacterial/r75s.yaml	CultureMech:000401	R75S	2	only 2 ingredient(s); no ingredient is grounded; no pH and no temperature
40	bacterial/r75s_nsw.yaml	CultureMech:000402	R75S:NSW	2	only 2 ingredient(s); no ingredient is grounded; no pH and no temperature
40	bacterial/rabbit_blood_agar.yaml	CultureMech:001784	RABBIT BLOOD AGAR	2	only 2 ingredient(s); no ingredient is grounded; no pH and no temperature
40	bacterial/reinforced_clostridial_medium_rcm.yaml	CultureMech:009353	Reinforced clostridial medium (RCM)	1	only 1 ingredient(s); no ingredient is grounded; no pH and no temperature
40	bacterial/robertson_cooked_meat_medium.yaml	CultureMech:009341	Robertson cooked meat medium	1	only 1 ingredient(s); no ingredient is grounded; no pH and no temperature
40	bacterial/rpmi_medium_supplemented_with_2_fetal_bovine_serum.yaml	CultureMech:009482	RPMI medium (supplemented with 2% fetal bovine serum)	2	only 2 ingredient(s); no ingredient is grounded; no pH and no temperature
40	bacterial/se1.yaml	CultureMech:000405	SE1	1	only 1 ingredient(s); no ingredient is grounded; no pH and no temperature
40	bacterial/se2.yaml	CultureMech:000406	SE2	1	only 1 ingredient(s); no ingredient is grounded; no pH and no temperature
40	bacterial/seawater_medium_with_0_5_tryptone.yaml	CultureMech:008902	seawater medium (with 0.5% tryptone)	2	only 2 ingredient(s); no ingredient is grounded; no pH and no temperature
40	bacterial/skirrows_selective_medium.yaml	CultureMech:009467	Skirrow's selective medium	2	only 2 ingredient(s); no ingredient is grounded; no pH and no temperature
40	bacterial/sterile_human_urine.yaml	CultureMech:009456	Sterile human urine	1	only 1 ingredient(s); no ingredient is grounded; no pH and no temperature
40	bacterial/todd_hewitt_broth_containing_0_2_yeast_extract_thby.yaml	CultureMech:009340	Todd-Hewitt broth containing 0.2% yeast extract (THBY)	2	only 2 ingredient(s); no ingredient is grounded; no pH and no temperature
40	bacterial/trypticase_soy_yeast_tsy_broth.yaml	CultureMech:008997	trypticase soy yeast (TSY) broth	1	only 1 ingredient(s); no ingredient is grounded; no pH and no temperature
40	bacterial/tryptone_yeast_extract_salt_tyes_broth.yaml	CultureMech:009367	tryptone yeast extract salt (TYES) broth	1	only 1 ingredient(s); no ingredient is grounded; no pH and no temperature
40	bacterial/tryptose_blood_agar_base.yaml	CultureMech:009084	Tryptose blood agar base	1	only 1 ingredient(s); no ingredient is grounded; no pH and no temperature
40	bacterial/vibrio_seawater_medium.yaml	CultureMech:002399	VIBRIO SEAWATER MEDIUM	1	only 1 ingredient(s); no ingredient is grounded; no pH and no temperature
40	bacterial/ye_pept.yaml	CultureMech:009404	YE ⁄ Pept	2	only 2 ingredient(s); no ingredient is grounded; no pH and no temperature
40	bacterial/yel.yaml	CultureMech:000314	YEL	2	only 2 ingredient(s); no ingredient is grounded; no pH and no temperature
40	bacterial/yem_broth.yaml	CultureMech:009435	YEM broth	1	only 1 ingredient(s); no ingredient is grounded; no pH and no temperature
40	specialized/gam_broth_gifu_anaerobic_medium_broth.yaml	CultureMech:015347	GAM Broth (Gifu Anaerobic Medium Broth)	1	only 1 ingredient(s); no ingredient is grounded; no pH and no temperature
40	specialized/gam_broth_mod_gifu_anaerobic_medium_broth_modified.yaml	CultureMech:015348	GAM Broth, mod. (Gifu Anaerobic Medium Broth, modified)	1	only 1 ingredient(s); no ingredient is grounded; no pH and no temperature
40	specialized/quarter_strength_marine_broth_2216.yaml	CultureMech:015375	QUARTER STRENGTH MARINE BROTH 2216	1	only 1 ingredient(s); no ingredient is grounded; no pH and no temperature
35	algae/1_1_dyiii_pea_gr_medium.yaml	CultureMech:000001	1:1 DYIII/PEA + Gr+ Medium	4	no ingredient is grounded; no media_term (untraceable to a source catalogue); no notes/provenance
35	algae/1_2_CHEV_Diatom_Medium.yaml	CultureMech:000002	1/2 CHEV Diatom Medium	4	no ingredient is grounded; no media_term (untraceable to a source catalogue); no notes/provenance
35	algae/1_2_soil_seawater_medium.yaml	CultureMech:000005	1/2 Soil + Seawater Medium	4	no ingredient is grounded; no media_term (untraceable to a source catalogue); no notes/provenance
35	algae/1_3_CHEV_Diatom_Medium.yaml	CultureMech:000006	1/3 CHEV Diatom Medium	4	no ingredient is grounded; no media_term (untraceable to a source catalogue); no notes/provenance
35	algae/1_3_soil_seawater_medium.yaml	CultureMech:000007	1/3 Soil + Seawater Medium	4	no ingredient is grounded; no media_term (untraceable to a source catalogue); no notes/provenance
35	algae/1_4_soil_seawater_medium.yaml	CultureMech:000009	1/4 Soil + Seawater Medium	4	no ingredient is grounded; no media_term (untraceable to a source catalogue); no notes/provenance
35	algae/1_5_CHEV_Diatom_Medium.yaml	CultureMech:000010	1/5 CHEV Diatom Medium	4	no ingredient is grounded; no media_term (untraceable to a source catalogue); no notes/provenance
35	algae/1_5_soil_seawater_medium.yaml	CultureMech:000011	1/5 Soil + Seawater Medium	4	no ingredient is grounded; no media_term (untraceable to a source catalogue); no notes/provenance
35	algae/1_F_2_Medium.yaml	CultureMech:000012	1% F/2 Medium	9	no ingredient is grounded; no media_term (untraceable to a source catalogue); no notes/provenance
35	algae/2X_CHEV_Diatom_Medium.yaml	CultureMech:000014	2X CHEV Diatom Medium	4	no ingredient is grounded; no media_term (untraceable to a source catalogue); no notes/provenance
35	algae/2_3_CHEV_Diatom_Medium.yaml	CultureMech:000017	2/3 CHEV Diatom Medium	4	no ingredient is grounded; no media_term (untraceable to a source catalogue); no notes/provenance
35	algae/2x_erdschreibers_medium.yaml	CultureMech:000015	2X Erdschreiber's Medium	6	no ingredient is grounded; no media_term (untraceable to a source catalogue); no notes/provenance
35	algae/2x_soil_seawater_medium.yaml	CultureMech:000016	2X Soil + Seawater Medium	3	no ingredient is grounded; no media_term (untraceable to a source catalogue); no notes/provenance
35	algae/5_F_2_Medium.yaml	CultureMech:000020	5% F/2 Medium	9	no ingredient is grounded; no media_term (untraceable to a source catalogue); no notes/provenance
35	algae/8_ppt_F_2_Medium.yaml	CultureMech:000021	8 ppt F/2 Medium	7	no ingredient is grounded; no media_term (untraceable to a source catalogue); no notes/provenance
35	algae/Ag_Diatom_Medium.yaml	CultureMech:000023	Ag Diatom Medium	3	no ingredient is grounded; no media_term (untraceable to a source catalogue); no notes/provenance
35	algae/Allen_Medium.yaml	CultureMech:000024	Allen Medium	9	no ingredient is grounded; no media_term (untraceable to a source catalogue); no notes/provenance
35	algae/Artificial_Seawater_Medium.yaml	CultureMech:000025	Artificial Seawater Medium	11	no ingredient is grounded; no media_term (untraceable to a source catalogue); no notes/provenance
35	algae/Bold_1NV_Medium.yaml	CultureMech:000032	Bold 1NV Medium	10	no ingredient is grounded; no media_term (untraceable to a source catalogue); no notes/provenance
35	algae/Bold_3N_Medium.yaml	CultureMech:000033	Bold 3N Medium	9	no ingredient is grounded; no media_term (untraceable to a source catalogue); no notes/provenance
35	algae/Bold_Basal_Medium.yaml	CultureMech:000034	Bold Basal Medium	10	no ingredient is grounded; no media_term (untraceable to a source catalogue); no notes/provenance
35	algae/Bristol_Medium.yaml	CultureMech:000037	Bristol Medium	6	no ingredient is grounded; no media_term (untraceable to a source catalogue); no notes/provenance
35	algae/CHEV_Diatom_Medium.yaml	CultureMech:000151	CHEV Diatom Medium	4	no ingredient is grounded; no media_term (untraceable to a source catalogue); no notes/provenance
35	algae/CR1+_Diatom_Medium.yaml	CultureMech:000152	CR1+ Diatom Medium	3	no ingredient is grounded; no media_term (untraceable to a source catalogue); no notes/provenance
35	algae/CR1_Diatom_Medium.yaml	CultureMech:000154	CR1 Diatom Medium	3	no ingredient is grounded; no media_term (untraceable to a source catalogue); no notes/provenance
35	algae/Combo_Diatom_Medium.yaml	CultureMech:000156	Combo Diatom Medium	3	no ingredient is grounded; no media_term (untraceable to a source catalogue); no notes/provenance
35	algae/Cyanidium_Medium.yaml	CultureMech:000157	Cyanidium Medium	4	no ingredient is grounded; no media_term (untraceable to a source catalogue); no notes/provenance
35	algae/Cyanophycean_Medium.yaml	CultureMech:000158	Cyanophycean Medium	4	no ingredient is grounded; no media_term (untraceable to a source catalogue); no notes/provenance
35	algae/DYIII_Medium.yaml	CultureMech:000159	DYIII Medium	12	no ingredient is grounded; no media_term (untraceable to a source catalogue); no notes/provenance
35	algae/DYV_Medium.yaml	CultureMech:000160	DYV Medium	13	no ingredient is grounded; no media_term (untraceable to a source catalogue); no notes/provenance
35	algae/Dasycladales_Seawater_Medium.yaml	CultureMech:000161	Dasycladales Seawater Medium	5	no ingredient is grounded; no media_term (untraceable to a source catalogue); no notes/provenance
35	algae/Desmid_Medium.yaml	CultureMech:000162	Desmid Medium	4	no ingredient is grounded; no media_term (untraceable to a source catalogue); no notes/provenance
35	algae/Euglena_Medium.yaml	CultureMech:000168	Euglena Medium	5	no ingredient is grounded; no media_term (untraceable to a source catalogue); no notes/provenance
35	algae/F_2_Medium.yaml	CultureMech:000170	F/2 Medium	7	no ingredient is grounded; no media_term (untraceable to a source catalogue); no notes/provenance
35	algae/HEPES_Medium.yaml	CultureMech:000171	HEPES Medium	8	no ingredient is grounded; no media_term (untraceable to a source catalogue); no notes/provenance
35	algae/J_Medium.yaml	CultureMech:000172	J Medium	4	no ingredient is grounded; no media_term (untraceable to a source catalogue); no notes/provenance
35	algae/LDM_Medium.yaml	CultureMech:000173	LDM Medium	11	no ingredient is grounded; no media_term (untraceable to a source catalogue); no notes/provenance
35	algae/Modified_Artificial_Seawater_Medium.yaml	CultureMech:000178	Modified Artificial Seawater Medium	13	no ingredient is grounded; no media_term (untraceable to a source catalogue); no notes/provenance
35	algae/Modified_Bolds_3N_Medium.yaml	CultureMech:000179	Modified Bolds 3N Medium	11	no ingredient is grounded; no media_term (untraceable to a source catalogue); no notes/provenance
35	algae/Modified_CHEV_Medium.yaml	CultureMech:000180	Modified CHEV Medium	4	no ingredient is grounded; no media_term (untraceable to a source catalogue); no notes/provenance
35	algae/Modified_COMBO_Medium.yaml	CultureMech:000181	Modified COMBO Medium	12	no ingredient is grounded; no media_term (untraceable to a source catalogue); no notes/provenance
35	algae/Modified_Desmidiacean_Medium.yaml	CultureMech:000182	Modified Desmidiacean Medium	8	no ingredient is grounded; no media_term (untraceable to a source catalogue); no notes/provenance
35	algae/N_20_Medium.yaml	CultureMech:000183	N/20 Medium	11	no ingredient is grounded; no media_term (untraceable to a source catalogue); no notes/provenance
35	algae/Ochromonas_Medium.yaml	CultureMech:000184	Ochromonas Medium	4	no ingredient is grounded; no media_term (untraceable to a source catalogue); no notes/provenance
35	algae/P49_Medium.yaml	CultureMech:000185	P49 Medium	12	no ingredient is grounded; no media_term (untraceable to a source catalogue); no notes/provenance
35	algae/Polytomella_Medium.yaml	CultureMech:000186	Polytomella Medium	3	no ingredient is grounded; no media_term (untraceable to a source catalogue); no notes/provenance
35	algae/Porphryridium_Medium.yaml	CultureMech:000187	Porphryridium Medium	4	no ingredient is grounded; no media_term (untraceable to a source catalogue); no notes/provenance
35	algae/Snow_Algae_Medium.yaml	CultureMech:000220	Snow Algae Medium	10	no ingredient is grounded; no media_term (untraceable to a source catalogue); no notes/provenance
35	algae/Soilwater_BAR_Medium.yaml	CultureMech:000224	Soilwater: BAR Medium	4	no ingredient is grounded; no media_term (untraceable to a source catalogue); no notes/provenance
35	algae/Soilwater_PEA_Medium.yaml	CultureMech:000229	Soilwater: PEA Medium	4	no ingredient is grounded; no media_term (untraceable to a source catalogue); no notes/provenance
35	algae/Soilwater_Peat_Medium.yaml	CultureMech:000230	Soilwater: Peat Medium	3	no ingredient is grounded; no media_term (untraceable to a source catalogue); no notes/provenance
35	algae/TAP_Medium.yaml	CultureMech:000233	TAP Medium	4	no ingredient is grounded; no media_term (untraceable to a source catalogue); no notes/provenance
35	algae/Trebouxia_Medium.yaml	CultureMech:000234	Trebouxia Medium	4	no ingredient is grounded; no media_term (untraceable to a source catalogue); no notes/provenance
35	algae/Volvox_Medium.yaml	CultureMech:000238	Volvox Medium	8	no ingredient is grounded; no media_term (untraceable to a source catalogue); no notes/provenance
35	algae/WC+_Medium.yaml	CultureMech:000239	WC+ Medium	12	no ingredient is grounded; no media_term (untraceable to a source catalogue); no notes/provenance
35	algae/WC_Medium.yaml	CultureMech:000240	WC Medium	11	no ingredient is grounded; no media_term (untraceable to a source catalogue); no notes/provenance
35	algae/Waris_Medium.yaml	CultureMech:000242	Waris Medium	5	no ingredient is grounded; no media_term (untraceable to a source catalogue); no notes/provenance
35	algae/cr1_s_diatom_medium.yaml	CultureMech:000153	CR1-S Diatom Medium	3	no ingredient is grounded; no media_term (untraceable to a source catalogue); no notes/provenance
35	algae/erdschreibers_medium.yaml	CultureMech:000167	Erdschreiber's Medium	6	no ingredient is grounded; no media_term (untraceable to a source catalogue); no notes/provenance
35	algae/mes_volvox_medium.yaml	CultureMech:000174	MES-Volvox Medium	9	no ingredient is grounded; no media_term (untraceable to a source catalogue); no notes/provenance
35	algae/modified_2x_chev_soil_medium.yaml	CultureMech:000176	Modified 2X CHEV + Soil Medium	4	no ingredient is grounded; no media_term (untraceable to a source catalogue); no notes/provenance
35	algae/soilwater_gr_medium.yaml	CultureMech:000225	Soilwater: GR+ Medium	3	no ingredient is grounded; no media_term (untraceable to a source catalogue); no notes/provenance
35	algae/volvocacean_3n_medium.yaml	CultureMech:000235	Volvocacean-3N Medium	6	no ingredient is grounded; no media_term (untraceable to a source catalogue); no notes/provenance
35	algae/volvox_dextrose_medium.yaml	CultureMech:000237	Volvox-Dextrose Medium	4	no ingredient is grounded; no media_term (untraceable to a source catalogue); no notes/provenance
35	archaea/JCM_J1334_NATRONOARCHAEA_MEDIUM_II.yaml	CultureMech:015832	NATRONOARCHAEA MEDIUM II	13	placeholder ingredient text; only 5/13 ingredients grounded
35	archaea/JCM_J1423_METHANOBREVIBACTER_CURVATUS_MEDIUM.yaml	CultureMech:015860	METHANOBREVIBACTER CURVATUS MEDIUM	20	placeholder ingredient text; only 9/20 ingredients grounded
35	archaea/JCM_J1424_METHANOBREVIBACTER_CUTICULARIS_MEDIUM.yaml	CultureMech:015861	METHANOBREVIBACTER CUTICULARIS MEDIUM	19	placeholder ingredient text; only 9/19 ingredients grounded
35	archaea/TOGO_M1151_Halalkaliarchaeum_Medium.yaml	CultureMech:007675	Halalkaliarchaeum Medium	0	no ingredients; no pH and no temperature
35	archaea/TOGO_M1212_Halobacteria_Medium_pH_8.0.yaml	CultureMech:007740	Halobacteria Medium (pH 8.0)	0	no ingredients; no pH and no temperature
35	archaea/TOGO_M583_Thermoproteus_Medium_B.yaml	CultureMech:009979	Thermoproteus Medium (B)	0	no ingredients; no pH and no temperature
35	archaea/TOGO_M643_Thermoproteus_Medium_C.yaml	CultureMech:010044	Thermoproteus Medium (C)	0	no ingredients; no pH and no temperature
35	archaea/metallosphaera_medium.yaml	CultureMech:005608	METALLOSPHAERA medium	0	no ingredients; no pH and no temperature
35	archaea/methanocorpusculum_medium.yaml	CultureMech:004706	METHANOCORPUSCULUM medium	0	no ingredients; no pH and no temperature
35	archaea/methanogenium_sp_medium.yaml	CultureMech:005910	METHANOGENIUM SP. medium	0	no ingredients; no pH and no temperature
35	archaea/methanosarcina_thermophilic_medium.yaml	CultureMech:004191	METHANOSARCINA (thermophilic) medium	0	no ingredients; no pH and no temperature
35	archaea/methanosarcina_thermophilic_medium_replace_rumen_fluid_clarified_with_sludge_fluid_medium_119.yaml	CultureMech:004190	METHANOSARCINA (thermophilic) medium_replace_Rumen fluid, clarified_with_Sludge fluid (medium 119)	0	no ingredients; no pH and no temperature
35	bacterial/100x_vitamin_solution_medium_1398.yaml	CultureMech:004994	100x Vitamin solution (medium 1398)	0	no ingredients; no pH and no temperature
35	bacterial/4_times_concentrated_sea_water_medium_821.yaml	CultureMech:004993	4 times concentrated sea water (medium 821)	0	no ingredients; no pH and no temperature
35	bacterial/50_x_pye.yaml	CultureMech:006514	50 x PYE	0	no ingredients; no pH and no temperature
35	bacterial/50x_heterotrophic_basal_salts_solution_medium_1190.yaml	CultureMech:004779	50x Heterotrophic basal salts solution (medium 1190)	0	no ingredients; no pH and no temperature
35	bacterial/JCM_J1351_PELOSINUS_BKL1_MEDIUM.yaml	CultureMech:015835	PELOSINUS BKL1 MEDIUM	13	placeholder ingredient text; only 6/13 ingredients grounded
35	bacterial/JCM_J1359_MINERAL_CARBONATE_MEDIUM_WITH_CASEIN_PEPTONE.yaml	CultureMech:015839	MINERAL CARBONATE MEDIUM WITH CASEIN PEPTONE	11	placeholder ingredient text; only 4/11 ingredients grounded
35	bacterial/JCM_J1392_ATRIBACTEROTA_M15_MEDIUM.yaml	CultureMech:015850	ATRIBACTEROTA M15 MEDIUM	15	placeholder ingredient text; only 7/15 ingredients grounded
35	bacterial/JCM_J1404_MINERAL_CARBONATE_MEDIUM_WITH_CELLOBIOSE.yaml	CultureMech:015854	MINERAL CARBONATE MEDIUM WITH CELLOBIOSE	10	placeholder ingredient text; only 4/10 ingredients grounded
35	bacterial/JCM_J1405_THIOHALORHABDUS_METHYLOTROPHUS_MEDIUM.yaml	CultureMech:015855	THIOHALORHABDUS METHYLOTROPHUS MEDIUM	10	placeholder ingredient text; only 4/10 ingredients grounded
35	bacterial/JCM_J1429_M1H_NAG_ASW.yaml	CultureMech:015864	M1H NAG ASW	11	placeholder ingredient text; only 5/11 ingredients grounded
35	bacterial/JCM_J1444_DESULFOSPOROSINUS_SB140_MEDIUM.yaml	CultureMech:015868	DESULFOSPOROSINUS SB140 MEDIUM	15	placeholder ingredient text; only 6/15 ingredients grounded
35	bacterial/JCM_J1468_FRESHWATER_R2A_MEDIUM.yaml	CultureMech:015874	FRESHWATER R2A MEDIUM	19	placeholder ingredient text; only 7/19 ingredients grounded
35	bacterial/KOMODO_272_DESULFOVIBRIO_medium_choline.yaml	CultureMech:004700	DESULFOVIBRIO medium (choline)	0	no ingredients; no pH and no temperature
35	bacterial/KOMODO_3018_H3P-Vitamin_solution_medium_428.yaml	CultureMech:004797	H3P-Vitamin solution (medium 428)	0	no ingredients; no pH and no temperature
35	bacterial/KOMODO_3071_Trace_element_solution_medium_155.yaml	CultureMech:004857	Trace element solution (medium 155)	0	no ingredients; no pH and no temperature
35	bacterial/KOMODO_3077_Trace_element_solution_medium_84.yaml	CultureMech:004863	Trace element solution (medium 84)	0	no ingredients; no pH and no temperature
35	bacterial/KOMODO_3087_Trace_element_solution_SL-8.yaml	CultureMech:004873	Trace element solution SL-8	0	no ingredients; no pH and no temperature
35	bacterial/KOMODO_7001_Trace_elements_medium_596.yaml	CultureMech:006327	Trace elements (medium 596)	0	no ingredients; no pH and no temperature
35	bacterial/TOGO_M103_MRS_Medium_pH_5.5.yaml	CultureMech:007555	MRS Medium (pH 5.5)	0	no ingredients; no pH and no temperature
35	bacterial/TOGO_M1059_Acidic_HB-1_Medium.yaml	CultureMech:007575	Acidic HB-1 Medium	0	no ingredients; no pH and no temperature
35	bacterial/TOGO_M1159_R_Agar_pH_9.0.yaml	CultureMech:007682	R Agar (pH 9.0)	0	no ingredients; no pH and no temperature
35	bacterial/TOGO_M118_Methanol-Utilizing_Bacteria_Medium_D.yaml	CultureMech:007715	Methanol-Utilizing Bacteria Medium D	0	no ingredients; no pH and no temperature
35	bacterial/TOGO_M1221_Longimonas_Haloalkaliphila_Medium.yaml	CultureMech:007749	Longimonas Haloalkaliphila Medium	0	no ingredients; no pH and no temperature
35	bacterial/TOGO_M1326_CM_YE_Medium_pH_9.yaml	CultureMech:007861	CM+YE Medium (pH 9)	0	no ingredients; no pH and no temperature
35	bacterial/TOGO_M1372_Modified_Reinforced_Clostridial_Medium_AT_pH_8.0.yaml	CultureMech:007911	Modified Reinforced Clostridial Medium AT pH 8.0	0	no ingredients; no pH and no temperature
35	bacterial/TOGO_M212_CYC_Agar_pH_8.0.yaml	CultureMech:008723	CYC Agar (pH 8.0)	0	no ingredients; no pH and no temperature
35	bacterial/TOGO_M331_PE_Medium_pH_6.8.yaml	CultureMech:009709	PE Medium (pH 6.8)	0	no ingredients; no pH and no temperature
35	bacterial/TOGO_M332_PE_Medium_pH_7.2.yaml	CultureMech:009710	PE Medium (pH 7.2)	0	no ingredients; no pH and no temperature
35	bacterial/TOGO_M394_Acidic_Oatmeal_Agar_pH_5.0.yaml	CultureMech:009776	Acidic Oatmeal Agar (pH 5.0)	0	no ingredients; no pH and no temperature
35	bacterial/TOGO_M403_Modified_HNW_Medium.yaml	CultureMech:009787	Modified HNW Medium	0	no ingredients; no pH and no temperature
35	bacterial/TOGO_M422_Acidic_Glycerol-Asparagine_Agar_pH_5.0.yaml	CultureMech:009808	Acidic Glycerol-Asparagine Agar (pH 5.0)	0	no ingredients; no pH and no temperature
35	bacterial/TOGO_M523_Xylanobacter_Medium.yaml	CultureMech:009915	Xylanobacter Medium	0	no ingredients; no pH and no temperature
35	bacterial/TOGO_M566_Lamprobacter_Roseus_Medium.yaml	CultureMech:009961	Lamprobacter Roseus Medium	0	no ingredients; no pH and no temperature
35	bacterial/TOGO_M574_Allochromatium_Renukaii_Medium.yaml	CultureMech:009970	Allochromatium Renukaii Medium	0	no ingredients; no pH and no temperature
35	bacterial/TOGO_M637_Modified_Thermus_SV_Medium.yaml	CultureMech:010037	Modified Thermus SV Medium	0	no ingredients; no pH and no temperature
35	bacterial/TOGO_M709_Oatmeal_Agar_pH_6.0.yaml	CultureMech:010116	Oatmeal Agar (pH 6.0)	0	no ingredients; no pH and no temperature
35	bacterial/TOGO_M73_Alkaline_Yeast_Extract-Malt_Extract_Agar.yaml	CultureMech:010146	Alkaline Yeast Extract-Malt Extract Agar	0	no ingredients; no pH and no temperature
35	bacterial/TOGO_M804_Mineral_Medium_For_Thiomonas_Islandicum.yaml	CultureMech:010216	Mineral Medium For Thiomonas Islandicum	0	no ingredients; no pH and no temperature
35	bacterial/TOGO_M851_Diluted_ASM_Medium.yaml	CultureMech:010267	Diluted ASM Medium	0	no ingredients; no pH and no temperature
35	bacterial/TOGO_M996_Gauze_s_Synthetic_Medium_NO._1_pH_5.3.yaml	CultureMech:010424	Gauze's Synthetic Medium NO. 1 (pH 5.3)	0	no ingredients; no pH and no temperature
35	bacterial/acetobacterium_2_medium.yaml	CultureMech:005062	ACETOBACTERIUM 2 medium	0	no ingredients; no pH and no temperature
35	bacterial/acetobacterium_carbinolicum_medium.yaml	CultureMech:004988	ACETOBACTERIUM CARBINOLICUM medium	0	no ingredients; no pH and no temperature
35	bacterial/acetobacterium_sp_komac1_medium.yaml	CultureMech:005592	ACETOBACTERIUM SP. KoMAc1 medium	0	no ingredients; no pH and no temperature
35	bacterial/acetonema_medium.yaml	CultureMech:005871	ACETONEMA medium	0	no ingredients; no pH and no temperature
35	bacterial/acidic_yeast_extract_malt_extract_agar_ph_5_0.yaml	CultureMech:009798	Acidic Yeast Extract-Malt Extract Agar (pH 5.0)	0	no ingredients; no pH and no temperature
35	bacterial/acidic_yeast_starch_agar_ph_5_0.yaml	CultureMech:010249	Acidic Yeast-Starch Agar (pH 5.0)	0	no ingredients; no pH and no temperature
35	bacterial/amino_acid_solution_medium_78.yaml	CultureMech:004780	Amino acid solution (medium 78)	0	no ingredients; no pH and no temperature
35	bacterial/anaerobic_acetoin_medium.yaml	CultureMech:005020	ANAEROBIC ACETOIN medium	0	no ingredients; no pH and no temperature
35	bacterial/artificial_sea_water_3_times_concentrated_medium_1137.yaml	CultureMech:004785	Artificial sea water, 3 times concentrated (medium 1137)	0	no ingredients; no pH and no temperature
35	bacterial/artificial_sea_water_3_times_concentrated_medium_590.yaml	CultureMech:004389	Artificial sea water, 3 times concentrated (medium 590)	0	no ingredients; no pH and no temperature
35	bacterial/artificial_sea_water_from_a_marine_aquarium_salts_mixture.yaml	CultureMech:005655	Artificial sea water from a marine aquarium salts mixture	0	no ingredients; no pH and no temperature
35	bacterial/artificial_sea_water_medium_1075.yaml	CultureMech:004783	Artificial sea water (medium 1075)	0	no ingredients; no pH and no temperature
35	bacterial/artificial_sea_water_medium_246.yaml	CultureMech:004996	Artificial sea water (medium 246)	0	no ingredients; no pH and no temperature
35	bacterial/artificial_sea_water_medium_343.yaml	CultureMech:004782	Artificial sea water (medium 343)	0	no ingredients; no pH and no temperature
35	bacterial/artificial_sea_water_medium_405.yaml	CultureMech:004784	Artificial sea water (medium 405)	0	no ingredients; no pH and no temperature
35	bacterial/artificial_sea_water_medium_600.yaml	CultureMech:004395	Artificial sea water (medium 600)	0	no ingredients; no pH and no temperature
35	bacterial/artificial_sea_water_medium_600a.yaml	CultureMech:004995	Artificial sea water (medium 600a)	0	no ingredients; no pH and no temperature
35	bacterial/artificial_sea_water_medium_607.yaml	CultureMech:004781	Artificial sea water (medium 607)	0	no ingredients; no pH and no temperature
35	bacterial/artificial_seawater_medium_1326.yaml	CultureMech:004787	Artificial seawater (medium 1326)	0	no ingredients; no pH and no temperature
35	bacterial/bacto_middelbrook_oadc_enrichment_medium_911.yaml	CultureMech:004791	Bacto Middelbrook OADC enrichment (medium 911)	0	no ingredients; no pH and no temperature
35	bacterial/basal_salts_solution_medium_791.yaml	CultureMech:004792	Basal salts solution (medium 791)	0	no ingredients; no pH and no temperature
35	bacterial/bbl_actinomyces_broth_medium_1029.yaml	CultureMech:004983	BBL Actinomyces broth (medium 1029)	0	no ingredients; no pH and no temperature
35	bacterial/bordet_gengou_agar_base.yaml	CultureMech:005645	Bordet-Gengou-Agar-Base	0	no ingredients; no pH and no temperature
35	bacterial/casman_agar_base.yaml	CultureMech:005647	Casman-Agar-Base	0	no ingredients; no pH and no temperature
35	bacterial/chelated_iron_solution_medium_737.yaml	CultureMech:004268	Chelated iron solution (medium 737)	0	no ingredients; no pH and no temperature
35	bacterial/chelated_iron_solution_medium_748.yaml	CultureMech:004793	Chelated Iron solution (medium 748)	0	no ingredients; no pH and no temperature
35	bacterial/chromagertm_malassezia_candida.yaml	CultureMech:008463	CHROMagerTM Malassezia/Candida*	0	no ingredients; no pH and no temperature
35	bacterial/cmrl_1066_medium_10x_concentrated_gibco.yaml	CultureMech:005648	CMRL-1066 medium (10x concentrated; GIBCO)	0	no ingredients; no pH and no temperature
35	bacterial/co_factors_solution_medium_843.yaml	CultureMech:006083	Co-factors solution (medium 843)	0	no ingredients; no pH and no temperature
35	bacterial/desulfobacterium_anilini_medium.yaml	CultureMech:005590	DESULFOBACTERIUM ANILINI MEDIUM	0	no ingredients; no pH and no temperature
35	bacterial/desulfococcus_medium.yaml	CultureMech:004258	DESULFOCOCCUS MEDIUM	0	no ingredients; no pH and no temperature
35	bacterial/desulfomicrobium_whb_medium.yaml	CultureMech:006367	DESULFOMICROBIUM WHB MEDIUM	0	no ingredients; no pH and no temperature
35	bacterial/desulfotomaculum_geothermicum_medium.yaml	CultureMech:005226	DESULFOTOMACULUM GEOTHERMICUM MEDIUM	0	no ingredients; no pH and no temperature
35	bacterial/desulfotomaculum_sp_medium_ii.yaml	CultureMech:006282	DESULFOTOMACULUM SP. MEDIUM II	0	no ingredients; no pH and no temperature
35	bacterial/desulfovibrio_alcoholovorans_medium.yaml	CultureMech:005613	DESULFOVIBRIO ALCOHOLOVORANS medium	0	no ingredients; no pH and no temperature
35	bacterial/desulfovibrio_alcoholovorans_medium_replace_desulfovibrio_medium_with_desulfobulbus_medium.yaml	CultureMech:005612	DESULFOVIBRIO ALCOHOLOVORANS medium_replace_DESULFOVIBRIO medium_with_DESULFOBULBUS MEDIUM	0	no ingredients; no pH and no temperature
35	bacterial/desulfovibrio_baarsii_medium.yaml	CultureMech:004368	DESULFOVIBRIO BAARSII MEDIUM	0	no ingredients; no pH and no temperature
35	bacterial/desulfovibrio_carbinolicus_medium.yaml	CultureMech:005160	DESULFOVIBRIO CARBINOLICUS medium	0	no ingredients; no pH and no temperature
35	bacterial/desulfovibrio_inopinatus_medium.yaml	CultureMech:006511	DESULFOVIBRIO INOPINATUS MEDIUM	0	no ingredients; no pH and no temperature
35	bacterial/desulfovibrio_inopinatus_medium_replace_na_pyruvate_with_1_2_4_trihydroxybenzene.yaml	CultureMech:006510	DESULFOVIBRIO INOPINATUS MEDIUM_replace_Na-pyruvate_with_1,2,4-trihydroxybenzene	0	no ingredients; no pH and no temperature
35	bacterial/desulfovibrio_shv_medium.yaml	CultureMech:006368	DESULFOVIBRIO SHV MEDIUM	0	no ingredients; no pH and no temperature
35	bacterial/dmj_synthetic_seawater_medium_997.yaml	CultureMech:004270	DMJ synthetic seawater (medium 997)	0	no ingredients; no pH and no temperature
35	bacterial/dsm_4156_b_and_dsm_4156.yaml	CultureMech:005229	DSM 4156 B and DSM 4156	0	no ingredients; no pH and no temperature
35	bacterial/fatty_acid_mixture_medium_119.yaml	CultureMech:004794	Fatty acid mixture (medium 119)	0	no ingredients; no pH and no temperature
35	bacterial/fatty_acid_mixture_medium_328.yaml	CultureMech:004795	Fatty acid mixture (medium 328)	0	no ingredients; no pH and no temperature
35	bacterial/fatty_acid_mixture_medium_436.yaml	CultureMech:004796	Fatty acid mixture (medium 436)	0	no ingredients; no pH and no temperature
35	bacterial/ferric_quinate_solution_medium_380.yaml	CultureMech:004272	Ferric Quinate Solution (medium 380)	0	no ingredients; no pH and no temperature
35	bacterial/for_s_buswellii_dsm_2612m.yaml	CultureMech:006276	For S. buswellii DSM 2612M	0	no ingredients; no pH and no temperature
35	bacterial/for_s_wolinii_dsm_2805m.yaml	CultureMech:006277	For S. wolinii DSM 2805M	0	no ingredients; no pH and no temperature
35	bacterial/glutarate_medium.yaml	CultureMech:006014	GLUTARATE medium	0	no ingredients; no pH and no temperature
35	bacterial/h3p_vitamin_solution_medium_428.yaml	CultureMech:004397	H3P-vitamin solution (medium 428)	0	no ingredients; no pH and no temperature
35	bacterial/haemin_solution_medium_104.yaml	CultureMech:004798	Haemin solution (medium 104)	0	no ingredients; no pH and no temperature
35	bacterial/hanks_balanced_salt_solution_bss_medium_1078.yaml	CultureMech:004800	Hank's balanced salt solution (BSS, medium 1078)	0	no ingredients; no pH and no temperature
35	bacterial/heavy_metal_solution_medium_867.yaml	CultureMech:004273	Heavy metal solution (medium 867)	0	no ingredients; no pH and no temperature
35	bacterial/ilyobacter_tartaricus_medium.yaml	CultureMech:004761	ILYOBACTER TARTARICUS MEDIUM	0	no ingredients; no pH and no temperature
35	bacterial/inorganic_salt_solution_medium_754.yaml	CultureMech:004801	Inorganic salt solution (medium 754)	0	no ingredients; no pH and no temperature
35	bacterial/isovitalex.yaml	CultureMech:005642	Isovitalex	0	no ingredients; no pH and no temperature
35	bacterial/lactic_acid_whey_medium_456.yaml	CultureMech:004985	Lactic acid whey (medium 456)	1	only 1 ingredient(s); no ingredient is grounded
35	bacterial/lip_solution_medium_391.yaml	CultureMech:004802	LIP-solution (medium 391)	0	no ingredients; no pH and no temperature
35	bacterial/marine_agar_2216_ph_8_5.yaml	CultureMech:007573	Marine Agar 2216 (pH 8.5)	0	no ingredients; no pH and no temperature
35	bacterial/marine_agar_2216_ph_9_0.yaml	CultureMech:007592	Marine Agar 2216 (pH 9.0)	0	no ingredients; no pH and no temperature
35	bacterial/marine_medium_synthetic_seawater_mix_medium_611.yaml	CultureMech:004803	Marine-Medium/Synthetic seawater-mix (medium 611)	0	no ingredients; no pH and no temperature
35	bacterial/marine_trace_elements_medium_511.yaml	CultureMech:004274	Marine trace elements (medium 511)	0	no ingredients; no pH and no temperature
35	bacterial/medium_131_modified_for_dsm_6216.yaml	CultureMech:004066	MEDIUM 131 MODIFIED FOR DSM 6216	0	no ingredients; no pH and no temperature
35	bacterial/medium_777_modified_for_dsm_14980.yaml	CultureMech:006434	MEDIUM 777 MODIFIED FOR DSM 14980	0	no ingredients; no pH and no temperature
35	bacterial/medium_md1_medium_9.yaml	CultureMech:004986	medium MD1 (medium 9)	0	no ingredients; no pH and no temperature
35	bacterial/metals_44_medium_590.yaml	CultureMech:004393	Metals 44 (medium 590)	0	no ingredients; no pH and no temperature
35	bacterial/methanol_utilizing_bacteria_medium_d.yaml	CultureMech:002435	METHANOL-UTILIZING BACTERIA MEDIUM D	1	only 1 ingredient(s); no ingredient is grounded
35	bacterial/min_e_base_10x.yaml	CultureMech:004275	MIN E - Base (10x)	0	no ingredients; no pH and no temperature
35	bacterial/mineral_mix_medium_1001.yaml	CultureMech:004277	Mineral Mix (medium 1001)	0	no ingredients; no pH and no temperature
35	bacterial/mineral_salt_solution_2xw_medium_391.yaml	CultureMech:004806	"Mineral salt solution ""2xW"" (medium 391)"	0	no ingredients; no pH and no temperature
35	bacterial/mineral_salts_solution_for_liquid_medium_medium_1396.yaml	CultureMech:004987	Mineral salts solution for liquid medium (medium 1396)	0	no ingredients; no pH and no temperature
35	bacterial/mineral_salts_solution_for_solid_medium_medium_1396.yaml	CultureMech:004989	Mineral salts solution for solid medium (medium 1396)	0	no ingredients; no pH and no temperature
35	bacterial/mineral_solution_1_medium_165.yaml	CultureMech:004278	Mineral solution 1 (medium 165)	0	no ingredients; no pH and no temperature
35	bacterial/mineral_solution_2_medium_1033.yaml	CultureMech:004815	Mineral solution 2 (medium 1033)	0	no ingredients; no pH and no temperature
35	bacterial/mineral_solution_2_medium_165.yaml	CultureMech:004279	Mineral solution 2 (medium 165)	0	no ingredients; no pH and no temperature
35	bacterial/mineral_solution_2_medium_203.yaml	CultureMech:004997	Mineral solution 2 (medium 203)	0	no ingredients; no pH and no temperature
35	bacterial/mineral_solution_2_medium_404.yaml	CultureMech:004816	Mineral solution 2 (medium 404)	0	no ingredients; no pH and no temperature
35	bacterial/mineral_solution_2_medium_436.yaml	CultureMech:004817	Mineral solution 2 (medium 436)	0	no ingredients; no pH and no temperature
35	bacterial/mineral_solution_a_medium_492.yaml	CultureMech:004280	Mineral solution A (medium 492)	0	no ingredients; no pH and no temperature
35	bacterial/mineral_solution_b_medium_492.yaml	CultureMech:004281	Mineral solution B (medium 492)	0	no ingredients; no pH and no temperature
35	bacterial/mineral_solution_c_medium_492.yaml	CultureMech:004282	Mineral solution C (medium 492)	0	no ingredients; no pH and no temperature
35	bacterial/mineral_solution_medium_212.yaml	CultureMech:005195	Mineral solution (medium 212)	0	no ingredients; no pH and no temperature
35	bacterial/mineral_solution_medium_317.yaml	CultureMech:004818	Mineral solution (medium 317)	0	no ingredients; no pH and no temperature
35	bacterial/mineral_solution_medium_321.yaml	CultureMech:004810	Mineral solution (medium 321)	0	no ingredients; no pH and no temperature
35	bacterial/mineral_solution_medium_328.yaml	CultureMech:004811	Mineral solution (medium 328)	0	no ingredients; no pH and no temperature
35	bacterial/mineral_solution_medium_330.yaml	CultureMech:004812	Mineral solution (medium 330)	0	no ingredients; no pH and no temperature
35	bacterial/mineral_solution_medium_335.yaml	CultureMech:004813	Mineral solution (medium 335)	0	no ingredients; no pH and no temperature
35	bacterial/modified_mj_synthetic_sea_water_medium_1131.yaml	CultureMech:004284	Modified MJ synthetic sea water (medium 1131)	0	no ingredients; no pH and no temperature
35	bacterial/mrs_medium_ph_5_5.yaml	CultureMech:002293	MRS MEDIUM (pH 5.5)	1	only 1 ingredient(s); no ingredient is grounded
35	bacterial/mtp4_medium.yaml	CultureMech:006012	MTP4 MEDIUM	0	no ingredients; no pH and no temperature
35	bacterial/na_sesquicarbonate_solution_medium_31.yaml	CultureMech:004819	Na-sesquicarbonate solution (medium 31)	0	no ingredients; no pH and no temperature
35	bacterial/nutrient_broth_difco.yaml	CultureMech:005652	Nutrient broth (Difco)	0	no ingredients; no pH and no temperature
35	bacterial/pelobacter_acetylenicus_medium.yaml	CultureMech:005057	PELOBACTER ACETYLENICUS MEDIUM	0	no ingredients; no pH and no temperature
35	bacterial/pelobacter_venetianus_fresh_water_medium.yaml	CultureMech:004774	PELOBACTER VENETIANUS (fresh water) MEDIUM	0	no ingredients; no pH and no temperature
35	bacterial/pelobacter_venetianus_marine_medium.yaml	CultureMech:004760	PELOBACTER VENETIANUS (marine) MEDIUM	0	no ingredients; no pH and no temperature
35	bacterial/pennassay_broth.yaml	CultureMech:005653	Pennassay Broth	0	no ingredients; no pH and no temperature
35	bacterial/phosphate_solution_medium_791.yaml	CultureMech:004826	Phosphate solution (medium 791)	0	no ingredients; no pH and no temperature
35	bacterial/propionigenium_maris_medium.yaml	CultureMech:006291	PROPIONIGENIUM MARIS medium	0	no ingredients; no pH and no temperature
35	bacterial/rumen_fluid_clarified.yaml	CultureMech:006085	Rumen fluid, clarified	0	no ingredients; no pH and no temperature
35	bacterial/s_w.yaml	CultureMech:000414	S/W	1	only 1 ingredient(s); no ingredient is grounded
35	bacterial/s_w_amp.yaml	CultureMech:000307	S/W + AMP	2	only 2 ingredient(s); no ingredient is grounded
35	bacterial/sabouraud_2_glucose_bouillon_merck_108339.yaml	CultureMech:006517	SABOURAUD-2% Glucose-Bouillon (Merck 108339)	0	no ingredients; no pH and no temperature
35	bacterial/salt_base_solution_medium_88.yaml	CultureMech:005194	Salt base solution (medium 88)	0	no ingredients; no pH and no temperature
35	bacterial/salt_concentrate_medium_517.yaml	CultureMech:004288	Salt concentrate (medium 517)	0	no ingredients; no pH and no temperature
35	bacterial/salt_solution_medium_104.yaml	CultureMech:004828	salt solution (medium 104)	0	no ingredients; no pH and no temperature
35	bacterial/salt_solution_medium_1191.yaml	CultureMech:004829	salt solution (medium 1191)	0	no ingredients; no pH and no temperature
35	bacterial/salt_solution_medium_58.yaml	CultureMech:004830	salt solution (medium 58)	0	no ingredients; no pH and no temperature
35	bacterial/salts_solution_medium_1139.yaml	CultureMech:004833	salts solution (medium 1139)	0	no ingredients; no pH and no temperature
35	bacterial/sb_sw_medium.yaml	CultureMech:006278	SB/SW MEDIUM	0	no ingredients; no pH and no temperature
35	bacterial/sea_water_salts_solution_medium_958.yaml	CultureMech:004834	Sea water salts solution (medium 958)	0	no ingredients; no pH and no temperature
35	bacterial/selenite_tungstate_solution_medium_385.yaml	CultureMech:004289	Selenite/tungstate solution (medium 385)	0	no ingredients; no pH and no temperature
35	bacterial/seven_vitamins_solution_medium_503.yaml	CultureMech:004290	Seven vitamins solution (medium 503)	0	no ingredients; no pH and no temperature
35	bacterial/sludge_fluid_medium_119.yaml	CultureMech:004990	Sludge fluid (medium 119)	0	no ingredients; no pH and no temperature
35	bacterial/solution_1_10x_nms_salts_medium_921.yaml	CultureMech:004291	Solution 1 (10x NMS salts) (medium 921)	0	no ingredients; no pH and no temperature
35	bacterial/solution_a_medium_1267.yaml	CultureMech:005221	Solution A (medium 1267)	0	no ingredients; no pH and no temperature
35	bacterial/solution_a_medium_1275.yaml	CultureMech:005222	Solution A, medium 1275	0	no ingredients; no pH and no temperature
35	bacterial/solution_a_medium_858.yaml	CultureMech:005220	Solution A (medium 858)	0	no ingredients; no pH and no temperature
35	bacterial/solution_b_medium_1275.yaml	CultureMech:005223	Solution B, medium 1275	0	no ingredients; no pH and no temperature
35	bacterial/solution_c_medium_1275.yaml	CultureMech:005224	Solution C, medium 1275	0	no ingredients; no pH and no temperature
35	bacterial/solution_ii_medium_1308.yaml	CultureMech:004836	solution II (medium 1308)	0	no ingredients; no pH and no temperature
35	bacterial/solution_ii_medium_1398.yaml	CultureMech:004837	solution II (medium 1398)	0	no ingredients; no pH and no temperature
35	bacterial/sse_double_concentrated_medium_1426.yaml	CultureMech:004838	SSE (double concentrated) (medium 1426)	0	no ingredients; no pH and no temperature
35	bacterial/stearate_solution_0_1_m_medium_517.yaml	CultureMech:004295	Stearate solution (0.1 M) (medium 517)	0	no ingredients; no pH and no temperature
35	bacterial/stock_solution_from_medium_756.yaml	CultureMech:004387	Stock solution (from medium 756)	0	no ingredients; no pH and no temperature
35	bacterial/stock_solution_medium_462.yaml	CultureMech:004398	Stock solution (medium 462)	0	no ingredients; no pH and no temperature
35	bacterial/sugar_stock_solution_medium_1245.yaml	CultureMech:006082	Sugar Stock Solution (medium 1245)	0	no ingredients; no pH and no temperature
35	bacterial/synthetic_seawater_2_x_conc_medium_795.yaml	CultureMech:004840	Synthetic seawater (2 x conc.) (medium 795)	0	no ingredients; no pH and no temperature
35	bacterial/syntrophobacter_pfennigii_medium.yaml	CultureMech:006338	SYNTROPHOBACTER PFENNIGII MEDIUM	1	only 1 ingredient(s); no ingredient is grounded
35	bacterial/syntrophobacter_wolinii_medium.yaml	CultureMech:004866	SYNTROPHOBACTER WOLINII medium	0	no ingredients; no pH and no temperature
35	bacterial/syntrophus_buswellii_ii_medium.yaml	CultureMech:005230	SYNTROPHUS BUSWELLII II MEDIUM	0	no ingredients; no pH and no temperature
35	bacterial/syntrophus_medium_sulfate_free.yaml	CultureMech:004742	SYNTROPHUS medium - SULFATE FREE	0	no ingredients; no pH and no temperature
35	bacterial/thermodesulforhabdus_medium.yaml	CultureMech:006339	THERMODESULFORHABDUS MEDIUM	1	only 1 ingredient(s); no ingredient is grounded
35	bacterial/thermus_macronutrients_10x_solution.yaml	CultureMech:004841	Thermus macronutrients 10X solution	0	no ingredients; no pH and no temperature
35	bacterial/thermus_micronutrients_100x_solution.yaml	CultureMech:004842	Thermus micronutrients 100X solution	0	no ingredients; no pH and no temperature
35	bacterial/thiobacillus_ferrooxidans_medium_with_tetrathionate.yaml	CultureMech:006372	THIOBACILLUS FERROOXIDANS MEDIUM WITH TETRATHIONATE	0	no ingredients; no pH and no temperature
35	bacterial/thioglycolate_ascorbate_solution_medium_210.yaml	CultureMech:004844	Thioglycolate-ascorbate solution (medium 210)	0	no ingredients; no pH and no temperature
35	bacterial/trace_element_solution_a_medium_537.yaml	CultureMech:004865	Trace element solution A (medium 537)	0	no ingredients; no pH and no temperature
35	bacterial/trace_element_solution_b_medium_537.yaml	CultureMech:004867	Trace element solution B (medium 537)	0	no ingredients; no pH and no temperature
35	bacterial/trace_element_solution_from_medium_756.yaml	CultureMech:004388	Trace element solution (from medium 756)	0	no ingredients; no pH and no temperature
35	bacterial/trace_element_solution_ho_le_medium_668.yaml	CultureMech:004868	Trace element solution Ho-le (medium 668)	0	no ingredients; no pH and no temperature
35	bacterial/trace_element_solution_medium_1072.yaml	CultureMech:004847	Trace element solution (medium 1072)	0	no ingredients; no pH and no temperature
35	bacterial/trace_element_solution_medium_1149.yaml	CultureMech:004848	Trace element solution (medium 1149)	0	no ingredients; no pH and no temperature
35	bacterial/trace_element_solution_medium_1156.yaml	CultureMech:004302	Trace element solution (medium 1156)	0	no ingredients; no pH and no temperature
35	bacterial/trace_element_solution_medium_1165.yaml	CultureMech:004849	Trace element solution (medium 1165)	0	no ingredients; no pH and no temperature
35	bacterial/trace_element_solution_medium_1181.yaml	CultureMech:004304	Trace element solution (medium 1181)	0	no ingredients; no pH and no temperature
35	bacterial/trace_element_solution_medium_124.yaml	CultureMech:004850	Trace element solution (medium 124)	0	no ingredients; no pH and no temperature
35	bacterial/trace_element_solution_medium_1282.yaml	CultureMech:004852	Trace element solution (medium 1282)	0	no ingredients; no pH and no temperature
35	bacterial/trace_element_solution_medium_131.yaml	CultureMech:004308	Trace element solution (medium 131)	0	no ingredients; no pH and no temperature
35	bacterial/trace_element_solution_medium_150a.yaml	CultureMech:004312	Trace element solution (medium 150a)	0	no ingredients; no pH and no temperature
35	bacterial/trace_element_solution_medium_155.yaml	CultureMech:004399	Trace element solution (medium 155)	0	no ingredients; no pH and no temperature
35	bacterial/trace_element_solution_medium_158.yaml	CultureMech:004858	Trace element solution (medium 158)	0	no ingredients; no pH and no temperature
35	bacterial/trace_element_solution_medium_463.yaml	CultureMech:004315	Trace element solution (medium 463)	0	no ingredients; no pH and no temperature
35	bacterial/trace_element_solution_medium_463a.yaml	CultureMech:004316	Trace element solution (medium 463a)	0	no ingredients; no pH and no temperature
35	bacterial/trace_element_solution_medium_533.yaml	CultureMech:004317	Trace element solution (medium 533)	0	no ingredients; no pH and no temperature
35	bacterial/trace_element_solution_medium_534.yaml	CultureMech:004318	Trace element solution (medium 534)	0	no ingredients; no pH and no temperature
35	bacterial/trace_element_solution_medium_632.yaml	CultureMech:004320	Trace element solution (medium 632)	0	no ingredients; no pH and no temperature
35	bacterial/trace_element_solution_medium_652.yaml	CultureMech:004860	Trace element solution (medium 652)	0	no ingredients; no pH and no temperature
35	bacterial/trace_element_solution_medium_705.yaml	CultureMech:004862	Trace element solution (medium 705)	0	no ingredients; no pH and no temperature
35	bacterial/trace_element_solution_medium_84.yaml	CultureMech:004401	Trace element solution (medium 84)	0	no ingredients; no pH and no temperature
35	bacterial/trace_element_solution_medium_878.yaml	CultureMech:004864	Trace element solution (medium 878)	0	no ingredients; no pH and no temperature
35	bacterial/trace_element_solution_medium_921.yaml	CultureMech:004327	Trace element solution (medium 921)	0	no ingredients; no pH and no temperature
35	bacterial/trace_element_solution_medium_976.yaml	CultureMech:004332	Trace element solution (medium 976)	0	no ingredients; no pH and no temperature
35	bacterial/trace_element_solution_sl12_medium_998.yaml	CultureMech:004870	Trace element solution SL12 (medium 998)	0	no ingredients; no pH and no temperature
35	bacterial/trace_element_solution_sl7.yaml	CultureMech:004871	Trace element solution SL7	0	no ingredients; no pH and no temperature
35	bacterial/trace_element_solution_sl8_medium_1119.yaml	CultureMech:004874	Trace element solution SL8 (medium 1119)	0	no ingredients; no pH and no temperature
35	bacterial/trace_element_solution_sl_10_b.yaml	CultureMech:004337	Trace element solution SL-10 B	0	no ingredients; no pH and no temperature
35	bacterial/trace_element_solution_sl_10_medium_320.yaml	CultureMech:004336	Trace element solution SL-10 (medium 320)	0	no ingredients; no pH and no temperature
35	bacterial/trace_element_solution_sl_6_medium_457.yaml	CultureMech:004340	Trace element solution SL-6 (medium 457)	0	no ingredients; no pH and no temperature
35	bacterial/trace_element_solution_sl_7_medium_660.yaml	CultureMech:004341	Trace element solution SL-7 (medium 660)	0	no ingredients; no pH and no temperature
35	bacterial/trace_element_solution_sl_7_medium_941.yaml	CultureMech:004872	Trace element solution SL-7 (medium 941)	0	no ingredients; no pH and no temperature
35	bacterial/trace_elements_medium_1108a.yaml	CultureMech:006328	Trace elements (medium 1108a)	0	no ingredients; no pH and no temperature
35	bacterial/trace_elements_medium_1147.yaml	CultureMech:004875	Trace elements (medium 1147)	0	no ingredients; no pH and no temperature
35	bacterial/trace_elements_medium_596.yaml	CultureMech:004877	Trace elements (medium 596)	0	no ingredients; no pH and no temperature
35	bacterial/trace_elements_medium_651.yaml	CultureMech:004878	Trace elements (medium 651)	0	no ingredients; no pH and no temperature
35	bacterial/trace_elements_pfennig_medium_1264.yaml	CultureMech:004879	Trace elements (Pfennig) (medium 1264)	0	no ingredients; no pH and no temperature
35	bacterial/trace_elements_solution_medium_1280.yaml	CultureMech:004883	Trace elements solution (medium 1280)	0	no ingredients; no pH and no temperature
35	bacterial/trace_metals_500x_medium_1341.yaml	CultureMech:004347	Trace Metals (500x) (medium 1341)	0	no ingredients; no pH and no temperature
35	bacterial/trace_metals_solution_medium_802.yaml	CultureMech:004884	Trace metals solution (medium 802)	0	no ingredients; no pH and no temperature
35	bacterial/trace_mineral_solution_medium_1000.yaml	CultureMech:004351	Trace mineral solution (medium 1000)	0	no ingredients; no pH and no temperature
35	bacterial/trace_mineral_solution_medium_1121.yaml	CultureMech:004353	Trace mineral solution (medium 1121)	0	no ingredients; no pH and no temperature
35	bacterial/trace_mineral_solution_medium_997.yaml	CultureMech:004355	Trace mineral solution (medium 997)	0	no ingredients; no pH and no temperature
35	bacterial/trace_salt_solution_medium_609.yaml	CultureMech:005191	Trace salt solution (medium 609)	0	no ingredients; no pH and no temperature
35	bacterial/trace_salt_solution_medium_856.yaml	CultureMech:004885	Trace salt solution (medium 856)	0	no ingredients; no pH and no temperature
35	bacterial/trace_salts_solution_medium_978.yaml	CultureMech:004938	Trace salts solution (medium 978)	0	no ingredients; no pH and no temperature
35	bacterial/true_blue_trace_elements_medium_748.yaml	CultureMech:004939	True Blue Trace Elements (medium 748)	0	no ingredients; no pH and no temperature
35	bacterial/tyc_solution_medium_391.yaml	CultureMech:004992	TYC-solution (medium 391)	0	no ingredients; no pH and no temperature
35	bacterial/vitamin_b12_solution_medium_867.yaml	CultureMech:004356	Vitamin B12 solution (medium 867)	0	no ingredients; no pH and no temperature
35	bacterial/vitamin_b_solution_medium_978.yaml	CultureMech:004940	Vitamin B solution (medium 978)	0	no ingredients; no pH and no temperature
35	bacterial/vitamin_k1_solution_medium_104.yaml	CultureMech:004941	Vitamin K1 solution (medium 104)	0	no ingredients; no pH and no temperature
35	bacterial/vitamin_mixture_medium_1001.yaml	CultureMech:004358	Vitamin mixture (medium 1001)	0	no ingredients; no pH and no temperature
35	bacterial/vitamin_mixture_medium_619.yaml	CultureMech:004360	Vitamin mixture (medium 619)	0	no ingredients; no pH and no temperature
35	bacterial/vitamin_solution_7_medium_842.yaml	CultureMech:004975	Vitamin solution 7 (medium 842)	0	no ingredients; no pH and no temperature
35	bacterial/vitamin_solution_according_to_wolin_and_coauthors.yaml	CultureMech:004384	Vitamin solution according to Wolin and coauthors	0	no ingredients; no pH and no temperature
35	bacterial/vitamin_solution_b_medium_253.yaml	CultureMech:004942	Vitamin solution (B) (medium 253)	0	no ingredients; no pH and no temperature
35	bacterial/vitamin_solution_double_conc_medium_621.yaml	CultureMech:004943	Vitamin solution (double conc.) (medium 621)	0	no ingredients; no pH and no temperature
35	bacterial/vitamin_solution_medium_1072.yaml	CultureMech:004945	Vitamin solution (medium 1072)	0	no ingredients; no pH and no temperature
35	bacterial/vitamin_solution_medium_1116.yaml	CultureMech:004361	Vitamin solution (medium 1116)	0	no ingredients; no pH and no temperature
35	bacterial/vitamin_solution_medium_1121.yaml	CultureMech:004362	Vitamin solution (medium 1121)	0	no ingredients; no pH and no temperature
35	bacterial/vitamin_solution_medium_1131.yaml	CultureMech:004363	Vitamin solution (medium 1131)	0	no ingredients; no pH and no temperature
35	bacterial/vitamin_solution_medium_1149.yaml	CultureMech:004946	Vitamin solution (medium 1149)	0	no ingredients; no pH and no temperature
35	bacterial/vitamin_solution_medium_1165.yaml	CultureMech:004947	Vitamin solution (medium 1165)	0	no ingredients; no pH and no temperature
35	bacterial/vitamin_solution_medium_1183.yaml	CultureMech:004954	Vitamin solution (medium 1183)	0	no ingredients; no pH and no temperature
35	bacterial/vitamin_solution_medium_1191.yaml	CultureMech:004955	Vitamin solution (medium 1191)	0	no ingredients; no pH and no temperature
35	bacterial/vitamin_solution_medium_124.yaml	CultureMech:005001	Vitamin solution (medium 124)	0	no ingredients; no pH and no temperature
35	bacterial/vitamin_solution_medium_1263.yaml	CultureMech:004956	Vitamin solution (medium 1263)	0	no ingredients; no pH and no temperature
35	bacterial/vitamin_solution_medium_1275.yaml	CultureMech:004364	Vitamin solution (medium 1275)	0	no ingredients; no pH and no temperature
35	bacterial/vitamin_solution_medium_1282.yaml	CultureMech:004957	Vitamin solution (medium 1282)	0	no ingredients; no pH and no temperature
35	bacterial/vitamin_solution_medium_1306.yaml	CultureMech:004958	Vitamin solution (medium 1306)	0	no ingredients; no pH and no temperature
35	bacterial/vitamin_solution_medium_131.yaml	CultureMech:004365	Vitamin solution (medium 131)	0	no ingredients; no pH and no temperature
35	bacterial/vitamin_solution_medium_1315.yaml	CultureMech:004366	Vitamin solution (medium 1315)	0	no ingredients; no pH and no temperature
35	bacterial/vitamin_solution_medium_141.yaml	CultureMech:004367	Vitamin solution (medium 141)	0	no ingredients; no pH and no temperature
35	bacterial/vitamin_solution_medium_1426.yaml	CultureMech:004959	Vitamin solution (medium 1426)	0	no ingredients; no pH and no temperature
35	bacterial/vitamin_solution_medium_1457.yaml	CultureMech:006516	Vitamin solution (medium 1457)	0	no ingredients; no pH and no temperature
35	bacterial/vitamin_solution_medium_148.yaml	CultureMech:004369	Vitamin solution (medium 148)	0	no ingredients; no pH and no temperature
35	bacterial/vitamin_solution_medium_212.yaml	CultureMech:004960	Vitamin solution (medium 212)	0	no ingredients; no pH and no temperature
35	bacterial/vitamin_solution_medium_315.yaml	CultureMech:004370	Vitamin solution (medium 315)	0	no ingredients; no pH and no temperature
35	bacterial/vitamin_solution_medium_322.yaml	CultureMech:004961	Vitamin solution (medium 322)	0	no ingredients; no pH and no temperature
35	bacterial/vitamin_solution_medium_461.yaml	CultureMech:004371	Vitamin solution (medium 461)	0	no ingredients; no pH and no temperature
35	bacterial/vitamin_solution_medium_463.yaml	CultureMech:004372	Vitamin solution (medium 463)	0	no ingredients; no pH and no temperature
35	bacterial/vitamin_solution_medium_463a.yaml	CultureMech:004373	Vitamin solution (medium 463a)	0	no ingredients; no pH and no temperature
35	bacterial/vitamin_solution_medium_473.yaml	CultureMech:004374	Vitamin solution (medium 473)	0	no ingredients; no pH and no temperature
35	bacterial/vitamin_solution_medium_521.yaml	CultureMech:004962	Vitamin solution (medium 521)	0	no ingredients; no pH and no temperature
35	bacterial/vitamin_solution_medium_589.yaml	CultureMech:004967	Vitamin solution (medium 589)	0	no ingredients; no pH and no temperature
35	bacterial/vitamin_solution_medium_598.yaml	CultureMech:004944	Vitamin solution (medium 598)	0	no ingredients; no pH and no temperature
35	bacterial/vitamin_solution_medium_600.yaml	CultureMech:004394	Vitamin solution (medium 600)	0	no ingredients; no pH and no temperature
35	bacterial/vitamin_solution_medium_600a.yaml	CultureMech:004969	Vitamin solution (medium 600a)	0	no ingredients; no pH and no temperature
35	bacterial/vitamin_solution_medium_602.yaml	CultureMech:004970	Vitamin solution (medium 602)	0	no ingredients; no pH and no temperature
35	bacterial/vitamin_solution_medium_603.yaml	CultureMech:004375	Vitamin solution (medium 603)	0	no ingredients; no pH and no temperature
35	bacterial/vitamin_solution_medium_628.yaml	CultureMech:004968	Vitamin solution (medium 628)	0	no ingredients; no pH and no temperature
35	bacterial/vitamin_solution_medium_651.yaml	CultureMech:004971	Vitamin solution (medium 651)	0	no ingredients; no pH and no temperature
35	bacterial/vitamin_solution_medium_663.yaml	CultureMech:004972	Vitamin solution (medium 663)	0	no ingredients; no pH and no temperature
35	bacterial/vitamin_solution_medium_78.yaml	CultureMech:004973	Vitamin solution (medium 78)	0	no ingredients; no pH and no temperature
35	bacterial/vitamin_solution_medium_791.yaml	CultureMech:004974	Vitamin solution (medium 791)	0	no ingredients; no pH and no temperature
35	bacterial/vitamin_solution_medium_867.yaml	CultureMech:004376	Vitamin solution (medium 867)	0	no ingredients; no pH and no temperature
35	bacterial/vitamin_solution_medium_908.yaml	CultureMech:004377	Vitamin solution (medium 908)	0	no ingredients; no pH and no temperature
35	bacterial/vitamin_solution_medium_929.yaml	CultureMech:004378	Vitamin solution (medium 929)	0	no ingredients; no pH and no temperature
35	bacterial/vitamin_solution_medium_944.yaml	CultureMech:004382	Vitamin solution (medium 944)	0	no ingredients; no pH and no temperature
35	bacterial/vitamin_solution_medium_951.yaml	CultureMech:004380	Vitamin solution (medium 951)	0	no ingredients; no pH and no temperature
35	bacterial/vitamin_solution_schlegel_medium_462.yaml	CultureMech:004381	Vitamin solution (Schlegel, medium 462)	0	no ingredients; no pH and no temperature
35	bacterial/vitamin_solution_v10.yaml	CultureMech:004385	Vitamin solution V10	0	no ingredients; no pH and no temperature
35	bacterial/vitamin_solution_va_medium_351.yaml	CultureMech:004383	Vitamin solution (VA) (medium 351)	0	no ingredients; no pH and no temperature
35	bacterial/vitamins_v7_solution_medium_998.yaml	CultureMech:004978	Vitamins V7 solution (medium 998)	0	no ingredients; no pH and no temperature
35	bacterial/vitox.yaml	CultureMech:005644	Vitox	0	no ingredients; no pH and no temperature
35	bacterial/volatile_fatty_acid_mixture_medium_330.yaml	CultureMech:004979	Volatile fatty acid mixture (medium 330)	0	no ingredients; no pH and no temperature
35	bacterial/volatile_fatty_acid_solution_medium_909.yaml	CultureMech:004980	Volatile fatty acid solution (medium 909)	0	no ingredients; no pH and no temperature
35	bacterial/vy_medium.yaml	CultureMech:001704	VY MEDIUM	2	only 2 ingredient(s); no ingredient is grounded
35	bacterial/yeast_extract_malt_extract_agar_isp_2_ph_8_5.yaml	CultureMech:010358	Yeast Extract-Malt Extract Agar (ISP-2) (pH 8.5)	0	no ingredients; no pH and no temperature
35	bacterial/yeast_extract_malt_extract_agar_ph_5_5.yaml	CultureMech:007789	Yeast Extract-Malt Extract Agar (pH 5.5)	0	no ingredients; no pH and no temperature
35	bacterial/yeast_extract_malt_extract_agar_ph_6_0.yaml	CultureMech:010021	Yeast Extract-Malt Extract Agar (pH 6.0)	0	no ingredients; no pH and no temperature
35	bacterial/yeast_extract_malt_extract_agar_ph_9_0.yaml	CultureMech:009921	Yeast Extract-Malt Extract Agar (pH 9.0)	0	no ingredients; no pH and no temperature
30	algae/a_medium.yaml	CultureMech:000022	A+ Medium	10	no ingredient is grounded; no media_term (untraceable to a source catalogue)
30	algae/bg_11_medium.yaml	CultureMech:000029	BG-11 Medium	10	no ingredient is grounded; no media_term (untraceable to a source catalogue)
30	algae/bg_11_n_medium.yaml	CultureMech:000028	BG-11(-N) Medium	9	no ingredient is grounded; no media_term (untraceable to a source catalogue)
30	algae/soil_extract_sodium_metasilicate_medium.yaml	CultureMech:000222	Soil Extract + Sodium Metasilicate Medium	3	no ingredient is grounded; no media_term (untraceable to a source catalogue)
30	archaea/JCM_J1463_METHANOSARCINA_MFA9_MEDIUM.yaml	CultureMech:015881	METHANOSARCINA MFA9 MEDIUM	17	placeholder ingredient text; no pH and no temperature
30	archaea/KOMODO_131_METHANOBACTERIUM_THERMOAUTOTROPHICUM_MEDIUM.yaml	CultureMech:004074	METHANOBACTERIUM THERMOAUTOTROPHICUM MEDIUM	0	no ingredients
30	archaea/KOMODO_304_METHANOSARCINA_ACETIVORANS_medium.yaml	CultureMech:004832	METHANOSARCINA ACETIVORANS medium	0	no ingredients
30	archaea/KOMODO_510_STYGIOLOBUS_medium.yaml	CultureMech:005712	STYGIOLOBUS medium	0	no ingredients
30	archaea/aeropyrum_jxt_medium.yaml	CultureMech:006547	AEROPYRUM-JXT medium	0	no ingredients
30	archaea/halalkaliarchaeum_medium.yaml	CultureMech:002262	HALALKALIARCHAEUM MEDIUM	11	placeholder ingredient text; no pH and no temperature
30	archaea/methanolobus_ii_medium.yaml	CultureMech:005015	METHANOLOBUS II medium	0	no ingredients
30	archaea/methanosarcina_acetivorans_medium_replace_trimethylamine_hcl_with_methanol.yaml	CultureMech:004821	METHANOSARCINA ACETIVORANS medium_replace_Trimethylamine-HCl_with_Methanol	0	no ingredients
30	archaea/methanosarcina_frisia_medium.yaml	CultureMech:005072	METHANOSARCINA FRISIA medium	0	no ingredients
30	archaea/natranaeroarchaeum_medium.yaml	CultureMech:002261	NATRANAEROARCHAEUM MEDIUM	23	placeholder ingredient text; no pH and no temperature
30	archaea/natronolimnobius_aht32_medium_a.yaml	CultureMech:003235	NATRONOLIMNOBIUS AHT32 MEDIUM (A)	19	placeholder ingredient text; no pH and no temperature
30	archaea/natronolimnobius_aht32_medium_b.yaml	CultureMech:002272	NATRONOLIMNOBIUS AHT32 MEDIUM (B)	11	placeholder ingredient text; no pH and no temperature
30	archaea/thermophilic_methanosaeta_medium.yaml	CultureMech:005164	THERMOPHILIC METHANOSAETA MEDIUM	0	no ingredients
30	bacterial/10_x_m9_salts.yaml	CultureMech:004267	10 x M9 salts	0	no ingredients
30	bacterial/JCM_J1341_MODIFIED_PFENNIG_MEDIUM_WITH_ACETATE_AND_FUMARATE.yaml	CultureMech:015833	MODIFIED PFENNIG MEDIUM WITH ACETATE AND FUMARATE	14	placeholder ingredient text; no pH and no temperature
30	bacterial/JCM_J1344_SEA_WATER_MEDIUM_WITH_ACETATE.yaml	CultureMech:015834	SEA WATER MEDIUM WITH ACETATE	14	placeholder ingredient text; no pH and no temperature
30	bacterial/JCM_J1365_ACIDIC_LOW_SALT_MINERAL_MEDIUM.yaml	CultureMech:015843	ACIDIC LOW SALT MINERAL MEDIUM	17	placeholder ingredient text; no pH and no temperature
30	bacterial/JCM_J1366_GBS_SALTS_MEDIUM_FOR_HYDROGENOBACTER.yaml	CultureMech:015844	GBS SALTS MEDIUM FOR HYDROGENOBACTER	11	placeholder ingredient text; no pH and no temperature
30	bacterial/JCM_J876_DESULFONEMA_MAGNUM_MEDIUM.yaml	CultureMech:003223	DESULFONEMA MAGNUM MEDIUM	25	placeholder ingredient text; no pH and no temperature
30	bacterial/KOMODO_1254_NAUTILIA_NITRATIREDUCENS_MEDIUM.yaml	CultureMech:004015	NAUTILIA NITRATIREDUCENS MEDIUM	0	no ingredients
30	bacterial/KOMODO_3136_Fastidious_Anaerobe_Agar.yaml	CultureMech:004984	Fastidious Anaerobe Agar	0	no ingredients
30	bacterial/KOMODO_787_ACETOBACTERIUM_DEHALOGENANS_medium.yaml	CultureMech:006488	ACETOBACTERIUM DEHALOGENANS medium	0	no ingredients
30	bacterial/anaerobic_oxalate_medium.yaml	CultureMech:005624	ANAEROBIC OXALATE MEDIUM	0	no ingredients
30	bacterial/anaerovibrio_burkinabensis_medium.yaml	CultureMech:006022	ANAEROVIBRIO BURKINABENSIS medium	0	no ingredients
30	bacterial/artificial_seawater_medium_1231.yaml	CultureMech:004786	Artificial seawater (medium 1231)	0	no ingredients
30	bacterial/artificial_tap_water_medium_1167.yaml	CultureMech:004789	Artificial tap water (medium 1167)	0	no ingredients
30	bacterial/bacto_middelbrook_7h11_agar_medium_911.yaml	CultureMech:004790	Bacto Middelbrook 7H11 agar (medium 911)	0	no ingredients
30	bacterial/blood_agar_base_from_difco_0045.yaml	CultureMech:006515	Blood Agar Base from Difco 0045	0	no ingredients
30	bacterial/blood_agar_no_2_oxoid.yaml	CultureMech:006086	blood agar No 2 (Oxoid)	0	no ingredients
30	bacterial/bm_for_syntrophicus_schinkii.yaml	CultureMech:003080	BM FOR SYNTROPHICUS SCHINKII	25	placeholder ingredient text; no pH and no temperature
30	bacterial/brucella_broth_becton_dickinson.yaml	CultureMech:005646	Brucella Broth (Becton Dickinson)	0	no ingredients
30	bacterial/clostridium_estertheticum_medium.yaml	CultureMech:006182	CLOSTRIDIUM ESTERTHETICUM medium	0	no ingredients
30	bacterial/clostridium_longisporum_medium.yaml	CultureMech:006392	CLOSTRIDIUM LONGISPORUM medium	0	no ingredients
30	bacterial/clostridium_neopropionicum_medium.yaml	CultureMech:005884	CLOSTRIDIUM NEOPROPIONICUM medium	0	no ingredients
30	bacterial/columbia_agar_base.yaml	CultureMech:005649	Columbia agar base	0	no ingredients
30	bacterial/corn_meal_agar_oxoid_cm103.yaml	CultureMech:005651	Corn meal Agar (Oxoid CM103)	0	no ingredients
30	bacterial/czapek_dox_agar_merck.yaml	CultureMech:005643	Czapek Dox agar (Merck)	0	no ingredients
30	bacterial/desulfococcus_niacini_medium.yaml	CultureMech:004752	DESULFOCOCCUS NIACINI MEDIUM	0	no ingredients
30	bacterial/desulfosporosinus_bsrei1_medium.yaml	CultureMech:003211	DESULFOSPOROSINUS BSREI1 MEDIUM	22	placeholder ingredient text; no pH and no temperature
30	bacterial/desulfovibrio_aespoeensis_medium.yaml	CultureMech:006364	DESULFOVIBRIO AESPOEENSIS MEDIUM	0	no ingredients
30	bacterial/desulfovibrio_giganteus_medium.yaml	CultureMech:005196	DESULFOVIBRIO GIGANTEUS MEDIUM	0	no ingredients
30	bacterial/desulfovibrio_sapovorans_medium.yaml	CultureMech:004260	DESULFOVIBRIO SAPOVORANS MEDIUM	0	no ingredients
30	bacterial/desulfovibrio_sp_medium.yaml	CultureMech:004276	DESULFOVIBRIO SP. MEDIUM	0	no ingredients
30	bacterial/fermentative_cellulolytic_anaerobes_medium.yaml	CultureMech:003166	FERMENTATIVE CELLULOLYTIC ANAEROBES MEDIUM	22	placeholder ingredient text; no pH and no temperature
30	bacterial/lb_nosalt.yaml	CultureMech:015469	LB_noSalt	2	only 2 ingredient(s); no media_term (untraceable to a source catalogue); no pH and no temperature
30	bacterial/mab1_medium.yaml	CultureMech:006272	mAB1-MEDIUM	0	no ingredients
30	bacterial/mb_medium_with_methanol.yaml	CultureMech:003032	MB MEDIUM WITH METHANOL	27	placeholder ingredient text; no pH and no temperature
30	bacterial/medium_820_modified_for_dsm_16960.yaml	CultureMech:006546	MEDIUM 820 MODIFIED FOR DSM 16960	0	no ingredients
30	bacterial/micronutrient_solution_sl8_medium_1128.yaml	CultureMech:004804	Micronutrient solution SL8 (medium 1128)	0	no ingredients
30	bacterial/middlebrook_7h10_agar.yaml	CultureMech:004805	Middlebrook 7H10 agar	0	no ingredients
30	bacterial/modified_am5_medium.yaml	CultureMech:003007	MODIFIED AM5 MEDIUM	27	placeholder ingredient text; no pH and no temperature
30	bacterial/modified_hoagland_trace_element_solution_medium_867.yaml	CultureMech:004283	Modified hoagland trace element solution (medium 867)	0	no ingredients
30	bacterial/mueller_hinton_broth.yaml	CultureMech:005193	Mueller-Hinton broth	0	no ingredients
30	bacterial/nutrient_broth_oxoid_medium_948.yaml	CultureMech:004822	Nutrient broth (Oxoid) (medium 948)	0	no ingredients
30	bacterial/pelobacter_medium.yaml	CultureMech:005242	PELOBACTER medium	0	no ingredients
30	bacterial/phosphate_buffer_10x_medium_1341.yaml	CultureMech:004285	Phosphate buffer (10x) (medium 1341)	0	no ingredients
30	bacterial/phosphate_buffer_medium_878.yaml	CultureMech:004823	Phosphate buffer (medium 878)	0	no ingredients
30	bacterial/phosphate_buffer_medium_921.yaml	CultureMech:004286	Phosphate buffer (medium 921)	0	no ingredients
30	bacterial/phosphate_buffer_ph_6_8_see_medium_1132.yaml	CultureMech:004287	Phosphate buffer (pH 6.8, see medium 1132)	0	no ingredients
30	bacterial/phosphate_buffer_ph_7_2.yaml	CultureMech:004824	Phosphate buffer pH 7.2	0	no ingredients
30	bacterial/phosphate_solution_medium_1191.yaml	CultureMech:004825	Phosphate solution (medium 1191)	0	no ingredients
30	bacterial/pplo_broth.yaml	CultureMech:005654	PPLO broth	0	no ingredients
30	bacterial/salt_solution_medium_852.yaml	CultureMech:004831	salt solution (medium 852)	0	no ingredients
30	bacterial/seven_vitamin_solution_medium_1332.yaml	CultureMech:004835	Seven Vitamin solution (medium 1332)	0	no ingredients
30	bacterial/soil_extract_medium_98.yaml	CultureMech:004991	Soil extract (medium 98)	0	no ingredients
30	bacterial/solution_b_medium_807.yaml	CultureMech:006084	Solution B (medium 807)	0	no ingredients
30	bacterial/spirochaeta_aurantia_medium.yaml	CultureMech:004195	SPIROCHAETA AURANTIA medium	0	no ingredients
30	bacterial/spirochaeta_isovalerica_medium.yaml	CultureMech:004701	SPIROCHAETA ISOVALERICA medium	0	no ingredients
30	bacterial/sporomusa_silvacetica_medium.yaml	CultureMech:006435	SPOROMUSA SILVACETICA medium	0	no ingredients
30	bacterial/syfac_medium.yaml	CultureMech:003181	SYFAC MEDIUM	22	placeholder ingredient text; no pH and no temperature
30	bacterial/synthetic_sea_water_medium_79.yaml	CultureMech:004839	Synthetic sea water (medium 79)	0	no ingredients
30	bacterial/trace_element_solution_medium_1007.yaml	CultureMech:004296	Trace element solution (medium 1007)	0	no ingredients
30	bacterial/trace_element_solution_medium_1180.yaml	CultureMech:004303	Trace element solution (medium 1180)	0	no ingredients
30	bacterial/trace_element_solution_medium_1190.yaml	CultureMech:005000	Trace element solution (medium 1190)	0	no ingredients
30	bacterial/trace_element_solution_medium_1396.yaml	CultureMech:004853	Trace Element solution (medium 1396)	0	no ingredients
30	bacterial/trace_element_solution_medium_1403.yaml	CultureMech:004309	Trace element solution (medium 1403)	0	no ingredients
30	bacterial/trace_element_solution_medium_333.yaml	CultureMech:004314	Trace element solution (medium 333)	0	no ingredients
30	bacterial/trace_element_solution_medium_737.yaml	CultureMech:004323	Trace element solution (medium 737)	0	no ingredients
30	bacterial/trace_element_solution_medium_918.yaml	CultureMech:004326	Trace element solution (medium 918)	0	no ingredients
30	bacterial/trace_element_solution_medium_922.yaml	CultureMech:004328	Trace element solution (medium 922)	0	no ingredients
30	bacterial/trace_element_solution_medium_929.yaml	CultureMech:004330	Trace element solution (medium 929)	0	no ingredients
30	bacterial/trace_element_solution_medium_996.yaml	CultureMech:004334	Trace element solution (medium 996)	0	no ingredients
30	bacterial/trace_element_solution_sl_11_medium_784.yaml	CultureMech:004869	Trace element solution SL-11 (medium 784)	0	no ingredients
30	bacterial/trace_element_solution_sl_12_b.yaml	CultureMech:004338	Trace element solution SL-12 B	0	no ingredients
30	bacterial/trace_element_solution_sl_8.yaml	CultureMech:004342	Trace element solution SL-8	0	no ingredients
30	bacterial/trace_element_solution_sl_9_medium_828.yaml	CultureMech:004343	Trace element solution SL-9 (medium 828)	0	no ingredients
30	bacterial/trace_element_solution_sla.yaml	CultureMech:004335	Trace element solution (SLA)	0	no ingredients
30	bacterial/trace_elements_sl_12.yaml	CultureMech:004880	Trace elements SL-12	0	no ingredients
30	bacterial/varunavibrio_medium.yaml	CultureMech:002290	VARUNAVIBRIO MEDIUM	23	placeholder ingredient text; no pH and no temperature
30	bacterial/vitamin_mixture_medium_484.yaml	CultureMech:004359	Vitamin mixture (medium 484)	0	no ingredients
30	bacterial/vitamin_solution_ca_medium_87a.yaml	CultureMech:004976	Vitamin solution CA (medium 87a)	0	no ingredients
30	bacterial/vitamin_solution_medium_559.yaml	CultureMech:004963	Vitamin solution (medium 559)	0	no ingredients
30	bacterial/xb45_xb90_pb90_2_medium.yaml	CultureMech:006693	XB45/XB90/PB90-2 MEDIUM	0	no ingredients
30	specialized/dv_base_medium_no_mo.yaml	CultureMech:015517	Dv base medium no Mo	2	only 2 ingredient(s); no media_term (untraceable to a source catalogue); no pH and no temperature
30	specialized/dv_base_medium_no_w.yaml	CultureMech:015519	Dv base medium no W	2	only 2 ingredient(s); no media_term (untraceable to a source catalogue); no pH and no temperature
30	specialized/dv_base_y_medium_no_fe.yaml	CultureMech:015521	Dv base Y medium no Fe	2	only 2 ingredient(s); no media_term (untraceable to a source catalogue); no pH and no temperature
30	specialized/marine_chloroflexi_medium.yaml	CultureMech:015391	MARINE CHLOROFLEXI MEDIUM	14	placeholder ingredient text; no pH and no temperature
30	specialized/mols4_no_ammonium.yaml	CultureMech:015609	MoLS4 no ammonium	2	only 2 ingredient(s); no media_term (untraceable to a source catalogue); no pH and no temperature
30	specialized/mols4_no_b12.yaml	CultureMech:015614	MoLS4 no B12	2	only 2 ingredient(s); no media_term (untraceable to a source catalogue); no pH and no temperature
30	specialized/mols4_no_biotin.yaml	CultureMech:015615	MoLS4 no Biotin	2	only 2 ingredient(s); no media_term (untraceable to a source catalogue); no pH and no temperature
30	specialized/mols4_no_choline_chloride.yaml	CultureMech:015616	MoLS4 no Choline chloride	2	only 2 ingredient(s); no media_term (untraceable to a source catalogue); no pH and no temperature
30	specialized/mols4_no_folic_acid.yaml	CultureMech:015617	MoLS4 no Folic acid	2	only 2 ingredient(s); no media_term (untraceable to a source catalogue); no pH and no temperature
30	specialized/mols4_no_lipoic_acid.yaml	CultureMech:015619	MoLS4 no lipoic acid	2	only 2 ingredient(s); no media_term (untraceable to a source catalogue); no pH and no temperature
30	specialized/mols4_no_mo.yaml	CultureMech:015620	MoLS4 no Mo	2	only 2 ingredient(s); no media_term (untraceable to a source catalogue); no pH and no temperature
30	specialized/mols4_no_nicotinic_acid.yaml	CultureMech:015622	MoLS4 no nicotinic acid	2	only 2 ingredient(s); no media_term (untraceable to a source catalogue); no pH and no temperature
30	specialized/mols4_no_pantothenic_acid.yaml	CultureMech:015623	MoLS4 no Pantothenic acid	2	only 2 ingredient(s); no media_term (untraceable to a source catalogue); no pH and no temperature
30	specialized/mols4_no_pyridoxine.yaml	CultureMech:015624	MoLS4 no Pyridoxine	2	only 2 ingredient(s); no media_term (untraceable to a source catalogue); no pH and no temperature
30	specialized/mols4_no_sulfide.yaml	CultureMech:015625	MoLS4 no sulfide	2	only 2 ingredient(s); no media_term (untraceable to a source catalogue); no pH and no temperature
30	specialized/mols4_no_thiamine.yaml	CultureMech:015626	MoLS4 no thiamine	2	only 2 ingredient(s); no media_term (untraceable to a source catalogue); no pH and no temperature
30	specialized/mols4_no_w.yaml	CultureMech:015628	MoLS4 no W	2	only 2 ingredient(s); no media_term (untraceable to a source catalogue); no pH and no temperature
30	specialized/moyls4_no_iron.yaml	CultureMech:015635	MoYLS4 no iron	2	only 2 ingredient(s); no media_term (untraceable to a source catalogue); no pH and no temperature
30	specialized/potato_dextrose_broth.yaml	CultureMech:015683	Potato Dextrose Broth	2	only 2 ingredient(s); no media_term (untraceable to a source catalogue); no pH and no temperature
30	specialized/water.yaml	CultureMech:015786	Water	1	only 1 ingredient(s); no media_term (untraceable to a source catalogue); no pH and no temperature
30	specialized/zmb_als_noadenine.yaml	CultureMech:015795	ZMB ALS noAdenine	2	only 2 ingredient(s); no media_term (untraceable to a source catalogue); no pH and no temperature
30	specialized/zmb_als_noalanine.yaml	CultureMech:015796	ZMB ALS noAlanine	2	only 2 ingredient(s); no media_term (untraceable to a source catalogue); no pH and no temperature
30	specialized/zmb_als_noarginine.yaml	CultureMech:015797	ZMB ALS noArginine	2	only 2 ingredient(s); no media_term (untraceable to a source catalogue); no pH and no temperature
30	specialized/zmb_als_noasparagine.yaml	CultureMech:015798	ZMB ALS noAsparagine	2	only 2 ingredient(s); no media_term (untraceable to a source catalogue); no pH and no temperature
30	specialized/zmb_als_noasparticacid.yaml	CultureMech:015799	ZMB ALS noAsparticAcid	2	only 2 ingredient(s); no media_term (untraceable to a source catalogue); no pH and no temperature
30	specialized/zmb_als_nobiotin.yaml	CultureMech:015800	ZMB ALS noBiotin	2	only 2 ingredient(s); no media_term (untraceable to a source catalogue); no pH and no temperature
30	specialized/zmb_als_nocyanocobalamin.yaml	CultureMech:015801	ZMB ALS noCyanocobalamin	2	only 2 ingredient(s); no media_term (untraceable to a source catalogue); no pH and no temperature
30	specialized/zmb_als_nocysteine.yaml	CultureMech:015802	ZMB ALS noCysteine	2	only 2 ingredient(s); no media_term (untraceable to a source catalogue); no pH and no temperature
30	specialized/zmb_als_nocytosine.yaml	CultureMech:015803	ZMB ALS noCytosine	2	only 2 ingredient(s); no media_term (untraceable to a source catalogue); no pH and no temperature
30	specialized/zmb_als_noglutamine.yaml	CultureMech:015805	ZMB ALS noGlutamine	2	only 2 ingredient(s); no media_term (untraceable to a source catalogue); no pH and no temperature
30	specialized/zmb_als_noglutathione.yaml	CultureMech:015806	ZMB ALS noGlutathione	2	only 2 ingredient(s); no media_term (untraceable to a source catalogue); no pH and no temperature
30	specialized/zmb_als_noglycine.yaml	CultureMech:015807	ZMB ALS noGlycine	2	only 2 ingredient(s); no media_term (untraceable to a source catalogue); no pH and no temperature
30	specialized/zmb_als_noguanine.yaml	CultureMech:015808	ZMB ALS noGuanine	2	only 2 ingredient(s); no media_term (untraceable to a source catalogue); no pH and no temperature
30	specialized/zmb_als_nohistidine.yaml	CultureMech:015809	ZMB ALS noHistidine	2	only 2 ingredient(s); no media_term (untraceable to a source catalogue); no pH and no temperature
30	specialized/zmb_als_noisoleucine.yaml	CultureMech:015810	ZMB ALS noIsoleucine	2	only 2 ingredient(s); no media_term (untraceable to a source catalogue); no pH and no temperature
30	specialized/zmb_als_noleucine.yaml	CultureMech:015811	ZMB ALS noLeucine	2	only 2 ingredient(s); no media_term (untraceable to a source catalogue); no pH and no temperature
30	specialized/zmb_als_nolipoicacid.yaml	CultureMech:015812	ZMB ALS noLipoicAcid	2	only 2 ingredient(s); no media_term (untraceable to a source catalogue); no pH and no temperature
30	specialized/zmb_als_nolysine.yaml	CultureMech:015813	ZMB ALS noLysine	2	only 2 ingredient(s); no media_term (untraceable to a source catalogue); no pH and no temperature
30	specialized/zmb_als_nomethionine.yaml	CultureMech:015814	ZMB ALS noMethionine	2	only 2 ingredient(s); no media_term (untraceable to a source catalogue); no pH and no temperature
30	specialized/zmb_als_nonicotinicacic.yaml	CultureMech:015815	ZMB ALS noNicotinicAcic	2	only 2 ingredient(s); no media_term (untraceable to a source catalogue); no pH and no temperature
30	specialized/zmb_als_nopantothenate.yaml	CultureMech:015816	ZMB ALS noPantothenate	2	only 2 ingredient(s); no media_term (untraceable to a source catalogue); no pH and no temperature
30	specialized/zmb_als_nophenylalanine.yaml	CultureMech:015817	ZMB ALS noPhenylalanine	2	only 2 ingredient(s); no media_term (untraceable to a source catalogue); no pH and no temperature
30	specialized/zmb_als_noproline.yaml	CultureMech:015818	ZMB ALS noProline	2	only 2 ingredient(s); no media_term (untraceable to a source catalogue); no pH and no temperature
30	specialized/zmb_als_nopyridoxamine.yaml	CultureMech:015819	ZMB ALS noPyridoxamine	2	only 2 ingredient(s); no media_term (untraceable to a source catalogue); no pH and no temperature
30	specialized/zmb_als_noriboflavin.yaml	CultureMech:015820	ZMB ALS noRiboflavin	2	only 2 ingredient(s); no media_term (untraceable to a source catalogue); no pH and no temperature
30	specialized/zmb_als_noserine.yaml	CultureMech:015821	ZMB ALS noSerine	2	only 2 ingredient(s); no media_term (untraceable to a source catalogue); no pH and no temperature
30	specialized/zmb_als_nothiamine.yaml	CultureMech:015822	ZMB ALS noThiamine	2	only 2 ingredient(s); no media_term (untraceable to a source catalogue); no pH and no temperature
30	specialized/zmb_als_nothreonine.yaml	CultureMech:015823	ZMB ALS noThreonine	2	only 2 ingredient(s); no media_term (untraceable to a source catalogue); no pH and no temperature
30	specialized/zmb_als_notryptophan.yaml	CultureMech:015824	ZMB ALS noTryptophan	2	only 2 ingredient(s); no media_term (untraceable to a source catalogue); no pH and no temperature
30	specialized/zmb_als_notyrosine.yaml	CultureMech:015825	ZMB ALS noTyrosine	2	only 2 ingredient(s); no media_term (untraceable to a source catalogue); no pH and no temperature
30	specialized/zmb_als_nouracil.yaml	CultureMech:015826	ZMB ALS noUracil	2	only 2 ingredient(s); no media_term (untraceable to a source catalogue); no pH and no temperature
30	specialized/zmb_als_novaline.yaml	CultureMech:015827	ZMB ALS noValine	2	only 2 ingredient(s); no media_term (untraceable to a source catalogue); no pH and no temperature
30	specialized/zmb_nofolicacid.yaml	CultureMech:015830	ZMB noFolicAcid	2	only 2 ingredient(s); no media_term (untraceable to a source catalogue); no pH and no temperature
25	algae/chm.yaml	CultureMech:000060	CHM	2	only 2 ingredient(s); no media_term (untraceable to a source catalogue)
25	algae/mch.yaml	CultureMech:000087	MCH	1	only 1 ingredient(s); no media_term (untraceable to a source catalogue)
25	algae/merds_my75s.yaml	CultureMech:000090	MErds/MY75S	2	only 2 ingredient(s); no media_term (untraceable to a source catalogue)
25	algae/ncl.yaml	CultureMech:000099	NCL	1	only 1 ingredient(s); no media_term (untraceable to a source catalogue)
25	algae/ncl_0_01_npa.yaml	CultureMech:000102	NCL/0.01%NPA	1	only 1 ingredient(s); no media_term (untraceable to a source catalogue)
25	algae/ncl_mp.yaml	CultureMech:000103	NCL:MP	1	only 1 ingredient(s); no media_term (untraceable to a source catalogue)
25	algae/ncl_pj.yaml	CultureMech:000101	NCL: PJ	1	only 1 ingredient(s); no media_term (untraceable to a source catalogue)
25	algae/ncl_pj_0_01_npa.yaml	CultureMech:000104	NCL:PJ/0.01%NPA	1	only 1 ingredient(s); no media_term (untraceable to a source catalogue)
25	algae/pj.yaml	CultureMech:000112	PJ	1	only 1 ingredient(s); no media_term (untraceable to a source catalogue)
25	algae/pj_nn.yaml	CultureMech:000113	PJ/NN	1	only 1 ingredient(s); no media_term (untraceable to a source catalogue)
25	algae/pp.yaml	CultureMech:000115	PP	2	only 2 ingredient(s); no media_term (untraceable to a source catalogue)
25	algae/ppy.yaml	CultureMech:000117	PPY	2	only 2 ingredient(s); no media_term (untraceable to a source catalogue)
25	algae/rpl.yaml	CultureMech:000120	RPL	1	only 1 ingredient(s); no media_term (untraceable to a source catalogue)
25	algae/rpl_0_01_rpa.yaml	CultureMech:000121	RPL/0.01%RPA	1	only 1 ingredient(s); no media_term (untraceable to a source catalogue)
25	algae/rpl_mp.yaml	CultureMech:000122	RPL:MP	1	only 1 ingredient(s); no media_term (untraceable to a source catalogue)
25	algae/rpl_pj.yaml	CultureMech:000123	RPL:PJ	1	only 1 ingredient(s); no media_term (untraceable to a source catalogue)
25	algae/rpl_pj_0_01_rpa.yaml	CultureMech:000124	RPL:PJ/0.01%RPA	1	only 1 ingredient(s); no media_term (untraceable to a source catalogue)
25	algae/ses_pj.yaml	CultureMech:000131	SES: PJ	2	only 2 ingredient(s); no media_term (untraceable to a source catalogue)
25	archaea/JCM_J1362_METHANOBACTERIUM_VT_MEDIUM.yaml	CultureMech:015840	METHANOBACTERIUM VT MEDIUM	16	placeholder ingredient text
25	archaea/JCM_J1415_METHANOSARCINA_Z_7115_MEDIUM.yaml	CultureMech:015858	METHANOSARCINA Z-7115 MEDIUM	13	placeholder ingredient text
25	archaea/JCM_J1462_METHANOSARCINA_T3_MEDIUM.yaml	CultureMech:015871	METHANOSARCINA T3 MEDIUM	21	placeholder ingredient text
25	bacterial/10_marine_r2a_medium.yaml	CultureMech:008637	10% marine R2A medium	3	no ingredient is grounded; no pH and no temperature
25	bacterial/1_5_lbm_medium.yaml	CultureMech:008247	1/5 LBM medium	3	no ingredient is grounded; no pH and no temperature
25	bacterial/JCM_J1353_GBS_SALTS_MEDIUM_FOR_FERVIDIBACTER.yaml	CultureMech:015836	GBS SALTS MEDIUM FOR FERVIDIBACTER	29	placeholder ingredient text
25	bacterial/JCM_J1354_RFODOSPIRILLACEAE_MEDIUM_MODIFIED.yaml	CultureMech:015837	RFODOSPIRILLACEAE MEDIUM (MODIFIED)	14	placeholder ingredient text
25	bacterial/JCM_J1363_WIDDEL_FRESHWATER_MEDIUM_WITH_SPERMIDINE.yaml	CultureMech:015841	WIDDEL FRESHWATER MEDIUM WITH SPERMIDINE	25	placeholder ingredient text
25	bacterial/JCM_J1364_WIDDEL_FRESHWATER_MEDIUM_WITH_FORMATE_AND_ACETATE.yaml	CultureMech:015842	WIDDEL FRESHWATER MEDIUM WITH FORMATE AND ACETATE	15	placeholder ingredient text
25	bacterial/JCM_J1375_MODIFIED_LOW_SALT_MEDIUM_FOR_B11.yaml	CultureMech:015845	MODIFIED LOW SALT MEDIUM FOR B11	14	placeholder ingredient text
25	bacterial/JCM_J1388_ACC8_MEDIUM.yaml	CultureMech:015848	ACC8 MEDIUM	15	placeholder ingredient text
25	bacterial/JCM_J1389_IA91_MEDIUM.yaml	CultureMech:015849	IA91 MEDIUM	15	placeholder ingredient text
25	bacterial/JCM_J1393_PFENNIG_THIOFABA_MEDIUM.yaml	CultureMech:015851	PFENNIG THIOFABA MEDIUM	11	placeholder ingredient text
25	bacterial/JCM_J1395_PFENNIG_THERMODESULFOBIUM_MEDIUM.yaml	CultureMech:015852	PFENNIG THERMODESULFOBIUM MEDIUM	12	placeholder ingredient text
25	bacterial/JCM_J1406_TEPIDIBACTER_8C15B_MEDIUM.yaml	CultureMech:015856	TEPIDIBACTER 8C15B MEDIUM	15	placeholder ingredient text
25	bacterial/JCM_J1412_MANGROVIBACTERIUM_Z1_71_MEDIUM.yaml	CultureMech:015857	MANGROVIBACTERIUM Z1-71 MEDIUM	15	placeholder ingredient text
25	bacterial/JCM_J1425_SPOROMUSA_MEDIUM_2.yaml	CultureMech:015862	SPOROMUSA MEDIUM-2	18	placeholder ingredient text
25	bacterial/JCM_J1430_SEMI_SOLID_HETEROTROPHIC_GROWTH_MEDIUM_FOR_ALPHAPROTEOBACTERIA.yaml	CultureMech:015865	SEMI-SOLID HETEROTROPHIC GROWTH MEDIUM FOR ALPHAPROTEOBACTERIA	18	placeholder ingredient text
25	bacterial/JCM_J1431_SEMI_SOLID_AUTOTROPHIC_GROWTH_MEDIUM_FOR_GAMMAPROTEOBACTERIA.yaml	CultureMech:015866	SEMI-SOLID AUTOTROPHIC GROWTH MEDIUM FOR GAMMAPROTEOBACTERIA	16	placeholder ingredient text
25	bacterial/JCM_J1435_LIMNOCHORDIA_LN_MEDIUM.yaml	CultureMech:015867	LIMNOCHORDIA LN MEDIUM	30	placeholder ingredient text
25	bacterial/JCM_J1475_DESULFOBACTER_MEDIUM_WITH_HORSE_SERUM.yaml	CultureMech:015875	DESULFOBACTER MEDIUM WITH HORSE SERUM	16	placeholder ingredient text
25	bacterial/JCM_J1479_SOLIDESULFOVIBRIO_MEDIUM.yaml	CultureMech:015877	SOLIDESULFOVIBRIO MEDIUM	9	placeholder ingredient text
25	bacterial/JCM_J753_DEHALOSPIRILLUM_MEDIUM.yaml	CultureMech:003096	DEHALOSPIRILLUM MEDIUM	28	placeholder ingredient text
25	bacterial/JCM_J784_DESULFOSPOROSINUS_ACIDOPHILUS_MEDIUM.yaml	CultureMech:003127	DESULFOSPOROSINUS ACIDOPHILUS MEDIUM	22	placeholder ingredient text
25	bacterial/NBRC_NUTRIENT_AGAR.yaml	CultureMech:007511	Nutrient Agar	3	only 1/3 ingredients grounded; no media_term (untraceable to a source catalogue); no pH and no temperature
25	bacterial/TOGO_M1544_Cytophaga_Marine_Medium.yaml	CultureMech:008092	Cytophaga (Marine) Medium	3	no ingredient is grounded; no pH and no temperature
25	bacterial/TOGO_M2193_Nutrient_Agar_Broth.yaml	CultureMech:008786	Nutrient Agar/Broth	4	no ingredient is grounded; no pH and no temperature
25	bacterial/TOGO_M2467_HI_Plus_Medium_w_YE_3.yaml	CultureMech:009044	HI Plus Medium w/ YE #3	6	no ingredient is grounded; no pH and no temperature
25	bacterial/acidic_hb_1_medium.yaml	CultureMech:002189	ACIDIC HB-1 MEDIUM	19	placeholder ingredient text
25	bacterial/cultivation_medium_for_chlamydiae.yaml	CultureMech:000636	CULTIVATION MEDIUM FOR CHLAMYDIAE	3	no ingredient is grounded; no pH and no temperature
25	bacterial/cultivation_medium_for_chlamydophila_pecorum.yaml	CultureMech:000973	CULTIVATION MEDIUM FOR CHLAMYDOPHILA PECORUM	3	no ingredient is grounded; no pH and no temperature
25	bacterial/for_dsm_25939.yaml	CultureMech:004217	For DSM 25939	2	only 2 ingredient(s); name 'For DSM 25939' identifies a strain, not a medium
25	bacterial/for_dsm_25945.yaml	CultureMech:004216	For DSM 25945	2	only 2 ingredient(s); name 'For DSM 25945' identifies a strain, not a medium
25	bacterial/freshwater_iron_oxidizing_bacteria_medium.yaml	CultureMech:002974	FRESHWATER IRON-OXIDIZING BACTERIA MEDIUM	10	placeholder ingredient text
25	bacterial/hi_plus_medium_w_ye_3.yaml	CultureMech:008771	HI Plus Medium w/ YE #3	6	no ingredient is grounded; no pH and no temperature
25	bacterial/lb_0_1x.yaml	CultureMech:015465	LB_0.1x	3	only 1/3 ingredients grounded; no media_term (untraceable to a source catalogue); no pH and no temperature
25	bacterial/m25y_medium.yaml	CultureMech:002246	M25Y MEDIUM	24	placeholder ingredient text
25	bacterial/modified_am5_medium_2.yaml	CultureMech:002477	MODIFIED AM5 MEDIUM 2	31	placeholder ingredient text
25	bacterial/modified_desulfoglaeba_alkanexedens_medium.yaml	CultureMech:002872	MODIFIED DESULFOGLAEBA ALKANEXEDENS MEDIUM	11	placeholder ingredient text
25	bacterial/modified_hb_1_medium.yaml	CultureMech:003087	MODIFIED HB-1 MEDIUM	18	placeholder ingredient text
25	bacterial/modified_nautilia_lithotrophica_medium.yaml	CultureMech:003094	MODIFIED NAUTILIA LITHOTROPHICA MEDIUM	26	placeholder ingredient text
25	bacterial/mueller_hinton_medium_with_10_rabbit_serum.yaml	CultureMech:009151	Mueller Hinton Medium with 10% Rabbit Serum	3	no ingredient is grounded; no pH and no temperature
25	bacterial/nautilia_abyssi_medium.yaml	CultureMech:003040	NAUTILIA ABYSSI MEDIUM	22	placeholder ingredient text
25	bacterial/potato_extract_broth.yaml	CultureMech:009043	Potato Extract Broth	3	no ingredient is grounded; no pH and no temperature
25	bacterial/rye_bran_mrs.yaml	CultureMech:003075	RYE-BRAN MRS	4	no ingredient is grounded; no pH and no temperature
25	bacterial/sp5_medium.yaml	CultureMech:008086	SP5 Medium	3	no ingredient is grounded; no pH and no temperature
25	bacterial/spirochaeta_caldaria_medium.yaml	CultureMech:003015	SPIROCHAETA CALDARIA MEDIUM	24	placeholder ingredient text
25	bacterial/thermodesulfobacterium_geofontis_medium.yaml	CultureMech:003303	THERMODESULFOBACTERIUM GEOFONTIS MEDIUM	24	placeholder ingredient text
25	bacterial/togo_medium_m2153.yaml	CultureMech:008748	(Unnamed medium)	5	no ingredient is grounded; no pH and no temperature
25	bacterial/togo_medium_m2696.yaml	CultureMech:009248	(Unnamed medium)	3	no ingredient is grounded; no pH and no temperature
25	bacterial/vero_b4_medium.yaml	CultureMech:000641	Vero B4 Medium	3	no ingredient is grounded; no pH and no temperature
25	bacterial/xtc_2_medium.yaml	CultureMech:000773	XTC-2 MEDIUM	4	no ingredient is grounded; no pH and no temperature
25	specialized/cpg.yaml	CultureMech:015504	CPG	4	only 1/4 ingredients grounded; no media_term (untraceable to a source catalogue); no pH and no temperature
25	specialized/mhii.yaml	CultureMech:015593	MHII	3	only 1/3 ingredients grounded; no media_term (untraceable to a source catalogue); no pH and no temperature
25	specialized/mhii_biocarbonate_serum.yaml	CultureMech:015596	MHII biocarbonate serum	5	only 2/5 ingredients grounded; no media_term (untraceable to a source catalogue); no pH and no temperature
25	specialized/mhii_biocarbonate_serum_chelated.yaml	CultureMech:015597	MHII biocarbonate serum Chelated	5	only 2/5 ingredients grounded; no media_term (untraceable to a source catalogue); no pH and no temperature
25	specialized/mhii_chelated.yaml	CultureMech:015598	MHII Chelated	3	only 1/3 ingredients grounded; no media_term (untraceable to a source catalogue); no pH and no temperature
25	specialized/pye_nocalcium.yaml	CultureMech:015686	PYE_noCalcium	3	only 1/3 ingredients grounded; no media_term (untraceable to a source catalogue); no pH and no temperature
25	specialized/smsa.yaml	CultureMech:015748	SMSA	3	only 1/3 ingredients grounded; no media_term (untraceable to a source catalogue); no pH and no temperature
20	algae/JCM_J1481_Bold_s_Basal_Medium_BBM.yaml	CultureMech:015878	Bold's Basal Medium (BBM)	2	only 2 ingredient(s); no pH and no temperature
20	algae/mc.yaml	CultureMech:000086	MC	3	only 1/3 ingredients grounded; no media_term (untraceable to a source catalogue)
20	archaea/TOGO_M1280_Archaeoglobus_MCR_Medium.yaml	CultureMech:007814	Archaeoglobus MCR Medium	1	only 1 ingredient(s); no pH and no temperature
20	archaea/TOGO_M1371_Sulfolobus_Medium_With_Tryptone.yaml	CultureMech:007910	Sulfolobus Medium With Tryptone	2	only 2 ingredient(s); no pH and no temperature
20	archaea/TOGO_M165_Sulfolobus_Medium_B.yaml	CultureMech:008217	Sulfolobus Medium (B)	1	only 1 ingredient(s); no pH and no temperature
20	archaea/TOGO_M345_Thermococcus_Medium_pH_6.0.yaml	CultureMech:009724	Thermococcus Medium (pH 6.0)	1	only 1 ingredient(s); no pH and no temperature
20	bacterial/1_10_r2a_agar.yaml	CultureMech:003149	1/10 R2A AGAR	2	only 2 ingredient(s); no pH and no temperature
20	bacterial/1_2_r2a_agar.yaml	CultureMech:003190	1/2 R2A AGAR	2	only 2 ingredient(s); no pH and no temperature
20	bacterial/JCM_J119_BCYE_AGAR.yaml	CultureMech:002367	BCYE AGAR	2	only 2 ingredient(s); no pH and no temperature
20	bacterial/JCM_J1329_CORN_MEAL_AGAR.yaml	CultureMech:002492	CORN MEAL AGAR	1	only 1 ingredient(s); no pH and no temperature
20	bacterial/JCM_J148_OATMEAL_AGAR.yaml	CultureMech:002506	OATMEAL AGAR	2	only 2 ingredient(s); no pH and no temperature
20	bacterial/JCM_J150_CORN_MEAL_AGAR.yaml	CultureMech:002509	CORN MEAL AGAR	1	only 1 ingredient(s); no pH and no temperature
20	bacterial/JCM_J345_HORIKOSHI-1_MEDIUM_WITH_10_NaCl.yaml	CultureMech:002705	HORIKOSHI-1 MEDIUM WITH 10% NaCl	2	only 2 ingredient(s); no pH and no temperature
20	bacterial/JCM_J714_HEMIN_MEDIUM_FOR_MYCOBACTERIUM.yaml	CultureMech:003061	HEMIN MEDIUM FOR MYCOBACTERIUM	2	only 2 ingredient(s); no pH and no temperature
20	bacterial/KOMODO_459_SUCROSE-Peptone-MEDIUM.yaml	CultureMech:005464	SUCROSE-Peptone-MEDIUM	2	only 2 ingredient(s); no pH and no temperature
20	bacterial/TOGO_M105_R_Agar_With_3_NaCl.yaml	CultureMech:007576	R Agar With 3% NaCl	1	only 1 ingredient(s); no pH and no temperature
20	bacterial/TOGO_M1092_Horikoshi-I_Medium_With_3.5_NaCl.yaml	CultureMech:007609	Horikoshi-I Medium With 3.5% NaCl	1	only 1 ingredient(s); no pH and no temperature
20	bacterial/TOGO_M119_Methanol-Utilizing_Bacteria_Medium_E.yaml	CultureMech:007725	Methanol-Utilizing Bacteria Medium E	2	only 2 ingredient(s); no pH and no temperature
20	bacterial/TOGO_M1238_Inorganic_Salts-Starch_Agar_ISP-4_With_5_NaCl.yaml	CultureMech:007767	Inorganic Salts-Starch Agar (ISP-4) With 5% NaCl	1	only 1 ingredient(s); no pH and no temperature
20	bacterial/TOGO_M141_Corn_Meal_Agar.yaml	CultureMech:007957	Corn Meal Agar	2	only 2 ingredient(s); no pH and no temperature
20	bacterial/TOGO_M1524_Todd_Hewitt_Medium.yaml	CultureMech:008070	Todd Hewitt Medium	2	only 2 ingredient(s); no pH and no temperature
20	bacterial/TOGO_M1525_GAM_Medium.yaml	CultureMech:008071	GAM Medium	1	only 1 ingredient(s); no pH and no temperature
20	bacterial/TOGO_M1547_Marine_Agar_2216.yaml	CultureMech:008095	Marine Agar 2216	2	only 2 ingredient(s); no pH and no temperature
20	bacterial/TOGO_M1721_Potato_Dextrose_Agar.yaml	CultureMech:008284	Potato Dextrose Agar	2	only 2 ingredient(s); no pH and no temperature
20	bacterial/TOGO_M20_Trypto-Soya_Agar.yaml	CultureMech:008691	Trypto-Soya Agar	2	only 2 ingredient(s); no pH and no temperature
20	bacterial/TOGO_M250_ME_Agar.yaml	CultureMech:009081	ME Agar	2	only 2 ingredient(s); no pH and no temperature
20	bacterial/TOGO_M261_MS_Medium.yaml	CultureMech:009187	MS Medium	2	only 2 ingredient(s); no pH and no temperature
20	bacterial/TOGO_M2858_chocolate_agar.yaml	CultureMech:009398	chocolate agar	2	only 2 ingredient(s); no pH and no temperature
20	bacterial/TOGO_M2859_BCYE_agar.yaml	CultureMech:009399	BCYE agar	1	only 1 ingredient(s); no pH and no temperature
20	bacterial/TOGO_M297_R_Agar_With_0.5_Tween_80.yaml	CultureMech:009502	R Agar With 0.5% Tween 80	1	only 1 ingredient(s); no pH and no temperature
20	bacterial/TOGO_M3004_Corn_Meal_Agar.yaml	CultureMech:009521	Corn Meal Agar	2	only 2 ingredient(s); no pH and no temperature
20	bacterial/TOGO_M3040_HGAM.yaml	CultureMech:009553	HGAM	2	only 2 ingredient(s); no pH and no temperature
20	bacterial/TOGO_M33_Marine_Broth_2216.yaml	CultureMech:009718	Marine Broth 2216	2	only 2 ingredient(s); no pH and no temperature
20	bacterial/TOGO_M340_Horikoshi-1_Medium_With_10_NaCl.yaml	CultureMech:009719	Horikoshi-1 Medium With 10% NaCl	1	only 1 ingredient(s); no pH and no temperature
20	bacterial/TOGO_M346_Inorganic_Salts-Starch_Agar_ISP-4_With_10_NaCl.yaml	CultureMech:009725	Inorganic Salts-Starch Agar (ISP-4) With 10% NaCl	1	only 1 ingredient(s); no pH and no temperature
20	bacterial/TOGO_M404_Horikoshi-I_Medium_With_5_NaCl.yaml	CultureMech:009788	Horikoshi-I Medium With 5% NaCl	1	only 1 ingredient(s); no pH and no temperature
20	bacterial/TOGO_M407_Horikoshi-I_Medium_With_2_NaCl.yaml	CultureMech:009791	Horikoshi-I Medium With 2% NaCl	1	only 1 ingredient(s); no pH and no temperature
20	bacterial/TOGO_M408_Glycerol-Asparagine_Agar_ISP-5_With_10_NaCl.yaml	CultureMech:009792	Glycerol-Asparagine Agar (ISP-5) With 10% NaCl	1	only 1 ingredient(s); no pH and no temperature
20	bacterial/TOGO_M455_Alkali-Reinforced_Clostridial_Agar.yaml	CultureMech:009842	Alkali-Reinforced Clostridial Agar	2	only 2 ingredient(s); no pH and no temperature
20	bacterial/TOGO_M518_Marichromatium_Imhoffii_Medium.yaml	CultureMech:009909	Marichromatium Imhoffii Medium	1	only 1 ingredient(s); no pH and no temperature
20	bacterial/TOGO_M530_Thioglycollate_Medium.yaml	CultureMech:009923	Thioglycollate Medium	2	only 2 ingredient(s); no pH and no temperature
20	bacterial/TOGO_M568_PYG_Medium_D.yaml	CultureMech:009963	PYG Medium (D)	2	only 2 ingredient(s); no pH and no temperature
20	bacterial/TOGO_M59_Trypticase_Soy_Agar_With_1_Glucose.yaml	CultureMech:009997	Trypticase Soy Agar With 1% Glucose	1	only 1 ingredient(s); no pH and no temperature
20	bacterial/TOGO_M626_Modified_PY4S_Agar.yaml	CultureMech:010026	Modified PY4S Agar	2	only 2 ingredient(s); no pH and no temperature
20	bacterial/TOGO_M671_Modified_GAM_Agar.yaml	CultureMech:010075	Modified GAM Agar	2	only 2 ingredient(s); no pH and no temperature
20	bacterial/TOGO_M67_R_Agar_With_5_NaCl.yaml	CultureMech:010084	R Agar With 5% NaCl	1	only 1 ingredient(s); no pH and no temperature
20	bacterial/TOGO_M682_Distilled_Water.yaml	CultureMech:010087	Distilled Water	1	only 1 ingredient(s); no pH and no temperature
20	bacterial/TOGO_M749_Ravot_Modified_Medium_For_Fervidobacterium_SP._R8.yaml	CultureMech:010154	Ravot Modified Medium For Fervidobacterium SP. R8	1	only 1 ingredient(s); no pH and no temperature
20	bacterial/TOGO_M750_Ravot_Modified_Medium_For_Thermosipho_SP._G60.yaml	CultureMech:010156	Ravot Modified Medium For Thermosipho SP. G60	1	only 1 ingredient(s); no pH and no temperature
20	bacterial/TOGO_M775_Desulfovibrio_Marine_Medium.yaml	CultureMech:010183	Desulfovibrio Marine Medium	1	only 1 ingredient(s); no pH and no temperature
20	bacterial/TOGO_M777_Opitutus_Terrae_Medium.yaml	CultureMech:010185	Opitutus Terrae Medium	1	only 1 ingredient(s); no pH and no temperature
20	bacterial/TOGO_M789_Alkaline_Tryptone_Soya_Broth_Medium.yaml	CultureMech:010198	Alkaline Tryptone Soya Broth Medium	2	only 2 ingredient(s); no pH and no temperature
20	bacterial/TOGO_M828_m_TGE_Broth_Medium.yaml	CultureMech:010241	m TGE Broth Medium	2	only 2 ingredient(s); no pH and no temperature
20	bacterial/TOGO_M83_S8_Medium.yaml	CultureMech:010254	S8 Medium	2	only 2 ingredient(s); no pH and no temperature
20	bacterial/TOGO_M840_1_10_R2A_Broth.yaml	CultureMech:010255	1/10 R2A Broth	2	only 2 ingredient(s); no pH and no temperature
20	bacterial/TOGO_M887_m_TGE-GP_Medium.yaml	CultureMech:010305	m TGE-GP Medium	2	only 2 ingredient(s); no pH and no temperature
20	bacterial/TOGO_M900_Inorganic_Salts-Starch_Agar_ISP-4_With_15_NaCl.yaml	CultureMech:010319	Inorganic Salts-Starch Agar (ISP-4) With 15% NaCl	1	only 1 ingredient(s); no pH and no temperature
20	bacterial/TOGO_M916_R_Agar_With_10_NaCl.yaml	CultureMech:010336	R Agar With 10% NaCl	1	only 1 ingredient(s); no pH and no temperature
20	bacterial/bacto_marine_agar.yaml	CultureMech:006092	BACTO MARINE AGAR	1	only 1 ingredient(s); no pH and no temperature
20	bacterial/bl_agar.yaml	CultureMech:008201	BL Agar	2	only 2 ingredient(s); no pH and no temperature
20	bacterial/bl_with_0_5_maltose.yaml	CultureMech:009801	BL With 0.5% Maltose	1	only 1 ingredient(s); no pH and no temperature
20	bacterial/brain_heart_infusion_broth_with_glucose.yaml	CultureMech:009375	brain-heart infusion broth (with glucose)	2	only 2 ingredient(s); no pH and no temperature
20	bacterial/brucella_agar.yaml	CultureMech:001710	BRUCELLA AGAR	2	only 2 ingredient(s); no pH and no temperature
20	bacterial/brucella_blood_agar_with_hemin_menadione.yaml	CultureMech:003022	BRUCELLA BLOOD AGAR WITH HEMIN MENADIONE	2	only 2 ingredient(s); no pH and no temperature
20	bacterial/chm.yaml	CultureMech:000331	CHM	2	only 2 ingredient(s); no pH and no temperature
20	bacterial/chocolate_agar_with_5_sheep_blood.yaml	CultureMech:002436	CHOCOLATE AGAR WITH  5% SHEEP BLOOD	2	only 2 ingredient(s); no pH and no temperature
20	bacterial/complete_pleuropneumonia_like_organism_pplo_medium.yaml	CultureMech:009427	Complete pleuropneumonia-like organism (PPLO) medium	2	only 2 ingredient(s); no pH and no temperature
20	bacterial/de_man_rogosa_sharpe_mrs_broth_biokar_diagnostic.yaml	CultureMech:008813	De Man-Rogosa-Sharpe (MRS) broth (Biokar Diagnostic)	2	only 2 ingredient(s); no pH and no temperature
20	bacterial/dilute_filtered_malt_extract_agar.yaml	CultureMech:004153	DILUTE FILTERED MALT EXTRACT AGAR	2	only 2 ingredient(s); no pH and no temperature
20	bacterial/distilled_water.yaml	CultureMech:003010	DISTILLED WATER	1	only 1 ingredient(s); no pH and no temperature
20	bacterial/for_dsm_19966.yaml	CultureMech:003936	For DSM 19966	3	only 1/3 ingredients grounded; name 'For DSM 19966' identifies a strain, not a medium
20	bacterial/for_dsm_25088.yaml	CultureMech:003937	For DSM 25088	3	only 1/3 ingredients grounded; name 'For DSM 25088' identifies a strain, not a medium
20	bacterial/gam_agar.yaml	CultureMech:010155	GAM Agar	2	only 2 ingredient(s); no pH and no temperature
20	bacterial/gam_broth_with_1_lactose.yaml	CultureMech:003042	GAM BROTH WITH 1% LACTOSE	2	only 2 ingredient(s); no pH and no temperature
20	bacterial/gam_semisolid.yaml	CultureMech:003195	GAM SEMISOLID	2	only 2 ingredient(s); no pH and no temperature
20	bacterial/gifu_anaerobic_medium_gam_broth.yaml	CultureMech:009239	Gifu anaerobic medium (GAM) broth	2	only 2 ingredient(s); no pH and no temperature
20	bacterial/glycerol_asparagine_agar_isp_5_with_10_nacl.yaml	CultureMech:002767	GLYCEROL-ASPARAGINE AGAR (ISP-5) WITH 10% NaCl	2	only 2 ingredient(s); no pH and no temperature
20	bacterial/gm17.yaml	CultureMech:009478	GM17	2	only 2 ingredient(s); no pH and no temperature
20	bacterial/half_strength_heart_infusion_agar.yaml	CultureMech:002240	HALF STRENGTH HEART INFUSION AGAR	2	only 2 ingredient(s); no pH and no temperature
20	bacterial/hgam.yaml	CultureMech:009551	HGAM	2	only 2 ingredient(s); no pH and no temperature
20	bacterial/hm_buffer.yaml	CultureMech:009705	HM Buffer	2	only 2 ingredient(s); no pH and no temperature
20	bacterial/horikoshi_i_medium_with_2_nacl.yaml	CultureMech:002765	HORIKOSHI-I MEDIUM WITH 2% NaCl	2	only 2 ingredient(s); no pH and no temperature
20	bacterial/horikoshi_i_medium_with_3_5_nacl.yaml	CultureMech:002211	HORIKOSHI-I MEDIUM WITH 3.5% NaCl	2	only 2 ingredient(s); no pH and no temperature
20	bacterial/horikoshi_i_medium_with_5_nacl.yaml	CultureMech:002762	HORIKOSHI-I MEDIUM WITH 5% NaCl	2	only 2 ingredient(s); no pH and no temperature
20	bacterial/inorganic_salts_starch_agar_isp_4_with_10_nacl.yaml	CultureMech:002712	INORGANIC SALTS-STARCH AGAR (ISP-4) WITH 10% NaCl	2	only 2 ingredient(s); no pH and no temperature
20	bacterial/inorganic_salts_starch_agar_isp_4_with_15_nacl.yaml	CultureMech:003209	INORGANIC SALTS-STARCH AGAR (ISP-4) WITH 15% NaCl	2	only 2 ingredient(s); no pH and no temperature
20	bacterial/inorganic_salts_starch_agar_isp_4_with_5_nacl.yaml	CultureMech:002328	INORGANIC SALTS-STARCH AGAR (ISP-4) WITH 5% NaCl	2	only 2 ingredient(s); no pH and no temperature
20	bacterial/ird_marine_clostridia_medium_2.yaml	CultureMech:010411	IRD Marine Clostridia Medium-2	2	only 2 ingredient(s); no pH and no temperature
20	bacterial/isp_7_medium.yaml	CultureMech:001099	ISP 7 MEDIUM	2	only 2 ingredient(s); no pH and no temperature
20	bacterial/jcm_medium_no_247.yaml	CultureMech:002608	JCM MEDIUM No. 247	2	only 2 ingredient(s); no pH and no temperature
20	bacterial/jcm_medium_no_248.yaml	CultureMech:002609	JCM MEDIUM No. 248	2	only 2 ingredient(s); no pH and no temperature
20	bacterial/jcm_medium_no_69.yaml	CultureMech:003045	JCM MEDIUM No. 69	2	only 2 ingredient(s); no pH and no temperature
20	bacterial/m17_broth_containing_glucose.yaml	CultureMech:009066	M17 broth (containing glucose)	2	only 2 ingredient(s); no pH and no temperature
20	bacterial/m17_broth_containing_lactose.yaml	CultureMech:009067	M17 broth (containing lactose)	2	only 2 ingredient(s); no pH and no temperature
20	bacterial/m17_medium_difco_containing_0_5_glucose_gm17.yaml	CultureMech:009417	M17 medium (Difco) containing 0.5% glucose (GM17)	2	only 2 ingredient(s); no pH and no temperature
20	bacterial/m17_medium_supplemented_with_20_g_l_of_lactose.yaml	CultureMech:008819	M17 medium supplemented with 20 g/L of lactose	2	only 2 ingredient(s); no pH and no temperature
20	bacterial/m_05.yaml	CultureMech:000910	M 05	2	only 2 ingredient(s); no pH and no temperature
20	bacterial/marine_agar_2216.yaml	CultureMech:007629	Marine Agar 2216	2	only 2 ingredient(s); no pH and no temperature
20	bacterial/marine_agar_2216_with_10_nacl.yaml	CultureMech:010162	Marine Agar 2216 With 10% NaCl	1	only 1 ingredient(s); no pH and no temperature
20	bacterial/marine_agar_2216_with_1_nacl.yaml	CultureMech:010393	Marine Agar 2216 With 1% NaCl	1	only 1 ingredient(s); no pH and no temperature
20	bacterial/marine_agar_2216_with_1_starch.yaml	CultureMech:007776	Marine Agar 2216 With 1% Starch	1	only 1 ingredient(s); no pH and no temperature
20	bacterial/marine_agar_2216_with_3_1_nacl.yaml	CultureMech:009731	Marine Agar 2216 With  3.1% NaCl	1	only 1 ingredient(s); no pH and no temperature
20	bacterial/marine_agar_2216_with_5_nacl.yaml	CultureMech:010161	Marine Agar 2216 with 5% NaCl	1	only 1 ingredient(s); no pH and no temperature
20	bacterial/marine_agar_2216_with_8_0_nacl.yaml	CultureMech:007591	Marine Agar 2216 With  8.0% NaCl	1	only 1 ingredient(s); no pH and no temperature
20	bacterial/marine_agar_2216_with_8_nacl.yaml	CultureMech:009926	Marine Agar 2216 With 8% NaCl	1	only 1 ingredient(s); no pH and no temperature
20	bacterial/marine_agar_with_1_tween_20.yaml	CultureMech:010205	Marine Agar With 1% Tween 20	1	only 1 ingredient(s); no pH and no temperature
20	bacterial/marine_broth_2216.yaml	CultureMech:008094	Marine Broth 2216	2	only 2 ingredient(s); no pH and no temperature
20	bacterial/marine_broth_2216_with_pyruvate.yaml	CultureMech:007874	Marine Broth 2216 With Pyruvate	2	only 2 ingredient(s); no pH and no temperature
20	bacterial/marine_caulobacter_medium.yaml	CultureMech:006089	MARINE CAULOBACTER medium	3	no ingredient is grounded
20	bacterial/marine_chloroflexi_medium.yaml	CultureMech:007806	Marine Chloroflexi Medium	1	only 1 ingredient(s); no pH and no temperature
20	bacterial/mb_medium_with_formate.yaml	CultureMech:003033	MB MEDIUM WITH FORMATE	1	only 1 ingredient(s); no pH and no temperature
20	bacterial/me_agar.yaml	CultureMech:002616	ME AGAR	1	only 1 ingredient(s); no pH and no temperature
20	bacterial/middlebrook_7h10_agar_with_oadc_enrichment.yaml	CultureMech:002743	MIDDLEBROOK 7H10 AGAR WITH OADC ENRICHMENT	2	only 2 ingredient(s); no pH and no temperature
20	bacterial/modified_gam_agar.yaml	CultureMech:003001	MODIFIED GAM AGAR	1	only 1 ingredient(s); no pH and no temperature
20	bacterial/modified_gam_broth.yaml	CultureMech:009699	Modified GAM Broth	2	only 2 ingredient(s); no pH and no temperature
20	bacterial/modified_gam_broth_glucose.yaml	CultureMech:008759	Modified GAM broth + glucose	2	only 2 ingredient(s); no pH and no temperature
20	bacterial/mrs_fructose_medium.yaml	CultureMech:003199	MRS FRUCTOSE MEDIUM	2	only 2 ingredient(s); no pH and no temperature
20	bacterial/mrs_medium_containing_erythromycin.yaml	CultureMech:009064	MRS medium (containing erythromycin)	2	only 2 ingredient(s); no pH and no temperature
20	bacterial/mrs_supplemented_with_0_05_cysteine.yaml	CultureMech:009343	MRS supplemented with 0.05% cysteine	2	only 2 ingredient(s); no pH and no temperature
20	bacterial/nutrient_agar_with_0_05_yeast_extract_and_3_nacl.yaml	CultureMech:007712	Nutrient Agar With 0.05% Yeast Extract And 3% NaCl	2	only 2 ingredient(s); no pH and no temperature
20	bacterial/nutrient_broth_nb_difco.yaml	CultureMech:008787	Nutrient broth (NB) (Difco)	2	only 2 ingredient(s); no pH and no temperature
20	bacterial/patel_laboratory_medium_with_glycerin.yaml	CultureMech:003123	PATEL LABORATORY MEDIUM WITH GLYCERIN	1	only 1 ingredient(s); no pH and no temperature
20	bacterial/pby_medium.yaml	CultureMech:002553	PBY MEDIUM	3	no ingredient is grounded
20	bacterial/pplo_pleuropneumonia_like_organism_medium.yaml	CultureMech:009512	PPLO (pleuropneumonia-like organism) medium	2	only 2 ingredient(s); no pH and no temperature
20	bacterial/quarter_strength_marine_broth_2216.yaml	CultureMech:007635	Quarter Strength Marine Broth 2216	2	only 2 ingredient(s); no pH and no temperature
20	bacterial/r2a_agar_with_1_nacl.yaml	CultureMech:003261	R2A AGAR WITH 1% NaCl	2	only 2 ingredient(s); no pH and no temperature
20	bacterial/r2a_agar_with_2_nacl.yaml	CultureMech:002325	R2A AGAR WITH 2% NaCl	2	only 2 ingredient(s); no pH and no temperature
20	bacterial/r2a_agar_with_3_nacl.yaml	CultureMech:002447	R2A AGAR WITH 3% NaCl	2	only 2 ingredient(s); no pH and no temperature
20	bacterial/r2a_agar_with_fumarate.yaml	CultureMech:002402	R2A AGAR WITH FUMARATE	2	only 2 ingredient(s); no pH and no temperature
20	bacterial/r2a_medium_daigo.yaml	CultureMech:008718	R2A Medium (DAIGO)	2	only 2 ingredient(s); no pH and no temperature
20	bacterial/r_agar_with_10_nacl.yaml	CultureMech:003224	R AGAR WITH 10% NaCl	2	only 2 ingredient(s); no pH and no temperature
20	bacterial/r_agar_with_3_nacl.yaml	CultureMech:002313	R AGAR WITH 3% NaCl	2	only 2 ingredient(s); no pH and no temperature
20	bacterial/r_agar_with_5_nacl.yaml	CultureMech:003111	R AGAR WITH 5% NaCl	2	only 2 ingredient(s); no pH and no temperature
20	bacterial/r_agar_with_catalase.yaml	CultureMech:002351	R AGAR WITH CATALASE	2	only 2 ingredient(s); no pH and no temperature
20	bacterial/reinforced_clostridial_medium.yaml	CultureMech:002960	REINFORCED CLOSTRIDIAL MEDIUM	2	only 2 ingredient(s); no pH and no temperature
20	bacterial/reinforced_clostridial_medium_oxoid_cm149_with_sodium_lactate_60_solution_at_a_concentration_of_1_5.yaml	CultureMech:009180	Reinforced Clostridial medium (Oxoid CM149) with sodium lactate (60% solution) at a concentration of 1.5%	2	only 2 ingredient(s); no pH and no temperature
20	bacterial/seawater_medium.yaml	CultureMech:001225	SEAWATER MEDIUM	3	no ingredient is grounded
20	bacterial/sheep_blood_agar.yaml	CultureMech:009082	sheep blood agar	2	only 2 ingredient(s); no pH and no temperature
20	bacterial/sucrose_peptone_medium.yaml	CultureMech:001573	SUCROSE-PEPTONE-MEDIUM	2	only 2 ingredient(s); no pH and no temperature
20	bacterial/thermodesulfovibrio_medium.yaml	CultureMech:002828	THERMODESULFOVIBRIO MEDIUM	2	only 2 ingredient(s); no pH and no temperature
20	bacterial/thioglycollate_medium.yaml	CultureMech:002878	THIOGLYCOLLATE MEDIUM	1	only 1 ingredient(s); no pH and no temperature
20	bacterial/todd_hewitt_agar.yaml	CultureMech:002606	TODD HEWITT AGAR	2	only 2 ingredient(s); no pH and no temperature
20	bacterial/todd_hewitt_broth.yaml	CultureMech:009432	Todd–Hewitt broth	2	only 2 ingredient(s); no pH and no temperature
20	bacterial/togo_medium_m1444.yaml	CultureMech:007984	(Unnamed medium)	1	only 1 ingredient(s); no pH and no temperature
20	bacterial/togo_medium_m1446.yaml	CultureMech:007986	(Unnamed medium)	2	only 2 ingredient(s); no pH and no temperature
20	bacterial/togo_medium_m1528.yaml	CultureMech:008074	(Unnamed medium)	2	only 2 ingredient(s); no pH and no temperature
20	bacterial/togo_medium_m1749.yaml	CultureMech:008312	(Unnamed medium)	2	only 2 ingredient(s); no pH and no temperature
20	bacterial/togo_medium_m61.yaml	CultureMech:010019	(Unnamed medium)	1	only 1 ingredient(s); no pH and no temperature
20	bacterial/tomato_juice_milk_medium.yaml	CultureMech:001453	TOMATO JUICE MILK Medium	3	no ingredient is grounded
20	bacterial/tryptose_phosphate_agar.yaml	CultureMech:002516	TRYPTOSE PHOSPHATE AGAR	2	only 2 ingredient(s); no pH and no temperature
20	bacterial/tsb_0_2_w_v_na2co3.yaml	CultureMech:008236	TSB + 0.2%(w/v) Na2CO3	2	only 2 ingredient(s); no pH and no temperature
20	bacterial/v_8_juice_tap_water_agar.yaml	CultureMech:008056	V-8 Juice Tap Water Agar	2	only 2 ingredient(s); no pH and no temperature
20	bacterial/vegetable_juice_seawater_agar_v_8_swa.yaml	CultureMech:007955	Vegetable Juice Seawater Agar (V-8 SWA)	2	only 2 ingredient(s); no pH and no temperature
20	bacterial/weak_oatmeal_agar.yaml	CultureMech:002371	WEAK OATMEAL AGAR	2	only 2 ingredient(s); no pH and no temperature
20	bacterial/yeast_extract_malt_extract_agar_isp_2_with_2_nacl.yaml	CultureMech:007763	Yeast Extract-Malt Extract Agar (ISP-2) With 2% NaCl	1	only 1 ingredient(s); no pH and no temperature
20	bacterial/yeast_extract_malt_extract_agar_isp_2_with_5_nacl.yaml	CultureMech:008596	Yeast Extract-Malt Extract Agar (ISP-2) With 5% NaCl	1	only 1 ingredient(s); no pH and no temperature
20	bacterial/yeast_extract_malt_extract_agar_isp_2_with_5_nacl_ph_9_0.yaml	CultureMech:009920	Yeast Extract-Malt Extract Agar (ISP-2) With 5% NaCl (pH 9.0)	1	only 1 ingredient(s); no pH and no temperature
20	fungal/bl_with_0_5_maltose.yaml	CultureMech:010526	BL WITH 0.5% MALTOSE	2	only 2 ingredient(s); no pH and no temperature
20	fungal/dilute_filtered_malt_extract_agar.yaml	CultureMech:010452	DILUTE FILTERED MALT EXTRACT AGAR	2	only 2 ingredient(s); no pH and no temperature
20	fungal/inorganic_salts_starch_agar_isp_4_with_0_05_yeast_extract.yaml	CultureMech:010510	INORGANIC SALTS-STARCH AGAR (ISP-4) WITH 0.05% YEAST EXTRACT	2	only 2 ingredient(s); no pH and no temperature
20	fungal/oatmeal_agar_isp_3_with_0_1_yeast_extract.yaml	CultureMech:010531	OATMEAL AGAR (ISP-3) WITH 0.1% YEAST EXTRACT	2	only 2 ingredient(s); no pH and no temperature
20	fungal/sabouraud_glucose_medium.yaml	CultureMech:010453	SABOURAUD GLUCOSE MEDIUM	2	only 2 ingredient(s); no pH and no temperature
20	fungal/yeast_extract_malt_extract_agar_isp_2_with_2_nacl.yaml	CultureMech:010493	YEAST EXTRACT-MALT EXTRACT AGAR (ISP-2) WITH 2% NaCl	2	only 2 ingredient(s); no pH and no temperature
20	fungal/yeast_extract_malt_extract_agar_isp_2_with_5_nacl.yaml	CultureMech:010509	YEAST EXTRACT-MALT EXTRACT AGAR (ISP-2) WITH 5% NaCl	2	only 2 ingredient(s); no pH and no temperature
20	specialized/bacto_marine_agar.yaml	CultureMech:015364	BACTO MARINE AGAR	1	only 1 ingredient(s); no pH and no temperature
20	specialized/brewer_anaerobic_agar_with_2_nacl.yaml	CultureMech:015412	BREWER ANAEROBIC AGAR WITH 2% NaCl	2	only 2 ingredient(s); no pH and no temperature
20	specialized/half_strength_marine_agar.yaml	CultureMech:015425	HALF STRENGTH MARINE AGAR	2	only 2 ingredient(s); no pH and no temperature
20	specialized/half_strength_marine_medium_with_1_0_nacl.yaml	CultureMech:015420	HALF STRENGTH MARINE MEDIUM WITH 1.0% NaCl	2	only 2 ingredient(s); no pH and no temperature
20	specialized/marine_agar_2216.yaml	CultureMech:015393	MARINE AGAR 2216	1	only 1 ingredient(s); no pH and no temperature
20	specialized/marine_agar_2216_with_10_nacl.yaml	CultureMech:015418	MARINE AGAR 2216 WITH 10% NaCl	2	only 2 ingredient(s); no pH and no temperature
20	specialized/marine_agar_2216_with_1_nacl.yaml	CultureMech:015426	MARINE AGAR 2216 WITH 1% NaCl	2	only 2 ingredient(s); no pH and no temperature
20	specialized/marine_agar_2216_with_1_starch.yaml	CultureMech:015387	MARINE AGAR 2216 WITH 1% STARCH	2	only 2 ingredient(s); no pH and no temperature
20	specialized/marine_agar_2216_with_3_1_nacl.yaml	CultureMech:015400	MARINE AGAR 2216 WITH  3.1% NaCl	2	only 2 ingredient(s); no pH and no temperature
20	specialized/marine_agar_2216_with_5_nacl.yaml	CultureMech:015417	MARINE AGAR 2216 with 5% NaCl	2	only 2 ingredient(s); no pH and no temperature
20	specialized/marine_agar_2216_with_8_0_nacl.yaml	CultureMech:015372	MARINE AGAR 2216 WITH  8.0% NaCl	2	only 2 ingredient(s); no pH and no temperature
20	specialized/marine_agar_2216_with_8_nacl.yaml	CultureMech:015410	MARINE AGAR 2216 WITH 8% NaCl	2	only 2 ingredient(s); no pH and no temperature
20	specialized/marine_agar_with_1_tween_20.yaml	CultureMech:015421	MARINE AGAR WITH 1% TWEEN 20	2	only 2 ingredient(s); no pH and no temperature
20	specialized/marine_broth_2216_with_cellobiose.yaml	CultureMech:015385	MARINE BROTH 2216 WITH CELLOBIOSE	2	only 2 ingredient(s); no pH and no temperature
20	specialized/marine_caulobacter_medium.yaml	CultureMech:015363	MARINE CAULOBACTER MEDIUM	3	no ingredient is grounded
15	algae/bg11.yaml	CultureMech:015450	BG11	14	no media_term (untraceable to a source catalogue); no pH and no temperature
15	algae/bg11_no_bicarb.yaml	CultureMech:015451	BG11 no bicarb	13	no media_term (untraceable to a source catalogue); no pH and no temperature
15	algae/bg11_nonitrogen.yaml	CultureMech:015452	BG11 noNitrogen	13	no media_term (untraceable to a source catalogue); no pH and no temperature
15	algae/bg11_tes_no_bicarb.yaml	CultureMech:015453	BG11 TES no bicarb	14	no media_term (untraceable to a source catalogue); no pH and no temperature
15	algae/bg11c.yaml	CultureMech:015454	BG11C	14	no media_term (untraceable to a source catalogue); no pH and no temperature
15	algae/bg11c_tes.yaml	CultureMech:015455	BG11C TES	15	no media_term (untraceable to a source catalogue); no pH and no temperature
15	algae/bg11r.yaml	CultureMech:015456	BG11R	14	no media_term (untraceable to a source catalogue); no pH and no temperature
15	archaea/KOMODO_184_DESULFUROCOCCUS_medium.yaml	CultureMech:004208	DESULFUROCOCCUS medium	1	only 1 ingredient(s)
15	archaea/KOMODO_723_PICROPHILUS_medium.yaml	CultureMech:006366	PICROPHILUS medium	1	only 1 ingredient(s)
15	archaea/TOGO_M1265_Modified_Cellulolytic_Haloarchaea_Medium.yaml	CultureMech:007797	Modified Cellulolytic Haloarchaea Medium	3	only 1/3 ingredients grounded; no pH and no temperature
15	archaea/halomarina_medium.yaml	CultureMech:008522	Halomarina medium	5	only 2/5 ingredients grounded; no pH and no temperature
15	bacterial/1_10_marine_broth_agar.yaml	CultureMech:008340	1/10 Marine Broth (Agar)	3	only 1/3 ingredients grounded; no pH and no temperature
15	bacterial/1_10_mb_agar.yaml	CultureMech:008604	1/10 MB agar	4	only 1/4 ingredients grounded; no pH and no temperature
15	bacterial/1_10_potato_carrot_agar.yaml	CultureMech:002908	1/10 POTATO-CARROT AGAR	3	only 1/3 ingredients grounded; no pH and no temperature
15	bacterial/1_10_strength_ytss_agar.yaml	CultureMech:008905	1/10-strength YTSS agar	4	only 1/4 ingredients grounded; no pH and no temperature
15	bacterial/1_2_marine_broth_agar.yaml	CultureMech:008758	1/2 Marine Broth (Agar)	3	only 1/3 ingredients grounded; no pH and no temperature
15	bacterial/1_3_lb.yaml	CultureMech:008632	1/3 LB	5	only 2/5 ingredients grounded; no pH and no temperature
15	bacterial/1_5_marine_agar_broth.yaml	CultureMech:008494	1/5 Marine Agar/Broth	3	only 1/3 ingredients grounded; no pH and no temperature
15	bacterial/1_tryptone_agar.yaml	CultureMech:002718	1% TRYPTONE AGAR	2	only 2 ingredient(s)
15	bacterial/25_glucose_medium.yaml	CultureMech:003216	25% GLUCOSE MEDIUM	5	only 2/5 ingredients grounded; no pH and no temperature
15	bacterial/4_yaco_media.yaml	CultureMech:009318	4-YACo media	16	only 7/16 ingredients grounded; no pH and no temperature
15	bacterial/948_oxoid_nutrient_broth_with_additonal_salt.yaml	CultureMech:001029	948 (OXOID NUTRIENT BROTH) WITH ADDITONAL SALT	4	only 1/4 ingredients grounded; no pH and no temperature
15	bacterial/DSMZ_687_COLUMBIA_BLOOD_AGAR.yaml	CultureMech:001823	COLUMBIA BLOOD AGAR	7	only 3/7 ingredients grounded; no pH and no temperature
15	bacterial/JCM_J1305_HELICOBACTER_MEDIUM.yaml	CultureMech:002469	HELICOBACTER MEDIUM	5	only 1/5 ingredients grounded; no pH and no temperature
15	bacterial/JCM_J54_POTATO-CARROT_AGAR.yaml	CultureMech:002897	POTATO-CARROT AGAR	3	only 1/3 ingredients grounded; no pH and no temperature
15	bacterial/JCM_J720_TCG_MEDIUM.yaml	CultureMech:003065	TCG MEDIUM	5	only 2/5 ingredients grounded; no pH and no temperature
15	bacterial/KOMODO_1009_TCG_medium.yaml	CultureMech:003514	TCG medium	5	only 2/5 ingredients grounded; no pH and no temperature
15	bacterial/KOMODO_1054_A1-MEDIUM.yaml	CultureMech:003630	A1-MEDIUM	5	only 2/5 ingredients grounded; no pH and no temperature
15	bacterial/KOMODO_1168_YPS_medium.yaml	CultureMech:003886	YPS medium	4	only 1/4 ingredients grounded; no pH and no temperature
15	bacterial/KOMODO_1177_RUBITELEA_medium.yaml	CultureMech:003897	RUBITELEA medium	5	only 2/5 ingredients grounded; no pH and no temperature
15	bacterial/KOMODO_1199_K7_medium.yaml	CultureMech:003938	K7 medium	3	only 1/3 ingredients grounded; no pH and no temperature
15	bacterial/KOMODO_1203_FASTIDIOUS_ANAEROBE_AGAR.yaml	CultureMech:003951	FASTIDIOUS ANAEROBE AGAR	2	only 2 ingredient(s)
15	bacterial/KOMODO_138_LINDANE_medium.yaml	CultureMech:004112	LINDANE medium	2	only 2 ingredient(s)
15	bacterial/KOMODO_189_OAT_FLAKE_medium.yaml	CultureMech:004213	OAT FLAKE medium	2	only 2 ingredient(s)
15	bacterial/KOMODO_191_CORN_MEAL_AGAR.yaml	CultureMech:004218	CORN MEAL AGAR	2	only 2 ingredient(s)
15	bacterial/KOMODO_3073_Trace_element_solution_medium_318.yaml	CultureMech:004859	Trace element solution (medium 318)	1	only 1 ingredient(s)
15	bacterial/KOMODO_438_BORDET-GENGOU-MEDIUM_DIFCO.yaml	CultureMech:005286	BORDET-GENGOU-MEDIUM (DIFCO)	8	only 2/8 ingredients grounded; no pH and no temperature
15	bacterial/KOMODO_51_SPHAEROTILUS_medium.yaml	CultureMech:005878	SPHAEROTILUS medium	2	only 2 ingredient(s)
15	bacterial/KOMODO_849_AE_medium.yaml	CultureMech:006656	AE medium	6	only 2/6 ingredients grounded; no pH and no temperature
15	bacterial/NBRC_1038.yaml	CultureMech:007451	1038	7	no media_term (untraceable to a source catalogue); no pH and no temperature
15	bacterial/NBRC_1245.yaml	CultureMech:007466	1245	7	no media_term (untraceable to a source catalogue); no pH and no temperature
15	bacterial/NBRC_1298.yaml	CultureMech:007470	1298	9	no media_term (untraceable to a source catalogue); no pH and no temperature
15	bacterial/NBRC_815.yaml	CultureMech:007495	815	7	no media_term (untraceable to a source catalogue); no pH and no temperature
15	bacterial/NBRC_YPG_MEDIUM.yaml	CultureMech:007512	YPG Medium	4	no media_term (untraceable to a source catalogue); no pH and no temperature
15	bacterial/TOGO_M1004_Modified_Growth_Medium_With_23_Total_Salt_Concentration.yaml	CultureMech:007517	Modified Growth Medium With 23% Total Salt Concentration	3	only 1/3 ingredients grounded; no pH and no temperature
15	bacterial/TOGO_M1050_M30.yaml	CultureMech:007567	M30	7	only 2/7 ingredients grounded; no pH and no temperature
15	bacterial/TOGO_M1078_Freshwater_SAP2_Medium.yaml	CultureMech:007593	Freshwater SAP2 Medium	3	only 1/3 ingredients grounded; no pH and no temperature
15	bacterial/TOGO_M1101_MPYCY_Agar_Medium.yaml	CultureMech:007620	MPYCY Agar Medium	6	only 2/6 ingredients grounded; no pH and no temperature
15	bacterial/TOGO_M1102_MPYCY_Agar_Medium.yaml	CultureMech:007621	MPYCY Agar Medium	5	only 2/5 ingredients grounded; no pH and no temperature
15	bacterial/TOGO_M111_BCYE_Agar.yaml	CultureMech:007640	BCYE Agar	3	only 1/3 ingredients grounded; no pH and no temperature
15	bacterial/TOGO_M1136_Freshwater_Iron-Oxidizing_Bacteria_Medium-II.yaml	CultureMech:007658	Freshwater Iron-Oxidizing Bacteria Medium-II	5	only 2/5 ingredients grounded; no pH and no temperature
15	bacterial/TOGO_M1177_Anaerobic_Natural_Seawater_Medium.yaml	CultureMech:007702	Anaerobic Natural Seawater Medium	5	only 2/5 ingredients grounded; no pH and no temperature
15	bacterial/TOGO_M1192_Modified_SW-25_Medium.yaml	CultureMech:007718	Modified SW-25 Medium	3	only 1/3 ingredients grounded; no pH and no temperature
15	bacterial/TOGO_M1250_LB_Luria-Bertani_Agar_With_Kanamycin_And_Rifampicin.yaml	CultureMech:007781	LB (Luria-Bertani) Agar With Kanamycin And Rifampicin	7	only 3/7 ingredients grounded; no pH and no temperature
15	bacterial/TOGO_M129_MYCA_Medium.yaml	CultureMech:007833	MYCA Medium	5	only 2/5 ingredients grounded; no pH and no temperature
15	bacterial/TOGO_M1304_BSW3_Agar.yaml	CultureMech:007839	BSW3 Agar	5	only 2/5 ingredients grounded; no pH and no temperature
15	bacterial/TOGO_M1366_Chocolate_Agar_With_5_Sheep_Blood.yaml	CultureMech:007904	Chocolate Agar With  5% Sheep Blood	3	only 1/3 ingredients grounded; no pH and no temperature
15	bacterial/TOGO_M13_Lactobacillus_Sakei_Medium.yaml	CultureMech:007936	Lactobacillus Sakei Medium	5	only 2/5 ingredients grounded; no pH and no temperature
15	bacterial/TOGO_M1402_Helicobacter_Medium.yaml	CultureMech:007939	Helicobacter Medium	6	only 1/6 ingredients grounded; no pH and no temperature
15	bacterial/TOGO_M1474_Blood_Agar.yaml	CultureMech:008017	Blood Agar	3	only 1/3 ingredients grounded; no pH and no temperature
15	bacterial/TOGO_M148_Eubacterium_Medium.yaml	CultureMech:008034	Eubacterium Medium	5	only 2/5 ingredients grounded; no pH and no temperature
15	bacterial/TOGO_M149_Tryptose_Phosphate_Agar.yaml	CultureMech:008044	Tryptose Phosphate Agar	3	only 1/3 ingredients grounded; no pH and no temperature
15	bacterial/TOGO_M1540_Enriched_Cytophaga_Agar.yaml	CultureMech:008088	Enriched Cytophaga Agar	6	only 2/6 ingredients grounded; no pH and no temperature
15	bacterial/TOGO_M1545_Caulobacter_Medium.yaml	CultureMech:008093	Caulobacter Medium	5	only 2/5 ingredients grounded; no pH and no temperature
15	bacterial/TOGO_M1587_JXT_Medium.yaml	CultureMech:008137	JXT Medium	4	only 1/4 ingredients grounded; no pH and no temperature
15	bacterial/TOGO_M1593_CYC_Agar.yaml	CultureMech:008144	CYC Agar	5	only 2/5 ingredients grounded; no pH and no temperature
15	bacterial/TOGO_M1696_Reinforced_Clostridial_medium.yaml	CultureMech:008256	Reinforced Clostridial medium	3	only 1/3 ingredients grounded; no pH and no temperature
15	bacterial/TOGO_M1839_1_Tryptone_Agar.yaml	CultureMech:008412	1% Tryptone Agar	3	only 1/3 ingredients grounded; no pH and no temperature
15	bacterial/TOGO_M184_PBY_Medium.yaml	CultureMech:008424	PBY Medium	4	only 1/4 ingredients grounded; no pH and no temperature
15	bacterial/TOGO_M2107_BTT_medium.yaml	CultureMech:008699	BTT medium	6	only 2/6 ingredients grounded; no pH and no temperature
15	bacterial/TOGO_M2133_BCYEα_Agar.yaml	CultureMech:008727	BCYEα Agar	9	only 4/9 ingredients grounded; no pH and no temperature
15	bacterial/TOGO_M2176_Renibacterium_KDM-2_medium.yaml	CultureMech:008770	Renibacterium KDM-2 medium	7	only 3/7 ingredients grounded; no pH and no temperature
15	bacterial/TOGO_M217_JXT_Medium.yaml	CultureMech:008774	JXT Medium	4	only 1/4 ingredients grounded; no pH and no temperature
15	bacterial/TOGO_M2215_PPLO_broth.yaml	CultureMech:008805	PPLO broth	7	only 2/7 ingredients grounded; no pH and no temperature
15	bacterial/TOGO_M2250_Lactobacilli_MRS_Agar_Broth.yaml	CultureMech:008839	Lactobacilli MRS Agar/Broth	11	only 4/11 ingredients grounded; no pH and no temperature
15	bacterial/TOGO_M2285_Vibrio_Natriegens_Medium.yaml	CultureMech:008871	Vibrio Natriegens Medium	5	only 2/5 ingredients grounded; no pH and no temperature
15	bacterial/TOGO_M2303_Thermus_Ruber_Medium.yaml	CultureMech:008889	Thermus Ruber Medium	5	only 2/5 ingredients grounded; no pH and no temperature
15	bacterial/TOGO_M2314_LB_medium.yaml	CultureMech:008901	LB medium	3	only 1/3 ingredients grounded; no pH and no temperature
15	bacterial/TOGO_M2316_Ottow_Medium.yaml	CultureMech:008903	Ottow Medium	7	only 3/7 ingredients grounded; no pH and no temperature
15	bacterial/TOGO_M2337_Cytophaga_Hutchinsonii_Medium.yaml	CultureMech:008924	Cytophaga Hutchinsonii Medium	5	only 2/5 ingredients grounded; no pH and no temperature
15	bacterial/TOGO_M2339_Nutrient_Agar.yaml	CultureMech:008926	Nutrient Agar	4	only 1/4 ingredients grounded; no pH and no temperature
15	bacterial/TOGO_M2340_Nutrient_Agar.yaml	CultureMech:008928	Nutrient Agar	5	only 2/5 ingredients grounded; no pH and no temperature
15	bacterial/TOGO_M2354_Medium_For_Erythrobacter_Longus.yaml	CultureMech:008939	Medium For Erythrobacter Longus	7	only 1/7 ingredients grounded; no pH and no temperature
15	bacterial/TOGO_M2358_Reactivation_With_Liquid_Medium_1.yaml	CultureMech:008943	Reactivation With Liquid Medium 1	4	only 1/4 ingredients grounded; no pH and no temperature
15	bacterial/TOGO_M2361_YE_10_Ca_Medium.yaml	CultureMech:008947	YE/10 + Ca Medium	5	only 2/5 ingredients grounded; no pH and no temperature
15	bacterial/TOGO_M2366_BSK-Medium.yaml	CultureMech:008950	BSK-Medium	19	only 9/19 ingredients grounded; no pH and no temperature
15	bacterial/TOGO_M2447_LB_Agar_Miller.yaml	CultureMech:009026	LB Agar, Miller	5	only 2/5 ingredients grounded; no pH and no temperature
15	bacterial/TOGO_M2450_SP4-Z_Medium.yaml	CultureMech:009030	SP4-Z Medium	9	only 1/9 ingredients grounded; no pH and no temperature
15	bacterial/TOGO_M2451_SP4-Z_Medium.yaml	CultureMech:009031	SP4-Z Medium	9	only 1/9 ingredients grounded; no pH and no temperature
15	bacterial/TOGO_M2452_SP4-Z_Medium.yaml	CultureMech:009032	SP4-Z Medium	10	only 2/10 ingredients grounded; no pH and no temperature
15	bacterial/TOGO_M2453_SP4-Z_Medium.yaml	CultureMech:009033	SP4-Z Medium	10	only 2/10 ingredients grounded; no pH and no temperature
15	bacterial/TOGO_M2588_Chopped_Meat_Medium.yaml	CultureMech:009156	Chopped Meat Medium	10	only 4/10 ingredients grounded; no pH and no temperature
15	bacterial/TOGO_M2710_Chopped_meat_medium.yaml	CultureMech:009262	Chopped meat medium	9	only 4/9 ingredients grounded; no pH and no temperature
15	bacterial/TOGO_M2783_Nutrient_broth.yaml	CultureMech:009332	Nutrient broth	7	only 2/7 ingredients grounded; no pH and no temperature
15	bacterial/TOGO_M2840_YPG_medium.yaml	CultureMech:009382	YPG medium	3	only 1/3 ingredients grounded; no pH and no temperature
15	bacterial/TOGO_M3060_OTTOW_MEDIUM.yaml	CultureMech:009575	OTTOW MEDIUM	8	only 3/8 ingredients grounded; no pH and no temperature
15	bacterial/TOGO_M3116_Nutrient_Agar.yaml	CultureMech:009588	Nutrient Agar	4	only 1/4 ingredients grounded; no pH and no temperature
15	bacterial/TOGO_M353_1_Tryptone_Agar.yaml	CultureMech:009733	1% Tryptone Agar	3	only 1/3 ingredients grounded; no pH and no temperature
15	bacterial/TOGO_M358_PY4SR_Agar.yaml	CultureMech:009738	PY4SR Agar	3	only 1/3 ingredients grounded; no pH and no temperature
15	bacterial/TOGO_M379_Glycerol-Soil_Medium.yaml	CultureMech:009760	Glycerol-Soil Medium	7	only 3/7 ingredients grounded; no pH and no temperature
15	bacterial/TOGO_M41_CYC_Agar.yaml	CultureMech:009805	CYC Agar	5	only 2/5 ingredients grounded; no pH and no temperature
15	bacterial/TOGO_M458_B_Medium.yaml	CultureMech:009845	B Medium	9	only 4/9 ingredients grounded; no pH and no temperature
15	bacterial/TOGO_M573_Yeast_Extract-Malt_Extract_Agar_ISP-2_With_Artificial_Seawater.yaml	CultureMech:009969	Yeast Extract-Malt Extract Agar (ISP-2) With Artificial Seawater	5	only 2/5 ingredients grounded; no pH and no temperature
15	bacterial/TOGO_M618_Sphaerotilus_Medium.yaml	CultureMech:010017	Sphaerotilus Medium	5	only 2/5 ingredients grounded; no pH and no temperature
15	bacterial/TOGO_M627_CYS_Medium.yaml	CultureMech:010027	CYS Medium	15	only 5/15 ingredients grounded; no pH and no temperature
15	bacterial/TOGO_M628_CYS_Medium_For_YMO722.yaml	CultureMech:010028	CYS Medium For YMO722	15	only 5/15 ingredients grounded; no pH and no temperature
15	bacterial/TOGO_M634_Modified_Thermus_Medium_With_3_NaCl.yaml	CultureMech:010034	Modified Thermus Medium With 3% NaCl	5	only 2/5 ingredients grounded; no pH and no temperature
15	bacterial/TOGO_M676_Pelagicoccus_Agar.yaml	CultureMech:010080	Pelagicoccus Agar	3	only 1/3 ingredients grounded; no pH and no temperature
15	bacterial/TOGO_M680_MBG-20.yaml	CultureMech:010085	MBG-20	5	only 2/5 ingredients grounded; no pH and no temperature
15	bacterial/TOGO_M681_Nutrient_Broth.yaml	CultureMech:010086	Nutrient Broth	3	only 1/3 ingredients grounded; no pH and no temperature
15	bacterial/TOGO_M684_YM_Broth.yaml	CultureMech:010089	YM Broth	5	only 2/5 ingredients grounded; no pH and no temperature
15	bacterial/TOGO_M696_Brucella_Blood_Agar_With_Hemin_Menadione.yaml	CultureMech:010102	Brucella Blood Agar With Hemin Menadione	3	only 1/3 ingredients grounded; no pH and no temperature
15	bacterial/TOGO_M743_TCG_Medium.yaml	CultureMech:010148	TCG Medium	5	only 2/5 ingredients grounded; no pH and no temperature
15	bacterial/TOGO_M753_RYE-Bran_MRS.yaml	CultureMech:010159	RYE-Bran MRS	6	only 1/6 ingredients grounded; no pH and no temperature
15	bacterial/TOGO_M787_Mycoplasma_Medium.yaml	CultureMech:010196	Mycoplasma Medium	4	only 1/4 ingredients grounded; no pH and no temperature
15	bacterial/TOGO_M837_Modified_CSY-3_Agar.yaml	CultureMech:010251	Modified CSY-3 Agar	6	only 2/6 ingredients grounded; no pH and no temperature
15	bacterial/TOGO_M848_LB_Luria-Bertani_Broth_With_1_mM_DTT.yaml	CultureMech:010263	LB (Luria-Bertani) Broth With 1 mM DTT	5	only 2/5 ingredients grounded; no pH and no temperature
15	bacterial/TOGO_M8_Tomato_Juice_Agar.yaml	CultureMech:010318	Tomato Juice Agar	5	only 2/5 ingredients grounded; no pH and no temperature
15	bacterial/TOGO_M94_Nutrient_Agar_With_25_Soil_Extract.yaml	CultureMech:010373	Nutrient Agar With 25% Soil Extract	6	only 2/6 ingredients grounded; no pH and no temperature
15	bacterial/TOGO_M958_Modified_Marine_Agar_2216.yaml	CultureMech:010382	Modified Marine Agar 2216	5	only 1/5 ingredients grounded; no pH and no temperature
15	bacterial/TOGO_M971_MRS_Medium_With_Soybean_Peptone.yaml	CultureMech:010397	MRS Medium With Soybean Peptone	4	only 1/4 ingredients grounded; no pH and no temperature
15	bacterial/TOGO_M976_Leibovitz_s_L-15_Medium_With_10_FBS_And_1.5_NaCl.yaml	CultureMech:010402	Leibovitz's L-15 Medium With 10% FBS And 1.5% NaCl	3	only 1/3 ingredients grounded; no pH and no temperature
15	bacterial/a1_medium.yaml	CultureMech:000483	A1-MEDIUM	5	only 2/5 ingredients grounded; no pH and no temperature
15	bacterial/ae_medium.yaml	CultureMech:002006	AE MEDIUM	6	only 2/6 ingredients grounded; no pH and no temperature
15	bacterial/agar_with_e_coli_as_feed.yaml	CultureMech:002118	AGAR WITH E. COLI AS FEED	2	only 2 ingredient(s)
15	bacterial/alkali_reinforced_clostridial_agar.yaml	CultureMech:002805	ALKALI-REINFORCED CLOSTRIDIAL AGAR	1	only 1 ingredient(s)
15	bacterial/alkaline_yeast_extract_malt_extract_agar.yaml	CultureMech:008373	Alkaline yeast extract-malt extract agar	5	only 2/5 ingredients grounded; no pH and no temperature
15	bacterial/artificial_seawater_base_with_thiosulfate_as_the_electron_donor.yaml	CultureMech:008841	Artificial seawater base with thiosulfate as the electron donor	3	only 1/3 ingredients grounded; no pH and no temperature
15	bacterial/autoinducer_bioassay_ab_medium.yaml	CultureMech:008854	Autoinducer Bioassay (AB) Medium	9	only 3/9 ingredients grounded; no pH and no temperature
15	bacterial/b_cye_agar_medium.yaml	CultureMech:008646	B-CYEα agar medium	8	only 2/8 ingredients grounded; no pH and no temperature
15	bacterial/bme_ctvm2_cell_line_medium_occidentia_massiliensis.yaml	CultureMech:001155	BME/CTVM2 cell line medium (Occidentia massiliensis)	4	only 1/4 ingredients grounded; no pH and no temperature
15	bacterial/bn_agar.yaml	CultureMech:008539	BN agar	3	only 1/3 ingredients grounded; no pH and no temperature
15	bacterial/bordet_gengou_agar_medium.yaml	CultureMech:008893	Bordet Gengou Agar Medium	5	only 1/5 ingredients grounded; no pH and no temperature
15	bacterial/bordet_gengou_broth_medium.yaml	CultureMech:008894	Bordet Gengou Broth Medium	7	only 2/7 ingredients grounded; no pH and no temperature
15	bacterial/bordet_gengou_medium_difco.yaml	CultureMech:001546	BORDET-GENGOU-MEDIUM (DIFCO)	8	only 2/8 ingredients grounded; no pH and no temperature
15	bacterial/brain_heart_infusion_agar_upplemented_with_10_calf_blood_and_antibiotics.yaml	CultureMech:009396	brain–heart infusion agar (upplemented with 10% calf blood and antibiotics)	8	only 3/8 ingredients grounded; no pH and no temperature
15	bacterial/brain_heart_infusion_broth_supplemented_with_0_1_tris_base_and_0_001_thiamine_monophosphate.yaml	CultureMech:009497	brain-heart infusion broth (supplemented with 0.1% Tris base and 0.001% thiamine monophosphate)	3	only 1/3 ingredients grounded; no pH and no temperature
15	bacterial/cgy_medium.yaml	CultureMech:008763	CGY Medium	6	only 2/6 ingredients grounded; no pH and no temperature
15	bacterial/cherry_agar_cbs_formula.yaml	CultureMech:001374	CHERRY AGAR (CBS formula)	2	only 2 ingredient(s)
15	bacterial/chitin_stock_solution_medium_766.yaml	CultureMech:004269	Chitin stock solution (medium 766)	1	only 1 ingredient(s)
15	bacterial/chocolate_agar_plates_supplemented_with_1_isovitalex.yaml	CultureMech:009498	chocolate agar plates (supplemented with 1% isovitalex)	3	only 1/3 ingredients grounded; no pH and no temperature
15	bacterial/cm_1_gellangum_ph_2_0.yaml	CultureMech:008443	CM+1%Gellangum (pH 2.0)	3	only 1/3 ingredients grounded; no pH and no temperature
15	bacterial/columbia_broth_supplemented_with_0_01_3_nad_and_25_mm_cacl2.yaml	CultureMech:008843	Columbia broth supplemented with 0.01% 3-NAD and 25 mM CaCl2	16	only 7/16 ingredients grounded; no pH and no temperature
15	bacterial/cooked_meat_medium.yaml	CultureMech:002953	COOKED MEAT MEDIUM	2	only 2 ingredient(s)
15	bacterial/corn_meal_agar.yaml	CultureMech:001283	CORN MEAL AGAR	2	only 2 ingredient(s)
15	bacterial/cornmeal_seawater_agar_cmswa.yaml	CultureMech:007956	Cornmeal Seawater Agar (CMSWA)	3	only 1/3 ingredients grounded; no pH and no temperature
15	bacterial/cornmeal_yeast_extract_seawater_agar_cmyswa.yaml	CultureMech:007963	Cornmeal Yeast Extract Seawater Agar (CMYSWA)	4	only 1/4 ingredients grounded; no pH and no temperature
15	bacterial/cyc_medium.yaml	CultureMech:008542	CYC Medium	5	only 1/5 ingredients grounded; no pH and no temperature
15	bacterial/d_gpy.yaml	CultureMech:008698	d-GPY	5	only 2/5 ingredients grounded; no pH and no temperature
15	bacterial/desulfovigra_adipica.yaml	CultureMech:006698	DESULFOVIGRA ADIPICA	1	only 1 ingredient(s)
15	bacterial/difco_nutrient_agar_broth.yaml	CultureMech:008602	Difco Nutrient Agar/Broth	3	only 1/3 ingredients grounded; no pH and no temperature
15	bacterial/dinomm_l_lactatecarbon_highnutrient.yaml	CultureMech:015457	DinoMM L lactateCarbon HighNutrient	28	no media_term (untraceable to a source catalogue); no pH and no temperature
15	bacterial/dinomm_l_lactatecarbon_highnutrient_novitamin.yaml	CultureMech:015458	DinoMM L lactateCarbon HighNutrient noVitamin	18	no media_term (untraceable to a source catalogue); no pH and no temperature
15	bacterial/dinomm_nocarbon_highnutrient.yaml	CultureMech:015459	DinoMM noCarbon HighNutrient	27	no media_term (untraceable to a source catalogue); no pH and no temperature
15	bacterial/dinomm_nocarbon_highnutrient_atcc.yaml	CultureMech:015460	DinoMM noCarbon HighNutrient ATCC	28	no media_term (untraceable to a source catalogue); no pH and no temperature
15	bacterial/dinomm_nonitrogen_highnutrient.yaml	CultureMech:015461	DinoMM noNitrogen HighNutrient	27	no media_term (untraceable to a source catalogue); no pH and no temperature
15	bacterial/dinomm_nonitrogen_highnutrient_glucosec.yaml	CultureMech:015462	DinoMM noNitrogen HighNutrient GlucoseC	27	no media_term (untraceable to a source catalogue); no pH and no temperature
15	bacterial/dinomm_nonitrogen_highnutrient_sucrosec.yaml	CultureMech:015463	DinoMM noNitrogen HighNutrient SucroseC	27	no media_term (untraceable to a source catalogue); no pH and no temperature
15	bacterial/dsm_15672.yaml	CultureMech:003507	DSM 15672	12	name 'DSM 15672' identifies a strain, not a medium; no pH and no temperature
15	bacterial/dsm_15673.yaml	CultureMech:003508	DSM 15673	12	name 'DSM 15673' identifies a strain, not a medium; no pH and no temperature
15	bacterial/eagles_minimum_essential_medium_mem_containing_antibiotics_and_fetal_bovine_serum.yaml	CultureMech:009389	Eagle's  minimum  essential  medium  (MEM) (containing antibiotics and fetal  bovine  serum)	5	only 2/5 ingredients grounded; no pH and no temperature
15	bacterial/ex_lm_medium.yaml	CultureMech:001028	EX-LM MEDIUM	3	only 1/3 ingredients grounded; no pH and no temperature
15	bacterial/fastidious_anaerobe_agar.yaml	CultureMech:000653	FASTIDIOUS ANAEROBE AGAR	2	only 2 ingredient(s)
15	bacterial/fe_iii_nta_solution_medium_1001.yaml	CultureMech:004271	Fe(III)NTA solution (medium 1001)	1	only 1 ingredient(s)
15	bacterial/flavobacterium_columnare_agar.yaml	CultureMech:008090	Flavobacterium columnare Agar	6	only 2/6 ingredients grounded; no pH and no temperature
15	bacterial/flexiligladius_medium.yaml	CultureMech:008126	Flexiligladius Medium	3	only 1/3 ingredients grounded; no pH and no temperature
15	bacterial/for_dsm_10643.yaml	CultureMech:004422	For DSM 10643	6	name 'For DSM 10643' identifies a strain, not a medium; no pH and no temperature
15	bacterial/for_dsm_12341.yaml	CultureMech:006689	For DSM 12341	35	name 'For DSM 12341' identifies a strain, not a medium; no pH and no temperature
15	bacterial/for_dsm_12344.yaml	CultureMech:006691	For DSM 12344	35	name 'For DSM 12344' identifies a strain, not a medium; no pH and no temperature
15	bacterial/for_dsm_12881.yaml	CultureMech:005690	For DSM 12881	29	name 'For DSM 12881' identifies a strain, not a medium; no pH and no temperature
15	bacterial/for_dsm_13022.yaml	CultureMech:005458	For DSM 13022	28	name 'For DSM 13022' identifies a strain, not a medium; no pH and no temperature
15	bacterial/for_dsm_13687.yaml	CultureMech:005691	For DSM 13687	29	name 'For DSM 13687' identifies a strain, not a medium; no pH and no temperature
15	bacterial/for_dsm_14880.yaml	CultureMech:004231	For DSM 14880	33	name 'For DSM 14880' identifies a strain, not a medium; no pH and no temperature
15	bacterial/for_dsm_16260.yaml	CultureMech:006494	For DSM 16260	26	name 'For DSM 16260' identifies a strain, not a medium; no pH and no temperature
15	bacterial/for_dsm_16369.yaml	CultureMech:006495	For DSM 16369	26	name 'For DSM 16369' identifies a strain, not a medium; no pH and no temperature
15	bacterial/for_dsm_1744.yaml	CultureMech:004230	For DSM 1744	33	name 'For DSM 1744' identifies a strain, not a medium; no pH and no temperature
15	bacterial/for_dsm_19335.yaml	CultureMech:005692	For DSM 19335	29	name 'For DSM 19335' identifies a strain, not a medium; no pH and no temperature
15	bacterial/for_dsm_19851.yaml	CultureMech:004424	For DSM 19851	6	name 'For DSM 19851' identifies a strain, not a medium; no pH and no temperature
15	bacterial/for_dsm_2118.yaml	CultureMech:005085	For DSM 2118	17	name 'For DSM 2118' identifies a strain, not a medium; no pH and no temperature
15	bacterial/for_dsm_21556.yaml	CultureMech:004232	For DSM 21556	33	name 'For DSM 21556' identifies a strain, not a medium; no pH and no temperature
15	bacterial/for_dsm_21626.yaml	CultureMech:004124	For DSM 21626	37	name 'For DSM 21626' identifies a strain, not a medium; no pH and no temperature
15	bacterial/for_dsm_2373.yaml	CultureMech:004135	For DSM 2373	37	name 'For DSM 2373' identifies a strain, not a medium; no pH and no temperature
15	bacterial/for_dsm_4254.yaml	CultureMech:004139	For DSM 4254	37	name 'For DSM 4254' identifies a strain, not a medium; no pH and no temperature
15	bacterial/for_dsm_4661.yaml	CultureMech:004246	For DSM 4661	33	name 'For DSM 4661' identifies a strain, not a medium; no pH and no temperature
15	bacterial/for_dsm_5848.yaml	CultureMech:005687	For DSM 5848	29	name 'For DSM 5848' identifies a strain, not a medium; no pH and no temperature
15	bacterial/for_dsm_6233.yaml	CultureMech:005688	For DSM 6233	29	name 'For DSM 6233' identifies a strain, not a medium; no pH and no temperature
15	bacterial/for_dsm_6813.yaml	CultureMech:005570	For DSM 6813	35	name 'For DSM 6813' identifies a strain, not a medium; no pH and no temperature
15	bacterial/for_dsm_7526.yaml	CultureMech:005457	For DSM 7526	28	name 'For DSM 7526' identifies a strain, not a medium; no pH and no temperature
15	bacterial/for_dsm_9705.yaml	CultureMech:005689	For DSM 9705	29	name 'For DSM 9705' identifies a strain, not a medium; no pH and no temperature
15	bacterial/gam_broth_with_sodium_pyruvate.yaml	CultureMech:002478	GAM BROTH WITH SODIUM PYRUVATE	2	only 2 ingredient(s)
15	bacterial/glucose_streptococcal_broth_medium.yaml	CultureMech:009419	Glucose streptococcal broth medium	7	only 2/7 ingredients grounded; no pH and no temperature
15	bacterial/gpy_medium.yaml	CultureMech:008570	GPY medium	5	only 2/5 ingredients grounded; no pH and no temperature
15	bacterial/guaiacol_cmc_agar.yaml	CultureMech:008241	Guaiacol-CMC Agar	6	only 2/6 ingredients grounded; no pH and no temperature
15	bacterial/half_strength_skim_milk_agar.yaml	CultureMech:002250	HALF STRENGTH SKIM MILK AGAR	2	only 2 ingredient(s)
15	bacterial/hayflick_medium.yaml	CultureMech:009333	Hayflick medium	6	only 1/6 ingredients grounded; no pH and no temperature
15	bacterial/heart_infusion_agar_supplemented_with_5_sheep_blood.yaml	CultureMech:008877	Heart Infusion Agar (supplemented with 5% sheep blood)	3	only 1/3 ingredients grounded; no pH and no temperature
15	bacterial/heart_infusion_agar_with_5_horse_blood.yaml	CultureMech:002278	HEART INFUSION AGAR WITH 5% HORSE BLOOD	3	only 1/3 ingredients grounded; no pH and no temperature
15	bacterial/hib_medium_columbia_agar_supplemented_with_5_g_l_yeast_extract_15_g_ml_nad_and_15_g_ml_haemin.yaml	CultureMech:008781	Hib medium (Columbia agar supplemented with 5 g/l yeast extract, 15 μg/ml NAD and 15 μg/ml haemin)	4	only 1/4 ingredients grounded; no pH and no temperature
15	bacterial/hutners_salts_medium_590.yaml	CultureMech:004392	Hutner's salts (medium 590)	1	only 1 ingredient(s)
15	bacterial/k7_medium.yaml	CultureMech:000642	K7 MEDIUM	3	only 1/3 ingredients grounded; no pH and no temperature
15	bacterial/lactobacilli_mrs_agar_broth.yaml	CultureMech:008837	Lactobacilli MRS Agar/Broth	12	only 5/12 ingredients grounded; no pH and no temperature
15	bacterial/lactobacillus_sakei_medium.yaml	CultureMech:002571	LACTOBACILLUS SAKEI MEDIUM	4	only 1/4 ingredients grounded; no pH and no temperature
15	bacterial/lb.yaml	CultureMech:015464	LB	3	no media_term (untraceable to a source catalogue); no pH and no temperature
15	bacterial/lb_10mmnitrate.yaml	CultureMech:015466	LB_10mMNitrate	4	no media_term (untraceable to a source catalogue); no pH and no temperature
15	bacterial/lb_50_ug_ml_kanamycin_medium.yaml	CultureMech:008689	LB + 50 ug/ml Kanamycin medium	5	only 2/5 ingredients grounded; no pH and no temperature
15	bacterial/lb_ampicilin_hygromycin_medium.yaml	CultureMech:008514	LB + Ampicilin, Hygromycin medium	5	only 2/5 ingredients grounded; no pH and no temperature
15	bacterial/lb_ampicillin_cefpodoxime_kanamycin_medium.yaml	CultureMech:008599	LB + Ampicillin, Cefpodoxime, Kanamycin medium	5	only 2/5 ingredients grounded; no pH and no temperature
15	bacterial/lb_ampicillin_kanamycin_medium.yaml	CultureMech:008641	LB + Ampicillin, Kanamycin medium	5	only 2/5 ingredients grounded; no pH and no temperature
15	bacterial/lb_ampicillin_medium.yaml	CultureMech:008244	LB + Ampicillin medium	5	only 2/5 ingredients grounded; no pH and no temperature
15	bacterial/lb_chloramphenicol_medium.yaml	CultureMech:008474	LB + Chloramphenicol medium	5	only 2/5 ingredients grounded; no pH and no temperature
15	bacterial/lb_desferrioxamine_b.yaml	CultureMech:008564	LB + Desferrioxamine B	6	only 2/6 ingredients grounded; no pH and no temperature
15	bacterial/lb_highsalt.yaml	CultureMech:015467	LB_highSalt	3	no media_term (untraceable to a source catalogue); no pH and no temperature
15	bacterial/lb_kanamycin_hygromycin_medium.yaml	CultureMech:008513	LB + Kanamycin, Hygromycin medium	5	only 2/5 ingredients grounded; no pH and no temperature
15	bacterial/lb_kanamycin_medium.yaml	CultureMech:008515	LB + Kanamycin medium	5	only 2/5 ingredients grounded; no pH and no temperature
15	bacterial/lb_medium.yaml	CultureMech:008037	LB Medium	5	only 2/5 ingredients grounded; no pH and no temperature
15	bacterial/lb_medium_difco.yaml	CultureMech:008857	LB medium (Difco)	3	only 1/3 ingredients grounded; no pH and no temperature
15	bacterial/lb_medium_lennox.yaml	CultureMech:009447	LB medium (Lennox)	3	only 1/3 ingredients grounded; no pH and no temperature
15	bacterial/lb_miller.yaml	CultureMech:015468	LB_Miller	3	no media_term (untraceable to a source catalogue); no pH and no temperature
15	bacterial/lb_nalidixic_acid_ciprofloxacin_medium.yaml	CultureMech:008600	LB + Nalidixic acid, Ciprofloxacin medium	5	only 2/5 ingredients grounded; no pH and no temperature
15	bacterial/lb_plus_sm_buffer.yaml	CultureMech:015470	LB_plus_SM_buffer	7	no media_term (untraceable to a source catalogue); no pH and no temperature
15	bacterial/lb_rifampicin_medium.yaml	CultureMech:008553	LB + Rifampicin medium	5	only 2/5 ingredients grounded; no pH and no temperature
15	bacterial/lb_streptomycin_medium.yaml	CultureMech:008552	LB + Streptomycin medium	5	only 2/5 ingredients grounded; no pH and no temperature
15	bacterial/lb_streptomycin_rifampicin_medium.yaml	CultureMech:008554	LB + Streptomycin, Rifampicin medium	5	only 2/5 ingredients grounded; no pH and no temperature
15	bacterial/lbs_medium.yaml	CultureMech:009458	LBS medium	5	only 2/5 ingredients grounded; no pH and no temperature
15	bacterial/leibovitzs_l_15_medium_with_10_fbs_and_1_5_nacl.yaml	CultureMech:003278	LEIBOVITZ'S L-15 MEDIUM WITH 10% FBS AND 1.5% NaCl	3	only 1/3 ingredients grounded; no pH and no temperature
15	bacterial/levulinic_acid_medium.yaml	CultureMech:008697	Levulinic acid medium	5	only 2/5 ingredients grounded; no pH and no temperature
15	bacterial/lindane_medium.yaml	CultureMech:000850	LINDANE MEDIUM	2	only 2 ingredient(s)
15	bacterial/lmg_157_medium.yaml	CultureMech:008429	LMG 157 medium	6	only 2/6 ingredients grounded; no pH and no temperature
15	bacterial/low_salt_luria_broth_lslb.yaml	CultureMech:009438	Low-Salt Luria-Broth (LSLB)	4	only 1/4 ingredients grounded; no pH and no temperature
15	bacterial/m1_medium.yaml	CultureMech:008342	M1 Medium	4	only 1/4 ingredients grounded; no pH and no temperature
15	bacterial/maize_meal_sardine_agar.yaml	CultureMech:002237	MAIZE MEAL-SARDINE AGAR	3	only 1/3 ingredients grounded; no pH and no temperature
15	bacterial/marine_broth_with_0_5_methanol.yaml	CultureMech:008300	Marine Broth with 0.5% Methanol	3	only 1/3 ingredients grounded; no pH and no temperature
15	bacterial/marine_caulobacter_medium_spyem_containing_sea_salts_and_nh4cl.yaml	CultureMech:008859	Marine-Caulobacter medium SPYEM containing sea salts and NH4Cl	9	only 2/9 ingredients grounded; no pH and no temperature
15	bacterial/marine_cytophaga_agar.yaml	CultureMech:008089	Marine Cytophaga Agar	5	only 1/5 ingredients grounded; no pH and no temperature
15	bacterial/marinobacter_alkaliphilus_medium.yaml	CultureMech:002748	MARINOBACTER ALKALIPHILUS MEDIUM	3	only 1/3 ingredients grounded; no pH and no temperature
15	bacterial/mda.yaml	CultureMech:001249	MDA	8	only 3/8 ingredients grounded; no pH and no temperature
15	bacterial/medium_1_liquid_with_20_horse_serum.yaml	CultureMech:008794	Medium 1 liquid, with 20 % horse serum	5	only 2/5 ingredients grounded; no pH and no temperature
15	bacterial/medium_containing_pplo_broth_calf_serum_glucose_penicillin_g_and_tris_hc1.yaml	CultureMech:008829	Medium containing PPLO broth, calf serum, glucose, penicillin G, and Tris-HC1	5	only 1/5 ingredients grounded; no pH and no temperature
15	bacterial/medium_h.yaml	CultureMech:008311	medium-H	5	only 2/5 ingredients grounded; no pH and no temperature
15	bacterial/mineral_salt_solution_medium_289.yaml	CultureMech:004807	Mineral salt solution (medium 289)	1	only 1 ingredient(s)
15	bacterial/mineral_salt_solution_medium_621.yaml	CultureMech:004808	Mineral salt solution (medium 621)	1	only 1 ingredient(s)
15	bacterial/mineral_solution_1_medium_1033.yaml	CultureMech:004814	Mineral solution 1 (medium 1033)	1	only 1 ingredient(s)
15	bacterial/minimal_media.yaml	CultureMech:008900	minimal media	23	only 9/23 ingredients grounded; no pH and no temperature
15	bacterial/mn_ii_oxidation_medium.yaml	CultureMech:008735	Mn(II) oxidation medium	5	only 2/5 ingredients grounded; no pH and no temperature
15	bacterial/modified_edwards_medium.yaml	CultureMech:008797	Modified Edward's medium	7	only 3/7 ingredients grounded; no pH and no temperature
15	bacterial/modified_gam_agar_with_5_horse_blood.yaml	CultureMech:009536	Modified GAM Agar With 5% Horse Blood	3	only 1/3 ingredients grounded; no pH and no temperature
15	bacterial/modified_hayflick_broth_medium_containing_20_fetal_bovine_serum.yaml	CultureMech:009423	Modified Hayflick broth medium containing 20% fetal bovine serum	7	only 2/7 ingredients grounded; no pH and no temperature
15	bacterial/modified_hayflick_medium.yaml	CultureMech:008029	Modified Hayflick Medium	8	only 1/8 ingredients grounded; no pH and no temperature
15	bacterial/modified_hayflick_medium_containing_20_v_v_heat_inactivated_horse_serum.yaml	CultureMech:008811	Modified Hayflick medium containing 20% (v/v) heat-inactivated horse serum	7	only 2/7 ingredients grounded; no pH and no temperature
15	bacterial/modified_luria_broth.yaml	CultureMech:009490	modified Luria broth	5	only 2/5 ingredients grounded; no pH and no temperature
15	bacterial/modified_m17_medium.yaml	CultureMech:008804	Modified M17 medium	9	only 2/9 ingredients grounded; no pH and no temperature
15	bacterial/modified_marine_agar_2216.yaml	CultureMech:007881	Modified Marine Agar 2216	5	only 1/5 ingredients grounded; no pH and no temperature
15	bacterial/modified_marine_agar_2216_with_5_nacl_ph_9.yaml	CultureMech:007807	Modified Marine Agar 2216 With 5% NaCl (pH 9)	6	only 2/6 ingredients grounded; no pH and no temperature
15	bacterial/modified_mrs_medium.yaml	CultureMech:002649	MODIFIED MRS MEDIUM	2	only 2 ingredient(s)
15	bacterial/modified_pleuropneumonia_like_organism_pplo_medium.yaml	CultureMech:009422	Modified pleuropneumonia-like organism (PPLO) medium	5	only 1/5 ingredients grounded; no pH and no temperature
15	bacterial/modified_pygsw_agar.yaml	CultureMech:008648	Modified PYGSW Agar	5	only 2/5 ingredients grounded; no pH and no temperature
15	bacterial/mrs_broth_criterion_usa_containing_0_5_l_cysteine_sigma_usa.yaml	CultureMech:009344	MRS broth (Criterion, USA) containing 0.5%L-cysteine (Sigma, USA)	3	only 1/3 ingredients grounded; no pH and no temperature
15	bacterial/mrs_broth_oxoid.yaml	CultureMech:008831	MRS broth (Oxoid)	11	only 4/11 ingredients grounded; no pH and no temperature
15	bacterial/mrs_broth_with_0_05_w_v_cysteine_hydrochloride.yaml	CultureMech:009352	MRS broth with 0.05% (w/v) cysteine hydrochloride	13	only 5/13 ingredients grounded; no pH and no temperature
15	bacterial/mrs_medium_with_soybean_peptone.yaml	CultureMech:003272	MRS MEDIUM WITH SOYBEAN PEPTONE	3	only 1/3 ingredients grounded; no pH and no temperature
15	bacterial/my20_agar.yaml	CultureMech:002688	MY20 AGAR	5	only 2/5 ingredients grounded; no pH and no temperature
15	bacterial/my75s.yaml	CultureMech:000372	MY75S	4	only 1/4 ingredients grounded; no pH and no temperature
15	bacterial/mycoplasma_medium_atcc_243_with_sucrose.yaml	CultureMech:008815	Mycoplasma medium (ATCC 243) with sucrose	5	only 1/5 ingredients grounded; no pH and no temperature
15	bacterial/na_0_5_yeast_extract.yaml	CultureMech:008124	NA + 0.5% Yeast Extract	6	only 2/6 ingredients grounded; no pH and no temperature
15	bacterial/ncg_minimum_medium.yaml	CultureMech:009384	NCG (minimum medium)	3	only 1/3 ingredients grounded; no pH and no temperature
15	bacterial/nssm_medium.yaml	CultureMech:008630	NSSM medium	9	only 4/9 ingredients grounded; no pH and no temperature
15	bacterial/nutrient_agar_broth.yaml	CultureMech:008307	Nutrient Agar/Broth	3	only 1/3 ingredients grounded; no pH and no temperature
15	bacterial/nutrient_agar_for_sporulation.yaml	CultureMech:008929	Nutrient Agar (For sporulation)	5	only 2/5 ingredients grounded; no pH and no temperature
15	bacterial/nutrient_agar_oxoid_cm3.yaml	CultureMech:001732	NUTRIENT AGAR (OXOID CM3)	5	only 2/5 ingredients grounded; no pH and no temperature
15	bacterial/nutrient_broth.yaml	CultureMech:015471	nutrient broth	4	no media_term (untraceable to a source catalogue); no pH and no temperature
15	bacterial/nutrient_broth_0_5_w_v_na2co3.yaml	CultureMech:008239	Nutrient Broth + 0.5%(w/v) Na2CO3	3	only 1/3 ingredients grounded; no pH and no temperature
15	bacterial/nutrient_broth_nb_ii.yaml	CultureMech:009430	Nutrient broth (NB II)	6	only 2/6 ingredients grounded; no pH and no temperature
15	bacterial/nutrient_broth_no_2.yaml	CultureMech:008765	Nutrient broth No.2	5	only 2/5 ingredients grounded; no pH and no temperature
15	bacterial/nutrient_rich_nr_medium.yaml	CultureMech:009647	Nutrient rich (NR) medium	4	only 1/4 ingredients grounded; no pH and no temperature
15	bacterial/oat_flake_medium.yaml	CultureMech:001281	OAT FLAKE MEDIUM	2	only 2 ingredient(s)
15	bacterial/omy.yaml	CultureMech:001248	OMY	4	only 1/4 ingredients grounded; no pH and no temperature
15	bacterial/ph_medium.yaml	CultureMech:000511	PH MEDIUM	4	only 1/4 ingredients grounded; no pH and no temperature
15	bacterial/plate_count_agar_pca.yaml	CultureMech:008509	Plate Count Agar (PCA)	5	only 1/5 ingredients grounded; no pH and no temperature
15	bacterial/pm.yaml	CultureMech:000391	PM	3	only 1/3 ingredients grounded; no pH and no temperature
15	bacterial/pplo_broth_without_cv_ph_7_8_with_horse_serum_not_inactivated_and_yeast_extract.yaml	CultureMech:008814	PPLO broth without CV (pH 7.8) with horse serum (not inactivated) and yeast extract	4	only 1/4 ingredients grounded; no pH and no temperature
15	bacterial/pye_solid_medium.yaml	CultureMech:009406	PYE Solid medium	5	only 2/5 ingredients grounded; no pH and no temperature
15	bacterial/pygsw_agar.yaml	CultureMech:008411	PYGSW Agar	5	only 2/5 ingredients grounded; no pH and no temperature
15	bacterial/r_medium.yaml	CultureMech:008026	R medium	10	only 4/10 ingredients grounded; no pH and no temperature
15	bacterial/r_medium_5_nacl.yaml	CultureMech:008549	R medium + 5% NaCl	11	only 5/11 ingredients grounded; no pH and no temperature
15	bacterial/rcm_broth.yaml	CultureMech:009696	RCM Broth	9	only 4/9 ingredients grounded; no pH and no temperature
15	bacterial/rcm_medium.yaml	CultureMech:001765	RCM MEDIUM	2	only 2 ingredient(s)
15	bacterial/reactivation_with_liquid_medium_1_for_sporulation.yaml	CultureMech:008944	Reactivation With Liquid Medium 1  (For sporulation)	5	only 2/5 ingredients grounded; no pH and no temperature
15	bacterial/reactivation_with_liquid_medium_464_plate_count_agar.yaml	CultureMech:008897	Reactivation With Liquid Medium 464 (Plate Count Agar)	5	only 2/5 ingredients grounded; no pH and no temperature
15	bacterial/reinforced_clostridial_medium_with_3_sea_salt.yaml	CultureMech:002831	REINFORCED CLOSTRIDIAL MEDIUM WITH 3%  SEA SALT	3	only 1/3 ingredients grounded; no pH and no temperature
15	bacterial/reinforced_clostridial_medium_with_4_sea_salt.yaml	CultureMech:002832	REINFORCED CLOSTRIDIAL MEDIUM WITH 4%  SEA SALT	3	only 1/3 ingredients grounded; no pH and no temperature
15	bacterial/rm_medium.yaml	CultureMech:009036	RM Medium	5	only 2/5 ingredients grounded; no pH and no temperature
15	bacterial/rubitelea_medium.yaml	CultureMech:000619	RUBITELEA MEDIUM	5	only 2/5 ingredients grounded; no pH and no temperature
15	bacterial/rust_fungi_medium.yaml	CultureMech:007960	Rust fungi Medium	5	only 1/5 ingredients grounded; no pH and no temperature
15	bacterial/s_w_ca.yaml	CultureMech:000308	S/W + Ca	2	only 2 ingredient(s)
15	bacterial/sabouraud_glucose_medium.yaml	CultureMech:004154	SABOURAUD GLUCOSE MEDIUM	2	only 2 ingredient(s)
15	bacterial/salt_base_solution_medium_1189.yaml	CultureMech:004827	salt base solution (medium 1189)	1	only 1 ingredient(s)
15	bacterial/salt_solution_medium_592.yaml	CultureMech:005192	Salt solution (medium 592)	1	only 1 ingredient(s)
15	bacterial/sazae_ygs.yaml	CultureMech:008460	Sazae YGS	5	only 2/5 ingredients grounded; no pH and no temperature
15	bacterial/seed_medium.yaml	CultureMech:009656	Seed medium	5	only 2/5 ingredients grounded; no pH and no temperature
15	bacterial/smc_medium.yaml	CultureMech:008776	SMC medium	6	only 2/6 ingredients grounded; no pH and no temperature
15	bacterial/solution_a_medium_1003.yaml	CultureMech:004292	Solution A (medium 1003)	1	only 1 ingredient(s)
15	bacterial/solution_a_medium_1145.yaml	CultureMech:004293	Solution A (medium 1145)	1	only 1 ingredient(s)
15	bacterial/solution_of_growth_stimulating_factors_medium_829.yaml	CultureMech:004294	Solution of growth-stimulating factors (medium 829)	1	only 1 ingredient(s)
15	bacterial/sp_4_medium.yaml	CultureMech:009489	SP-4 medium	10	only 1/10 ingredients grounded; no pH and no temperature
15	bacterial/sphaerotilus_medium.yaml	CultureMech:001652	SPHAEROTILUS MEDIUM	2	only 2 ingredient(s)
15	bacterial/spiroplasma_medium.yaml	CultureMech:009147	Spiroplasma Medium	12	only 3/12 ingredients grounded; no pH and no temperature
15	bacterial/strength_marine_medium.yaml	CultureMech:008842	½ Strength Marine Medium	3	only 1/3 ingredients grounded; no pH and no temperature
15	bacterial/tap_auto.yaml	CultureMech:007283	'TAP (auto	17	only 2/17 ingredients grounded; no pH and no temperature
15	bacterial/tap_hetero_mixo.yaml	CultureMech:007272	'TAP (hetero/mixo	18	only 3/18 ingredients grounded; no pH and no temperature
15	bacterial/tcg_medium.yaml	CultureMech:000425	TCG MEDIUM	5	only 2/5 ingredients grounded; no pH and no temperature
15	bacterial/todd_hewitt_broth_supplemented_with_1_wt_vol_yeast_extract.yaml	CultureMech:009488	Todd Hewitt broth (supplemented with 1% (wt/vol) yeast extract)	3	only 1/3 ingredients grounded; no pH and no temperature
15	bacterial/todd_hewitt_th_broth_difco_containing_1_5_wt_vol_agar_and_6_vol_vol_sheep_blood.yaml	CultureMech:009445	Todd–Hewitt (TH) broth (Difco) containing 1.5% (wt/vol) agar and 6% (vol/vol) sheep blood	3	only 1/3 ingredients grounded; no pH and no temperature
15	bacterial/togo_medium_m1428.yaml	CultureMech:007966	(Unnamed medium)	7	only 3/7 ingredients grounded; no pH and no temperature
15	bacterial/togo_medium_m1441.yaml	CultureMech:007981	(Unnamed medium)	6	only 2/6 ingredients grounded; no pH and no temperature
15	bacterial/togo_medium_m1442.yaml	CultureMech:007982	(Unnamed medium)	7	only 3/7 ingredients grounded; no pH and no temperature
15	bacterial/togo_medium_m1447.yaml	CultureMech:007987	(Unnamed medium)	4	only 1/4 ingredients grounded; no pH and no temperature
15	bacterial/togo_medium_m1448.yaml	CultureMech:007988	(Unnamed medium)	6	only 2/6 ingredients grounded; no pH and no temperature
15	bacterial/togo_medium_m1453.yaml	CultureMech:007994	(Unnamed medium)	6	only 2/6 ingredients grounded; no pH and no temperature
15	bacterial/togo_medium_m1466.yaml	CultureMech:008008	(Unnamed medium)	6	only 2/6 ingredients grounded; no pH and no temperature
15	bacterial/togo_medium_m1468.yaml	CultureMech:008010	(Unnamed medium)	4	only 1/4 ingredients grounded; no pH and no temperature
15	bacterial/togo_medium_m1469.yaml	CultureMech:008011	(Unnamed medium)	5	only 2/5 ingredients grounded; no pH and no temperature
15	bacterial/togo_medium_m1489.yaml	CultureMech:008033	(Unnamed medium)	5	only 2/5 ingredients grounded; no pH and no temperature
15	bacterial/togo_medium_m1490.yaml	CultureMech:008035	(Unnamed medium)	5	only 2/5 ingredients grounded; no pH and no temperature
15	bacterial/togo_medium_m1491.yaml	CultureMech:008036	(Unnamed medium)	6	only 2/6 ingredients grounded; no pH and no temperature
15	bacterial/togo_medium_m1494.yaml	CultureMech:008039	(Unnamed medium)	5	only 2/5 ingredients grounded; no pH and no temperature
15	bacterial/togo_medium_m1512.yaml	CultureMech:008057	(Unnamed medium)	6	only 2/6 ingredients grounded; no pH and no temperature
15	bacterial/togo_medium_m1556.yaml	CultureMech:008104	(Unnamed medium)	5	only 2/5 ingredients grounded; no pH and no temperature
15	bacterial/togo_medium_m1570.yaml	CultureMech:008119	(Unnamed medium)	3	only 1/3 ingredients grounded; no pH and no temperature
15	bacterial/togo_medium_m1708.yaml	CultureMech:008270	(Unnamed medium)	5	only 2/5 ingredients grounded; no pH and no temperature
15	bacterial/togo_medium_m1709.yaml	CultureMech:008271	(Unnamed medium)	5	only 2/5 ingredients grounded; no pH and no temperature
15	bacterial/togo_medium_m1710.yaml	CultureMech:008273	(Unnamed medium)	5	only 2/5 ingredients grounded; no pH and no temperature
15	bacterial/togo_medium_m1711.yaml	CultureMech:008274	(Unnamed medium)	5	only 2/5 ingredients grounded; no pH and no temperature
15	bacterial/togo_medium_m1712.yaml	CultureMech:008275	(Unnamed medium)	5	only 2/5 ingredients grounded; no pH and no temperature
15	bacterial/togo_medium_m1713.yaml	CultureMech:008276	(Unnamed medium)	5	only 2/5 ingredients grounded; no pH and no temperature
15	bacterial/togo_medium_m181.yaml	CultureMech:008391	(Unnamed medium)	7	only 3/7 ingredients grounded; no pH and no temperature
15	bacterial/togo_medium_m2079.yaml	CultureMech:008668	(Unnamed medium)	5	only 2/5 ingredients grounded; no pH and no temperature
15	bacterial/togo_medium_m3052.yaml	CultureMech:009566	(Unnamed medium)	21	only 9/21 ingredients grounded; no pH and no temperature
15	bacterial/trace_element_solution_630.yaml	CultureMech:004845	Trace element solution (630)	1	only 1 ingredient(s)
15	bacterial/trace_element_solution_a_medium_253.yaml	CultureMech:004846	Trace element solution (A) (medium 253)	1	only 1 ingredient(s)
15	bacterial/trace_element_solution_medium_1131.yaml	CultureMech:004301	Trace element solution (medium 1131)	1	only 1 ingredient(s)
15	bacterial/trace_element_solution_medium_1228.yaml	CultureMech:004305	Trace element solution (medium 1228)	1	only 1 ingredient(s)
15	bacterial/trace_element_solution_medium_1229.yaml	CultureMech:004306	Trace element solution (medium 1229)	1	only 1 ingredient(s)
15	bacterial/trace_element_solution_medium_1230.yaml	CultureMech:004307	Trace element solution (medium 1230)	1	only 1 ingredient(s)
15	bacterial/trace_element_solution_medium_1263.yaml	CultureMech:004851	Trace element solution (medium 1263)	1	only 1 ingredient(s)
15	bacterial/trace_element_solution_medium_1272.yaml	CultureMech:004396	Trace element solution (medium 1272)	1	only 1 ingredient(s)
15	bacterial/trace_element_solution_medium_141.yaml	CultureMech:004310	Trace element solution (medium 141)	1	only 1 ingredient(s)
15	bacterial/trace_element_solution_medium_144.yaml	CultureMech:004856	Trace element solution (medium 144)	1	only 1 ingredient(s)
15	bacterial/trace_element_solution_medium_315.yaml	CultureMech:004313	Trace element solution (medium 315)	1	only 1 ingredient(s)
15	bacterial/trace_element_solution_medium_318.yaml	CultureMech:004400	Trace element solution (medium 318)	1	only 1 ingredient(s)
15	bacterial/trace_element_solution_medium_574.yaml	CultureMech:004319	Trace element solution (medium 574)	1	only 1 ingredient(s)
15	bacterial/trace_element_solution_medium_663.yaml	CultureMech:004861	Trace element solution (medium 663)	1	only 1 ingredient(s)
15	bacterial/trace_element_solution_medium_69.yaml	CultureMech:004321	Trace element solution (medium 69)	1	only 1 ingredient(s)
15	bacterial/trace_element_solution_medium_796.yaml	CultureMech:004324	Trace element solution (medium 796)	1	only 1 ingredient(s)
15	bacterial/trace_element_solution_medium_882.yaml	CultureMech:004325	Trace element solution (medium 882)	1	only 1 ingredient(s)
15	bacterial/trace_element_solution_medium_925.yaml	CultureMech:004329	Trace element solution (medium 925)	1	only 1 ingredient(s)
15	bacterial/trace_element_solution_medium_939.yaml	CultureMech:004331	Trace element solution (medium 939)	1	only 1 ingredient(s)
15	bacterial/trace_element_solution_sl_4_medium_457.yaml	CultureMech:004339	Trace element solution SL-4 (medium 457)	1	only 1 ingredient(s)
15	bacterial/trace_elements_solution_medium_1019.yaml	CultureMech:004881	Trace elements solution (medium 1019)	1	only 1 ingredient(s)
15	bacterial/trace_elements_solution_medium_1183.yaml	CultureMech:004882	Trace elements solution (medium 1183)	1	only 1 ingredient(s)
15	bacterial/trace_metal_solution_kelly_solution_t.yaml	CultureMech:004346	Trace metal solution (Kelly solution T)	1	only 1 ingredient(s)
15	bacterial/trace_metal_solution_kelly_solution_t_replace_cacl2_x_2_h2o_with_cacl2_x_2_h2o.yaml	CultureMech:004345	Trace metal solution (Kelly solution T)_replace_CaCl2 x 2 H2O_with_CaCl2 x 2 H2O	1	only 1 ingredient(s)
15	bacterial/trace_metals_solution_pfennig_lippert_1966.yaml	CultureMech:004349	Trace metals solution (Pfennig & Lippert, 1966)	1	only 1 ingredient(s)
15	bacterial/trace_metals_solution_pfennig_lippert_1966_replace_na2moo4_x_2_h2o_with_nh4moo4.yaml	CultureMech:004348	Trace metals solution (Pfennig & Lippert, 1966)_replace_Na2MoO4 x 2 H2O_with_NH4MoO4	1	only 1 ingredient(s)
15	bacterial/trace_mineral_solution_ferguson_and_mah_1983.yaml	CultureMech:004350	Trace mineral solution (Ferguson and Mah, 1983)	1	only 1 ingredient(s)
15	bacterial/trace_mineral_solution_medium_1003.yaml	CultureMech:004352	Trace mineral solution (medium 1003)	1	only 1 ingredient(s)
15	bacterial/trace_mineral_solution_medium_1146.yaml	CultureMech:004354	Trace mineral solution (medium 1146)	1	only 1 ingredient(s)
15	bacterial/trypticase_yeast_extract_agar_tys.yaml	CultureMech:007962	Trypticase Yeast Extract Agar (TYS)	3	only 1/3 ingredients grounded; no pH and no temperature
15	bacterial/tryptone_yeast_extract_broth_isp_medium_no_1.yaml	CultureMech:008471	Tryptone Yeast Extract Broth (ISP Medium No.1)	3	only 1/3 ingredients grounded; no pH and no temperature
15	bacterial/tsb.yaml	CultureMech:015472	TSB	5	no media_term (untraceable to a source catalogue); no pH and no temperature
15	bacterial/tsb_k3.yaml	CultureMech:015473	TSB_K3	7	no media_term (untraceable to a source catalogue); no pH and no temperature
15	bacterial/tsb_yeastextract.yaml	CultureMech:015474	TSB_YeastExtract	6	no media_term (untraceable to a source catalogue); no pH and no temperature
15	bacterial/universal_medium_for_yeasts_ym.yaml	CultureMech:004210	UNIVERSAL medium FOR YEASTS (YM)	5	only 2/5 ingredients grounded; no pH and no temperature
15	bacterial/ureaplasma_medium_special_modified_formulation.yaml	CultureMech:008773	Ureaplasma Medium – Special Modified Formulation	13	only 1/13 ingredients grounded; no pH and no temperature
15	bacterial/vogels_medium_n.yaml	CultureMech:007187	Vogels Medium N	12	only 3/12 ingredients grounded; no pH and no temperature
15	bacterial/vr_salts_b.yaml	CultureMech:004981	VR salts B	1	only 1 ingredient(s)
15	bacterial/wilkins_chalgren_agar_plates_supplemented_with_10_human_blood_and_antibiotics.yaml	CultureMech:009395	Wilkins-Chalgren agar plates (supplemented with 10% human blood and antibiotics)	9	only 2/9 ingredients grounded; no pH and no temperature
15	bacterial/wolfes_mineral_elixir_medium_792.yaml	CultureMech:004386	Wolfes Mineral Elixir (medium 792)	1	only 1 ingredient(s)
15	bacterial/yeast_extract_malt_extract_agar_isp_2_with_artificial_seawater.yaml	CultureMech:008374	Yeast extract-malt extract agar (ISP-2) with artificial seawater	5	only 2/5 ingredients grounded; no pH and no temperature
15	bacterial/yeast_extract_skim_milk_medium.yaml	CultureMech:004197	Yeast extract - SKIM MILK medium	3	only 1/3 ingredients grounded; no pH and no temperature
15	bacterial/ym_liquid_medium.yaml	CultureMech:008150	YM Liquid Medium	5	only 2/5 ingredients grounded; no pH and no temperature
15	bacterial/yps_medium.yaml	CultureMech:000610	YPS MEDIUM	4	only 1/4 ingredients grounded; no pH and no temperature
15	bacterial/zeikus_trace_elements_solution_medium_1343.yaml	CultureMech:004982	Zeikus trace elements solution (medium 1343)	1	only 1 ingredient(s)
15	fungal/2_malt_agar.yaml	CultureMech:010523	2% MALT AGAR	2	only 2 ingredient(s)
15	fungal/4_malt_agar.yaml	CultureMech:010514	4% MALT AGAR	2	only 2 ingredient(s)
15	fungal/fungal_growth_media_mcafes_v1.yaml	CultureMech:015475	Fungal growth media mCAFEs v1	9	no media_term (untraceable to a source catalogue); no pH and no temperature
15	fungal/fungal_growth_media_mcafes_v1_nocarbon.yaml	CultureMech:015476	Fungal growth media mCAFEs v1 noCarbon	8	no media_term (untraceable to a source catalogue); no pH and no temperature
15	fungal/fungal_growth_media_mcafes_v2.yaml	CultureMech:015477	Fungal growth media mCAFEs v2	9	no media_term (untraceable to a source catalogue); no pH and no temperature
15	fungal/fungal_growth_media_mcafes_v3.yaml	CultureMech:015478	Fungal growth media mCAFEs v3	9	no media_term (untraceable to a source catalogue); no pH and no temperature
15	fungal/mrs_maltose_medium.yaml	CultureMech:010518	MRS MALTOSE MEDIUM	2	only 2 ingredient(s)
15	fungal/universal_medium_for_yeasts_ym.yaml	CultureMech:010463	UNIVERSAL MEDIUM FOR YEASTS (YM)	5	only 2/5 ingredients grounded; no pH and no temperature
15	fungal/vogels_fungal_media.yaml	CultureMech:015479	Vogels fungal media	14	no media_term (untraceable to a source catalogue); no pH and no temperature
15	fungal/yeast_extract_malt_extract_agar_isp_2_with_5_nacl_ph_9_0.yaml	CultureMech:010532	YEAST EXTRACT-MALT EXTRACT AGAR (ISP-2) WITH 5% NaCl (pH 9.0)	2	only 2 ingredient(s)
15	fungal/yeast_extract_skim_milk_medium.yaml	CultureMech:010459	YEAST EXTRACT - SKIM MILK MEDIUM	3	only 1/3 ingredients grounded; no pH and no temperature
15	specialized/2x_uga_defined_nocarbon.yaml	CultureMech:015480	2x UGA defined nocarbon	32	no media_term (untraceable to a source catalogue); no pH and no temperature
15	specialized/7h9.yaml	CultureMech:015481	7H9	16	no media_term (untraceable to a source catalogue); no pH and no temperature
15	specialized/abb.yaml	CultureMech:015482	ABB	15	no media_term (untraceable to a source catalogue); no pH and no temperature
15	specialized/acy.yaml	CultureMech:015483	ACY	42	no media_term (untraceable to a source catalogue); no pH and no temperature
15	specialized/agro_defined_trehalose.yaml	CultureMech:015484	Agro defined trehalose	8	no media_term (untraceable to a source catalogue); no pH and no temperature
15	specialized/alp_defined.yaml	CultureMech:015485	ALP defined	31	no media_term (untraceable to a source catalogue); no pH and no temperature
15	specialized/alp_defined_chlorate.yaml	CultureMech:015486	ALP defined chlorate	32	no media_term (untraceable to a source catalogue); no pH and no temperature
15	specialized/alp_defined_noc.yaml	CultureMech:015487	ALP defined noC	28	no media_term (untraceable to a source catalogue); no pH and no temperature
15	specialized/alp_defined_non.yaml	CultureMech:015488	ALP defined noN	30	no media_term (untraceable to a source catalogue); no pH and no temperature
15	specialized/alp_defined_perchlorate.yaml	CultureMech:015489	ALP defined perchlorate	22	no media_term (untraceable to a source catalogue); no pH and no temperature
15	specialized/alp_rich.yaml	CultureMech:015490	ALP rich	32	no media_term (untraceable to a source catalogue); no pH and no temperature
15	specialized/alp_richb.yaml	CultureMech:015491	ALP richB	31	no media_term (untraceable to a source catalogue); no pH and no temperature
15	specialized/bhi.yaml	CultureMech:015492	BHI	5	no media_term (untraceable to a source catalogue); no pH and no temperature
15	specialized/bhis.yaml	CultureMech:015493	BHIS	8	no media_term (untraceable to a source catalogue); no pH and no temperature
15	specialized/bhis_cacl2.yaml	CultureMech:015494	BHIS_CaCl2	9	no media_term (untraceable to a source catalogue); no pH and no temperature
15	specialized/bhis_homopipes.yaml	CultureMech:015495	BHIS_HOMOPIPES	9	no media_term (untraceable to a source catalogue); no pH and no temperature
15	specialized/bhis_k3.yaml	CultureMech:015496	BHIS_K3	10	no media_term (untraceable to a source catalogue); no pH and no temperature
15	specialized/bhis_k3_noglucose.yaml	CultureMech:015497	BHIS_K3_noGlucose	9	no media_term (untraceable to a source catalogue); no pH and no temperature
15	specialized/bhis_pipes.yaml	CultureMech:015498	BHIS_PIPES	9	no media_term (untraceable to a source catalogue); no pH and no temperature
15	specialized/brucella.yaml	CultureMech:015499	Brucella	8	no media_term (untraceable to a source catalogue); no pH and no temperature
15	specialized/caac.yaml	CultureMech:015500	CAAc	18	no media_term (untraceable to a source catalogue); no pH and no temperature
15	specialized/camm_nocarbon.yaml	CultureMech:015501	CaMM noCarbon	13	no media_term (untraceable to a source catalogue); no pH and no temperature
15	specialized/chakraborty_basal.yaml	CultureMech:015502	Chakraborty Basal	29	no media_term (untraceable to a source catalogue); no pH and no temperature
15	specialized/columbia.yaml	CultureMech:015503	Columbia	14	no media_term (untraceable to a source catalogue); no pH and no temperature
15	specialized/crbtm_uga_aerobic_mes.yaml	CultureMech:015505	CRBTM UGA Aerobic MES	32	no media_term (untraceable to a source catalogue); no pH and no temperature
15	specialized/crbtm_uga_aerobic_mops.yaml	CultureMech:015506	CRBTM UGA Aerobic MOPS	32	no media_term (untraceable to a source catalogue); no pH and no temperature
15	specialized/crbtm_uga_anaerobic_mes.yaml	CultureMech:015507	CRBTM UGA Anaerobic MES	33	no media_term (untraceable to a source catalogue); no pH and no temperature
15	specialized/crbtm_uga_anaerobic_mops.yaml	CultureMech:015508	CRBTM UGA Anaerobic MOPS	33	no media_term (untraceable to a source catalogue); no pH and no temperature
15	specialized/definedmedia_adamslab_glucose.yaml	CultureMech:015509	DefinedMedia AdamsLab Glucose	29	no media_term (untraceable to a source catalogue); no pH and no temperature
15	specialized/definedmedia_adamslab_glucose_yeastextract.yaml	CultureMech:015510	DefinedMedia AdamsLab Glucose YeastExtract	30	no media_term (untraceable to a source catalogue); no pH and no temperature
15	specialized/diluted_marine_agar.yaml	CultureMech:015411	DILUTED MARINE AGAR	3	only 1/3 ingredients grounded; no pH and no temperature
15	specialized/dinomm_alphaketoglutacid_nonitrogen.yaml	CultureMech:015511	DinoMM alphaKetoGlutAcid NoNitrogen	27	no media_term (untraceable to a source catalogue); no pH and no temperature
15	specialized/dinomm_nocarbon.yaml	CultureMech:015512	DinoMM noCarbon	27	no media_term (untraceable to a source catalogue); no pH and no temperature
15	specialized/dinomm_nonitrogen.yaml	CultureMech:015513	DinoMM noNitrogen	27	no media_term (untraceable to a source catalogue); no pH and no temperature
15	specialized/dm.yaml	CultureMech:015514	DM	6	no media_term (untraceable to a source catalogue); no pH and no temperature
15	specialized/dnms.yaml	CultureMech:015515	dNMS	25	no media_term (untraceable to a source catalogue); no pH and no temperature
15	specialized/dv_base_medium.yaml	CultureMech:015516	Dv base medium	28	no media_term (untraceable to a source catalogue); no pH and no temperature
15	specialized/dv_base_medium_no_mo_no_w.yaml	CultureMech:015518	Dv base medium no Mo no W	3	no media_term (untraceable to a source catalogue); no pH and no temperature
15	specialized/emm.yaml	CultureMech:015522	EMM	8	no media_term (untraceable to a source catalogue); no pH and no temperature
15	specialized/emm_nocarbon.yaml	CultureMech:015523	EMM noCarbon	7	no media_term (untraceable to a source catalogue); no pH and no temperature
15	specialized/growth_medium_707.yaml	CultureMech:015527	growth medium 707	3	no media_term (untraceable to a source catalogue); no pH and no temperature
15	specialized/hans_basal_media.yaml	CultureMech:015528	Hans Basal Media	33	no media_term (untraceable to a source catalogue); no pH and no temperature
15	specialized/hans_basal_media_bicarb.yaml	CultureMech:015529	Hans Basal Media bicarb	33	no media_term (untraceable to a source catalogue); no pH and no temperature
15	specialized/hans_basal_media_bicarb_nitrate.yaml	CultureMech:015530	Hans Basal Media bicarb nitrate	34	no media_term (untraceable to a source catalogue); no pH and no temperature
15	specialized/hans_basal_media_plus_0_2x_20aa_mix.yaml	CultureMech:015531	Hans Basal Media plus 0.2x 20AA mix	53	no media_term (untraceable to a source catalogue); no pH and no temperature
15	specialized/jbei_ralstonia_defined.yaml	CultureMech:015532	JBEI Ralstonia defined	11	no media_term (untraceable to a source catalogue); no pH and no temperature
15	specialized/kb.yaml	CultureMech:015533	KB	4	no media_term (untraceable to a source catalogue); no pH and no temperature
15	specialized/kb_half.yaml	CultureMech:015534	KB-half	4	no media_term (untraceable to a source catalogue); no pH and no temperature
15	specialized/ls4d.yaml	CultureMech:015535	LS4D	29	no media_term (untraceable to a source catalogue); no pH and no temperature
15	specialized/m2_nocarbon.yaml	CultureMech:015536	M2 noCarbon	7	no media_term (untraceable to a source catalogue); no pH and no temperature
15	specialized/m2_nonitrogen.yaml	CultureMech:015537	M2 noNitrogen	7	no media_term (untraceable to a source catalogue); no pH and no temperature
15	specialized/m5g.yaml	CultureMech:015538	M5G	10	no media_term (untraceable to a source catalogue); no pH and no temperature
15	specialized/m63_no_sulfur.yaml	CultureMech:015539	M63 no sulfur	20	no media_term (untraceable to a source catalogue); no pH and no temperature
15	specialized/m63_quarter_strength.yaml	CultureMech:015540	M63 quarter strength	5	no media_term (untraceable to a source catalogue); no pH and no temperature
15	specialized/m63_quarter_strength_nocarbon.yaml	CultureMech:015541	M63 quarter strength noCarbon	4	no media_term (untraceable to a source catalogue); no pH and no temperature
15	specialized/m9.yaml	CultureMech:015542	M9	7	no media_term (untraceable to a source catalogue); no pH and no temperature
15	specialized/m9_1percentglucose.yaml	CultureMech:015543	M9 1percentGlucose	7	no media_term (untraceable to a source catalogue); no pH and no temperature
15	specialized/m9_2percentglucose_100mmammonium.yaml	CultureMech:015544	M9 2percentGlucose 100mMammonium	7	no media_term (untraceable to a source catalogue); no pH and no temperature
15	specialized/m9_5mm_glucose.yaml	CultureMech:015545	M9 5mM Glucose	7	no media_term (untraceable to a source catalogue); no pH and no temperature
15	specialized/m9_d2o.yaml	CultureMech:015546	M9-D2O	8	no media_term (untraceable to a source catalogue); no pH and no temperature
15	specialized/m9_minimal_media_aromix_nocarbon.yaml	CultureMech:015547	M9 minimal media aromix noCarbon	10	no media_term (untraceable to a source catalogue); no pH and no temperature
15	specialized/m9_minimal_media_nocarbon.yaml	CultureMech:015548	M9 minimal media noCarbon	6	no media_term (untraceable to a source catalogue); no pH and no temperature
15	specialized/m9_minimal_media_nonitrogen.yaml	CultureMech:015549	M9 minimal media noNitrogen	6	no media_term (untraceable to a source catalogue); no pH and no temperature
15	specialized/m9_minimal_media_plus.yaml	CultureMech:015550	M9 minimal media plus	31	no media_term (untraceable to a source catalogue); no pH and no temperature
15	specialized/m9_plus_defined_nocarbon.yaml	CultureMech:015551	M9 plus defined noCarbon	31	no media_term (untraceable to a source catalogue); no pH and no temperature
15	specialized/m9_thauers.yaml	CultureMech:015552	M9 Thauers	18	no media_term (untraceable to a source catalogue); no pH and no temperature
15	specialized/m9_thauers_nobiotin.yaml	CultureMech:015553	M9 Thauers noBiotin	17	no media_term (untraceable to a source catalogue); no pH and no temperature
15	specialized/marine_agar_2216_ph_8_5.yaml	CultureMech:015371	MARINE AGAR 2216 (pH 8.5)	1	only 1 ingredient(s)
15	specialized/marine_agar_2216_ph_9_0.yaml	CultureMech:015373	MARINE AGAR 2216 (pH 9.0)	1	only 1 ingredient(s)
15	specialized/marine_broth_2216.yaml	CultureMech:015554	marine broth 2216	15	no media_term (untraceable to a source catalogue); no pH and no temperature
15	specialized/marine_broth_2216_with_pyruvate.yaml	CultureMech:015395	MARINE BROTH 2216 WITH PYRUVATE	2	only 2 ingredient(s)
15	specialized/mc_defined_formate.yaml	CultureMech:015555	Mc defined formate	26	no media_term (untraceable to a source catalogue); no pH and no temperature
15	specialized/mc_defined_h2.yaml	CultureMech:015556	Mc defined H2	25	no media_term (untraceable to a source catalogue); no pH and no temperature
15	specialized/mc_formate.yaml	CultureMech:015557	Mc formate	37	no media_term (untraceable to a source catalogue); no pH and no temperature
15	specialized/mc_formate_n_free.yaml	CultureMech:015558	Mc formate N Free	36	no media_term (untraceable to a source catalogue); no pH and no temperature
15	specialized/mc_h2_n_free.yaml	CultureMech:015559	Mc H2 N Free	25	no media_term (untraceable to a source catalogue); no pH and no temperature
15	specialized/mcaa_formate.yaml	CultureMech:015560	McAA formate	57	no media_term (untraceable to a source catalogue); no pH and no temperature
15	specialized/mcaa_formate_no_b12.yaml	CultureMech:015561	McAA formate No B12	58	no media_term (untraceable to a source catalogue); no pH and no temperature
15	specialized/mcaa_formate_no_biotin.yaml	CultureMech:015562	McAA formate No biotin	58	no media_term (untraceable to a source catalogue); no pH and no temperature
15	specialized/mcaa_formate_no_capantothenate.yaml	CultureMech:015563	McAA formate No CaPantothenate	58	no media_term (untraceable to a source catalogue); no pH and no temperature
15	specialized/mcaa_formate_no_folicacid.yaml	CultureMech:015564	McAA formate No FolicAcid	58	no media_term (untraceable to a source catalogue); no pH and no temperature
15	specialized/mcaa_formate_no_lipolicacid.yaml	CultureMech:015565	McAA formate No lipolicAcid	58	no media_term (untraceable to a source catalogue); no pH and no temperature
15	specialized/mcaa_formate_no_nicotinicacid.yaml	CultureMech:015566	McAA formate No NicotinicAcid	58	no media_term (untraceable to a source catalogue); no pH and no temperature
15	specialized/mcaa_formate_no_paba.yaml	CultureMech:015567	McAA formate No pABA	58	no media_term (untraceable to a source catalogue); no pH and no temperature
15	specialized/mcaa_formate_no_pyroxidine.yaml	CultureMech:015568	McAA formate No Pyroxidine	58	no media_term (untraceable to a source catalogue); no pH and no temperature
15	specialized/mcaa_formate_no_riboflavin.yaml	CultureMech:015569	McAA formate No Riboflavin	58	no media_term (untraceable to a source catalogue); no pH and no temperature
15	specialized/mcaa_formate_no_thiamine.yaml	CultureMech:015570	McAA formate No Thiamine	58	no media_term (untraceable to a source catalogue); no pH and no temperature
15	specialized/mccas.yaml	CultureMech:015571	McCas	36	no media_term (untraceable to a source catalogue); no pH and no temperature
15	specialized/mccas_formate_complete.yaml	CultureMech:015572	McCas formate complete	38	no media_term (untraceable to a source catalogue); no pH and no temperature
15	specialized/mccas_formate_fe_free.yaml	CultureMech:015573	McCas formate Fe Free	37	no media_term (untraceable to a source catalogue); no pH and no temperature
15	specialized/mccas_formate_so4.yaml	CultureMech:015574	McCas formate SO4	39	no media_term (untraceable to a source catalogue); no pH and no temperature
15	specialized/mccas_formate_so4free_bicarbfree.yaml	CultureMech:015575	McCas formate SO4Free BicarbFree	37	no media_term (untraceable to a source catalogue); no pH and no temperature
15	specialized/mccas_h2_complete.yaml	CultureMech:015576	McCas H2 complete	37	no media_term (untraceable to a source catalogue); no pH and no temperature
15	specialized/mccas_h2_fe_free.yaml	CultureMech:015577	McCas H2 Fe Free	36	no media_term (untraceable to a source catalogue); no pH and no temperature
15	specialized/mccas_h2_no_na2s.yaml	CultureMech:015578	McCas H2 No Na2S	36	no media_term (untraceable to a source catalogue); no pH and no temperature
15	specialized/mccas_mops.yaml	CultureMech:015579	McCas MOPS	38	no media_term (untraceable to a source catalogue); no pH and no temperature
15	specialized/mdc.yaml	CultureMech:015580	MDC	17	no media_term (untraceable to a source catalogue); no pH and no temperature
15	specialized/mdc_bicarb.yaml	CultureMech:015581	MDC bicarb	18	no media_term (untraceable to a source catalogue); no pH and no temperature
15	specialized/mega.yaml	CultureMech:015582	Mega	48	no media_term (untraceable to a source catalogue); no pH and no temperature
15	specialized/melissa_defined_50mmcarbonate_nocarbon.yaml	CultureMech:015583	MELiSSA defined 50mMCarbonate noCarbon	17	no media_term (untraceable to a source catalogue); no pH and no temperature
15	specialized/melissa_defined_malic_nonitrogen_phosphatebuffered.yaml	CultureMech:015584	MELiSSA defined Malic noNitrogen phosphatebuffered	18	no media_term (untraceable to a source catalogue); no pH and no temperature
15	specialized/melissa_defined_nocarbon.yaml	CultureMech:015585	MELiSSA defined noCarbon	16	no media_term (untraceable to a source catalogue); no pH and no temperature
15	specialized/melissa_defined_nocarbon_nonitrogen_phosphatebuffered.yaml	CultureMech:015586	MELiSSA defined noCarbon noNitrogen phosphatebuffered	17	no media_term (untraceable to a source catalogue); no pH and no temperature
15	specialized/mg_minimal_media.yaml	CultureMech:015587	MG minimal media	29	no media_term (untraceable to a source catalogue); no pH and no temperature
15	specialized/mg_minimal_media_nocarbon.yaml	CultureMech:015588	MG minimal media noCarbon	26	no media_term (untraceable to a source catalogue); no pH and no temperature
15	specialized/mg_minimal_media_noiron.yaml	CultureMech:015589	MG minimal media noIron	27	no media_term (untraceable to a source catalogue); no pH and no temperature
15	specialized/mgam.yaml	CultureMech:015590	mGAM	13	no media_term (untraceable to a source catalogue); no pH and no temperature
15	specialized/mgam_plus.yaml	CultureMech:015591	mGAM plus	15	no media_term (untraceable to a source catalogue); no pH and no temperature
15	specialized/mgl.yaml	CultureMech:015592	MGL	8	no media_term (untraceable to a source catalogue); no pH and no temperature
15	specialized/mhii_biocarbonate.yaml	CultureMech:015594	MHII biocarbonate	4	no media_term (untraceable to a source catalogue); no pH and no temperature
15	specialized/mhii_biocarbonate_chelated.yaml	CultureMech:015595	MHII biocarbonate Chelated	4	no media_term (untraceable to a source catalogue); no pH and no temperature
15	specialized/mme_nocarbon.yaml	CultureMech:015599	MME noCarbon	15	no media_term (untraceable to a source catalogue); no pH and no temperature
15	specialized/mme_nonitrogen_nocarbon.yaml	CultureMech:015600	MME noNitrogen noCarbon	14	no media_term (untraceable to a source catalogue); no pH and no temperature
15	specialized/mmx_casamino.yaml	CultureMech:015601	MMX casamino	6	no media_term (untraceable to a source catalogue); no pH and no temperature
15	specialized/mmx_dropout.yaml	CultureMech:015602	MMX dropout	6	no media_term (untraceable to a source catalogue); no pH and no temperature
15	specialized/modified_ms_plus_rch2_0_2x_each.yaml	CultureMech:015603	Modified MS plus RCH2 0.2x each	42	no media_term (untraceable to a source catalogue); no pH and no temperature
15	specialized/modified_ms_plus_rch2_0_2x_each_no_nitrate.yaml	CultureMech:015604	Modified MS plus RCH2 0.2x each no Nitrate	40	no media_term (untraceable to a source catalogue); no pH and no temperature
15	specialized/modified_ym.yaml	CultureMech:015605	Modified YM	27	no media_term (untraceable to a source catalogue); no pH and no temperature
15	specialized/moka.yaml	CultureMech:015606	MOKA	4	no media_term (untraceable to a source catalogue); no pH and no temperature
15	specialized/mols4.yaml	CultureMech:015607	MoLS4	30	no media_term (untraceable to a source catalogue); no pH and no temperature
15	specialized/mols4_no_ammonia.yaml	CultureMech:015608	MoLS4 no ammonia	29	no media_term (untraceable to a source catalogue); no pH and no temperature
15	specialized/mols4_no_ammonium_no_mo.yaml	CultureMech:015610	MoLS4 no ammonium no Mo	3	no media_term (untraceable to a source catalogue); no pH and no temperature
15	specialized/mols4_no_ammonium_no_mo_no_w.yaml	CultureMech:015611	MoLS4 no ammonium no Mo no W	4	no media_term (untraceable to a source catalogue); no pH and no temperature
15	specialized/mols4_no_ammonium_no_w.yaml	CultureMech:015612	MoLS4 no ammonium no W	3	no media_term (untraceable to a source catalogue); no pH and no temperature
15	specialized/mols4_no_ammonnia_noedta.yaml	CultureMech:015613	MoLS4 no ammonnia noEDTA	28	no media_term (untraceable to a source catalogue); no pH and no temperature
15	specialized/mols4_no_lactate.yaml	CultureMech:015618	MoLS4 no lactate	29	no media_term (untraceable to a source catalogue); no pH and no temperature
15	specialized/mols4_no_mo_no_w.yaml	CultureMech:015621	MoLS4 no Mo no W	3	no media_term (untraceable to a source catalogue); no pH and no temperature
15	specialized/mols4_no_vitamins.yaml	CultureMech:015627	MoLS4 no vitamins	19	no media_term (untraceable to a source catalogue); no pH and no temperature
15	specialized/mops_minimal_media_glucose20mm.yaml	CultureMech:015629	MOPS minimal media Glucose20mM	16	no media_term (untraceable to a source catalogue); no pH and no temperature
15	specialized/mops_minimal_media_glucose_nonitrogen.yaml	CultureMech:015630	MOPS minimal media Glucose noNitrogen	15	no media_term (untraceable to a source catalogue); no pH and no temperature
15	specialized/mops_minimal_media_nocarbon.yaml	CultureMech:015631	MOPS minimal media noCarbon	15	no media_term (untraceable to a source catalogue); no pH and no temperature
15	specialized/mops_minimal_media_succinate_nonitrogen.yaml	CultureMech:015632	MOPS minimal media Succinate noNitrogen	15	no media_term (untraceable to a source catalogue); no pH and no temperature
15	specialized/mops_rich_defined_media_nocarbon.yaml	CultureMech:015633	MOPS Rich Defined media noCarbon	45	no media_term (untraceable to a source catalogue); no pH and no temperature
15	specialized/moyls4.yaml	CultureMech:015634	MoYLS4	31	no media_term (untraceable to a source catalogue); no pH and no temperature
15	specialized/mrs.yaml	CultureMech:015636	MRS	11	no media_term (untraceable to a source catalogue); no pH and no temperature
15	specialized/mrs_noglucose.yaml	CultureMech:015637	MRS_noGlucose	10	no media_term (untraceable to a source catalogue); no pH and no temperature
15	specialized/mrs_recovery.yaml	CultureMech:015638	MRS_recovery	13	no media_term (untraceable to a source catalogue); no pH and no temperature
15	specialized/ms_basal_salts_robin.yaml	CultureMech:015639	MS Basal Salts Robin	13	no media_term (untraceable to a source catalogue); no pH and no temperature
15	specialized/ms_basal_salts_robin_0_5x.yaml	CultureMech:015640	MS Basal Salts Robin 0.5x	13	no media_term (untraceable to a source catalogue); no pH and no temperature
15	specialized/ms_basal_salts_robin_lowphosphate_0_5x.yaml	CultureMech:015641	MS Basal Salts Robin LowPhosphate 0.5x	13	no media_term (untraceable to a source catalogue); no pH and no temperature
15	specialized/ms_media.yaml	CultureMech:015642	MS media	20	no media_term (untraceable to a source catalogue); no pH and no temperature
15	specialized/ms_media_nocarbon.yaml	CultureMech:015643	MS media noCarbon	19	no media_term (untraceable to a source catalogue); no pH and no temperature
15	specialized/msb.yaml	CultureMech:015644	MSB	14	no media_term (untraceable to a source catalogue); no pH and no temperature
15	specialized/mtm_nonitrogen_nocarbon.yaml	CultureMech:015645	MTM noNitrogen noCarbon	14	no media_term (untraceable to a source catalogue); no pH and no temperature
15	specialized/nematode_growth_medium_agar.yaml	CultureMech:015646	Nematode growth medium agar	7	no media_term (untraceable to a source catalogue); no pH and no temperature
15	specialized/nf.yaml	CultureMech:015647	NF	10	no media_term (untraceable to a source catalogue); no pH and no temperature
15	specialized/nf_with10percent_fulln.yaml	CultureMech:015648	NF with10percent fullN	11	no media_term (untraceable to a source catalogue); no pH and no temperature
15	specialized/nf_with_fulln.yaml	CultureMech:015649	NF with fullN	11	no media_term (untraceable to a source catalogue); no pH and no temperature
15	specialized/nfm.yaml	CultureMech:015650	NFM	16	no media_term (untraceable to a source catalogue); no pH and no temperature
15	specialized/nfm_no_mo.yaml	CultureMech:015651	NFM No Mo	15	no media_term (untraceable to a source catalogue); no pH and no temperature
15	specialized/nfm_no_mo_plus_vcl3.yaml	CultureMech:015652	NFM No Mo Plus VCl3	16	no media_term (untraceable to a source catalogue); no pH and no temperature
15	specialized/nl_ccm.yaml	CultureMech:015653	NL-CCM	11	no media_term (untraceable to a source catalogue); no pH and no temperature
15	specialized/nldm_defined.yaml	CultureMech:015654	NLDM_defined	95	no media_term (untraceable to a source catalogue); no pH and no temperature
15	specialized/nldm_defined_no_iron.yaml	CultureMech:015655	NLDM_defined_no_iron	99	no media_term (untraceable to a source catalogue); no pH and no temperature
15	specialized/nldm_defined_no_p.yaml	CultureMech:015656	NLDM_defined_no_P	93	no media_term (untraceable to a source catalogue); no pH and no temperature
15	specialized/nldm_defined_nocarbon.yaml	CultureMech:015657	NLDM_defined_nocarbon	31	no media_term (untraceable to a source catalogue); no pH and no temperature
15	specialized/nldm_defined_nocarbon_novitamin.yaml	CultureMech:015658	NLDM_defined_nocarbon_novitamin	21	no media_term (untraceable to a source catalogue); no pH and no temperature
15	specialized/nldm_defined_nocarbon_ph4.yaml	CultureMech:015659	NLDM_defined_nocarbon_pH4	31	no media_term (untraceable to a source catalogue); no pH and no temperature
15	specialized/nldm_defined_nocarbon_ph4_5.yaml	CultureMech:015660	NLDM_defined_nocarbon_pH4.5	31	no media_term (untraceable to a source catalogue); no pH and no temperature
15	specialized/nldm_defined_nocarbon_ph5.yaml	CultureMech:015661	NLDM_defined_nocarbon_pH5	31	no media_term (untraceable to a source catalogue); no pH and no temperature
15	specialized/nldm_defined_nocarbon_ph6.yaml	CultureMech:015662	NLDM_defined_nocarbon_pH6	31	no media_term (untraceable to a source catalogue); no pH and no temperature
15	specialized/nldm_defined_nocarbon_ph7.yaml	CultureMech:015663	NLDM_defined_nocarbon_pH7	31	no media_term (untraceable to a source catalogue); no pH and no temperature
15	specialized/nldm_defined_nocarbon_ph8.yaml	CultureMech:015664	NLDM_defined_nocarbon_pH8	31	no media_term (untraceable to a source catalogue); no pH and no temperature
15	specialized/nldm_defined_novitamin.yaml	CultureMech:015665	NLDM_defined_novitamin	85	no media_term (untraceable to a source catalogue); no pH and no temperature
15	specialized/nldm_defined_ph4.yaml	CultureMech:015666	NLDM_defined_pH4	95	no media_term (untraceable to a source catalogue); no pH and no temperature
15	specialized/nldm_defined_ph4_5.yaml	CultureMech:015667	NLDM_defined_pH4.5	95	no media_term (untraceable to a source catalogue); no pH and no temperature
15	specialized/nldm_defined_ph5.yaml	CultureMech:015668	NLDM_defined_pH5	95	no media_term (untraceable to a source catalogue); no pH and no temperature
15	specialized/nldm_defined_ph6.yaml	CultureMech:015669	NLDM_defined_pH6	95	no media_term (untraceable to a source catalogue); no pH and no temperature
15	specialized/nldm_defined_ph7.yaml	CultureMech:015670	NLDM_defined_pH7	95	no media_term (untraceable to a source catalogue); no pH and no temperature
15	specialized/nldm_defined_ph8.yaml	CultureMech:015671	NLDM_defined_pH8	95	no media_term (untraceable to a source catalogue); no pH and no temperature
15	specialized/nln.yaml	CultureMech:015672	NLN	11	no media_term (untraceable to a source catalogue); no pH and no temperature
15	specialized/nms.yaml	CultureMech:015673	NMS	21	no media_term (untraceable to a source catalogue); no pH and no temperature
15	specialized/nos.yaml	CultureMech:015674	NoS	16	no media_term (untraceable to a source catalogue); no pH and no temperature
15	specialized/pbs.yaml	CultureMech:015675	PBS	4	no media_term (untraceable to a source catalogue); no pH and no temperature
15	specialized/pipes_ion_free_glucose_ph_7.yaml	CultureMech:015676	PIPES ion free glucose ph 7	5	no media_term (untraceable to a source catalogue); no pH and no temperature
15	specialized/planctomyces_medium_dsmz1560.yaml	CultureMech:015677	Planctomyces medium DSMZ1560	48	no media_term (untraceable to a source catalogue); no pH and no temperature
15	specialized/pm.yaml	CultureMech:015678	PM	16	no media_term (untraceable to a source catalogue); no pH and no temperature
15	specialized/pm_acetate.yaml	CultureMech:015679	PM acetate	17	no media_term (untraceable to a source catalogue); no pH and no temperature
15	specialized/pm_argon.yaml	CultureMech:015680	PM argon	17	no media_term (untraceable to a source catalogue); no pH and no temperature
15	specialized/pm_argon75_n2o25.yaml	CultureMech:015681	PM argon75 N2O25	18	no media_term (untraceable to a source catalogue); no pH and no temperature
15	specialized/pm_n2o.yaml	CultureMech:015682	PM N2O	17	no media_term (untraceable to a source catalogue); no pH and no temperature
15	specialized/pro99_seawater.yaml	CultureMech:015684	Pro99 seawater	11	no media_term (untraceable to a source catalogue); no pH and no temperature
15	specialized/pye.yaml	CultureMech:015685	PYE	4	no media_term (untraceable to a source catalogue); no pH and no temperature
15	specialized/r2a.yaml	CultureMech:015687	R2A	8	no media_term (untraceable to a source catalogue); no pH and no temperature
15	specialized/r2a_1x.yaml	CultureMech:015688	R2A_.1x	8	no media_term (untraceable to a source catalogue); no pH and no temperature
15	specialized/r2a_20mm_nitrate.yaml	CultureMech:015689	R2A_20mM_Nitrate	8	no media_term (untraceable to a source catalogue); no pH and no temperature
15	specialized/r2a_hepes.yaml	CultureMech:015690	R2A_HEPES	9	no media_term (untraceable to a source catalogue); no pH and no temperature
15	specialized/r2a_high_k2hpo4.yaml	CultureMech:015691	R2A_high_K2HPO4	8	no media_term (untraceable to a source catalogue); no pH and no temperature
15	specialized/r2a_homopipes.yaml	CultureMech:015692	R2A_HOMOPIPES	9	no media_term (untraceable to a source catalogue); no pH and no temperature
15	specialized/r2a_kan10_lactate.yaml	CultureMech:015693	R2A_Kan10_Lactate	3	no media_term (untraceable to a source catalogue); no pH and no temperature
15	specialized/r2a_kan10_tween01_cycloheximide200.yaml	CultureMech:015694	R2A_Kan10_Tween01_Cycloheximide200	4	no media_term (untraceable to a source catalogue); no pH and no temperature
15	specialized/r2a_kan50_tween01_cycloheximide200.yaml	CultureMech:015695	R2A_Kan50_Tween01_Cycloheximide200	4	no media_term (untraceable to a source catalogue); no pH and no temperature
15	specialized/r2a_low_k2hpo4.yaml	CultureMech:015696	R2A_low_K2HPO4	8	no media_term (untraceable to a source catalogue); no pH and no temperature
15	specialized/r2a_mes.yaml	CultureMech:015697	R2A_MES	9	no media_term (untraceable to a source catalogue); no pH and no temperature
15	specialized/r2a_pipes.yaml	CultureMech:015698	R2A_PIPES	9	no media_term (untraceable to a source catalogue); no pH and no temperature
15	specialized/rch2_defined.yaml	CultureMech:015699	RCH2 defined	29	no media_term (untraceable to a source catalogue); no pH and no temperature
15	specialized/rch2_defined_1percent_glucose.yaml	CultureMech:015700	RCH2 defined 1percent glucose	29	no media_term (untraceable to a source catalogue); no pH and no temperature
15	specialized/rch2_defined_glucose.yaml	CultureMech:015701	RCH2 defined glucose	29	no media_term (untraceable to a source catalogue); no pH and no temperature
15	specialized/rch2_defined_glucose_0_25xmineral.yaml	CultureMech:015702	RCH2 defined glucose 0.25xMineral	29	no media_term (untraceable to a source catalogue); no pH and no temperature
15	specialized/rch2_defined_glucose_5mm.yaml	CultureMech:015703	RCH2 defined glucose 5mM	29	no media_term (untraceable to a source catalogue); no pH and no temperature
15	specialized/rch2_defined_glucose_caps.yaml	CultureMech:015704	RCH2 defined glucose CAPS	29	no media_term (untraceable to a source catalogue); no pH and no temperature
15	specialized/rch2_defined_glucose_mes.yaml	CultureMech:015705	RCH2 defined glucose MES	29	no media_term (untraceable to a source catalogue); no pH and no temperature
15	specialized/rch2_defined_glucose_nonitrogen.yaml	CultureMech:015706	RCH2 defined Glucose noNitrogen	28	no media_term (untraceable to a source catalogue); no pH and no temperature
15	specialized/rch2_defined_glucose_novitamin.yaml	CultureMech:015707	RCH2 defined glucose noVitamin	19	no media_term (untraceable to a source catalogue); no pH and no temperature
15	specialized/rch2_defined_glucose_taps.yaml	CultureMech:015708	RCH2 defined glucose TAPS	29	no media_term (untraceable to a source catalogue); no pH and no temperature
15	specialized/rch2_defined_glucose_ye.yaml	CultureMech:015709	RCH2 defined glucose YE	30	no media_term (untraceable to a source catalogue); no pH and no temperature
15	specialized/rch2_defined_glucose_ye_10mmnitrate.yaml	CultureMech:015710	RCH2 defined glucose YE 10mMNitrate	31	no media_term (untraceable to a source catalogue); no pH and no temperature
15	specialized/rch2_defined_nag.yaml	CultureMech:015711	RCH2 defined NAG	29	no media_term (untraceable to a source catalogue); no pH and no temperature
15	specialized/rch2_defined_no_ammonium_with_glycerol.yaml	CultureMech:015712	RCH2 defined NO ammonium with Glycerol	28	no media_term (untraceable to a source catalogue); no pH and no temperature
15	specialized/rch2_defined_no_salts_with_glycerol.yaml	CultureMech:015713	RCH2 defined NO salts with Glycerol	25	no media_term (untraceable to a source catalogue); no pH and no temperature
15	specialized/rch2_defined_no_vitamin.yaml	CultureMech:015714	RCH2 defined no vitamin	19	no media_term (untraceable to a source catalogue); no pH and no temperature
15	specialized/rch2_defined_nocarbon.yaml	CultureMech:015715	RCH2 defined noCarbon	28	no media_term (untraceable to a source catalogue); no pH and no temperature
15	specialized/rch2_defined_nocarbon_atcc.yaml	CultureMech:015716	RCH2 defined noCarbon ATCC	29	no media_term (untraceable to a source catalogue); no pH and no temperature
15	specialized/rch2_defined_nocarbon_minimaln.yaml	CultureMech:015717	RCH2 defined noCarbon minimalN	27	no media_term (untraceable to a source catalogue); no pH and no temperature
15	specialized/rch2_defined_nocarbon_nonitrogen_nonitrilotriacetic_acid.yaml	CultureMech:015718	RCH2 defined noCarbon noNitrogen noNitrilotriacetic acid	26	no media_term (untraceable to a source catalogue); no pH and no temperature
15	specialized/rch2_defined_nocarbon_novitamins.yaml	CultureMech:015719	RCH2 defined noCarbon noVitamins	18	no media_term (untraceable to a source catalogue); no pH and no temperature
15	specialized/rch2_defined_nocarbon_seasalts.yaml	CultureMech:015720	RCH2 defined noCarbon SeaSalts	29	no media_term (untraceable to a source catalogue); no pH and no temperature
15	specialized/rch2_defined_nocarbon_ye.yaml	CultureMech:015721	RCH2 defined noCarbon YE	29	no media_term (untraceable to a source catalogue); no pH and no temperature
15	specialized/rch2_defined_nonitrogen.yaml	CultureMech:015722	RCH2 defined noNitrogen	28	no media_term (untraceable to a source catalogue); no pH and no temperature
15	specialized/rch2_defined_taps.yaml	CultureMech:015723	RCH2 defined TAPS	29	no media_term (untraceable to a source catalogue); no pH and no temperature
15	specialized/rch2_defined_tween.yaml	CultureMech:015724	RCH2 defined Tween	29	no media_term (untraceable to a source catalogue); no pH and no temperature
15	specialized/rch2_defined_with_glycerol.yaml	CultureMech:015725	RCH2 defined with Glycerol	29	no media_term (untraceable to a source catalogue); no pH and no temperature
15	specialized/rch2_defined_ye.yaml	CultureMech:015726	RCH2 defined YE	30	no media_term (untraceable to a source catalogue); no pH and no temperature
15	specialized/rch2_defined_ye_10mm_nitrate.yaml	CultureMech:015727	RCH2 defined YE 10mM Nitrate	31	no media_term (untraceable to a source catalogue); no pH and no temperature
15	specialized/rcm.yaml	CultureMech:015728	RCM	8	no media_term (untraceable to a source catalogue); no pH and no temperature
15	specialized/romy_basal_defined_aerobic.yaml	CultureMech:015729	Romy basal defined aerobic	28	no media_term (untraceable to a source catalogue); no pH and no temperature
15	specialized/romy_basal_defined_anaerobic.yaml	CultureMech:015730	Romy basal defined anaerobic	29	no media_term (untraceable to a source catalogue); no pH and no temperature
15	specialized/rpmi.yaml	CultureMech:015731	RPMI	41	no media_term (untraceable to a source catalogue); no pH and no temperature
15	specialized/rpmi_with_fetal_bovine_serum.yaml	CultureMech:015732	RPMI with Fetal bovine serum	42	no media_term (untraceable to a source catalogue); no pH and no temperature
15	specialized/rpmi_with_fetal_bovine_serum_conditioned.yaml	CultureMech:015733	RPMI with Fetal bovine serum Conditioned	42	no media_term (untraceable to a source catalogue); no pH and no temperature
15	specialized/rzm_g.yaml	CultureMech:015734	RZM G	33	no media_term (untraceable to a source catalogue); no pH and no temperature
15	specialized/sautons_minimal_media_with_no_carbon.yaml	CultureMech:015735	Sautons minimal media with no carbon	10	no media_term (untraceable to a source catalogue); no pH and no temperature
15	specialized/sautons_minimal_media_with_no_nitrogen.yaml	CultureMech:015736	Sautons minimal media with no nitrogen	9	no media_term (untraceable to a source catalogue); no pH and no temperature
15	specialized/scfm.yaml	CultureMech:015737	SCFM	56	no media_term (untraceable to a source catalogue); no pH and no temperature
15	specialized/scfm_10mmnitrate.yaml	CultureMech:015738	SCFM 10mMNitrate	57	no media_term (untraceable to a source catalogue); no pH and no temperature
15	specialized/sdm_nocarbon.yaml	CultureMech:015739	SDM noCarbon	26	no media_term (untraceable to a source catalogue); no pH and no temperature
15	specialized/sgw_northen_exometabolite_mix_1.yaml	CultureMech:015740	SGW Northen Exometabolite mix 1	72	no media_term (untraceable to a source catalogue); no pH and no temperature
15	specialized/sgw_northen_exometabolite_mix_2x.yaml	CultureMech:015741	SGW Northen Exometabolite mix 2x	72	no media_term (untraceable to a source catalogue); no pH and no temperature
15	specialized/sgw_northen_exometabolite_mix_5x.yaml	CultureMech:015742	SGW Northen Exometabolite mix 5x	72	no media_term (untraceable to a source catalogue); no pH and no temperature
15	specialized/shewmm.yaml	CultureMech:015743	ShewMM	31	no media_term (untraceable to a source catalogue); no pH and no temperature
15	specialized/shewmm_mes_buffer.yaml	CultureMech:015744	ShewMM MES buffer	31	no media_term (untraceable to a source catalogue); no pH and no temperature
15	specialized/shewmm_nocarbon.yaml	CultureMech:015745	ShewMM noCarbon	30	no media_term (untraceable to a source catalogue); no pH and no temperature
15	specialized/shewmm_nonitrogen.yaml	CultureMech:015746	ShewMM noNitrogen	30	no media_term (untraceable to a source catalogue); no pH and no temperature
15	specialized/smn_rich.yaml	CultureMech:015747	SMN rich	16	no media_term (untraceable to a source catalogue); no pH and no temperature
15	specialized/soil_defined_media_sdm.yaml	CultureMech:015749	Soil Defined Media (SDM)	47	no media_term (untraceable to a source catalogue); no pH and no temperature
15	specialized/streptomyces_growth_medium_65.yaml	CultureMech:015750	Streptomyces growth medium 65	3	no media_term (untraceable to a source catalogue); no pH and no temperature
15	specialized/terrific_broth.yaml	CultureMech:015751	terrific broth	4	no media_term (untraceable to a source catalogue); no pH and no temperature
15	specialized/tyg.yaml	CultureMech:015752	TYG	16	no media_term (untraceable to a source catalogue); no pH and no temperature
15	specialized/uga_defined_4carbonmix_nitrate_anaerobic_ph_5_0.yaml	CultureMech:015753	UGA defined 4CarbonMix Nitrate anaerobic pH 5.0	37	no media_term (untraceable to a source catalogue); no pH and no temperature
15	specialized/uga_defined_4carbonmix_nitrate_anaerobic_ph_5_3.yaml	CultureMech:015754	UGA defined 4CarbonMix Nitrate anaerobic pH 5.3	37	no media_term (untraceable to a source catalogue); no pH and no temperature
15	specialized/uga_defined_4carbonmix_nitrate_anaerobic_ph_5_6.yaml	CultureMech:015755	UGA defined 4CarbonMix Nitrate anaerobic pH 5.6	37	no media_term (untraceable to a source catalogue); no pH and no temperature
15	specialized/uga_defined_4carbonmix_nitrate_anaerobic_ph_5_9.yaml	CultureMech:015756	UGA defined 4CarbonMix Nitrate anaerobic pH 5.9	37	no media_term (untraceable to a source catalogue); no pH and no temperature
15	specialized/uga_defined_4carbonmix_nitrate_anaerobic_ph_6_2.yaml	CultureMech:015757	UGA defined 4CarbonMix Nitrate anaerobic pH 6.2	37	no media_term (untraceable to a source catalogue); no pH and no temperature
15	specialized/uga_defined_4carbonmix_nitrate_anaerobic_ph_6_5.yaml	CultureMech:015758	UGA defined 4CarbonMix Nitrate anaerobic pH 6.5	37	no media_term (untraceable to a source catalogue); no pH and no temperature
15	specialized/uga_defined_4carbonmix_nitrate_anaerobic_ph_6_8.yaml	CultureMech:015759	UGA defined 4CarbonMix Nitrate anaerobic pH 6.8	37	no media_term (untraceable to a source catalogue); no pH and no temperature
15	specialized/uga_defined_4carbonmix_nitrate_anaerobic_ph_7_1.yaml	CultureMech:015760	UGA defined 4CarbonMix Nitrate anaerobic pH 7.1	37	no media_term (untraceable to a source catalogue); no pH and no temperature
15	specialized/uga_defined_lactate_nitrate_anaerobic_ph_5_0.yaml	CultureMech:015761	UGA defined Lactate Nitrate anaerobic pH 5.0	34	no media_term (untraceable to a source catalogue); no pH and no temperature
15	specialized/uga_defined_lactate_nitrate_anaerobic_ph_5_3.yaml	CultureMech:015762	UGA defined Lactate Nitrate anaerobic pH 5.3	34	no media_term (untraceable to a source catalogue); no pH and no temperature
15	specialized/uga_defined_lactate_nitrate_anaerobic_ph_5_6.yaml	CultureMech:015763	UGA defined Lactate Nitrate anaerobic pH 5.6	34	no media_term (untraceable to a source catalogue); no pH and no temperature
15	specialized/uga_defined_lactate_nitrate_anaerobic_ph_5_9.yaml	CultureMech:015764	UGA defined Lactate Nitrate anaerobic pH 5.9	34	no media_term (untraceable to a source catalogue); no pH and no temperature
15	specialized/uga_defined_lactate_nitrate_anaerobic_ph_6_2.yaml	CultureMech:015765	UGA defined Lactate Nitrate anaerobic pH 6.2	34	no media_term (untraceable to a source catalogue); no pH and no temperature
15	specialized/uga_defined_lactate_nitrate_anaerobic_ph_6_5.yaml	CultureMech:015766	UGA defined Lactate Nitrate anaerobic pH 6.5	34	no media_term (untraceable to a source catalogue); no pH and no temperature
15	specialized/uga_defined_lactate_nitrate_anaerobic_ph_6_8.yaml	CultureMech:015767	UGA defined Lactate Nitrate anaerobic pH 6.8	34	no media_term (untraceable to a source catalogue); no pH and no temperature
15	specialized/uga_defined_lactate_nitrate_anaerobic_ph_7_1.yaml	CultureMech:015768	UGA defined Lactate Nitrate anaerobic pH 7.1	34	no media_term (untraceable to a source catalogue); no pH and no temperature
15	specialized/uga_defined_nocarbon.yaml	CultureMech:015769	UGA defined nocarbon	33	no media_term (untraceable to a source catalogue); no pH and no temperature
15	specialized/uga_pipes_nocarbon.yaml	CultureMech:015770	UGA PIPES noCarbon	31	no media_term (untraceable to a source catalogue); no pH and no temperature
15	specialized/varel_bryant_medium.yaml	CultureMech:015771	Varel Bryant medium	13	no media_term (untraceable to a source catalogue); no pH and no temperature
15	specialized/varel_bryant_medium_glucose.yaml	CultureMech:015772	Varel Bryant medium Glucose	14	no media_term (untraceable to a source catalogue); no pH and no temperature
15	specialized/varel_bryant_medium_glucose_dtt_nas_nonitrogen.yaml	CultureMech:015773	Varel Bryant medium Glucose DTT NaS noNitrogen	14	no media_term (untraceable to a source catalogue); no pH and no temperature
15	specialized/varel_bryant_medium_glucose_dtt_nonitrogen.yaml	CultureMech:015774	Varel Bryant medium Glucose DTT noNitrogen	13	no media_term (untraceable to a source catalogue); no pH and no temperature
15	specialized/varel_bryant_medium_glucose_homopipes.yaml	CultureMech:015775	Varel Bryant medium Glucose HOMOPIPES	15	no media_term (untraceable to a source catalogue); no pH and no temperature
15	specialized/varel_bryant_medium_glucose_lowcys_nonitrogen.yaml	CultureMech:015776	Varel Bryant medium Glucose lowCys noNitrogen	13	no media_term (untraceable to a source catalogue); no pH and no temperature
15	specialized/varel_bryant_medium_glucose_mes.yaml	CultureMech:015777	Varel Bryant medium Glucose MES	15	no media_term (untraceable to a source catalogue); no pH and no temperature
15	specialized/varel_bryant_medium_glucose_minusp.yaml	CultureMech:015778	Varel Bryant medium Glucose minusP	14	no media_term (untraceable to a source catalogue); no pH and no temperature
15	specialized/varel_bryant_medium_glucose_nomet.yaml	CultureMech:015779	Varel Bryant medium Glucose noMET	13	no media_term (untraceable to a source catalogue); no pH and no temperature
15	specialized/varel_bryant_medium_glucose_nomet_dtt_nas_b12_nonitrogen.yaml	CultureMech:015780	Varel Bryant medium Glucose noMET DTT NaS B12 noNitrogen	14	no media_term (untraceable to a source catalogue); no pH and no temperature
15	specialized/varel_bryant_medium_glucose_nomet_nocys.yaml	CultureMech:015781	Varel Bryant medium Glucose noMET noCYS	12	no media_term (untraceable to a source catalogue); no pH and no temperature
15	specialized/varel_bryant_medium_glucose_pipes.yaml	CultureMech:015782	Varel Bryant medium Glucose PIPES	15	no media_term (untraceable to a source catalogue); no pH and no temperature
15	specialized/varel_bryant_medium_lowcys.yaml	CultureMech:015783	Varel Bryant medium lowCys	13	no media_term (untraceable to a source catalogue); no pH and no temperature
15	specialized/varel_bryant_medium_lowcys_lowmet.yaml	CultureMech:015784	Varel Bryant medium lowCys lowMet	14	no media_term (untraceable to a source catalogue); no pH and no temperature
15	specialized/varel_bryant_medium_nonitrogen.yaml	CultureMech:015785	Varel Bryant medium noNitrogen	13	no media_term (untraceable to a source catalogue); no pH and no temperature
15	specialized/xantho_mme_glucose_casamino.yaml	CultureMech:015787	Xantho MME glucose casamino	6	no media_term (untraceable to a source catalogue); no pH and no temperature
15	specialized/xantho_mme_glucose_dropout_lth.yaml	CultureMech:015788	Xantho MME glucose dropout LTH	6	no media_term (untraceable to a source catalogue); no pH and no temperature
15	specialized/ycfa.yaml	CultureMech:015789	YCFA	26	no media_term (untraceable to a source catalogue); no pH and no temperature
15	specialized/ym.yaml	CultureMech:015790	YM	6	no media_term (untraceable to a source catalogue); no pH and no temperature
15	specialized/zmb.yaml	CultureMech:015791	ZMB	54	no media_term (untraceable to a source catalogue); no pH and no temperature
15	specialized/zmb_als.yaml	CultureMech:015792	ZMB ALS	56	no media_term (untraceable to a source catalogue); no pH and no temperature
15	specialized/zmb_als_ghp.yaml	CultureMech:015793	ZMB ALS GHP	39	no media_term (untraceable to a source catalogue); no pH and no temperature
15	specialized/zmb_als_glcmd.yaml	CultureMech:015794	ZMB ALS GLCMD	41	no media_term (untraceable to a source catalogue); no pH and no temperature
15	specialized/zmb_gut.yaml	CultureMech:015828	ZMB Gut	59	no media_term (untraceable to a source catalogue); no pH and no temperature
15	specialized/zmb_no_carbon.yaml	CultureMech:015829	ZMB no carbon	53	no media_term (untraceable to a source catalogue); no pH and no temperature
10	algae/2asw.yaml	CultureMech:000038	2ASW	13	no media_term (untraceable to a source catalogue)
10	algae/3n_bbm_v.yaml	CultureMech:000039	3N-BBM+V	7	no media_term (untraceable to a source catalogue)
10	algae/CCAP_ASW 150 + barley  + barley grain_).yaml	CultureMech:000045	ASW 150 + barley	6	no media_term (untraceable to a source catalogue)
10	algae/CCAP_ASW 225 + barley  + barley grain_).yaml	CultureMech:000047	ASW 225 + barley	4	no media_term (untraceable to a source catalogue)
10	algae/CCAP_ASW 300 + barley  + barley grain_).yaml	CultureMech:000049	ASW 300 + barley	6	no media_term (untraceable to a source catalogue)
10	algae/CCAP_C Medium_ Modified.yaml	CultureMech:000057	C Medium, Modified	6	no media_term (untraceable to a source catalogue)
10	algae/CCAP_MC II .yaml	CultureMech:000085	MC II	3	no media_term (untraceable to a source catalogue)
10	algae/CCAP_NN  Agar.yaml	CultureMech:000106	NN	4	no media_term (untraceable to a source catalogue)
10	algae/CCAP_TAP Medium.yaml	CultureMech:000139	TAP Medium	11	no media_term (untraceable to a source catalogue)
10	algae/abm.yaml	CultureMech:000040	ABM	6	no media_term (untraceable to a source catalogue)
10	algae/ajs.yaml	CultureMech:000041	AJS	6	no media_term (untraceable to a source catalogue)
10	algae/ant.yaml	CultureMech:000042	ANT	10	no media_term (untraceable to a source catalogue)
10	algae/asw.yaml	CultureMech:000050	ASW	13	no media_term (untraceable to a source catalogue)
10	algae/asw_150_barley.yaml	CultureMech:000044	ASW 150 + barley	6	no media_term (untraceable to a source catalogue)
10	algae/asw_225_barley.yaml	CultureMech:000046	ASW 225 + barley	4	no media_term (untraceable to a source catalogue)
10	algae/asw_300_barley.yaml	CultureMech:000048	ASW 300 + barley	6	no media_term (untraceable to a source catalogue)
10	algae/asw_barley.yaml	CultureMech:000043	ASW + barley	13	no media_term (untraceable to a source catalogue)
10	algae/asw_ses.yaml	CultureMech:000052	ASW:SES	12	no media_term (untraceable to a source catalogue)
10	algae/aswp.yaml	CultureMech:000051	ASWP	5	no media_term (untraceable to a source catalogue)
10	algae/bb.yaml	CultureMech:000053	BB	6	no media_term (untraceable to a source catalogue)
10	algae/bb_merds.yaml	CultureMech:000054	BB:MErds	8	no media_term (untraceable to a source catalogue)
10	algae/bg.yaml	CultureMech:000055	BG	8	no media_term (untraceable to a source catalogue)
10	algae/c_medium_modified.yaml	CultureMech:000056	C Medium, Modified	6	no media_term (untraceable to a source catalogue)
10	algae/cgm.yaml	CultureMech:000058	CGM	10	no media_term (untraceable to a source catalogue)
10	algae/cma.yaml	CultureMech:000061	CMA	3	no media_term (untraceable to a source catalogue)
10	algae/dm.yaml	CultureMech:000063	DM	5	no media_term (untraceable to a source catalogue)
10	algae/e26_biotin.yaml	CultureMech:000064	E26 + Biotin	4	no media_term (untraceable to a source catalogue)
10	algae/e26_biotin_ant.yaml	CultureMech:000065	E26 + Biotin:ANT	14	no media_term (untraceable to a source catalogue)
10	algae/e27.yaml	CultureMech:000066	E27	4	no media_term (untraceable to a source catalogue)
10	algae/e31.yaml	CultureMech:000067	E31	3	no media_term (untraceable to a source catalogue)
10	algae/e31_ant.yaml	CultureMech:000068	E31:ANT	13	no media_term (untraceable to a source catalogue)
10	algae/ea.yaml	CultureMech:000069	EA	7	no media_term (untraceable to a source catalogue)
10	algae/eg.yaml	CultureMech:000070	EG	5	no media_term (untraceable to a source catalogue)
10	algae/eg_jm.yaml	CultureMech:000071	EG:JM	10	no media_term (untraceable to a source catalogue)
10	algae/f_2.yaml	CultureMech:000149	f/2	14	no media_term (untraceable to a source catalogue)
10	algae/f_2_si.yaml	CultureMech:000148	f/2 + Si	16	no media_term (untraceable to a source catalogue)
10	algae/f_2_si_for_heterotrophic_growth.yaml	CultureMech:000147	f/2 + Si for heterotrophic growth	12	no media_term (untraceable to a source catalogue)
10	algae/fdmed.yaml	CultureMech:000072	FDMed	11	no media_term (untraceable to a source catalogue)
10	algae/hsm.yaml	CultureMech:000073	HSM	5	no media_term (untraceable to a source catalogue)
10	algae/jm.yaml	CultureMech:000074	JM	5	no media_term (untraceable to a source catalogue)
10	algae/jm_se.yaml	CultureMech:000075	JM:SE	4	no media_term (untraceable to a source catalogue)
10	algae/k35.yaml	CultureMech:000078	K35	14	no media_term (untraceable to a source catalogue)
10	algae/k_medium.yaml	CultureMech:000076	K Medium	14	no media_term (untraceable to a source catalogue)
10	algae/k_minimum.yaml	CultureMech:000077	K Minimum	13	no media_term (untraceable to a source catalogue)
10	algae/l1.yaml	CultureMech:000079	L1	7	no media_term (untraceable to a source catalogue)
10	algae/lb.yaml	CultureMech:000080	LB	3	no media_term (untraceable to a source catalogue)
10	algae/maf6_se.yaml	CultureMech:000081	MAF6:SE	7	no media_term (untraceable to a source catalogue)
10	algae/masm.yaml	CultureMech:000082	MASM	8	no media_term (untraceable to a source catalogue)
10	algae/mbbm.yaml	CultureMech:000083	MBBM	7	no media_term (untraceable to a source catalogue)
10	algae/mc_ii.yaml	CultureMech:000084	MC II	3	no media_term (untraceable to a source catalogue)
10	algae/mdy_v.yaml	CultureMech:000088	MDY-V	6	no media_term (untraceable to a source catalogue)
10	algae/met_44.yaml	CultureMech:000096	Met-44	8	no media_term (untraceable to a source catalogue)
10	algae/mhy.yaml	CultureMech:000091	MHY	12	no media_term (untraceable to a source catalogue)
10	algae/mp.yaml	CultureMech:000092	MP	8	no media_term (untraceable to a source catalogue)
10	algae/mwc.yaml	CultureMech:000094	MWC	15	no media_term (untraceable to a source catalogue)
10	algae/my75s.yaml	CultureMech:000095	MY75S	4	no media_term (untraceable to a source catalogue)
10	algae/nn.yaml	CultureMech:000105	NN	4	no media_term (untraceable to a source catalogue)
10	algae/nss_low.yaml	CultureMech:000107	NSS Low	12	no media_term (untraceable to a source catalogue)
10	algae/pas.yaml	CultureMech:000108	PAS	3	no media_term (untraceable to a source catalogue)
10	algae/pc.yaml	CultureMech:000109	PC	3	no media_term (untraceable to a source catalogue)
10	algae/pe.yaml	CultureMech:000110	PE	5	no media_term (untraceable to a source catalogue)
10	algae/pm.yaml	CultureMech:000114	PM	3	no media_term (untraceable to a source catalogue)
10	algae/ppg.yaml	CultureMech:000116	PPG	5	no media_term (untraceable to a source catalogue)
10	algae/s77_vitamins.yaml	CultureMech:000125	S77 + vitamins	12	no media_term (untraceable to a source catalogue)
10	algae/s88_vitamins.yaml	CultureMech:000126	S88 + vitamins	23	no media_term (untraceable to a source catalogue)
10	algae/sbbm.yaml	CultureMech:000127	SBBM	9	no media_term (untraceable to a source catalogue)
10	algae/sna.yaml	CultureMech:000133	SNA	5	no media_term (untraceable to a source catalogue)
10	algae/sna_5.yaml	CultureMech:000134	SNA/5	5	no media_term (untraceable to a source catalogue)
10	algae/sp.yaml	CultureMech:000135	SP	24	no media_term (untraceable to a source catalogue)
10	algae/ucm.yaml	CultureMech:000140	UCM	48	no media_term (untraceable to a source catalogue)
10	algae/um.yaml	CultureMech:000141	UM	6	no media_term (untraceable to a source catalogue)
10	algae/walnes.yaml	CultureMech:000142	Walne's	11	no media_term (untraceable to a source catalogue)
10	algae/waris_h.yaml	CultureMech:000143	Waris-H	18	no media_term (untraceable to a source catalogue)
10	algae/wmy.yaml	CultureMech:000150	wMY	4	no media_term (untraceable to a source catalogue)
10	algae/ypd_agar.yaml	CultureMech:000145	YPD Agar	3	no media_term (untraceable to a source catalogue)
10	algae/zm_10.yaml	CultureMech:000146	ZM/10	18	no media_term (untraceable to a source catalogue)
10	archaea/JCM_J338_PYROBACULUM_CALIDIFONTIS_MEDIUM.yaml	CultureMech:002697	PYROBACULUM CALIDIFONTIS MEDIUM	3	only 1/3 ingredients grounded
10	archaea/pyrobaculum_calidifontis_medium.yaml	CultureMech:000522	PYROBACULUM CALIDIFONTIS MEDIUM	3	only 1/3 ingredients grounded
10	bacterial/1_2_ytss_medium.yaml	CultureMech:002156	1/2 YTSS MEDIUM	4	only 1/4 ingredients grounded
10	bacterial/2_x_yt_medium.yaml	CultureMech:002679	2 x YT MEDIUM	3	only 1/3 ingredients grounded
10	bacterial/DSMZ_1405_PYG_MEDIUM_MODIFIED.yaml	CultureMech:000866	PYG MEDIUM MODIFIED	5	only 2/5 ingredients grounded
10	bacterial/DSMZ_73_MEDIUM_FOR_HALOPHILIC_BACILLI.yaml	CultureMech:000280	MEDIUM FOR HALOPHILIC BACILLI	3	only 1/3 ingredients grounded
10	bacterial/DSMZ_74_THERMUS_THERMOPHILUS_MEDIUM.yaml	CultureMech:000282	THERMUS THERMOPHILUS MEDIUM	3	only 1/3 ingredients grounded
10	bacterial/JCM_J100_ALKALINE_NUTRIENT_AGAR.yaml	CultureMech:002194	ALKALINE NUTRIENT AGAR	3	only 1/3 ingredients grounded
10	bacterial/JCM_J104_SUCROSE-BENNETT_S_AGAR.yaml	CultureMech:002232	SUCROSE-BENNETT'S AGAR	5	only 2/5 ingredients grounded
10	bacterial/JCM_J1178_BTT_MEDIUM.yaml	CultureMech:002349	BTT MEDIUM	5	only 2/5 ingredients grounded
10	bacterial/JCM_J1303_UREAPLASMA_MEDIUM.yaml	CultureMech:002467	UREAPLASMA MEDIUM	6	only 2/6 ingredients grounded
10	bacterial/JCM_J44_BENNETT_S_AGAR.yaml	CultureMech:002800	BENNETT'S AGAR	5	only 2/5 ingredients grounded
10	bacterial/JCM_J74_NUTRIENT_AGAR.yaml	CultureMech:003093	NUTRIENT AGAR	3	only 1/3 ingredients grounded
10	bacterial/KOMODO_102_FLAVOBACTERIUM_AQUATILE_medium.yaml	CultureMech:003542	FLAVOBACTERIUM AQUATILE medium	5	only 2/5 ingredients grounded
10	bacterial/KOMODO_1076_SP4_MEDIUM.yaml	CultureMech:003664	SP4 MEDIUM	8	only 2/8 ingredients grounded
10	bacterial/KOMODO_1076b_SP4-Z_medium.yaml	CultureMech:003729	SP4-Z medium	8	only 2/8 ingredients grounded
10	bacterial/KOMODO_1109_BTT_medium.yaml	CultureMech:003810	BTT medium	5	only 2/5 ingredients grounded
10	bacterial/KOMODO_1133_ENRICHED_CYTOPHAGA_AGAR_medium.yaml	CultureMech:003843	ENRICHED CYTOPHAGA AGAR medium	5	only 2/5 ingredients grounded
10	bacterial/KOMODO_1143_TY_medium.yaml	CultureMech:003854	TY medium	3	only 1/3 ingredients grounded
10	bacterial/KOMODO_21_SARCINA_medium.yaml	CultureMech:004430	SARCINA medium	3	only 1/3 ingredients grounded
10	bacterial/KOMODO_238_STREPTOMYCIN_NUTRIENT_AGAR.yaml	CultureMech:004611	STREPTOMYCIN NUTRIENT AGAR	4	only 1/4 ingredients grounded
10	bacterial/KOMODO_245_BLOOD_AGAR_II.yaml	CultureMech:004616	BLOOD AGAR II	5	only 2/5 ingredients grounded
10	bacterial/KOMODO_251_Peptone_-_MEAT_EXTRACT_-_SOIL_EXTRACT_AGAR_PFE.yaml	CultureMech:004623	Peptone - MEAT EXTRACT - SOIL EXTRACT AGAR (PFE)	5	only 2/5 ingredients grounded
10	bacterial/KOMODO_264_TOMATO_JUICE_medium.yaml	CultureMech:004667	TOMATO JUICE medium	4	only 1/4 ingredients grounded
10	bacterial/KOMODO_281_HYPHOMONAS_medium.yaml	CultureMech:004734	HYPHOMONAS medium	3	only 1/3 ingredients grounded
10	bacterial/KOMODO_302_NUTRIENT_BROTH_WITH_10_HORSE_SERUM.yaml	CultureMech:004809	NUTRIENT BROTH WITH 10% HORSE SERUM	4	only 1/4 ingredients grounded
10	bacterial/KOMODO_306_NY-AGAR.yaml	CultureMech:004854	NY-AGAR	4	only 1/4 ingredients grounded
10	bacterial/KOMODO_309_NEOMYCIN_AGAR.yaml	CultureMech:004886	NEOMYCIN AGAR	5	only 1/5 ingredients grounded
10	bacterial/KOMODO_362_FLAVOBACTERIUM_TIRRENICUM_medium.yaml	CultureMech:005084	FLAVOBACTERIUM TIRRENICUM medium	5	only 2/5 ingredients grounded
10	bacterial/KOMODO_368_KUNKEE_medium.yaml	CultureMech:005089	KUNKEE medium	6	only 2/6 ingredients grounded
10	bacterial/KOMODO_381_LB_Luria-Bertani_medium.yaml	CultureMech:005128	LB (Luria-Bertani) medium	4	only 1/4 ingredients grounded
10	bacterial/KOMODO_391-1_For_DSM_4254.yaml	CultureMech:005173	For DSM 4254	30	name 'For DSM 4254' identifies a strain, not a medium
10	bacterial/KOMODO_393_YPD_medium.yaml	CultureMech:005177	YPD medium	3	only 1/3 ingredients grounded
10	bacterial/KOMODO_425_OATMEAL_AGAR.yaml	CultureMech:005249	OATMEAL AGAR	3	only 1/3 ingredients grounded
10	bacterial/KOMODO_435_KDM-2_medium.yaml	CultureMech:005282	KDM-2 medium	6	only 2/6 ingredients grounded
10	bacterial/KOMODO_453_STANDARD_I_medium.yaml	CultureMech:005303	STANDARD I medium	5	only 2/5 ingredients grounded
10	bacterial/KOMODO_467_OTTOW_medium.yaml	CultureMech:005580	OTTOW medium	7	only 3/7 ingredients grounded
10	bacterial/KOMODO_468_EXIGUOBACTERIUM_MEDIUM.yaml	CultureMech:005581	EXIGUOBACTERIUM MEDIUM	3	only 1/3 ingredients grounded
10	bacterial/KOMODO_581_GLYCEROL_CORNSTEEP_AGAR.yaml	CultureMech:006052	GLYCEROL CORNSTEEP AGAR	7	only 3/7 ingredients grounded
10	bacterial/KOMODO_627_SEAWATER_LEMCO.yaml	CultureMech:006133	SEAWATER LEMCO	4	only 1/4 ingredients grounded
10	bacterial/KOMODO_675_BACILLUS_THERMANTARCTICUS_medium.yaml	CultureMech:006271	BACILLUS THERMANTARCTICUS medium	3	only 1/3 ingredients grounded
10	bacterial/KOMODO_695_medium_FOR_ERYTHROBACTER_LONGUS.yaml	CultureMech:006313	medium FOR ERYTHROBACTER LONGUS	6	only 1/6 ingredients grounded
10	bacterial/KOMODO_736_RICH_medium.yaml	CultureMech:006384	RICH medium	9	only 4/9 ingredients grounded
10	bacterial/KOMODO_80_GLYCEROL-SOIL_medium.yaml	CultureMech:006527	GLYCEROL-SOIL medium	5	only 2/5 ingredients grounded
10	bacterial/KOMODO_88-2_For_DSM_18786.yaml	CultureMech:006726	For DSM 18786	15	name 'For DSM 18786' identifies a strain, not a medium
10	bacterial/KOMODO_948_OXOID_NUTRIENT_BROTH.yaml	CultureMech:006886	OXOID NUTRIENT BROTH	5	only 1/5 ingredients grounded
10	bacterial/KOMODO_974_1_2_YTSS_medium.yaml	CultureMech:006932	1/2 YTSS medium	4	only 1/4 ingredients grounded
10	bacterial/Nitrogen_Free_Medium_for_Leptospirillum_ferrodiazotrophum.yaml	CultureMech:015436	Nitrogen-Free Medium for Leptospirillum ferrodiazotrophum	3	no media_term (untraceable to a source catalogue)
10	bacterial/PCS_FP_medium_for_thermophilic_cellulose_degradation.yaml	CultureMech:015439	PCS-FP medium for thermophilic cellulose degradation	5	no media_term (untraceable to a source catalogue)
10	bacterial/acidomonas_medium.yaml	CultureMech:002396	ACIDOMONAS MEDIUM	5	only 2/5 ingredients grounded
10	bacterial/alifodinibius_medium_tsa_mod.yaml	CultureMech:001024	ALIFODINIBIUS MEDIUM (TSA mod)	3	only 1/3 ingredients grounded
10	bacterial/antarctic_bacterial_medium.yaml	CultureMech:002690	ANTARCTIC BACTERIAL MEDIUM	3	only 1/3 ingredients grounded
10	bacterial/antibiotic_medium_1.yaml	CultureMech:001010	ANTIBIOTIC MEDIUM 1	6	only 2/6 ingredients grounded
10	bacterial/bacillus_thermantarcticus_medium.yaml	CultureMech:001815	BACILLUS THERMANTARCTICUS MEDIUM	3	only 1/3 ingredients grounded
10	bacterial/bdellovibrio_yp_medium.yaml	CultureMech:001356	BDELLOVIBRIO (YP) MEDIUM	3	only 1/3 ingredients grounded
10	bacterial/bennetts_agar.yaml	CultureMech:001682	BENNETT'S AGAR	5	only 2/5 ingredients grounded
10	bacterial/blood_agar_ii.yaml	CultureMech:001345	BLOOD AGAR II	5	only 2/5 ingredients grounded
10	bacterial/bsw3_agar.yaml	CultureMech:002385	BSW3 AGAR	5	only 2/5 ingredients grounded
10	bacterial/btt_medium.yaml	CultureMech:000543	BTT MEDIUM	5	only 2/5 ingredients grounded
10	bacterial/columbia_agar_with_5_sheep_blood.yaml	CultureMech:000788	COLUMBIA AGAR WITH 5% SHEEP BLOOD	8	only 3/8 ingredients grounded
10	bacterial/cyc_agar.yaml	CultureMech:002851	CYC AGAR	4	only 1/4 ingredients grounded
10	bacterial/cyc_agar_ph_8_0.yaml	CultureMech:002580	CYC AGAR (pH 8.0)	4	only 1/4 ingredients grounded
10	bacterial/dsm_10111.yaml	CultureMech:006553	DSM 10111	36	name 'DSM 10111' identifies a strain, not a medium
10	bacterial/dsm_10409.yaml	CultureMech:005599	DSM 10409	32	name 'DSM 10409' identifies a strain, not a medium
10	bacterial/dsm_10410.yaml	CultureMech:005600	DSM 10410	32	name 'DSM 10410' identifies a strain, not a medium
10	bacterial/dsm_11106.yaml	CultureMech:006554	DSM 11106	36	name 'DSM 11106' identifies a strain, not a medium
10	bacterial/dsm_13489.yaml	CultureMech:006889	DSM 13489	17	name 'DSM 13489' identifies a strain, not a medium
10	bacterial/dsm_14919.yaml	CultureMech:006892	DSM 14919	17	name 'DSM 14919' identifies a strain, not a medium
10	bacterial/dsm_16658.yaml	CultureMech:006500	DSM 16658	23	name 'DSM 16658' identifies a strain, not a medium
10	bacterial/dsm_24515.yaml	CultureMech:003961	DSM 24515	33	name 'DSM 24515' identifies a strain, not a medium
10	bacterial/dsm_5262.yaml	CultureMech:006424	DSM 5262	20	name 'DSM 5262' identifies a strain, not a medium
10	bacterial/enriched_cytophaga_agar.yaml	CultureMech:003082	ENRICHED CYTOPHAGA AGAR	5	only 2/5 ingredients grounded
10	bacterial/enriched_cytophaga_agar_medium.yaml	CultureMech:000569	ENRICHED CYTOPHAGA AGAR MEDIUM	5	only 2/5 ingredients grounded
10	bacterial/exiguobacterium_medium.yaml	CultureMech:001597	EXIGUOBACTERIUM MEDIUM	3	only 1/3 ingredients grounded
10	bacterial/flavobacterium_aquatile_medium.yaml	CultureMech:000451	FLAVOBACTERIUM AQUATILE MEDIUM	5	only 2/5 ingredients grounded
10	bacterial/flavobacterium_m1_agar.yaml	CultureMech:002882	FLAVOBACTERIUM M1 AGAR	5	only 2/5 ingredients grounded
10	bacterial/flavobacterium_medium.yaml	CultureMech:002378	FLAVOBACTERIUM MEDIUM	3	only 1/3 ingredients grounded
10	bacterial/flavobacterium_tirrenicum_medium.yaml	CultureMech:001463	FLAVOBACTERIUM TIRRENICUM MEDIUM	5	only 2/5 ingredients grounded
10	bacterial/for_dsm12681.yaml	CultureMech:006704	For DSM12681	34	name 'For DSM12681' identifies a strain, not a medium
10	bacterial/for_dsm_1083.yaml	CultureMech:004088	For DSM 1083	15	name 'For DSM 1083' identifies a strain, not a medium
10	bacterial/for_dsm_1085.yaml	CultureMech:004090	For DSM 1085	15	name 'For DSM 1085' identifies a strain, not a medium
10	bacterial/for_dsm_11046.yaml	CultureMech:005673	For DSM 11046	29	name 'For DSM 11046' identifies a strain, not a medium
10	bacterial/for_dsm_11116.yaml	CultureMech:006764	For DSM 11116	5	name 'For DSM 11116' identifies a strain, not a medium
10	bacterial/for_dsm_11261.yaml	CultureMech:005674	For DSM 11261	29	name 'For DSM 11261' identifies a strain, not a medium
10	bacterial/for_dsm_11262.yaml	CultureMech:005675	For DSM 11262	29	name 'For DSM 11262' identifies a strain, not a medium
10	bacterial/for_dsm_11321.yaml	CultureMech:005595	For DSM 11321	31	name 'For DSM 11321' identifies a strain, not a medium
10	bacterial/for_dsm_11763.yaml	CultureMech:006538	For DSM 11763	24	name 'For DSM 11763' identifies a strain, not a medium
10	bacterial/for_dsm_12260.yaml	CultureMech:006652	For DSM 12260	35	name 'For DSM 12260' identifies a strain, not a medium
10	bacterial/for_dsm_12326.yaml	CultureMech:005701	For DSM 12326	27	name 'For DSM 12326' identifies a strain, not a medium
10	bacterial/for_dsm_12343.yaml	CultureMech:006688	For DSM 12343	35	name 'For DSM 12343' identifies a strain, not a medium
10	bacterial/for_dsm_12503.yaml	CultureMech:006681	For DSM 12503	22	name 'For DSM 12503' identifies a strain, not a medium
10	bacterial/for_dsm_12504.yaml	CultureMech:006682	For DSM 12504	22	name 'For DSM 12504' identifies a strain, not a medium
10	bacterial/for_dsm_12505.yaml	CultureMech:006683	For DSM 12505	22	name 'For DSM 12505' identifies a strain, not a medium
10	bacterial/for_dsm_12596.yaml	CultureMech:006072	For DSM 12596	30	name 'For DSM 12596' identifies a strain, not a medium
10	bacterial/for_dsm_12680.yaml	CultureMech:006703	For DSM 12680	34	name 'For DSM 12680' identifies a strain, not a medium
10	bacterial/for_dsm_12888.yaml	CultureMech:005151	For DSM 12888	32	name 'For DSM 12888' identifies a strain, not a medium
10	bacterial/for_dsm_13105.yaml	CultureMech:006684	For DSM 13105	22	name 'For DSM 13105' identifies a strain, not a medium
10	bacterial/for_dsm_13116.yaml	CultureMech:006686	For DSM 13116	22	name 'For DSM 13116' identifies a strain, not a medium
10	bacterial/for_dsm_13181.yaml	CultureMech:003618	For DSM 13181	13	name 'For DSM 13181' identifies a strain, not a medium
10	bacterial/for_dsm_13294.yaml	CultureMech:004092	For DSM 13294	15	name 'For DSM 13294' identifies a strain, not a medium
10	bacterial/for_dsm_13326.yaml	CultureMech:005684	For DSM 13326	29	name 'For DSM 13326' identifies a strain, not a medium
10	bacterial/for_dsm_13327.yaml	CultureMech:005685	For DSM 13327	29	name 'For DSM 13327' identifies a strain, not a medium
10	bacterial/for_dsm_13380.yaml	CultureMech:005170	For DSM 13380	17	name 'For DSM 13380' identifies a strain, not a medium
10	bacterial/for_dsm_13497.yaml	CultureMech:006881	For DSM 13497	38	name 'For DSM 13497' identifies a strain, not a medium
10	bacterial/for_dsm_13514.yaml	CultureMech:005171	For DSM 13514	17	name 'For DSM 13514' identifies a strain, not a medium
10	bacterial/for_dsm_13726.yaml	CultureMech:006375	For DSM 13726	38	name 'For DSM 13726' identifies a strain, not a medium
10	bacterial/for_dsm_13862.yaml	CultureMech:006647	For DSM 13862	47	name 'For DSM 13862' identifies a strain, not a medium
10	bacterial/for_dsm_14005.yaml	CultureMech:006918	For DSM 14005	33	name 'For DSM 14005' identifies a strain, not a medium
10	bacterial/for_dsm_14042.yaml	CultureMech:004140	For DSM 14042	37	name 'For DSM 14042' identifies a strain, not a medium
10	bacterial/for_dsm_14174.yaml	CultureMech:004076	For DSM 14174	8	name 'For DSM 14174' identifies a strain, not a medium
10	bacterial/for_dsm_14283.yaml	CultureMech:006878	For DSM 14283	16	name 'For DSM 14283' identifies a strain, not a medium
10	bacterial/for_dsm_14290.yaml	CultureMech:006561	For DSM 14290	37	name 'For DSM 14290' identifies a strain, not a medium
10	bacterial/for_dsm_14366.yaml	CultureMech:006345	For DSM 14366	5	name 'For DSM 14366' identifies a strain, not a medium
10	bacterial/for_dsm_14385.yaml	CultureMech:006246	For DSM 14385	27	name 'For DSM 14385' identifies a strain, not a medium
10	bacterial/for_dsm_14424.yaml	CultureMech:005677	For DSM 14424	29	name 'For DSM 14424' identifies a strain, not a medium
10	bacterial/for_dsm_14428.yaml	CultureMech:005041	For DSM 14428	3	name 'For DSM 14428' identifies a strain, not a medium
10	bacterial/for_dsm_14454.yaml	CultureMech:005142	For DSM 14454	32	name 'For DSM 14454' identifies a strain, not a medium
10	bacterial/for_dsm_14469.yaml	CultureMech:006791	For DSM 14469	35	name 'For DSM 14469' identifies a strain, not a medium
10	bacterial/for_dsm_14661.yaml	CultureMech:006830	For DSM 14661	37	name 'For DSM 14661' identifies a strain, not a medium
10	bacterial/for_dsm_14691.yaml	CultureMech:005668	For DSM 14691	29	name 'For DSM 14691' identifies a strain, not a medium
10	bacterial/for_dsm_14708.yaml	CultureMech:006535	For DSM 14708	30	name 'For DSM 14708' identifies a strain, not a medium
10	bacterial/for_dsm_14728.yaml	CultureMech:005134	For DSM 14728	32	name 'For DSM 14728' identifies a strain, not a medium
10	bacterial/for_dsm_14795.yaml	CultureMech:006908	For DSM 14795	32	name 'For DSM 14795' identifies a strain, not a medium
10	bacterial/for_dsm_14813.yaml	CultureMech:006856	For DSM 14813	34	name 'For DSM 14813' identifies a strain, not a medium
10	bacterial/for_dsm_14823.yaml	CultureMech:006286	For DSM 14823	33	name 'For DSM 14823' identifies a strain, not a medium
10	bacterial/for_dsm_14826.yaml	CultureMech:006748	For DSM 14826	35	name 'For DSM 14826' identifies a strain, not a medium
10	bacterial/for_dsm_14828.yaml	CultureMech:006749	For DSM 14828	35	name 'For DSM 14828' identifies a strain, not a medium
10	bacterial/for_dsm_14888.yaml	CultureMech:006833	For DSM 14888	37	name 'For DSM 14888' identifies a strain, not a medium
10	bacterial/for_dsm_14947.yaml	CultureMech:006909	For DSM 14947	32	name 'For DSM 14947' identifies a strain, not a medium
10	bacterial/for_dsm_14956.yaml	CultureMech:004220	For DSM 14956	34	name 'For DSM 14956' identifies a strain, not a medium
10	bacterial/for_dsm_14982.yaml	CultureMech:005135	For DSM 14982	32	name 'For DSM 14982' identifies a strain, not a medium
10	bacterial/for_dsm_14994.yaml	CultureMech:004020	for DSM 14994	20	name 'for DSM 14994' identifies a strain, not a medium
10	bacterial/for_dsm_15074.yaml	CultureMech:003637	For DSM 15074	23	name 'For DSM 15074' identifies a strain, not a medium
10	bacterial/for_dsm_15102.yaml	CultureMech:004223	For DSM 15102	34	name 'For DSM 15102' identifies a strain, not a medium
10	bacterial/for_dsm_15206.yaml	CultureMech:005661	For DSM 15206	29	name 'For DSM 15206' identifies a strain, not a medium
10	bacterial/for_dsm_15249.yaml	CultureMech:004221	For DSM 15249	34	name 'For DSM 15249' identifies a strain, not a medium
10	bacterial/for_dsm_15692.yaml	CultureMech:004423	For DSM 15692	7	name 'For DSM 15692' identifies a strain, not a medium
10	bacterial/for_dsm_15699.yaml	CultureMech:003638	For DSM 15699	23	name 'For DSM 15699' identifies a strain, not a medium
10	bacterial/for_dsm_15769.yaml	CultureMech:003515	For DSM 15769	37	name 'For DSM 15769' identifies a strain, not a medium
10	bacterial/for_dsm_15941.yaml	CultureMech:006376	For DSM 15941	38	name 'For DSM 15941' identifies a strain, not a medium
10	bacterial/for_dsm_15970.yaml	CultureMech:005663	For DSM 15970	29	name 'For DSM 15970' identifies a strain, not a medium
10	bacterial/for_dsm_15978.yaml	CultureMech:005664	For DSM 15978	29	name 'For DSM 15978' identifies a strain, not a medium
10	bacterial/for_dsm_16082.yaml	CultureMech:005665	For DSM 16082	30	name 'For DSM 16082' identifies a strain, not a medium
10	bacterial/for_dsm_16121.yaml	CultureMech:006911	For DSM 16121	32	name 'For DSM 16121' identifies a strain, not a medium
10	bacterial/for_dsm_16145.yaml	CultureMech:006912	For DSM 16145	32	name 'For DSM 16145' identifies a strain, not a medium
10	bacterial/for_dsm_16346.yaml	CultureMech:006542	For DSM 16346	33	name 'For DSM 16346' identifies a strain, not a medium
10	bacterial/for_dsm_16401.yaml	CultureMech:006633	For DSM 16401	20	name 'For DSM 16401' identifies a strain, not a medium
10	bacterial/for_dsm_16504.yaml	CultureMech:006754	For DSM 16504	32	name 'For DSM 16504' identifies a strain, not a medium
10	bacterial/for_dsm_16529.yaml	CultureMech:006695	For DSM 16529	31	name 'For DSM 16529' identifies a strain, not a medium
10	bacterial/for_dsm_16532.yaml	CultureMech:005179	For DSM 16532	30	name 'For DSM 16532' identifies a strain, not a medium
10	bacterial/for_dsm_16547.yaml	CultureMech:006557	For DSM 16547	30	name 'For DSM 16547' identifies a strain, not a medium
10	bacterial/for_dsm_16556.yaml	CultureMech:003502	For DSM 16556	32	name 'For DSM 16556' identifies a strain, not a medium
10	bacterial/for_dsm_16624.yaml	CultureMech:006437	For DSM 16624	30	name 'For DSM 16624' identifies a strain, not a medium
10	bacterial/for_dsm_16651.yaml	CultureMech:006709	For DSM 16651	15	name 'For DSM 16651' identifies a strain, not a medium
10	bacterial/for_dsm_16652.yaml	CultureMech:004952	For DSM 16652	36	name 'For DSM 16652' identifies a strain, not a medium
10	bacterial/for_dsm_16697.yaml	CultureMech:004224	For DSM 16697	34	name 'For DSM 16697' identifies a strain, not a medium
10	bacterial/for_dsm_16705.yaml	CultureMech:006770	For DSM 16705	28	name 'For DSM 16705' identifies a strain, not a medium
10	bacterial/for_dsm_17232.yaml	CultureMech:006288	For DSM 17232	33	name 'For DSM 17232' identifies a strain, not a medium
10	bacterial/for_dsm_17291.yaml	CultureMech:005138	For DSM 17291	32	name 'For DSM 17291' identifies a strain, not a medium
10	bacterial/for_dsm_17373.yaml	CultureMech:006879	For DSM 17373	15	name 'For DSM 17373' identifies a strain, not a medium
10	bacterial/for_dsm_17375.yaml	CultureMech:003517	For DSM 17375	32	name 'For DSM 17375' identifies a strain, not a medium
10	bacterial/for_dsm_17477.yaml	CultureMech:005139	For DSM 17477	32	name 'For DSM 17477' identifies a strain, not a medium
10	bacterial/for_dsm_17682.yaml	CultureMech:003597	For DSM 17682	30	name 'For DSM 17682' identifies a strain, not a medium
10	bacterial/for_dsm_17721.yaml	CultureMech:003631	For DSM 17721	33	name 'For DSM 17721' identifies a strain, not a medium
10	bacterial/for_dsm_17722.yaml	CultureMech:006755	For DSM 17722	32	name 'For DSM 17722' identifies a strain, not a medium
10	bacterial/for_dsm_17771.yaml	CultureMech:006915	For DSM 17771	32	name 'For DSM 17771' identifies a strain, not a medium
10	bacterial/for_dsm_17883.yaml	CultureMech:006390	For DSM 17883	34	name 'For DSM 17883' identifies a strain, not a medium
10	bacterial/for_dsm_17935.yaml	CultureMech:003833	For DSM 17935	16	name 'For DSM 17935' identifies a strain, not a medium
10	bacterial/for_dsm_17936.yaml	CultureMech:003834	For DSM 17936	16	name 'For DSM 17936' identifies a strain, not a medium
10	bacterial/for_dsm_18064.yaml	CultureMech:003651	For DSM 18064	15	name 'For DSM 18064' identifies a strain, not a medium
10	bacterial/for_dsm_18149.yaml	CultureMech:005969	For DSM 18149	16	name 'For DSM 18149' identifies a strain, not a medium
10	bacterial/for_dsm_18151.yaml	CultureMech:006180	For DSM 18151	33	name 'For DSM 18151' identifies a strain, not a medium
10	bacterial/for_dsm_18181.yaml	CultureMech:005082	For DSM 18181	9	name 'For DSM 18181' identifies a strain, not a medium
10	bacterial/for_dsm_18386.yaml	CultureMech:006752	For DSM 18386	16	name 'For DSM 18386' identifies a strain, not a medium
10	bacterial/for_dsm_18409.yaml	CultureMech:006710	For DSM 18409	15	name 'For DSM 18409' identifies a strain, not a medium
10	bacterial/for_dsm_18570.yaml	CultureMech:003550	For DSM 18570	8	name 'For DSM 18570' identifies a strain, not a medium
10	bacterial/for_dsm_18632.yaml	CultureMech:003835	For DSM 18632	16	name 'For DSM 18632' identifies a strain, not a medium
10	bacterial/for_dsm_18709.yaml	CultureMech:006906	For DSM 18709	32	name 'For DSM 18709' identifies a strain, not a medium
10	bacterial/for_dsm_18732.yaml	CultureMech:005155	For DSM 18732	32	name 'For DSM 18732' identifies a strain, not a medium
10	bacterial/for_dsm_18760.yaml	CultureMech:003745	For DSM 18760	29	name 'For DSM 18760' identifies a strain, not a medium
10	bacterial/for_dsm_18770.yaml	CultureMech:003746	For DSM 18770	29	name 'For DSM 18770' identifies a strain, not a medium
10	bacterial/for_dsm_18774.yaml	CultureMech:003933	For DSM 18774	16	name 'For DSM 18774' identifies a strain, not a medium
10	bacterial/for_dsm_18786.yaml	CultureMech:004172	For DSM 18786	13	name 'For DSM 18786' identifies a strain, not a medium
10	bacterial/for_dsm_18805.yaml	CultureMech:003836	For DSM 18805	16	name 'For DSM 18805' identifies a strain, not a medium
10	bacterial/for_dsm_18834.yaml	CultureMech:003632	For DSM 18834	33	name 'For DSM 18834' identifies a strain, not a medium
10	bacterial/for_dsm_18843.yaml	CultureMech:004222	For DSM 18843	34	name 'For DSM 18843' identifies a strain, not a medium
10	bacterial/for_dsm_18858.yaml	CultureMech:003837	For DSM 18858	16	name 'For DSM 18858' identifies a strain, not a medium
10	bacterial/for_dsm_18923.yaml	CultureMech:005702	For DSM 18923	27	name 'For DSM 18923' identifies a strain, not a medium
10	bacterial/for_dsm_18924.yaml	CultureMech:005180	For DSM 18924	30	name 'For DSM 18924' identifies a strain, not a medium
10	bacterial/for_dsm_18978.yaml	CultureMech:006757	For DSM 18978	31	name 'For DSM 18978' identifies a strain, not a medium
10	bacterial/for_dsm_18985.yaml	CultureMech:003654	For DSM 18985	15	name 'For DSM 18985' identifies a strain, not a medium
10	bacterial/for_dsm_19022.yaml	CultureMech:003620	For DSM 19022	13	name 'For DSM 19022' identifies a strain, not a medium
10	bacterial/for_dsm_19089.yaml	CultureMech:003803	For DSM 19089	34	name 'For DSM 19089' identifies a strain, not a medium
10	bacterial/for_dsm_19306.yaml	CultureMech:006946	For DSM 19306	35	name 'For DSM 19306' identifies a strain, not a medium
10	bacterial/for_dsm_19353.yaml	CultureMech:003628	For DSM 19353	38	name 'For DSM 19353' identifies a strain, not a medium
10	bacterial/for_dsm_19380.yaml	CultureMech:005181	For DSM 19380	30	name 'For DSM 19380' identifies a strain, not a medium
10	bacterial/for_dsm_19393.yaml	CultureMech:006438	For DSM 19393	30	name 'For DSM 19393' identifies a strain, not a medium
10	bacterial/for_dsm_19491.yaml	CultureMech:003801	For DSM 19491	32	name 'For DSM 19491' identifies a strain, not a medium
10	bacterial/for_dsm_1974.yaml	CultureMech:004103	For DSM 1974	34	name 'For DSM 1974' identifies a strain, not a medium
10	bacterial/for_dsm_19780.yaml	CultureMech:003934	For DSM 19780	16	name 'For DSM 19780' identifies a strain, not a medium
10	bacterial/for_dsm_19849.yaml	CultureMech:005698	For DSM 19849	33	name 'For DSM 19849' identifies a strain, not a medium
10	bacterial/for_dsm_19918.yaml	CultureMech:005112	For DSM 19918	29	name 'For DSM 19918' identifies a strain, not a medium
10	bacterial/for_dsm_2095.yaml	CultureMech:004132	For DSM 2095	37	name 'For DSM 2095' identifies a strain, not a medium
10	bacterial/for_dsm_21120.yaml	CultureMech:003621	For DSM 21120	13	name 'For DSM 21120' identifies a strain, not a medium
10	bacterial/for_dsm_21152.yaml	CultureMech:003640	For DSM 21152	23	name 'For DSM 21152' identifies a strain, not a medium
10	bacterial/for_dsm_21157.yaml	CultureMech:006563	For DSM 21157	37	name 'For DSM 21157' identifies a strain, not a medium
10	bacterial/for_dsm_21278.yaml	CultureMech:005703	For DSM 21278	27	name 'For DSM 21278' identifies a strain, not a medium
10	bacterial/for_dsm_21436.yaml	CultureMech:006532	For DSM 21436	23	name 'For DSM 21436' identifies a strain, not a medium
10	bacterial/for_dsm_21571.yaml	CultureMech:003946	For DSM 21571	34	name 'For DSM 21571' identifies a strain, not a medium
10	bacterial/for_dsm_21650.yaml	CultureMech:003611	For DSM 21650	13	name 'For DSM 21650' identifies a strain, not a medium
10	bacterial/for_dsm_21662.yaml	CultureMech:005667	For DSM 21662	29	name 'For DSM 21662' identifies a strain, not a medium
10	bacterial/for_dsm_21709.yaml	CultureMech:006903	For DSM 21709	14	name 'For DSM 21709' identifies a strain, not a medium
10	bacterial/for_dsm_21761.yaml	CultureMech:003610	For DSM 21761	13	name 'For DSM 21761' identifies a strain, not a medium
10	bacterial/for_dsm_21830.yaml	CultureMech:005704	For DSM 21830	27	name 'For DSM 21830' identifies a strain, not a medium
10	bacterial/for_dsm_21860.yaml	CultureMech:003625	For DSM 21860	31	name 'For DSM 21860' identifies a strain, not a medium
10	bacterial/for_dsm_21940.yaml	CultureMech:006882	For DSM 21940	38	name 'For DSM 21940' identifies a strain, not a medium
10	bacterial/for_dsm_22050.yaml	CultureMech:003518	For DSM 22050	32	name 'For DSM 22050' identifies a strain, not a medium
10	bacterial/for_dsm_22071.yaml	CultureMech:003879	For DSM 22071	33	name 'For DSM 22071' identifies a strain, not a medium
10	bacterial/for_dsm_22112.yaml	CultureMech:005979	For DSM 22112	8	name 'For DSM 22112' identifies a strain, not a medium
10	bacterial/for_dsm_22131.yaml	CultureMech:003600	For DSM 22131	31	name 'For DSM 22131' identifies a strain, not a medium
10	bacterial/for_dsm_22224.yaml	CultureMech:006591	For DSM 22224	18	name 'For DSM 22224' identifies a strain, not a medium
10	bacterial/for_dsm_22410.yaml	CultureMech:003881	For DSM 22410	33	name 'For DSM 22410' identifies a strain, not a medium
10	bacterial/for_dsm_22549.yaml	CultureMech:004736	For DSM 22549	34	name 'For DSM 22549' identifies a strain, not a medium
10	bacterial/for_dsm_22612.yaml	CultureMech:004737	For DSM 22612	34	name 'For DSM 22612' identifies a strain, not a medium
10	bacterial/for_dsm_22659.yaml	CultureMech:003503	For DSM 22659	32	name 'For DSM 22659' identifies a strain, not a medium
10	bacterial/for_dsm_22701.yaml	CultureMech:005080	For DSM 22701	7	name 'For DSM 22701' identifies a strain, not a medium
10	bacterial/for_dsm_22980.yaml	CultureMech:003841	For DSM 22980	17	name 'For DSM 22980' identifies a strain, not a medium
10	bacterial/for_dsm_23053.yaml	CultureMech:003825	For DSM 23053	8	name 'For DSM 23053' identifies a strain, not a medium
10	bacterial/for_dsm_23132.yaml	CultureMech:005705	For DSM 23132	28	name 'For DSM 23132' identifies a strain, not a medium
10	bacterial/for_dsm_23290.yaml	CultureMech:003519	For DSM 23290	32	name 'For DSM 23290' identifies a strain, not a medium
10	bacterial/for_dsm_23669.yaml	CultureMech:005042	For DSM 23669	3	name 'For DSM 23669' identifies a strain, not a medium
10	bacterial/for_dsm_23698.yaml	CultureMech:005707	For DSM 23698	27	name 'For DSM 23698' identifies a strain, not a medium
10	bacterial/for_dsm_2376.yaml	CultureMech:004755	For DSM 2376	19	name 'For DSM 2376' identifies a strain, not a medium
10	bacterial/for_dsm_24179.yaml	CultureMech:003883	For DSM 24179	33	name 'For DSM 24179' identifies a strain, not a medium
10	bacterial/for_dsm_24312.yaml	CultureMech:003633	For DSM 24312	33	name 'For DSM 24312' identifies a strain, not a medium
10	bacterial/for_dsm_24400.yaml	CultureMech:003880	For DSM 24400	33	name 'For DSM 24400' identifies a strain, not a medium
10	bacterial/for_dsm_24436.yaml	CultureMech:006669	For DSM 24436	29	name 'For DSM 24436' identifies a strain, not a medium
10	bacterial/for_dsm_24660.yaml	CultureMech:003520	For DSM 24660	32	name 'For DSM 24660' identifies a strain, not a medium
10	bacterial/for_dsm_24739.yaml	CultureMech:003875	For DSM 24739	34	name 'For DSM 24739' identifies a strain, not a medium
10	bacterial/for_dsm_24766.yaml	CultureMech:003656	For DSM 24766	15	name 'For DSM 24766' identifies a strain, not a medium
10	bacterial/for_dsm_25720.yaml	CultureMech:004215	For DSM 25720	3	name 'For DSM 25720' identifies a strain, not a medium
10	bacterial/for_dsm_2831.yaml	CultureMech:004136	For DSM 2831	37	name 'For DSM 2831' identifies a strain, not a medium
10	bacterial/for_dsm_3132.yaml	CultureMech:004949	For DSM 3132	36	name 'For DSM 3132' identifies a strain, not a medium
10	bacterial/for_dsm_3382.yaml	CultureMech:005143	For DSM 3382	32	name 'For DSM 3382' identifies a strain, not a medium
10	bacterial/for_dsm_3383.yaml	CultureMech:005144	For DSM 3383	32	name 'For DSM 3383' identifies a strain, not a medium
10	bacterial/for_dsm_3384.yaml	CultureMech:005145	For DSM 3384	32	name 'For DSM 3384' identifies a strain, not a medium
10	bacterial/for_dsm_3385.yaml	CultureMech:005146	For DSM 3385	32	name 'For DSM 3385' identifies a strain, not a medium
10	bacterial/for_dsm_4132.yaml	CultureMech:004104	For DSM 4132	35	name 'For DSM 4132' identifies a strain, not a medium
10	bacterial/for_dsm_4184.yaml	CultureMech:005168	For DSM 4184	17	name 'For DSM 4184' identifies a strain, not a medium
10	bacterial/for_dsm_4185.yaml	CultureMech:005169	For DSM 4185	17	name 'For DSM 4185' identifies a strain, not a medium
10	bacterial/for_dsm_4301.yaml	CultureMech:005185	For DSM 4301	7	name 'For DSM 4301' identifies a strain, not a medium
10	bacterial/for_dsm_4440.yaml	CultureMech:004951	For DSM 4440	36	name 'For DSM 4440' identifies a strain, not a medium
10	bacterial/for_dsm_5219.yaml	CultureMech:005593	For DSM 5219	27	name 'For DSM 5219' identifies a strain, not a medium
10	bacterial/for_dsm_5387.yaml	CultureMech:003616	For DSM 5387	13	name 'For DSM 5387' identifies a strain, not a medium
10	bacterial/for_dsm_5388.yaml	CultureMech:005610	For DSM 5388	34	name 'For DSM 5388' identifies a strain, not a medium
10	bacterial/for_dsm_5566.yaml	CultureMech:006471	For DSM 5566	26	name 'For DSM 5566' identifies a strain, not a medium
10	bacterial/for_dsm_5651.yaml	CultureMech:005671	For DSM 5651	29	name 'For DSM 5651' identifies a strain, not a medium
10	bacterial/for_dsm_5847.yaml	CultureMech:005669	For DSM 5847	29	name 'For DSM 5847' identifies a strain, not a medium
10	bacterial/for_dsm_5849.yaml	CultureMech:005670	For DSM 5849	29	name 'For DSM 5849' identifies a strain, not a medium
10	bacterial/for_dsm_5885.yaml	CultureMech:005694	For DSM 5885	30	name 'For DSM 5885' identifies a strain, not a medium
10	bacterial/for_dsm_612.yaml	CultureMech:005064	For DSM 612	7	name 'For DSM 612' identifies a strain, not a medium
10	bacterial/for_dsm_6139.yaml	CultureMech:005695	For DSM 6139	30	name 'For DSM 6139' identifies a strain, not a medium
10	bacterial/for_dsm_6150.yaml	CultureMech:005696	For DSM 6150	30	name 'For DSM 6150' identifies a strain, not a medium
10	bacterial/for_dsm_6578.yaml	CultureMech:005710	For DSM 6578	33	name 'For DSM 6578' identifies a strain, not a medium
10	bacterial/for_dsm_6724.yaml	CultureMech:005872	For DSM 6724	29	name 'For DSM 6724' identifies a strain, not a medium
10	bacterial/for_dsm_6779.yaml	CultureMech:005672	For DSM 6779	29	name 'For DSM 6779' identifies a strain, not a medium
10	bacterial/for_dsm_6876.yaml	CultureMech:006005	For DSM 6876	34	name 'For DSM 6876' identifies a strain, not a medium
10	bacterial/for_dsm_6877.yaml	CultureMech:006006	For DSM 6877	34	name 'For DSM 6877' identifies a strain, not a medium
10	bacterial/for_dsm_6898.yaml	CultureMech:006063	For DSM 6898	27	name 'For DSM 6898' identifies a strain, not a medium
10	bacterial/for_dsm_7232.yaml	CultureMech:006110	For DSM 7232	5	name 'For DSM 7232' identifies a strain, not a medium
10	bacterial/for_dsm_7320.yaml	CultureMech:003615	For DSM 7320	13	name 'For DSM 7320' identifies a strain, not a medium
10	bacterial/for_dsm_753.yaml	CultureMech:003614	For DSM 753	13	name 'For DSM 753' identifies a strain, not a medium
10	bacterial/for_dsm_8238.yaml	CultureMech:006104	For DSM 8238	34	name 'For DSM 8238' identifies a strain, not a medium
10	bacterial/for_dsm_8271.yaml	CultureMech:004764	For DSM 8271	30	name 'For DSM 8271' identifies a strain, not a medium
10	bacterial/for_dsm_8541.yaml	CultureMech:005147	For DSM 8541	32	name 'For DSM 8541' identifies a strain, not a medium
10	bacterial/for_dsm_8988.yaml	CultureMech:006193	For DSM 8988	28	name 'For DSM 8988' identifies a strain, not a medium
10	bacterial/for_dsm_9195.yaml	CultureMech:003945	For DSM 9195	34	name 'For DSM 9195' identifies a strain, not a medium
10	bacterial/for_dsm_9219.yaml	CultureMech:006274	For DSM 9219	24	name 'For DSM 9219' identifies a strain, not a medium
10	bacterial/for_dsm_9463.yaml	CultureMech:006260	For DSM 9463	6	name 'For DSM 9463' identifies a strain, not a medium
10	bacterial/for_dsm_9466.yaml	CultureMech:006262	For DSM 9466	6	name 'For DSM 9466' identifies a strain, not a medium
10	bacterial/for_dsm_9467.yaml	CultureMech:006263	For DSM 9467	6	name 'For DSM 9467' identifies a strain, not a medium
10	bacterial/for_dsm_9468.yaml	CultureMech:006264	For DSM 9468	5	name 'For DSM 9468' identifies a strain, not a medium
10	bacterial/for_dsm_9736.yaml	CultureMech:006631	For DSM 9736	20	name 'For DSM 9736' identifies a strain, not a medium
10	bacterial/for_ureaplasma.yaml	CultureMech:003681	For Ureaplasma	8	only 2/8 ingredients grounded
10	bacterial/glycerol_cornsteep_agar.yaml	CultureMech:001707	GLYCEROL CORNSTEEP AGAR	7	only 3/7 ingredients grounded
10	bacterial/glycerol_soil_medium.yaml	CultureMech:001954	GLYCEROL-SOIL MEDIUM	5	only 2/5 ingredients grounded
10	bacterial/gyps_medium.yaml	CultureMech:002799	GYPS MEDIUM	5	only 2/5 ingredients grounded
10	bacterial/heart_infusion_blood_agar.yaml	CultureMech:001090	HEART INFUSION BLOOD AGAR	3	only 1/3 ingredients grounded
10	bacterial/helicobacter_medium.yaml	CultureMech:000742	HELICOBACTER MEDIUM	6	only 1/6 ingredients grounded
10	bacterial/hyphomonas_medium.yaml	CultureMech:001377	HYPHOMONAS MEDIUM	3	only 1/3 ingredients grounded
10	bacterial/isp_1_medium.yaml	CultureMech:001232	ISP 1 Medium	3	only 1/3 ingredients grounded
10	bacterial/jcm_medium_no_116.yaml	CultureMech:002342	JCM MEDIUM No. 116	3	only 1/3 ingredients grounded
10	bacterial/jcm_medium_no_188.yaml	CultureMech:002549	JCM MEDIUM No. 188	6	only 2/6 ingredients grounded
10	bacterial/jxt_medium.yaml	CultureMech:002586	JXT MEDIUM	4	only 1/4 ingredients grounded
10	bacterial/kdm_2_medium.yaml	CultureMech:001543	KDM-2 MEDIUM	6	only 2/6 ingredients grounded
10	bacterial/kunkee_medium.yaml	CultureMech:001469	KUNKEE MEDIUM	6	only 2/6 ingredients grounded
10	bacterial/lactobacillus_medium_i.yaml	CultureMech:002368	LACTOBACILLUS MEDIUM I	9	only 4/9 ingredients grounded
10	bacterial/lb_luria_bertani_broth_with_1_mm_dtt.yaml	CultureMech:003157	LB (LURIA-BERTANI) BROTH WITH 1 mM DTT	3	only 1/3 ingredients grounded
10	bacterial/lb_luria_bertani_medium_lennox.yaml	CultureMech:002403	LB (LURIA-BERTANI) MEDIUM (LENNOX)	3	only 1/3 ingredients grounded
10	bacterial/leptospira_medium.yaml	CultureMech:000549	LEPTOSPIRA-MEDIUM	3	only 1/3 ingredients grounded
10	bacterial/malt_extract_peptone_agar.yaml	CultureMech:006782	MALT EXTRACT Peptone AGAR	3	only 1/3 ingredients grounded
10	bacterial/mbg_20.yaml	CultureMech:003008	MBG-20	4	only 1/4 ingredients grounded
10	bacterial/mc.yaml	CultureMech:000359	MC	7	only 3/7 ingredients grounded
10	bacterial/medium_1076_modified_for_dsm_21848.yaml	CultureMech:003663	MEDIUM 1076 MODIFIED FOR DSM 21848	8	only 2/8 ingredients grounded
10	bacterial/medium_1076b_modified_for_dsm_19104.yaml	CultureMech:003665	MEDIUM 1076b MODIFIED FOR DSM 19104	8	only 2/8 ingredients grounded
10	bacterial/medium_1076b_modified_for_dsm_19105.yaml	CultureMech:003666	MEDIUM 1076b MODIFIED FOR DSM 19105	8	only 2/8 ingredients grounded
10	bacterial/medium_1076b_modified_for_dsm_19201.yaml	CultureMech:003667	MEDIUM 1076b MODIFIED FOR DSM 19201	8	only 2/8 ingredients grounded
10	bacterial/medium_1076b_modified_for_dsm_19202.yaml	CultureMech:003668	MEDIUM 1076b MODIFIED FOR DSM 19202	8	only 2/8 ingredients grounded
10	bacterial/medium_1076b_modified_for_dsm_19518.yaml	CultureMech:003669	MEDIUM 1076b MODIFIED FOR DSM 19518	8	only 2/8 ingredients grounded
10	bacterial/medium_1076b_modified_for_dsm_19754.yaml	CultureMech:003670	MEDIUM 1076b MODIFIED FOR DSM 19754	8	only 2/8 ingredients grounded
10	bacterial/medium_1076b_modified_for_dsm_19755.yaml	CultureMech:003671	MEDIUM 1076b MODIFIED FOR DSM 19755	8	only 2/8 ingredients grounded
10	bacterial/medium_1076b_modified_for_dsm_19775.yaml	CultureMech:003672	MEDIUM 1076b MODIFIED FOR DSM 19775	8	only 2/8 ingredients grounded
10	bacterial/medium_1076b_modified_for_dsm_19793.yaml	CultureMech:003673	MEDIUM 1076b MODIFIED FOR DSM 19793	8	only 2/8 ingredients grounded
10	bacterial/medium_1076b_modified_for_dsm_19816.yaml	CultureMech:003674	MEDIUM 1076b MODIFIED FOR DSM 19816	8	only 2/8 ingredients grounded
10	bacterial/medium_1076b_modified_for_dsm_19817.yaml	CultureMech:003675	MEDIUM 1076b MODIFIED FOR DSM 19817	8	only 2/8 ingredients grounded
10	bacterial/medium_1076b_modified_for_dsm_19900.yaml	CultureMech:003676	MEDIUM 1076b MODIFIED FOR DSM 19900	8	only 2/8 ingredients grounded
10	bacterial/medium_1076b_modified_for_dsm_19901.yaml	CultureMech:003677	MEDIUM 1076b MODIFIED FOR DSM 19901	8	only 2/8 ingredients grounded
10	bacterial/medium_1076b_modified_for_dsm_19993.yaml	CultureMech:003678	MEDIUM 1076b MODIFIED FOR DSM 19993	8	only 2/8 ingredients grounded
10	bacterial/medium_1076b_modified_for_dsm_19994.yaml	CultureMech:003679	MEDIUM 1076b MODIFIED FOR DSM 19994	8	only 2/8 ingredients grounded
10	bacterial/medium_1076b_modified_for_dsm_19995.yaml	CultureMech:003680	MEDIUM 1076b MODIFIED FOR DSM 19995	8	only 2/8 ingredients grounded
10	bacterial/medium_1076b_modified_for_dsm_21131.yaml	CultureMech:003682	MEDIUM 1076b MODIFIED FOR DSM 21131	8	only 2/8 ingredients grounded
10	bacterial/medium_1076b_modified_for_dsm_21204.yaml	CultureMech:003683	MEDIUM 1076b MODIFIED FOR DSM 21204	8	only 2/8 ingredients grounded
10	bacterial/medium_1076b_modified_for_dsm_21430.yaml	CultureMech:003684	MEDIUM 1076b MODIFIED FOR DSM 21430	8	only 2/8 ingredients grounded
10	bacterial/medium_1076b_modified_for_dsm_21477.yaml	CultureMech:003685	MEDIUM 1076b MODIFIED FOR DSM 21477	8	only 2/8 ingredients grounded
10	bacterial/medium_1076b_modified_for_dsm_21484.yaml	CultureMech:003686	MEDIUM 1076b MODIFIED FOR DSM 21484	8	only 2/8 ingredients grounded
10	bacterial/medium_1076b_modified_for_dsm_21588.yaml	CultureMech:003687	MEDIUM 1076b MODIFIED FOR DSM 21588	8	only 2/8 ingredients grounded
10	bacterial/medium_1076b_modified_for_dsm_21589.yaml	CultureMech:003688	MEDIUM 1076b MODIFIED FOR DSM 21589	8	only 2/8 ingredients grounded
10	bacterial/medium_1076b_modified_for_dsm_21657.yaml	CultureMech:003689	MEDIUM 1076b MODIFIED FOR DSM 21657	8	only 2/8 ingredients grounded
10	bacterial/medium_1076b_modified_for_dsm_21780.yaml	CultureMech:003690	MEDIUM 1076b MODIFIED FOR DSM 21780	8	only 2/8 ingredients grounded
10	bacterial/medium_1076b_modified_for_dsm_21781.yaml	CultureMech:003691	MEDIUM 1076b MODIFIED FOR DSM 21781	8	only 2/8 ingredients grounded
10	bacterial/medium_1076b_modified_for_dsm_21782.yaml	CultureMech:003692	MEDIUM 1076b MODIFIED FOR DSM 21782	8	only 2/8 ingredients grounded
10	bacterial/medium_1076b_modified_for_dsm_21833.yaml	CultureMech:003693	MEDIUM 1076b MODIFIED FOR DSM 21833	8	only 2/8 ingredients grounded
10	bacterial/medium_1076b_modified_for_dsm_21834.yaml	CultureMech:003694	MEDIUM 1076b MODIFIED FOR DSM 21834	8	only 2/8 ingredients grounded
10	bacterial/medium_1076b_modified_for_dsm_21846.yaml	CultureMech:003695	MEDIUM 1076b MODIFIED FOR DSM 21846	8	only 2/8 ingredients grounded
10	bacterial/medium_1076b_modified_for_dsm_21865.yaml	CultureMech:003696	MEDIUM 1076b MODIFIED FOR DSM 21865	8	only 2/8 ingredients grounded
10	bacterial/medium_1076b_modified_for_dsm_21866.yaml	CultureMech:003697	MEDIUM 1076b MODIFIED FOR DSM 21866	8	only 2/8 ingredients grounded
10	bacterial/medium_1076b_modified_for_dsm_22019.yaml	CultureMech:003698	MEDIUM 1076b MODIFIED FOR DSM 22019	8	only 2/8 ingredients grounded
10	bacterial/medium_1076b_modified_for_dsm_22020.yaml	CultureMech:003699	MEDIUM 1076b MODIFIED FOR DSM 22020	8	only 2/8 ingredients grounded
10	bacterial/medium_1076b_modified_for_dsm_22021.yaml	CultureMech:003700	MEDIUM 1076b MODIFIED FOR DSM 22021	8	only 2/8 ingredients grounded
10	bacterial/medium_1076b_modified_for_dsm_22061.yaml	CultureMech:003701	MEDIUM 1076b MODIFIED FOR DSM 22061	8	only 2/8 ingredients grounded
10	bacterial/medium_1076b_modified_for_dsm_22062.yaml	CultureMech:003702	MEDIUM 1076b MODIFIED FOR DSM 22062	8	only 2/8 ingredients grounded
10	bacterial/medium_1076b_modified_for_dsm_22113.yaml	CultureMech:003703	MEDIUM 1076b MODIFIED FOR DSM 22113	8	only 2/8 ingredients grounded
10	bacterial/medium_1076b_modified_for_dsm_22114.yaml	CultureMech:003704	MEDIUM 1076b MODIFIED FOR DSM 22114	8	only 2/8 ingredients grounded
10	bacterial/medium_1076b_modified_for_dsm_22144.yaml	CultureMech:003705	MEDIUM 1076b MODIFIED FOR DSM 22144	8	only 2/8 ingredients grounded
10	bacterial/medium_1076b_modified_for_dsm_22145.yaml	CultureMech:003706	MEDIUM 1076b MODIFIED FOR DSM 22145	8	only 2/8 ingredients grounded
10	bacterial/medium_1076b_modified_for_dsm_22457.yaml	CultureMech:003707	MEDIUM 1076b MODIFIED FOR DSM 22457	8	only 2/8 ingredients grounded
10	bacterial/medium_1076b_modified_for_dsm_22551.yaml	CultureMech:003708	MEDIUM 1076b MODIFIED FOR DSM 22551	8	only 2/8 ingredients grounded
10	bacterial/medium_1076b_modified_for_dsm_22552.yaml	CultureMech:003709	MEDIUM 1076b MODIFIED FOR DSM 22552	8	only 2/8 ingredients grounded
10	bacterial/medium_1076b_modified_for_dsm_22553.yaml	CultureMech:003710	MEDIUM 1076b MODIFIED FOR DSM 22553	8	only 2/8 ingredients grounded
10	bacterial/medium_1076b_modified_for_dsm_22601.yaml	CultureMech:003711	MEDIUM 1076b MODIFIED FOR DSM 22601	8	only 2/8 ingredients grounded
10	bacterial/medium_1076b_modified_for_dsm_22603.yaml	CultureMech:003712	MEDIUM 1076b MODIFIED FOR DSM 22603	8	only 2/8 ingredients grounded
10	bacterial/medium_1076b_modified_for_dsm_22604.yaml	CultureMech:003713	MEDIUM 1076b MODIFIED FOR DSM 22604	8	only 2/8 ingredients grounded
10	bacterial/medium_1076b_modified_for_dsm_22631.yaml	CultureMech:003714	MEDIUM 1076b MODIFIED FOR DSM 22631	8	only 2/8 ingredients grounded
10	bacterial/medium_1076b_modified_for_dsm_22632.yaml	CultureMech:003715	MEDIUM 1076b MODIFIED FOR DSM 22632	8	only 2/8 ingredients grounded
10	bacterial/medium_1076b_modified_for_dsm_22633.yaml	CultureMech:003716	MEDIUM 1076b MODIFIED FOR DSM 22633	8	only 2/8 ingredients grounded
10	bacterial/medium_1076b_modified_for_dsm_22781.yaml	CultureMech:003717	MEDIUM 1076b MODIFIED FOR DSM 22781	8	only 2/8 ingredients grounded
10	bacterial/medium_1076b_modified_for_dsm_22911.yaml	CultureMech:003718	MEDIUM 1076b MODIFIED FOR DSM 22911	8	only 2/8 ingredients grounded
10	bacterial/medium_1076b_modified_for_dsm_22997.yaml	CultureMech:003719	MEDIUM 1076b MODIFIED FOR DSM 22997	8	only 2/8 ingredients grounded
10	bacterial/medium_1076b_modified_for_dsm_22998.yaml	CultureMech:003720	MEDIUM 1076b MODIFIED FOR DSM 22998	8	only 2/8 ingredients grounded
10	bacterial/medium_1076b_modified_for_dsm_23060.yaml	CultureMech:003721	MEDIUM 1076b MODIFIED FOR DSM 23060	8	only 2/8 ingredients grounded
10	bacterial/medium_1076b_modified_for_dsm_23536.yaml	CultureMech:003722	MEDIUM 1076b MODIFIED FOR DSM 23536	8	only 2/8 ingredients grounded
10	bacterial/medium_1076b_modified_for_dsm_23537.yaml	CultureMech:003724	MEDIUM 1076b MODIFIED FOR DSM 23537	8	only 2/8 ingredients grounded
10	bacterial/medium_1076b_modified_for_dsm_23537_replace_glucose_with_arginine.yaml	CultureMech:003723	MEDIUM 1076b MODIFIED FOR DSM 23537_replace_Glucose_with_arginine	8	only 2/8 ingredients grounded
10	bacterial/medium_1076b_modified_for_dsm_23978.yaml	CultureMech:003725	MEDIUM 1076b MODIFIED FOR DSM 23978	8	only 2/8 ingredients grounded
10	bacterial/medium_1076b_modified_for_dsm_23979.yaml	CultureMech:003726	MEDIUM 1076b MODIFIED FOR DSM 23979	8	only 2/8 ingredients grounded
10	bacterial/medium_1076b_modified_for_dsm_25590.yaml	CultureMech:003727	MEDIUM 1076b MODIFIED FOR DSM 25590	8	only 2/8 ingredients grounded
10	bacterial/medium_1076b_modified_for_dsm_25592.yaml	CultureMech:003728	MEDIUM 1076b MODIFIED FOR DSM 25592	8	only 2/8 ingredients grounded
10	bacterial/medium_1143_modified_for_dsm_23293.yaml	CultureMech:003853	MEDIUM 1143 MODIFIED FOR DSM 23293	3	only 1/3 ingredients grounded
10	bacterial/medium_381_modified_for_dsm_12449.yaml	CultureMech:005117	MEDIUM 381 MODIFIED FOR DSM 12449	4	only 1/4 ingredients grounded
10	bacterial/medium_381_modified_for_dsm_15370.yaml	CultureMech:005118	MEDIUM 381 MODIFIED FOR DSM 15370	4	only 1/4 ingredients grounded
10	bacterial/medium_381_modified_for_dsm_17298.yaml	CultureMech:005119	MEDIUM 381 MODIFIED FOR DSM 17298	4	only 1/4 ingredients grounded
10	bacterial/medium_381_modified_for_dsm_18339.yaml	CultureMech:005120	MEDIUM 381 MODIFIED FOR DSM 18339	4	only 1/4 ingredients grounded
10	bacterial/medium_381_modified_for_dsm_22074.yaml	CultureMech:005121	MEDIUM 381 MODIFIED FOR DSM 22074	4	only 1/4 ingredients grounded
10	bacterial/medium_381_modified_for_dsm_2304.yaml	CultureMech:005122	MEDIUM 381 MODIFIED FOR DSM 2304	4	only 1/4 ingredients grounded
10	bacterial/medium_381_modified_for_dsm_23293.yaml	CultureMech:005123	MEDIUM 381 MODIFIED FOR DSM 23293	4	only 1/4 ingredients grounded
10	bacterial/medium_381_modified_for_dsm_6188.yaml	CultureMech:005124	MEDIUM 381 MODIFIED FOR DSM 6188	4	only 1/4 ingredients grounded
10	bacterial/medium_381_modified_for_dsm_6256.yaml	CultureMech:005125	MEDIUM 381 MODIFIED FOR DSM 6256	4	only 1/4 ingredients grounded
10	bacterial/medium_381_modified_for_dsm_7123.yaml	CultureMech:005126	MEDIUM 381 MODIFIED FOR DSM 7123	4	only 1/4 ingredients grounded
10	bacterial/medium_381_modified_for_dsm_7144.yaml	CultureMech:005127	MEDIUM 381 MODIFIED FOR DSM 7144	4	only 1/4 ingredients grounded
10	bacterial/medium_453_modified_for_dsm_43934.yaml	CultureMech:005292	MEDIUM 453 MODIFIED FOR DSM 43934	5	only 2/5 ingredients grounded
10	bacterial/medium_453_modified_for_dsm_6341.yaml	CultureMech:005293	MEDIUM 453 MODIFIED FOR DSM 6341	5	only 2/5 ingredients grounded
10	bacterial/medium_453_modified_for_dsm_6349.yaml	CultureMech:005294	MEDIUM 453 MODIFIED FOR DSM 6349	5	only 2/5 ingredients grounded
10	bacterial/medium_453_modified_for_dsm_6364.yaml	CultureMech:005295	MEDIUM 453 MODIFIED FOR DSM 6364	5	only 2/5 ingredients grounded
10	bacterial/medium_453_modified_for_dsm_6366.yaml	CultureMech:005296	MEDIUM 453 MODIFIED FOR DSM 6366	5	only 2/5 ingredients grounded
10	bacterial/medium_453_modified_for_dsm_6406.yaml	CultureMech:005297	MEDIUM 453 MODIFIED FOR DSM 6406	5	only 2/5 ingredients grounded
10	bacterial/medium_453_modified_for_dsm_6453.yaml	CultureMech:005298	MEDIUM 453 MODIFIED FOR DSM 6453	5	only 2/5 ingredients grounded
10	bacterial/medium_453_modified_for_dsm_6454.yaml	CultureMech:005299	MEDIUM 453 MODIFIED FOR DSM 6454	5	only 2/5 ingredients grounded
10	bacterial/medium_453_modified_for_dsm_6455.yaml	CultureMech:005300	MEDIUM 453 MODIFIED FOR DSM 6455	5	only 2/5 ingredients grounded
10	bacterial/medium_453_modified_for_dsm_6458.yaml	CultureMech:005301	MEDIUM 453 MODIFIED FOR DSM 6458	5	only 2/5 ingredients grounded
10	bacterial/medium_453_modified_for_dsm_6472.yaml	CultureMech:005302	MEDIUM 453 MODIFIED FOR DSM 6472	5	only 2/5 ingredients grounded
10	bacterial/medium_548_modified_for_dsm_41755.yaml	CultureMech:005992	MEDIUM 548 MODIFIED FOR DSM 41755	5	only 2/5 ingredients grounded
10	bacterial/medium_736_modified_for_dsm_22413.yaml	CultureMech:006383	MEDIUM 736 MODIFIED FOR DSM 22413	9	only 4/9 ingredients grounded
10	bacterial/medium_948_modified_for_dsm_16823.yaml	CultureMech:006885	MEDIUM 948 MODIFIED FOR DSM 16823	5	only 1/5 ingredients grounded
10	bacterial/medium_for_erythrobacter_longus.yaml	CultureMech:001832	MEDIUM FOR ERYTHROBACTER LONGUS	6	only 1/6 ingredients grounded
10	bacterial/medium_for_halophilic_bacilli.yaml	CultureMech:006389	medium FOR HALOPHILIC BACILLI	3	only 1/3 ingredients grounded
10	bacterial/micrococcus_medium.yaml	CultureMech:001462	MICROCOCCUS MEDIUM	5	only 2/5 ingredients grounded
10	bacterial/microvirga_medium_hv12.yaml	CultureMech:001025	MICROVIRGA MEDIUM (HV12)	4	only 1/4 ingredients grounded
10	bacterial/modified_csy_3_agar.yaml	CultureMech:003147	MODIFIED CSY-3 AGAR	6	only 2/6 ingredients grounded
10	bacterial/modified_lb.yaml	CultureMech:001487	MODIFIED LB	4	only 1/4 ingredients grounded
10	bacterial/modified_medium_514_for_halomonas_sp.yaml	CultureMech:000982	MODIFIED MEDIUM 514 FOR HALOMONAS SP.	5	only 1/5 ingredients grounded
10	bacterial/modified_mh_medium.yaml	CultureMech:002956	MODIFIED MH MEDIUM	4	only 1/4 ingredients grounded
10	bacterial/modified_nutrient_agar.yaml	CultureMech:000775	MODIFIED NUTRIENT AGAR	4	only 1/4 ingredients grounded
10	bacterial/modified_pyes_medium.yaml	CultureMech:002112	MODIFIED PYES MEDIUM	3	only 1/3 ingredients grounded
10	bacterial/modified_thermus_medium.yaml	CultureMech:001038	MODIFIED THERMUS MEDIUM	3	only 1/3 ingredients grounded
10	bacterial/mrs_medium_with_10_tomato_juice.yaml	CultureMech:003148	MRS MEDIUM WITH 10% TOMATO JUICE	3	only 1/3 ingredients grounded
10	bacterial/mycoplasma_medium.yaml	CultureMech:003105	MYCOPLASMA MEDIUM	4	only 1/4 ingredients grounded
10	bacterial/nbrc_274_medium.yaml	CultureMech:000832	NBRC 274 MEDIUM	5	only 2/5 ingredients grounded
10	bacterial/neomycin_agar.yaml	CultureMech:001407	NEOMYCIN AGAR	5	only 1/5 ingredients grounded
10	bacterial/nutrient_agar.yaml	CultureMech:001297	NUTRIENT AGAR	3	only 1/3 ingredients grounded
10	bacterial/nutrient_broth_with_0_5_nacl.yaml	CultureMech:002463	NUTRIENT BROTH WITH 0.5% NaCl	3	only 1/3 ingredients grounded
10	bacterial/nutrient_broth_with_10_horse_serum.yaml	CultureMech:001402	NUTRIENT BROTH WITH 10% HORSE SERUM	4	only 1/4 ingredients grounded
10	bacterial/nutrient_broth_with_1_0_nacl.yaml	CultureMech:003145	NUTRIENT BROTH WITH 1.0% NaCl	3	only 1/3 ingredients grounded
10	bacterial/nutriment_agar.yaml	CultureMech:000717	NUTRIMENT AGAR	5	only 2/5 ingredients grounded
10	bacterial/nutriment_agar_with_150_g_l_nacl.yaml	CultureMech:000716	NUTRIMENT AGAR WITH 150 G/L NACL	5	only 2/5 ingredients grounded
10	bacterial/ny_agar.yaml	CultureMech:001405	NY-AGAR	4	only 1/4 ingredients grounded
10	bacterial/oatmeal_agar.yaml	CultureMech:001529	OATMEAL AGAR	3	only 1/3 ingredients grounded
10	bacterial/ottow_medium.yaml	CultureMech:001596	OTTOW MEDIUM	7	only 3/7 ingredients grounded
10	bacterial/oxoid_nutrient_broth.yaml	CultureMech:002127	OXOID NUTRIENT BROTH	5	only 1/5 ingredients grounded
10	bacterial/paracraurococcus_medium_bennet.yaml	CultureMech:001116	PARACRAUROCOCCUS MEDIUM (BENNET)	5	only 2/5 ingredients grounded
10	bacterial/peptone_meat_extract_soil_extract_agar_pfe.yaml	CultureMech:001350	PEPTONE - MEAT EXTRACT - SOIL EXTRACT AGAR (PFE)	5	only 2/5 ingredients grounded
10	bacterial/peredibacter_dn_medium.yaml	CultureMech:000432	PEREDIBACTER (DN) MEDIUM	5	only 2/5 ingredients grounded
10	bacterial/potato_carrot_agar.yaml	CultureMech:001233	Potato Carrot Agar	3	only 1/3 ingredients grounded
10	bacterial/r_agar.yaml	CultureMech:002627	R AGAR	9	only 4/9 ingredients grounded
10	bacterial/r_agar_ph_9_0.yaml	CultureMech:002269	R AGAR (pH 9.0)	9	only 4/9 ingredients grounded
10	bacterial/rcm_medium_with_casamino_acids.yaml	CultureMech:001766	RCM MEDIUM (with Casamino acids)	3	only 1/3 ingredients grounded
10	bacterial/rcm_medium_with_sea_salts.yaml	CultureMech:001767	RCM MEDIUM (with Sea Salts)	3	only 1/3 ingredients grounded
10	bacterial/reactivation_with_liquid_medium_1.yaml	CultureMech:001298	REACTIVATION WITH LIQUID MEDIUM 1	3	only 1/3 ingredients grounded
10	bacterial/renibacterium_kdm_2_medium.yaml	CultureMech:002685	RENIBACTERIUM KDM-2 MEDIUM	5	only 2/5 ingredients grounded
10	bacterial/rich_medium.yaml	CultureMech:001872	RICH MEDIUM	9	only 4/9 ingredients grounded
10	bacterial/salt_medium.yaml	CultureMech:001328	SALT MEDIUM	3	only 1/3 ingredients grounded
10	bacterial/sarcina_medium.yaml	CultureMech:001322	SARCINA MEDIUM	3	only 1/3 ingredients grounded
10	bacterial/sea_water_luria_bertani_medium.yaml	CultureMech:001039	SEA WATER LURIA BERTANI MEDIUM	4	only 1/4 ingredients grounded
10	bacterial/seawater_lemco.yaml	CultureMech:001758	SEAWATER LEMCO	4	only 1/4 ingredients grounded
10	bacterial/sp4_medium.yaml	CultureMech:000508	SP4 MEDIUM	8	only 2/8 ingredients grounded
10	bacterial/sp4_medium_with_glucose.yaml	CultureMech:000509	SP4 MEDIUM WITH GLUCOSE	9	only 3/9 ingredients grounded
10	bacterial/sp4_z_medium.yaml	CultureMech:000510	SP4-Z MEDIUM	11	only 4/11 ingredients grounded
10	bacterial/standard_i_medium.yaml	CultureMech:001563	STANDARD I MEDIUM	5	only 2/5 ingredients grounded
10	bacterial/streptomycin_nutrient_agar.yaml	CultureMech:001340	STREPTOMYCIN NUTRIENT AGAR	4	only 1/4 ingredients grounded
10	bacterial/sucrose_bennetts_agar.yaml	CultureMech:001230	Sucrose-Bennett's Agar	5	only 2/5 ingredients grounded
10	bacterial/syp_sw_medium.yaml	CultureMech:000806	SYP - SW MEDIUM	5	only 2/5 ingredients grounded
10	bacterial/thermus_sp_medium.yaml	CultureMech:000468	THERMUS SP. MEDIUM	3	only 1/3 ingredients grounded
10	bacterial/thermus_thermophilus_medium.yaml	CultureMech:006401	THERMUS THERMOPHILUS medium	3	only 1/3 ingredients grounded
10	bacterial/tomato_juice_agar.yaml	CultureMech:002518	TOMATO JUICE AGAR	4	only 1/4 ingredients grounded
10	bacterial/tomato_juice_medium.yaml	CultureMech:001363	TOMATO JUICE MEDIUM	4	only 1/4 ingredients grounded
10	bacterial/tris_yp_medium.yaml	CultureMech:004661	TRIS - YP medium	3	only 1/3 ingredients grounded
10	bacterial/tssy_medium.yaml	CultureMech:002601	TSSY MEDIUM	5	only 2/5 ingredients grounded
10	bacterial/ty_medium.yaml	CultureMech:000581	TY MEDIUM	3	only 1/3 ingredients grounded
10	bacterial/ym_agar.yaml	CultureMech:002617	YM AGAR	5	only 2/5 ingredients grounded
10	bacterial/ym_broth.yaml	CultureMech:003012	YM BROTH	4	only 1/4 ingredients grounded
10	bacterial/ypd_medium.yaml	CultureMech:001500	YPD MEDIUM	3	only 1/3 ingredients grounded
10	bacterial/ytc_medium.yaml	CultureMech:000844	YTC MEDIUM	3	only 1/3 ingredients grounded
10	fungal/malt_extract_peptone_agar.yaml	CultureMech:010481	MALT EXTRACT PEPTONE AGAR	3	only 1/3 ingredients grounded
10	fungal/maltose_bennetts_agar.yaml	CultureMech:010530	MALTOSE-BENNETT'S AGAR	5	only 2/5 ingredients grounded
10	fungal/sea_salts_yeast_extract_peptone_medium.yaml	CultureMech:010492	SEA SALTS YEAST EXTRACT PEPTONE MEDIUM	5	only 2/5 ingredients grounded
10	fungal/trypticase_soy_yeast_extract_medium.yaml	CultureMech:010482	TRYPTICASE SOY YEAST EXTRACT MEDIUM	3	only 1/3 ingredients grounded
10	fungal/tryptone_yeast_extract_broth_isp_1_with_0_2_mgso_sub_4_sub_183_7h_sub_2_sub_o.yaml	CultureMech:010545	TRYPTONE-YEAST EXTRACT BROTH (ISP-1) WITH 0.2% MgSO<sub>4</sub>&#183;7H<sub>2</sub>O	3	only 1/3 ingredients grounded
10	fungal/tryptone_yeast_extract_isp_1_agar.yaml	CultureMech:010551	TRYPTONE-YEAST EXTRACT (ISP-1) AGAR	3	only 1/3 ingredients grounded
10	fungal/tryptone_yeast_extract_medium.yaml	CultureMech:010471	TRYPTONE-YEAST EXTRACT MEDIUM	3	only 1/3 ingredients grounded
10	fungal/tryptone_yeast_extract_medium_modified.yaml	CultureMech:010460	TRYPTONE-YEAST EXTRACT MEDIUM modified	3	only 1/3 ingredients grounded
10	fungal/tryptone_yeastextrakt_medium.yaml	CultureMech:010450	TRYPTONE YEASTEXTRAKT MEDIUM	3	only 1/3 ingredients grounded
10	fungal/yeast_extract_malt_extract_agar_isp_2_with_artificial_seawater.yaml	CultureMech:010536	YEAST EXTRACT-MALT EXTRACT AGAR (ISP-2) WITH ARTIFICIAL SEAWATER	5	only 2/5 ingredients grounded
10	specialized/Glycerol_Fermentation_Medium_for_DIET_Coculture.yaml	CultureMech:015432	Glycerol Fermentation Medium for DIET Coculture	9	no media_term (untraceable to a source catalogue)
10	specialized/Half_strength_Murashige_Skoog_medium_for_Arabidopsis_growth.yaml	CultureMech:015433	Half-strength Murashige-Skoog medium for Arabidopsis growth	3	no media_term (untraceable to a source catalogue)
10	specialized/JCM_J913_MODIFIED_MARINE_AGAR_2216.yaml	CultureMech:015424	MODIFIED MARINE AGAR 2216	4	only 1/4 ingredients grounded
10	specialized/Modified_DSM_120_Medium_for_DIET_Coculture.yaml	CultureMech:015434	Modified DSM 120 Medium for DIET Coculture	6	no media_term (untraceable to a source catalogue)
10	specialized/Modified_Freshwater_Medium_for_DIET_Coculture.yaml	CultureMech:015435	Modified Freshwater Medium for DIET Coculture	3	no media_term (untraceable to a source catalogue)
10	specialized/Nitrogen_free_plant_nutrient_solution_for_soybean_growth.yaml	CultureMech:015438	Nitrogen-free plant nutrient solution for soybean growth	4	no media_term (untraceable to a source catalogue)
10	specialized/modified_bacto_marine_broth.yaml	CultureMech:015359	MODIFIED BACTO MARINE BROTH	5	only 1/5 ingredients grounded
10	specialized/modified_marine_agar_2216.yaml	CultureMech:015396	MODIFIED MARINE AGAR 2216	4	only 1/4 ingredients grounded
10	specialized/nitrogen_free_b_d_medium_for_lotus_japonicus_growth.yaml	CultureMech:015437	Nitrogen-free B&D medium for Lotus japonicus growth	4	no media_term (untraceable to a source catalogue)
5	archaea/JCM_J1148_NITROSOSPHAERA_GARGENSIS_MEDIUM.yaml	CultureMech:002321	NITROSOSPHAERA GARGENSIS MEDIUM	18	no pH and no temperature
5	archaea/JCM_J161_THERMOCOCCUS_LITORALIS_MEDIUM.yaml	CultureMech:002520	THERMOCOCCUS LITORALIS MEDIUM	17	no pH and no temperature
5	archaea/JCM_J230_METHANOSARCINA_MEDIUM.yaml	CultureMech:002591	METHANOSARCINA MEDIUM	33	no pH and no temperature
5	archaea/JCM_J507_METHANOCELLA_MEDIUM.yaml	CultureMech:002857	METHANOCELLA MEDIUM	29	no pH and no temperature
5	archaea/JCM_J693_AEROBIC_SULFOLOBALES_MEDIUM_WITHOUT_SULFUR.yaml	CultureMech:003038	AEROBIC SULFOLOBALES MEDIUM WITHOUT SULFUR	13	no pH and no temperature
5	archaea/JCM_J911_METHANOCELLA_CONRADII_MEDIUM.yaml	CultureMech:003260	METHANOCELLA CONRADII MEDIUM	30	no pH and no temperature
5	archaea/KOMODO_1189_AEROBIC_SULFOLOBALES_medium_WITHOUT_SULFUR.yaml	CultureMech:003909	AEROBIC SULFOLOBALES medium WITHOUT SULFUR	12	no pH and no temperature
5	archaea/KOMODO_141_METHANOGENIUM_medium.yaml	CultureMech:004144	METHANOGENIUM medium	37	no pH and no temperature
5	archaea/KOMODO_926_ALKALIPHILIC_THERMOCOCCUS_medium.yaml	CultureMech:006844	ALKALIPHILIC THERMOCOCCUS medium	20	no pH and no temperature
5	archaea/TOGO_M1001_Neutral_Oligotrophic_Haloarchaeal_Medium_NO.3.yaml	CultureMech:007514	Neutral Oligotrophic Haloarchaeal Medium NO.3	7	no pH and no temperature
5	archaea/TOGO_M1002_Neutral_Oligotrophic_Haloarchaeal_Medium_NO.3.yaml	CultureMech:007515	Neutral Oligotrophic Haloarchaeal Medium NO.3	8	no pH and no temperature
5	archaea/TOGO_M1023_Halorhabdus_Segorensis_Medium.yaml	CultureMech:007537	Halorhabdus Segorensis Medium	8	no pH and no temperature
5	archaea/TOGO_M1024_Halorhabdus_Segorensis_Medium.yaml	CultureMech:007538	Halorhabdus Segorensis Medium	9	no pH and no temperature
5	archaea/TOGO_M1038_Methanomethylovorans_Uponensis_Medium.yaml	CultureMech:007553	Methanomethylovorans Uponensis Medium	10	no pH and no temperature
5	archaea/TOGO_M1039_Methanococcoides_Medium.yaml	CultureMech:007554	Methanococcoides Medium	3	no pH and no temperature
5	archaea/TOGO_M1064_Modified_Halobacteria_Medium-2.yaml	CultureMech:007581	Modified Halobacteria Medium-2	11	no pH and no temperature
5	archaea/TOGO_M1065_Modified_Halobacteria_Medium-3.yaml	CultureMech:007582	Modified Halobacteria Medium-3	10	no pH and no temperature
5	archaea/TOGO_M1089_Methanogens_Saline_Water_Medium.yaml	CultureMech:007605	Methanogens Saline Water Medium	12	no pH and no temperature
5	archaea/TOGO_M1090_Methanogens_Saline_Water_Medium.yaml	CultureMech:007607	Methanogens Saline Water Medium	13	no pH and no temperature
5	archaea/TOGO_M1091_Methanogens_Saline_Water_Medium.yaml	CultureMech:007608	Methanogens Saline Water Medium	12	no pH and no temperature
5	archaea/TOGO_M1103_Methanobacterium_Medium_VI.yaml	CultureMech:007622	Methanobacterium Medium (VI)	15	no pH and no temperature
5	archaea/TOGO_M1104_Methanobacterium_Medium_VII.yaml	CultureMech:007623	Methanobacterium Medium (VII)	29	no pH and no temperature
5	archaea/TOGO_M1113_Methanogen_High_Salt_Medium.yaml	CultureMech:007633	Methanogen High Salt Medium	13	no pH and no temperature
5	archaea/TOGO_M1114_Methanogen_High_Salt_Medium.yaml	CultureMech:007634	Methanogen High Salt Medium	14	no pH and no temperature
5	archaea/TOGO_M1129_Halobacteria_MH4.2_Medium.yaml	CultureMech:007650	Halobacteria MH4.2 Medium	12	no pH and no temperature
5	archaea/TOGO_M1130_Halobacteria_MH4.2_Medium.yaml	CultureMech:007652	Halobacteria MH4.2 Medium	13	no pH and no temperature
5	archaea/TOGO_M1144_Cuniculiplasma_Medium.yaml	CultureMech:007667	Cuniculiplasma Medium	11	no pH and no temperature
5	archaea/TOGO_M1148_Halanaeroarchaeum_Medium.yaml	CultureMech:007671	Halanaeroarchaeum Medium	14	no pH and no temperature
5	archaea/TOGO_M1150_Natranaeroarchaeum_Medium.yaml	CultureMech:007674	Natranaeroarchaeum Medium	7	no pH and no temperature
5	archaea/TOGO_M1162_Natronolimnobius_AHT32_Medium_B.yaml	CultureMech:007686	Natronolimnobius AHT32 Medium (B)	4	no pH and no temperature
5	archaea/TOGO_M1183_Marine_Methanogenic_Medium.yaml	CultureMech:007709	Marine Methanogenic Medium	11	no pH and no temperature
5	archaea/TOGO_M1184_Liquid_Basal_Medium_For_Methanosarcina.yaml	CultureMech:007710	Liquid Basal Medium For Methanosarcina	22	no pH and no temperature
5	archaea/TOGO_M1187_Methanosarcina_Subterranea_Medium.yaml	CultureMech:007713	Methanosarcina Subterranea Medium	17	no pH and no temperature
5	archaea/TOGO_M1215_Methanobacterium_Medium_For_Strain_CAN.yaml	CultureMech:007743	Methanobacterium Medium For Strain CAN	18	no pH and no temperature
5	archaea/TOGO_M1218_Neutral_Oligotrophic_Haloarchaeal_Medium.yaml	CultureMech:007746	Neutral Oligotrophic Haloarchaeal Medium	6	no pH and no temperature
5	archaea/TOGO_M1219_Neutral_Oligotrophic_Haloarchaeal_Medium.yaml	CultureMech:007747	Neutral Oligotrophic Haloarchaeal Medium	7	no pH and no temperature
5	archaea/TOGO_M1228_Methanimicrococcus_Medium.yaml	CultureMech:007756	Methanimicrococcus Medium	17	no pH and no temperature
5	archaea/TOGO_M1230_Nitrososphaera_Gargensis_Medium.yaml	CultureMech:007759	Nitrososphaera Gargensis Medium	15	no pH and no temperature
5	archaea/TOGO_M1231_Methanomassiliicoccus_Alvus_Medium.yaml	CultureMech:007760	Methanomassiliicoccus Alvus Medium	11	no pH and no temperature
5	archaea/TOGO_M1260_Methanosarcina_JL01_Medium.yaml	CultureMech:007792	Methanosarcina JL01 Medium	13	no pH and no temperature
5	archaea/TOGO_M1266_Modified_Cellulolytic_Haloarchaea_Medium.yaml	CultureMech:007798	Modified Cellulolytic Haloarchaea Medium	4	no pH and no temperature
5	archaea/TOGO_M1279_Methanothermococcus_HHB_Medium.yaml	CultureMech:007812	Methanothermococcus HHB Medium	12	no pH and no temperature
5	archaea/TOGO_M1298_Methanocaldococcus_Leighii_Medium.yaml	CultureMech:007831	Methanocaldococcus Leighii Medium	29	no pH and no temperature
5	archaea/TOGO_M1307_Modified_Methanohalophilus_Medium.yaml	CultureMech:007842	Modified Methanohalophilus Medium	13	no pH and no temperature
5	archaea/TOGO_M1319_Zestosphaera_Medium.yaml	CultureMech:007855	Zestosphaera Medium	10	no pH and no temperature
5	archaea/TOGO_M1333_Thermoplasma_Kamchatkensis_Medium.yaml	CultureMech:007869	Thermoplasma Kamchatkensis Medium	11	no pH and no temperature
5	archaea/TOGO_M1346_Haloarchaeal_Complex_Medium_PH_7.0.yaml	CultureMech:007882	Haloarchaeal Complex Medium PH 7.0	18	no pH and no temperature
5	archaea/TOGO_M1347_Haloarchaeal_Complex_Medium_PH_7.0.yaml	CultureMech:007883	Haloarchaeal Complex Medium PH 7.0	19	no pH and no temperature
5	archaea/TOGO_M1349_Haloarchaeal_Complex_Medium_PH_9.0.yaml	CultureMech:007885	Haloarchaeal Complex Medium PH 9.0	17	no pH and no temperature
5	archaea/TOGO_M1350_Haloarchaeal_Complex_Medium_PH_9.0.yaml	CultureMech:007887	Haloarchaeal Complex Medium PH 9.0	18	no pH and no temperature
5	archaea/TOGO_M1363_Modified_Picrophilus_Medium.yaml	CultureMech:007901	Modified Picrophilus Medium	16	no pH and no temperature
5	archaea/TOGO_M142_Pyrococcus_Medium.yaml	CultureMech:007968	Pyrococcus Medium	30	no pH and no temperature
5	archaea/TOGO_M150_Thermococcus_Celer_Medium.yaml	CultureMech:008054	Thermococcus Celer Medium	7	no pH and no temperature
5	archaea/TOGO_M151_Thermococcus_Stetteri_Medium.yaml	CultureMech:008065	Thermococcus Stetteri Medium	7	no pH and no temperature
5	archaea/TOGO_M152_Thermococcus_Litoralis_Medium.yaml	CultureMech:008076	Thermococcus Litoralis Medium	7	no pH and no temperature
5	archaea/TOGO_M156_Sulfolobus_Medium.yaml	CultureMech:008118	Sulfolobus Medium	15	no pH and no temperature
5	archaea/TOGO_M1584_Archaeoglobus_Medium.yaml	CultureMech:008134	Archaeoglobus Medium	30	no pH and no temperature
5	archaea/TOGO_M1585_Archaeoglobus_profundus_medium.yaml	CultureMech:008135	Archaeoglobus profundus medium	30	no pH and no temperature
5	archaea/TOGO_M1596_Methanosarcina_Medium.yaml	CultureMech:008147	Methanosarcina Medium	36	no pH and no temperature
5	archaea/TOGO_M1597_Methanobacterium_Medium.yaml	CultureMech:008148	Methanobacterium Medium	40	no pH and no temperature
5	archaea/TOGO_M159_Halobacteria_Medium.yaml	CultureMech:008151	Halobacteria Medium	10	no pH and no temperature
5	archaea/TOGO_M160_Halobacteria_Medium.yaml	CultureMech:008163	Halobacteria Medium	11	no pH and no temperature
5	archaea/TOGO_M1610_Methanocaldococcus_jannaschii_Medium.yaml	CultureMech:008164	Methanocaldococcus jannaschii Medium	39	no pH and no temperature
5	archaea/TOGO_M1630_Pyrodictium_Medium.yaml	CultureMech:008186	Pyrodictium Medium	29	no pH and no temperature
5	archaea/TOGO_M1633_Thermoproteus_neutrophilus_Medium.yaml	CultureMech:008188	Thermoproteus neutrophilus Medium	21	no pH and no temperature
5	archaea/TOGO_M1634_Methanosarcina_Medium.yaml	CultureMech:008189	Methanosarcina Medium	34	no pH and no temperature
5	archaea/TOGO_M1637_Archaeoglobus_Medium.yaml	CultureMech:008192	Archaeoglobus Medium	39	no pH and no temperature
5	archaea/TOGO_M1641_Pyrococcus_Medium.yaml	CultureMech:008197	Pyrococcus Medium	16	no pH and no temperature
5	archaea/TOGO_M1649_Pyrobaculum_aerophilum_Medium.yaml	CultureMech:008205	Pyrobaculum aerophilum Medium	37	no pH and no temperature
5	archaea/TOGO_M164_Sulfolobus_Solfataricus_Medium.yaml	CultureMech:008206	Sulfolobus Solfataricus Medium	15	no pH and no temperature
5	archaea/TOGO_M1655_Methanopyrus_Medium.yaml	CultureMech:008212	Methanopyrus Medium	50	no pH and no temperature
5	archaea/TOGO_M1656_Methanosarcina_acetivorans_Medium.yaml	CultureMech:008213	Methanosarcina acetivorans Medium	38	no pH and no temperature
5	archaea/TOGO_M1672_Archaeoglobus_profundus_Medium.yaml	CultureMech:008230	Archaeoglobus profundus Medium	40	no pH and no temperature
5	archaea/TOGO_M1673_Methanobacterium_Medium.yaml	CultureMech:008231	Methanobacterium Medium	33	no pH and no temperature
5	archaea/TOGO_M1674_Methanoculleus_Medium.yaml	CultureMech:008232	Methanoculleus Medium	36	no pH and no temperature
5	archaea/TOGO_M167_Acidianus_Infernus_Medium_A.yaml	CultureMech:008238	Acidianus Infernus Medium (A)	4	no pH and no temperature
5	archaea/TOGO_M168_Acidianus_Infernus_Medium_B.yaml	CultureMech:008249	Acidianus Infernus Medium (B)	8	no pH and no temperature
5	archaea/TOGO_M1690_Methanothrix_Medium.yaml	CultureMech:008250	Methanothrix Medium	34	no pH and no temperature
5	archaea/TOGO_M169_Acidianus_Brierleyi_Medium.yaml	CultureMech:008260	Acidianus Brierleyi Medium	9	no pH and no temperature
5	archaea/TOGO_M1706_Methanogenium_Medium.yaml	CultureMech:008268	Methanogenium Medium	41	no pH and no temperature
5	archaea/TOGO_M1717_Methanosaeta_harundinacea_medium.yaml	CultureMech:008280	Methanosaeta harundinacea medium	35	no pH and no temperature
5	archaea/TOGO_M171_Stygiolobus_Medium.yaml	CultureMech:008283	Stygiolobus Medium	8	no pH and no temperature
5	archaea/TOGO_M1732_Methanolinea_Medium.yaml	CultureMech:008296	Methanolinea Medium	34	no pH and no temperature
5	archaea/TOGO_M173_Thermoplasma_Medium.yaml	CultureMech:008302	Thermoplasma Medium	8	no pH and no temperature
5	archaea/TOGO_M176_Desulfurococcus_Medium.yaml	CultureMech:008335	Desulfurococcus Medium	6	no pH and no temperature
5	archaea/TOGO_M1771_Methanobacterium_Medium.yaml	CultureMech:008337	Methanobacterium Medium	38	no pH and no temperature
5	archaea/TOGO_M177_Pyrobaculum_Medium.yaml	CultureMech:008346	Pyrobaculum Medium	7	no pH and no temperature
5	archaea/TOGO_M1794_Archaeoglobus_fulgidus_Medium.yaml	CultureMech:008362	Archaeoglobus fulgidus Medium	38	no pH and no temperature
5	archaea/TOGO_M1795_Methanofollis_ethanolicus_medium.yaml	CultureMech:008363	Methanofollis ethanolicus medium	36	no pH and no temperature
5	archaea/TOGO_M180_Desulfurococcus_Amylolyticus_Medium.yaml	CultureMech:008380	Desulfurococcus Amylolyticus Medium	25	no pH and no temperature
5	archaea/TOGO_M1834_Methanobacterium_Medium.yaml	CultureMech:008407	Methanobacterium Medium	37	no pH and no temperature
5	archaea/TOGO_M1848_Methanobacterium_alcaliphilum_medium.yaml	CultureMech:008422	Methanobacterium alcaliphilum medium	39	no pH and no temperature
5	archaea/TOGO_M1858_Haloterrigena_medium.yaml	CultureMech:008432	Haloterrigena medium	10	no pH and no temperature
5	archaea/TOGO_M1882_Methanoregula_medium.yaml	CultureMech:008456	Methanoregula medium	37	no pH and no temperature
5	archaea/TOGO_M188_Thermoproteus_Neutrophilus_Medium.yaml	CultureMech:008464	Thermoproteus Neutrophilus Medium	8	no pH and no temperature
5	archaea/TOGO_M189_Thermoproteus_Tenax_Medium.yaml	CultureMech:008475	Thermoproteus Tenax Medium	20	no pH and no temperature
5	archaea/TOGO_M1908_Methanococcoides_medium.yaml	CultureMech:008485	Methanococcoides medium	41	no pH and no temperature
5	archaea/TOGO_M1909_Methanohalobium_medium.yaml	CultureMech:008486	Methanohalobium medium	35	no pH and no temperature
5	archaea/TOGO_M1910_Methanohalophilus_medium.yaml	CultureMech:008488	Methanohalophilus medium	35	no pH and no temperature
5	archaea/TOGO_M196_Pyrodictium_Brockii_Medium.yaml	CultureMech:008551	Pyrodictium Brockii Medium	7	no pH and no temperature
5	archaea/TOGO_M1974_Methanosaeta_thermophila_medium.yaml	CultureMech:008556	Methanosaeta thermophila medium	36	no pH and no temperature
5	archaea/TOGO_M197_Pyrodictium_Ocultum_Medium.yaml	CultureMech:008562	Pyrodictium Ocultum Medium	7	no pH and no temperature
5	archaea/TOGO_M198_Pyrodictium_Abysii_Medium.yaml	CultureMech:008573	Pyrodictium Abysii Medium	8	no pH and no temperature
5	archaea/TOGO_M1990_Methanomethylovorans_medium.yaml	CultureMech:008574	Methanomethylovorans medium	35	no pH and no temperature
5	archaea/TOGO_M2014_Methanosarcina_Medium.yaml	CultureMech:008601	Methanosarcina Medium	34	no pH and no temperature
5	archaea/TOGO_M2019_Methanohalophilus_Medium.yaml	CultureMech:008606	Methanohalophilus Medium	34	no pH and no temperature
5	archaea/TOGO_M206_Archaeoglobus_Fulgidus_Medium.yaml	CultureMech:008658	Archaeoglobus Fulgidus Medium	18	no pH and no temperature
5	archaea/TOGO_M207_Archaeoglobus_Profundus_Medium.yaml	CultureMech:008669	Archaeoglobus Profundus Medium	20	no pH and no temperature
5	archaea/TOGO_M208_Pyrobaculum_Aerophilum_Medium.yaml	CultureMech:008680	Pyrobaculum Aerophilum Medium	28	no pH and no temperature
5	archaea/TOGO_M2092_Hydrogen-using_marine_methanogen_medium.yaml	CultureMech:008683	Hydrogen-using marine methanogen medium	40	no pH and no temperature
5	archaea/TOGO_M218_Halobaculum_Medium.yaml	CultureMech:008782	Halobaculum Medium	9	no pH and no temperature
5	archaea/TOGO_M2219_Pyrobaculum_BS_Medium.yaml	CultureMech:008808	Pyrobaculum (BS) Medium	36	no pH and no temperature
5	archaea/TOGO_M221_Methanococcus_McC_Medium.yaml	CultureMech:008809	Methanococcus McC Medium	28	no pH and no temperature
5	archaea/TOGO_M223_Methanosarcina_Medium.yaml	CultureMech:008828	Methanosarcina Medium	17	no pH and no temperature
5	archaea/TOGO_M224_Methanobacterium_Thermoautotrophicum_Medium.yaml	CultureMech:008838	Methanobacterium Thermoautotrophicum Medium	24	no pH and no temperature
5	archaea/TOGO_M225_Methanocaldococcus_Jannaschii_Medium.yaml	CultureMech:008846	Methanocaldococcus Jannaschii Medium	18	no pH and no temperature
5	archaea/TOGO_M226_Picrophilus_Medium.yaml	CultureMech:008856	Picrophilus Medium	8	no pH and no temperature
5	archaea/TOGO_M228_Thermocladium_Medium.yaml	CultureMech:008876	Thermocladium Medium	9	no pH and no temperature
5	archaea/TOGO_M2294_Halopiger_Medium.yaml	CultureMech:008880	Halopiger Medium	9	no pH and no temperature
5	archaea/TOGO_M2306_Saccharolobus_Solfataricus_Medium.yaml	CultureMech:008892	Saccharolobus Solfataricus Medium	16	no pH and no temperature
5	archaea/TOGO_M2321_Natronobacterium_Medium.yaml	CultureMech:008909	Natronobacterium Medium	9	no pH and no temperature
5	archaea/TOGO_M233_Thermococcus_Fumicolans_Medium.yaml	CultureMech:008927	Thermococcus Fumicolans Medium	7	no pH and no temperature
5	archaea/TOGO_M235_Methanothrix_Medium.yaml	CultureMech:008945	Methanothrix Medium	23	no pH and no temperature
5	archaea/TOGO_M2369_Halobacteria_Medium.yaml	CultureMech:008953	Halobacteria Medium	11	no pH and no temperature
5	archaea/TOGO_M236_Stetteria_Medium.yaml	CultureMech:008954	Stetteria Medium	27	no pH and no temperature
5	archaea/TOGO_M2373_Halobacterium_Medium.yaml	CultureMech:008957	Halobacterium Medium	10	no pH and no temperature
5	archaea/TOGO_M2375_Haloquadratum_Walsbyi_Medium.yaml	CultureMech:008959	Haloquadratum Walsbyi Medium	13	no pH and no temperature
5	archaea/TOGO_M2377_Halorhabdus_Utahensis_Medium.yaml	CultureMech:008961	Halorhabdus Utahensis Medium	14	no pH and no temperature
5	archaea/TOGO_M2384_Thermoplasma_Acidophilum_Medium.yaml	CultureMech:008967	Thermoplasma Acidophilum Medium	16	no pH and no temperature
5	archaea/TOGO_M2385_Sulfolobus_Medium.yaml	CultureMech:008968	Sulfolobus Medium	16	no pH and no temperature
5	archaea/TOGO_M2386_Caldivirga_Medium.yaml	CultureMech:008969	Caldivirga Medium	32	no pH and no temperature
5	archaea/TOGO_M2396_Sulfolobus_Medium.yaml	CultureMech:008977	Sulfolobus Medium	17	no pH and no temperature
5	archaea/TOGO_M243_Methanothermus_Fervidus_Medium.yaml	CultureMech:009019	Methanothermus Fervidus Medium	19	no pH and no temperature
5	archaea/TOGO_M244_Sulfophobococcus_Medium.yaml	CultureMech:009029	Sulfophobococcus Medium	18	no pH and no temperature
5	archaea/TOGO_M2457_Pyrobaculum_Calidifontis_Medium.yaml	CultureMech:009035	Pyrobaculum Calidifontis Medium	5	no pH and no temperature
5	archaea/TOGO_M2460_Pyrobaculum_Ferrireducens_Medium.yaml	CultureMech:009039	Pyrobaculum Ferrireducens Medium	33	no pH and no temperature
5	archaea/TOGO_M2470_Pyrobaculum_Medium.yaml	CultureMech:009046	Pyrobaculum Medium	18	no pH and no temperature
5	archaea/TOGO_M2472_Aciduliprofundum_Medium.yaml	CultureMech:009048	Aciduliprofundum Medium	18	no pH and no temperature
5	archaea/TOGO_M254_Methanoculleus_Medium.yaml	CultureMech:009119	Methanoculleus Medium	17	no pH and no temperature
5	archaea/TOGO_M2554_Pyrococcus_medium.yaml	CultureMech:009123	Pyrococcus medium	24	no pH and no temperature
5	archaea/TOGO_M2561_Methanocella_Conradii_Medium.yaml	CultureMech:009130	Methanocella Conradii Medium	39	no pH and no temperature
5	archaea/TOGO_M2564_Desulfurococcus_Medium.yaml	CultureMech:009133	Desulfurococcus Medium	33	no pH and no temperature
5	archaea/TOGO_M257_Methanogenium_Medium.yaml	CultureMech:009148	Methanogenium Medium	20	no pH and no temperature
5	archaea/TOGO_M258_Methanomicrobium_Mobile_Medium.yaml	CultureMech:009157	Methanomicrobium Mobile Medium	27	no pH and no temperature
5	archaea/TOGO_M2598_Methanogenium_Medium.yaml	CultureMech:009165	Methanogenium Medium	35	no pH and no temperature
5	archaea/TOGO_M2600_Pyrobaculum_Medium.yaml	CultureMech:009169	Pyrobaculum Medium	19	no pH and no temperature
5	archaea/TOGO_M2605_Methanocaldococcus_Medium.yaml	CultureMech:009173	Methanocaldococcus Medium	38	no pH and no temperature
5	archaea/TOGO_M2614_Ignicoccus_Medium.yaml	CultureMech:009181	Ignicoccus Medium	18	no pH and no temperature
5	archaea/TOGO_M2641_Methanogenium_Medium_H2_CO2.yaml	CultureMech:009198	Methanogenium Medium (H2/CO2)	41	no pH and no temperature
5	archaea/TOGO_M2644_Methanococcoides_Medium_N2_CO2.yaml	CultureMech:009201	Methanococcoides Medium (N2/CO2)	40	no pH and no temperature
5	archaea/TOGO_M2647_Methanohalobium_Medium.yaml	CultureMech:009203	Methanohalobium Medium	23	no pH and no temperature
5	archaea/TOGO_M2648_Methanosalsum_Zhilinae_Medium.yaml	CultureMech:009204	Methanosalsum Zhilinae Medium	28	no pH and no temperature
5	archaea/TOGO_M2654_Methanoregula_Peat_Medium.yaml	CultureMech:009209	Methanoregula (Peat) Medium	35	no pH and no temperature
5	archaea/TOGO_M2655_Methanosphaerula_Peat_Medium.yaml	CultureMech:009210	Methanosphaerula (Peat) Medium	33	no pH and no temperature
5	archaea/TOGO_M2662_Methanothermus_Medium.yaml	CultureMech:009217	Methanothermus Medium	38	no pH and no temperature
5	archaea/TOGO_M2663_Methanopyrus_Medium.yaml	CultureMech:009218	Methanopyrus Medium	44	no pH and no temperature
5	archaea/TOGO_M2664_Archaeoglobus_Medium.yaml	CultureMech:009219	Archaeoglobus Medium	27	no pH and no temperature
5	archaea/TOGO_M2666_Ferroglobus_Placidus_Medium.yaml	CultureMech:009221	Ferroglobus Placidus Medium	38	no pH and no temperature
5	archaea/TOGO_M2667_Pyrococcus_Medium.yaml	CultureMech:009222	Pyrococcus Medium	27	no pH and no temperature
5	archaea/TOGO_M2669_Aciduliprofundum_Medium.yaml	CultureMech:009224	Aciduliprofundum Medium	28	no pH and no temperature
5	archaea/TOGO_M2671_Desulfurococcus_medium.yaml	CultureMech:009227	Desulfurococcus medium	19	no pH and no temperature
5	archaea/TOGO_M2672_Thermosphaera_Medium.yaml	CultureMech:009228	Thermosphaera Medium	22	no pH and no temperature
5	archaea/TOGO_M2675_Hyperthermus_Butylicus_Medium.yaml	CultureMech:009230	Hyperthermus Butylicus Medium	28	no pH and no temperature
5	archaea/TOGO_M2676_Thermoproteus_Medium.yaml	CultureMech:009231	Thermoproteus Medium	19	no pH and no temperature
5	archaea/TOGO_M2677_Thermoproteus_medium.yaml	CultureMech:009232	Thermoproteus medium	20	no pH and no temperature
5	archaea/TOGO_M2680_Caldisphaera_Medium.yaml	CultureMech:009235	Caldisphaera Medium	32	no pH and no temperature
5	archaea/TOGO_M2681_Fervidicoccus_Medium.yaml	CultureMech:009236	Fervidicoccus Medium	33	no pH and no temperature
5	archaea/TOGO_M2683_Pyrolobus_Fumarii_Medium.yaml	CultureMech:009238	Pyrolobus Fumarii Medium	34	no pH and no temperature
5	archaea/TOGO_M273_Thermococcus_Medium.yaml	CultureMech:009290	Thermococcus Medium	15	no pH and no temperature
5	archaea/TOGO_M274_Thermococcus_Medium.yaml	CultureMech:009300	Thermococcus Medium	15	no pH and no temperature
5	archaea/TOGO_M277_Ferroplasma_Acidiphilum_Medium.yaml	CultureMech:009328	Ferroplasma Acidiphilum Medium	8	no pH and no temperature
5	archaea/TOGO_M279_Methanosaeta_Thermophila_Medium.yaml	CultureMech:009347	Methanosaeta Thermophila Medium	8	no pH and no temperature
5	archaea/TOGO_M288_Halorhabdus_Medium.yaml	CultureMech:009425	Halorhabdus Medium	23	no pH and no temperature
5	archaea/TOGO_M291_Vulcanisaeta_Medium.yaml	CultureMech:009455	Vulcanisaeta Medium	6	no pH and no temperature
5	archaea/TOGO_M292_Halosimplex_Medium.yaml	CultureMech:009464	Halosimplex Medium	16	no pH and no temperature
5	archaea/TOGO_M293_Halosimplex_Medium.yaml	CultureMech:009470	Halosimplex Medium	9	no pH and no temperature
5	archaea/TOGO_M300_Methanosarcina_Baltica_Medium.yaml	CultureMech:009527	Methanosarcina Baltica Medium	3	no pH and no temperature
5	archaea/TOGO_M303_Acidilobus_Medium.yaml	CultureMech:009552	Acidilobus Medium	13	no pH and no temperature
5	archaea/TOGO_M304_Pyrobaculum_Arsenaticum_Medium.yaml	CultureMech:009563	Pyrobaculum Arsenaticum Medium	7	no pH and no temperature
5	archaea/TOGO_M3138_Modified_Methanobacterium_Medium.yaml	CultureMech:009606	Modified Methanobacterium Medium	38	no pH and no temperature
5	archaea/TOGO_M3148_Methanobacterium_Medium.yaml	CultureMech:009612	Methanobacterium Medium	37	no pH and no temperature
5	archaea/TOGO_M333_Pyrobaculum_Calidifontis_Medium.yaml	CultureMech:009711	Pyrobaculum Calidifontis Medium	5	no pH and no temperature
5	archaea/TOGO_M349_Methanosphaera_Medium.yaml	CultureMech:009728	Methanosphaera Medium	24	no pH and no temperature
5	archaea/TOGO_M355_Methanocaldococcus_Indiensis_Medium.yaml	CultureMech:009735	Methanocaldococcus Indiensis Medium	19	no pH and no temperature
5	archaea/TOGO_M380_Methanosarcina_Acetivorans_Medium.yaml	CultureMech:009762	Methanosarcina Acetivorans Medium	16	no pH and no temperature
5	archaea/TOGO_M398_Halococcus_Dombowskii_Medium.yaml	CultureMech:009780	Halococcus Dombowskii Medium	8	no pH and no temperature
5	archaea/TOGO_M399_Halococcus_Dombowskii_Medium.yaml	CultureMech:009781	Halococcus Dombowskii Medium	9	no pH and no temperature
5	archaea/TOGO_M400_Halococcus_Dombowskii_Medium.yaml	CultureMech:009784	Halococcus Dombowskii Medium	9	no pH and no temperature
5	archaea/TOGO_M424_Methanolinea_Medium.yaml	CultureMech:009810	Methanolinea Medium	14	no pH and no temperature
5	archaea/TOGO_M448_Methanobacterium_Adherens_Medium.yaml	CultureMech:009834	Methanobacterium Adherens Medium	16	no pH and no temperature
5	archaea/TOGO_M485_Modified_Methanocaldococcus_Medium.yaml	CultureMech:009872	Modified Methanocaldococcus Medium	27	no pH and no temperature
5	archaea/TOGO_M507_Ignisphaera_Medium.yaml	CultureMech:009897	Ignisphaera Medium	19	no pH and no temperature
5	archaea/TOGO_M508_Methanocella_Medium.yaml	CultureMech:009898	Methanocella Medium	11	no pH and no temperature
5	archaea/TOGO_M514_Caldococcus_Medium.yaml	CultureMech:009905	Caldococcus Medium	20	no pH and no temperature
5	archaea/TOGO_M526_Acidianus_SP._JP7_Medium.yaml	CultureMech:009918	Acidianus SP. JP7 Medium	17	no pH and no temperature
5	archaea/TOGO_M527_Norris_Ferroplasma_Medium.yaml	CultureMech:009919	Norris Ferroplasma Medium	8	no pH and no temperature
5	archaea/TOGO_M576_Modified_Halobacteria_Medium.yaml	CultureMech:009972	Modified Halobacteria Medium	10	no pH and no temperature
5	archaea/TOGO_M598_Modified_9K_Medium_For_Ferroplasma_Aeolicum.yaml	CultureMech:009995	Modified 9K Medium For Ferroplasma Aeolicum	8	no pH and no temperature
5	archaea/TOGO_M650_Methanolobus_R15_Medium.yaml	CultureMech:010052	Methanolobus R15 Medium	16	no pH and no temperature
5	archaea/TOGO_M659_Halosarcina_Pallida_Medium.yaml	CultureMech:010061	Halosarcina Pallida Medium	9	no pH and no temperature
5	archaea/TOGO_M660_Halosarcina_Pallida_Medium.yaml	CultureMech:010063	Halosarcina Pallida Medium	10	no pH and no temperature
5	archaea/TOGO_M692_Methanopyrus_Medium_For_Strain_116.yaml	CultureMech:010098	Methanopyrus Medium For Strain 116	22	no pH and no temperature
5	archaea/TOGO_M701_Methanofollis_Ethanolicus_Medium.yaml	CultureMech:010109	Methanofollis Ethanolicus Medium	34	no pH and no temperature
5	archaea/TOGO_M711_Aerobic_Sulfolobales_Medium.yaml	CultureMech:010118	Aerobic Sulfolobales Medium	15	no pH and no temperature
5	archaea/TOGO_M724_Methanobacterium_Medium_II.yaml	CultureMech:010132	Methanobacterium Medium (II)	14	no pH and no temperature
5	archaea/TOGO_M725_Methanobacterium_Medium_II_With_Formae.yaml	CultureMech:010133	Methanobacterium Medium (II) With Formae	15	no pH and no temperature
5	archaea/TOGO_M773_Metallosphaera_Cuprina_Medium.yaml	CultureMech:010181	Metallosphaera Cuprina Medium	15	no pH and no temperature
5	archaea/TOGO_M817_Halobacterium_TMM_Mediium.yaml	CultureMech:010229	Halobacterium TMM Mediium	10	no pH and no temperature
5	archaea/TOGO_M818_Halobacterium_TMM_Mediium.yaml	CultureMech:010230	Halobacterium TMM Mediium	11	no pH and no temperature
5	archaea/TOGO_M819_Natronoarchaeum_Medium.yaml	CultureMech:010231	Natronoarchaeum Medium	12	no pH and no temperature
5	archaea/TOGO_M820_Natronoarchaeum_Medium.yaml	CultureMech:010233	Natronoarchaeum Medium	13	no pH and no temperature
5	archaea/TOGO_M821_MH1_Medium_For_Halarchaeum.yaml	CultureMech:010234	MH1 Medium For Halarchaeum	11	no pH and no temperature
5	archaea/TOGO_M827_Methanobacterium_Medium_III.yaml	CultureMech:010240	Methanobacterium Medium (III)	13	no pH and no temperature
5	archaea/TOGO_M842_WR_Medium_For_Methanobacteriaceae.yaml	CultureMech:010257	WR Medium For Methanobacteriaceae	13	no pH and no temperature
5	archaea/TOGO_M845_Thermococcales_Rich_Medium.yaml	CultureMech:010260	Thermococcales Rich Medium	19	no pH and no temperature
5	archaea/TOGO_M864_Halarchaeum_Neutrophilum_Medium.yaml	CultureMech:010281	Halarchaeum Neutrophilum Medium	9	no pH and no temperature
5	archaea/TOGO_M865_Halarchaeum_Neutrophilum_Medium.yaml	CultureMech:010282	Halarchaeum Neutrophilum Medium	10	no pH and no temperature
5	archaea/TOGO_M895_Pyrolobus_Medium.yaml	CultureMech:010312	Pyrolobus Medium	9	no pH and no temperature
5	archaea/TOGO_M911_Methanobacterium_Medium_IV.yaml	CultureMech:010331	Methanobacterium Medium (IV)	17	no pH and no temperature
5	archaea/TOGO_M917_Halobacteria_HMD_Medium.yaml	CultureMech:010337	Halobacteria HMD Medium	9	no pH and no temperature
5	archaea/TOGO_M918_Halobacteria_HMD_Medium.yaml	CultureMech:010338	Halobacteria HMD Medium	10	no pH and no temperature
5	archaea/TOGO_M928_Natronolimnobius_AHT32_Medium_A.yaml	CultureMech:010349	Natronolimnobius AHT32 Medium (A)	9	no pH and no temperature
5	archaea/TOGO_M945_Halobacteria_Starch_Medium.yaml	CultureMech:010368	Halobacteria Starch Medium	9	no pH and no temperature
5	archaea/TOGO_M946_Halobacteria_Starch_Medium.yaml	CultureMech:010369	Halobacteria Starch Medium	10	no pH and no temperature
5	archaea/TOGO_M956_Methanocella_Conradii_Medium.yaml	CultureMech:010380	Methanocella Conradii Medium	17	no pH and no temperature
5	archaea/TOGO_M959_Halobacteria_Medium_With_15_NaCl.yaml	CultureMech:010383	Halobacteria Medium With 15% NaCl	10	no pH and no temperature
5	archaea/TOGO_M960_Halobacteria_Medium_With_15_NaCl.yaml	CultureMech:010385	Halobacteria Medium With 15% NaCl	11	no pH and no temperature
5	archaea/TOGO_M963_Thermoplasma_Acidophilum_Medium.yaml	CultureMech:010388	Thermoplasma Acidophilum Medium	9	no pH and no temperature
5	archaea/TOGO_M970_Peat_Medium_2_For_Methanobacteria.yaml	CultureMech:010396	Peat Medium 2 For Methanobacteria	7	no pH and no temperature
5	archaea/TOGO_M980_Acidilobus_Saccharovorans_Medium.yaml	CultureMech:010407	Acidilobus Saccharovorans Medium	14	no pH and no temperature
5	archaea/TOGO_M981_Fervidicoccus_Fontis_Medium.yaml	CultureMech:010408	Fervidicoccus Fontis Medium	12	no pH and no temperature
5	archaea/TOGO_M985_Modified_Halosimplex_Medium.yaml	CultureMech:010412	Modified Halosimplex Medium	8	no pH and no temperature
5	archaea/TOGO_M986_Modified_Halosimplex_Medium.yaml	CultureMech:010413	Modified Halosimplex Medium	9	no pH and no temperature
5	archaea/TOGO_M989_MH1_Medium_For_Halarchaeum-2.yaml	CultureMech:010416	MH1 Medium For Halarchaeum-2	11	no pH and no temperature
5	archaea/TOGO_M991_MW_Medium_For_Methanosarcina.yaml	CultureMech:010419	MW Medium For Methanosarcina	33	no pH and no temperature
5	archaea/TOGO_M992_MB_Medium_For_Methanobacterium.yaml	CultureMech:010420	MB Medium For Methanobacterium	21	no pH and no temperature
5	archaea/TOGO_M995_Modified_Balch_s_Methanogen_Medium_1_B.yaml	CultureMech:010423	Modified Balch's Methanogen Medium 1/B	16	no pH and no temperature
5	archaea/acidianus_manzaensis_medium_for_autotrophic_growth.yaml	CultureMech:008183	Acidianus manzaensis Medium for Autotrophic Growth	15	no pH and no temperature
5	archaea/acidianus_manzaensis_medium_for_heterotrophic_growth.yaml	CultureMech:008184	Acidianus manzaensis Medium for Heterotrophic Growth	15	no pH and no temperature
5	archaea/acidianus_medium.yaml	CultureMech:008458	Acidianus medium	21	no pH and no temperature
5	archaea/acidilobus_saccharovorans_medium.yaml	CultureMech:003282	ACIDILOBUS SACCHAROVORANS MEDIUM	28	no pH and no temperature
5	archaea/acidolobus_aceticus_medium_for_dsm_16705.yaml	CultureMech:009233	Acidolobus Aceticus Medium (For DSM 16705)	31	no pH and no temperature
5	archaea/aerobic_sulfolobales_medium_without_sulfur.yaml	CultureMech:000632	AEROBIC SULFOLOBALES MEDIUM WITHOUT SULFUR	12	no pH and no temperature
5	archaea/alkaliphilic_thermococcus_medium.yaml	CultureMech:002098	ALKALIPHILIC THERMOCOCCUS MEDIUM	20	no pH and no temperature
5	archaea/anaerobic_sulfolobales_medium.yaml	CultureMech:010119	Anaerobic Sulfolobales Medium	7	no pH and no temperature
5	archaea/archaeoglobus_medium_dsm_399.yaml	CultureMech:009220	Archaeoglobus medium (DSM 399)	28	no pH and no temperature
5	archaea/halobacteria_medium_with_15_nacl.yaml	CultureMech:003262	HALOBACTERIA MEDIUM WITH 15% NaCl	9	no pH and no temperature
5	archaea/halobacteria_mh4_2_medium.yaml	CultureMech:002242	HALOBACTERIA MH4.2 MEDIUM	18	no pH and no temperature
5	archaea/halobacterium_starch_medium.yaml	CultureMech:008958	Halobacterium starch medium	8	no pH and no temperature
5	archaea/halobaculum_magnesiiphilum_medium.yaml	CultureMech:008541	Halobaculum magnesiiphilum medium	11	no pH and no temperature
5	archaea/halophilic_archaea_medium.yaml	CultureMech:008628	Halophilic archaea medium	9	no pH and no temperature
5	archaea/hydrogen_using_marine_methanogen_medium.yaml	CultureMech:008597	Hydrogen-using marine methanogen medium	39	no pH and no temperature
5	archaea/hydrogen_using_methanogen_medium.yaml	CultureMech:008308	Hydrogen-using methanogen medium	40	no pH and no temperature
5	archaea/hydrogenotrophic_methanogen_medium.yaml	CultureMech:009523	Hydrogenotrophic Methanogen Medium	14	no pH and no temperature
5	archaea/ignicoccus_medium_for_dsm_18386.yaml	CultureMech:009166	Ignicoccus Medium (for DSM 18386)	17	no pH and no temperature
5	archaea/marine_h2_using_methanogen_medium.yaml	CultureMech:008267	Marine H2-using Methanogen Medium	39	no pH and no temperature
5	archaea/marine_methanobacterium_medium.yaml	CultureMech:007804	Marine Methanobacterium Medium	12	no pH and no temperature
5	archaea/marine_methanogenic_medium.yaml	CultureMech:000288	MARINE METHANOGENIC MEDIUM	24	no pH and no temperature
5	archaea/marine_methanosaeta_medium.yaml	CultureMech:008439	Marine Methanosaeta Medium	38	no pH and no temperature
5	archaea/medium_for_aciduric_thermophilic_bacillus_strains.yaml	CultureMech:000277	MEDIUM FOR ACIDURIC, THERMOPHILIC BACILLUS STRAINS	9	no pH and no temperature
5	archaea/medium_for_co_culture_of_strain_jt_with_methanospirillum_hungatei_nbrc_100397.yaml	CultureMech:008179	Medium for Co-culture of Strain JT with Methanospirillum hungatei NBRC 100397	35	no pH and no temperature
5	archaea/medium_for_iron_using_methanogen.yaml	CultureMech:008281	Medium for iron-using methanogen	35	no pH and no temperature
5	archaea/medium_for_natronophilic_methylotrophic_methanogen.yaml	CultureMech:008603	Medium for natronophilic methylotrophic methanogen	35	no pH and no temperature
5	archaea/methanobacteria_medium_atcc_medium_1045_with_0_2_yeast_extract_and_0_5_glucose.yaml	CultureMech:009258	Methanobacteria medium (ATCC medium 1045) with 0.2% yeast extract and 0.5% glucose	34	no pH and no temperature
5	archaea/methanobacterium_medium_for_strain_can.yaml	CultureMech:002308	METHANOBACTERIUM MEDIUM FOR STRAIN CAN	33	no pH and no temperature
5	archaea/methanobacterium_medium_ii.yaml	CultureMech:003048	METHANOBACTERIUM MEDIUM (II)	33	no pH and no temperature
5	archaea/methanobacterium_medium_iii.yaml	CultureMech:003138	METHANOBACTERIUM MEDIUM (III)	31	no pH and no temperature
5	archaea/methanobacterium_medium_iv.yaml	CultureMech:003219	METHANOBACTERIUM MEDIUM (IV)	29	no pH and no temperature
5	archaea/methanobacterium_medium_vii.yaml	CultureMech:002223	METHANOBACTERIUM MEDIUM (VII)	36	no pH and no temperature
5	archaea/methanocalculus_medium.yaml	CultureMech:009214	Methanocalculus Medium	13	no pH and no temperature
5	archaea/methanococcoides_medium_2.yaml	CultureMech:009543	Methanococcoides Medium 2	13	no pH and no temperature
5	archaea/methanococcus_deltae_medium.yaml	CultureMech:004745	METHANOCOCCUS DELTAE MEDIUM	36	no pH and no temperature
5	archaea/methanoculleus_bourgense_medium.yaml	CultureMech:009207	Methanoculleus Bourgense Medium	13	no pH and no temperature
5	archaea/methanoculleus_medium.yaml	CultureMech:002620	METHANOCULLEUS MEDIUM	37	no pH and no temperature
5	archaea/methanogenium_medium_h2_co2_for_dsm_14266.yaml	CultureMech:009125	Methanogenium Medium (H2/CO2) (For DSM 14266)	39	no pH and no temperature
5	archaea/methanogens_saline_water_medium.yaml	CultureMech:000286	METHANOGENS SALINE WATER MEDIUM	32	no pH and no temperature
5	archaea/methanol_using_methanogen_medium.yaml	CultureMech:008309	Methanol-using methanogen medium	37	no pH and no temperature
5	archaea/methanolinea_medium.yaml	CultureMech:002777	METHANOLINEA MEDIUM	29	no pH and no temperature
5	archaea/methanolobus_r15_medium.yaml	CultureMech:002983	METHANOLOBUS R15 MEDIUM	30	no pH and no temperature
5	archaea/methanomethylovorans_medium.yaml	CultureMech:008490	Methanomethylovorans medium	37	no pH and no temperature
5	archaea/methanomethylovorans_thermophila_medium.yaml	CultureMech:008491	Methanomethylovorans thermophila medium	35	no pH and no temperature
5	archaea/methanomethylovorans_uponensis_medium.yaml	CultureMech:003334	METHANOMETHYLOVORANS UPONENSIS MEDIUM	32	no pH and no temperature
5	archaea/methanopyrus_medium_for_strain_116.yaml	CultureMech:003018	METHANOPYRUS MEDIUM FOR STRAIN 116	42	no pH and no temperature
5	archaea/methanosaeta_concilii_medium.yaml	CultureMech:008344	Methanosaeta concilii medium	37	no pH and no temperature
5	archaea/methanosalsum_medium.yaml	CultureMech:008489	Methanosalsum medium	39	no pH and no temperature
5	archaea/methanosarcina_baltica_medium.yaml	CultureMech:002662	METHANOSARCINA BALTICA MEDIUM	37	no pH and no temperature
5	archaea/methanosarcina_sp_medium_n2_co2_for_dsm_2834.yaml	CultureMech:009174	Methanosarcina SP. Medium (N2/CO2) (for DSM 2834)	42	no pH and no temperature
5	archaea/methanosarcina_subterranea_medium.yaml	CultureMech:002287	METHANOSARCINA SUBTERRANEA MEDIUM	33	no pH and no temperature
5	archaea/methanosphaera_mcb_3_medium.yaml	CultureMech:009213	Methanosphaera (MCB-3) Medium	42	no pH and no temperature
5	archaea/methanosphaerula_peat_medium_for_dsm_25616.yaml	CultureMech:009216	Methanosphaerula (Peat) Medium (for DSM 25616)	34	no pH and no temperature
5	archaea/methanospirillum_medium.yaml	CultureMech:008161	Methanospirillum Medium	39	no pH and no temperature
5	archaea/methanothermobacter_medium.yaml	CultureMech:008141	Methanothermobacter Medium	34	no pH and no temperature
5	archaea/methanothermococcus_hhb_medium.yaml	CultureMech:002361	METHANOTHERMOCOCCUS HHB MEDIUM	30	no pH and no temperature
5	archaea/modified_balchs_methanogen_medium_1_b.yaml	CultureMech:000304	MODIFIED BALCH'S METHANOGEN MEDIUM 1/B	33	no pH and no temperature
5	archaea/modified_balchs_methanogens_medium.yaml	CultureMech:000300	MODIFIED BALCH'S METHANOGENS MEDIUM	33	no pH and no temperature
5	archaea/modified_methanobacterium_medium_for_dsm_1093.yaml	CultureMech:009215	Modified Methanobacterium Medium (For DSM 1093)	38	no pH and no temperature
5	archaea/modified_methanoculleus_medium.yaml	CultureMech:008672	Modified Methanoculleus Medium	39	no pH and no temperature
5	archaea/modified_synthetic_crenarchaeota_medium_for_strain_scm1.yaml	CultureMech:009549	Modified synthetic Crenarchaeota medium for strain SCM1	21	no pH and no temperature
5	archaea/ms_medium_for_methanogens.yaml	CultureMech:009208	MS medium for methanogens	31	no pH and no temperature
5	archaea/pfennig_ignisphaera_medium.yaml	CultureMech:009692	Pfennig Ignisphaera Medium	10	no pH and no temperature
5	archaea/picrophilus_torridus_medium.yaml	CultureMech:008207	Picrophilus torridus Medium	8	no pH and no temperature
5	archaea/pyrococcus_medium_2.yaml	CultureMech:008136	Pyrococcus Medium 2	28	no pH and no temperature
5	archaea/pyrodictium_abysii_medium.yaml	CultureMech:002567	PYRODICTIUM ABYSII MEDIUM	25	no pH and no temperature
5	archaea/pyrodictium_occultum_medium.yaml	CultureMech:008187	Pyrodictium occultum Medium	30	no pH and no temperature
5	archaea/pyrodictium_ocultum_medium.yaml	CultureMech:002566	PYRODICTIUM OCULTUM MEDIUM	25	no pH and no temperature
5	archaea/revised_sulfolobus_medium.yaml	CultureMech:008895	Revised Sulfolobus medium	16	no pH and no temperature
5	archaea/stygiolobus_medium.yaml	CultureMech:002538	STYGIOLOBUS MEDIUM	16	no pH and no temperature
5	archaea/sulfolobus_medium_anaerobic.yaml	CultureMech:008970	Sulfolobus Medium (Anaerobic)	19	no pH and no temperature
5	archaea/sulfolobus_medium_anaerobic_for_dsm_2162.yaml	CultureMech:009226	Sulfolobus Medium (Anaerobic) (For DSM 2162)	19	no pH and no temperature
5	archaea/sulfolobus_medium_for_dsm_5348.yaml	CultureMech:008908	Sulfolobus Medium (For DSM 5348)	17	no pH and no temperature
5	archaea/sulfolobus_medium_for_dsm_9790.yaml	CultureMech:008911	Sulfolobus Medium (For DSM 9790)	16	no pH and no temperature
5	archaea/sulfolobus_metallicus_medium.yaml	CultureMech:008286	Sulfolobus metallicus medium	17	no pH and no temperature
5	archaea/sulfolobus_tokodaii_medium.yaml	CultureMech:008138	Sulfolobus tokodaii Medium	15	no pH and no temperature
5	archaea/sulfurisphaera_medium_ph_2_5.yaml	CultureMech:008214	Sulfurisphaera Medium (pH 2.5)	15	no pH and no temperature
5	archaea/sulfurisphaera_medium_ph_5_0.yaml	CultureMech:008215	Sulfurisphaera Medium (pH 5.0)	15	no pH and no temperature
5	archaea/thermoplasma_volcanium_medium.yaml	CultureMech:001507	THERMOPLASMA VOLCANIUM MEDIUM	7	no pH and no temperature
5	archaea/thermoproteus_and_vulcanisaeta_medium.yaml	CultureMech:008200	Thermoproteus and Vulcanisaeta medium	19	no pH and no temperature
5	archaea/thermoproteus_medium_b.yaml	CultureMech:002926	THERMOPROTEUS MEDIUM (B)	16	no pH and no temperature
5	archaea/thermoproteus_tenax_medium_2.yaml	CultureMech:008190	Thermoproteus tenax Medium 2	21	no pH and no temperature
5	bacterial/0_3_x_hyphomicrobium_medium.yaml	CultureMech:002268	0.3 x HYPHOMICROBIUM MEDIUM	21	no pH and no temperature
5	bacterial/16av_medium.yaml	CultureMech:004770	16AV medium	30	no pH and no temperature
5	bacterial/16av_medium_replace_galactose_with_cellobiose.yaml	CultureMech:004769	16AV medium_replace_galactose_with_Cellobiose	30	no pH and no temperature
5	bacterial/1_10_brain_heart_infusion_agar_17_estradiol.yaml	CultureMech:008495	1/10 Brain Heart Infusion Agar + 17β-Estradiol	9	no pH and no temperature
5	bacterial/1_10_brain_heart_infusion_medium_bhi.yaml	CultureMech:008659	1/10 Brain Heart Infusion medium (BHI)	8	no pH and no temperature
5	bacterial/1_10_r2a_gellan_gum_medium2.yaml	CultureMech:008724	1/10 R2A gellan gum medium2	11	no pH and no temperature
5	bacterial/1_10_r2a_with_mes_ph6.yaml	CultureMech:008720	1/10 R2A with MES (pH6)	3	no pH and no temperature
5	bacterial/1_10_sabourauds_agar.yaml	CultureMech:009437	1/10 Sabouraud's Agar	7	no pH and no temperature
5	bacterial/1_10_tryptic_soy_medium.yaml	CultureMech:008169	1/10 Tryptic Soy Medium	8	no pH and no temperature
5	bacterial/1_10_tryptic_soy_medium_w_o_dextrose_ph_5_0.yaml	CultureMech:008377	1/10 Tryptic Soy Medium w/o Dextrose (pH 5.0)	10	no pH and no temperature
5	bacterial/1_10_yeast_extract_malt_extract_agar.yaml	CultureMech:010428	1/10 Yeast Extract-Malt Extract Agar	5	no pH and no temperature
5	bacterial/1_10_yeast_starch_agar.yaml	CultureMech:007824	1/10 Yeast-Starch Agar	4	no pH and no temperature
5	bacterial/1_2_gy_agar.yaml	CultureMech:002253	1/2 GY AGAR	4	no pH and no temperature
5	bacterial/1_2_isp_2_10_nacl.yaml	CultureMech:008378	1/2 ISP-2 + 10% NaCl	6	no pH and no temperature
5	bacterial/1_2_isp_2_15_nacl.yaml	CultureMech:008381	1/2 ISP-2 + 15% NaCl	6	no pH and no temperature
5	bacterial/1_2_mrs_1_2_bhi_agar.yaml	CultureMech:002842	1/2 MRS + 1/2 BHI AGAR	8	no pH and no temperature
5	bacterial/1_2_r2a_75_asw.yaml	CultureMech:008341	1/2 R2A-75%ASW	13	no pH and no temperature
5	bacterial/1_2_tryptic_soy_broth_anaerobic.yaml	CultureMech:009314	1/2 Tryptic Soy Broth (Anaerobic)	13	no pH and no temperature
5	bacterial/1_2my.yaml	CultureMech:008305	1/2MY	6	no pH and no temperature
5	bacterial/1_3_diluted_lb_medium_with_biphenyl.yaml	CultureMech:008583	1/3 Diluted LB Medium with Biphenyl	5	no pH and no temperature
5	bacterial/1_3_lb_agar.yaml	CultureMech:003187	1/3 LB AGAR	4	no pH and no temperature
5	bacterial/1_3_tryptic_soy_medium.yaml	CultureMech:008595	1/3 Tryptic Soy Medium	8	no pH and no temperature
5	bacterial/1_4_ypss.yaml	CultureMech:008279	1/4 YpSs	6	no pH and no temperature
5	bacterial/1_5_brain_heart_infusion.yaml	CultureMech:008472	1/5 Brain Heart Infusion	8	no pH and no temperature
5	bacterial/1_5_marine_broth_0_5_sodium_pyruvate.yaml	CultureMech:008223	1/5 Marine Broth + 0.5% Sodium Pyruvate	4	no pH and no temperature
5	bacterial/1_5_mycorrhiza_medium.yaml	CultureMech:007961	1/5 Mycorrhiza Medium	4	no pH and no temperature
5	bacterial/1_5_nutrient_agar.yaml	CultureMech:008251	1/5 Nutrient agar	7	no pH and no temperature
5	bacterial/1_5_r2a_yeastextract.yaml	CultureMech:009578	1/5 R2A + yeastextract	10	no pH and no temperature
5	bacterial/1_5_tsb_ph_6_5.yaml	CultureMech:008396	1/5 TSB (pH 6.5)	8	no pH and no temperature
5	bacterial/1_5_yeast_starch_agar.yaml	CultureMech:008540	1/5 Yeast-Starch Agar	4	no pH and no temperature
5	bacterial/1_ogawa_medium.yaml	CultureMech:003238	1% OGAWA MEDIUM	5	no pH and no temperature
5	bacterial/1a_medium.yaml	CultureMech:008437	1a Medium	15	no pH and no temperature
5	bacterial/25_glucose_yeast_extract_peptone.yaml	CultureMech:007976	25% Glucose-Yeast Extract-Peptone	4	no pH and no temperature
5	bacterial/2_5_nacl_gypfk_agar_broth.yaml	CultureMech:008125	2.5% NaCl GYPFK Agar/Broth	10	no pH and no temperature
5	bacterial/2_5_nacl_heart_infusion_hi_medium.yaml	CultureMech:008810	2.5% NaCl heart infusion (HI) medium	6	no pH and no temperature
5	bacterial/2_glucose_yeast_extract_peptone_agar.yaml	CultureMech:009517	2% Glucose-Yeast Extract-Peptone Agar	9	no pH and no temperature
5	bacterial/2_malt_agar.yaml	CultureMech:009585	2% Malt Agar	3	no pH and no temperature
5	bacterial/2_malt_extract_agar.yaml	CultureMech:008671	2% Malt Extract Agar	3	no pH and no temperature
5	bacterial/2xytg.yaml	CultureMech:009326	2xYTG	5	no pH and no temperature
5	bacterial/2yt_medium.yaml	CultureMech:009457	2YT medium	4	no pH and no temperature
5	bacterial/3n_bbm_v.yaml	CultureMech:000321	3N-BBM+V	15	no pH and no temperature
5	bacterial/3n_bbm_v_recipe_for_customer_orders.yaml	CultureMech:000322	3N-BBM+V recipe for customer orders	15	no pH and no temperature
5	bacterial/480g_medium.yaml	CultureMech:003312	480G MEDIUM	16	no pH and no temperature
5	bacterial/4_malt_agar.yaml	CultureMech:009038	4% Malt Agar	3	no pH and no temperature
5	bacterial/5_g_medium.yaml	CultureMech:002818	5 G MEDIUM	4	no pH and no temperature
5	bacterial/5_r2a_medium.yaml	CultureMech:008519	5×R2A Medium	10	no pH and no temperature
5	bacterial/6_b_medium.yaml	CultureMech:002829	6 B MEDIUM	7	no pH and no temperature
5	bacterial/70_30_sporulation_medium.yaml	CultureMech:001277	70:30 sporulation medium	13	no pH and no temperature
5	bacterial/7way_8_7_medium.yaml	CultureMech:003179	7WAY-8-7 MEDIUM	29	no pH and no temperature
5	bacterial/802_10_nacl.yaml	CultureMech:008295	802 + 10% NaCl	5	no pH and no temperature
5	bacterial/802_2_nacl.yaml	CultureMech:008394	802 + 2% NaCl	5	no pH and no temperature
5	bacterial/802_3_nacl.yaml	CultureMech:008695	802 + 3% NaCl	5	no pH and no temperature
5	bacterial/802_5_glucose.yaml	CultureMech:008387	802 + 5% Glucose	5	no pH and no temperature
5	bacterial/802_5_nacl.yaml	CultureMech:008294	802 + 5% NaCl	5	no pH and no temperature
5	bacterial/8kg_4_medium.yaml	CultureMech:003180	8KG-4 MEDIUM	29	no pH and no temperature
5	bacterial/9_k_medium.yaml	CultureMech:009675	9 K medium	6	no pH and no temperature
5	bacterial/DSMZ_1225_THIOALKALIBACTER_HALOPHILUS_MEDIUM.yaml	CultureMech:000250	THIOALKALIBACTER HALOPHILUS MEDIUM	16	no pH and no temperature
5	bacterial/DSMZ_1593_Cyanobacteria_Medium_BG11.yaml	CultureMech:001070	Cyanobacteria Medium BG11+	15	no pH and no temperature
5	bacterial/DSMZ_1645_Cyanobacteria_Medium_AB-.yaml	CultureMech:001128	Cyanobacteria Medium AB-	17	no pH and no temperature
5	bacterial/DSMZ_535c_TRYPTICASE_SOY_BROTH_AGAR.yaml	CultureMech:001668	TRYPTICASE SOY BROTH AGAR	8	no pH and no temperature
5	bacterial/DSMZ_622_PLANCTOMYCES_MEDIUM.yaml	CultureMech:001754	PLANCTOMYCES MEDIUM	14	no pH and no temperature
5	bacterial/DSMZ_668_FLEXIBACTER_MEDIUM.yaml	CultureMech:001809	FLEXIBACTER MEDIUM	15	no pH and no temperature
5	bacterial/DSMZ_844_BACTERIOVORAX_MEDIUM.yaml	CultureMech:002000	BACTERIOVORAX MEDIUM	5	no pH and no temperature
5	bacterial/JCM_J1062_DESULFUROMONAS_CARBONIS_MEDIUM.yaml	CultureMech:002243	DESULFUROMONAS CARBONIS MEDIUM	28	no pH and no temperature
5	bacterial/JCM_J1080_HALODESULFURIARCHAEUM_MEDIUM.yaml	CultureMech:002260	HALODESULFURIARCHAEUM MEDIUM	21	no pH and no temperature
5	bacterial/JCM_J1192_GEOTHERMOBACTER_MEDIUM.yaml	CultureMech:002359	GEOTHERMOBACTER MEDIUM	29	no pH and no temperature
5	bacterial/JCM_J128_HYDROGENOBACTER_HALOPHILUS_MEDIUM.yaml	CultureMech:000292	HYDROGENOBACTER HALOPHILUS MEDIUM	14	no pH and no temperature
5	bacterial/JCM_J1357_Marinagarivorans_sp_GE09_medium.yaml	CultureMech:015838	Marinagarivorans sp. GE09 medium	18	no pH and no temperature
5	bacterial/JCM_J1379_SPHAEROTILUS_SP_FB_5_MEDIUM.yaml	CultureMech:015846	SPHAEROTILUS SP. FB-5 MEDIUM	5	no pH and no temperature
5	bacterial/JCM_J1385_YCFA_MEDIUM_WITH_MANNITOL.yaml	CultureMech:015879	YCFA MEDIUM WITH MANNITOL	40	no pH and no temperature
5	bacterial/JCM_J1465_MODIFIED_NMS_MEDIUM_4.yaml	CultureMech:015872	MODIFIED NMS MEDIUM-4	18	no pH and no temperature
5	bacterial/JCM_J154_HYDROGENOBACTER_THERMOPHILUS_MEDIUM.yaml	CultureMech:000294	HYDROGENOBACTER THERMOPHILUS MEDIUM	14	no pH and no temperature
5	bacterial/JCM_J330_SPOROTOMACULUM_MEDIUM.yaml	CultureMech:002689	SPOROTOMACULUM MEDIUM	29	no pH and no temperature
5	bacterial/JCM_J370_TEPIDANAEROBACTER_MEDIUM.yaml	CultureMech:002729	TEPIDANAEROBACTER MEDIUM	29	no pH and no temperature
5	bacterial/JCM_J381_TRICHOCOCCUS_MEDIUM.yaml	CultureMech:002738	TRICHOCOCCUS MEDIUM	31	no pH and no temperature
5	bacterial/JCM_J383_DESULFOBACTERIUM_MEDIUM.yaml	CultureMech:002740	DESULFOBACTERIUM MEDIUM	32	no pH and no temperature
5	bacterial/JCM_J434_ANAEROLINEA_MEDIUM.yaml	CultureMech:002785	ANAEROLINEA MEDIUM	29	no pH and no temperature
5	bacterial/JCM_J465_CHOPPED_MEAT_MEDIUM_WITH_CARBOHYDRATES.yaml	CultureMech:002813	CHOPPED MEAT MEDIUM WITH CARBOHYDRATES	6	no pH and no temperature
5	bacterial/JCM_J467_BHI_2_MEDIUM.yaml	CultureMech:002815	BHI/2 MEDIUM	9	no pH and no temperature
5	bacterial/JCM_J471_DESULFONAUTICUS_MEDIUM.yaml	CultureMech:002820	DESULFONAUTICUS MEDIUM	32	no pH and no temperature
5	bacterial/JCM_J475_TRYPTICASE_SOY_BROTH_AGAR.yaml	CultureMech:002824	TRYPTICASE SOY BROTH AGAR	7	no pH and no temperature
5	bacterial/JCM_J709_TUA_ACETOBACTER_MEDIUM.yaml	CultureMech:003055	TUA ACETOBACTER MEDIUM	6	no pH and no temperature
5	bacterial/JCM_J710_AG_MEDIUM.yaml	CultureMech:003057	AG MEDIUM	7	no pH and no temperature
5	bacterial/JCM_J735_MY_MEDIUM.yaml	CultureMech:003078	MY MEDIUM	4	no pH and no temperature
5	bacterial/JCM_J778_THERMOANAEROMONAS_MEDIUM.yaml	CultureMech:003120	THERMOANAEROMONAS MEDIUM	23	no pH and no temperature
5	bacterial/JCM_J834_MODIFIED_DESULFOVIBRIO_MEDIUM.yaml	CultureMech:003178	MODIFIED DESULFOVIBRIO MEDIUM	11	no pH and no temperature
5	bacterial/JCM_J840_YPM_MEDIUM.yaml	CultureMech:003185	YPM MEDIUM	4	no pH and no temperature
5	bacterial/JCM_J881_KNH_MEDIUM.yaml	CultureMech:003229	KNH MEDIUM	31	no pH and no temperature
5	bacterial/JCM_J884_HYPHOMICROBIUM_MEDIUM.yaml	CultureMech:003232	HYPHOMICROBIUM MEDIUM	14	no pH and no temperature
5	bacterial/JCM_J890_ACETOBACTER_EUROPAEUS_MEDIUM.yaml	CultureMech:003239	ACETOBACTER EUROPAEUS MEDIUM	6	no pH and no temperature
5	bacterial/JCM_J95_RHODOPSEUDOMONAS_RUTILA_MEDIUM.yaml	CultureMech:003307	RHODOPSEUDOMONAS RUTILA MEDIUM	13	no pH and no temperature
5	bacterial/JCM_J980_KUSHNERIA_AURANTIA_MEDIUM.yaml	CultureMech:003330	KUSHNERIA AURANTIA MEDIUM	9	no pH and no temperature
5	bacterial/KOMODO_1007_MINERAL_MEDIUM.yaml	CultureMech:003510	MINERAL MEDIUM	12	no pH and no temperature
5	bacterial/KOMODO_1016_IDIOMARINA_medium.yaml	CultureMech:003527	IDIOMARINA medium	6	no pH and no temperature
5	bacterial/KOMODO_101_NUTRIENT_AGAR_or_BROTH_WITH_NaCl.yaml	CultureMech:003531	NUTRIENT AGAR or BROTH WITH NaCl	4	no pH and no temperature
5	bacterial/KOMODO_1025_MARICAULIS_medium.yaml	CultureMech:003537	MARICAULIS medium	6	no pH and no temperature
5	bacterial/KOMODO_10_ZYMOMONAS_medium.yaml	CultureMech:003753	ZYMOMONAS medium	4	no pH and no temperature
5	bacterial/KOMODO_1111_CARBOXYMETHYL_CELLULOSE_medium.yaml	CultureMech:003813	CARBOXYMETHYL CELLULOSE medium	8	no pH and no temperature
5	bacterial/KOMODO_113_THIOBACILLUS_DENITRIFICANS_MEDIUM.yaml	CultureMech:003849	THIOBACILLUS DENITRIFICANS MEDIUM	27	no pH and no temperature
5	bacterial/KOMODO_1145_MS-MEDIUM_MODIFIED.yaml	CultureMech:003856	MS-MEDIUM (MODIFIED)	22	no pH and no temperature
5	bacterial/KOMODO_115_VIBRIO_NATRIEGENS_medium.yaml	CultureMech:003869	VIBRIO NATRIEGENS medium	4	no pH and no temperature
5	bacterial/KOMODO_1169_SEAWATER_YPG.yaml	CultureMech:003887	SEAWATER YPG	5	no pH and no temperature
5	bacterial/KOMODO_1173_MODIFIED_medium_514.yaml	CultureMech:003893	MODIFIED medium 514	16	no pH and no temperature
5	bacterial/KOMODO_1180_METHYLOMICROBIUM_MEDIUM.yaml	CultureMech:003900	METHYLOMICROBIUM MEDIUM	17	no pH and no temperature
5	bacterial/KOMODO_1186_GRANULIBACTER_medium.yaml	CultureMech:003906	GRANULIBACTER medium	4	no pH and no temperature
5	bacterial/KOMODO_1191_EGGC.yaml	CultureMech:003928	EGGC	21	no pH and no temperature
5	bacterial/KOMODO_1192_BM_MEDIUM.yaml	CultureMech:003929	BM MEDIUM	5	no pH and no temperature
5	bacterial/KOMODO_11a_MODIFIED_medium_11.yaml	CultureMech:003941	MODIFIED medium 11	19	no pH and no temperature
5	bacterial/KOMODO_1216_SALINISPHAERA_HYDROTHERMALIS_medium.yaml	CultureMech:003967	SALINISPHAERA HYDROTHERMALIS medium	6	no pH and no temperature
5	bacterial/KOMODO_1227_RHODOBACA_BARGUZINENSIS_medium.yaml	CultureMech:003982	RHODOBACA BARGUZINENSIS medium	20	no pH and no temperature
5	bacterial/KOMODO_1238_WOODSHOLEA_MEDIUM.yaml	CultureMech:003995	WOODSHOLEA MEDIUM	6	no pH and no temperature
5	bacterial/KOMODO_1239_DESULFURISPIRILLUM_medium.yaml	CultureMech:003996	DESULFURISPIRILLUM medium	18	no pH and no temperature
5	bacterial/KOMODO_126_MYCOBACTERIUM_INTRACELLULARE_medium.yaml	CultureMech:004024	MYCOBACTERIUM INTRACELLULARE medium	4	no pH and no temperature
5	bacterial/KOMODO_127_MICROMONOSPORA_MEGALOMICEA_medium.yaml	CultureMech:004032	MICROMONOSPORA MEGALOMICEA medium	6	no pH and no temperature
5	bacterial/KOMODO_1305_MMN.yaml	CultureMech:004060	MMN	9	no pH and no temperature
5	bacterial/KOMODO_1309_BACILLUS_LOCISALIS_medium.yaml	CultureMech:004064	BACILLUS LOCISALIS medium	8	no pH and no temperature
5	bacterial/KOMODO_1320_HALF_STRENGTH_R2A_MEDIUM_IN_75_SEAWATER.yaml	CultureMech:004075	HALF STRENGTH R2A MEDIUM IN 75% SEAWATER	9	no pH and no temperature
5	bacterial/KOMODO_1341_MIN_E_-_METHYLOVERSATILIS_MEDIUM.yaml	CultureMech:004099	MIN E - METHYLOVERSATILIS MEDIUM	17	no pH and no temperature
5	bacterial/KOMODO_193a_PHB_PYRUVATE_MEDIUM.yaml	CultureMech:004228	PHB/PYRUVATE MEDIUM	34	no pH and no temperature
5	bacterial/KOMODO_194_DESULFOBULBUS_MEDIUM.yaml	CultureMech:004235	DESULFOBULBUS MEDIUM	33	no pH and no temperature
5	bacterial/KOMODO_215_BHI_medium.yaml	CultureMech:004418	BHI medium	6	no pH and no temperature
5	bacterial/KOMODO_215a_BHI_medium_modified.yaml	CultureMech:004419	BHI medium (modified)	6	no pH and no temperature
5	bacterial/KOMODO_215b_BHI_medium_WITH_ADDITIONAL_GLUCOSE.yaml	CultureMech:004421	BHI medium WITH ADDITIONAL GLUCOSE	6	no pH and no temperature
5	bacterial/KOMODO_215c_BHI_medium_FOR_STRICT_ANAEROBES.yaml	CultureMech:004425	BHI medium FOR STRICT ANAEROBES	6	no pH and no temperature
5	bacterial/KOMODO_216_BHI_1_medium.yaml	CultureMech:004426	BHI/1 medium	7	no pH and no temperature
5	bacterial/KOMODO_217_BHI_2_medium.yaml	CultureMech:004427	BHI/2 medium	9	no pH and no temperature
5	bacterial/KOMODO_218_BHI_3_medium.yaml	CultureMech:004428	BHI/3 medium	8	no pH and no temperature
5	bacterial/KOMODO_229_CORYNEBACTERIUM_medium_WITH_SALT.yaml	CultureMech:004582	CORYNEBACTERIUM medium WITH SALT	5	no pH and no temperature
5	bacterial/KOMODO_232b_WEISSELA_KOREENSIS_medium.yaml	CultureMech:004607	WEISSELA KOREENSIS medium	10	no pH and no temperature
5	bacterial/KOMODO_240_CORYNEBACTERIUM_medium_WITH_BLOOD.yaml	CultureMech:004613	CORYNEBACTERIUM medium WITH BLOOD	6	no pH and no temperature
5	bacterial/KOMODO_254_ACETOBACTER_PEROXYDANS_medium.yaml	CultureMech:004656	ACETOBACTER PEROXYDANS medium	4	no pH and no temperature
5	bacterial/KOMODO_267_GINGER_BEER_PLANT_medium.yaml	CultureMech:004670	GINGER BEER PLANT medium	4	no pH and no temperature
5	bacterial/KOMODO_268_TEA_FUNGUS_medium.yaml	CultureMech:004671	TEA FUNGUS medium	3	no pH and no temperature
5	bacterial/KOMODO_300_RUMINOCOCCUS_PASTEURII_MEDIUM.yaml	CultureMech:004788	RUMINOCOCCUS PASTEURII MEDIUM	21	no pH and no temperature
5	bacterial/KOMODO_301_FALCIVIBRIO_MEDIUM.yaml	CultureMech:004799	FALCIVIBRIO MEDIUM	4	no pH and no temperature
5	bacterial/KOMODO_303_SIMONSIELLA_medium.yaml	CultureMech:004820	SIMONSIELLA medium	7	no pH and no temperature
5	bacterial/KOMODO_359_GFY_medium.yaml	CultureMech:005078	GFY medium	6	no pH and no temperature
5	bacterial/KOMODO_360_YPM_medium.yaml	CultureMech:005083	YPM medium	4	no pH and no temperature
5	bacterial/KOMODO_363_PHENYLOBACTERIUM_MEDIUM.yaml	CultureMech:005086	PHENYLOBACTERIUM MEDIUM	17	no pH and no temperature
5	bacterial/KOMODO_383d_DESULFONAUTICUS_medium.yaml	CultureMech:005159	DESULFONAUTICUS medium	32	no pH and no temperature
5	bacterial/KOMODO_394_CHI_1776_medium.yaml	CultureMech:005178	CHI 1776 medium	7	no pH and no temperature
5	bacterial/KOMODO_397_FERULATE_medium.yaml	CultureMech:005184	FERULATE medium	30	no pH and no temperature
5	bacterial/KOMODO_40_PFENNIG_S_MEDIUM_II_WITH_SALT.yaml	CultureMech:005231	PFENNIG'S MEDIUM II WITH SALT	23	no pH and no temperature
5	bacterial/KOMODO_412_ACETOMICROBIUM_FAECALIS_medium.yaml	CultureMech:005236	ACETOMICROBIUM FAECALIS medium	35	no pH and no temperature
5	bacterial/KOMODO_420_BLOOD_AGAR_I.yaml	CultureMech:005245	BLOOD AGAR I	14	no pH and no temperature
5	bacterial/KOMODO_421_CHROMATIUM_SALEXIGENS_MEDIUM.yaml	CultureMech:005246	CHROMATIUM SALEXIGENS MEDIUM	5	no pH and no temperature
5	bacterial/KOMODO_422_AMOEBOBACTER_MEDIUM.yaml	CultureMech:005247	AMOEBOBACTER MEDIUM	3	no pH and no temperature
5	bacterial/KOMODO_427_MYKORRHIZA_medium.yaml	CultureMech:005253	MYKORRHIZA medium	8	no pH and no temperature
5	bacterial/KOMODO_429_COLUMBIA_BLOOD_AGAR.yaml	CultureMech:005268	COLUMBIA BLOOD AGAR	15	no pH and no temperature
5	bacterial/KOMODO_429a_COLUMBIA_BLOOD_AGAR_WITH_CHARCOAL.yaml	CultureMech:005269	COLUMBIA BLOOD AGAR WITH CHARCOAL	15	no pH and no temperature
5	bacterial/KOMODO_429b_CHOCOLATE_AGAR.yaml	CultureMech:005272	CHOCOLATE AGAR	15	no pH and no temperature
5	bacterial/KOMODO_429c_COLUMBIA-GLUCOSE-CYSTEINE-AGAR.yaml	CultureMech:005274	COLUMBIA-GLUCOSE-CYSTEINE-AGAR	15	no pH and no temperature
5	bacterial/KOMODO_429d_FRANCISELLA_HALIOTICIDA_medium.yaml	CultureMech:005276	FRANCISELLA HALIOTICIDA medium	15	no pH and no temperature
5	bacterial/KOMODO_432_HALOBACTEROIDES_ACETOETHYLICUS_medium.yaml	CultureMech:005280	HALOBACTEROIDES ACETOETHYLICUS medium	21	no pH and no temperature
5	bacterial/KOMODO_437_MITSUOKELLA_DENTALIS_medium.yaml	CultureMech:005285	MITSUOKELLA DENTALIS medium	16	no pH and no temperature
5	bacterial/KOMODO_457c_MEDIUM_WITH_CHLOROACRYLIC_ACID.yaml	CultureMech:005461	MEDIUM WITH CHLOROACRYLIC ACID	28	no pH and no temperature
5	bacterial/KOMODO_457d_MEDIUM_WITH_BIPHENYL.yaml	CultureMech:005462	MEDIUM WITH BIPHENYL	28	no pH and no temperature
5	bacterial/KOMODO_461a_MINERAL_MEDIUM_WITH_QUINOLINE.yaml	CultureMech:005481	MINERAL MEDIUM WITH QUINOLINE	9	no pH and no temperature
5	bacterial/KOMODO_465a_MINERAL_MEDIUM_WITH_2-HYDROXYBIPHENYL.yaml	CultureMech:005567	MINERAL MEDIUM WITH 2-HYDROXYBIPHENYL	35	no pH and no temperature
5	bacterial/KOMODO_465b_MINERAL_MEDIUM_WITH_PCP.yaml	CultureMech:005569	MINERAL MEDIUM WITH PCP	35	no pH and no temperature
5	bacterial/KOMODO_465c_MINERAL_MEDIUM_WITH_DICHLOROMETHANE.yaml	CultureMech:005571	MINERAL MEDIUM WITH DICHLOROMETHANE	35	no pH and no temperature
5	bacterial/KOMODO_465d_MINERAL_MEDIUM_WITH_BENZYLCYANIDE_AS_NITROGEN_SOURCE.yaml	CultureMech:005573	MINERAL MEDIUM WITH BENZYLCYANIDE AS NITROGEN SOURCE	35	no pH and no temperature
5	bacterial/KOMODO_465e_MINERAL_MEDIUM_WITH_SULFOBENZOIC_ACID.yaml	CultureMech:005574	MINERAL MEDIUM WITH SULFOBENZOIC ACID	35	no pH and no temperature
5	bacterial/KOMODO_465f_MINERAL_MEDIUM_WITH_3-AMINOPHENOL.yaml	CultureMech:005575	MINERAL MEDIUM WITH 3-AMINOPHENOL	35	no pH and no temperature
5	bacterial/KOMODO_465g_MINERAL_MEDIUM_WITH_CYANURIC_ACID_AS_NITROGEN_SOURCE.yaml	CultureMech:005576	MINERAL MEDIUM WITH CYANURIC ACID AS NITROGEN SOURCE	35	no pH and no temperature
5	bacterial/KOMODO_465h_MINERALMEDIUM_WITH_6-METHYLNICOTINATE.yaml	CultureMech:005577	MINERALMEDIUM WITH 6-METHYLNICOTINATE	35	no pH and no temperature
5	bacterial/KOMODO_465i_MINERAL_MEDIUM_WITH_ATRAZIN.yaml	CultureMech:005578	MINERAL MEDIUM WITH ATRAZIN	35	no pH and no temperature
5	bacterial/KOMODO_472_PITYROSPORUM_medium.yaml	CultureMech:005586	PITYROSPORUM medium	5	no pH and no temperature
5	bacterial/KOMODO_474_MEDIUM_WITH_POLYHYDROXYBUTYRIC_ACID_AS_CARBON_SOURCE.yaml	CultureMech:005589	MEDIUM WITH POLYHYDROXYBUTYRIC ACID AS CARBON SOURCE	27	no pH and no temperature
5	bacterial/KOMODO_523_CLOSTRIDIUM_CHARTATABIDUM_medium.yaml	CultureMech:005885	CLOSTRIDIUM CHARTATABIDUM medium	15	no pH and no temperature
5	bacterial/KOMODO_531_SPORULATION_medium.yaml	CultureMech:005909	SPORULATION medium	7	no pH and no temperature
5	bacterial/KOMODO_542_PENNASSAY_G-THY_medium.yaml	CultureMech:005971	PENNASSAY G-THY medium	3	no pH and no temperature
5	bacterial/KOMODO_55_FRUCTOSE_MINERAL_MEDIUM.yaml	CultureMech:006011	FRUCTOSE MINERAL MEDIUM	15	no pH and no temperature
5	bacterial/KOMODO_563_Z_medium.yaml	CultureMech:006015	Z medium	5	no pH and no temperature
5	bacterial/KOMODO_56_TRYPTICASE_STARCH_AGAR.yaml	CultureMech:006017	TRYPTICASE STARCH AGAR	9	no pH and no temperature
5	bacterial/KOMODO_587_XYLOPHILUS_medium.yaml	CultureMech:006066	XYLOPHILUS medium	5	no pH and no temperature
5	bacterial/KOMODO_595_CAULOBACTER_medium.yaml	CultureMech:006076	CAULOBACTER medium	5	no pH and no temperature
5	bacterial/KOMODO_600_M14_PIRELLULA_MARINA_MEDIUM.yaml	CultureMech:006087	M14 (PIRELLULA MARINA) MEDIUM	34	no pH and no temperature
5	bacterial/KOMODO_600a_M13a_PIRELLULA_medium.yaml	CultureMech:006088	M13a (PIRELLULA) medium	34	no pH and no temperature
5	bacterial/KOMODO_617_MARINOMONAS_VAGA_medium.yaml	CultureMech:006109	MARINOMONAS VAGA medium	5	no pH and no temperature
5	bacterial/KOMODO_619_HYPHOMICROBIUM_METHYLOVORUM_MEDIUM.yaml	CultureMech:006113	HYPHOMICROBIUM METHYLOVORUM MEDIUM	19	no pH and no temperature
5	bacterial/KOMODO_631_ACETOBACTER_EUROPAEUS_medium.yaml	CultureMech:006146	ACETOBACTER EUROPAEUS medium	5	no pH and no temperature
5	bacterial/KOMODO_645a_HEMIN_medium_FOR_MYCOBACTERIUM.yaml	CultureMech:006191	HEMIN medium FOR MYCOBACTERIUM	23	no pH and no temperature
5	bacterial/KOMODO_660_ALCALIGENES_MEDIUM.yaml	CultureMech:006238	ALCALIGENES MEDIUM	19	no pH and no temperature
5	bacterial/KOMODO_661_DP_medium.yaml	CultureMech:006241	DP medium	8	no pH and no temperature
5	bacterial/KOMODO_668_FLEXIBACTER_medium.yaml	CultureMech:006257	FLEXIBACTER medium	15	no pH and no temperature
5	bacterial/KOMODO_690_DMA_MEDIUM.yaml	CultureMech:006295	DMA MEDIUM	32	no pH and no temperature
5	bacterial/KOMODO_693_COLUMBIA_BLOOD_medium.yaml	CultureMech:006311	COLUMBIA BLOOD medium	15	no pH and no temperature
5	bacterial/KOMODO_6_ALLANTOIN_MINERAL_MEDIUM.yaml	CultureMech:006325	ALLANTOIN MINERAL MEDIUM	8	no pH and no temperature
5	bacterial/KOMODO_703_SEMISOLID_BRUCELLA_BROTH.yaml	CultureMech:006334	SEMISOLID BRUCELLA BROTH	6	no pH and no temperature
5	bacterial/KOMODO_704_BUTYRIVIBRIO_SP._medium.yaml	CultureMech:006335	BUTYRIVIBRIO SP. medium	28	no pH and no temperature
5	bacterial/KOMODO_712_PSEUDOBUTYRIVIBRIO_medium.yaml	CultureMech:006350	PSEUDOBUTYRIVIBRIO medium	22	no pH and no temperature
5	bacterial/KOMODO_719_ANAEROFILUM_medium.yaml	CultureMech:006361	ANAEROFILUM medium	30	no pH and no temperature
5	bacterial/KOMODO_745_RHODOBIUM_MEDIUM.yaml	CultureMech:006396	RHODOBIUM MEDIUM	17	no pH and no temperature
5	bacterial/KOMODO_748_CENS_medium.yaml	CultureMech:006399	CENS medium	22	no pH and no temperature
5	bacterial/KOMODO_780_MIDDLEBROOK_MEDIUM_WITH_MYCOBACTIN.yaml	CultureMech:006479	MIDDLEBROOK MEDIUM WITH MYCOBACTIN	4	no pH and no temperature
5	bacterial/KOMODO_781_DUNG_EXTRACT_AGAR.yaml	CultureMech:006480	DUNG EXTRACT AGAR	7	no pH and no temperature
5	bacterial/KOMODO_784_NATRONIELLA_medium.yaml	CultureMech:006484	NATRONIELLA medium	30	no pH and no temperature
5	bacterial/KOMODO_78a_CHOPPED_MEAT_medium_FOR_TREPONEMA_SP.yaml	CultureMech:006493	CHOPPED MEAT medium FOR TREPONEMA SP	26	no pH and no temperature
5	bacterial/KOMODO_78b_medium_FOR_TREPONEMA_PARVUM.yaml	CultureMech:006496	medium FOR TREPONEMA PARVUM	26	no pH and no temperature
5	bacterial/KOMODO_804_HAEMOPHILUS_medium.yaml	CultureMech:006522	HAEMOPHILUS medium	5	no pH and no temperature
5	bacterial/KOMODO_805_METHYLOBACTERIUM_THIOCYANATUM_MEDIUM.yaml	CultureMech:006523	METHYLOBACTERIUM THIOCYANATUM MEDIUM	7	no pH and no temperature
5	bacterial/KOMODO_821_FUNDIBACTER_JADENSIS_medium.yaml	CultureMech:006549	FUNDIBACTER JADENSIS medium	8	no pH and no temperature
5	bacterial/KOMODO_82_BHI-GLUCOSE_medium.yaml	CultureMech:006566	BHI-GLUCOSE medium	8	no pH and no temperature
5	bacterial/KOMODO_830a_medium_R2A_MODIFIED.yaml	CultureMech:006620	medium R2A MODIFIED	18	no pH and no temperature
5	bacterial/KOMODO_830b_medium_R2A_FOR_DENITRIFYING_BACTERIA.yaml	CultureMech:006621	medium R2A FOR DENITRIFYING BACTERIA	18	no pH and no temperature
5	bacterial/KOMODO_840_SERPULINA_MURDOCHII_MEDIUM.yaml	CultureMech:006643	SERPULINA MURDOCHII MEDIUM	10	no pH and no temperature
5	bacterial/KOMODO_850_ALTERNATIVE_ACETOBACTER_INTERMEDIUS_medium.yaml	CultureMech:006658	ALTERNATIVE ACETOBACTER INTERMEDIUS medium	3	no pH and no temperature
5	bacterial/KOMODO_856_STARCH_NITRATE_medium.yaml	CultureMech:006674	STARCH NITRATE medium	10	no pH and no temperature
5	bacterial/KOMODO_867_RHODOBACTER_VELDKAMPII_MEDIUM.yaml	CultureMech:006697	RHODOBACTER VELDKAMPII MEDIUM	21	no pH and no temperature
5	bacterial/KOMODO_884_TWEEN_80-AGAR.yaml	CultureMech:006735	TWEEN 80-AGAR	5	no pH and no temperature
5	bacterial/KOMODO_907_PSEUDOMONAS_AGAR_F.yaml	CultureMech:006778	PSEUDOMONAS AGAR F	6	no pH and no temperature
5	bacterial/KOMODO_909_TREPONEMA_DENTICOLA_medium.yaml	CultureMech:006781	TREPONEMA DENTICOLA medium	23	no pH and no temperature
5	bacterial/KOMODO_911_MIDDLEBROCK_7H11_AGAR.yaml	CultureMech:006786	MIDDLEBROCK 7H11 AGAR	20	no pH and no temperature
5	bacterial/KOMODO_921_METHYLOSARCINA_QUISQUILLARUM_AND_M._FIBRATA_MEDIUM.yaml	CultureMech:006827	METHYLOSARCINA QUISQUILLARUM AND M. FIBRATA MEDIUM	16	no pH and no temperature
5	bacterial/KOMODO_922_METHYLOCAPSA_ACIDOPHILA_MEDIUM.yaml	CultureMech:006828	METHYLOCAPSA ACIDOPHILA MEDIUM	11	no pH and no temperature
5	bacterial/KOMODO_923_ALKALIBACTERIUM_OLIVAPOVLITICUS.yaml	CultureMech:006829	ALKALIBACTERIUM OLIVAPOVLITICUS	7	no pH and no temperature
5	bacterial/KOMODO_92a_MODIFIED_medium_92.yaml	CultureMech:006849	MODIFIED medium 92	8	no pH and no temperature
5	bacterial/KOMODO_982_MY10-12_medium.yaml	CultureMech:006943	MY10-12 medium	5	no pH and no temperature
5	bacterial/MEDIADB_109_M9_gupta.yaml	CultureMech:006995	'M9 (gupta	8	no pH and no temperature
5	bacterial/MEDIADB_416_Defined_freshwater_medium_CoSO4.yaml	CultureMech:007317	'Defined freshwater medium (CoSO4	29	no pH and no temperature
5	bacterial/MEDIADB_417_Defined_freshwater_medium_CoSO4.yaml	CultureMech:007318	'Defined freshwater medium (CoSO4	29	no pH and no temperature
5	bacterial/MEDIADB_418_Defined_freshwater_medium_CoSO4.yaml	CultureMech:007319	'Defined freshwater medium (CoSO4	30	no pH and no temperature
5	bacterial/MEDIADB_419_Defined_freshwater_medium_CoSO4.yaml	CultureMech:007320	'Defined freshwater medium (CoSO4	29	no pH and no temperature
5	bacterial/MEDIADB_420_Defined_freshwater_medium_CoSO4.yaml	CultureMech:007322	'Defined freshwater medium (CoSO4	29	no pH and no temperature
5	bacterial/MEDIADB_421_Defined_freshwater_medium_CoSO4.yaml	CultureMech:007323	'Defined freshwater medium (CoSO4	29	no pH and no temperature
5	bacterial/MEDIADB_422_Defined_freshwater_medium_CoSO4.yaml	CultureMech:007324	'Defined freshwater medium (CoSO4	30	no pH and no temperature
5	bacterial/MEDIADB_423_Defined_freshwater_medium_CoSO4.yaml	CultureMech:007325	'Defined freshwater medium (CoSO4	29	no pH and no temperature
5	bacterial/MEDIADB_424_Defined_freshwater_medium_CoSO4.yaml	CultureMech:007326	'Defined freshwater medium (CoSO4	29	no pH and no temperature
5	bacterial/MEDIADB_425_Defined_freshwater_medium_CoSO4.yaml	CultureMech:007327	'Defined freshwater medium (CoSO4	29	no pH and no temperature
5	bacterial/MEDIADB_426_Defined_freshwater_medium_CoSO4.yaml	CultureMech:007328	'Defined freshwater medium (CoSO4	29	no pH and no temperature
5	bacterial/MEDIADB_427_Defined_freshwater_medium_CoSO4.yaml	CultureMech:007329	'Defined freshwater medium (CoSO4	29	no pH and no temperature
5	bacterial/MEDIADB_428_Defined_freshwater_medium_CoSO4.yaml	CultureMech:007330	'Defined freshwater medium (CoSO4	29	no pH and no temperature
5	bacterial/MEDIADB_429_Defined_freshwater_medium_CoSO4.yaml	CultureMech:007331	'Defined freshwater medium (CoSO4	29	no pH and no temperature
5	bacterial/MEDIADB_430_Defined_freshwater_medium_CoSO4.yaml	CultureMech:007333	'Defined freshwater medium (CoSO4	31	no pH and no temperature
5	bacterial/MEDIADB_431_Defined_freshwater_medium_CoSO4.yaml	CultureMech:007334	'Defined freshwater medium (CoSO4	29	no pH and no temperature
5	bacterial/MEDIADB_432_Defined_freshwater_medium_CoSO4.yaml	CultureMech:007335	'Defined freshwater medium (CoSO4	29	no pH and no temperature
5	bacterial/MEDIADB_433_Defined_freshwater_medium_CoSO4.yaml	CultureMech:007336	'Defined freshwater medium (CoSO4	29	no pH and no temperature
5	bacterial/MEDIADB_434_Defined_freshwater_medium_CoSO4.yaml	CultureMech:007337	'Defined freshwater medium (CoSO4	29	no pH and no temperature
5	bacterial/MEDIADB_435_Defined_freshwater_medium_CoSO4.yaml	CultureMech:007338	'Defined freshwater medium (CoSO4	29	no pH and no temperature
5	bacterial/MEDIADB_436_Defined_freshwater_medium_CoSO4.yaml	CultureMech:007339	'Defined freshwater medium (CoSO4	29	no pH and no temperature
5	bacterial/MEDIADB_437_Defined_freshwater_medium_CoSO4.yaml	CultureMech:007340	'Defined freshwater medium (CoSO4	29	no pH and no temperature
5	bacterial/MEDIADB_438_Defined_freshwater_medium_CoSO4.yaml	CultureMech:007341	'Defined freshwater medium (CoSO4	29	no pH and no temperature
5	bacterial/MEDIADB_439_Defined_freshwater_medium_CoSO4.yaml	CultureMech:007342	'Defined freshwater medium (CoSO4	29	no pH and no temperature
5	bacterial/MEDIADB_440_Defined_freshwater_medium_CoSO4.yaml	CultureMech:007344	'Defined freshwater medium (CoSO4	29	no pH and no temperature
5	bacterial/MEDIADB_441_Defined_freshwater_medium_CoSO4.yaml	CultureMech:007345	'Defined freshwater medium (CoSO4	29	no pH and no temperature
5	bacterial/MEDIADB_442_Defined_freshwater_medium_CoSO4.yaml	CultureMech:007346	'Defined freshwater medium (CoSO4	29	no pH and no temperature
5	bacterial/MEDIADB_443_Defined_freshwater_medium_CoSO4.yaml	CultureMech:007347	'Defined freshwater medium (CoSO4	29	no pH and no temperature
5	bacterial/MEDIADB_444_Defined_freshwater_medium_CoCl2.yaml	CultureMech:007348	'Defined freshwater medium (CoCl2	29	no pH and no temperature
5	bacterial/MEDIADB_445_Defined_freshwater_medium_CoCl2.yaml	CultureMech:007349	'Defined freshwater medium (CoCl2	29	no pH and no temperature
5	bacterial/MEDIADB_446_Defined_freshwater_medium_CoCl2.yaml	CultureMech:007350	'Defined freshwater medium (CoCl2	29	no pH and no temperature
5	bacterial/MEDIADB_447_Defined_freshwater_medium_CoCl2.yaml	CultureMech:007351	'Defined freshwater medium (CoCl2	29	no pH and no temperature
5	bacterial/MEDIADB_448_Defined_freshwater_medium_CoCl2.yaml	CultureMech:007352	'Defined freshwater medium (CoCl2	29	no pH and no temperature
5	bacterial/MEDIADB_449_Defined_freshwater_medium_CoCl2.yaml	CultureMech:007353	'Defined freshwater medium (CoCl2	30	no pH and no temperature
5	bacterial/MEDIADB_450_Defined_freshwater_medium_CoCl2.yaml	CultureMech:007355	'Defined freshwater medium (CoCl2	30	no pH and no temperature
5	bacterial/MEDIADB_451_Defined_freshwater_medium_CoCl2.yaml	CultureMech:007356	'Defined freshwater medium (CoCl2	29	no pH and no temperature
5	bacterial/MEDIADB_452_Defined_freshwater_medium_CoCl2.yaml	CultureMech:007357	'Defined freshwater medium (CoCl2	29	no pH and no temperature
5	bacterial/MEDIADB_453_Defined_freshwater_medium_CoCl2.yaml	CultureMech:007358	'Defined freshwater medium (CoCl2	29	no pH and no temperature
5	bacterial/MEDIADB_454_Defined_freshwater_medium_CoCl2.yaml	CultureMech:007359	'Defined freshwater medium (CoCl2	29	no pH and no temperature
5	bacterial/MEDIADB_455_Defined_freshwater_medium_CoCl2.yaml	CultureMech:007360	'Defined freshwater medium (CoCl2	29	no pH and no temperature
5	bacterial/MEDIADB_456_Defined_freshwater_medium_CoCl2.yaml	CultureMech:007361	'Defined freshwater medium (CoCl2	29	no pH and no temperature
5	bacterial/MEDIADB_457_Defined_freshwater_medium_CoCl2.yaml	CultureMech:007362	'Defined freshwater medium (CoCl2	29	no pH and no temperature
5	bacterial/MEDIADB_458_Defined_freshwater_medium_CoCl2.yaml	CultureMech:007363	'Defined freshwater medium (CoCl2	29	no pH and no temperature
5	bacterial/MEDIADB_459_Defined_freshwater_medium_CoCl2.yaml	CultureMech:007364	'Defined freshwater medium (CoCl2	29	no pH and no temperature
5	bacterial/MEDIADB_460_Defined_freshwater_medium_CoCl2.yaml	CultureMech:007366	'Defined freshwater medium (CoCl2	31	no pH and no temperature
5	bacterial/MEDIADB_461_Defined_freshwater_medium_CoCl2.yaml	CultureMech:007367	'Defined freshwater medium (CoCl2	29	no pH and no temperature
5	bacterial/MEDIADB_462_Defined_freshwater_medium_CoCl2.yaml	CultureMech:007368	'Defined freshwater medium (CoCl2	29	no pH and no temperature
5	bacterial/MEDIADB_463_Defined_freshwater_medium_CoCl2.yaml	CultureMech:007369	'Defined freshwater medium (CoCl2	29	no pH and no temperature
5	bacterial/MEDIADB_464_Defined_freshwater_medium_CoCl2.yaml	CultureMech:007370	'Defined freshwater medium (CoCl2	29	no pH and no temperature
5	bacterial/MEDIADB_465_Defined_freshwater_medium_CoCl2.yaml	CultureMech:007371	'Defined freshwater medium (CoCl2	29	no pH and no temperature
5	bacterial/MEDIADB_466_Defined_freshwater_medium_CoCl2.yaml	CultureMech:007372	'Defined freshwater medium (CoCl2	29	no pH and no temperature
5	bacterial/MEDIADB_467_Defined_freshwater_medium_CoCl2.yaml	CultureMech:007373	'Defined freshwater medium (CoCl2	29	no pH and no temperature
5	bacterial/MEDIADB_468_Defined_freshwater_medium_CoCl2.yaml	CultureMech:007374	'Defined freshwater medium (CoCl2	29	no pH and no temperature
5	bacterial/MEDIADB_469_Defined_freshwater_medium_CoCl2.yaml	CultureMech:007375	'Defined freshwater medium (CoCl2	29	no pH and no temperature
5	bacterial/MEDIADB_470_Defined_freshwater_medium_CoCl2.yaml	CultureMech:007377	'Defined freshwater medium (CoCl2	29	no pH and no temperature
5	bacterial/MEDIADB_471_Defined_freshwater_medium_CoCl2.yaml	CultureMech:007378	'Defined freshwater medium (CoCl2	29	no pH and no temperature
5	bacterial/MEDIADB_476_AMS1_Pyruvate_Glycine.yaml	CultureMech:007383	'AMS1 (Pyruvate+Glycine	20	no pH and no temperature
5	bacterial/MEDIADB_478_AMS1_Pyruvate_Serine.yaml	CultureMech:007385	'AMS1 (Pyruvate+Serine	20	no pH and no temperature
5	bacterial/MEDIADB_479_AMS1_Pyruvate_Glycine.yaml	CultureMech:007386	'AMS1 (Pyruvate+Glycine	20	no pH and no temperature
5	bacterial/MEDIADB_480_AMS1_Pyruvate_Glycine.yaml	CultureMech:007388	'AMS1 (Pyruvate+Glycine	20	no pH and no temperature
5	bacterial/MEDIADB_481_AMS1_Pyruvate_Glycine.yaml	CultureMech:007389	'AMS1 (Pyruvate+Glycine	20	no pH and no temperature
5	bacterial/MEDIADB_482_AMS1_Pyruvate_Glycine.yaml	CultureMech:007390	'AMS1 (Pyruvate+Glycine	20	no pH and no temperature
5	bacterial/MEDIADB_483_AMS1_Pyruvate_Glycine.yaml	CultureMech:007391	'AMS1 (Pyruvate+Glycine	20	no pH and no temperature
5	bacterial/MEDIADB_484_AMS1_Pyruvate_Glycine.yaml	CultureMech:007392	'AMS1 (Pyruvate+Glycine	20	no pH and no temperature
5	bacterial/TOGO_M1000_IRD_Desulfocurvus_Medium.yaml	CultureMech:007513	IRD Desulfocurvus Medium	14	no pH and no temperature
5	bacterial/TOGO_M1003_Thermodesulfobacterium_Geofontis_Medium.yaml	CultureMech:007516	Thermodesulfobacterium Geofontis Medium	14	no pH and no temperature
5	bacterial/TOGO_M1005_Modified_Growth_Medium_With_23_Total_Salt_Concentration.yaml	CultureMech:007518	Modified Growth Medium With 23% Total Salt Concentration	4	no pH and no temperature
5	bacterial/TOGO_M1006_Desulfohalobium_Utahense_Medium.yaml	CultureMech:007519	Desulfohalobium Utahense Medium	11	no pH and no temperature
5	bacterial/TOGO_M1007_Sea_Salts_TYG_Medium.yaml	CultureMech:007520	Sea Salts TYG Medium	9	no pH and no temperature
5	bacterial/TOGO_M1009_Syntrophus_Aciditrophicus_Medium.yaml	CultureMech:007522	Syntrophus Aciditrophicus Medium	9	no pH and no temperature
5	bacterial/TOGO_M1010_Modified_HM_Medium.yaml	CultureMech:007524	Modified HM Medium	11	no pH and no temperature
5	bacterial/TOGO_M1011_Modified_HM_Medium.yaml	CultureMech:007525	Modified HM Medium	12	no pH and no temperature
5	bacterial/TOGO_M1012_GAL1_Medium.yaml	CultureMech:007526	GAL1 Medium	13	no pH and no temperature
5	bacterial/TOGO_M1013_Desulfotomaculum_Tongense_Medium.yaml	CultureMech:007527	Desulfotomaculum Tongense Medium	8	no pH and no temperature
5	bacterial/TOGO_M1014_480G_Medium.yaml	CultureMech:007528	480G Medium	17	no pH and no temperature
5	bacterial/TOGO_M1015_G-S_Medium.yaml	CultureMech:007529	G-S Medium	15	no pH and no temperature
5	bacterial/TOGO_M1016_PA_Medium.yaml	CultureMech:007530	PA Medium	17	no pH and no temperature
5	bacterial/TOGO_M1017_KD-1_Medium.yaml	CultureMech:007531	KD-1 Medium	10	no pH and no temperature
5	bacterial/TOGO_M1018_Modified_Caldicellulosiruptor_Medium.yaml	CultureMech:007532	Modified Caldicellulosiruptor Medium	13	no pH and no temperature
5	bacterial/TOGO_M1019_EBIOS-Glucose_Agar.yaml	CultureMech:007533	EBIOS-Glucose Agar	4	no pH and no temperature
5	bacterial/TOGO_M1020_Acidifferobacter_Murciensis_Medium.yaml	CultureMech:007535	Acidifferobacter Murciensis Medium	14	no pH and no temperature
5	bacterial/TOGO_M1022_Artificial_Seawater_Medium.yaml	CultureMech:007536	Artificial Seawater Medium	6	no pH and no temperature
5	bacterial/TOGO_M1025_Alkalinus_Abyssiniese_Medium.yaml	CultureMech:007539	Alkalinus Abyssiniese Medium	14	no pH and no temperature
5	bacterial/TOGO_M1026_Alkalinus_Abyssiniese_Medium.yaml	CultureMech:007540	Alkalinus Abyssiniese Medium	8	no pH and no temperature
5	bacterial/TOGO_M1027_Salinivibrio_Sharmensis_Medium.yaml	CultureMech:007541	Salinivibrio Sharmensis Medium	8	no pH and no temperature
5	bacterial/TOGO_M1028_Salinivibrio_Sharmensis_Medium.yaml	CultureMech:007542	Salinivibrio Sharmensis Medium	9	no pH and no temperature
5	bacterial/TOGO_M1029_Thermoflexus_Hungenholtzii_Medium.yaml	CultureMech:007543	Thermoflexus Hungenholtzii Medium	20	no pH and no temperature
5	bacterial/TOGO_M102_Alkaline_Cellulose_Agar.yaml	CultureMech:007544	Alkaline Cellulose Agar	18	no pH and no temperature
5	bacterial/TOGO_M1030_VNG_Medium.yaml	CultureMech:007545	VNG Medium	19	no pH and no temperature
5	bacterial/TOGO_M1031_Thermocrinis_Jamiesonii_Medium.yaml	CultureMech:007546	Thermocrinis Jamiesonii  Medium	11	no pH and no temperature
5	bacterial/TOGO_M1032_M13_Medium.yaml	CultureMech:007547	M13 Medium	21	no pH and no temperature
5	bacterial/TOGO_M1033_Kushneria_Aurantia_Medium.yaml	CultureMech:007548	Kushneria Aurantia Medium	10	no pH and no temperature
5	bacterial/TOGO_M1035_Kosmotoga_Pacifica_Medium.yaml	CultureMech:007550	Kosmotoga Pacifica Medium	4	no pH and no temperature
5	bacterial/TOGO_M1036_Artificial_Seawater_Medium_With_Pullulan.yaml	CultureMech:007551	Artificial Seawater Medium With Pullulan	10	no pH and no temperature
5	bacterial/TOGO_M1037_Mesanospirillum_X-18_Medium.yaml	CultureMech:007552	Mesanospirillum X-18 Medium	24	no pH and no temperature
5	bacterial/TOGO_M1040_CEJFB1T_Medium.yaml	CultureMech:007556	CEJFB1T Medium	15	no pH and no temperature
5	bacterial/TOGO_M1041_MPOB_Medium.yaml	CultureMech:007557	MPOB Medium	14	no pH and no temperature
5	bacterial/TOGO_M1042_IRD_Aminobacterium_Medium.yaml	CultureMech:007558	IRD Aminobacterium Medium	13	no pH and no temperature
5	bacterial/TOGO_M1043_Modified_MPOB_Medium.yaml	CultureMech:007559	Modified MPOB Medium	13	no pH and no temperature
5	bacterial/TOGO_M1044_IRD_Fusibacter_Medium.yaml	CultureMech:007560	IRD Fusibacter Medium	14	no pH and no temperature
5	bacterial/TOGO_M1045_Diluted_Nitrate_Mineral_Medium.yaml	CultureMech:007561	Diluted Nitrate Mineral Medium	8	no pH and no temperature
5	bacterial/TOGO_M1046_Diluted_Nitrate_Mineral_Medium.yaml	CultureMech:007562	Diluted Nitrate Mineral Medium	6	no pH and no temperature
5	bacterial/TOGO_M1048_MBM_Medium_2.yaml	CultureMech:007564	MBM Medium 2	11	no pH and no temperature
5	bacterial/TOGO_M1049_M30.yaml	CultureMech:007565	M30	15	no pH and no temperature
5	bacterial/TOGO_M104_CM3_Medium.yaml	CultureMech:007566	CM3 Medium	11	no pH and no temperature
5	bacterial/TOGO_M1052_Marinitoga_Medium.yaml	CultureMech:007568	Marinitoga Medium	10	no pH and no temperature
5	bacterial/TOGO_M1053_Desulfosporosinus_Acidodurans_Medium.yaml	CultureMech:007569	Desulfosporosinus Acidodurans Medium	12	no pH and no temperature
5	bacterial/TOGO_M1054_Desulfosporosinus_Acidodurans_Medium.yaml	CultureMech:007570	Desulfosporosinus Acidodurans Medium	13	no pH and no temperature
5	bacterial/TOGO_M1055_GYM_Agar_With_15_NaCl.yaml	CultureMech:007571	GYM Agar With 15% NaCl	7	no pH and no temperature
5	bacterial/TOGO_M1056_Pyvg_Medium.yaml	CultureMech:007572	Pyvg Medium	13	no pH and no temperature
5	bacterial/TOGO_M1058_YTPS_Medium.yaml	CultureMech:007574	YTPS Medium	19	no pH and no temperature
5	bacterial/TOGO_M1060_Freshwater_Medium_For_Soil_AOA.yaml	CultureMech:007577	Freshwater Medium For Soil AOA	27	no pH and no temperature
5	bacterial/TOGO_M1062_Halophile_Starch-Casein_Medium.yaml	CultureMech:007579	Halophile Starch-Casein Medium	10	no pH and no temperature
5	bacterial/TOGO_M1066_Clostridium_Swellfunianum_Medium.yaml	CultureMech:007583	Clostridium Swellfunianum Medium	11	no pH and no temperature
5	bacterial/TOGO_M1067_Aminobacterium_Shuijingfangii_Medium.yaml	CultureMech:007584	Aminobacterium Shuijingfangii Medium	10	no pH and no temperature
5	bacterial/TOGO_M1068_SW-7.5_Medium.yaml	CultureMech:007585	SW-7.5 Medium	9	no pH and no temperature
5	bacterial/TOGO_M1069_SW-7.5_Medium.yaml	CultureMech:007586	SW-7.5 Medium	3	no pH and no temperature
5	bacterial/TOGO_M106_Microtetraspora_Medium.yaml	CultureMech:007587	Microtetraspora Medium	10	no pH and no temperature
5	bacterial/TOGO_M1070_Acidithrix_Ferrooydans_Medium.yaml	CultureMech:007588	Acidithrix Ferrooydans Medium	4	no pH and no temperature
5	bacterial/TOGO_M1071_Acetivibrio_Medium.yaml	CultureMech:007589	Acetivibrio Medium	12	no pH and no temperature
5	bacterial/TOGO_M1072_NASU_Iron_Reducer_Medium.yaml	CultureMech:007590	NASU Iron Reducer Medium	17	no pH and no temperature
5	bacterial/TOGO_M1079_Freshwater_SAP2_Medium.yaml	CultureMech:007594	Freshwater SAP2 Medium	4	no pH and no temperature
5	bacterial/TOGO_M107_Modified_CM_YE_Medium_A.yaml	CultureMech:007595	Modified CM+YE Medium (A)	9	no pH and no temperature
5	bacterial/TOGO_M1080_MMJHS-2_Medium.yaml	CultureMech:007596	MMJHS-2 Medium	6	no pH and no temperature
5	bacterial/TOGO_M1081_Desulfocarbo_Indianensis_Medium.yaml	CultureMech:007597	Desulfocarbo Indianensis Medium	17	no pH and no temperature
5	bacterial/TOGO_M1082_MM4Y_Medium.yaml	CultureMech:007598	MM4Y Medium	17	no pH and no temperature
5	bacterial/TOGO_M1084_Pyvl_Medium.yaml	CultureMech:007600	Pyvl Medium	17	no pH and no temperature
5	bacterial/TOGO_M1085_Thermus_162_Medium.yaml	CultureMech:007601	Thermus 162 Medium	9	no pH and no temperature
5	bacterial/TOGO_M1086_Thermus_162_Medium.yaml	CultureMech:007602	Thermus 162 Medium	8	no pH and no temperature
5	bacterial/TOGO_M1087_PYX_Medium.yaml	CultureMech:007603	PYX Medium	8	no pH and no temperature
5	bacterial/TOGO_M1088_IRD_Marinifilum_Medium.yaml	CultureMech:007604	IRD Marinifilum Medium	12	no pH and no temperature
5	bacterial/TOGO_M1093_Rumen_Bacteria_Medium.yaml	CultureMech:007610	Rumen Bacteria Medium	20	no pH and no temperature
5	bacterial/TOGO_M1094_Dissulfurimicrobium_Hydrothermale_Medium.yaml	CultureMech:007611	Dissulfurimicrobium Hydrothermale Medium	29	no pH and no temperature
5	bacterial/TOGO_M1095_Thermogutta_Hypogea_Medium.yaml	CultureMech:007612	Thermogutta Hypogea Medium	8	no pH and no temperature
5	bacterial/TOGO_M1096_SVX8_Medium.yaml	CultureMech:007613	SVX8 Medium	10	no pH and no temperature
5	bacterial/TOGO_M1097_ST65_Medium.yaml	CultureMech:007614	ST65 Medium	11	no pH and no temperature
5	bacterial/TOGO_M1098_IRD_SM40_Medium.yaml	CultureMech:007615	IRD SM40 Medium	15	no pH and no temperature
5	bacterial/TOGO_M1099_VXG_Gellan.yaml	CultureMech:007616	VXG Gellan	4	no pH and no temperature
5	bacterial/TOGO_M10_Trypticase_Glucose_Medium.yaml	CultureMech:007618	Trypticase Glucose Medium	10	no pH and no temperature
5	bacterial/TOGO_M1100_EGGC_Liquid_Medium.yaml	CultureMech:007619	EGGC Liquid Medium	11	no pH and no temperature
5	bacterial/TOGO_M1106_Thiobacillus_Prosperus_FO1_Medium.yaml	CultureMech:007625	Thiobacillus Prosperus FO1 Medium	12	no pH and no temperature
5	bacterial/TOGO_M1107_Calroanaerobacter_Medium.yaml	CultureMech:007626	Calroanaerobacter Medium	18	no pH and no temperature
5	bacterial/TOGO_M1109_ML-15_Medium.yaml	CultureMech:007628	ML-15 Medium	6	no pH and no temperature
5	bacterial/TOGO_M1110_Fastidious_Anaerobe_Broth_Medium.yaml	CultureMech:007630	Fastidious Anaerobe Broth Medium	13	no pH and no temperature
5	bacterial/TOGO_M1112_Marinitoga_Medium.yaml	CultureMech:007632	Marinitoga Medium	7	no pH and no temperature
5	bacterial/TOGO_M1116_Halomonas_CUG_Medium.yaml	CultureMech:007636	Halomonas/CUG Medium	15	no pH and no temperature
5	bacterial/TOGO_M1117_Halomonas_CUG_Medium.yaml	CultureMech:007637	Halomonas/CUG Medium	16	no pH and no temperature
5	bacterial/TOGO_M1118_Endomicrobium_Proavitum_RSA_Medium.yaml	CultureMech:007638	Endomicrobium Proavitum RSA Medium	16	no pH and no temperature
5	bacterial/TOGO_M1119_573C_Medium.yaml	CultureMech:007639	573C Medium	7	no pH and no temperature
5	bacterial/TOGO_M1120_Deferrisoma_Paleochrorii_Medium.yaml	CultureMech:007641	Deferrisoma Paleochrorii Medium	9	no pH and no temperature
5	bacterial/TOGO_M1121_Maize_Meal-Sardine_Agar.yaml	CultureMech:007642	Maize Meal-Sardine Agar	4	no pH and no temperature
5	bacterial/TOGO_M1124_Acetomicrobium_Faecale_Medium.yaml	CultureMech:007645	Acetomicrobium Faecale Medium	18	no pH and no temperature
5	bacterial/TOGO_M1127_PYGV_Marine_Medium_B.yaml	CultureMech:007648	PYGV Marine Medium (B)	5	no pH and no temperature
5	bacterial/TOGO_M1128_NY_Agar.yaml	CultureMech:007649	NY Agar	6	no pH and no temperature
5	bacterial/TOGO_M112_Flavobacterium_Medium.yaml	CultureMech:007651	Flavobacterium Medium	5	no pH and no temperature
5	bacterial/TOGO_M1131_Desulfuromonas_Carbonis_Medium.yaml	CultureMech:007653	Desulfuromonas Carbonis Medium	14	no pH and no temperature
5	bacterial/TOGO_M1133_Geosporobacter_Medium.yaml	CultureMech:007655	Geosporobacter Medium	14	no pH and no temperature
5	bacterial/TOGO_M1134_Acidified_MPOB_Medium.yaml	CultureMech:007656	Acidified MPOB Medium	10	no pH and no temperature
5	bacterial/TOGO_M1135_M25Y_Medium.yaml	CultureMech:007657	M25Y Medium	14	no pH and no temperature
5	bacterial/TOGO_M1137_Saltwater_Iron-Oxidizing_Bacteria_Medium-II.yaml	CultureMech:007659	Saltwater Iron-Oxidizing Bacteria  Medium-II	3	no pH and no temperature
5	bacterial/TOGO_M1138_Microaerophilic_Lutibacter_Medium.yaml	CultureMech:007660	Microaerophilic Lutibacter Medium	5	no pH and no temperature
5	bacterial/TOGO_M1139_MO-XQ_Medium.yaml	CultureMech:007661	MO-XQ Medium	13	no pH and no temperature
5	bacterial/TOGO_M113_Benzoate_Medium.yaml	CultureMech:007662	Benzoate Medium	8	no pH and no temperature
5	bacterial/TOGO_M1140_MO-YS_Medium.yaml	CultureMech:007663	MO-YS Medium	13	no pH and no temperature
5	bacterial/TOGO_M1141_1_2_GY_Agar.yaml	CultureMech:007664	1/2 GY Agar	5	no pH and no temperature
5	bacterial/TOGO_M1143_Vulcanibacillus_B5_Medium.yaml	CultureMech:007666	Vulcanibacillus B5 Medium	14	no pH and no temperature
5	bacterial/TOGO_M1145_Alkaliphilus_Lact_Medium.yaml	CultureMech:007668	Alkaliphilus Lact Medium	13	no pH and no temperature
5	bacterial/TOGO_M1146_Alkaliphilus_LACV_Medium.yaml	CultureMech:007669	Alkaliphilus LACV Medium	14	no pH and no temperature
5	bacterial/TOGO_M1147_Alkaliphilus_3B_Medium.yaml	CultureMech:007670	Alkaliphilus 3B Medium	14	no pH and no temperature
5	bacterial/TOGO_M1149_Halodesulfuriarchaeum_Medium.yaml	CultureMech:007672	Halodesulfuriarchaeum Medium	7	no pH and no temperature
5	bacterial/TOGO_M114_Acidomonas_Medium.yaml	CultureMech:007673	Acidomonas Medium	6	no pH and no temperature
5	bacterial/TOGO_M1152_Desulfurella_TR1_Medium.yaml	CultureMech:007676	Desulfurella TR1 Medium	13	no pH and no temperature
5	bacterial/TOGO_M1153_Thiobacillus_Prosperus_Medium.yaml	CultureMech:007677	Thiobacillus Prosperus Medium	15	no pH and no temperature
5	bacterial/TOGO_M1154_Anaerobacter_Medium.yaml	CultureMech:007678	Anaerobacter Medium	11	no pH and no temperature
5	bacterial/TOGO_M1155_Peat_Medium_With_Sucrose.yaml	CultureMech:007679	Peat Medium With Sucrose	6	no pH and no temperature
5	bacterial/TOGO_M1156_Peat_Medium_With_Sucrose.yaml	CultureMech:007680	Peat Medium With Sucrose	7	no pH and no temperature
5	bacterial/TOGO_M1158_0.3_x_Hyphomicrobium_Medium.yaml	CultureMech:007681	0.3 x Hyphomicrobium Medium	15	no pH and no temperature
5	bacterial/TOGO_M115_Briggs_Liver_Broth_pH_5.0.yaml	CultureMech:007683	Briggs Liver Broth (pH 5.0)	10	no pH and no temperature
5	bacterial/TOGO_M1160_MMJS_Medium_2.yaml	CultureMech:007684	MMJS Medium 2	16	no pH and no temperature
5	bacterial/TOGO_M1161_5_x_R2A_Agar.yaml	CultureMech:007685	5 x R2A Agar	10	no pH and no temperature
5	bacterial/TOGO_M1163_MJ_Basal_Medium_With_Thiosulfate_2.yaml	CultureMech:007687	MJ Basal Medium With Thiosulfate/2	5	no pH and no temperature
5	bacterial/TOGO_M1165_Bicarbonate_Buffered_Medium.yaml	CultureMech:007689	Bicarbonate Buffered Medium	9	no pH and no temperature
5	bacterial/TOGO_M1166_Bicarbonate_Buffered_Medium.yaml	CultureMech:007690	Bicarbonate Buffered Medium	9	no pH and no temperature
5	bacterial/TOGO_M1167_Bicarbonate_Buffered_Medium.yaml	CultureMech:007691	Bicarbonate Buffered Medium	9	no pH and no temperature
5	bacterial/TOGO_M1168_Bicarbonate_Buffered_Medium.yaml	CultureMech:007692	Bicarbonate Buffered Medium	9	no pH and no temperature
5	bacterial/TOGO_M1169_PYGA_Medium.yaml	CultureMech:007693	PYGA Medium	8	no pH and no temperature
5	bacterial/TOGO_M116_Myxococcus_Flavescens_Medium.yaml	CultureMech:007694	Myxococcus Flavescens Medium	10	no pH and no temperature
5	bacterial/TOGO_M1170_Seawater_Pyruvate_Thiosulfate_Medium.yaml	CultureMech:007695	Seawater Pyruvate Thiosulfate Medium	20	no pH and no temperature
5	bacterial/TOGO_M1171_BSM-RC_Medium.yaml	CultureMech:007696	BSM-RC Medium	21	no pH and no temperature
5	bacterial/TOGO_M1172_Heart_Infusion_Agar_With_5_Horse_Blood.yaml	CultureMech:007697	Heart Infusion Agar With 5% Horse Blood	4	no pH and no temperature
5	bacterial/TOGO_M1173_CTM_Medium.yaml	CultureMech:007698	CTM Medium	53	no pH and no temperature
5	bacterial/TOGO_M1174_Halolactibacillus_9G_Medium.yaml	CultureMech:007699	Halolactibacillus 9G Medium	11	no pH and no temperature
5	bacterial/TOGO_M1176_Anaerobic_Natural_Seawater_Medium.yaml	CultureMech:007701	Anaerobic Natural Seawater Medium	7	no pH and no temperature
5	bacterial/TOGO_M1178_Anaerobic_Natural_Seawater_Medium.yaml	CultureMech:007703	Anaerobic Natural Seawater Medium	6	no pH and no temperature
5	bacterial/TOGO_M1179_Anaerolinea_Medium_C.yaml	CultureMech:007704	Anaerolinea Medium C	21	no pH and no temperature
5	bacterial/TOGO_M1180_Hypnocyclicus_Medium.yaml	CultureMech:007706	Hypnocyclicus Medium	11	no pH and no temperature
5	bacterial/TOGO_M1181_Virgibacillus_Merv_Medium.yaml	CultureMech:007707	Virgibacillus Merv Medium	6	no pH and no temperature
5	bacterial/TOGO_M1182_Virgibacillus_Merv_Medium.yaml	CultureMech:007708	Virgibacillus Merv Medium	7	no pH and no temperature
5	bacterial/TOGO_M1185_Tepidibacillus_B5_Medium.yaml	CultureMech:007711	Tepidibacillus B5 Medium	11	no pH and no temperature
5	bacterial/TOGO_M1189_Mineral_Medium_With_Glucose.yaml	CultureMech:007714	Mineral Medium With Glucose	8	no pH and no temperature
5	bacterial/TOGO_M1191_Modified_SW-25_Medium.yaml	CultureMech:007717	Modified SW-25 Medium	10	no pH and no temperature
5	bacterial/TOGO_M1193_Varunavibrio_Medium.yaml	CultureMech:007719	Varunavibrio Medium	13	no pH and no temperature
5	bacterial/TOGO_M1196_Sulfurimonas_JS_Medium.yaml	CultureMech:007722	Sulfurimonas JS Medium	28	no pH and no temperature
5	bacterial/TOGO_M1198_Ethane-C_Medium.yaml	CultureMech:007723	Ethane-C Medium	4	no pH and no temperature
5	bacterial/TOGO_M1199_AZC_1502_Medium.yaml	CultureMech:007724	AZC 1502 Medium	14	no pH and no temperature
5	bacterial/TOGO_M11_Lactic_Acid_Bacteria_Broth.yaml	CultureMech:007726	Lactic Acid Bacteria Broth	11	no pH and no temperature
5	bacterial/TOGO_M1200_Artficial_Brackish_Water_Medium.yaml	CultureMech:007727	Artficial Brackish Water Medium	10	no pH and no temperature
5	bacterial/TOGO_M1202_Artficial_Freshwater_Medium_I.yaml	CultureMech:007729	Artficial Freshwater Medium I	10	no pH and no temperature
5	bacterial/TOGO_M1203_Artficial_Freshwater_Medium_II.yaml	CultureMech:007730	Artficial Freshwater Medium II	9	no pH and no temperature
5	bacterial/TOGO_M1204_Artficial_Freshwater_Medium_II.yaml	CultureMech:007731	Artficial Freshwater Medium II	9	no pH and no temperature
5	bacterial/TOGO_M1205_Sulfate-Free_Metako_Medium.yaml	CultureMech:007732	Sulfate-Free Metako Medium	29	no pH and no temperature
5	bacterial/TOGO_M1206_Sulfate-Free_Metako_Medium.yaml	CultureMech:007733	Sulfate-Free Metako Medium	19	no pH and no temperature
5	bacterial/TOGO_M1208_GAB_Medium_For_Strain_EGB.yaml	CultureMech:007735	GAB Medium For Strain EGB	9	no pH and no temperature
5	bacterial/TOGO_M1209_HESP1_Medium.yaml	CultureMech:007736	HESP1 Medium	13	no pH and no temperature
5	bacterial/TOGO_M120_Hydrogenobacter_Halophilus_Medium.yaml	CultureMech:007737	Hydrogenobacter Halophilus Medium	15	no pH and no temperature
5	bacterial/TOGO_M1210_YCFA_Medium.yaml	CultureMech:007738	YCFA Medium	32	no pH and no temperature
5	bacterial/TOGO_M1211_Salinispira_L21_Medium.yaml	CultureMech:007739	Salinispira L21 Medium	13	no pH and no temperature
5	bacterial/TOGO_M1213_PYG_Medium_I.yaml	CultureMech:007741	PYG Medium (I)	9	no pH and no temperature
5	bacterial/TOGO_M1214_Aspergillus_Complete_Medium.yaml	CultureMech:007742	Aspergillus Complete Medium	5	no pH and no temperature
5	bacterial/TOGO_M1216_IRD_F1F22_Medium.yaml	CultureMech:007744	IRD F1F22 Medium	13	no pH and no temperature
5	bacterial/TOGO_M1217_Roseibaca_Calidilacus_Medium.yaml	CultureMech:007745	Roseibaca Calidilacus Medium	18	no pH and no temperature
5	bacterial/TOGO_M1220_Natronospira_Proteinivora_Medium.yaml	CultureMech:007748	Natronospira Proteinivora Medium	10	no pH and no temperature
5	bacterial/TOGO_M1223_Sea_Salts_Yeast_Extract_Peptone_Medium.yaml	CultureMech:007751	Sea Salts Yeast Extract Peptone Medium	7	no pH and no temperature
5	bacterial/TOGO_M1224_Tepidibacillus_Decaturensis_Medium.yaml	CultureMech:007752	Tepidibacillus Decaturensis Medium	17	no pH and no temperature
5	bacterial/TOGO_M1225_Orenia_Metallireducens_Medium.yaml	CultureMech:007753	Orenia Metallireducens Medium	18	no pH and no temperature
5	bacterial/TOGO_M1226_Abyssisolibacter_Medium.yaml	CultureMech:007754	Abyssisolibacter Medium	15	no pH and no temperature
5	bacterial/TOGO_M1227_Modified_Roseospira_Medium.yaml	CultureMech:007755	Modified Roseospira Medium	12	no pH and no temperature
5	bacterial/TOGO_M1229_Methanobacterum_Medium_IX.yaml	CultureMech:007757	Methanobacterum Medium (IX)	16	no pH and no temperature
5	bacterial/TOGO_M122_Alkaline_Xylan_Medium.yaml	CultureMech:007758	Alkaline Xylan Medium	11	no pH and no temperature
5	bacterial/TOGO_M1233_Desulfobacterium_Naphthalenivolans_Medium.yaml	CultureMech:007762	Desulfobacterium Naphthalenivolans Medium	13	no pH and no temperature
5	bacterial/TOGO_M1235_R2A_Agar_With_2_NaCl.yaml	CultureMech:007764	R2A Agar With 2% NaCl	3	no pH and no temperature
5	bacterial/TOGO_M1236_K_Medium.yaml	CultureMech:007765	K Medium	8	no pH and no temperature
5	bacterial/TOGO_M1237_Desulfoobulbus_Oligotrophicus_Medium.yaml	CultureMech:007766	Desulfoobulbus Oligotrophicus Medium	13	no pH and no temperature
5	bacterial/TOGO_M1239_Desulfonatronum_PAR180_Medium.yaml	CultureMech:007768	Desulfonatronum PAR180 Medium	17	no pH and no temperature
5	bacterial/TOGO_M123_Rhodopseudomonas_Medium.yaml	CultureMech:007769	Rhodopseudomonas Medium	10	no pH and no temperature
5	bacterial/TOGO_M1240_Ghiorsea_Bivora_Medium.yaml	CultureMech:007770	Ghiorsea Bivora Medium	18	no pH and no temperature
5	bacterial/TOGO_M1241_Mollicutes_H-RF3_Medium.yaml	CultureMech:007771	Mollicutes H-RF3 Medium	10	no pH and no temperature
5	bacterial/TOGO_M1242_Mollicutes_MZ-XQ_Medium.yaml	CultureMech:007772	Mollicutes MZ-XQ Medium	11	no pH and no temperature
5	bacterial/TOGO_M1243_Cyclonatrum_Proteilyticum_Medium.yaml	CultureMech:007773	Cyclonatrum Proteilyticum Medium	5	no pH and no temperature
5	bacterial/TOGO_M1244_NAS-02_Medium.yaml	CultureMech:007774	NAS-02 Medium	6	no pH and no temperature
5	bacterial/TOGO_M1245_Modified_Baar_s_Medium.yaml	CultureMech:007775	Modified Baar's Medium	9	no pH and no temperature
5	bacterial/TOGO_M1248_Desulfovibrio_Dechloracetivorans_Medium.yaml	CultureMech:007778	Desulfovibrio Dechloracetivorans Medium	13	no pH and no temperature
5	bacterial/TOGO_M1249_MMFC1_Medium.yaml	CultureMech:007779	MMFC1 Medium	20	no pH and no temperature
5	bacterial/TOGO_M124_Medium_10.yaml	CultureMech:007780	Medium 10	20	no pH and no temperature
5	bacterial/TOGO_M1251_Clostridum_G4_Medium.yaml	CultureMech:007782	Clostridum G4 Medium	10	no pH and no temperature
5	bacterial/TOGO_M1252_A7_Medium.yaml	CultureMech:007783	A7 Medium	12	no pH and no temperature
5	bacterial/TOGO_M1253_M39_Methylomonas_Medium.yaml	CultureMech:007784	M39 Methylomonas Medium	22	no pH and no temperature
5	bacterial/TOGO_M1254_M39_Methylomonas_Medium.yaml	CultureMech:007785	M39 Methylomonas Medium	8	no pH and no temperature
5	bacterial/TOGO_M1256_Methylotenera_Medium.yaml	CultureMech:007787	Methylotenera Medium	13	no pH and no temperature
5	bacterial/TOGO_M1257_Methylotenera_Medium.yaml	CultureMech:007788	Methylotenera Medium	14	no pH and no temperature
5	bacterial/TOGO_M1259_Caenicola_Mobile_Medium.yaml	CultureMech:007790	Caenicola Mobile Medium	18	no pH and no temperature
5	bacterial/TOGO_M125_Rumen_Fluid-Glucose-Cellobiose_Agar.yaml	CultureMech:007791	Rumen Fluid-Glucose-Cellobiose Agar	15	no pH and no temperature
5	bacterial/TOGO_M1261_Sedimentisphaera_L21_Medium.yaml	CultureMech:007793	Sedimentisphaera L21 Medium	11	no pH and no temperature
5	bacterial/TOGO_M1262_BTT_Medium.yaml	CultureMech:007794	BTT Medium	6	no pH and no temperature
5	bacterial/TOGO_M1263_M_Medium.yaml	CultureMech:007795	M Medium	6	no pH and no temperature
5	bacterial/TOGO_M1264_Cellulolytic_Natronoarchaea_Medium.yaml	CultureMech:007796	Cellulolytic Natronoarchaea Medium	6	no pH and no temperature
5	bacterial/TOGO_M1268_Chloroflexus_Medium.yaml	CultureMech:007800	Chloroflexus Medium	18	no pH and no temperature
5	bacterial/TOGO_M1269_Atalassotoga_AZC2201_Medium.yaml	CultureMech:007801	Atalassotoga AZC2201 Medium	12	no pH and no temperature
5	bacterial/TOGO_M126_Rumen_Fluid-Xylan-Agar.yaml	CultureMech:007802	Rumen Fluid-Xylan-Agar	14	no pH and no temperature
5	bacterial/TOGO_M1270_LB_Luria-Bertani_Agar_With_5_NaCl_pH_9.0.yaml	CultureMech:007803	LB (Luria-Bertani) Agar With 5% NaCl (pH 9.0)	5	no pH and no temperature
5	bacterial/TOGO_M1275_Vallitalea_70B-A_Medium.yaml	CultureMech:007808	Vallitalea 70B-A Medium	10	no pH and no temperature
5	bacterial/TOGO_M1276_Alkaline_Trypticase_Soy_Broth_Agar.yaml	CultureMech:007809	Alkaline Trypticase Soy Broth Agar	8	no pH and no temperature
5	bacterial/TOGO_M1277_Geothermobacter_Medium.yaml	CultureMech:007810	Geothermobacter Medium	8	no pH and no temperature
5	bacterial/TOGO_M1278_Desulfobotulus_Par22n_Medium.yaml	CultureMech:007811	Desulfobotulus Par22n Medium	10	no pH and no temperature
5	bacterial/TOGO_M127_Maleate_Liquid_Medium.yaml	CultureMech:007813	Maleate Liquid Medium	29	no pH and no temperature
5	bacterial/TOGO_M1281_Acidihalobacter_Medium.yaml	CultureMech:007815	Acidihalobacter Medium	9	no pH and no temperature
5	bacterial/TOGO_M1282_Acidihalobacter_Prosperus_F5_Medium.yaml	CultureMech:007816	Acidihalobacter Prosperus F5 Medium	8	no pH and no temperature
5	bacterial/TOGO_M1283_Saltwater_Medium_For_Oceanic_AOA.yaml	CultureMech:007817	Saltwater Medium For Oceanic AOA	6	no pH and no temperature
5	bacterial/TOGO_M1284_Mineral_Medium_Brunner_Supplemented_With_Toluene.yaml	CultureMech:007818	Mineral Medium (Brunner) Supplemented With Toluene	7	no pH and no temperature
5	bacterial/TOGO_M1285_ELBE_Methanotroph_Medium.yaml	CultureMech:007819	ELBE Methanotroph Medium	7	no pH and no temperature
5	bacterial/TOGO_M1286_ELBE_Methanotroph_Medium.yaml	CultureMech:007820	ELBE Methanotroph Medium	8	no pH and no temperature
5	bacterial/TOGO_M1287_Treponema_Bryantii_Medium.yaml	CultureMech:007821	Treponema Bryantii Medium	15	no pH and no temperature
5	bacterial/TOGO_M1288_Weak_Oatmeal_Agar.yaml	CultureMech:007822	Weak Oatmeal Agar	3	no pH and no temperature
5	bacterial/TOGO_M1289_Treponema_Saccharophilum_Medium.yaml	CultureMech:007823	Treponema Saccharophilum Medium	19	no pH and no temperature
5	bacterial/TOGO_M1290_Sporomusa_Acidovorans_Medium.yaml	CultureMech:007825	Sporomusa Acidovorans Medium	13	no pH and no temperature
5	bacterial/TOGO_M1295_Marine_Tryptone_Yeast_Extract_Medium.yaml	CultureMech:007828	Marine Tryptone Yeast Extract Medium	11	no pH and no temperature
5	bacterial/TOGO_M1296_Halanaerobium_Hydrogeniformans_Medium.yaml	CultureMech:007829	Halanaerobium Hydrogeniformans Medium	12	no pH and no temperature
5	bacterial/TOGO_M1297_Marinitoga_Hydrogenitolerans_Medium.yaml	CultureMech:007830	Marinitoga Hydrogenitolerans Medium	7	no pH and no temperature
5	bacterial/TOGO_M1299_Modified_Makkar_s_Medium_C.yaml	CultureMech:007832	Modified Makkar's Medium C	14	no pH and no temperature
5	bacterial/TOGO_M12_Bifidobacterium_Medium.yaml	CultureMech:007834	Bifidobacterium Medium	9	no pH and no temperature
5	bacterial/TOGO_M1300_PYG_Medium_J_Modified.yaml	CultureMech:007835	PYG Medium (J), Modified	13	no pH and no temperature
5	bacterial/TOGO_M1302_Modified_Haloalkaliphile_Medium.yaml	CultureMech:007837	Modified Haloalkaliphile Medium	10	no pH and no temperature
5	bacterial/TOGO_M1303_Modified_Haloalkaliphile_Medium.yaml	CultureMech:007838	Modified Haloalkaliphile Medium	11	no pH and no temperature
5	bacterial/TOGO_M1305_Modified_Reinforced_Clostridial_Medium.yaml	CultureMech:007840	Modified Reinforced Clostridial Medium	10	no pH and no temperature
5	bacterial/TOGO_M1306_Modified_Reinforced_Clostridial_Medium.yaml	CultureMech:007841	Modified Reinforced Clostridial Medium	11	no pH and no temperature
5	bacterial/TOGO_M1308_Methylotroph_Medium.yaml	CultureMech:007843	Methylotroph Medium	9	no pH and no temperature
5	bacterial/TOGO_M1309_Methylotroph_Medium.yaml	CultureMech:007844	Methylotroph Medium	10	no pH and no temperature
5	bacterial/TOGO_M130_PYG_Agar_A.yaml	CultureMech:007845	PYG Agar (A)	5	no pH and no temperature
5	bacterial/TOGO_M1311_Moderate_Halophile_Medium_2.yaml	CultureMech:007847	Moderate Halophile Medium 2	13	no pH and no temperature
5	bacterial/TOGO_M1312_Modified_Nitrate_Mineral_Salts_Medium-2.yaml	CultureMech:007848	Modified Nitrate  Mineral Salts Medium-2	12	no pH and no temperature
5	bacterial/TOGO_M1314_Aerobic_Marine_Tryptone_Yeast_Extract_Medium.yaml	CultureMech:007850	Aerobic Marine Tryptone Yeast Extract Medium	10	no pH and no temperature
5	bacterial/TOGO_M1315_Widdel_Freshwater_Medium_With_Lactate.yaml	CultureMech:007851	Widdel Freshwater Medium With Lactate	10	no pH and no temperature
5	bacterial/TOGO_M1316_Widdel_Freshwater_Medium_With_Glycerin.yaml	CultureMech:007852	Widdel Freshwater Medium With Glycerin	10	no pH and no temperature
5	bacterial/TOGO_M1317_Widdel_Freshwater_Medium_With_Pyruvate.yaml	CultureMech:007853	Widdel Freshwater Medium With Pyruvate	10	no pH and no temperature
5	bacterial/TOGO_M1321_Thermodesulfobacterium_Auxiliatotris_Medium.yaml	CultureMech:007858	Thermodesulfobacterium Auxiliatotris Medium	11	no pH and no temperature
5	bacterial/TOGO_M1322_NSY_Medium_For_Polynucleobacter.yaml	CultureMech:007859	NSY Medium For Polynucleobacter	10	no pH and no temperature
5	bacterial/TOGO_M1323_HLH_Medium.yaml	CultureMech:007860	HLH Medium	17	no pH and no temperature
5	bacterial/TOGO_M1327_GAM_Agar_With_1_Succinate.yaml	CultureMech:007862	GAM Agar With 1% Succinate	4	no pH and no temperature
5	bacterial/TOGO_M1328_R2A_Agar_With_Fumarate.yaml	CultureMech:007863	R2A Agar With Fumarate	4	no pH and no temperature
5	bacterial/TOGO_M1329_LB_Luria-Bertani_Medium_Lennox.yaml	CultureMech:007864	LB (Luria-Bertani) Medium (Lennox)	4	no pH and no temperature
5	bacterial/TOGO_M132_BHIY_Agar.yaml	CultureMech:007865	BHIY Agar	9	no pH and no temperature
5	bacterial/TOGO_M1330_LB_Luria-Bertani_Medium_Lennox.yaml	CultureMech:007866	LB (Luria-Bertani) Medium (Lennox)	5	no pH and no temperature
5	bacterial/TOGO_M1332_Tanner_MOD2_Medium.yaml	CultureMech:007868	Tanner MOD2 Medium	23	no pH and no temperature
5	bacterial/TOGO_M1334_LB_Luria-Bertani_Agar_With_5_NaCl.yaml	CultureMech:007870	LB (Luria-Bertani) Agar With 5% NaCl	5	no pH and no temperature
5	bacterial/TOGO_M1336_Anaerobaculum_Medium.yaml	CultureMech:007872	Anaerobaculum Medium	7	no pH and no temperature
5	bacterial/TOGO_M1337_Vulcano_Low_Salt_Medium.yaml	CultureMech:007873	Vulcano Low Salt Medium	20	no pH and no temperature
5	bacterial/TOGO_M1339_Trichococcus_SKBG_Medium.yaml	CultureMech:007875	Trichococcus SKBG Medium	9	no pH and no temperature
5	bacterial/TOGO_M1340_Bicarbonate-Buffered_Medium_With_Acethylene.yaml	CultureMech:007876	Bicarbonate-Buffered Medium With Acethylene	9	no pH and no temperature
5	bacterial/TOGO_M1341_R2A_Medium_With_25_Salt.yaml	CultureMech:007877	R2A Medium With 25% Salt	15	no pH and no temperature
5	bacterial/TOGO_M1342_Mineral_Salts_Medium_With_TCE.yaml	CultureMech:007878	Mineral Salts Medium With TCE	13	no pH and no temperature
5	bacterial/TOGO_M1343_TYG-Acetate_Medium.yaml	CultureMech:007879	TYG-Acetate Medium	13	no pH and no temperature
5	bacterial/TOGO_M1344_Methylococcaceae_IN20_Medium.yaml	CultureMech:007880	Methylococcaceae IN20 Medium	23	no pH and no temperature
5	bacterial/TOGO_M1348_Salicibibacter_Medium.yaml	CultureMech:007884	Salicibibacter Medium	11	no pH and no temperature
5	bacterial/TOGO_M134_Leuconostoc_Oenos_Medium.yaml	CultureMech:007886	Leuconostoc Oenos Medium	11	no pH and no temperature
5	bacterial/TOGO_M1351_Hydrogenobacter_Florentissimum_Medium.yaml	CultureMech:007888	Hydrogenobacter Florentissimum Medium	14	no pH and no temperature
5	bacterial/TOGO_M1352_Desulfocella_Medium.yaml	CultureMech:007889	Desulfocella Medium	14	no pH and no temperature
5	bacterial/TOGO_M1353_Desulfobacterium_Catecholicum_Medium.yaml	CultureMech:007890	Desulfobacterium Catecholicum Medium	13	no pH and no temperature
5	bacterial/TOGO_M1354_Desulfobacterium_Oleovorans_Medium.yaml	CultureMech:007891	Desulfobacterium Oleovorans Medium	12	no pH and no temperature
5	bacterial/TOGO_M1355_Trypticase_Soy_Broth_Agar_With_3_NaCl.yaml	CultureMech:007892	Trypticase Soy Broth Agar With 3% NaCl	9	no pH and no temperature
5	bacterial/TOGO_M1356_LSR1_Medium.yaml	CultureMech:007893	LSR1 Medium	10	no pH and no temperature
5	bacterial/TOGO_M1357_TSBY_Medium.yaml	CultureMech:007894	TSBY Medium	14	no pH and no temperature
5	bacterial/TOGO_M135_Modified_NOS_Medium.yaml	CultureMech:007897	Modified NOS Medium	21	no pH and no temperature
5	bacterial/TOGO_M1361_GBS_Salts_Medium_For_Thermanaeromonas_Inyoensis.yaml	CultureMech:007899	GBS Salts Medium For Thermanaeromonas Inyoensis	9	no pH and no temperature
5	bacterial/TOGO_M1362_GBS_Salts_Medium_For_Rhodothermus.yaml	CultureMech:007900	GBS Salts Medium For Rhodothermus	8	no pH and no temperature
5	bacterial/TOGO_M1364_Caproiciproducens_Medium.yaml	CultureMech:007902	Caproiciproducens Medium	11	no pH and no temperature
5	bacterial/TOGO_M1367_PHB_Agar.yaml	CultureMech:007905	PHB Agar	9	no pH and no temperature
5	bacterial/TOGO_M1368_Atribacterium_Medium.yaml	CultureMech:007906	Atribacterium Medium	10	no pH and no temperature
5	bacterial/TOGO_M1369_0.01_LB_Seawater_Medium.yaml	CultureMech:007907	0.01% LB Seawater Medium	13	no pH and no temperature
5	bacterial/TOGO_M136_Medium_For_Treponema_Pectinovorum.yaml	CultureMech:007908	Medium For Treponema Pectinovorum	13	no pH and no temperature
5	bacterial/TOGO_M1370_BM7CO_Medium.yaml	CultureMech:007909	BM7CO Medium	12	no pH and no temperature
5	bacterial/TOGO_M1373_Vulcano_High_Salt_Medium.yaml	CultureMech:007912	Vulcano High Salt Medium	17	no pH and no temperature
5	bacterial/TOGO_M1374_MIZ13_Medium.yaml	CultureMech:007913	MIZ13 Medium	6	no pH and no temperature
5	bacterial/TOGO_M1375_MIZ14_Medium.yaml	CultureMech:007914	MIZ14 Medium	5	no pH and no temperature
5	bacterial/TOGO_M1376_R2A_Agar_With_3_NaCl.yaml	CultureMech:007915	R2A Agar With 3% NaCl	3	no pH and no temperature
5	bacterial/TOGO_M1377_Glucose_bicarbonate-Buffered_Medium.yaml	CultureMech:007916	Glucose+bicarbonate-Buffered Medium	10	no pH and no temperature
5	bacterial/TOGO_M1378_HNN_Medium.yaml	CultureMech:007917	HNN Medium	16	no pH and no temperature
5	bacterial/TOGO_M1379_SIUC-3_Medium.yaml	CultureMech:007918	SIUC-3 Medium	13	no pH and no temperature
5	bacterial/TOGO_M1385_Natroniella_Medium_For_ANB-PHB2.yaml	CultureMech:007919	Natroniella Medium For ANB-PHB2	6	no pH and no temperature
5	bacterial/TOGO_M1386_NRmbB1_Medium.yaml	CultureMech:007920	NRmbB1 Medium	10	no pH and no temperature
5	bacterial/TOGO_M1387_GS2_Medium_With_Cellobiose.yaml	CultureMech:007921	GS2 Medium With Cellobiose	13	no pH and no temperature
5	bacterial/TOGO_M1388_MQ116_Medium.yaml	CultureMech:007922	MQ116 Medium	13	no pH and no temperature
5	bacterial/TOGO_M1389_MMJF_Medium.yaml	CultureMech:007923	MMJF Medium	16	no pH and no temperature
5	bacterial/TOGO_M1390_MMJ_KT2_Medium.yaml	CultureMech:007925	MMJ/KT2 Medium	17	no pH and no temperature
5	bacterial/TOGO_M1391_Alkaline_Clostridial_Nutrient_Medium.yaml	CultureMech:007926	Alkaline Clostridial Nutrient Medium	12	no pH and no temperature
5	bacterial/TOGO_M1392_Alkaline_Clostridial_Nutrient_Medium.yaml	CultureMech:007927	Alkaline Clostridial Nutrient Medium	13	no pH and no temperature
5	bacterial/TOGO_M1393_Hylemonella_gracilis_medium.yaml	CultureMech:007928	Hylemonella gracilis medium	6	no pH and no temperature
5	bacterial/TOGO_M1394_MMJ_THI_Medium.yaml	CultureMech:007929	MMJ/THI Medium	13	no pH and no temperature
5	bacterial/TOGO_M1395_ABSS2.yaml	CultureMech:007930	ABSS2	15	no pH and no temperature
5	bacterial/TOGO_M1396_Paenibacillus_DC-8A_Medium.yaml	CultureMech:007931	Paenibacillus DC-8A Medium	11	no pH and no temperature
5	bacterial/TOGO_M1397_Tepidanaerobacter_GT38_Medium.yaml	CultureMech:007932	Tepidanaerobacter GT38 Medium	13	no pH and no temperature
5	bacterial/TOGO_M1398_Spirochaetea_NS_Medium.yaml	CultureMech:007933	Spirochaetea NS Medium	9	no pH and no temperature
5	bacterial/TOGO_M1399_Sea_Salts_YTG_Medium.yaml	CultureMech:007934	Sea Salts YTG Medium	8	no pH and no temperature
5	bacterial/TOGO_M139_Oatmeal_Agar.yaml	CultureMech:007935	Oatmeal Agar	3	no pH and no temperature
5	bacterial/TOGO_M1400_Ureaplasma_Medium.yaml	CultureMech:007937	Ureaplasma Medium	8	no pH and no temperature
5	bacterial/TOGO_M1401_Freshwater_Medium_With_Rhamnose.yaml	CultureMech:007938	Freshwater Medium With Rhamnose	21	no pH and no temperature
5	bacterial/TOGO_M1404_PPLL_Medium.yaml	CultureMech:007940	PPLL Medium	13	no pH and no temperature
5	bacterial/TOGO_M1405_Mineral_Medium_For_Hydrogenophilus_SS56.yaml	CultureMech:007941	Mineral Medium For Hydrogenophilus SS56	8	no pH and no temperature
5	bacterial/TOGO_M140_Tetramethyl_Ammonium_Medium.yaml	CultureMech:007946	Tetramethyl Ammonium Medium	21	no pH and no temperature
5	bacterial/TOGO_M1413_Oatmeal_Agar.yaml	CultureMech:007950	Oatmeal Agar	3	no pH and no temperature
5	bacterial/TOGO_M1431_YM_Agar.yaml	CultureMech:007970	YM Agar	6	no pH and no temperature
5	bacterial/TOGO_M1434_YPD_Medium.yaml	CultureMech:007973	YPD Medium	5	no pH and no temperature
5	bacterial/TOGO_M143_Germination_Medium_For_Sordaria_Fimicola.yaml	CultureMech:007979	Germination Medium For Sordaria Fimicola	6	no pH and no temperature
5	bacterial/TOGO_M144_Leeming_And_Notman_Agar.yaml	CultureMech:007990	Leeming And Notman Agar	10	no pH and no temperature
5	bacterial/TOGO_M1456_Bennett_s_Agar.yaml	CultureMech:007997	Bennett's Agar	6	no pH and no temperature
5	bacterial/TOGO_M1458_Trypticase_Soy_Agar.yaml	CultureMech:007999	Trypticase Soy Agar	8	no pH and no temperature
5	bacterial/TOGO_M146_Dubos_Salts_Medium.yaml	CultureMech:008012	Dubos Salts Medium	7	no pH and no temperature
5	bacterial/TOGO_M147_Trypticase_Soy_Blood_Agar.yaml	CultureMech:008023	Trypticase Soy Blood Agar	8	no pH and no temperature
5	bacterial/TOGO_M1496_Tryptone_Yeast_Extract_Agar_TYG.yaml	CultureMech:008041	Tryptone Yeast Extract Agar (TYG)	5	no pH and no temperature
5	bacterial/TOGO_M14_Lactobacillus_Medium_III.yaml	CultureMech:008045	Lactobacillus Medium III	15	no pH and no temperature
5	bacterial/TOGO_M1514_Gauze_s_Synthetic_Medium_No.1.yaml	CultureMech:008059	Gauze's Synthetic Medium No.1	8	no pH and no temperature
5	bacterial/TOGO_M1523_MRS_Medium.yaml	CultureMech:008069	MRS Medium	12	no pH and no temperature
5	bacterial/TOGO_M153_R-CW_Agar.yaml	CultureMech:008087	R-CW Agar	10	no pH and no temperature
5	bacterial/TOGO_M1549_Sucrose-Bennett_s_Agar.yaml	CultureMech:008097	Sucrose-Bennett's Agar	6	no pH and no temperature
5	bacterial/TOGO_M154_PPLO-Glucose_Broth.yaml	CultureMech:008098	PPLO-Glucose Broth	5	no pH and no temperature
5	bacterial/TOGO_M1553_Methylobacterium_Medium.yaml	CultureMech:008102	Methylobacterium Medium	4	no pH and no temperature
5	bacterial/TOGO_M155_Hydrogenobacter_Acidophilus_Medium.yaml	CultureMech:008108	Hydrogenobacter Acidophilus Medium	10	no pH and no temperature
5	bacterial/TOGO_M1567_MYCA_Medium.yaml	CultureMech:008115	MYCA Medium	5	no pH and no temperature
5	bacterial/TOGO_M1568_PYS_Medium.yaml	CultureMech:008116	PYS Medium	16	no pH and no temperature
5	bacterial/TOGO_M1569_MMYS-II_Medium.yaml	CultureMech:008117	MMYS-II Medium	18	no pH and no temperature
5	bacterial/TOGO_M1571_PPES-II_Agar_Medium.yaml	CultureMech:008120	PPES-II Agar Medium	12	no pH and no temperature
5	bacterial/TOGO_M1572_Ekho_Lake_Strains_Medium.yaml	CultureMech:008121	Ekho Lake Strains Medium	36	no pH and no temperature
5	bacterial/TOGO_M1573_Oceanithermus_medium.yaml	CultureMech:008122	Oceanithermus medium	31	no pH and no temperature
5	bacterial/TOGO_M1574_CY_Agar.yaml	CultureMech:008123	CY Agar	5	no pH and no temperature
5	bacterial/TOGO_M1578_Bifidobacterium_Medium.yaml	CultureMech:008127	Bifidobacterium Medium	9	no pH and no temperature
5	bacterial/TOGO_M1579_PE_Medium.yaml	CultureMech:008128	PE Medium	34	no pH and no temperature
5	bacterial/TOGO_M1580_NPB_Medium.yaml	CultureMech:008130	NPB Medium	7	no pH and no temperature
5	bacterial/TOGO_M1589_VY_2_Agar.yaml	CultureMech:008139	VY/2 Agar	6	no pH and no temperature
5	bacterial/TOGO_M1592_Modified_CM_YE_medium_B.yaml	CultureMech:008143	Modified CM + YE medium (B)	9	no pH and no temperature
5	bacterial/TOGO_M1595_Oceanithermus_profundus_Medium.yaml	CultureMech:008146	Oceanithermus profundus Medium	35	no pH and no temperature
5	bacterial/TOGO_M15_Nutrient_Agar_NO._2.yaml	CultureMech:008152	Nutrient Agar NO. 2	5	no pH and no temperature
5	bacterial/TOGO_M1607_Thioglycolate_Medium.yaml	CultureMech:008160	Thioglycolate Medium*	8	no pH and no temperature
5	bacterial/TOGO_M1614_Trypticase_Soy_Yeast_Extract_Medium.yaml	CultureMech:008168	Trypticase Soy Yeast Extract Medium	9	no pH and no temperature
5	bacterial/TOGO_M1618_GYP-Sodium_Acetate-Mineral_Salts_Broth.yaml	CultureMech:008172	GYP-Sodium Acetate-Mineral Salts Broth	9	no pH and no temperature
5	bacterial/TOGO_M1620_Leuconostoc_oenos_Medium.yaml	CultureMech:008175	Leuconostoc oenos Medium	11	no pH and no temperature
5	bacterial/TOGO_M1621_R_Agar.yaml	CultureMech:008176	R Agar	10	no pH and no temperature
5	bacterial/TOGO_M1622_Microlunatus_Medium.yaml	CultureMech:008177	Microlunatus Medium	8	no pH and no temperature
5	bacterial/TOGO_M162_Artificial_Deep_Lake_Vitamin_Medium.yaml	CultureMech:008185	Artificial Deep Lake Vitamin Medium	11	no pH and no temperature
5	bacterial/TOGO_M1636_SP_Medium.yaml	CultureMech:008191	SP Medium	9	no pH and no temperature
5	bacterial/TOGO_M163_Artificial_Deep_Lake_Vitamin_Medium.yaml	CultureMech:008195	Artificial Deep Lake Vitamin Medium	9	no pH and no temperature
5	bacterial/TOGO_M1646_R2A_Medium.yaml	CultureMech:008202	R2A Medium	10	no pH and no temperature
5	bacterial/TOGO_M1663_Thermus_Medium.yaml	CultureMech:008221	Thermus Medium	5	no pH and no temperature
5	bacterial/TOGO_M1664_Thermus_Medium.yaml	CultureMech:008222	Thermus Medium	7	no pH and no temperature
5	bacterial/TOGO_M1676_GYP_medium_pH_6.yaml	CultureMech:008234	GYP medium (pH 6)	6	no pH and no temperature
5	bacterial/TOGO_M1677_Deferribacter_Medium.yaml	CultureMech:008235	Deferribacter Medium	35	no pH and no temperature
5	bacterial/TOGO_M1681_Allantoin_Mineral_Medium.yaml	CultureMech:008240	Allantoin Mineral Medium	9	no pH and no temperature
5	bacterial/TOGO_M1692_GYP_medium.yaml	CultureMech:008252	GYP medium	10	no pH and no temperature
5	bacterial/TOGO_M1693_GYP_medium.yaml	CultureMech:008253	GYP medium	6	no pH and no temperature
5	bacterial/TOGO_M1695_Sulfur-oxidizing_bacteria_Medium.yaml	CultureMech:008255	Sulfur-oxidizing bacteria Medium	36	no pH and no temperature
5	bacterial/TOGO_M16_1_10_Nutrient_Agar_NO._2.yaml	CultureMech:008261	1/10 Nutrient Agar NO. 2	5	no pH and no temperature
5	bacterial/TOGO_M1703_Microlunatus_Medium.yaml	CultureMech:008265	Microlunatus Medium	9	no pH and no temperature
5	bacterial/TOGO_M1704_GS_medium.yaml	CultureMech:008266	GS medium	42	no pH and no temperature
5	bacterial/TOGO_M1707_Casamino_acids-peptone-Czapek_s_agar.yaml	CultureMech:008269	Casamino acids-peptone-Czapek's agar	9	no pH and no temperature
5	bacterial/TOGO_M170_2.5_NaCl-BPG_Agar.yaml	CultureMech:008272	2.5% NaCl-BPG Agar	8	no pH and no temperature
5	bacterial/TOGO_M1714_Oceanithermus_profundus_medium.yaml	CultureMech:008277	Oceanithermus profundus medium	32	no pH and no temperature
5	bacterial/TOGO_M172_Medium_10_Broth.yaml	CultureMech:008293	Medium 10 Broth	6	no pH and no temperature
5	bacterial/TOGO_M1739_YSG_Medium.yaml	CultureMech:008301	YSG Medium	6	no pH and no temperature
5	bacterial/TOGO_M174_Horikoshi-I_Medium.yaml	CultureMech:008313	Horikoshi-I Medium	7	no pH and no temperature
5	bacterial/TOGO_M175_Modified_Horikoshi-I_Medium.yaml	CultureMech:008324	Modified Horikoshi-I Medium	8	no pH and no temperature
5	bacterial/TOGO_M1762_Thermus_Medium.yaml	CultureMech:008327	Thermus Medium	23	no pH and no temperature
5	bacterial/TOGO_M1766_Clostridium_thermocellum_Medium_D58_Medium.yaml	CultureMech:008331	Clostridium thermocellum Medium (D58 Medium)	14	no pH and no temperature
5	bacterial/TOGO_M1767_S6_Medium.yaml	CultureMech:008332	S6 Medium	9	no pH and no temperature
5	bacterial/TOGO_M1777_MMJS_medium.yaml	CultureMech:008343	MMJS medium	40	no pH and no temperature
5	bacterial/TOGO_M1783_Acidimicrobium_Medium.yaml	CultureMech:008350	Acidimicrobium Medium	8	no pH and no temperature
5	bacterial/TOGO_M1784_Acidimicrobium_Medium.yaml	CultureMech:008351	Acidimicrobium Medium	7	no pH and no temperature
5	bacterial/TOGO_M1788_Pelobacter_carbinolicus_Medium.yaml	CultureMech:008355	Pelobacter carbinolicus Medium	22	no pH and no temperature
5	bacterial/TOGO_M1789_Medium_for_Ectothiorhodospira.yaml	CultureMech:008356	Medium for Ectothiorhodospira	24	no pH and no temperature
5	bacterial/TOGO_M1791_Pelobacter_acetylenicus_Medium.yaml	CultureMech:008359	Pelobacter acetylenicus Medium	22	no pH and no temperature
5	bacterial/TOGO_M1796_Desulfovibrio_medium.yaml	CultureMech:008364	Desulfovibrio medium	13	no pH and no temperature
5	bacterial/TOGO_M17_1_100_Nutrient_Agar_NO._2.yaml	CultureMech:008369	1/100 Nutrient Agar NO. 2	5	no pH and no temperature
5	bacterial/TOGO_M1802_Modified_WS_medium.yaml	CultureMech:008372	Modified WS medium	34	no pH and no temperature
5	bacterial/TOGO_M1815_Synthetic_low-Nutrient_Agar_SNA.yaml	CultureMech:008386	Synthetic low-Nutrient Agar (SNA)	8	no pH and no temperature
5	bacterial/TOGO_M1836_Medium_for_strains_JA145_JA193_JA310_JA334_JA415_JA430_JA447_and_JA643.yaml	CultureMech:008409	Medium for strains JA145, JA193, JA310, JA334, JA415, JA430, JA447 and JA643	11	no pH and no temperature
5	bacterial/TOGO_M1837_SYPG_Medium.yaml	CultureMech:008410	SYPG Medium	34	no pH and no temperature
5	bacterial/TOGO_M183_LYS_Medium.yaml	CultureMech:008413	LYS Medium	18	no pH and no temperature
5	bacterial/TOGO_M1840_Alkaline_Agar.yaml	CultureMech:008414	Alkaline Agar	7	no pH and no temperature
5	bacterial/TOGO_M1843_Yeast_Extract-Starch_Agar_50_marine_water.yaml	CultureMech:008417	Yeast Extract-Starch Agar (50% marine water)	5	no pH and no temperature
5	bacterial/TOGO_M1846_MMJHS_medium.yaml	CultureMech:008420	MMJHS medium	37	no pH and no temperature
5	bacterial/TOGO_M185_PYS_Medium.yaml	CultureMech:008434	PYS Medium	8	no pH and no temperature
5	bacterial/TOGO_M1860_Thermus_medium.yaml	CultureMech:008435	Thermus medium	24	no pH and no temperature
5	bacterial/TOGO_M1868_Sporulation_Medium.yaml	CultureMech:008442	Sporulation Medium	8	no pH and no temperature
5	bacterial/TOGO_M186_Mmys-I_Medium.yaml	CultureMech:008444	Mmys-I Medium	9	no pH and no temperature
5	bacterial/TOGO_M1873_Thermotoga_medium.yaml	CultureMech:008448	Thermotoga medium	37	no pH and no temperature
5	bacterial/TOGO_M1875_Thermus_medium.yaml	CultureMech:008450	Thermus medium	23	no pH and no temperature
5	bacterial/TOGO_M1876_Thermus_medium.yaml	CultureMech:008451	Thermus medium	12	no pH and no temperature
5	bacterial/TOGO_M1878_MMB_medium.yaml	CultureMech:008452	MMB medium	25	no pH and no temperature
5	bacterial/TOGO_M1879_Thermus_medium.yaml	CultureMech:008453	Thermus medium	24	no pH and no temperature
5	bacterial/TOGO_M187_Mmys-II_Medium.yaml	CultureMech:008454	Mmys-II Medium	9	no pH and no temperature
5	bacterial/TOGO_M1880_Thermus_medium.yaml	CultureMech:008455	Thermus medium	13	no pH and no temperature
5	bacterial/TOGO_M1885_Thermus_medium.yaml	CultureMech:008459	Thermus medium	25	no pH and no temperature
5	bacterial/TOGO_M1894_Thermotoga_hypogea_medium.yaml	CultureMech:008469	Thermotoga hypogea medium	32	no pH and no temperature
5	bacterial/TOGO_M18_YM_Agar.yaml	CultureMech:008476	YM Agar	6	no pH and no temperature
5	bacterial/TOGO_M1922_Azospirillum_amazonense_medium.yaml	CultureMech:008501	Azospirillum amazonense medium	9	no pH and no temperature
5	bacterial/TOGO_M1923_Sphaerotilus-Leptothrix_Medium.yaml	CultureMech:008502	Sphaerotilus-Leptothrix Medium	9	no pH and no temperature
5	bacterial/TOGO_M1925_Thermotoga_elfii_medium.yaml	CultureMech:008504	Thermotoga elfii medium	32	no pH and no temperature
5	bacterial/TOGO_M1927_Thiobacillus_plumbophilus_Medium.yaml	CultureMech:008506	Thiobacillus plumbophilus Medium	23	no pH and no temperature
5	bacterial/TOGO_M192_Mmys-III_Medium.yaml	CultureMech:008508	Mmys-III Medium	9	no pH and no temperature
5	bacterial/TOGO_M1931_DG18_Dichloran_18_Glycerol_Agar.yaml	CultureMech:008510	DG18: Dichloran 18% Glycerol Agar	9	no pH and no temperature
5	bacterial/TOGO_M1933_W-medium.yaml	CultureMech:008511	W-medium	16	no pH and no temperature
5	bacterial/TOGO_M1934_MMA_medium.yaml	CultureMech:008512	MMA medium	13	no pH and no temperature
5	bacterial/TOGO_M1939_Petrotoga_Medium.yaml	CultureMech:008517	Petrotoga Medium	34	no pH and no temperature
5	bacterial/TOGO_M193_MYS_Medium.yaml	CultureMech:008518	MYS Medium	8	no pH and no temperature
5	bacterial/TOGO_M1948_BG11.yaml	CultureMech:008527	BG11	16	no pH and no temperature
5	bacterial/TOGO_M194_BSK_Medium.yaml	CultureMech:008529	BSK Medium	14	no pH and no temperature
5	bacterial/TOGO_M1956_Modified_288_medium.yaml	CultureMech:008536	Modified 288 medium	9	no pH and no temperature
5	bacterial/TOGO_M1957_Benzoate_medium.yaml	CultureMech:008537	Benzoate medium	7	no pH and no temperature
5	bacterial/TOGO_M1964_Alkaliphilic_spirochaete_medium.yaml	CultureMech:008545	Alkaliphilic spirochaete medium	36	no pH and no temperature
5	bacterial/TOGO_M1995_Thermoanaerobium_medium.yaml	CultureMech:008579	Thermoanaerobium medium	35	no pH and no temperature
5	bacterial/TOGO_M1996_KTM_medium.yaml	CultureMech:008580	KTM medium	36	no pH and no temperature
5	bacterial/TOGO_M1997_Petrotoga_medium.yaml	CultureMech:008581	Petrotoga medium	39	no pH and no temperature
5	bacterial/TOGO_M19_R_Agar.yaml	CultureMech:008585	R Agar	10	no pH and no temperature
5	bacterial/TOGO_M1_MRS_Medium.yaml	CultureMech:008586	MRS Medium	11	no pH and no temperature
5	bacterial/TOGO_M2001_Thermosipho_africanus_medium.yaml	CultureMech:008588	Thermosipho africanus medium	40	no pH and no temperature
5	bacterial/TOGO_M2002_SL_medium.yaml	CultureMech:008589	SL medium	17	no pH and no temperature
5	bacterial/TOGO_M202_M98-5.yaml	CultureMech:008618	M98-5	16	no pH and no temperature
5	bacterial/TOGO_M2031_GV-medium.yaml	CultureMech:008620	GV-medium	38	no pH and no temperature
5	bacterial/TOGO_M2035_CM_YE_Medium.yaml	CultureMech:008624	CM + YE Medium	9	no pH and no temperature
5	bacterial/TOGO_M2037_TSBY_Salt_Medium.yaml	CultureMech:008626	TSBY Salt Medium	14	no pH and no temperature
5	bacterial/TOGO_M2038_Leptospirillum_HH_Medium.yaml	CultureMech:008627	Leptospirillum (HH) Medium	13	no pH and no temperature
5	bacterial/TOGO_M203_Modified_Medium_10.yaml	CultureMech:008629	Modified Medium 10	7	no pH and no temperature
5	bacterial/TOGO_M2049_RAE_Medium.yaml	CultureMech:008639	RAE Medium	8	no pH and no temperature
5	bacterial/TOGO_M204_Microlunatus_Medium.yaml	CultureMech:008640	Microlunatus Medium	9	no pH and no temperature
5	bacterial/TOGO_M2057_T5_medium.yaml	CultureMech:008647	T5 medium	10	no pH and no temperature
5	bacterial/TOGO_M2086_Modified_Sour_Dough_Medium.yaml	CultureMech:008676	Modified Sour Dough Medium	6	no pH and no temperature
5	bacterial/TOGO_M2122_Oceanotoga_Medium.yaml	CultureMech:008715	Oceanotoga Medium	38	no pH and no temperature
5	bacterial/TOGO_M2138_YMA_medium.yaml	CultureMech:008732	YMA medium	7	no pH and no temperature
5	bacterial/TOGO_M213_SC_Medium.yaml	CultureMech:008734	SC Medium	12	no pH and no temperature
5	bacterial/TOGO_M2143_PYG_medium.yaml	CultureMech:008738	PYG medium	6	no pH and no temperature
5	bacterial/TOGO_M2147_PYG_medium.yaml	CultureMech:008741	PYG medium	7	no pH and no temperature
5	bacterial/TOGO_M214_Thermoanaerobacter_Ethanolicus_Medium.yaml	CultureMech:008744	Thermoanaerobacter Ethanolicus Medium	38	no pH and no temperature
5	bacterial/TOGO_M215_Rhizomonas_Medium.yaml	CultureMech:008753	Rhizomonas Medium	8	no pH and no temperature
5	bacterial/TOGO_M2167_Denitrovibrio_Medium.yaml	CultureMech:008761	Denitrovibrio Medium	37	no pH and no temperature
5	bacterial/TOGO_M2173_Chloroflexus_Aggregans_Medium.yaml	CultureMech:008767	Chloroflexus Aggregans Medium	29	no pH and no temperature
5	bacterial/TOGO_M2174_Triple-Sugar-Iron_Medium_Difco.yaml	CultureMech:008768	Triple-Sugar-Iron Medium (Difco)	12	no pH and no temperature
5	bacterial/TOGO_M2175_Capnocytophaga_Medium.yaml	CultureMech:008769	Capnocytophaga Medium	8	no pH and no temperature
5	bacterial/TOGO_M2184_Medium_For_Chlorate_Respirers.yaml	CultureMech:008778	Medium For Chlorate Respirers	33	no pH and no temperature
5	bacterial/TOGO_M2186_CENS_medium.yaml	CultureMech:008780	CENS medium	23	no pH and no temperature
5	bacterial/TOGO_M2191_Trypticase_Soy_Yeast_Extract_Medium.yaml	CultureMech:008784	Trypticase Soy Yeast Extract Medium	9	no pH and no temperature
5	bacterial/TOGO_M2192_Nutrient_Agar_Broth.yaml	CultureMech:008785	Nutrient Agar/Broth	9	no pH and no temperature
5	bacterial/TOGO_M2199_LB_Agar_Broth_Miller.yaml	CultureMech:008791	LB Agar/Broth, Miller	7	no pH and no temperature
5	bacterial/TOGO_M21_Brain_Heart_Infusion_Agar.yaml	CultureMech:008793	Brain Heart Infusion Agar	8	no pH and no temperature
5	bacterial/TOGO_M2207_GC_Agar_Broth_Medium.yaml	CultureMech:008799	GC Agar/Broth Medium	8	no pH and no temperature
5	bacterial/TOGO_M2217_Blood_Agar_Base_BAB_broth_or_agar.yaml	CultureMech:008807	Blood Agar Base (BAB) broth or agar	4	no pH and no temperature
5	bacterial/TOGO_M2228_Friis_medium.yaml	CultureMech:008816	Friis medium	23	no pH and no temperature
5	bacterial/TOGO_M2232_Anaerolinea_Medium.yaml	CultureMech:008821	Anaerolinea Medium	36	no pH and no temperature
5	bacterial/TOGO_M2243_Half_Strength_Bacto_Marine_Broth.yaml	CultureMech:008832	Half Strength Bacto Marine Broth	18	no pH and no temperature
5	bacterial/TOGO_M2246_Van_Niel_s_Yeast_Agar.yaml	CultureMech:008834	Van Niel's Yeast Agar	5	no pH and no temperature
5	bacterial/TOGO_M2258_Pfennig_s_Medium_II_With_Salt.yaml	CultureMech:008844	Pfennig's Medium II With Salt	33	no pH and no temperature
5	bacterial/TOGO_M2266_Marine_Agar_Broth_2216.yaml	CultureMech:008853	Marine Agar/Broth 2216	18	no pH and no temperature
5	bacterial/TOGO_M2274_Chocolate_agar.yaml	CultureMech:008860	Chocolate agar	11	no pH and no temperature
5	bacterial/TOGO_M2279_Singulisphaera_Medium.yaml	CultureMech:008864	Singulisphaera Medium	23	no pH and no temperature
5	bacterial/TOGO_M227_Pyse_Medium.yaml	CultureMech:008865	Pyse Medium	8	no pH and no temperature
5	bacterial/TOGO_M2280_Sulfurospirillum_Medium.yaml	CultureMech:008866	Sulfurospirillum Medium	20	no pH and no temperature
5	bacterial/TOGO_M2281_Sulfurospirillum_Barnesii_Medium.yaml	CultureMech:008867	Sulfurospirillum Barnesii Medium	36	no pH and no temperature
5	bacterial/TOGO_M2282_OS_Medium.yaml	CultureMech:008868	OS Medium	31	no pH and no temperature
5	bacterial/TOGO_M2283_Oceanithermus_Profundus_Medium.yaml	CultureMech:008869	Oceanithermus Profundus Medium	34	no pH and no temperature
5	bacterial/TOGO_M2284_Persephonella_Medium.yaml	CultureMech:008870	Persephonella Medium	26	no pH and no temperature
5	bacterial/TOGO_M2292_Mineral_Medium_Brunner.yaml	CultureMech:008878	Mineral Medium (Brunner)	15	no pH and no temperature
5	bacterial/TOGO_M2293_YED_Medium_salted.yaml	CultureMech:008879	YED Medium, salted	5	no pH and no temperature
5	bacterial/TOGO_M2295_Marinithermus_Hydrothermalis_Medium.yaml	CultureMech:008881	Marinithermus Hydrothermalis Medium	25	no pH and no temperature
5	bacterial/TOGO_M2296_Cytophaga_marine_Medium.yaml	CultureMech:008882	Cytophaga (marine) Medium	10	no pH and no temperature
5	bacterial/TOGO_M2297_Acidithiobacillus_ferrooxidans_Medium.yaml	CultureMech:008883	Acidithiobacillus ferrooxidans Medium	16	no pH and no temperature
5	bacterial/TOGO_M2298_Thermus_Medium.yaml	CultureMech:008884	Thermus Medium	19	no pH and no temperature
5	bacterial/TOGO_M229_Thermotoga_Medium.yaml	CultureMech:008885	Thermotoga Medium	19	no pH and no temperature
5	bacterial/TOGO_M2300_VY_4-SWS_Agar.yaml	CultureMech:008887	VY/4-SWS Agar	23	no pH and no temperature
5	bacterial/TOGO_M2301_R2A_Medium.yaml	CultureMech:008888	R2A Medium	10	no pH and no temperature
5	bacterial/TOGO_M230_Artificial_Soil_Agar.yaml	CultureMech:008896	Artificial Soil Agar	14	no pH and no temperature
5	bacterial/TOGO_M2312_Castenholz_TYE_medium.yaml	CultureMech:008899	Castenholz TYE medium	21	no pH and no temperature
5	bacterial/TOGO_M2317_Glycerol-Soil_Medium.yaml	CultureMech:008904	Glycerol-Soil Medium	6	no pH and no temperature
5	bacterial/TOGO_M2322_Natronobacteria_Medium.yaml	CultureMech:008910	Natronobacteria Medium	21	no pH and no temperature
5	bacterial/TOGO_M2327_Trypticase_Soy_Broth_Agar.yaml	CultureMech:008913	Trypticase Soy Broth Agar	8	no pH and no temperature
5	bacterial/TOGO_M2329_Peptone_Meat_Extract_Glycerol_Agar.yaml	CultureMech:008915	Peptone Meat Extract Glycerol Agar	5	no pH and no temperature
5	bacterial/TOGO_M232_TSSY_Medium.yaml	CultureMech:008916	TSSY Medium	6	no pH and no temperature
5	bacterial/TOGO_M2330_Trypticase_Soy_Yeast_Extract_Medium.yaml	CultureMech:008917	Trypticase Soy Yeast Extract Medium	9	no pH and no temperature
5	bacterial/TOGO_M2331_GYM_Streptomyces_Medium.yaml	CultureMech:008918	GYM Streptomyces Medium	6	no pH and no temperature
5	bacterial/TOGO_M2332_Acidimicrobium_Medium.yaml	CultureMech:008919	Acidimicrobium Medium	8	no pH and no temperature
5	bacterial/TOGO_M2333_Thermus_162_Medium.yaml	CultureMech:008920	Thermus 162 Medium	20	no pH and no temperature
5	bacterial/TOGO_M2334_Chthonomonas_Medium.yaml	CultureMech:008921	Chthonomonas Medium	23	no pH and no temperature
5	bacterial/TOGO_M2335_CY-Agar.yaml	CultureMech:008922	CY-Agar	5	no pH and no temperature
5	bacterial/TOGO_M2336_Bacto_Marine_Broth_Difco_2216.yaml	CultureMech:008923	Bacto Marine Broth (Difco 2216)	17	no pH and no temperature
5	bacterial/TOGO_M2338_Thermus_162_Medium.yaml	CultureMech:008925	Thermus 162 Medium	19	no pH and no temperature
5	bacterial/TOGO_M2342_J-Agar.yaml	CultureMech:008930	J-Agar	6	no pH and no temperature
5	bacterial/TOGO_M2343_Tepidanaerobacter_Acetatoxydans_Medium.yaml	CultureMech:008931	Tepidanaerobacter Acetatoxydans Medium	37	no pH and no temperature
5	bacterial/TOGO_M2346_M14_Pirellula_Marina_Medium.yaml	CultureMech:008932	M14 (Pirellula Marina) Medium	38	no pH and no temperature
5	bacterial/TOGO_M2349_Mixotrophic_Nitrobacter_Medium.yaml	CultureMech:008933	Mixotrophic Nitrobacter Medium	16	no pH and no temperature
5	bacterial/TOGO_M2350_10_Mixotrophic_Nitrobacter_Medium.yaml	CultureMech:008935	10% Mixotrophic Nitrobacter Medium	15	no pH and no temperature
5	bacterial/TOGO_M2351_Autotrophic_Nitrobacter_Medium.yaml	CultureMech:008936	Autotrophic Nitrobacter Medium	12	no pH and no temperature
5	bacterial/TOGO_M2352_CASO_Agar_Merck_105458.yaml	CultureMech:008937	CASO Agar (Merck 105458)	5	no pH and no temperature
5	bacterial/TOGO_M2353_Rhizobium_Medium.yaml	CultureMech:008938	Rhizobium Medium	7	no pH and no temperature
5	bacterial/TOGO_M2355_Caulobacter_Medium.yaml	CultureMech:008940	Caulobacter Medium	4	no pH and no temperature
5	bacterial/TOGO_M2357_Reactivation_With_Liquid_Medium.yaml	CultureMech:008942	Reactivation With Liquid Medium	7	no pH and no temperature
5	bacterial/TOGO_M2360_BHI_Medium.yaml	CultureMech:008946	BHI Medium	7	no pH and no temperature
5	bacterial/TOGO_M2364_Sulfurimonas_MJ_Medium.yaml	CultureMech:008949	Sulfurimonas MJ Medium	37	no pH and no temperature
5	bacterial/TOGO_M2370_N-Z-Amine-Medium.yaml	CultureMech:008955	N-Z-Amine-Medium	7	no pH and no temperature
5	bacterial/TOGO_M2378_Natronobacteria_medium.yaml	CultureMech:008962	Natronobacteria medium	19	no pH and no temperature
5	bacterial/TOGO_M237_Todd_Hewitt_Agar.yaml	CultureMech:008964	Todd Hewitt Agar	3	no pH and no temperature
5	bacterial/TOGO_M2380_Payne_Seghal_Gibbons_Medium.yaml	CultureMech:008965	Payne, Seghal & Gibbons Medium	9	no pH and no temperature
5	bacterial/TOGO_M238_PPES-II_Agar_Medium.yaml	CultureMech:008972	PPES-II Agar Medium	13	no pH and no temperature
5	bacterial/TOGO_M2390_Alicyclobacillus_Medium.yaml	CultureMech:008973	Alicyclobacillus Medium	15	no pH and no temperature
5	bacterial/TOGO_M2391_Alicyclobacillus_Medium.yaml	CultureMech:008974	Alicyclobacillus Medium	16	no pH and no temperature
5	bacterial/TOGO_M2392_Bacillus_Tusciae_Medium.yaml	CultureMech:008975	Bacillus Tusciae Medium	15	no pH and no temperature
5	bacterial/TOGO_M23_Potato-Dextrose_Agar.yaml	CultureMech:008982	Potato-Dextrose Agar	4	no pH and no temperature
5	bacterial/TOGO_M2409_Leptospira-Medium.yaml	CultureMech:008992	Leptospira-Medium	4	no pH and no temperature
5	bacterial/TOGO_M2417_Nutrient_Agar.yaml	CultureMech:008999	Nutrient Agar	6	no pH and no temperature
5	bacterial/TOGO_M2419_CASO_Agar_Merck_105458.yaml	CultureMech:009001	CASO Agar (Merck 105458)	6	no pH and no temperature
5	bacterial/TOGO_M2420_Alkaline_Nutrient_Agar.yaml	CultureMech:009003	Alkaline Nutrient Agar	6	no pH and no temperature
5	bacterial/TOGO_M2439_MRS_Medium.yaml	CultureMech:009018	MRS Medium	11	no pH and no temperature
5	bacterial/TOGO_M2441_BHI_2_Medium.yaml	CultureMech:009020	BHI/2 Medium	10	no pH and no temperature
5	bacterial/TOGO_M2442_Van_Niel_s_Yeast_Agar.yaml	CultureMech:009021	Van Niel's Yeast Agar	5	no pH and no temperature
5	bacterial/TOGO_M2443_Thauera_Aromatica_Medium.yaml	CultureMech:009022	Thauera Aromatica Medium	29	no pH and no temperature
5	bacterial/TOGO_M2455_Dehalospirillum_Medium.yaml	CultureMech:009034	Dehalospirillum Medium	45	no pH and no temperature
5	bacterial/TOGO_M2459_Alkaliphilic_Sulphur_Respiring_Strains_Medium.yaml	CultureMech:009037	Alkaliphilic Sulphur Respiring Strains Medium	17	no pH and no temperature
5	bacterial/TOGO_M2464_Anaerolinea_Medium.yaml	CultureMech:009042	Anaerolinea Medium	34	no pH and no temperature
5	bacterial/TOGO_M2471_Modified_Sea_Water_Agar.yaml	CultureMech:009047	Modified Sea Water Agar	10	no pH and no temperature
5	bacterial/TOGO_M2474_Medium_Modified_For_Dechloromonas_SPP..yaml	CultureMech:009050	Medium Modified For Dechloromonas SPP.	36	no pH and no temperature
5	bacterial/TOGO_M2475_Clostridium_GV_Medium.yaml	CultureMech:009051	Clostridium (GV) Medium	36	no pH and no temperature
5	bacterial/TOGO_M2476_LB_Luria-Bertani_Medium.yaml	CultureMech:009052	LB (Luria-Bertani) Medium	5	no pH and no temperature
5	bacterial/TOGO_M2477_Pfennig_s_Medium_II_With_Salt.yaml	CultureMech:009053	Pfennig's Medium II With Salt	32	no pH and no temperature
5	bacterial/TOGO_M247_Aquifex_Medium.yaml	CultureMech:009054	Aquifex Medium	16	no pH and no temperature
5	bacterial/TOGO_M2488_YTP-2_medium.yaml	CultureMech:009061	YTP-2 medium	10	no pH and no temperature
5	bacterial/TOGO_M2497_LB_medium.yaml	CultureMech:009070	LB medium	4	no pH and no temperature
5	bacterial/TOGO_M2499_BG11.yaml	CultureMech:009072	BG11	16	no pH and no temperature
5	bacterial/TOGO_M249_MRS_Medium_With_10_NaCl.yaml	CultureMech:009073	MRS Medium With 10% NaCl	4	no pH and no temperature
5	bacterial/TOGO_M24_Malt_Extract_Agar.yaml	CultureMech:009074	Malt Extract Agar	5	no pH and no temperature
5	bacterial/TOGO_M2511_brain_heart_infusion_broth.yaml	CultureMech:009083	brain heart infusion broth	6	no pH and no temperature
5	bacterial/TOGO_M2515_tryptic_soy_broth.yaml	CultureMech:009086	tryptic soy broth	6	no pH and no temperature
5	bacterial/TOGO_M2516_tryptic_soy_agar.yaml	CultureMech:009087	tryptic soy agar	6	no pH and no temperature
5	bacterial/TOGO_M2520_R2A_Medium.yaml	CultureMech:009090	R2A Medium	21	no pH and no temperature
5	bacterial/TOGO_M2526_Desulfofarcimen_Medium.yaml	CultureMech:009096	Desulfofarcimen Medium	37	no pH and no temperature
5	bacterial/TOGO_M2527_Syntrophothermus_Medium.yaml	CultureMech:009097	Syntrophothermus Medium	37	no pH and no temperature
5	bacterial/TOGO_M252_EG_Medium_With_10_NaCl.yaml	CultureMech:009099	EG Medium With 10% NaCl	12	no pH and no temperature
5	bacterial/TOGO_M2530_Desulfovibrio_Postgate_Medium.yaml	CultureMech:009100	Desulfovibrio (Postgate) Medium	13	no pH and no temperature
5	bacterial/TOGO_M2531_Desulfosporosinus_Acidophilus_Medium.yaml	CultureMech:009101	Desulfosporosinus Acidophilus Medium	34	no pH and no temperature
5	bacterial/TOGO_M2532_Gottschalkia_Medium.yaml	CultureMech:009102	Gottschalkia Medium	23	no pH and no temperature
5	bacterial/TOGO_M2534_Chopped_Meat_Medium_With_Carbohydrates.yaml	CultureMech:009104	Chopped Meat Medium With Carbohydrates	16	no pH and no temperature
5	bacterial/TOGO_M2535_Chopped_Meat_Medium_With_Carbohydrates.yaml	CultureMech:009105	Chopped Meat Medium With Carbohydrates	16	no pH and no temperature
5	bacterial/TOGO_M2536_Chopped_Meat_Medium_With_Carbohydrates.yaml	CultureMech:009106	Chopped Meat Medium With Carbohydrates	17	no pH and no temperature
5	bacterial/TOGO_M2537_Chopped_Meat_Medium_With_Carbohydrates.yaml	CultureMech:009107	Chopped Meat Medium With Carbohydrates	17	no pH and no temperature
5	bacterial/TOGO_M2539_Natranaerobius_Medium.yaml	CultureMech:009108	Natranaerobius Medium	31	no pH and no temperature
5	bacterial/TOGO_M2541_Thermoanaerobacter_Medium.yaml	CultureMech:009110	Thermoanaerobacter Medium	8	no pH and no temperature
5	bacterial/TOGO_M2543_Sediminispirochaeta_Smaragdinae_Medium.yaml	CultureMech:009112	Sediminispirochaeta Smaragdinae Medium	28	no pH and no temperature
5	bacterial/TOGO_M2544_Tryptone_Yeast_Extract_Mineral_Medium.yaml	CultureMech:009113	Tryptone Yeast Extract Mineral Medium	12	no pH and no temperature
5	bacterial/TOGO_M2545_Columbia_Blood_Agar.yaml	CultureMech:009114	Columbia Blood Agar	8	no pH and no temperature
5	bacterial/TOGO_M2548_Sediminispirochaeta_Smaragdinae_Medium.yaml	CultureMech:009117	Sediminispirochaeta Smaragdinae Medium	27	no pH and no temperature
5	bacterial/TOGO_M2549_Aminomonas_Medium.yaml	CultureMech:009118	Aminomonas Medium	38	no pH and no temperature
5	bacterial/TOGO_M2550_Desulfohalobium_Medium.yaml	CultureMech:009120	Desulfohalobium Medium	27	no pH and no temperature
5	bacterial/TOGO_M2551_Denitrovibrio_Medium.yaml	CultureMech:009121	Denitrovibrio Medium	29	no pH and no temperature
5	bacterial/TOGO_M255_Brain_Heart_Infusion_Agar_With_2_NaCl.yaml	CultureMech:009128	Brain Heart Infusion Agar With 2% NaCl	9	no pH and no temperature
5	bacterial/TOGO_M2565_Opitutus_Medium.yaml	CultureMech:009134	Opitutus Medium	36	no pH and no temperature
5	bacterial/TOGO_M2567_YPS_medium.yaml	CultureMech:009135	YPS medium	39	no pH and no temperature
5	bacterial/TOGO_M2569_Dictyoglomus_medium.yaml	CultureMech:009137	Dictyoglomus medium	20	no pH and no temperature
5	bacterial/TOGO_M256_T2U_Medium.yaml	CultureMech:009138	T2U Medium	10	no pH and no temperature
5	bacterial/TOGO_M2573_Tryptic_Soy_Agar_Broth_with_5_Sheep_Blood_defibrinated.yaml	CultureMech:009142	Tryptic Soy Agar/Broth with 5% Sheep Blood (defibrinated)	11	no pH and no temperature
5	bacterial/TOGO_M2576_Modified_chopped_meat_medium.yaml	CultureMech:009145	Modified chopped meat medium	15	no pH and no temperature
5	bacterial/TOGO_M2577_Modified_NOS_Medium.yaml	CultureMech:009146	Modified NOS Medium	22	no pH and no temperature
5	bacterial/TOGO_M2581_Trypticase_Soy_Broth_Agar_blood.yaml	CultureMech:009149	Trypticase Soy Broth Agar+blood	10	no pH and no temperature
5	bacterial/TOGO_M2585_PYG_Medium_modified.yaml	CultureMech:009153	PYG Medium (modified)	22	no pH and no temperature
5	bacterial/TOGO_M2586_Wilkins-Chalgren_Anaerobe_Broth.yaml	CultureMech:009154	Wilkins-Chalgren Anaerobe Broth	13	no pH and no temperature
5	bacterial/TOGO_M2587_Desulfurobacterium_Medium.yaml	CultureMech:009155	Desulfurobacterium Medium	43	no pH and no temperature
5	bacterial/TOGO_M2591_Flexibacter_Canadensis_Medium.yaml	CultureMech:009158	Flexibacter Canadensis Medium	20	no pH and no temperature
5	bacterial/TOGO_M2592_R2A_Medium.yaml	CultureMech:009159	R2A Medium	10	no pH and no temperature
5	bacterial/TOGO_M2594_Caldithrix_Medium.yaml	CultureMech:009161	Caldithrix Medium	41	no pH and no temperature
5	bacterial/TOGO_M2595_Pfennig_s_Medium_II.yaml	CultureMech:009162	Pfennig's Medium II	31	no pH and no temperature
5	bacterial/TOGO_M2597_Desulfurispirillum_Indicum_Medium.yaml	CultureMech:009164	Desulfurispirillum Indicum Medium	38	no pH and no temperature
5	bacterial/TOGO_M259_AN1_Medium.yaml	CultureMech:009167	AN1 Medium	8	no pH and no temperature
5	bacterial/TOGO_M25_MY20_Agar.yaml	CultureMech:009168	MY20 Agar	6	no pH and no temperature
5	bacterial/TOGO_M2602_Deferribacter_Desulfuricans_Medium.yaml	CultureMech:009171	Deferribacter Desulfuricans Medium	35	no pH and no temperature
5	bacterial/TOGO_M2608_Bacto_Marine_Broth_Difco_2216.yaml	CultureMech:009175	Bacto Marine Broth (Difco 2216)	17	no pH and no temperature
5	bacterial/TOGO_M2609_Carboxydothermus_Medium.yaml	CultureMech:009176	Carboxydothermus Medium	31	no pH and no temperature
5	bacterial/TOGO_M260_MJ_YPGS_Medium.yaml	CultureMech:009177	MJ/YPGS Medium	17	no pH and no temperature
5	bacterial/TOGO_M2610_Carboxydothermus_Medium_Heterotroph.yaml	CultureMech:009178	Carboxydothermus Medium (Heterotroph)	37	no pH and no temperature
5	bacterial/TOGO_M2611_Veillonella_Medium.yaml	CultureMech:009179	Veillonella Medium	10	no pH and no temperature
5	bacterial/TOGO_M2615_Desulfovibrio_Postgate_Medium.yaml	CultureMech:009182	Desulfovibrio (Postgate) Medium	13	no pH and no temperature
5	bacterial/TOGO_M2617_Wolinella_Medium.yaml	CultureMech:009184	Wolinella Medium	12	no pH and no temperature
5	bacterial/TOGO_M2619_LB_Luria-Bertani_Medium.yaml	CultureMech:009186	LB (Luria-Bertani) Medium	5	no pH and no temperature
5	bacterial/TOGO_M2624_Thermodesulfobacterium_Medium.yaml	CultureMech:009189	Thermodesulfobacterium Medium	33	no pH and no temperature
5	bacterial/TOGO_M2625_Petrotoga_Medium.yaml	CultureMech:009190	Petrotoga Medium	39	no pH and no temperature
5	bacterial/TOGO_M262_Gnys_Medium.yaml	CultureMech:009191	Gnys Medium	8	no pH and no temperature
5	bacterial/TOGO_M2638_Selenomonas_Ruminantium_Medium.yaml	CultureMech:009195	Selenomonas Ruminantium Medium	11	no pH and no temperature
5	bacterial/TOGO_M263_Gnys_Medium.yaml	CultureMech:009197	Gnys Medium	9	no pH and no temperature
5	bacterial/TOGO_M266_TM_Broth_Medium.yaml	CultureMech:009225	TM Broth Medium	17	no pH and no temperature
5	bacterial/TOGO_M267_MJ_Ytct_Medium.yaml	CultureMech:009234	MJ/Ytct Medium	14	no pH and no temperature
5	bacterial/TOGO_M2686_Acidaminococcus_Fermentans_Medium.yaml	CultureMech:009241	Acidaminococcus Fermentans Medium	12	no pH and no temperature
5	bacterial/TOGO_M268_Modified_CM_YE_Medium_B.yaml	CultureMech:009242	Modified CM+YE Medium (B)	9	no pH and no temperature
5	bacterial/TOGO_M2692_Alkaline_xylan_medium.yaml	CultureMech:009244	Alkaline xylan medium	15	no pH and no temperature
5	bacterial/TOGO_M2695_Synthrophomonas_Medium_Sulfate_Free.yaml	CultureMech:009247	Synthrophomonas Medium (Sulfate Free)	31	no pH and no temperature
5	bacterial/TOGO_M269_Castenholz_Medium.yaml	CultureMech:009252	Castenholz Medium	4	no pH and no temperature
5	bacterial/TOGO_M26_M40Y_Agar.yaml	CultureMech:009253	M40Y Agar	5	no pH and no temperature
5	bacterial/TOGO_M2703_Clostridium_Kluyveri_Medium.yaml	CultureMech:009256	Clostridium Kluyveri Medium	33	no pH and no temperature
5	bacterial/TOGO_M2708_PYE_Medium.yaml	CultureMech:009259	PYE Medium	22	no pH and no temperature
5	bacterial/TOGO_M2709_Thermobacteroides_Proteolyticus_Medium.yaml	CultureMech:009260	Thermobacteroides Proteolyticus Medium	26	no pH and no temperature
5	bacterial/TOGO_M270_MJYP_Medium.yaml	CultureMech:009261	MJYP* Medium	7	no pH and no temperature
5	bacterial/TOGO_M2711_Clostridium_Cellulolytic_medium.yaml	CultureMech:009263	Clostridium Cellulolytic medium	12	no pH and no temperature
5	bacterial/TOGO_M2714_Ammonifex_Degensii_Medium.yaml	CultureMech:009265	Ammonifex Degensii Medium	24	no pH and no temperature
5	bacterial/TOGO_M2715_Thermoanaerobacter_KoKo_Medium.yaml	CultureMech:009266	Thermoanaerobacter (KoKo) Medium	34	no pH and no temperature
5	bacterial/TOGO_M2717_CMC_Medium_N2_CO2.yaml	CultureMech:009268	CMC Medium (N2/CO2)	15	no pH and no temperature
5	bacterial/TOGO_M2718_Thermotoga_Elfii_Medium.yaml	CultureMech:009269	Thermotoga Elfii Medium	31	no pH and no temperature
5	bacterial/TOGO_M2719_Acetohalobium_Medium.yaml	CultureMech:009270	Acetohalobium Medium	37	no pH and no temperature
5	bacterial/TOGO_M2720_Acetohalobium_medium.yaml	CultureMech:009271	Acetohalobium medium	35	no pH and no temperature
5	bacterial/TOGO_M2726_Clostridium_medium.yaml	CultureMech:009276	Clostridium medium	23	no pH and no temperature
5	bacterial/TOGO_M2728_Thermoanaerobacter_BA_Medium.yaml	CultureMech:009278	Thermoanaerobacter (BA) Medium	36	no pH and no temperature
5	bacterial/TOGO_M2729_Thermoanaerobacter_Brockii_Medium.yaml	CultureMech:009279	Thermoanaerobacter Brockii Medium	32	no pH and no temperature
5	bacterial/TOGO_M272_Hydrogenophilus_Hirschii_Medium.yaml	CultureMech:009280	Hydrogenophilus Hirschii Medium	15	no pH and no temperature
5	bacterial/TOGO_M2730_Thermoanaerobacter_BA_Medium.yaml	CultureMech:009281	Thermoanaerobacter (BA) Medium	36	no pH and no temperature
5	bacterial/TOGO_M2731_Thermoanaerobacter_Brockii_Medium.yaml	CultureMech:009282	Thermoanaerobacter Brockii Medium	32	no pH and no temperature
5	bacterial/TOGO_M2732_Syntrophobotulus_Medium.yaml	CultureMech:009283	Syntrophobotulus Medium	34	no pH and no temperature
5	bacterial/TOGO_M2733_Ruminoclostridium_Cellulolyticum_CM3_Medium.yaml	CultureMech:009284	Ruminoclostridium Cellulolyticum (CM3) Medium	21	no pH and no temperature
5	bacterial/TOGO_M2734_Thermodesulfobium_Medium.yaml	CultureMech:009285	Thermodesulfobium Medium	37	no pH and no temperature
5	bacterial/TOGO_M2736_Acetobacterium_Medium.yaml	CultureMech:009287	Acetobacterium Medium	38	no pH and no temperature
5	bacterial/TOGO_M2739_Thermoacetogenium_Medium.yaml	CultureMech:009289	Thermoacetogenium Medium	36	no pH and no temperature
5	bacterial/TOGO_M2740_Halobacteroides_Halobius_Medium.yaml	CultureMech:009291	Halobacteroides Halobius Medium	11	no pH and no temperature
5	bacterial/TOGO_M2741_Clostridium_GS_Medium.yaml	CultureMech:009292	Clostridium (GS) Medium	11	no pH and no temperature
5	bacterial/TOGO_M2742_PY_X_Medium.yaml	CultureMech:009293	PY + X Medium	13	no pH and no temperature
5	bacterial/TOGO_M2743_Chopped_Meat_Medium_With_Carbohydrates.yaml	CultureMech:009294	Chopped Meat Medium With Carbohydrates	12	no pH and no temperature
5	bacterial/TOGO_M2744_Chopped_Meat_Medium_With_Carbohydrates.yaml	CultureMech:009295	Chopped Meat Medium With Carbohydrates	16	no pH and no temperature
5	bacterial/TOGO_M2745_Dehalobacter_Restrictus_Medium_TCE.yaml	CultureMech:009296	Dehalobacter Restrictus Medium (TCE)	40	no pH and no temperature
5	bacterial/TOGO_M2747_Thermoanaerobacter_Kivui_Medium.yaml	CultureMech:009298	Thermoanaerobacter Kivui Medium	26	no pH and no temperature
5	bacterial/TOGO_M2749_Acetobacterium_medium.yaml	CultureMech:009299	Acetobacterium medium	35	no pH and no temperature
5	bacterial/TOGO_M2750_PY_X_Medium_N2_CO2.yaml	CultureMech:009301	PY + X Medium (N2/CO2)	15	no pH and no temperature
5	bacterial/TOGO_M2752_Anaerotignum_Medium.yaml	CultureMech:009303	Anaerotignum Medium	10	no pH and no temperature
5	bacterial/TOGO_M2755_Pseudoclostridium_Medium.yaml	CultureMech:009306	Pseudoclostridium Medium	36	no pH and no temperature
5	bacterial/TOGO_M2756_Thermoclostridium_A-GÖ_Medium.yaml	CultureMech:009307	Thermoclostridium (A-GÖ) Medium	31	no pH and no temperature
5	bacterial/TOGO_M275_Nutrient-Methanol_Agar.yaml	CultureMech:009310	Nutrient-Methanol Agar	6	no pH and no temperature
5	bacterial/TOGO_M2764_BHI_w_heat-inactivated_Fetal_Bovine_Serum_and_Glucose.yaml	CultureMech:009312	BHI w/ heat-inactivated Fetal Bovine Serum and Glucose	12	no pH and no temperature
5	bacterial/TOGO_M2765_Treponema_Succinifaciens_Medium.yaml	CultureMech:009313	Treponema Succinifaciens Medium	16	no pH and no temperature
5	bacterial/TOGO_M2768_Spirochaeta_RI_19.B1_Medium.yaml	CultureMech:009315	Spirochaeta RI 19.B1 Medium	35	no pH and no temperature
5	bacterial/TOGO_M2769_Alkaliphilic_Spirochaete_Medium.yaml	CultureMech:009316	Alkaliphilic Spirochaete Medium	37	no pH and no temperature
5	bacterial/TOGO_M2771_Serpulina_Murdochii_Medium.yaml	CultureMech:009319	Serpulina Murdochii Medium	7	no pH and no temperature
5	bacterial/TOGO_M2773_Serpulina_Murdochii_Medium.yaml	CultureMech:009321	Serpulina Murdochii Medium	10	no pH and no temperature
5	bacterial/TOGO_M2774_Serpulina_Murdochii_Medium.yaml	CultureMech:009322	Serpulina Murdochii Medium	10	no pH and no temperature
5	bacterial/TOGO_M2775_Sphaerochaeta_Medium.yaml	CultureMech:009323	Sphaerochaeta Medium	15	no pH and no temperature
5	bacterial/TOGO_M2780_YPS_medium.yaml	CultureMech:009329	YPS medium	29	no pH and no temperature
5	bacterial/TOGO_M278_SI_Medium.yaml	CultureMech:009337	SI Medium	35	no pH and no temperature
5	bacterial/TOGO_M27_M60Y_Agar.yaml	CultureMech:009348	M60Y Agar	5	no pH and no temperature
5	bacterial/TOGO_M2801_TPGY_broth.yaml	CultureMech:009350	TPGY broth	6	no pH and no temperature
5	bacterial/TOGO_M2806_PGY_medium.yaml	CultureMech:009354	PGY medium	7	no pH and no temperature
5	bacterial/TOGO_M280_Hydrogenothermus_Medium.yaml	CultureMech:009358	Hydrogenothermus Medium	19	no pH and no temperature
5	bacterial/TOGO_M2813_Basal_medium.yaml	CultureMech:009361	Basal medium	9	no pH and no temperature
5	bacterial/TOGO_M281_WT1_Medium.yaml	CultureMech:009365	WT1 Medium	16	no pH and no temperature
5	bacterial/TOGO_M2825_basal_medium.yaml	CultureMech:009371	basal medium	8	no pH and no temperature
5	bacterial/TOGO_M2826_basal_medium.yaml	CultureMech:009372	basal medium	11	no pH and no temperature
5	bacterial/TOGO_M282_Thermosipho_Geolei_Medium.yaml	CultureMech:009374	Thermosipho Geolei Medium	16	no pH and no temperature
5	bacterial/TOGO_M2833_MRS_medium.yaml	CultureMech:009377	MRS medium	13	no pH and no temperature
5	bacterial/TOGO_M2834_tryptic_soy_agar.yaml	CultureMech:009378	tryptic soy agar	6	no pH and no temperature
5	bacterial/TOGO_M283_Modified_MB.yaml	CultureMech:009381	Modified MB	24	no pH and no temperature
5	bacterial/TOGO_M2849_TY_medium.yaml	CultureMech:009391	TY medium	4	no pH and no temperature
5	bacterial/TOGO_M284_Modified_BHI.yaml	CultureMech:009392	Modified BHI	8	no pH and no temperature
5	bacterial/TOGO_M285_Modified_MRS_Medium.yaml	CultureMech:009400	Modified MRS Medium	3	no pH and no temperature
5	bacterial/TOGO_M286_Lactobacillus_Pontis_Medium.yaml	CultureMech:009403	Lactobacillus Pontis Medium	6	no pH and no temperature
5	bacterial/TOGO_M2897_LB_medium.yaml	CultureMech:009433	LB medium	4	no pH and no temperature
5	bacterial/TOGO_M289_Cellulomonas_Fermentans_Medium.yaml	CultureMech:009436	Cellulomonas Fermentans Medium	9	no pH and no temperature
5	bacterial/TOGO_M290_EGGC_Medium.yaml	CultureMech:009446	EGGC Medium	22	no pH and no temperature
5	bacterial/TOGO_M294_RC_Medium.yaml	CultureMech:009476	RC+ Medium	18	no pH and no temperature
5	bacterial/TOGO_M295_Petrotoga_Medium.yaml	CultureMech:009484	Petrotoga Medium	13	no pH and no temperature
5	bacterial/TOGO_M296_Thermodesulfobacterium_Hydrogenophilum_Medium.yaml	CultureMech:009492	Thermodesulfobacterium Hydrogenophilum Medium	36	no pH and no temperature
5	bacterial/TOGO_M2971_Brain_Heart_Infusion_Agar.yaml	CultureMech:009494	Brain Heart Infusion Agar	6	no pH and no temperature
5	bacterial/TOGO_M2984_Mueller-Hinton_broth.yaml	CultureMech:009505	Mueller-Hinton broth	4	no pH and no temperature
5	bacterial/TOGO_M298_PE_Medium.yaml	CultureMech:009509	PE Medium	29	no pH and no temperature
5	bacterial/TOGO_M2993_PPM.yaml	CultureMech:009511	PPM	10	no pH and no temperature
5	bacterial/TOGO_M2997_Acidiphilium_Medium.yaml	CultureMech:009513	Acidiphilium Medium	12	no pH and no temperature
5	bacterial/TOGO_M2998_Acidiphilium_Medium.yaml	CultureMech:009514	Acidiphilium Medium	13	no pH and no temperature
5	bacterial/TOGO_M2999_Acidobacterium_Medium.yaml	CultureMech:009515	Acidobacterium Medium	8	no pH and no temperature
5	bacterial/TOGO_M2_Xylose-YP_Broth.yaml	CultureMech:009518	Xylose-YP Broth	9	no pH and no temperature
5	bacterial/TOGO_M3000_Acidobacterium_Medium.yaml	CultureMech:009519	Acidobacterium Medium	9	no pH and no temperature
5	bacterial/TOGO_M3002_Geobacter_NBAF_Medium.yaml	CultureMech:009520	Geobacter NBAF Medium	23	no pH and no temperature
5	bacterial/TOGO_M3008_Modified_BN_Medium_For_M08but.yaml	CultureMech:009525	Modified BN Medium For M08but	8	no pH and no temperature
5	bacterial/TOGO_M3015_Sulfuriflexus_Medium.yaml	CultureMech:009531	Sulfuriflexus Medium	14	no pH and no temperature
5	bacterial/TOGO_M301_Haloalkaliphile_Medium.yaml	CultureMech:009534	Haloalkaliphile Medium	10	no pH and no temperature
5	bacterial/TOGO_M3027_Natural_Seawater_Medium_For_Halophile.yaml	CultureMech:009538	Natural Seawater Medium For Halophile	9	no pH and no temperature
5	bacterial/TOGO_M302_Haloneutrophile_Medium.yaml	CultureMech:009541	Haloneutrophile Medium	11	no pH and no temperature
5	bacterial/TOGO_M3030_Ectothiorhodospira_Abdelmalekii_Medium.yaml	CultureMech:009542	Ectothiorhodospira Abdelmalekii Medium	12	no pH and no temperature
5	bacterial/TOGO_M3032_Chloroflexus_Aggregans_Medium.yaml	CultureMech:009544	Chloroflexus Aggregans Medium	21	no pH and no temperature
5	bacterial/TOGO_M3035_Thiomonas_cuprina_medium.yaml	CultureMech:009547	Thiomonas cuprina medium	22	no pH and no temperature
5	bacterial/TOGO_M3036_Thiomonas_cuprina_medium.yaml	CultureMech:009548	Thiomonas cuprina medium	22	no pH and no temperature
5	bacterial/TOGO_M3038_Modified_YCFA_medium.yaml	CultureMech:009550	Modified YCFA medium	25	no pH and no temperature
5	bacterial/TOGO_M3042_R2A_fumarate_anaerobic.yaml	CultureMech:009555	R2A + fumarate (anaerobic)	12	no pH and no temperature
5	bacterial/TOGO_M3045_Brain_Heart_Infusion_BHI_with_Sodium_Acetate.yaml	CultureMech:009558	Brain Heart Infusion (BHI) with Sodium Acetate	10	no pH and no temperature
5	bacterial/TOGO_M3048_M40Y_agar.yaml	CultureMech:009561	M40Y agar	5	no pH and no temperature
5	bacterial/TOGO_M3072_Chopped_Meat_Medium_With_Carbohydrates.yaml	CultureMech:009581	Chopped Meat Medium With Carbohydrates	16	no pH and no temperature
5	bacterial/TOGO_M3119_Thermodesulfobium_Acidiphilum_Medium.yaml	CultureMech:009590	Thermodesulfobium Acidiphilum Medium	34	no pH and no temperature
5	bacterial/TOGO_M311_Thermocrinis_Albus_Medium.yaml	CultureMech:009591	Thermocrinis Albus Medium	19	no pH and no temperature
5	bacterial/TOGO_M3120_BG11_medium.yaml	CultureMech:009592	BG11 medium	15	no pH and no temperature
5	bacterial/TOGO_M3121_Modified_SME_medium.yaml	CultureMech:009593	Modified SME medium	26	no pH and no temperature
5	bacterial/TOGO_M3122_Caminibacter_Mediatlanticus_Medium.yaml	CultureMech:009594	Caminibacter Mediatlanticus Medium	29	no pH and no temperature
5	bacterial/TOGO_M3125_Thermophilic_Hydrogen_Bacteria_Medium.yaml	CultureMech:009595	Thermophilic Hydrogen Bacteria Medium	17	no pH and no temperature
5	bacterial/TOGO_M3126_Mineral_Medium_For_Chemolithotrophic_Growth_H-3.yaml	CultureMech:009596	Mineral Medium For Chemolithotrophic Growth (H-3)	28	no pH and no temperature
5	bacterial/TOGO_M3127_MMJS_medium.yaml	CultureMech:009597	MMJS medium	21	no pH and no temperature
5	bacterial/TOGO_M3128_Thermosulfidibacter_Medium.yaml	CultureMech:009598	Thermosulfidibacter Medium	35	no pH and no temperature
5	bacterial/TOGO_M3130_Desulfurella_Medium.yaml	CultureMech:009601	Desulfurella Medium	33	no pH and no temperature
5	bacterial/TOGO_M3132_Hippea_Medium.yaml	CultureMech:009603	Hippea Medium	38	no pH and no temperature
5	bacterial/TOGO_M3134_Clostridium_Ljungdahlii_Medium.yaml	CultureMech:009604	Clostridium Ljungdahlii Medium	36	no pH and no temperature
5	bacterial/TOGO_M313_Alkaline_Agar.yaml	CultureMech:009607	Alkaline Agar	7	no pH and no temperature
5	bacterial/TOGO_M3141_Chloroflexus_Medium_modified.yaml	CultureMech:009609	Chloroflexus Medium (modified)	20	no pH and no temperature
5	bacterial/TOGO_M3142_Chloroflexus_medium.yaml	CultureMech:009610	Chloroflexus medium	20	no pH and no temperature
5	bacterial/TOGO_M3145_1_2_SME_medium.yaml	CultureMech:009611	1/2 SME medium	18	no pH and no temperature
5	bacterial/TOGO_M315_Thermotoga_YE_Medium.yaml	CultureMech:009618	Thermotoga YE Medium	17	no pH and no temperature
5	bacterial/TOGO_M3167_LC_medium.yaml	CultureMech:009624	LC medium	22	no pH and no temperature
5	bacterial/TOGO_M316_2_x_YT_Medium.yaml	CultureMech:009625	2 x YT Medium	5	no pH and no temperature
5	bacterial/TOGO_M3174_Clostridium_thermocellum_medium.yaml	CultureMech:009627	Clostridium thermocellum medium	39	no pH and no temperature
5	bacterial/TOGO_M317_Thermovibrio_Rubrum_Medium.yaml	CultureMech:009630	Thermovibrio Rubrum Medium	10	no pH and no temperature
5	bacterial/TOGO_M3195_YEM_broth.yaml	CultureMech:009636	YEM broth	7	no pH and no temperature
5	bacterial/TOGO_M3196_LB_medium.yaml	CultureMech:009637	LB medium	3	no pH and no temperature
5	bacterial/TOGO_M3198_Defined_minimal_medium.yaml	CultureMech:009639	Defined minimal medium	15	no pH and no temperature
5	bacterial/TOGO_M3199_Defined_minimal_medium.yaml	CultureMech:009640	Defined minimal medium	14	no pH and no temperature
5	bacterial/TOGO_M319_MMJY_Medium.yaml	CultureMech:009641	MMJY Medium	30	no pH and no temperature
5	bacterial/TOGO_M3200_Defined_minimal_medium.yaml	CultureMech:009643	Defined minimal medium	15	no pH and no temperature
5	bacterial/TOGO_M3201_Defined_minimal_medium.yaml	CultureMech:009644	Defined minimal medium	15	no pH and no temperature
5	bacterial/TOGO_M3202_Defined_minimal_medium.yaml	CultureMech:009645	Defined minimal medium	16	no pH and no temperature
5	bacterial/TOGO_M3212_Nutrient_agar.yaml	CultureMech:009653	Nutrient agar	6	no pH and no temperature
5	bacterial/TOGO_M321_Medium_A_For_Alkaliphiles.yaml	CultureMech:009659	Medium ''A'' For Alkaliphiles	9	no pH and no temperature
5	bacterial/TOGO_M3227_LB_broth.yaml	CultureMech:009666	LB broth	3	no pH and no temperature
5	bacterial/TOGO_M3228_Defined_medium.yaml	CultureMech:009667	Defined medium	17	no pH and no temperature
5	bacterial/TOGO_M322_Renibacterium_KDM-2_Medium.yaml	CultureMech:009669	Renibacterium KDM-2 Medium	7	no pH and no temperature
5	bacterial/TOGO_M3231_Minimal_media.yaml	CultureMech:009671	Minimal media	10	no pH and no temperature
5	bacterial/TOGO_M3233_Seed_medium.yaml	CultureMech:009672	Seed medium	8	no pH and no temperature
5	bacterial/TOGO_M323_PYG_Agar_H.yaml	CultureMech:009677	PYG Agar (H)	5	no pH and no temperature
5	bacterial/TOGO_M3246_9_K_medium.yaml	CultureMech:009679	9 K medium	6	no pH and no temperature
5	bacterial/TOGO_M324_Halobius_Medium.yaml	CultureMech:009682	Halobius Medium	9	no pH and no temperature
5	bacterial/TOGO_M3254_MB_medium.yaml	CultureMech:009686	MB medium	38	no pH and no temperature
5	bacterial/TOGO_M325_Sporotomaculum_Medium.yaml	CultureMech:009687	Sporotomaculum Medium	13	no pH and no temperature
5	bacterial/TOGO_M326_Antarctic_Bacterial_Medium.yaml	CultureMech:009689	Antarctic Bacterial Medium	4	no pH and no temperature
5	bacterial/TOGO_M3270_Tmbs4_Medium.yaml	CultureMech:009690	Tmbs4 Medium	11	no pH and no temperature
5	bacterial/TOGO_M327_Synthetic_Low_Nutrient_Agar_SNA.yaml	CultureMech:009694	Synthetic Low Nutrient Agar (SNA)	8	no pH and no temperature
5	bacterial/TOGO_M3283_Pectin_Medium.yaml	CultureMech:009697	Pectin Medium	8	no pH and no temperature
5	bacterial/TOGO_M3287_MNYP_medium.yaml	CultureMech:009701	MNYP medium	10	no pH and no temperature
5	bacterial/TOGO_M328_Potato-Sucrose_Agar.yaml	CultureMech:009702	Potato-Sucrose Agar	4	no pH and no temperature
5	bacterial/TOGO_M3290_modified_PYG_Medium.yaml	CultureMech:009703	modified PYG Medium	20	no pH and no temperature
5	bacterial/TOGO_M329_YpSs_Agar.yaml	CultureMech:009706	YpSs Agar	6	no pH and no temperature
5	bacterial/TOGO_M32_Glucose-Asparagine_Agar.yaml	CultureMech:009707	Glucose-Asparagine Agar	5	no pH and no temperature
5	bacterial/TOGO_M334_SD0_Medium.yaml	CultureMech:009712	SD0 Medium	11	no pH and no temperature
5	bacterial/TOGO_M335_MBM_Medium.yaml	CultureMech:009713	MBM Medium	13	no pH and no temperature
5	bacterial/TOGO_M336_VY_2-ASW_Agar.yaml	CultureMech:009714	VY/2-ASW Agar	4	no pH and no temperature
5	bacterial/TOGO_M337_Brain_Heart_Infusion_Agar_With_Soil_Extract.yaml	CultureMech:009715	Brain Heart Infusion Agar With Soil Extract	7	no pH and no temperature
5	bacterial/TOGO_M338_Miura_Medium_LCA.yaml	CultureMech:009716	Miura Medium (LCA)	8	no pH and no temperature
5	bacterial/TOGO_M339_HNW_Medium.yaml	CultureMech:009717	HNW Medium	7	no pH and no temperature
5	bacterial/TOGO_M341_R2A_Agar.yaml	CultureMech:009720	R2A Agar	10	no pH and no temperature
5	bacterial/TOGO_M342_SME_Medium.yaml	CultureMech:009721	SME Medium	11	no pH and no temperature
5	bacterial/TOGO_M344_Ancylobacter-Spirosoma_Medium.yaml	CultureMech:009723	Ancylobacter-Spirosoma Medium	5	no pH and no temperature
5	bacterial/TOGO_M347_JT_Medium.yaml	CultureMech:009726	JT Medium	13	no pH and no temperature
5	bacterial/TOGO_M348_Modified_Sulfate_Reducing_Bacteria_Medium.yaml	CultureMech:009727	Modified Sulfate Reducing Bacteria Medium	20	no pH and no temperature
5	bacterial/TOGO_M34_Yeast-Starch_Agar_A.yaml	CultureMech:009729	Yeast-Starch Agar (A)	4	no pH and no temperature
5	bacterial/TOGO_M350_MJ_Basal_Medium.yaml	CultureMech:009730	MJ Basal Medium	6	no pH and no temperature
5	bacterial/TOGO_M352_ATYP_Medium.yaml	CultureMech:009732	ATYP Medium	27	no pH and no temperature
5	bacterial/TOGO_M354_MMJ_Medium.yaml	CultureMech:009734	MMJ Medium	19	no pH and no temperature
5	bacterial/TOGO_M356_MGP_Medium.yaml	CultureMech:009736	MGP Medium	13	no pH and no temperature
5	bacterial/TOGO_M357_PY4S_Agar.yaml	CultureMech:009737	PY4S Agar	13	no pH and no temperature
5	bacterial/TOGO_M359_Deferribacter_Abyssi_Medium.yaml	CultureMech:009739	Deferribacter Abyssi Medium	12	no pH and no temperature
5	bacterial/TOGO_M360_Vulcanithermus_Mediatlanticus_Medium.yaml	CultureMech:009741	Vulcanithermus Mediatlanticus Medium	11	no pH and no temperature
5	bacterial/TOGO_M361_Caminibacter_Medium.yaml	CultureMech:009742	Caminibacter Medium	13	no pH and no temperature
5	bacterial/TOGO_M362_MJAIS_Medium.yaml	CultureMech:009743	MJAIS Medium	34	no pH and no temperature
5	bacterial/TOGO_M363_MMJH_Medium.yaml	CultureMech:009744	MMJH Medium	20	no pH and no temperature
5	bacterial/TOGO_M364_Tepidanaerobacter_Medium.yaml	CultureMech:009745	Tepidanaerobacter Medium	13	no pH and no temperature
5	bacterial/TOGO_M365_Thermovibrio_Ammonificans_Medium.yaml	CultureMech:009746	Thermovibrio Ammonificans Medium	15	no pH and no temperature
5	bacterial/TOGO_M366_TH_Agar.yaml	CultureMech:009747	TH Agar	12	no pH and no temperature
5	bacterial/TOGO_M368_MJ-N_Basal_Medium.yaml	CultureMech:009748	MJ-N Basal Medium	3	no pH and no temperature
5	bacterial/TOGO_M36_Bennett_s_Agar.yaml	CultureMech:009750	Bennett's Agar	6	no pH and no temperature
5	bacterial/TOGO_M371_Lentibacillus_Medium.yaml	CultureMech:009752	Lentibacillus Medium	10	no pH and no temperature
5	bacterial/TOGO_M372_Lentibacillus_Medium.yaml	CultureMech:009753	Lentibacillus Medium	11	no pH and no temperature
5	bacterial/TOGO_M373_Alkaliphilus_Crotonatoxidans_Medium.yaml	CultureMech:009754	Alkaliphilus Crotonatoxidans Medium	27	no pH and no temperature
5	bacterial/TOGO_M374_Carnobacterium_Pleistocaenium_Medium.yaml	CultureMech:009755	Carnobacterium Pleistocaenium Medium	14	no pH and no temperature
5	bacterial/TOGO_M375_Gelidivirgula_Medium.yaml	CultureMech:009756	Gelidivirgula Medium	13	no pH and no temperature
5	bacterial/TOGO_M376_Trichococcus_Medium.yaml	CultureMech:009757	Trichococcus Medium	13	no pH and no temperature
5	bacterial/TOGO_M377_AGC2_Medium.yaml	CultureMech:009758	AGC2 Medium	11	no pH and no temperature
5	bacterial/TOGO_M378_Desulfobacterium_Medium.yaml	CultureMech:009759	Desulfobacterium Medium	16	no pH and no temperature
5	bacterial/TOGO_M37_Maltose-Bennett_s_Agar.yaml	CultureMech:009761	Maltose-Bennett's Agar	6	no pH and no temperature
5	bacterial/TOGO_M382_PYGV_Agar.yaml	CultureMech:009763	PYGV Agar	5	no pH and no temperature
5	bacterial/TOGO_M383_MV_Lactate_Medium.yaml	CultureMech:009764	MV/Lactate Medium	13	no pH and no temperature
5	bacterial/TOGO_M384_Desulfovibrio_Medium.yaml	CultureMech:009765	Desulfovibrio Medium	14	no pH and no temperature
5	bacterial/TOGO_M385_JI_Medium.yaml	CultureMech:009766	JI Medium	13	no pH and no temperature
5	bacterial/TOGO_M387_Marine_Desulfosarcina_Medium.yaml	CultureMech:009768	Marine Desulfosarcina Medium	14	no pH and no temperature
5	bacterial/TOGO_M388_Marinobacter_Alkaliphilus_Medium.yaml	CultureMech:009769	Marinobacter Alkaliphilus Medium	4	no pH and no temperature
5	bacterial/TOGO_M389_Desulfobacterium_Niacini_Medium.yaml	CultureMech:009770	Desulfobacterium Niacini Medium	15	no pH and no temperature
5	bacterial/TOGO_M38_5_G_Medium.yaml	CultureMech:009771	5 G Medium	5	no pH and no temperature
5	bacterial/TOGO_M390_Desulfobacterium_Vacuolatum_Medium.yaml	CultureMech:009772	Desulfobacterium Vacuolatum Medium	15	no pH and no temperature
5	bacterial/TOGO_M391_Desulfobacterium_Cetonicum_Medium.yaml	CultureMech:009773	Desulfobacterium Cetonicum Medium	13	no pH and no temperature
5	bacterial/TOGO_M392_Desulfosarcina_Ovata_Medium.yaml	CultureMech:009774	Desulfosarcina Ovata Medium	17	no pH and no temperature
5	bacterial/TOGO_M393_TD3_Medium.yaml	CultureMech:009775	TD3 Medium	18	no pH and no temperature
5	bacterial/TOGO_M395_Desulfovibrio_Magneticus_Medium.yaml	CultureMech:009777	Desulfovibrio Magneticus Medium	9	no pH and no temperature
5	bacterial/TOGO_M396_Desulfovibrio_Piger_Medium.yaml	CultureMech:009778	Desulfovibrio Piger Medium	13	no pH and no temperature
5	bacterial/TOGO_M397_Propionivibrio_Medium.yaml	CultureMech:009779	Propionivibrio Medium	14	no pH and no temperature
5	bacterial/TOGO_M39_6_B_Medium.yaml	CultureMech:009782	6 B Medium	8	no pH and no temperature
5	bacterial/TOGO_M3_Nutrient_Broth_With_1.0_NaCl.yaml	CultureMech:009783	Nutrient Broth With 1.0% NaCl	4	no pH and no temperature
5	bacterial/TOGO_M401_Acetobacterium_Submarinus_Medium.yaml	CultureMech:009785	Acetobacterium Submarinus Medium	26	no pH and no temperature
5	bacterial/TOGO_M402_YPG_Medium.yaml	CultureMech:009786	YPG Medium	10	no pH and no temperature
5	bacterial/TOGO_M405_Nutrient_Agar_With_50_Soil_Extract_And_5_NaCl.yaml	CultureMech:009789	Nutrient Agar With 50% Soil Extract And 5% NaCl	5	no pH and no temperature
5	bacterial/TOGO_M406_15_MH_Medium.yaml	CultureMech:009790	15% MH Medium	11	no pH and no temperature
5	bacterial/TOGO_M40_Peptone_Corn_Agar.yaml	CultureMech:009794	Peptone Corn Agar	7	no pH and no temperature
5	bacterial/TOGO_M410_Fe_III_-Reducer_Freshwater_Enrichment_Medium.yaml	CultureMech:009795	Fe(III)-Reducer Freshwater Enrichment Medium	13	no pH and no temperature
5	bacterial/TOGO_M411_MMJS_Medium.yaml	CultureMech:009796	MMJS Medium	18	no pH and no temperature
5	bacterial/TOGO_M412_Modified_SOB_Medium.yaml	CultureMech:009797	Modified SOB Medium	19	no pH and no temperature
5	bacterial/TOGO_M415_MJYTFSH_Medium.yaml	CultureMech:009800	MJYTFSH Medium	23	no pH and no temperature
5	bacterial/TOGO_M417_Inorganic_Mineral_Medium_With_Thiosulfate.yaml	CultureMech:009802	Inorganic Mineral Medium With Thiosulfate	18	no pH and no temperature
5	bacterial/TOGO_M418_MJAIS_MD_Medium.yaml	CultureMech:009803	MJAIS/MD Medium	24	no pH and no temperature
5	bacterial/TOGO_M419_MMJHS_Medium.yaml	CultureMech:009804	MMJHS Medium	7	no pH and no temperature
5	bacterial/TOGO_M420_MMJHS_Medium.yaml	CultureMech:009806	MMJHS Medium	7	no pH and no temperature
5	bacterial/TOGO_M421_MMJHS_Medium.yaml	CultureMech:009807	MMJHS Medium	7	no pH and no temperature
5	bacterial/TOGO_M423_PYG_Medium_B.yaml	CultureMech:009809	PYG Medium (B)	11	no pH and no temperature
5	bacterial/TOGO_M426_Beer_Medium.yaml	CultureMech:009811	Beer Medium	11	no pH and no temperature
5	bacterial/TOGO_M427_TSBY_Salt_Medium.yaml	CultureMech:009812	TSBY Salt Medium	14	no pH and no temperature
5	bacterial/TOGO_M428_PY_Medium.yaml	CultureMech:009813	PY Medium	6	no pH and no temperature
5	bacterial/TOGO_M429_NPB_Medium.yaml	CultureMech:009814	NPB Medium	7	no pH and no temperature
5	bacterial/TOGO_M42_Oatmeal_Agar_ISP-3.yaml	CultureMech:009815	Oatmeal Agar (ISP-3)	6	no pH and no temperature
5	bacterial/TOGO_M430_Desulfosporomusa_Medium.yaml	CultureMech:009816	Desulfosporomusa Medium	11	no pH and no temperature
5	bacterial/TOGO_M431_BN3_Medium.yaml	CultureMech:009817	BN3 Medium	30	no pH and no temperature
5	bacterial/TOGO_M432_Pseudomonas_Carboxydohydrogena_Medium.yaml	CultureMech:009818	Pseudomonas Carboxydohydrogena Medium	15	no pH and no temperature
5	bacterial/TOGO_M433_Pseudomonas_Halophila_Medium.yaml	CultureMech:009819	Pseudomonas Halophila Medium	24	no pH and no temperature
5	bacterial/TOGO_M434_Anaerolinea_Medium.yaml	CultureMech:009820	Anaerolinea Medium	13	no pH and no temperature
5	bacterial/TOGO_M435_Anaerolinea_Medium-B.yaml	CultureMech:009821	Anaerolinea Medium-B	13	no pH and no temperature
5	bacterial/TOGO_M437_N-Z_Amine_With_Soluble_Starch_And_Glucose.yaml	CultureMech:009822	N-Z Amine With Soluble Starch And Glucose	7	no pH and no temperature
5	bacterial/TOGO_M438_RT2_Medium.yaml	CultureMech:009823	RT2 Medium	16	no pH and no temperature
5	bacterial/TOGO_M439_Desulfovibrio_Aerotolerans_DVO5_Medium.yaml	CultureMech:009824	Desulfovibrio Aerotolerans DVO5 Medium	21	no pH and no temperature
5	bacterial/TOGO_M440_TB2_Medium.yaml	CultureMech:009826	TB2 Medium	15	no pH and no temperature
5	bacterial/TOGO_M442_Modified_Growth_Medium_With_Pyruvate.yaml	CultureMech:009828	Modified Growth Medium With Pyruvate	10	no pH and no temperature
5	bacterial/TOGO_M443_LB_Luria-Bertani_Agar.yaml	CultureMech:009829	LB (Luria-Bertani) Agar	5	no pH and no temperature
5	bacterial/TOGO_M444_Lentibacillus_Ganousis_Medium.yaml	CultureMech:009830	Lentibacillus Ganousis Medium	11	no pH and no temperature
5	bacterial/TOGO_M445_Lentibacillus_Ganousis_Medium.yaml	CultureMech:009831	Lentibacillus Ganousis Medium	12	no pH and no temperature
5	bacterial/TOGO_M446_Halobacillus_Aidingensis_Medium.yaml	CultureMech:009832	Halobacillus Aidingensis Medium	9	no pH and no temperature
5	bacterial/TOGO_M447_Mjtso_Medium.yaml	CultureMech:009833	Mjtso Medium	27	no pH and no temperature
5	bacterial/TOGO_M449_KA22_Medium.yaml	CultureMech:009835	KA22 Medium	12	no pH and no temperature
5	bacterial/TOGO_M44_Oatmeal-Nitrate_Agar.yaml	CultureMech:009836	Oatmeal-Nitrate Agar	6	no pH and no temperature
5	bacterial/TOGO_M450_GYPS_Medium.yaml	CultureMech:009837	GYPS Medium	7	no pH and no temperature
5	bacterial/TOGO_M451_Anoxic_Medium_For_Strain_AcBE2-1.yaml	CultureMech:009838	Anoxic Medium For Strain AcBE2-1	11	no pH and no temperature
5	bacterial/TOGO_M453_1_5_Nutrient_Agar_NO._2.yaml	CultureMech:009840	1/5 Nutrient Agar NO. 2	5	no pH and no temperature
5	bacterial/TOGO_M454_Spirochaeta_Californiensis_Medium.yaml	CultureMech:009841	Spirochaeta Californiensis Medium	13	no pH and no temperature
5	bacterial/TOGO_M456_PYG_Medium_C.yaml	CultureMech:009843	PYG Medium (C)	3	no pH and no temperature
5	bacterial/TOGO_M459_Capnocytophaga_Medium.yaml	CultureMech:009846	Capnocytophaga Medium	8	no pH and no temperature
5	bacterial/TOGO_M45_MGA_Agar.yaml	CultureMech:009847	MGA Agar	9	no pH and no temperature
5	bacterial/TOGO_M460_Fluid_Thioglycollate_Medium.yaml	CultureMech:009848	Fluid Thioglycollate Medium	11	no pH and no temperature
5	bacterial/TOGO_M461_Chopped_Meat_Medium.yaml	CultureMech:009849	Chopped Meat Medium	9	no pH and no temperature
5	bacterial/TOGO_M462_Chopped_Meat_Medium.yaml	CultureMech:009850	Chopped Meat Medium	10	no pH and no temperature
5	bacterial/TOGO_M463_Saltwater_Medium_With_Lactate.yaml	CultureMech:009851	Saltwater Medium With Lactate	19	no pH and no temperature
5	bacterial/TOGO_M464_Saltwater_Medium_With_Acetate_And_Ferric_Citrate.yaml	CultureMech:009852	Saltwater Medium With Acetate And Ferric Citrate	18	no pH and no temperature
5	bacterial/TOGO_M465_HP_101_Halophile_Medium.yaml	CultureMech:009853	HP 101 Halophile Medium	7	no pH and no temperature
5	bacterial/TOGO_M466_Chopped_Meat_Medium_With_Carbohydrates.yaml	CultureMech:009854	Chopped Meat Medium With Carbohydrates	4	no pH and no temperature
5	bacterial/TOGO_M467_Mycobacterium_Medium.yaml	CultureMech:009855	Mycobacterium Medium	11	no pH and no temperature
5	bacterial/TOGO_M468_BHI_2_Medium.yaml	CultureMech:009856	BHI/2 Medium	10	no pH and no temperature
5	bacterial/TOGO_M469_Veillonella_Medium.yaml	CultureMech:009857	Veillonella Medium	10	no pH and no temperature
5	bacterial/TOGO_M46_Potato-Carrot_Agar.yaml	CultureMech:009858	Potato-Carrot Agar	4	no pH and no temperature
5	bacterial/TOGO_M470_TSA_Hemin_Menadione_Medium.yaml	CultureMech:009859	TSA Hemin Menadione Medium	5	no pH and no temperature
5	bacterial/TOGO_M471_Vulcanibacillus_Medium.yaml	CultureMech:009860	Vulcanibacillus Medium	26	no pH and no temperature
5	bacterial/TOGO_M472_Desulfonauticus_Medium.yaml	CultureMech:009861	Desulfonauticus Medium	17	no pH and no temperature
5	bacterial/TOGO_M476_Trypticase_Soy_Broth_Agar.yaml	CultureMech:009862	Trypticase Soy Broth Agar	8	no pH and no temperature
5	bacterial/TOGO_M477_Bacillus_Okhensis_Medium.yaml	CultureMech:009863	Bacillus Okhensis Medium	7	no pH and no temperature
5	bacterial/TOGO_M478_Methanosaeta_Brevibacterium_Medium.yaml	CultureMech:009864	Methanosaeta Brevibacterium Medium	16	no pH and no temperature
5	bacterial/TOGO_M479_Modified_MMJHS_Medium_For_GO25.yaml	CultureMech:009865	Modified MMJHS Medium For GO25	20	no pH and no temperature
5	bacterial/TOGO_M47_1_10_Potato-Carrot_Agar.yaml	CultureMech:009866	1/10 Potato-Carrot Agar	4	no pH and no temperature
5	bacterial/TOGO_M480_Thermodesulfovibrio_Medium.yaml	CultureMech:009867	Thermodesulfovibrio Medium	13	no pH and no temperature
5	bacterial/TOGO_M481_Modified_Sporomusa_Medium.yaml	CultureMech:009868	Modified Sporomusa Medium	22	no pH and no temperature
5	bacterial/TOGO_M482_Reinforced_Clostridial_Medium_With_3_Sea_Salt.yaml	CultureMech:009869	Reinforced Clostridial Medium With 3%  Sea Salt	4	no pH and no temperature
5	bacterial/TOGO_M483_Reinforced_Clostridial_Medium_With_4_Sea_Salt.yaml	CultureMech:009870	Reinforced Clostridial Medium With 4%  Sea Salt	4	no pH and no temperature
5	bacterial/TOGO_M484_Ethanologenbacterium_Medium.yaml	CultureMech:009871	Ethanologenbacterium Medium	26	no pH and no temperature
5	bacterial/TOGO_M486_Trypticase_Soy_Broth_Agar_With_10_KCl.yaml	CultureMech:009873	Trypticase Soy Broth Agar With 10% KCl	9	no pH and no temperature
5	bacterial/TOGO_M488_Trypticase_Soy_Broth_Agar_With_10_NaCl.yaml	CultureMech:009875	Trypticase Soy Broth Agar With 10% NaCl	9	no pH and no temperature
5	bacterial/TOGO_M48_Sporulation_Agar.yaml	CultureMech:009877	Sporulation Agar	7	no pH and no temperature
5	bacterial/TOGO_M490_Catonella_Ureilytica_Medium.yaml	CultureMech:009878	Catonella Ureilytica Medium	10	no pH and no temperature
5	bacterial/TOGO_M491_Mg50_Medium.yaml	CultureMech:009879	Mg50 Medium	26	no pH and no temperature
5	bacterial/TOGO_M492_1_2_MRS_1_2_BHI_Agar.yaml	CultureMech:009880	1/2 MRS + 1/2 BHI Agar	9	no pH and no temperature
5	bacterial/TOGO_M493_MMJ-TL_Medium.yaml	CultureMech:009881	MMJ-TL Medium	18	no pH and no temperature
5	bacterial/TOGO_M494_MMJ-HO_Medium.yaml	CultureMech:009882	MMJ-HO Medium	6	no pH and no temperature
5	bacterial/TOGO_M495_MMJ-MH_Medium.yaml	CultureMech:009883	MMJ-MH Medium	8	no pH and no temperature
5	bacterial/TOGO_M496_MMJ-DO_Medium.yaml	CultureMech:009884	MMJ-DO Medium	9	no pH and no temperature
5	bacterial/TOGO_M497_Modified_Biebl_And_Pfennig_s_Medium.yaml	CultureMech:009885	Modified Biebl And Pfennig's Medium	17	no pH and no temperature
5	bacterial/TOGO_M498_Modified_Eichler_And_Pfennig_s_Medium.yaml	CultureMech:009886	Modified Eichler And Pfennig's Medium	11	no pH and no temperature
5	bacterial/TOGO_M49_Yeast-Krainsky_s_Agar.yaml	CultureMech:009888	Yeast-Krainsky's Agar	6	no pH and no temperature
5	bacterial/TOGO_M4_Lactobacillus_Medium_I.yaml	CultureMech:009889	Lactobacillus Medium I	10	no pH and no temperature
5	bacterial/TOGO_M500_Sulfate-Free_Syntrophomonus_Medium.yaml	CultureMech:009890	Sulfate-Free Syntrophomonus Medium	21	no pH and no temperature
5	bacterial/TOGO_M501_TYE_Medium.yaml	CultureMech:009891	TYE Medium	16	no pH and no temperature
5	bacterial/TOGO_M504_UI_Medium.yaml	CultureMech:009894	UI Medium	13	no pH and no temperature
5	bacterial/TOGO_M505_NE23-3_Medium.yaml	CultureMech:009895	NE23-3 Medium	12	no pH and no temperature
5	bacterial/TOGO_M506_Mueller_Hinton_II_Agar_With_1_Glucose_And_1_Glycerol.yaml	CultureMech:009896	Mueller Hinton II Agar With 1% Glucose And 1% Glycerol	4	no pH and no temperature
5	bacterial/TOGO_M509_Modified_MMJS_Medium.yaml	CultureMech:009899	Modified MMJS Medium	24	no pH and no temperature
5	bacterial/TOGO_M50_Inorganic_Salts-Starch_Agar_ISP-4.yaml	CultureMech:009900	Inorganic Salts-Starch Agar (ISP-4)	11	no pH and no temperature
5	bacterial/TOGO_M510_MRS_Medium_With_5_NaCl.yaml	CultureMech:009901	MRS Medium With 5% NaCl	4	no pH and no temperature
5	bacterial/TOGO_M511_NMS_Medium.yaml	CultureMech:009902	NMS Medium	17	no pH and no temperature
5	bacterial/TOGO_M512_Desulfobulbus_Medium.yaml	CultureMech:009903	Desulfobulbus Medium	11	no pH and no temperature
5	bacterial/TOGO_M513_A1_Medium.yaml	CultureMech:009904	A1 Medium	36	no pH and no temperature
5	bacterial/TOGO_M515_Glucose_Sulfide_Medium.yaml	CultureMech:009906	Glucose Sulfide Medium	21	no pH and no temperature
5	bacterial/TOGO_M516_Rhodovulum_Visakhum_Medium.yaml	CultureMech:009907	Rhodovulum Visakhum Medium	10	no pH and no temperature
5	bacterial/TOGO_M517_Rhodobium_Gokurnum_Medium.yaml	CultureMech:009908	Rhodobium Gokurnum Medium	17	no pH and no temperature
5	bacterial/TOGO_M519_Peptone-Meat_Extract-Glycerol_Agar.yaml	CultureMech:009910	Peptone-Meat Extract-Glycerol Agar	5	no pH and no temperature
5	bacterial/TOGO_M51_CM_YE_Medium.yaml	CultureMech:009911	CM+YE Medium	9	no pH and no temperature
5	bacterial/TOGO_M520_Syntrophomonas_Medium_for_Syntrophospora_cellicola_19J-3.yaml	CultureMech:009912	Syntrophomonas Medium (for Syntrophospora cellicola 19J-3)	22	no pH and no temperature
5	bacterial/TOGO_M521_Rhodovulum_Imhoffii_Medium.yaml	CultureMech:009913	Rhodovulum Imhoffii Medium	19	no pH and no temperature
5	bacterial/TOGO_M522_Modified_Desulfoglaeba_Alkanexedens_Medium.yaml	CultureMech:009914	Modified Desulfoglaeba Alkanexedens Medium	13	no pH and no temperature
5	bacterial/TOGO_M524_Methylothermus_Subterraneus_Medium.yaml	CultureMech:009916	Methylothermus Subterraneus Medium	25	no pH and no temperature
5	bacterial/TOGO_M525_Methane_Oxidizing_Bacterium_Medium.yaml	CultureMech:009917	Methane Oxidizing Bacterium Medium	16	no pH and no temperature
5	bacterial/TOGO_M52_Glycerol-Asparagine_Agar_ISP-5.yaml	CultureMech:009922	Glycerol-Asparagine Agar (ISP-5)	8	no pH and no temperature
5	bacterial/TOGO_M531_Thioglycollate_Medium.yaml	CultureMech:009924	Thioglycollate Medium	3	no pH and no temperature
5	bacterial/TOGO_M533_Bacillus_Filiformis_Medium.yaml	CultureMech:009925	Bacillus Filiformis Medium	9	no pH and no temperature
5	bacterial/TOGO_M535_Marichromatium_Bheemlicum_Medium.yaml	CultureMech:009927	Marichromatium Bheemlicum Medium	19	no pH and no temperature
5	bacterial/TOGO_M536_Flavobacterium_M1_Agar.yaml	CultureMech:009928	Flavobacterium M1 Agar	6	no pH and no temperature
5	bacterial/TOGO_M537_PY_Medium_B.yaml	CultureMech:009929	PY Medium (B)	9	no pH and no temperature
5	bacterial/TOGO_M538_PHE91_Medium.yaml	CultureMech:009930	PHE91 Medium	19	no pH and no temperature
5	bacterial/TOGO_M539_Treponema_Isopterocola_Medium.yaml	CultureMech:009931	Treponema Isopterocola Medium	35	no pH and no temperature
5	bacterial/TOGO_M53_Yeast-Starch_Agar_B.yaml	CultureMech:009932	Yeast-Starch Agar (B)	6	no pH and no temperature
5	bacterial/TOGO_M540_Brucella_Broth.yaml	CultureMech:009933	Brucella Broth	7	no pH and no temperature
5	bacterial/TOGO_M541_Modified_Synthrophomonas_Medium.yaml	CultureMech:009934	Modified Synthrophomonas Medium	13	no pH and no temperature
5	bacterial/TOGO_M542_Modified_Syntrophomonas_Medium_For_OL4.yaml	CultureMech:009935	Modified Syntrophomonas Medium For OL4	9	no pH and no temperature
5	bacterial/TOGO_M543_MV_Pyruvate_Medium.yaml	CultureMech:009936	MV/Pyruvate Medium	13	no pH and no temperature
5	bacterial/TOGO_M545_Tindallia_Texcoconensis_Medium.yaml	CultureMech:009938	Tindallia Texcoconensis Medium	16	no pH and no temperature
5	bacterial/TOGO_M546_Thermodesulfovibrio_Hydrogeniphilus_Medium.yaml	CultureMech:009939	Thermodesulfovibrio Hydrogeniphilus Medium	18	no pH and no temperature
5	bacterial/TOGO_M547_Desulfotomaculum_Lam5_Medium.yaml	CultureMech:009940	Desulfotomaculum Lam5 Medium	17	no pH and no temperature
5	bacterial/TOGO_M549_Desulfotomaculum_PBE_Medium.yaml	CultureMech:009942	Desulfotomaculum PBE Medium	8	no pH and no temperature
5	bacterial/TOGO_M54_Glycerol-Calcium_Malate_Agar.yaml	CultureMech:009943	Glycerol-Calcium Malate Agar	6	no pH and no temperature
5	bacterial/TOGO_M550_Geosporobacter_Subterreneus_Medium.yaml	CultureMech:009944	Geosporobacter Subterreneus Medium	8	no pH and no temperature
5	bacterial/TOGO_M551_Desulfovibrio_As36_Medium.yaml	CultureMech:009945	Desulfovibrio As36 Medium	13	no pH and no temperature
5	bacterial/TOGO_M552_Aminiphilus_Circumsriptus_Medium.yaml	CultureMech:009946	Aminiphilus Circumsriptus Medium	12	no pH and no temperature
5	bacterial/TOGO_M553_Desulfovibrio_Marinus_Medium.yaml	CultureMech:009947	Desulfovibrio Marinus Medium	14	no pH and no temperature
5	bacterial/TOGO_M554_Sulfate_Reducing_Bacterium_Medium_With_Lactate.yaml	CultureMech:009948	Sulfate Reducing Bacterium Medium With Lactate	16	no pH and no temperature
5	bacterial/TOGO_M555_Sulfate_Reducing_Bacterium_Medium_With_Lactate.yaml	CultureMech:009949	Sulfate Reducing Bacterium Medium With Lactate	14	no pH and no temperature
5	bacterial/TOGO_M556_Sulfate_Reducing_Bacterium_Medium_With_Pyruvate.yaml	CultureMech:009950	Sulfate Reducing Bacterium Medium With Pyruvate	13	no pH and no temperature
5	bacterial/TOGO_M557_Sulfate_Reducing_Bacterium_Medium_With_Pyruvate.yaml	CultureMech:009951	Sulfate Reducing Bacterium Medium With Pyruvate	14	no pH and no temperature
5	bacterial/TOGO_M558_Trichlorobacter_Media_TTFA.yaml	CultureMech:009952	Trichlorobacter Media (TTFA)	20	no pH and no temperature
5	bacterial/TOGO_M559_Syntrophomonas_Medium_Without_Sulfate.yaml	CultureMech:009953	Syntrophomonas Medium Without Sulfate	9	no pH and no temperature
5	bacterial/TOGO_M55_Sauton_s_Synthetic_Medium.yaml	CultureMech:009954	Sauton's Synthetic Medium	9	no pH and no temperature
5	bacterial/TOGO_M560_Methylosoma_Difficile_Medium.yaml	CultureMech:009955	Methylosoma Difficile Medium	20	no pH and no temperature
5	bacterial/TOGO_M561_Alkaline_LB_Agar.yaml	CultureMech:009956	Alkaline LB Agar	6	no pH and no temperature
5	bacterial/TOGO_M562_Magnetospirillum_Medium_A.yaml	CultureMech:009957	Magnetospirillum Medium (A)	23	no pH and no temperature
5	bacterial/TOGO_M563_1_2_SME_Medium.yaml	CultureMech:009958	1/2 SME Medium	19	no pH and no temperature
5	bacterial/TOGO_M564_Thiorhodococcus_Kakinadaii_Medium.yaml	CultureMech:009959	Thiorhodococcus Kakinadaii Medium	11	no pH and no temperature
5	bacterial/TOGO_M565_Thiorhodococcus_Bheemlicum_Medium.yaml	CultureMech:009960	Thiorhodococcus Bheemlicum Medium	12	no pH and no temperature
5	bacterial/TOGO_M567_Treponema_Zioleckii_Medium.yaml	CultureMech:009962	Treponema Zioleckii Medium	18	no pH and no temperature
5	bacterial/TOGO_M569_Desulfovibrio_HEB233_Medium.yaml	CultureMech:009964	Desulfovibrio HEB233 Medium	16	no pH and no temperature
5	bacterial/TOGO_M570_Ilyobacter_Medium.yaml	CultureMech:009966	Ilyobacter Medium	18	no pH and no temperature
5	bacterial/TOGO_M571_Venenivibrio_Stagnispumantis_Medium.yaml	CultureMech:009967	Venenivibrio Stagnispumantis Medium	13	no pH and no temperature
5	bacterial/TOGO_M572_Roseospira_Medium.yaml	CultureMech:009968	Roseospira Medium	19	no pH and no temperature
5	bacterial/TOGO_M577_Clostridiisalibacter_Paucivorans_Medium.yaml	CultureMech:009973	Clostridiisalibacter Paucivorans Medium	13	no pH and no temperature
5	bacterial/TOGO_M578_DB_Characterization_Medium_NO._2.yaml	CultureMech:009974	DB Characterization Medium NO. 2	23	no pH and no temperature
5	bacterial/TOGO_M57_Cellulose_Agar.yaml	CultureMech:009975	Cellulose Agar	13	no pH and no temperature
5	bacterial/TOGO_M580_Syntrophomonas_Palmiticicum_Medium.yaml	CultureMech:009976	Syntrophomonas Palmiticicum Medium	13	no pH and no temperature
5	bacterial/TOGO_M581_Desulfatibacillus_Olefinivorans_Medium.yaml	CultureMech:009977	Desulfatibacillus Olefinivorans Medium	23	no pH and no temperature
5	bacterial/TOGO_M582_Desulfatirhabdium_Butyrativorans_Medium.yaml	CultureMech:009978	Desulfatirhabdium Butyrativorans Medium	15	no pH and no temperature
5	bacterial/TOGO_M584_Bacillus_AA_Medium.yaml	CultureMech:009980	Bacillus AA Medium	13	no pH and no temperature
5	bacterial/TOGO_M585_Rhodobacter_Sphaeroides_Medium.yaml	CultureMech:009981	Rhodobacter Sphaeroides Medium	17	no pH and no temperature
5	bacterial/TOGO_M586_XED_Agar.yaml	CultureMech:009982	XED Agar	4	no pH and no temperature
5	bacterial/TOGO_M587_PYG_Agar_E.yaml	CultureMech:009983	PYG Agar (E)	8	no pH and no temperature
5	bacterial/TOGO_M588_GAM_Agar_With_0.5_Arginine.yaml	CultureMech:009984	GAM Agar With 0.5% Arginine	4	no pH and no temperature
5	bacterial/TOGO_M58_V8_Juice_Agar.yaml	CultureMech:009986	V8 Juice Agar	4	no pH and no temperature
5	bacterial/TOGO_M592_Desulfohimalaya_Medium.yaml	CultureMech:009989	Desulfohimalaya Medium	10	no pH and no temperature
5	bacterial/TOGO_M593_Modified_Rhodobacter_Spaeroides_Medium.yaml	CultureMech:009990	Modified Rhodobacter Spaeroides Medium	17	no pH and no temperature
5	bacterial/TOGO_M594_PY_Medium_C.yaml	CultureMech:009991	PY Medium (C)	11	no pH and no temperature
5	bacterial/TOGO_M595_A-MMX_Medium.yaml	CultureMech:009992	A-MMX Medium	10	no pH and no temperature
5	bacterial/TOGO_M596_Half_Strength_Trypticase_Soy_Broth_Agar_pH_4.0.yaml	CultureMech:009993	Half Strength Trypticase Soy Broth Agar (pH 4.0)	8	no pH and no temperature
5	bacterial/TOGO_M597_Modified_MMJS_Medium_B.yaml	CultureMech:009994	Modified MMJS Medium (B)	21	no pH and no temperature
5	bacterial/TOGO_M599_Alicycliphilus_Denitrificans_Medium.yaml	CultureMech:009996	Alicycliphilus Denitrificans Medium	12	no pH and no temperature
5	bacterial/TOGO_M5_Nutrient_Broth_With_0.5_NaCl.yaml	CultureMech:009998	Nutrient Broth With 0.5% NaCl	4	no pH and no temperature
5	bacterial/TOGO_M600_Alicycliphilus_Denitrificans_Medium.yaml	CultureMech:009999	Alicycliphilus Denitrificans Medium	13	no pH and no temperature
5	bacterial/TOGO_M601_Clostridium_Thermocellum_Medium.yaml	CultureMech:010000	Clostridium Thermocellum Medium	14	no pH and no temperature
5	bacterial/TOGO_M602_MRS_Medium_With_2.5_NaCl.yaml	CultureMech:010001	MRS Medium With 2.5% NaCl	4	no pH and no temperature
5	bacterial/TOGO_M603_Glucose_Agar.yaml	CultureMech:010002	Glucose Agar	6	no pH and no temperature
5	bacterial/TOGO_M604_Mannitol_Agar.yaml	CultureMech:010003	Mannitol Agar	6	no pH and no temperature
5	bacterial/TOGO_M606_Moderate_Halophile_Medium.yaml	CultureMech:010005	Moderate Halophile Medium	12	no pH and no temperature
5	bacterial/TOGO_M607_G5G6_Medium.yaml	CultureMech:010006	G5G6 Medium	13	no pH and no temperature
5	bacterial/TOGO_M608_Ancalomicrobium_Medium.yaml	CultureMech:010007	Ancalomicrobium Medium	4	no pH and no temperature
5	bacterial/TOGO_M609_Desulfovibrio_Magnus_Medium.yaml	CultureMech:010008	Desulfovibrio Magnus Medium	31	no pH and no temperature
5	bacterial/TOGO_M60_GYP-Sodium_Acetate-Mineral_Salts_Broth.yaml	CultureMech:010009	GYP-Sodium Acetate-Mineral Salts Broth	9	no pH and no temperature
5	bacterial/TOGO_M610_mMMJS_PT.yaml	CultureMech:010010	mMMJS/PT	22	no pH and no temperature
5	bacterial/TOGO_M611_Halomonas_Variabilis_Medium.yaml	CultureMech:010011	Halomonas Variabilis Medium	6	no pH and no temperature
5	bacterial/TOGO_M612_Cooked_Meat_Medium.yaml	CultureMech:010012	Cooked Meat Medium	3	no pH and no temperature
5	bacterial/TOGO_M613_Maltose-Yeast_Extract_Medium.yaml	CultureMech:010013	Maltose-Yeast Extract Medium	6	no pH and no temperature
5	bacterial/TOGO_M614_Halomonas_Subglaciescola_Medium.yaml	CultureMech:010014	Halomonas Subglaciescola Medium	16	no pH and no temperature
5	bacterial/TOGO_M615_Halomonas_Subglaciescola_Medium.yaml	CultureMech:010015	Halomonas Subglaciescola Medium	11	no pH and no temperature
5	bacterial/TOGO_M616_Halomonas_Medium.yaml	CultureMech:010016	Halomonas Medium	10	no pH and no temperature
5	bacterial/TOGO_M620_Reinforced_Clostridial_Medium.yaml	CultureMech:010020	Reinforced Clostridial Medium	3	no pH and no temperature
5	bacterial/TOGO_M622_Bacillus_Fumarioli_Medium.yaml	CultureMech:010022	Bacillus Fumarioli Medium	8	no pH and no temperature
5	bacterial/TOGO_M623_Thiomonas_Medium.yaml	CultureMech:010023	Thiomonas Medium	8	no pH and no temperature
5	bacterial/TOGO_M624_Thiomonas_Medium.yaml	CultureMech:010024	Thiomonas Medium	8	no pH and no temperature
5	bacterial/TOGO_M625_Desulfomicrobium_Medium.yaml	CultureMech:010025	Desulfomicrobium Medium	26	no pH and no temperature
5	bacterial/TOGO_M629_SW-20_Medium.yaml	CultureMech:010029	SW-20 Medium	9	no pH and no temperature
5	bacterial/TOGO_M630_SW-20_Medium.yaml	CultureMech:010031	SW-20 Medium	10	no pH and no temperature
5	bacterial/TOGO_M631_HYL_Medium.yaml	CultureMech:010032	HYL Medium	25	no pH and no temperature
5	bacterial/TOGO_M635_Modified_Thermus_Medium_With_3_NaCl.yaml	CultureMech:010035	Modified Thermus Medium With 3% NaCl	6	no pH and no temperature
5	bacterial/TOGO_M638_Fervidobacterium_Tianchisum_Medium.yaml	CultureMech:010038	Fervidobacterium Tianchisum Medium	17	no pH and no temperature
5	bacterial/TOGO_M639_Sulfate-Reducing_Bacterium_Medium_With_2_NaCl_And_Lactate.yaml	CultureMech:010039	Sulfate-Reducing Bacterium Medium With 2% NaCl And Lactate	13	no pH and no temperature
5	bacterial/TOGO_M63_Brain_Heart_Infusion_With_5_NaCl.yaml	CultureMech:010040	Brain Heart Infusion With 5% NaCl	8	no pH and no temperature
5	bacterial/TOGO_M640_Sulfate-Reducing_Bacterium_Medium_With_2_NaCl_And_Lactate.yaml	CultureMech:010041	Sulfate-Reducing Bacterium Medium With 2% NaCl And Lactate	14	no pH and no temperature
5	bacterial/TOGO_M641_Freshwater_Iron-Oxidizing_Bacteria_Medium.yaml	CultureMech:010042	Freshwater Iron-Oxidizing Bacteria Medium	15	no pH and no temperature
5	bacterial/TOGO_M642_Saltwater_Iron-Oxidizing_Bacteria_Medium.yaml	CultureMech:010043	Saltwater Iron-Oxidizing Bacteria Medium	17	no pH and no temperature
5	bacterial/TOGO_M644_MMB_Medium.yaml	CultureMech:010045	MMB Medium	15	no pH and no temperature
5	bacterial/TOGO_M645_MMB_Medium.yaml	CultureMech:010046	MMB Medium	6	no pH and no temperature
5	bacterial/TOGO_M646_HM_Medium.yaml	CultureMech:010047	HM Medium	11	no pH and no temperature
5	bacterial/TOGO_M647_TMVL_Agar.yaml	CultureMech:010048	TMVL Agar	9	no pH and no temperature
5	bacterial/TOGO_M648_Alkaliphilus_Succinacidus_Medium.yaml	CultureMech:010049	Alkaliphilus Succinacidus Medium	14	no pH and no temperature
5	bacterial/TOGO_M649_Clostridium_Bovis_Medium.yaml	CultureMech:010050	Clostridium Bovis Medium	14	no pH and no temperature
5	bacterial/TOGO_M651_Clostridium_R6_Medium.yaml	CultureMech:010053	Clostridium R6 Medium	15	no pH and no temperature
5	bacterial/TOGO_M653_Cellulosilyticum_Ruminicola_Medium.yaml	CultureMech:010055	Cellulosilyticum Ruminicola Medium	12	no pH and no temperature
5	bacterial/TOGO_M654_Clostridium_SW_Medium.yaml	CultureMech:010056	Clostridium SW Medium	16	no pH and no temperature
5	bacterial/TOGO_M655_NCDC-99X_Medium.yaml	CultureMech:010057	NCDC-99X Medium	16	no pH and no temperature
5	bacterial/TOGO_M656_Moorella_AN10_Medium.yaml	CultureMech:010058	Moorella AN10 Medium	17	no pH and no temperature
5	bacterial/TOGO_M657_VRI_Medium.yaml	CultureMech:010059	VRI Medium	27	no pH and no temperature
5	bacterial/TOGO_M65_Nutrient_Agar.yaml	CultureMech:010062	Nutrient Agar	4	no pH and no temperature
5	bacterial/TOGO_M661_Rhodospirillum_Medium.yaml	CultureMech:010064	Rhodospirillum Medium	7	no pH and no temperature
5	bacterial/TOGO_M662_Thiocapsa_Medium.yaml	CultureMech:010065	Thiocapsa Medium	13	no pH and no temperature
5	bacterial/TOGO_M663_Rhodobacter_Dangmalensis_Medium.yaml	CultureMech:010066	Rhodobacter Dangmalensis Medium	9	no pH and no temperature
5	bacterial/TOGO_M664_Rhodovulum_Kholense_Medium.yaml	CultureMech:010067	Rhodovulum Kholense Medium	8	no pH and no temperature
5	bacterial/TOGO_M665_Thiophaeococcus_Medium.yaml	CultureMech:010068	Thiophaeococcus Medium	12	no pH and no temperature
5	bacterial/TOGO_M666_SAP2_Medium.yaml	CultureMech:010069	SAP2 Medium	10	no pH and no temperature
5	bacterial/TOGO_M667_Trypticase_Soy_Agar_With_0.5_x_Artificial_Seawater.yaml	CultureMech:010070	Trypticase Soy Agar With 0.5 x Artificial Seawater	6	no pH and no temperature
5	bacterial/TOGO_M668_Symbiobacterium_Medium.yaml	CultureMech:010071	Symbiobacterium Medium	8	no pH and no temperature
5	bacterial/TOGO_M669_Symbiobacterium_Medium.yaml	CultureMech:010072	Symbiobacterium Medium	9	no pH and no temperature
5	bacterial/TOGO_M66_Trypticase_Soy_Agar.yaml	CultureMech:010073	Trypticase Soy Agar	7	no pH and no temperature
5	bacterial/TOGO_M670_Postgate_J._R_S_Medium_C.yaml	CultureMech:010074	Postgate J. R'S Medium C	10	no pH and no temperature
5	bacterial/TOGO_M673_Phaeospirillum_Medium.yaml	CultureMech:010077	Phaeospirillum Medium	10	no pH and no temperature
5	bacterial/TOGO_M674_Rhodoplanes_Medium.yaml	CultureMech:010078	Rhodoplanes Medium	10	no pH and no temperature
5	bacterial/TOGO_M675_Pelagicoccus_Agar.yaml	CultureMech:010079	Pelagicoccus Agar	9	no pH and no temperature
5	bacterial/TOGO_M677_Magnetospirillum_Gryphiswaldense_Medium.yaml	CultureMech:010081	Magnetospirillum Gryphiswaldense Medium	8	no pH and no temperature
5	bacterial/TOGO_M678_Magnetospirillum_Gryphiswaldense_Medium.yaml	CultureMech:010082	Magnetospirillum Gryphiswaldense Medium	9	no pH and no temperature
5	bacterial/TOGO_M679_Modified_AM5_Medium.yaml	CultureMech:010083	Modified AM5 Medium	11	no pH and no temperature
5	bacterial/TOGO_M683_Freshwater_Iron_GEL_Medium.yaml	CultureMech:010088	Freshwater Iron GEL Medium	24	no pH and no temperature
5	bacterial/TOGO_M687_Magnetospirillum_Medium_B.yaml	CultureMech:010092	Magnetospirillum Medium (B)	10	no pH and no temperature
5	bacterial/TOGO_M688_Magnetospirillum_Medium_B.yaml	CultureMech:010093	Magnetospirillum Medium (B)	9	no pH and no temperature
5	bacterial/TOGO_M689_Spirochaeta_Caldaria_Medium.yaml	CultureMech:010094	Spirochaeta Caldaria Medium	7	no pH and no temperature
5	bacterial/TOGO_M68_GYP_Agar.yaml	CultureMech:010095	GYP Agar	10	no pH and no temperature
5	bacterial/TOGO_M690_Thermoanaerobium_Medium.yaml	CultureMech:010096	Thermoanaerobium Medium	24	no pH and no temperature
5	bacterial/TOGO_M691_Flexibacter_Canadensis_Medium.yaml	CultureMech:010097	Flexibacter Canadensis Medium	10	no pH and no temperature
5	bacterial/TOGO_M693_PYG_Medium_F.yaml	CultureMech:010099	PYG Medium (F)	11	no pH and no temperature
5	bacterial/TOGO_M694_Ruminococcus_Albus_Medium.yaml	CultureMech:010100	Ruminococcus Albus Medium	22	no pH and no temperature
5	bacterial/TOGO_M695_PYG_Medium_G.yaml	CultureMech:010101	PYG Medium (G)	15	no pH and no temperature
5	bacterial/TOGO_M697_Halanaerobaculum_Tunisiense_Medium.yaml	CultureMech:010103	Halanaerobaculum Tunisiense Medium	12	no pH and no temperature
5	bacterial/TOGO_M698_Dehalogenimonas_Medium.yaml	CultureMech:010104	Dehalogenimonas Medium	17	no pH and no temperature
5	bacterial/TOGO_M699_Desulfovibrio_Tunisiensis_Medium.yaml	CultureMech:010105	Desulfovibrio Tunisiensis Medium	14	no pH and no temperature
5	bacterial/TOGO_M69_Anaerobe_Medium_NO._1.yaml	CultureMech:010106	Anaerobe Medium NO. 1	9	no pH and no temperature
5	bacterial/TOGO_M6_BL_Agar_Glucose_Blood_Liver_Agar.yaml	CultureMech:010107	BL Agar (Glucose Blood Liver Agar)	20	no pH and no temperature
5	bacterial/TOGO_M700_Pfennig_s_Medium.yaml	CultureMech:010108	Pfennig's Medium	11	no pH and no temperature
5	bacterial/TOGO_M702_FRR_Medium.yaml	CultureMech:010110	FRR Medium	11	no pH and no temperature
5	bacterial/TOGO_M704_Alicyclobacillus_Ferrooxydans_Medium.yaml	CultureMech:010111	Alicyclobacillus Ferrooxydans Medium	9	no pH and no temperature
5	bacterial/TOGO_M705_Alicyclobacillus_Ferrooxydans_Medium.yaml	CultureMech:010112	Alicyclobacillus Ferrooxydans Medium	9	no pH and no temperature
5	bacterial/TOGO_M707_MB_Medium_With_Methanol.yaml	CultureMech:010114	MB Medium With Methanol	15	no pH and no temperature
5	bacterial/TOGO_M708_MB_Medium_With_Formate.yaml	CultureMech:010115	MB Medium With Formate	15	no pH and no temperature
5	bacterial/TOGO_M70_Methanol-Utilizing_Bacteria_Medium_B.yaml	CultureMech:010117	Methanol-Utilizing Bacteria Medium B	12	no pH and no temperature
5	bacterial/TOGO_M714_Spirochaeta_Smaeagdinae_Medium.yaml	CultureMech:010121	Spirochaeta Smaeagdinae Medium	13	no pH and no temperature
5	bacterial/TOGO_M715_Nautilia_Abyssi_Medium.yaml	CultureMech:010122	Nautilia Abyssi Medium	13	no pH and no temperature
5	bacterial/TOGO_M716_Thermodesulfatator_Atlanticus_Medium.yaml	CultureMech:010123	Thermodesulfatator Atlanticus Medium	13	no pH and no temperature
5	bacterial/TOGO_M717_GAM_Broth_With_1_Lactose.yaml	CultureMech:010124	GAM Broth With 1% Lactose	3	no pH and no temperature
5	bacterial/TOGO_M718_Acidimicrobium_Medium.yaml	CultureMech:010125	Acidimicrobium Medium	7	no pH and no temperature
5	bacterial/TOGO_M719_Acidimicrobium_Medium.yaml	CultureMech:010126	Acidimicrobium Medium	7	no pH and no temperature
5	bacterial/TOGO_M71_N-Z_Amine_A_Medium.yaml	CultureMech:010127	N-Z Amine A Medium	5	no pH and no temperature
5	bacterial/TOGO_M720_Modified_Thiocapsa_Medium.yaml	CultureMech:010128	Modified Thiocapsa Medium	25	no pH and no temperature
5	bacterial/TOGO_M721_MJY_Medium_For_Pyrolinea_Marinus.yaml	CultureMech:010129	MJY Medium For Pyrolinea Marinus	5	no pH and no temperature
5	bacterial/TOGO_M722_MJY_Medium_For_Pyrolinea_Marinus.yaml	CultureMech:010130	MJY Medium For Pyrolinea Marinus	5	no pH and no temperature
5	bacterial/TOGO_M723_Low-Strength_Artificial_Seawater_Medium.yaml	CultureMech:010131	Low-Strength Artificial Seawater Medium	6	no pH and no temperature
5	bacterial/TOGO_M726_Anoxybacillus_Tunisiense_Medium.yaml	CultureMech:010134	Anoxybacillus Tunisiense Medium	18	no pH and no temperature
5	bacterial/TOGO_M727_Selenomonas_WG_Medium.yaml	CultureMech:010135	Selenomonas WG Medium	18	no pH and no temperature
5	bacterial/TOGO_M728_Sporosalibacterium_Medium.yaml	CultureMech:010136	Sporosalibacterium Medium	15	no pH and no temperature
5	bacterial/TOGO_M729_Lactate_Sulfate_Medium.yaml	CultureMech:010137	Lactate Sulfate Medium	11	no pH and no temperature
5	bacterial/TOGO_M72_Gauze_s_Synthetic_Medium_NO._1.yaml	CultureMech:010138	Gauze's Synthetic Medium NO. 1	8	no pH and no temperature
5	bacterial/TOGO_M730_Defined_Medium_For_Sulfate-Reducing_Bacteria_With_Butyrate.yaml	CultureMech:010139	Defined Medium For Sulfate-Reducing Bacteria With Butyrate	9	no pH and no temperature
5	bacterial/TOGO_M731_Defined_Medium_For_Sulfate-Reducing_Bacteria_With_Butyrate.yaml	CultureMech:010140	Defined Medium For Sulfate-Reducing Bacteria With Butyrate	10	no pH and no temperature
5	bacterial/TOGO_M732_TUA_Acetobacter_Medium.yaml	CultureMech:010141	TUA Acetobacter Medium	7	no pH and no temperature
5	bacterial/TOGO_M733_AG_Medium.yaml	CultureMech:010142	AG Medium	8	no pH and no temperature
5	bacterial/TOGO_M734_R83_Medium.yaml	CultureMech:010143	R83 Medium	10	no pH and no temperature
5	bacterial/TOGO_M736_Thermovorax_Subterraneus_Medium.yaml	CultureMech:010145	Thermovorax Subterraneus Medium	37	no pH and no temperature
5	bacterial/TOGO_M744_Thioalbus_Denitrificans_Medium.yaml	CultureMech:010149	Thioalbus Denitrificans Medium	9	no pH and no temperature
5	bacterial/TOGO_M745_CYS_Medium_For_Strain_SS.yaml	CultureMech:010150	CYS Medium For Strain SS	16	no pH and no temperature
5	bacterial/TOGO_M747_Ravot_Modified_Medium_For_Marinitoga_Litoralis.yaml	CultureMech:010152	Ravot Modified Medium For Marinitoga Litoralis	15	no pH and no temperature
5	bacterial/TOGO_M748_Ravot_Modified_Medium_For_Thermoanaerovibrio_SP._R101.yaml	CultureMech:010153	Ravot Modified Medium For Thermoanaerovibrio SP. R101	12	no pH and no temperature
5	bacterial/TOGO_M751_Desulfosporosinus_Acidiphilus_Medium.yaml	CultureMech:010157	Desulfosporosinus Acidiphilus Medium	11	no pH and no temperature
5	bacterial/TOGO_M752_Acidithiobacillus_Ferrivorans_Medium.yaml	CultureMech:010158	Acidithiobacillus Ferrivorans Medium	8	no pH and no temperature
5	bacterial/TOGO_M754_Sporomusa_Medium.yaml	CultureMech:010160	Sporomusa Medium	15	no pH and no temperature
5	bacterial/TOGO_M757_Thermaerobacter_TY_Medium.yaml	CultureMech:010163	Thermaerobacter TY Medium	6	no pH and no temperature
5	bacterial/TOGO_M758_Thermaerobacter_TY_Medium.yaml	CultureMech:010164	Thermaerobacter TY Medium	7	no pH and no temperature
5	bacterial/TOGO_M759_MY_Medium.yaml	CultureMech:010165	MY Medium	5	no pH and no temperature
5	bacterial/TOGO_M75_GAM_Semisolid.yaml	CultureMech:010166	GAM Semisolid	3	no pH and no temperature
5	bacterial/TOGO_M760_MY_Medium.yaml	CultureMech:010167	MY Medium	6	no pH and no temperature
5	bacterial/TOGO_M761_1_2_R2A_Medium_With_75_Artificial_Seawater.yaml	CultureMech:010168	1/2 R2A Medium With 75% Artificial Seawater	20	no pH and no temperature
5	bacterial/TOGO_M762_BM_For_Syntrophicus_Schinkii.yaml	CultureMech:010169	BM For Syntrophicus Schinkii	11	no pH and no temperature
5	bacterial/TOGO_M763_BM_For_Tepidanaerobacter_Acetoxydans.yaml	CultureMech:010170	BM For Tepidanaerobacter Acetoxydans	9	no pH and no temperature
5	bacterial/TOGO_M764_Enriched_Cytophaga_Agar.yaml	CultureMech:010171	Enriched Cytophaga Agar	6	no pH and no temperature
5	bacterial/TOGO_M765_MVL_Medium.yaml	CultureMech:010172	MVL Medium	11	no pH and no temperature
5	bacterial/TOGO_M766_Acetobacterium_Medium.yaml	CultureMech:010173	Acetobacterium Medium	27	no pH and no temperature
5	bacterial/TOGO_M767_Clostridium_Aerotolerans_Medium.yaml	CultureMech:010174	Clostridium Aerotolerans Medium	12	no pH and no temperature
5	bacterial/TOGO_M768_Clostridium_Thermosulfurogenes_Medium.yaml	CultureMech:010175	Clostridium Thermosulfurogenes Medium	24	no pH and no temperature
5	bacterial/TOGO_M769_Modified_HB-1_Medium.yaml	CultureMech:010176	Modified HB-1 Medium	19	no pH and no temperature
5	bacterial/TOGO_M76_2_NaCl-YPG_Agar.yaml	CultureMech:010177	2% NaCl-YPG Agar	6	no pH and no temperature
5	bacterial/TOGO_M770_MJYP2_Medium.yaml	CultureMech:010178	MJYP2 Medium	6	no pH and no temperature
5	bacterial/TOGO_M771_Mannitol_Agar_Without_Calcium_Carbonate.yaml	CultureMech:010179	Mannitol Agar Without Calcium Carbonate	5	no pH and no temperature
5	bacterial/TOGO_M772_Freshwater_Medium_With_Toluene.yaml	CultureMech:010180	Freshwater Medium With Toluene	16	no pH and no temperature
5	bacterial/TOGO_M774_Desulfobulbus_Medium_With_Lactate.yaml	CultureMech:010182	Desulfobulbus Medium With Lactate	11	no pH and no temperature
5	bacterial/TOGO_M776_Modified_Nautilia_Lithotrophica_Medium.yaml	CultureMech:010184	Modified Nautilia Lithotrophica Medium	12	no pH and no temperature
5	bacterial/TOGO_M778_Dehalospirillum_Medium.yaml	CultureMech:010186	Dehalospirillum Medium	14	no pH and no temperature
5	bacterial/TOGO_M779_MJ_Medium_For_Defferibacter_SP._Strain_Nejineji.yaml	CultureMech:010187	MJ Medium For Defferibacter SP. Strain Nejineji	21	no pH and no temperature
5	bacterial/TOGO_M77_25_Glucose_Medium.yaml	CultureMech:010188	25% Glucose Medium	6	no pH and no temperature
5	bacterial/TOGO_M780_MMJ-S304_Medium.yaml	CultureMech:010189	MMJ-S304 Medium	6	no pH and no temperature
5	bacterial/TOGO_M781_Geobacter_Daltonii_Medium.yaml	CultureMech:010190	Geobacter Daltonii Medium	10	no pH and no temperature
5	bacterial/TOGO_M782_Desulfovibrio_Mexicanus_Medium.yaml	CultureMech:010191	Desulfovibrio Mexicanus Medium	15	no pH and no temperature
5	bacterial/TOGO_M783_Dethiosulfovibrio_II_Medium.yaml	CultureMech:010192	Dethiosulfovibrio II Medium	9	no pH and no temperature
5	bacterial/TOGO_M784_Dethiosulfovibrio_Peptidovorans_Medium.yaml	CultureMech:010193	Dethiosulfovibrio Peptidovorans Medium	14	no pH and no temperature
5	bacterial/TOGO_M785_Desulfurispirillum_Alkaliphilum_Medium.yaml	CultureMech:010194	Desulfurispirillum Alkaliphilum Medium	6	no pH and no temperature
5	bacterial/TOGO_M786_Desulfurispirillum_Alkaliphilum_Medium.yaml	CultureMech:010195	Desulfurispirillum Alkaliphilum Medium	8	no pH and no temperature
5	bacterial/TOGO_M78_Modified_Sour_Dough_Medium.yaml	CultureMech:010199	Modified Sour Dough Medium	6	no pH and no temperature
5	bacterial/TOGO_M790_Alkaline_Tryptone_Soya_Broth_Medium.yaml	CultureMech:010200	Alkaline Tryptone Soya Broth Medium	3	no pH and no temperature
5	bacterial/TOGO_M792_Desulfovibrio_Oceani_Medium.yaml	CultureMech:010202	Desulfovibrio Oceani Medium	12	no pH and no temperature
5	bacterial/TOGO_M793_Synbiobacterium_KY46_Medium.yaml	CultureMech:010203	Synbiobacterium KY46 Medium	8	no pH and no temperature
5	bacterial/TOGO_M794_Synbiobacterium_KA13_Medium.yaml	CultureMech:010204	Synbiobacterium KA13 Medium	9	no pH and no temperature
5	bacterial/TOGO_M796_Modified_R2A_Medium.yaml	CultureMech:010206	Modified R2A Medium	10	no pH and no temperature
5	bacterial/TOGO_M797_Modified_R2A_Medium.yaml	CultureMech:010207	Modified R2A Medium	11	no pH and no temperature
5	bacterial/TOGO_M798_Betaine_bicarbonate_Buffered_Medium.yaml	CultureMech:010208	Betaine+bicarbonate Buffered Medium	39	no pH and no temperature
5	bacterial/TOGO_M799_Halomonas_Beimenensis_Medium.yaml	CultureMech:010209	Halomonas Beimenensis Medium	8	no pH and no temperature
5	bacterial/TOGO_M79_1_Ogawa_Medium.yaml	CultureMech:010210	1% Ogawa Medium	5	no pH and no temperature
5	bacterial/TOGO_M7_EG_Medium.yaml	CultureMech:010211	EG Medium	12	no pH and no temperature
5	bacterial/TOGO_M800_Halomonas_Beimenensis_Medium.yaml	CultureMech:010212	Halomonas Beimenensis Medium	9	no pH and no temperature
5	bacterial/TOGO_M801_Saltwater_Medium_With_Hydrogen.yaml	CultureMech:010213	Saltwater Medium With Hydrogen	12	no pH and no temperature
5	bacterial/TOGO_M802_Rumen_Fluid_Medium.yaml	CultureMech:010214	Rumen Fluid Medium	17	no pH and no temperature
5	bacterial/TOGO_M803_Mineral_Medium_For_Hydrogenophilus_Islandicum.yaml	CultureMech:010215	Mineral Medium For Hydrogenophilus Islandicum	11	no pH and no temperature
5	bacterial/TOGO_M805_MH1_Medium_For_Saliarchaeum_Rubrodurum.yaml	CultureMech:010217	MH1 Medium For Saliarchaeum Rubrodurum	24	no pH and no temperature
5	bacterial/TOGO_M806_MH1_Medium_For_Saliarchaeum_Rubrodurum.yaml	CultureMech:010218	MH1 Medium For Saliarchaeum Rubrodurum	11	no pH and no temperature
5	bacterial/TOGO_M807_MH1_Medium_For_Saliarchaeum_Acidophilum.yaml	CultureMech:010219	MH1 Medium For Saliarchaeum Acidophilum	11	no pH and no temperature
5	bacterial/TOGO_M808_Thermoanaeromonas_Medium.yaml	CultureMech:010220	Thermoanaeromonas Medium	13	no pH and no temperature
5	bacterial/TOGO_M809_Modified_Haloanaerobium_Medium.yaml	CultureMech:010221	Modified Haloanaerobium Medium	10	no pH and no temperature
5	bacterial/TOGO_M80_SM_Medium.yaml	CultureMech:010222	SM Medium	14	no pH and no temperature
5	bacterial/TOGO_M811_Clostridium_Acetate_1_Medium.yaml	CultureMech:010223	Clostridium Acetate 1 Medium	13	no pH and no temperature
5	bacterial/TOGO_M812_Caldinitratiruptor_Microaerophilus_Medium.yaml	CultureMech:010224	Caldinitratiruptor Microaerophilus Medium	13	no pH and no temperature
5	bacterial/TOGO_M813_Clostridium_TH7C1_Medium.yaml	CultureMech:010225	Clostridium TH7C1 Medium	16	no pH and no temperature
5	bacterial/TOGO_M814_Desulfosporosinus_Acidophilus_Medium.yaml	CultureMech:010226	Desulfosporosinus Acidophilus Medium	12	no pH and no temperature
5	bacterial/TOGO_M815_NAD_S1_Medium.yaml	CultureMech:010227	NAD S1 Medium	10	no pH and no temperature
5	bacterial/TOGO_M816_Clostridium_Lind_Medium.yaml	CultureMech:010228	Clostridium Lind Medium	14	no pH and no temperature
5	bacterial/TOGO_M81_S6_Medium.yaml	CultureMech:010232	S6 Medium	8	no pH and no temperature
5	bacterial/TOGO_M822_LB_Luria-Bertani_Agar_With_10_mM_Glucose.yaml	CultureMech:010235	LB (Luria-Bertani) Agar With 10 mM Glucose	6	no pH and no temperature
5	bacterial/TOGO_M823_S200_Medium.yaml	CultureMech:010236	S200 Medium	13	no pH and no temperature
5	bacterial/TOGO_M824_Lind_8A_Medium.yaml	CultureMech:010237	Lind 8A Medium	15	no pH and no temperature
5	bacterial/TOGO_M825_NHA_Medium.yaml	CultureMech:010238	NHA Medium	7	no pH and no temperature
5	bacterial/TOGO_M826_NHA_Medium.yaml	CultureMech:010239	NHA Medium	8	no pH and no temperature
5	bacterial/TOGO_M829_m_TGE_Broth_Medium.yaml	CultureMech:010242	m TGE Broth Medium	3	no pH and no temperature
5	bacterial/TOGO_M82_S6_Medium.yaml	CultureMech:010243	S6 Medium	9	no pH and no temperature
5	bacterial/TOGO_M830_Desulfitocella_Medium.yaml	CultureMech:010244	Desulfitocella Medium	15	no pH and no temperature
5	bacterial/TOGO_M831_SW-10_Medium.yaml	CultureMech:010245	SW-10 Medium	9	no pH and no temperature
5	bacterial/TOGO_M832_SW-10_Medium.yaml	CultureMech:010246	SW-10 Medium	10	no pH and no temperature
5	bacterial/TOGO_M833_GYPF_With_2.5_NaCl.yaml	CultureMech:010247	GYPF With 2.5% NaCl	7	no pH and no temperature
5	bacterial/TOGO_M834_Modified_M1_Agar.yaml	CultureMech:010248	Modified M1 Agar	6	no pH and no temperature
5	bacterial/TOGO_M836_BHI-S_Medium.yaml	CultureMech:010250	BHI-S Medium	13	no pH and no temperature
5	bacterial/TOGO_M838_MRS_Medium_With_10_Tomato_Juice.yaml	CultureMech:010252	MRS Medium With 10% Tomato Juice	4	no pH and no temperature
5	bacterial/TOGO_M839_1_10_R2A_Agar.yaml	CultureMech:010253	1/10 R2A Agar	3	no pH and no temperature
5	bacterial/TOGO_M841_GS_Medium.yaml	CultureMech:010256	GS Medium	18	no pH and no temperature
5	bacterial/TOGO_M843_Sulfurimonas_GD1_Medium.yaml	CultureMech:010258	Sulfurimonas GD1 Medium	16	no pH and no temperature
5	bacterial/TOGO_M844_Spirochaeta_Stenostrepta_Medium.yaml	CultureMech:010259	Spirochaeta Stenostrepta Medium	9	no pH and no temperature
5	bacterial/TOGO_M847_Modified_Brock_s_Basal_Salts-Yeast_Extract-Tryptone_Medium.yaml	CultureMech:010262	Modified Brock's Basal Salts-Yeast Extract-Tryptone Medium	16	no pH and no temperature
5	bacterial/TOGO_M849_Tepidimicrobium_Xylanilyticum_Medium.yaml	CultureMech:010264	Tepidimicrobium Xylanilyticum Medium	16	no pH and no temperature
5	bacterial/TOGO_M84_9K_Medium.yaml	CultureMech:010265	9K Medium	8	no pH and no temperature
5	bacterial/TOGO_M850_Acidic_Diluted_ASM_Medium.yaml	CultureMech:010266	Acidic Diluted ASM Medium	17	no pH and no temperature
5	bacterial/TOGO_M852_Low-Salt_Methanotrophic_Medium.yaml	CultureMech:010268	Low-Salt Methanotrophic Medium	12	no pH and no temperature
5	bacterial/TOGO_M853_Halanaerobacter_Jeridensis_Medium.yaml	CultureMech:010269	Halanaerobacter Jeridensis Medium	13	no pH and no temperature
5	bacterial/TOGO_M854_Bacillus_Macyae_Medium.yaml	CultureMech:010270	Bacillus Macyae Medium	21	no pH and no temperature
5	bacterial/TOGO_M855_Methanotroph_1A_Medium.yaml	CultureMech:010271	Methanotroph 1A Medium	14	no pH and no temperature
5	bacterial/TOGO_M857_Fermentative_Cellulolytic_Anaerobes_Medium.yaml	CultureMech:010273	Fermentative Cellulolytic Anaerobes Medium	15	no pH and no temperature
5	bacterial/TOGO_M858_Tepidibacter_Mesophilus_Medium.yaml	CultureMech:010274	Tepidibacter Mesophilus Medium	14	no pH and no temperature
5	bacterial/TOGO_M859_Desulfohalobium_Medium.yaml	CultureMech:010275	Desulfohalobium Medium	16	no pH and no temperature
5	bacterial/TOGO_M85_W_Medium.yaml	CultureMech:010276	W Medium	7	no pH and no temperature
5	bacterial/TOGO_M860_KOKO_Medium.yaml	CultureMech:010277	KOKO Medium	11	no pH and no temperature
5	bacterial/TOGO_M861_Modified_CM3_Medium.yaml	CultureMech:010278	Modified CM3 Medium	12	no pH and no temperature
5	bacterial/TOGO_M862_Dehalococcoides_Medium.yaml	CultureMech:010279	Dehalococcoides Medium	28	no pH and no temperature
5	bacterial/TOGO_M863_Modified_NMS_Medium.yaml	CultureMech:010280	Modified NMS Medium	10	no pH and no temperature
5	bacterial/TOGO_M866_Desulfovibrio_B0109P2_Medium.yaml	CultureMech:010283	Desulfovibrio B0109P2 Medium	15	no pH and no temperature
5	bacterial/TOGO_M867_Desulfovibrio_Arsenicitolerans_Medium.yaml	CultureMech:010284	Desulfovibrio Arsenicitolerans Medium	12	no pH and no temperature
5	bacterial/TOGO_M869_IP3-3_Medium.yaml	CultureMech:010286	IP3-3 Medium	17	no pH and no temperature
5	bacterial/TOGO_M86_SMY_Medium.yaml	CultureMech:010287	SMY Medium	6	no pH and no temperature
5	bacterial/TOGO_M871_7WAY-8-7_Medium.yaml	CultureMech:010289	7WAY-8-7 Medium	13	no pH and no temperature
5	bacterial/TOGO_M872_8KG-4_Medium.yaml	CultureMech:010290	8KG-4 Medium	12	no pH and no temperature
5	bacterial/TOGO_M873_Syfac_Medium.yaml	CultureMech:010291	Syfac Medium	7	no pH and no temperature
5	bacterial/TOGO_M874_MP_Agar.yaml	CultureMech:010292	MP Agar	7	no pH and no temperature
5	bacterial/TOGO_M875_R2A_Broth.yaml	CultureMech:010293	R2A Broth	9	no pH and no temperature
5	bacterial/TOGO_M876_YPM_Medium.yaml	CultureMech:010294	YPM Medium	5	no pH and no temperature
5	bacterial/TOGO_M877_Propionispora_Medium.yaml	CultureMech:010295	Propionispora Medium	11	no pH and no temperature
5	bacterial/TOGO_M878_1_3_LB_Agar.yaml	CultureMech:010296	1/3 LB Agar	5	no pH and no temperature
5	bacterial/TOGO_M879_Lind_BHT_Medium.yaml	CultureMech:010297	Lind BHT Medium	15	no pH and no temperature
5	bacterial/TOGO_M87_Rhodopseudomonas_Rutila_Medium.yaml	CultureMech:010298	Rhodopseudomonas Rutila Medium	14	no pH and no temperature
5	bacterial/TOGO_M880_Rsulfac1_Medium.yaml	CultureMech:010299	Rsulfac1 Medium	15	no pH and no temperature
5	bacterial/TOGO_M881_1_2_R2A_Agar.yaml	CultureMech:010300	1/2 R2A Agar	3	no pH and no temperature
5	bacterial/TOGO_M882_MO-CFXI_Medium.yaml	CultureMech:010301	MO-CFXI Medium	15	no pH and no temperature
5	bacterial/TOGO_M883_C5BEL_Medium.yaml	CultureMech:010302	C5BEL Medium	13	no pH and no temperature
5	bacterial/TOGO_M884_Modified_1_10_PYGV_Medium.yaml	CultureMech:010303	Modified 1/10 PYGV Medium	19	no pH and no temperature
5	bacterial/TOGO_M886_Thermosyntropha_L-60_Medium.yaml	CultureMech:010304	Thermosyntropha L-60 Medium	17	no pH and no temperature
5	bacterial/TOGO_M888_Spirochaeta_Medium.yaml	CultureMech:010306	Spirochaeta Medium	36	no pH and no temperature
5	bacterial/TOGO_M889_MRS_Fructose_Medium.yaml	CultureMech:010307	MRS Fructose Medium	3	no pH and no temperature
5	bacterial/TOGO_M88_AE_Broth.yaml	CultureMech:010308	AE Broth	6	no pH and no temperature
5	bacterial/TOGO_M891_MO-SEDI_Medium.yaml	CultureMech:010309	MO-SEDI Medium	13	no pH and no temperature
5	bacterial/TOGO_M892_Thermovenbulum_Medium.yaml	CultureMech:010310	Thermovenbulum Medium	15	no pH and no temperature
5	bacterial/TOGO_M893_Lactate_bicarbonate_Buffered_Medium.yaml	CultureMech:010311	Lactate+bicarbonate Buffered Medium	10	no pH and no temperature
5	bacterial/TOGO_M896_Ferrovum_Medium.yaml	CultureMech:010313	Ferrovum  Medium	8	no pH and no temperature
5	bacterial/TOGO_M897_Ferrovum_Medium.yaml	CultureMech:010314	Ferrovum  Medium	3	no pH and no temperature
5	bacterial/TOGO_M898_Acidiferrobacter_Medium.yaml	CultureMech:010315	Acidiferrobacter Medium	4	no pH and no temperature
5	bacterial/TOGO_M899_Steroidobacter_Medium.yaml	CultureMech:010316	Steroidobacter Medium	29	no pH and no temperature
5	bacterial/TOGO_M89_Acetobacter_Medium.yaml	CultureMech:010317	Acetobacter Medium	5	no pH and no temperature
5	bacterial/TOGO_M901_ML_Medium.yaml	CultureMech:010320	ML Medium	7	no pH and no temperature
5	bacterial/TOGO_M902_Desulfosporosinus_Bsrei1_Medium.yaml	CultureMech:010321	Desulfosporosinus Bsrei1 Medium	12	no pH and no temperature
5	bacterial/TOGO_M903_Desulfotomaculum_BS_Medium.yaml	CultureMech:010322	Desulfotomaculum BS Medium	15	no pH and no temperature
5	bacterial/TOGO_M905_Geomonas_Saccharovorans_Medium.yaml	CultureMech:010324	Geomonas Saccharovorans Medium	14	no pH and no temperature
5	bacterial/TOGO_M906_Trypticase_Soy_Broth_With_5_NaCl.yaml	CultureMech:010325	Trypticase Soy Broth With 5% NaCl	8	no pH and no temperature
5	bacterial/TOGO_M907_Trypticase_Soy_Broth_With_5_NaCl.yaml	CultureMech:010326	Trypticase Soy Broth With 5% NaCl	9	no pH and no temperature
5	bacterial/TOGO_M908_YP_Medium.yaml	CultureMech:010327	YP Medium	5	no pH and no temperature
5	bacterial/TOGO_M909_YP_Medium.yaml	CultureMech:010328	YP Medium	6	no pH and no temperature
5	bacterial/TOGO_M90_Alkaline_Lactose_Agar.yaml	CultureMech:010329	Alkaline Lactose Agar	7	no pH and no temperature
5	bacterial/TOGO_M910_Proteiniphilus_5MH_Medium.yaml	CultureMech:010330	Proteiniphilus 5MH Medium	12	no pH and no temperature
5	bacterial/TOGO_M912_NM-57_Medium.yaml	CultureMech:010332	NM-57 Medium	13	no pH and no temperature
5	bacterial/TOGO_M913_BELH1_Medium.yaml	CultureMech:010333	BELH1 Medium	13	no pH and no temperature
5	bacterial/TOGO_M914_Phosphoac3_Medium.yaml	CultureMech:010334	Phosphoac3 Medium	15	no pH and no temperature
5	bacterial/TOGO_M915_Desulfonema_Magnum_Medium.yaml	CultureMech:010335	Desulfonema Magnum Medium	13	no pH and no temperature
5	bacterial/TOGO_M919_Gauze_s_Synthetic_Medium_NO._1_With_18_NaCl.yaml	CultureMech:010339	Gauze's Synthetic Medium NO. 1 With 18% NaCl	7	no pH and no temperature
5	bacterial/TOGO_M91_Alkaline_Xylan_Agar.yaml	CultureMech:010340	Alkaline Xylan Agar	7	no pH and no temperature
5	bacterial/TOGO_M920_Gauze_s_Synthetic_Medium_NO._1_With_18_NaCl.yaml	CultureMech:010341	Gauze's Synthetic Medium NO. 1 With 18% NaCl	8	no pH and no temperature
5	bacterial/TOGO_M921_Salt_Glucose_Agar_SGA.yaml	CultureMech:010342	Salt Glucose Agar (SGA)	5	no pH and no temperature
5	bacterial/TOGO_M922_KNH_Medium.yaml	CultureMech:010343	KNH Medium	15	no pH and no temperature
5	bacterial/TOGO_M923_Dethiosulfovibrio_Belb1_Medium.yaml	CultureMech:010344	Dethiosulfovibrio Belb1 Medium	14	no pH and no temperature
5	bacterial/TOGO_M924_Petrotoga_AR80_Medium.yaml	CultureMech:010345	Petrotoga AR80 Medium	18	no pH and no temperature
5	bacterial/TOGO_M925_Hyphomicrobium_Medium.yaml	CultureMech:010346	Hyphomicrobium Medium	15	no pH and no temperature
5	bacterial/TOGO_M926_Phosphate-Buffered_Saline_pH_7.4.yaml	CultureMech:010347	Phosphate-Buffered Saline (pH 7.4)	5	no pH and no temperature
5	bacterial/TOGO_M927_MMA_Medium.yaml	CultureMech:010348	MMA Medium	13	no pH and no temperature
5	bacterial/TOGO_M929_Salt_Potato-Dextrose_Agar_SPDA.yaml	CultureMech:010350	Salt Potato-Dextrose Agar (SPDA)	5	no pH and no temperature
5	bacterial/TOGO_M92_Alkaline_Nutrient_Agar.yaml	CultureMech:010351	Alkaline Nutrient Agar	4	no pH and no temperature
5	bacterial/TOGO_M930_Metallibacterium_Medium.yaml	CultureMech:010352	Metallibacterium Medium	8	no pH and no temperature
5	bacterial/TOGO_M931_Acetobacter_Europaeus_Medium.yaml	CultureMech:010353	Acetobacter Europaeus Medium	7	no pH and no temperature
5	bacterial/TOGO_M932_RAE_Medium.yaml	CultureMech:010354	RAE Medium	9	no pH and no temperature
5	bacterial/TOGO_M933_MMJYP2_For_AC55.yaml	CultureMech:010355	MMJYP2 For AC55	15	no pH and no temperature
5	bacterial/TOGO_M934_Mbbs_Medium_For_Hydrogenobacter.yaml	CultureMech:010356	Mbbs Medium For Hydrogenobacter	18	no pH and no temperature
5	bacterial/TOGO_M935_Microaerophilic_Thermus_Medium.yaml	CultureMech:010357	Microaerophilic Thermus Medium	6	no pH and no temperature
5	bacterial/TOGO_M937_Modified_BSK_Medium.yaml	CultureMech:010359	Modified BSK Medium	13	no pH and no temperature
5	bacterial/TOGO_M938_5_Salt_Water_Growth_Medium.yaml	CultureMech:010360	5% Salt Water Growth Medium	4	no pH and no temperature
5	bacterial/TOGO_M939_Syphc_Medium.yaml	CultureMech:010361	Syphc Medium	15	no pH and no temperature
5	bacterial/TOGO_M93_Bacillus_Acidocaldarius_Medium.yaml	CultureMech:010362	Bacillus Acidocaldarius Medium	8	no pH and no temperature
5	bacterial/TOGO_M940_Thermobacter_Roseum_Medium.yaml	CultureMech:010363	Thermobacter Roseum Medium	32	no pH and no temperature
5	bacterial/TOGO_M941_M13a_Medium.yaml	CultureMech:010364	M13a Medium	23	no pH and no temperature
5	bacterial/TOGO_M942_Brain_Heart_Infusion_Agar_With_5_Rabbit_Blood.yaml	CultureMech:010365	Brain Heart Infusion Agar With 5% Rabbit Blood	9	no pH and no temperature
5	bacterial/TOGO_M943_MJ_Medium_For_Microaerophilic_Autotrophs.yaml	CultureMech:010366	MJ Medium For Microaerophilic Autotrophs	4	no pH and no temperature
5	bacterial/TOGO_M944_Thiomicrospira_V2501_Medium.yaml	CultureMech:010367	Thiomicrospira V2501 Medium	24	no pH and no temperature
5	bacterial/TOGO_M947_225M1_Medium.yaml	CultureMech:010370	225M1 Medium	10	no pH and no temperature
5	bacterial/TOGO_M948_225M1_Medium.yaml	CultureMech:010371	225M1 Medium	11	no pH and no temperature
5	bacterial/TOGO_M949_MK_Medium.yaml	CultureMech:010372	MK Medium	12	no pH and no temperature
5	bacterial/TOGO_M950_MK_Medium.yaml	CultureMech:010374	MK Medium	13	no pH and no temperature
5	bacterial/TOGO_M951_Geobacter_Medium.yaml	CultureMech:010375	Geobacter Medium	9	no pH and no temperature
5	bacterial/TOGO_M952_Halorhodospira_Neutriphila_Medium.yaml	CultureMech:010376	Halorhodospira Neutriphila Medium	12	no pH and no temperature
5	bacterial/TOGO_M954_Modified_SAP2_Medium.yaml	CultureMech:010378	Modified SAP2 Medium	10	no pH and no temperature
5	bacterial/TOGO_M957_R2A_Agar_With_1_NaCl.yaml	CultureMech:010381	R2A Agar With 1% NaCl	3	no pH and no temperature
5	bacterial/TOGO_M95_Organic_Medium_79.yaml	CultureMech:010384	Organic Medium 79	7	no pH and no temperature
5	bacterial/TOGO_M961_Semi-Solid_Autotrophic_Growth_Medium_For_Magnetococcus_Marinus.yaml	CultureMech:010386	Semi-Solid Autotrophic Growth Medium For Magnetococcus Marinus	33	no pH and no temperature
5	bacterial/TOGO_M964_Desulfamplus_Medium.yaml	CultureMech:010389	Desulfamplus Medium	15	no pH and no temperature
5	bacterial/TOGO_M965_Iodide-Oxidizing_Bacterium_Medium.yaml	CultureMech:010390	Iodide-Oxidizing Bacterium Medium	4	no pH and no temperature
5	bacterial/TOGO_M966_Hydrogenispora_Medium.yaml	CultureMech:010391	Hydrogenispora Medium	10	no pH and no temperature
5	bacterial/TOGO_M969_Peat_Medium_1_For_Methanoregura_Boonei.yaml	CultureMech:010394	Peat Medium 1 For Methanoregura Boonei	34	no pH and no temperature
5	bacterial/TOGO_M96_Sucrose-Bennett_s_Agar.yaml	CultureMech:010395	Sucrose-Bennett's Agar	6	no pH and no temperature
5	bacterial/TOGO_M972_IRD_Mesotoga_Medium.yaml	CultureMech:010398	IRD Mesotoga Medium	16	no pH and no temperature
5	bacterial/TOGO_M973_Desulfatiferula_Berrense_Medium.yaml	CultureMech:010399	Desulfatiferula Berrense Medium	14	no pH and no temperature
5	bacterial/TOGO_M974_Methylobacter_MR1_Medium.yaml	CultureMech:010400	Methylobacter MR1 Medium	24	no pH and no temperature
5	bacterial/TOGO_M975_Halanaerobium_Sehlinense_Medium.yaml	CultureMech:010401	Halanaerobium Sehlinense Medium	12	no pH and no temperature
5	bacterial/TOGO_M977_MRS_Medium_With_2.5_NaCl_pH_9.0.yaml	CultureMech:010403	MRS Medium With 2.5% NaCl (pH 9.0)	4	no pH and no temperature
5	bacterial/TOGO_M978_Oscillibacter_GH_Medium.yaml	CultureMech:010404	Oscillibacter GH Medium	5	no pH and no temperature
5	bacterial/TOGO_M97_Half_Strength_Heart_Infusion_Agar.yaml	CultureMech:010406	Half Strength Heart Infusion Agar	3	no pH and no temperature
5	bacterial/TOGO_M982_LX-D_Medium.yaml	CultureMech:010409	LX-D Medium	10	no pH and no temperature
5	bacterial/TOGO_M983_IRD_Alkaliphilus_Medium.yaml	CultureMech:010410	IRD Alkaliphilus Medium	16	no pH and no temperature
5	bacterial/TOGO_M987_Aminivibrio_Asinoensis_Medium.yaml	CultureMech:010414	Aminivibrio Asinoensis Medium	16	no pH and no temperature
5	bacterial/TOGO_M988_Sulfurimonas_Hongkongensis_Medium.yaml	CultureMech:010415	Sulfurimonas Hongkongensis Medium	11	no pH and no temperature
5	bacterial/TOGO_M98_Half_Strength_Skim_Milk_Agar.yaml	CultureMech:010417	Half Strength Skim Milk Agar	3	no pH and no temperature
5	bacterial/TOGO_M990_Trypticase_Soy_Agar_With_2_NaCl.yaml	CultureMech:010418	Trypticase Soy Agar With 2% NaCl	8	no pH and no temperature
5	bacterial/TOGO_M993_Korthof_s_Medium.yaml	CultureMech:010421	Korthof's Medium	10	no pH and no temperature
5	bacterial/TOGO_M994_Caldicellulosiruptor_Medium_With_2.5_NaCl.yaml	CultureMech:010422	Caldicellulosiruptor Medium With 2.5% NaCl	14	no pH and no temperature
5	bacterial/TOGO_M997_NH-JN4_Medium.yaml	CultureMech:010425	NH-JN4 Medium	17	no pH and no temperature
5	bacterial/TOGO_M998_C41_Medium.yaml	CultureMech:010426	C41 Medium	11	no pH and no temperature
5	bacterial/TOGO_M999_Alginate_Medium.yaml	CultureMech:010427	Alginate Medium	8	no pH and no temperature
5	bacterial/TOGO_M9_Lactobacillus_Medium_II.yaml	CultureMech:010429	Lactobacillus Medium II	14	no pH and no temperature
5	bacterial/a3.yaml	CultureMech:008520	A3	15	no pH and no temperature
5	bacterial/a_b_salts_medium_jensen_et_al.yaml	CultureMech:007032	A+B Salts Medium; Jensen et al	10	no pH and no temperature
5	bacterial/a_b_salts_medium_with_uracil_jensen_et_al.yaml	CultureMech:007033	A+B Salts Medium with Uracil; Jensen et al	11	no pH and no temperature
5	bacterial/a_medium.yaml	CultureMech:008389	A medium	38	no pH and no temperature
5	bacterial/aam.yaml	CultureMech:007193	AAM-	22	no pH and no temperature
5	bacterial/abbs1_medium.yaml	CultureMech:009698	Abbs1 Medium	7	no pH and no temperature
5	bacterial/acb90_medium.yaml	CultureMech:004772	ACB90-MEDIUM	30	no pH and no temperature
5	bacterial/acetate_minimal_media_zhao.yaml	CultureMech:007017	'acetate minimal media (zhao	14	no pH and no temperature
5	bacterial/acetobacter_diazotrophicus_medium.yaml	CultureMech:008638	Acetobacter diazotrophicus medium	5	no pH and no temperature
5	bacterial/acetobacter_europaeus_medium.yaml	CultureMech:001762	ACETOBACTER EUROPAEUS MEDIUM	5	no pH and no temperature
5	bacterial/acetobacter_medium.yaml	CultureMech:003329	ACETOBACTER MEDIUM	4	no pH and no temperature
5	bacterial/acetobacter_musti_medium.yaml	CultureMech:001084	ACETOBACTER MUSTI MEDIUM	3	no pH and no temperature
5	bacterial/acetobacter_peroxydans_medium.yaml	CultureMech:001353	ACETOBACTER PEROXYDANS MEDIUM	4	no pH and no temperature
5	bacterial/acetobacter_xylinus_medium.yaml	CultureMech:008100	Acetobacter xylinus Medium	6	no pH and no temperature
5	bacterial/acetobacteroides_medium.yaml	CultureMech:001130	ACETOBACTEROIDES MEDIUM	34	no pH and no temperature
5	bacterial/acetomicrobium_faecale_medium.yaml	CultureMech:002238	ACETOMICROBIUM FAECALE MEDIUM	34	no pH and no temperature
5	bacterial/acetomicrobium_faecalis_medium.yaml	CultureMech:001521	ACETOMICROBIUM FAECALIS MEDIUM	35	no pH and no temperature
5	bacterial/acidic_glycerol_asparagine_agar_isp_medium_no_5.yaml	CultureMech:008198	Acidic Glycerol-Asparagine Agar (ISP medium No.5)	8	no pH and no temperature
5	bacterial/acidic_mrs_medium_ph_4_8.yaml	CultureMech:008180	Acidic MRS Medium (pH 4.8)	12	no pH and no temperature
5	bacterial/acidic_mrs_medium_ph_5_2.yaml	CultureMech:008477	Acidic MRS Medium (pH 5.2)	12	no pH and no temperature
5	bacterial/acidiferrobacter_medium.yaml	CultureMech:003207	ACIDIFERROBACTER MEDIUM	16	no pH and no temperature
5	bacterial/acidified_glucose_yeast_extract_agar.yaml	CultureMech:008746	Acidified Glucose Yeast Extract Agar	5	no pH and no temperature
5	bacterial/acidified_mpob_medium.yaml	CultureMech:002245	ACIDIFIED MPOB MEDIUM	29	no pH and no temperature
5	bacterial/acidihalobacter_ferrooxidans_medium.yaml	CultureMech:000778	ACIDIHALOBACTER FERROOXIDANS MEDIUM	7	no pH and no temperature
5	bacterial/acidiphilium_medium_for_dsm_11244.yaml	CultureMech:008912	Acidiphilium Medium (For DSM 11244)	8	no pH and no temperature
5	bacterial/acidithiobacillus_ferrivorans_medium.yaml	CultureMech:000693	ACIDITHIOBACILLUS FERRIVORANS MEDIUM	22	no pH and no temperature
5	bacterial/acidithrix_ferrooydans_medium.yaml	CultureMech:002197	ACIDITHRIX FERROOYDANS MEDIUM	25	no pH and no temperature
5	bacterial/actinotalea_fermentas_medium.yaml	CultureMech:008423	Actinotalea fermentas medium	14	no pH and no temperature
5	bacterial/ae_broth.yaml	CultureMech:003318	AE BROTH	5	no pH and no temperature
5	bacterial/aerobic_marine_tryptone_yeast_extract_medium.yaml	CultureMech:007849	Aerobic Marine Tryptone Yeast Extract Medium	9	no pH and no temperature
5	bacterial/af6.yaml	CultureMech:008317	AF6	22	no pH and no temperature
5	bacterial/af6_ph4_0.yaml	CultureMech:008731	AF6 (pH4.0)	22	no pH and no temperature
5	bacterial/af6_rice_extract.yaml	CultureMech:008655	AF6+Rice Extract	23	no pH and no temperature
5	bacterial/alb_medium.yaml	CultureMech:008403	ALB Medium	6	no pH and no temperature
5	bacterial/alcaligenes_medium.yaml	CultureMech:001798	ALCALIGENES MEDIUM	19	no pH and no temperature
5	bacterial/alicycliphius_denitrificans_medium.yaml	CultureMech:009570	Alicycliphius denitrificans Medium	4	no pH and no temperature
5	bacterial/alicyclobacillus_cellulosilyticus_medium.yaml	CultureMech:001166	Alicyclobacillus cellulosilyticus Medium	9	no pH and no temperature
5	bacterial/alicyclobacillus_ferrooxydans_medium.yaml	CultureMech:000651	ALICYCLOBACILLUS FERROOXYDANS MEDIUM	8	no pH and no temperature
5	bacterial/alicyclobacillus_medium.yaml	CultureMech:001512	ALICYCLOBACILLUS MEDIUM	14	no pH and no temperature
5	bacterial/alkali_a_medium.yaml	CultureMech:008366	Alkali A medium	8	no pH and no temperature
5	bacterial/alkali_b_medium.yaml	CultureMech:008367	Alkali B medium	13	no pH and no temperature
5	bacterial/alkalibacterium_olivapovliticus.yaml	CultureMech:002093	ALKALIBACTERIUM OLIVAPOVLITICUS	7	no pH and no temperature
5	bacterial/alkalic_mrs_medium_ph_8_0.yaml	CultureMech:008400	Alkalic MRS Medium (pH 8.0)	12	no pH and no temperature
5	bacterial/alkalic_mrs_ph_8_5_3_nacl.yaml	CultureMech:008441	Alkalic MRS (pH 8.5) + 3% NaCl	14	no pH and no temperature
5	bacterial/alkaline_agar.yaml	CultureMech:002676	ALKALINE AGAR	8	no pH and no temperature
5	bacterial/alkaline_diluted_ams_medium.yaml	CultureMech:009693	Alkaline Diluted AMS Medium	6	no pH and no temperature
5	bacterial/alkaline_halophile_medium.yaml	CultureMech:008289	Alkaline halophile medium	22	no pH and no temperature
5	bacterial/alkaline_malt_extract_agar.yaml	CultureMech:007924	Alkaline Malt Extract Agar	6	no pH and no temperature
5	bacterial/alkaline_nutrient_agar_for_sporulation.yaml	CultureMech:009004	Alkaline Nutrient Agar (For sporulation)	7	no pH and no temperature
5	bacterial/alkaline_tryptone_yeast_extract_medium.yaml	CultureMech:009971	Alkaline Tryptone-Yeast Extract Medium	7	no pH and no temperature
5	bacterial/alkalinus_abyssiniese_medium.yaml	CultureMech:003323	ALKALINUS ABYSSINIESE MEDIUM	15	no pH and no temperature
5	bacterial/allantoin_mineral_medium.yaml	CultureMech:001838	ALLANTOIN MINERAL MEDIUM	8	no pH and no temperature
5	bacterial/allen_medium.yaml	CultureMech:008820	Allen medium	23	no pH and no temperature
5	bacterial/allochromatium_renukaii_medium.yaml	CultureMech:002919	ALLOCHROMATIUM RENUKAII MEDIUM	19	no pH and no temperature
5	bacterial/alternative_acetobacter_intermedius_medium.yaml	CultureMech:002008	ALTERNATIVE ACETOBACTER INTERMEDIUS MEDIUM	3	no pH and no temperature
5	bacterial/am3_medium.yaml	CultureMech:008609	AM3 medium	9	no pH and no temperature
5	bacterial/am3_nalidixic_acid_kanamycin_medium.yaml	CultureMech:008611	AM3 + Nalidixic acid, Kanamycin medium	9	no pH and no temperature
5	bacterial/am3_nalidixic_acid_medium.yaml	CultureMech:008610	AM3 + Nalidixic acid medium	9	no pH and no temperature
5	bacterial/aminivibrio_asinoensis_medium.yaml	CultureMech:003288	AMINIVIBRIO ASINOENSIS MEDIUM	27	no pH and no temperature
5	bacterial/amoebobacter_medium.yaml	CultureMech:001527	AMOEBOBACTER MEDIUM	3	no pH and no temperature
5	bacterial/ams1_pyruvate_glycine.yaml	CultureMech:007382	'AMS1 (Pyruvate+Glycine	20	no pH and no temperature
5	bacterial/ams1_pyruvate_serine.yaml	CultureMech:007384	'AMS1 (Pyruvate+Serine	20	no pH and no temperature
5	bacterial/ams_medium.yaml	CultureMech:002091	AMS medium	16	no pH and no temperature
5	bacterial/anaero_columbia_agar_with_rabbit_blood.yaml	CultureMech:003036	ANAERO COLUMBIA AGAR WITH RABBIT BLOOD	8	no pH and no temperature
5	bacterial/anaerobacterium_medium.yaml	CultureMech:001015	ANAEROBACTERIUM MEDIUM	26	no pH and no temperature
5	bacterial/anaerobe_basal_broth_oxoid.yaml	CultureMech:009243	Anaerobe Basal Broth (Oxoid)	16	no pH and no temperature
5	bacterial/anaerobic_alkaline_glucose_medium.yaml	CultureMech:007857	Anaerobic Alkaline Glucose Medium	10	no pH and no temperature
5	bacterial/anaerobic_alkaline_ye_medium.yaml	CultureMech:007563	Anaerobic Alkaline YE Medium	13	no pH and no temperature
5	bacterial/anaerobic_bicarbonate_buffered_medium_with_phenol.yaml	CultureMech:007549	Anaerobic Bicarbonate-Buffered Medium With Phenol	11	no pH and no temperature
5	bacterial/anaerobic_brain_heart_infusion_broth.yaml	CultureMech:010151	Anaerobic Brain Heart Infusion Broth	10	no pH and no temperature
5	bacterial/anaerobic_butyrate_rhodospirillaceae_medium_rm.yaml	CultureMech:009631	Anaerobic butyrate Rhodospirillaceae medium (RM)	24	no pH and no temperature
5	bacterial/anaerobic_cellulolytic_medium.yaml	CultureMech:009277	Anaerobic cellulolytic medium	26	no pH and no temperature
5	bacterial/anaerobic_freshwater_fwm_medium_for_dsm_15978.yaml	CultureMech:009205	Anaerobic Freshwater (FWM) Medium (for DSM 15978)	34	no pH and no temperature
5	bacterial/anaerobic_marine_broth_2216.yaml	CultureMech:010147	Anaerobic Marine Broth 2216	6	no pH and no temperature
5	bacterial/anaerobic_mineral_medium_with_yeast_extract.yaml	CultureMech:007716	Anaerobic Mineral Medium With Yeast Extract	10	no pH and no temperature
5	bacterial/anaerobic_natural_seawater_medium.yaml	CultureMech:007700	Anaerobic Natural Seawater Medium	6	no pH and no temperature
5	bacterial/anaerolinea_medium_b.yaml	CultureMech:002786	ANAEROLINEA MEDIUM-B	29	no pH and no temperature
5	bacterial/anb_aerobic.yaml	CultureMech:001235	ANB aerobic	27	no pH and no temperature
5	bacterial/anoxic_bicarbonate_buffered_basal_medium_bbm_with_10_mm_sodium_nitrate_and_various_concentrations_of_sodium_acetate.yaml	CultureMech:008779	Anoxic bicarbonate-buffered basal medium (BBM) with 10 mM sodium nitrate and various concentrations of sodium acetate	34	no pH and no temperature
5	bacterial/anoxic_bicarbonate_buffered_freshwater_fw_medium.yaml	CultureMech:009632	Anoxic bicarbonate buffered freshwater (FW) medium	8	no pH and no temperature
5	bacterial/ap11mh_medium.yaml	CultureMech:008415	AP11MH medium	40	no pH and no temperature
5	bacterial/arcobacter_anaerophilus_medium.yaml	CultureMech:000992	ARCOBACTER ANAEROPHILUS MEDIUM	15	no pH and no temperature
5	bacterial/aromatoleum_medium.yaml	CultureMech:001192	AROMATOLEUM MEDIUM	28	no pH and no temperature
5	bacterial/artficial_brackish_water_medium.yaml	CultureMech:002296	ARTFICIAL BRACKISH WATER MEDIUM	23	no pH and no temperature
5	bacterial/artficial_freshwater_medium_i.yaml	CultureMech:002297	ARTFICIAL FRESHWATER MEDIUM I	23	no pH and no temperature
5	bacterial/artficial_freshwater_medium_ii.yaml	CultureMech:002298	ARTFICIAL FRESHWATER MEDIUM II	23	no pH and no temperature
5	bacterial/artficial_marine_water_medium.yaml	CultureMech:007728	Artficial Marine Water Medium	10	no pH and no temperature
5	bacterial/artificial_deep_lake_medium.yaml	CultureMech:008960	Artificial deep lake medium	12	no pH and no temperature
5	bacterial/artificial_pilot_plant_water_medium.yaml	CultureMech:002487	ARTIFICIAL PILOT PLANT WATER MEDIUM	10	no pH and no temperature
5	bacterial/artificial_seawater_for_halophiles.yaml	CultureMech:009844	Artificial Seawater For Halophiles	13	no pH and no temperature
5	bacterial/artificial_seawater_medium_for_strain_js_srb250lac.yaml	CultureMech:008354	Artificial seawater medium for strain JS_SRB250Lac	39	no pH and no temperature
5	bacterial/artificial_seawater_yeast_extract_tryptone_medium.yaml	CultureMech:007903	Artificial Seawater Yeast Extract-Tryptone Medium	16	no pH and no temperature
5	bacterial/as_168_medium.yaml	CultureMech:008707	AS-168 Medium	11	no pH and no temperature
5	bacterial/as_medium.yaml	CultureMech:008388	AS medium	39	no pH and no temperature
5	bacterial/asn_iii.yaml	CultureMech:000317	ASN-III	19	no pH and no temperature
5	bacterial/asp2.yaml	CultureMech:007196	Asp2	24	no pH and no temperature
5	bacterial/aspartate_salt_schaechter_et_al.yaml	CultureMech:007128	Aspartate salt; schaechter et al	6	no pH and no temperature
5	bacterial/aspergillus_complete_medium.yaml	CultureMech:002307	ASPERGILLUS COMPLETE MEDIUM	4	no pH and no temperature
5	bacterial/asw_150_barley.yaml	CultureMech:000382	ASW 150 + barley	5	no pH and no temperature
5	bacterial/asw_225_barley.yaml	CultureMech:000393	ASW 225 + barley	5	no pH and no temperature
5	bacterial/asw_300_barley.yaml	CultureMech:000404	ASW 300 + barley	5	no pH and no temperature
5	bacterial/asw_bg.yaml	CultureMech:000316	ASW:BG	18	no pH and no temperature
5	bacterial/asw_ses.yaml	CultureMech:000318	ASW:SES	16	no pH and no temperature
5	bacterial/azospira_medium.yaml	CultureMech:009571	Azospira Medium	17	no pH and no temperature
5	bacterial/b2_medium.yaml	CultureMech:008775	B2 medium	6	no pH and no temperature
5	bacterial/bacillus_acidocaldarius_medium.yaml	CultureMech:000861	BACILLUS ACIDOCALDARIUS MEDIUM	7	no pH and no temperature
5	bacterial/bacillus_locisalis_medium.yaml	CultureMech:000771	BACILLUS LOCISALIS MEDIUM	8	no pH and no temperature
5	bacterial/bacillus_medium.yaml	CultureMech:009007	Bacillus Medium	7	no pH and no temperature
5	bacterial/bacillus_pasteurii_medium.yaml	CultureMech:001399	BACILLUS PASTEURII MEDIUM	4	no pH and no temperature
5	bacterial/bacillus_tusciae_medium_add_agar.yaml	CultureMech:008976	Bacillus Tusciae Medium (add agar)	16	no pH and no temperature
5	bacterial/bacto_marine_broth_difco_2216_for_dsm_11879.yaml	CultureMech:008906	Bacto Marine Broth (Difco 2216) (For DSM 11879)	18	no pH and no temperature
5	bacterial/basal_medium_acetaldehyde.yaml	CultureMech:008613	Basal medium + Acetaldehyde	5	no pH and no temperature
5	bacterial/basal_medium_benzaldehyde.yaml	CultureMech:008614	Basal medium + Benzaldehyde	5	no pH and no temperature
5	bacterial/basal_medium_formaldehyde.yaml	CultureMech:008615	Basal medium + Formaldehyde	5	no pH and no temperature
5	bacterial/basal_salt_medium_with_biphenyl.yaml	CultureMech:008625	Basal Salt Medium with biphenyl	13	no pH and no temperature
5	bacterial/basal_salts_medium.yaml	CultureMech:009411	basal salts medium	14	no pH and no temperature
5	bacterial/basal_salts_medium_bsm_modified_from_that_of_hareland_et_al_j_bacteriol_121_272_285_1975_by_removal_of_the_nitriloacetic_acid.yaml	CultureMech:008825	Basal salts medium (BSM) modified from that of Hareland et al. ( J Bacteriol 121:272– 285(1975)) by removal of the nitriloacetic acid	12	no pH and no temperature
5	bacterial/basal_salts_solution_supplemented_with_tetrathionate.yaml	CultureMech:009680	Basal salts solution supplemented with tetrathionate	8	no pH and no temperature
5	bacterial/basal_solution_p.yaml	CultureMech:007026	basal solution P	5	no pH and no temperature
5	bacterial/basal_synthetic_medium.yaml	CultureMech:007204	Basal synthetic medium	7	no pH and no temperature
5	bacterial/basal_synthetic_medium_vitamins.yaml	CultureMech:007205	Basal Synthetic Medium + vitamins	13	no pH and no temperature
5	bacterial/batch_cultivation_medium_for_a28.yaml	CultureMech:007247	'Batch Cultivation Medium (for A28	12	no pH and no temperature
5	bacterial/batch_cultivation_medium_for_ta1.yaml	CultureMech:007209	'Batch Cultivation Medium (for TA1	10	no pH and no temperature
5	bacterial/batch_medium_mattanovich_et_al.yaml	CultureMech:007250	Batch medium; mattanovich et al	16	no pH and no temperature
5	bacterial/bb.yaml	CultureMech:000320	BB	16	no pH and no temperature
5	bacterial/bb_merds.yaml	CultureMech:000323	BB:MErds	20	no pH and no temperature
5	bacterial/bcye_2216e.yaml	CultureMech:009559	BCYEα-2216E	7	no pH and no temperature
5	bacterial/bcye_agar.yaml	CultureMech:001711	BCYE AGAR	7	no pH and no temperature
5	bacterial/benzoate_medium.yaml	CultureMech:002388	BENZOATE MEDIUM	7	no pH and no temperature
5	bacterial/bg11_0_015_mm_iron_shcolnick_2006.yaml	CultureMech:007289	'BG11, 0.015 mM Iron (Shcolnick 2006	15	no pH and no temperature
5	bacterial/bg11_medium.yaml	CultureMech:009170	BG11 medium	16	no pH and no temperature
5	bacterial/bg11_ph9_0.yaml	CultureMech:008730	BG11（pH9.0）	16	no pH and no temperature
5	bacterial/bg_11.yaml	CultureMech:008951	BG-11	16	no pH and no temperature
5	bacterial/bgdm.yaml	CultureMech:007420	BGDM	12	no pH and no temperature
5	bacterial/bhi_1_medium.yaml	CultureMech:001318	BHI/1 MEDIUM	7	no pH and no temperature
5	bacterial/bhi_2_medium.yaml	CultureMech:001319	BHI/2 MEDIUM	9	no pH and no temperature
5	bacterial/bhi_3_medium.yaml	CultureMech:001320	BHI/3 MEDIUM	8	no pH and no temperature
5	bacterial/bhi_agar.yaml	CultureMech:009503	BHI agar	6	no pH and no temperature
5	bacterial/bhi_agar_with_5_bovine_blood.yaml	CultureMech:008835	BHI agar with 5% bovine blood	7	no pH and no temperature
5	bacterial/bhi_broth.yaml	CultureMech:009058	BHI broth	6	no pH and no temperature
5	bacterial/bhi_glucose_medium.yaml	CultureMech:001983	BHI-GLUCOSE MEDIUM	8	no pH and no temperature
5	bacterial/bhi_liquid_supplemented_with_haemin_and_nad.yaml	CultureMech:009431	BHI liquid supplemented with haemin and NAD	8	no pH and no temperature
5	bacterial/bhi_medium.yaml	CultureMech:001314	BHI MEDIUM	6	no pH and no temperature
5	bacterial/bhi_medium_modified.yaml	CultureMech:001315	BHI MEDIUM (modified)	7	no pH and no temperature
5	bacterial/bhi_medium_with_additional_glucose.yaml	CultureMech:001316	BHI MEDIUM WITH ADDITIONAL GLUCOSE	7	no pH and no temperature
5	bacterial/bhi_supplemented_with_0_1_tween_80_ph_8_0.yaml	CultureMech:009059	BHI supplemented with 0.1% Tween 80 (pH 8.0)	7	no pH and no temperature
5	bacterial/bhi_w_heat_inactivated_fetal_bovine_serum_and_glucose.yaml	CultureMech:009188	BHI w/ heat-inactivated Fetal Bovine Serum and Glucose	12	no pH and no temperature
5	bacterial/bhis.yaml	CultureMech:009362	BHIS	8	no pH and no temperature
5	bacterial/bicarbonate_buffered_medium.yaml	CultureMech:002274	BICARBONATE BUFFERED MEDIUM	32	no pH and no temperature
5	bacterial/bl_medium.yaml	CultureMech:007302	BL Medium	32	no pH and no temperature
5	bacterial/bl_medium_arg.yaml	CultureMech:007303	BL Medium + Arg	33	no pH and no temperature
5	bacterial/bl_medium_arg_ser_trp.yaml	CultureMech:007306	BL Medium + Arg + Ser + Trp	35	no pH and no temperature
5	bacterial/bl_medium_asp.yaml	CultureMech:007304	BL Medium + Asp	33	no pH and no temperature
5	bacterial/bl_medium_low_mops.yaml	CultureMech:007305	BL Medium, Low MOPS	32	no pH and no temperature
5	bacterial/blood_agar.yaml	CultureMech:003056	BLOOD AGAR	6	no pH and no temperature
5	bacterial/blood_agar_base_bab_broth_or_agar.yaml	CultureMech:008806	Blood Agar Base (BAB) broth or agar	5	no pH and no temperature
5	bacterial/blood_agar_i.yaml	CultureMech:001525	BLOOD AGAR I	14	no pH and no temperature
5	bacterial/blood_agar_tsa_with_5_sheep_blood_remel.yaml	CultureMech:009339	Blood agar (TSA with 5% sheep blood) (Remel)	9	no pH and no temperature
5	bacterial/bm7_medium.yaml	CultureMech:001033	BM7 MEDIUM	6	no pH and no temperature
5	bacterial/bm_in_arabinose_hodgson_et_al.yaml	CultureMech:007173	Bm in arabinose; hodgson et al	9	no pH and no temperature
5	bacterial/bm_in_cellobiose_hodgson_et_al.yaml	CultureMech:007171	Bm in cellobiose; hodgson et al	9	no pH and no temperature
5	bacterial/bm_in_fructose_hodgson_et_al.yaml	CultureMech:007174	Bm in fructose; hodgson et al	9	no pH and no temperature
5	bacterial/bm_in_galactose_hodgson_et_al.yaml	CultureMech:007175	Bm in galactose; hodgson et al	9	no pH and no temperature
5	bacterial/bm_in_glucose_hodgson_et_al.yaml	CultureMech:007170	BM in glucose; Hodgson et al	9	no pH and no temperature
5	bacterial/bm_in_glycerol_hodgson_et_al.yaml	CultureMech:007176	Bm in glycerol; hodgson et al	9	no pH and no temperature
5	bacterial/bm_in_maltose_hodgson_et_al.yaml	CultureMech:007172	Bm in maltose; hodgson et al	9	no pH and no temperature
5	bacterial/bm_medium.yaml	CultureMech:000635	BM MEDIUM	5	no pH and no temperature
5	bacterial/brain_heart_agar_bhi_luqiao_beijing.yaml	CultureMech:009434	Brain Heart Agar (BHI) (Luqiao, Beijing)	6	no pH and no temperature
5	bacterial/brain_heart_infusion.yaml	CultureMech:008016	Brain Heart Infusion	8	no pH and no temperature
5	bacterial/brain_heart_infusion_2_nacl.yaml	CultureMech:008546	Brain Heart Infusion + 2% NaCl	9	no pH and no temperature
5	bacterial/brain_heart_infusion_agar.yaml	CultureMech:002647	BRAIN HEART INFUSION AGAR	7	no pH and no temperature
5	bacterial/brain_heart_infusion_agar_amended_with_5_v_v_laked_horse_blood.yaml	CultureMech:009466	Brain Heart Infusion agar (amended with 5% (v/v) laked horse blood)	10	no pH and no temperature
5	bacterial/brain_heart_infusion_agar_containing_7_horse_blood_and_0_4_isovitalex.yaml	CultureMech:009397	brain heart infusion agar (containing 7% horse blood and 0.4% isovitalex)	10	no pH and no temperature
5	bacterial/brain_heart_infusion_agar_with_2_nacl.yaml	CultureMech:002621	BRAIN HEART INFUSION AGAR WITH 2% NaCl	8	no pH and no temperature
5	bacterial/brain_heart_infusion_agar_with_5_rabbit_blood.yaml	CultureMech:003250	BRAIN HEART INFUSION AGAR WITH 5% RABBIT BLOOD	8	no pH and no temperature
5	bacterial/brain_heart_infusion_agar_with_soil_extract.yaml	CultureMech:002702	BRAIN HEART INFUSION AGAR WITH SOIL EXTRACT	7	no pH and no temperature
5	bacterial/brain_heart_infusion_bhi_agar_supplemented_with_haemin_and_nad.yaml	CultureMech:009460	Brain–heart infusion (BHI) agar supplemented with haemin and NAD	9	no pH and no temperature
5	bacterial/brain_heart_infusion_bhi_broth.yaml	CultureMech:009078	brain-heart-infusion (BHI) broth	6	no pH and no temperature
5	bacterial/brain_heart_infusion_bhi_broth_containing_c_difficile_supplement_and_0_04_cysteine.yaml	CultureMech:009359	Brain heart infusion (BHI) broth containing C. difficile supplement and 0.04% cysteine	13	no pH and no temperature
5	bacterial/brain_heart_infusion_bhi_broth_oxoid.yaml	CultureMech:008801	Brain heart infusion (BHI) broth (Oxoid)	13	no pH and no temperature
5	bacterial/brain_heart_infusion_bhi_broth_supplemented_with_15_g_ml_nad_and_15_g_ml_haemin.yaml	CultureMech:008783	Brain heart infusion (BHI) broth supplemented with 15 μg/ml NAD and 15 μg/ml haemin	8	no pH and no temperature
5	bacterial/brain_heart_infusion_bhi_broth_supplemented_with_haemin_and_nad.yaml	CultureMech:009459	Brain–heart infusion (BHI) broth supplemented with haemin and NAD	8	no pH and no temperature
5	bacterial/brain_heart_infusion_bhi_difco_agar.yaml	CultureMech:009480	brain heart infusion (BHI; Difco) agar	6	no pH and no temperature
5	bacterial/brain_heart_infusion_bhi_medium_supplemented_with_antibiotics.yaml	CultureMech:009493	brain heart infusion (BHI) medium (supplemented with antibiotics)	10	no pH and no temperature
5	bacterial/brain_heart_infusion_bhi_with_sodium_acetate.yaml	CultureMech:009557	Brain Heart Infusion (BHI) with Sodium Acetate	10	no pH and no temperature
5	bacterial/brain_heart_infusion_broth.yaml	CultureMech:009009	Brain Heart Infusion Broth	7	no pH and no temperature
5	bacterial/brain_heart_infusion_broth_bhi_oxoid.yaml	CultureMech:009443	Brain heart infusion broth (BHI; Oxoid)	6	no pH and no temperature
5	bacterial/brain_heart_infusion_broth_himedia.yaml	CultureMech:009416	Brain-heart-infusion broth (HiMedia)	6	no pH and no temperature
5	bacterial/brain_heart_infusion_broth_supplemented_with_5_g_ml_hemin_1_g_l_cysteine_and_nahco3_bhis.yaml	CultureMech:009360	Brain heart infusion broth supplemented with 5 μg/ml hemin, 1 g/L‐cysteine, and NaHCO3 (BHIS)	9	no pH and no temperature
5	bacterial/brain_heart_infusion_broth_supplemented_with_hemin_and_nad.yaml	CultureMech:009499	brain-heart infusion broth (supplemented with hemin and β-NAD)	4	no pH and no temperature
5	bacterial/brain_heart_infusion_difco_medium_supplemented_with_dl_threonine_and_glucose.yaml	CultureMech:009442	Brain heart infusion (Difco) medium supplemented with DL-threonine and glucose	8	no pH and no temperature
5	bacterial/brain_heart_infusion_media.yaml	CultureMech:009380	brain-heart-infusion media	6	no pH and no temperature
5	bacterial/brain_heart_infusion_media_bhi_supplemented_with_0_5_of_tween_80.yaml	CultureMech:009424	Brain-heart-infusion media (BHI) supplemented with 0.5% of Tween 80	8	no pH and no temperature
5	bacterial/brain_heart_infusion_medium_with_added_nad_and_hemin.yaml	CultureMech:009491	brain heart infusion medium (with added NAD and hemin)	8	no pH and no temperature
5	bacterial/brain_heart_infusion_with_5_nacl.yaml	CultureMech:003074	BRAIN HEART INFUSION WITH 5% NaCl	7	no pH and no temperature
5	bacterial/brewer_anaerobic_agar_with_2_nacl.yaml	CultureMech:010090	Brewer Anaerobic Agar With 2% NaCl	3	no pH and no temperature
5	bacterial/brucella_agar_plates_supplemented_with_hemin_and_vitamin_k1.yaml	CultureMech:009246	Brucella agar plates supplemented with hemin and vitamin K1	11	no pH and no temperature
5	bacterial/brucella_broth_with_formate_and_fumarate.yaml	CultureMech:008875	Brucella broth with formate and fumarate	3	no pH and no temperature
5	bacterial/bsk_ii_medium.yaml	CultureMech:008994	BSK II Medium	14	no pH and no temperature
5	bacterial/bsk_medium.yaml	CultureMech:001513	BSK-MEDIUM	17	no pH and no temperature
5	bacterial/bsm_9_1_mixture_v_v_of_bsm_plus_lb.yaml	CultureMech:008988	BSM+ (9:1 mixture v/v of BSM plus LB)	13	no pH and no temperature
5	bacterial/bsm_rc_medium.yaml	CultureMech:002277	BSM-RC MEDIUM	30	no pH and no temperature
5	bacterial/buffered_charcoal_yeast_extract_bcye_agar.yaml	CultureMech:008654	Buffered charcoal yeast extract (BCYE) Agar	8	no pH and no temperature
5	bacterial/by_medium.yaml	CultureMech:009522	BY Medium	14	no pH and no temperature
5	bacterial/byg_medium_for_acidiphilium_multivorum.yaml	CultureMech:008199	BYG Medium (for Acidiphilium multivorum)	10	no pH and no temperature
5	bacterial/caldicellulosiruptor_medium_for_dsm_10319.yaml	CultureMech:009111	Caldicellulosiruptor Medium (For DSM 10319)	20	no pH and no temperature
5	bacterial/calvo_et_al.yaml	CultureMech:007149	Calvo et al	6	no pH and no temperature
5	bacterial/caminibacter_medium.yaml	CultureMech:002726	CAMINIBACTER MEDIUM	30	no pH and no temperature
5	bacterial/camm.yaml	CultureMech:007435	CAMM	17	no pH and no temperature
5	bacterial/carboxydothermus_medium_for_dsm_22663.yaml	CultureMech:009229	Carboxydothermus Medium (For DSM 22663)	32	no pH and no temperature
5	bacterial/carboxymethyl_cellulose_medium.yaml	CultureMech:000547	CARBOXYMETHYL CELLULOSE MEDIUM	8	no pH and no temperature
5	bacterial/casamino_acids_peptone_czapeks_agar.yaml	CultureMech:007534	Casamino Acids-Peptone-Czapek's Agar	9	no pH and no temperature
5	bacterial/caso_agar_merck_105458_10mg_l_mnso4.yaml	CultureMech:008851	CASO Agar (Merck 105458) + 10mg/L MnSO4	6	no pH and no temperature
5	bacterial/castenholz_tye_medium.yaml	CultureMech:008898	Castenholz TYE medium	21	no pH and no temperature
5	bacterial/caulobacter_medium.yaml	CultureMech:001722	CAULOBACTER MEDIUM	5	no pH and no temperature
5	bacterial/caulobacter_medium_add_agar.yaml	CultureMech:008941	Caulobacter Medium (add agar)	5	no pH and no temperature
5	bacterial/cc.yaml	CultureMech:001250	CC	4	no pH and no temperature
5	bacterial/cdm_for_batch_cultivation.yaml	CultureMech:007211	CDM for Batch Cultivation	10	no pH and no temperature
5	bacterial/cdm_for_continuous_cultivation.yaml	CultureMech:007244	CDM for Continuous Cultivation	10	no pH and no temperature
5	bacterial/cdm_lab_medium.yaml	CultureMech:008827	CDM-LAB medium	55	no pH and no temperature
5	bacterial/cdm_lp.yaml	CultureMech:007240	CDM/LP	64	no pH and no temperature
5	bacterial/cdm_mcneil_et_al.yaml	CultureMech:007440	CDM; McNeil et al	12	no pH and no temperature
5	bacterial/cdm_teusink_et_al.yaml	CultureMech:007092	CDM; Teusink et al	41	no pH and no temperature
5	bacterial/cdmm.yaml	CultureMech:001228	CDMM	18	no pH and no temperature
5	bacterial/cedears_standard_medium_2.yaml	CultureMech:008684	Cedears Standard Medium 2	35	no pH and no temperature
5	bacterial/cedears_standard_medium_3.yaml	CultureMech:008766	Cedears Standard Medium 3	35	no pH and no temperature
5	bacterial/cellulolytic_natronoarchaea_medium.yaml	CultureMech:002352	CELLULOLYTIC NATRONOARCHAEA MEDIUM	28	no pH and no temperature
5	bacterial/cellulose_agar.yaml	CultureMech:003005	CELLULOSE AGAR	12	no pH and no temperature
5	bacterial/cellulosilyticum_ruminicola_medium.yaml	CultureMech:002985	CELLULOSILYTICUM RUMINICOLA MEDIUM	9	no pH and no temperature
5	bacterial/cens_medium.yaml	CultureMech:001882	CENS MEDIUM	22	no pH and no temperature
5	bacterial/cfmm_medium_0_1_dibenzofuran.yaml	CultureMech:008538	CFMM medium + 0.1% dibenzofuran	10	no pH and no temperature
5	bacterial/cgc_w_acetate.yaml	CultureMech:007184	CgC w/ acetate	13	no pH and no temperature
5	bacterial/cgc_w_acetate_glucose.yaml	CultureMech:007185	CgC w/ acetate + glucose	14	no pH and no temperature
5	bacterial/cgc_w_glucose.yaml	CultureMech:007186	CgC w/ glucose	13	no pH and no temperature
5	bacterial/cgm.yaml	CultureMech:000329	CGM	18	no pH and no temperature
5	bacterial/cgya_medium.yaml	CultureMech:009683	Cgya medium	4	no pH and no temperature
5	bacterial/ch.yaml	CultureMech:000330	CH	3	no pH and no temperature
5	bacterial/chamberlain_cdm.yaml	CultureMech:007212	Chamberlain CDM	22	no pH and no temperature
5	bacterial/chemically_de_ned_minimal_medium_mm.yaml	CultureMech:009440	Chemically-deﬁned minimal medium(MM)	8	no pH and no temperature
5	bacterial/chemically_defined_fermentation_medium_20g_ethanol_12_5g_msg.yaml	CultureMech:007227	'Chemically Defined Fermentation Medium (20g ethanol + 12.5g MSG	12	no pH and no temperature
5	bacterial/chemically_defined_fermentation_medium_20g_glucose_12_5g_msg.yaml	CultureMech:007223	'Chemically Defined Fermentation Medium (20g glucose + 12.5g MSG	12	no pH and no temperature
5	bacterial/chemically_defined_fermentation_medium_20g_glucose_20g_ethanol_12_5g_msg.yaml	CultureMech:007231	'Chemically Defined Fermentation Medium (20g glucose + 20g ethanol +12.5g MSG	13	no pH and no temperature
5	bacterial/chemically_defined_fermentation_medium_20g_glucose_20g_glycerol_12_5g_msg.yaml	CultureMech:007230	'Chemically Defined Fermentation Medium (20g glucose + 20g glycerol +12.5g MSG	13	no pH and no temperature
5	bacterial/chemically_defined_fermentation_medium_20g_glucose_20g_lactose_12_5g_msg.yaml	CultureMech:007228	'Chemically Defined Fermentation Medium (20g glucose + 20g lactose +12.5g MSG	13	no pH and no temperature
5	bacterial/chemically_defined_fermentation_medium_20g_glycerol_12_5g_msg.yaml	CultureMech:007226	'Chemically Defined Fermentation Medium (20g glycerol + 12.5g MSG	12	no pH and no temperature
5	bacterial/chemically_defined_fermentation_medium_45g_glucose_11g_ammonium_acetate.yaml	CultureMech:007234	'Chemically Defined Fermentation Medium (45g glucose + 11g ammonium acetate	12	no pH and no temperature
5	bacterial/chemically_defined_fermentation_medium_45g_glucose_12_5g_arginine.yaml	CultureMech:007242	'Chemically Defined Fermentation Medium (45g glucose + 12.5g arginine	12	no pH and no temperature
5	bacterial/chemically_defined_fermentation_medium_45g_glucose_12_5g_glycine.yaml	CultureMech:007241	'Chemically Defined Fermentation Medium (45g glucose + 12.5g glycine	12	no pH and no temperature
5	bacterial/chemically_defined_fermentation_medium_45g_glucose_12_5g_histidine.yaml	CultureMech:007239	'Chemically Defined Fermentation Medium (45g glucose + 12.5g histidine	12	no pH and no temperature
5	bacterial/chemically_defined_fermentation_medium_45g_glucose_12_5g_isoleucine.yaml	CultureMech:007243	'Chemically Defined Fermentation Medium (45g glucose + 12.5g isoleucine	12	no pH and no temperature
5	bacterial/chemically_defined_fermentation_medium_45g_glucose_12_5g_msg.yaml	CultureMech:007217	'Chemically Defined Fermentation Medium (45g glucose + 12.5g MSG	12	no pH and no temperature
5	bacterial/chemically_defined_fermentation_medium_45g_glucose_13_7g_diammonium_tartrate.yaml	CultureMech:007232	'Chemically Defined Fermentation Medium (45g glucose + 13.7g diammonium tartrate	12	no pH and no temperature
5	bacterial/chemically_defined_fermentation_medium_45g_glucose_18g_msg.yaml	CultureMech:007238	'Chemically Defined Fermentation Medium (45g glucose + 18g MSG	12	no pH and no temperature
5	bacterial/chemically_defined_fermentation_medium_45g_glucose_4_5g_urea.yaml	CultureMech:007236	'Chemically Defined Fermentation Medium (45g glucose + 4.5g urea	12	no pH and no temperature
5	bacterial/chemically_defined_fermentation_medium_45g_glucose_4g_ammonium_nitrate.yaml	CultureMech:007233	'Chemically Defined Fermentation Medium (45g glucose + 4g ammonium nitrate	12	no pH and no temperature
5	bacterial/chemically_defined_fermentation_medium_45g_glucose_4g_sodium_nitrate.yaml	CultureMech:007235	'Chemically Defined Fermentation Medium (45g glucose + 4g sodium nitrate	12	no pH and no temperature
5	bacterial/chemically_defined_fermentation_medium_45g_glucose_7g_msg.yaml	CultureMech:007237	'Chemically Defined Fermentation Medium (45g glucose + 7g MSG	12	no pH and no temperature
5	bacterial/chemically_defined_fermentation_medium_45g_lactose_12_5g_msg.yaml	CultureMech:007225	'Chemically Defined Fermentation Medium (45g lactose + 12.5g MSG	12	no pH and no temperature
5	bacterial/chemically_defined_fermentation_medium_70g_glucose_12_5g_msg.yaml	CultureMech:007224	'Chemically Defined Fermentation Medium (70g glucose + 12.5g MSG	12	no pH and no temperature
5	bacterial/chemically_defined_medium.yaml	CultureMech:009589	Chemically defined medium	32	no pH and no temperature
5	bacterial/chi_1776_medium.yaml	CultureMech:001501	CHI 1776 MEDIUM	7	no pH and no temperature
5	bacterial/chlamydia_serpentis_poikilotherma_medium.yaml	CultureMech:001238	Chlamydia serpentis & poikilotherma Medium	5	no pH and no temperature
5	bacterial/chocolate_agar.yaml	CultureMech:001535	CHOCOLATE AGAR	14	no pH and no temperature
5	bacterial/chocolate_agar_polyvitex_pvx.yaml	CultureMech:008743	Chocolate agar + PolyViteX (PVX)	10	no pH and no temperature
5	bacterial/chocolate_agar_replace_horse_blood_with_sheep_blood.yaml	CultureMech:005271	CHOCOLATE AGAR_replace_horse blood_with_sheep blood	15	no pH and no temperature
5	bacterial/chopped_meat_carbohydrate_medium.yaml	CultureMech:009264	Chopped Meat Carbohydrate Medium	15	no pH and no temperature
5	bacterial/chopped_meat_carbohydrate_medium_atcc_medium_593_with_0_1_cellobiose_0_1_maltose_and_0_1_starch.yaml	CultureMech:009257	Chopped meat carbohydrate medium (ATCC Medium 593) with 0.1% cellobiose, 0.1% maltose and 0.1% starch	12	no pH and no temperature
5	bacterial/chopped_meat_carbohydrate_medium_w_tween_80.yaml	CultureMech:009272	Chopped Meat Carbohydrate Medium w/Tween 80	15	no pH and no temperature
5	bacterial/chopped_meat_carbohydrates_with_rumen_fluid.yaml	CultureMech:009143	Chopped meat carbohydrates with rumen fluid	21	no pH and no temperature
5	bacterial/chopped_meat_medium_add_vitamin_k1.yaml	CultureMech:009092	Chopped Meat Medium (add Vitamin K1)	13	no pH and no temperature
5	bacterial/chopped_meat_medium_add_vitamin_k1_and_agar.yaml	CultureMech:009094	Chopped Meat Medium (add Vitamin K1 and agar)	14	no pH and no temperature
5	bacterial/chopped_meat_medium_add_vitamin_k3.yaml	CultureMech:009093	Chopped Meat Medium (add Vitamin K3)	13	no pH and no temperature
5	bacterial/chopped_meat_medium_add_vitamin_k3_and_agar.yaml	CultureMech:009095	Chopped Meat Medium (add Vitamin K3 and agar)	14	no pH and no temperature
5	bacterial/chopped_meat_medium_atcc_1490_with_formate_and_fumarate_atcc_9733.yaml	CultureMech:009185	Chopped Meat Medium (ATCC 1490) with Formate and Fumarate (ATCC 9733)	20	no pH and no temperature
5	bacterial/chopped_meat_medium_for_treponema_sp.yaml	CultureMech:001927	CHOPPED MEAT MEDIUM FOR TREPONEMA SP.	26	no pH and no temperature
5	bacterial/chopped_meat_medium_with_1_glucose.yaml	CultureMech:009305	Chopped meat medium with 1% glucose	10	no pH and no temperature
5	bacterial/chromatium_medium.yaml	CultureMech:009124	Chromatium Medium	35	no pH and no temperature
5	bacterial/chromatium_salexigens_medium.yaml	CultureMech:001526	CHROMATIUM SALEXIGENS MEDIUM	5	no pH and no temperature
5	bacterial/chryspyg.yaml	CultureMech:008263	ChrysPYG	6	no pH and no temperature
5	bacterial/clostridia_growth_medium_cgm.yaml	CultureMech:009356	Clostridia growth medium (CGM)	12	no pH and no temperature
5	bacterial/clostridial_growth_medium_cgm.yaml	CultureMech:009327	Clostridial Growth Medium (CGM)	14	no pH and no temperature
5	bacterial/clostridial_medium.yaml	CultureMech:009330	Clostridial medium	9	no pH and no temperature
5	bacterial/clostridium_acetate_1_medium.yaml	CultureMech:003124	CLOSTRIDIUM ACETATE 1 MEDIUM	22	no pH and no temperature
5	bacterial/clostridium_aldrichii_medium.yaml	CultureMech:009273	Clostridium aldrichii medium	36	no pH and no temperature
5	bacterial/clostridium_cellulolytic_medium.yaml	CultureMech:009254	Clostridium Cellulolytic medium	12	no pH and no temperature
5	bacterial/clostridium_propionicum_medium.yaml	CultureMech:004179	CLOSTRIDIUM PROPIONICUM medium	10	no pH and no temperature
5	bacterial/clostridium_r6_medium.yaml	CultureMech:002984	CLOSTRIDIUM R6 MEDIUM	30	no pH and no temperature
5	bacterial/clostridium_sp_medium.yaml	CultureMech:001685	CLOSTRIDIUM SP. MEDIUM	4	no pH and no temperature
5	bacterial/clostridium_sw_medium.yaml	CultureMech:002987	CLOSTRIDIUM SW MEDIUM	30	no pH and no temperature
5	bacterial/clostridium_thermocellum_medium_atcc_medium_1190_with_18_75_g_filter_paper_substituted_for_the_glucose.yaml	CultureMech:009249	Clostridium thermocellum medium (ATCC medium 1190) with 18.75 g filter paper substituted for the glucose	39	no pH and no temperature
5	bacterial/clostridium_thermocellum_medium_d58_medium.yaml	CultureMech:008330	Clostridium thermocellum Medium (D58 Medium)	14	no pH and no temperature
5	bacterial/cm4_medium.yaml	CultureMech:009245	CM4 medium	13	no pH and no temperature
5	bacterial/cm_ye_medium.yaml	CultureMech:001683	CM + YE MEDIUM	9	no pH and no temperature
5	bacterial/cma.yaml	CultureMech:000332	CMA	3	no pH and no temperature
5	bacterial/cmm.yaml	CultureMech:007191	CMM	25	no pH and no temperature
5	bacterial/cmyc_agar.yaml	CultureMech:008499	CMYC agar	8	no pH and no temperature
5	bacterial/columbia_blood_agar.yaml	CultureMech:001533	COLUMBIA BLOOD AGAR	15	no pH and no temperature
5	bacterial/columbia_blood_agar_modified_for_dsm_10001.yaml	CultureMech:005256	COLUMBIA BLOOD AGAR MODIFIED FOR DSM 10001	15	no pH and no temperature
5	bacterial/columbia_blood_agar_modified_for_dsm_11969.yaml	CultureMech:005258	COLUMBIA BLOOD AGAR MODIFIED FOR DSM 11969	15	no pH and no temperature
5	bacterial/columbia_blood_agar_oxoid.yaml	CultureMech:008812	Columbia blood agar (Oxoid)	6	no pH and no temperature
5	bacterial/columbia_blood_agar_with_10_horse_blood.yaml	CultureMech:002579	COLUMBIA BLOOD AGAR WITH 10% HORSE BLOOD	8	no pH and no temperature
5	bacterial/columbia_blood_agar_with_5_horse_blood.yaml	CultureMech:002640	COLUMBIA BLOOD AGAR WITH 5% HORSE BLOOD	8	no pH and no temperature
5	bacterial/columbia_blood_agar_with_5_rabbit_blood.yaml	CultureMech:002933	COLUMBIA BLOOD AGAR WITH 5% RABBIT BLOOD	8	no pH and no temperature
5	bacterial/columbia_blood_agar_with_5_sheep_blood.yaml	CultureMech:002614	COLUMBIA BLOOD AGAR WITH 5% SHEEP BLOOD	8	no pH and no temperature
5	bacterial/columbia_blood_agar_with_charcoal.yaml	CultureMech:001534	COLUMBIA BLOOD AGAR WITH CHARCOAL	15	no pH and no temperature
5	bacterial/columbia_blood_medium.yaml	CultureMech:001830	COLUMBIA BLOOD MEDIUM	15	no pH and no temperature
5	bacterial/columbia_glucose_cysteine_agar.yaml	CultureMech:001536	COLUMBIA-GLUCOSE-CYSTEINE-AGAR	14	no pH and no temperature
5	bacterial/columbia_glucose_cysteine_agar_replace_horse_blood_with_sheep_blood.yaml	CultureMech:005273	COLUMBIA-GLUCOSE-CYSTEINE-AGAR_replace_horse blood_with_sheep blood	15	no pH and no temperature
5	bacterial/complete_chemically_defined_medium.yaml	CultureMech:007222	Complete Chemically-defined Medium	51	no pH and no temperature
5	bacterial/complete_medium.yaml	CultureMech:009573	Complete Medium	9	no pH and no temperature
5	bacterial/complete_seed_medium_liu_2004.yaml	CultureMech:007282	'Complete Seed Medium (Liu 2004	10	no pH and no temperature
5	bacterial/corn_and_fish_meal_agar.yaml	CultureMech:007954	Corn and Fish Meal Agar	3	no pH and no temperature
5	bacterial/corn_steep_liquor_medium_csl_medium.yaml	CultureMech:009439	Corn steep liquor medium (CSL medium)	8	no pH and no temperature
5	bacterial/cornmeal_agar.yaml	CultureMech:007958	Cornmeal Agar	3	no pH and no temperature
5	bacterial/cow_manure_agar.yaml	CultureMech:001794	COW MANURE AGAR	3	no pH and no temperature
5	bacterial/cyanobacteria_medium_1_2_swes_brackish_water_medium.yaml	CultureMech:001261	Cyanobacteria Medium 1/2 SWES - Brackish Water Medium	14	no pH and no temperature
5	bacterial/cyanobacteria_medium_ab.yaml	CultureMech:001127	Cyanobacteria Medium AB +	18	no pH and no temperature
5	bacterial/cyanobacteria_medium_asn_3.yaml	CultureMech:001157	Cyanobacteria Medium ASN 3+	18	no pH and no temperature
5	bacterial/cyanobacteria_medium_ba.yaml	CultureMech:001159	Cyanobacteria Medium BA+	18	no pH and no temperature
5	bacterial/cyanobacteria_medium_ba_50_b_n_2.yaml	CultureMech:001160	Cyanobacteria Medium BA+50+B+N/2	19	no pH and no temperature
5	bacterial/cyanobacteria_medium_bg11.yaml	CultureMech:001069	Cyanobacteria Medium BG11-	14	no pH and no temperature
5	bacterial/cyanobacteria_medium_mcl.yaml	CultureMech:001162	Cyanobacteria Medium MCL	13	no pH and no temperature
5	bacterial/cyanobacteria_medium_swes_seawater_soil_extract_salts.yaml	CultureMech:001260	Cyanobacteria Medium SWES (Seawater - Soil Extract - Salts)	13	no pH and no temperature
5	bacterial/cys_medium_for_ymo722.yaml	CultureMech:002966	CYS MEDIUM FOR YMO722	14	no pH and no temperature
5	bacterial/czapek_solution_agar_a.yaml	CultureMech:008886	Czapek Solution Agar (A)	8	no pH and no temperature
5	bacterial/czapek_solution_agar_b.yaml	CultureMech:009206	Czapek Solution Agar (B)	8	no pH and no temperature
5	bacterial/czapek_yeast_extract_agar_cya.yaml	CultureMech:008792	Czapek Yeast Extract Agar (CYA)	12	no pH and no temperature
5	bacterial/czapeks_agar_for_the_genomic_modified_aspergillus.yaml	CultureMech:008591	Czapek's Agar (for the Genomic Modified Aspergillus)	8	no pH and no temperature
5	bacterial/czapeks_solution_agar_with_200_g_sucrose.yaml	CultureMech:009642	Czapek's Solution Agar With 200 g Sucrose	8	no pH and no temperature
5	bacterial/dawes_and_mandelstam_medium_from_leitch_et_al.yaml	CultureMech:007068	Dawes and Mandelstam medium; from Leitch et al	12	no pH and no temperature
5	bacterial/db_characterization_medium_no_2_with_1_sea_salts.yaml	CultureMech:002239	DB CHARACTERIZATION MEDIUM NO.2 WITH 1% SEA SALTS	30	no pH and no temperature
5	bacterial/de_man_rogosa_and_sharpe_mrs_broth_sigma.yaml	CultureMech:009412	de Man, Rogosa, and Sharpe (MRS) broth (Sigma)	11	no pH and no temperature
5	bacterial/de_man_rogosa_sharpe_mrs_medium_scharlau_chemie_supplemented_with_0_05_wt_vol_l_cysteine_hydrochloride.yaml	CultureMech:009325	de Man-Rogosa-Sharpe (MRS) medium (Scharlau Chemie) supplemented with 0.05% (wt/vol) l-cysteine hydrochloride	16	no pH and no temperature
5	bacterial/deferrated_synbase_simpson_et_al.yaml	CultureMech:007064	Deferrated synbase; simpson et al	10	no pH and no temperature
5	bacterial/deferrated_synbase_with_ferric_ammonium_citrate_simpson.yaml	CultureMech:007065	Deferrated synbase with ferric ammonium citrate; simpson	10	no pH and no temperature
5	bacterial/defined_freshwater_medium_cocl2.yaml	CultureMech:007294	'Defined freshwater medium (CoCl2	39	no pH and no temperature
5	bacterial/defined_freshwater_medium_coso4.yaml	CultureMech:007293	'Defined freshwater medium (CoSO4	39	no pH and no temperature
5	bacterial/defined_medium.yaml	CultureMech:009665	Defined medium	18	no pH and no temperature
5	bacterial/defined_minimal_medium.yaml	CultureMech:009638	Defined minimal medium	14	no pH and no temperature
5	bacterial/deshpande_medium_fang_et_al.yaml	CultureMech:007098	Deshpande medium; fang et al	11	no pH and no temperature
5	bacterial/deshpande_medium_with_met_asp_fang_et_al.yaml	CultureMech:007099	Deshpande medium with Met, Asp; Fang et al	13	no pH and no temperature
5	bacterial/deshpande_medium_with_met_asp_gly_arg_fang_et_al.yaml	CultureMech:007100	Deshpande medium with Met, Asp, Gly, Arg; Fang et al	15	no pH and no temperature
5	bacterial/desulfatiferula_berrense_medium.yaml	CultureMech:003274	DESULFATIFERULA BERRENSE MEDIUM	32	no pH and no temperature
5	bacterial/desulfatirhabdium_butyrativorans_medium.yaml	CultureMech:002925	DESULFATIRHABDIUM BUTYRATIVORANS MEDIUM	29	no pH and no temperature
5	bacterial/desulfitobacterium_dehalogenans_medium.yaml	CultureMech:009144	Desulfitobacterium dehalogenans medium	28	no pH and no temperature
5	bacterial/desulfobacter_medium_for_dsm_10631.yaml	CultureMech:009115	Desulfobacter Medium (For DSM 10631)	37	no pH and no temperature
5	bacterial/desulfobacter_medium_with_lactate.yaml	CultureMech:009539	Desulfobacter Medium With Lactate	10	no pH and no temperature
5	bacterial/desulfobacter_sp_medium.yaml	CultureMech:004252	DESULFOBACTER SP. MEDIUM	33	no pH and no temperature
5	bacterial/desulfobacterium_catecholicum_medium.yaml	CultureMech:002423	DESULFOBACTERIUM CATECHOLICUM MEDIUM	34	no pH and no temperature
5	bacterial/desulfobacterium_medium_for_dsm_17291.yaml	CultureMech:009116	Desulfobacterium Medium (For DSM 17291)	37	no pH and no temperature
5	bacterial/desulfobacterium_naphthalenivolans_medium.yaml	CultureMech:002324	DESULFOBACTERIUM NAPHTHALENIVOLANS MEDIUM	32	no pH and no temperature
5	bacterial/desulfobacterium_niacini_medium.yaml	CultureMech:002749	DESULFOBACTERIUM NIACINI MEDIUM	32	no pH and no temperature
5	bacterial/desulfobacterium_oleovorans_medium.yaml	CultureMech:002424	DESULFOBACTERIUM OLEOVORANS MEDIUM	32	no pH and no temperature
5	bacterial/desulfobacterium_vacuolatum_medium.yaml	CultureMech:002750	DESULFOBACTERIUM VACUOLATUM MEDIUM	32	no pH and no temperature
5	bacterial/desulfobacula_toluolica_medium.yaml	CultureMech:005157	DESULFOBACULA TOLUOLICA MEDIUM	32	no pH and no temperature
5	bacterial/desulfobulbus_sp_medium_freshwater_for_dsm_14880.yaml	CultureMech:009098	Desulfobulbus SP. Medium (Freshwater) (For DSM 14880)	37	no pH and no temperature
5	bacterial/desulfocarbo_indianensis_medium.yaml	CultureMech:002204	DESULFOCARBO INDIANENSIS MEDIUM	31	no pH and no temperature
5	bacterial/desulfocella_medium.yaml	CultureMech:002422	DESULFOCELLA MEDIUM	35	no pH and no temperature
5	bacterial/desulfofarcimen_medium_for_dsm_7213.yaml	CultureMech:009103	Desulfofarcimen Medium (For DSM 7213)	35	no pH and no temperature
5	bacterial/desulfohalobium_utahense_medium.yaml	CultureMech:003305	DESULFOHALOBIUM UTAHENSE MEDIUM	30	no pH and no temperature
5	bacterial/desulfosarcina_medium.yaml	CultureMech:004259	DESULFOSARCINA MEDIUM	33	no pH and no temperature
5	bacterial/desulfosarcina_ovata_medium.yaml	CultureMech:002752	DESULFOSARCINA OVATA MEDIUM	32	no pH and no temperature
5	bacterial/desulfotomaculum_groll_medium.yaml	CultureMech:004008	DESULFOTOMACULUM GROLL medium	35	no pH and no temperature
5	bacterial/desulfotomaculum_pbe_medium.yaml	CultureMech:002894	DESULFOTOMACULUM PBE MEDIUM	9	no pH and no temperature
5	bacterial/desulfovibrio_arsenicitolerans_medium.yaml	CultureMech:003175	DESULFOVIBRIO ARSENICITOLERANS MEDIUM	23	no pH and no temperature
5	bacterial/desulfovibrio_marine_medium.yaml	CultureMech:004189	DESULFOVIBRIO (marine) medium	12	no pH and no temperature
5	bacterial/desulfovibrio_marinus_medium.yaml	CultureMech:002899	DESULFOVIBRIO MARINUS MEDIUM	22	no pH and no temperature
5	bacterial/desulfovibrio_mv_medium_for_dsm_13257.yaml	CultureMech:009288	Desulfovibrio (MV) Medium (For DSM 13257)	35	no pH and no temperature
5	bacterial/desulfovibrio_oceani_medium.yaml	CultureMech:003107	DESULFOVIBRIO OCEANI MEDIUM	23	no pH and no temperature
5	bacterial/desulfovibrio_zosterae_medium.yaml	CultureMech:005158	DESULFOVIBRIO ZOSTERAE MEDIUM	32	no pH and no temperature
5	bacterial/desulfurella_multipotens_medium.yaml	CultureMech:005597	DESULFURELLA MULTIPOTENS medium	31	no pH and no temperature
5	bacterial/desulfurispirillum_alkaliphilum_medium.yaml	CultureMech:003104	DESULFURISPIRILLUM ALKALIPHILUM MEDIUM	18	no pH and no temperature
5	bacterial/desulfurispirillum_medium.yaml	CultureMech:000698	DESULFURISPIRILLUM MEDIUM	18	no pH and no temperature
5	bacterial/dethiosulfovibrio_belb1_medium.yaml	CultureMech:003230	DETHIOSULFOVIBRIO BELB1 MEDIUM	24	no pH and no temperature
5	bacterial/diazotrophic_medium_rba.yaml	CultureMech:001550	DIAZOTROPHIC MEDIUM (RBA)	30	no pH and no temperature
5	bacterial/diluted_marine_agar.yaml	CultureMech:010060	Diluted Marine Agar	4	no pH and no temperature
5	bacterial/diluted_nitrate_mineral_medium.yaml	CultureMech:003342	DILUTED NITRATE MINERAL MEDIUM	16	no pH and no temperature
5	bacterial/diluted_tryptone_soya_broth_tsb.yaml	CultureMech:001678	DILUTED TRYPTONE SOYA BROTH (TSB)	5	no pH and no temperature
5	bacterial/dissulfurimicrobium_hydrothermale_medium.yaml	CultureMech:002214	DISSULFURIMICROBIUM HYDROTHERMALE MEDIUM	35	no pH and no temperature
5	bacterial/dp_medium.yaml	CultureMech:001799	DP MEDIUM	8	no pH and no temperature
5	bacterial/dsm_135_medium.yaml	CultureMech:009613	DSM 135 medium	33	no pH and no temperature
5	bacterial/dsm_16984_dsm_24478_24479_24480_24481_24492_24493_and_24527.yaml	CultureMech:003509	DSM 16984, DSM 24478, 24479, 24480, 24481, 24492, 24493 and 24527	12	no pH and no temperature
5	bacterial/dsmz_medium_854.yaml	CultureMech:009602	Dsmz medium 854	38	no pH and no temperature
5	bacterial/dt_medium_ph_3_5.yaml	CultureMech:009364	DT medium (pH 3.5)	11	no pH and no temperature
5	bacterial/dulcitol_salt_schaechter_et_al.yaml	CultureMech:007127	Dulcitol salt; schaechter et al	6	no pH and no temperature
5	bacterial/dung_extract_agar.yaml	CultureMech:001917	DUNG EXTRACT AGAR	7	no pH and no temperature
5	bacterial/e26_biotin.yaml	CultureMech:000336	E26 + Biotin	8	no pH and no temperature
5	bacterial/e26_biotin_ant.yaml	CultureMech:000337	E26 + Biotin:ANT	19	no pH and no temperature
5	bacterial/e27.yaml	CultureMech:000339	E27	10	no pH and no temperature
5	bacterial/e2_medium_with_citrate.yaml	CultureMech:007094	E2 medium with citrate	11	no pH and no temperature
5	bacterial/e2_medium_with_gluconate.yaml	CultureMech:007093	E2 medium with gluconate	11	no pH and no temperature
5	bacterial/e2_medium_with_octanoate.yaml	CultureMech:007090	E2 medium with octanoate	11	no pH and no temperature
5	bacterial/e31.yaml	CultureMech:000340	E31	8	no pH and no temperature
5	bacterial/e31_ant.yaml	CultureMech:000341	E31:ANT	18	no pH and no temperature
5	bacterial/e_columbia_blood_agar_10.yaml	CultureMech:001538	e. COLUMBIA BLOOD AGAR 10%	15	no pH and no temperature
5	bacterial/ea.yaml	CultureMech:000342	EA	8	no pH and no temperature
5	bacterial/ebios_glucose_agar.yaml	CultureMech:003317	EBIOS-GLUCOSE AGAR	3	no pH and no temperature
5	bacterial/ecoli_bl21_medium_park_et_al.yaml	CultureMech:007177	Ecoli bl21 medium; park et al	14	no pH and no temperature
5	bacterial/ectothiorhodospira_medium.yaml	CultureMech:009540	Ectothiorhodospira Medium	13	no pH and no temperature
5	bacterial/eg.yaml	CultureMech:000334	EG	6	no pH and no temperature
5	bacterial/eg_jm.yaml	CultureMech:000335	EG:JM	20	no pH and no temperature
5	bacterial/eggc.yaml	CultureMech:000634	EGGC	21	no pH and no temperature
5	bacterial/elbe_methanotroph_medium.yaml	CultureMech:002369	ELBE METHANOTROPH MEDIUM	21	no pH and no temperature
5	bacterial/elusimicrobium_minutum_medium.yaml	CultureMech:009172	Elusimicrobium minutum medium	25	no pH and no temperature
5	bacterial/ema_medium.yaml	CultureMech:009335	EMA medium	10	no pH and no temperature
5	bacterial/emersons_yeast_starch_agar.yaml	CultureMech:010051	Emerson's Yeast-Starch Agar	6	no pH and no temperature
5	bacterial/enriched_anaerobe_medium.yaml	CultureMech:009304	Enriched anaerobe medium	15	no pH and no temperature
5	bacterial/enriched_artificial_seawater_medium_f_2.yaml	CultureMech:001202	Enriched Artificial Seawater Medium f/2	13	no pH and no temperature
5	bacterial/enriched_artificial_seawater_medium_f_2_suppl_with_50_g_l_nacl.yaml	CultureMech:001224	Enriched Artificial Seawater Medium f/2  suppl. with 50 g/l NaCl	14	no pH and no temperature
5	bacterial/enriched_artificial_seawater_medium_f_2_suppl_with_wheat_grains.yaml	CultureMech:001203	Enriched Artificial Seawater Medium f/2 suppl. with Wheat Grains	14	no pH and no temperature
5	bacterial/etsa_medium.yaml	CultureMech:009136	ETSA medium	26	no pH and no temperature
5	bacterial/eubacterium_acidaminophilum_medium.yaml	CultureMech:009297	Eubacterium acidaminophilum medium	21	no pH and no temperature
5	bacterial/eubacterium_medium.yaml	CultureMech:002515	EUBACTERIUM MEDIUM	4	no pH and no temperature
5	bacterial/f_10.yaml	CultureMech:000345	f/10	14	no pH and no temperature
5	bacterial/falcivibrio_medium.yaml	CultureMech:001401	FALCIVIBRIO MEDIUM	4	no pH and no temperature
5	bacterial/fe_and_s_free_basal_medium.yaml	CultureMech:009688	Fe- and S-free basal medium	10	no pH and no temperature
5	bacterial/fe_iii_reducer_marine_enrichment_medium.yaml	CultureMech:009793	Fe(III)-Reducer Marine Enrichment Medium	32	no pH and no temperature
5	bacterial/fermentation_medium_acetate_nh4cl.yaml	CultureMech:007263	'Fermentation Medium (Acetate+NH4Cl	9	no pH and no temperature
5	bacterial/fermentation_medium_ethanol_nh4cl.yaml	CultureMech:007254	'Fermentation Medium (Ethanol+NH4Cl	9	no pH and no temperature
5	bacterial/fermentation_medium_fructose_nh4cl.yaml	CultureMech:007249	'Fermentation Medium (Fructose+NH4Cl	9	no pH and no temperature
5	bacterial/fermentation_medium_glucose_alanine.yaml	CultureMech:007274	'Fermentation Medium (Glucose+Alanine	9	no pH and no temperature
5	bacterial/fermentation_medium_glucose_arginine.yaml	CultureMech:007271	'Fermentation Medium (Glucose+Arginine	9	no pH and no temperature
5	bacterial/fermentation_medium_glucose_aspartic_acid.yaml	CultureMech:007268	'Fermentation Medium (Glucose+Aspartic acid	9	no pH and no temperature
5	bacterial/fermentation_medium_glucose_glutamic_acid.yaml	CultureMech:007266	'Fermentation Medium (Glucose+Glutamic acid	9	no pH and no temperature
5	bacterial/fermentation_medium_glucose_glutamine.yaml	CultureMech:007267	'Fermentation Medium (Glucose+Glutamine	9	no pH and no temperature
5	bacterial/fermentation_medium_glucose_glycine.yaml	CultureMech:007280	'Fermentation Medium (Glucose+Glycine	9	no pH and no temperature
5	bacterial/fermentation_medium_glucose_histidine.yaml	CultureMech:007281	'Fermentation Medium (Glucose+Histidine	9	no pH and no temperature
5	bacterial/fermentation_medium_glucose_isoleucine.yaml	CultureMech:007277	'Fermentation Medium (Glucose+Isoleucine	9	no pH and no temperature
5	bacterial/fermentation_medium_glucose_leucine.yaml	CultureMech:007276	'Fermentation Medium (Glucose+Leucine	9	no pH and no temperature
5	bacterial/fermentation_medium_glucose_nh4cl.yaml	CultureMech:007218	'Fermentation Medium (Glucose+NH4Cl	9	no pH and no temperature
5	bacterial/fermentation_medium_glucose_phenylalanine.yaml	CultureMech:007270	'Fermentation Medium (Glucose+Phenylalanine	9	no pH and no temperature
5	bacterial/fermentation_medium_glucose_proline.yaml	CultureMech:007273	'Fermentation Medium (Glucose+Proline	9	no pH and no temperature
5	bacterial/fermentation_medium_glucose_serine.yaml	CultureMech:007278	'Fermentation Medium (Glucose+Serine	9	no pH and no temperature
5	bacterial/fermentation_medium_glucose_threonine.yaml	CultureMech:007275	'Fermentation Medium (Glucose+Threonine	9	no pH and no temperature
5	bacterial/fermentation_medium_glucose_tyrosine.yaml	CultureMech:007269	'Fermentation Medium (Glucose+Tyrosine	9	no pH and no temperature
5	bacterial/fermentation_medium_glucose_urea.yaml	CultureMech:007265	'Fermentation Medium (Glucose+Urea	9	no pH and no temperature
5	bacterial/fermentation_medium_glucose_valine.yaml	CultureMech:007279	'Fermentation Medium (Glucose+Valine	9	no pH and no temperature
5	bacterial/fermentation_medium_glycerol_nh4cl.yaml	CultureMech:007252	'Fermentation Medium (Glycerol+NH4Cl	9	no pH and no temperature
5	bacterial/fermentation_medium_l_alanine_nh4cl.yaml	CultureMech:007255	'Fermentation Medium (L-alanine+NH4Cl	9	no pH and no temperature
5	bacterial/fermentation_medium_l_arginine_nh4cl.yaml	CultureMech:007258	'Fermentation Medium (L-arginine+NH4Cl	9	no pH and no temperature
5	bacterial/fermentation_medium_l_aspartate_nh4cl.yaml	CultureMech:007257	'Fermentation Medium (L-aspartate+NH4Cl	9	no pH and no temperature
5	bacterial/fermentation_medium_l_glutamate_nh4cl.yaml	CultureMech:007256	'Fermentation Medium (L-glutamate+NH4Cl	9	no pH and no temperature
5	bacterial/fermentation_medium_l_proline_nh4cl.yaml	CultureMech:007259	'Fermentation Medium (L-proline+NH4Cl	9	no pH and no temperature
5	bacterial/fermentation_medium_lactate_nh4cl.yaml	CultureMech:007262	'Fermentation Medium (Lactate+NH4Cl	9	no pH and no temperature
5	bacterial/fermentation_medium_mannose_nh4cl.yaml	CultureMech:007251	'Fermentation Medium (Mannose+NH4Cl	9	no pH and no temperature
5	bacterial/fermentation_medium_methanol_nh4cl.yaml	CultureMech:007253	'Fermentation Medium (Methanol+NH4Cl	9	no pH and no temperature
5	bacterial/fermentation_medium_oleic_acid_nh4cl.yaml	CultureMech:007264	'Fermentation Medium (Oleic acid+NH4Cl	9	no pH and no temperature
5	bacterial/fermentation_medium_pyruvate_nh4cl.yaml	CultureMech:007260	'Fermentation Medium (Pyruvate+NH4Cl	9	no pH and no temperature
5	bacterial/fermentation_medium_trehalose_nh4cl.yaml	CultureMech:007248	'Fermentation Medium (Trehalose+NH4Cl	9	no pH and no temperature
5	bacterial/ferrous_iron_yeast_extract_medium.yaml	CultureMech:007799	Ferrous Iron Yeast Extract Medium	20	no pH and no temperature
5	bacterial/ferulate_medium.yaml	CultureMech:001506	FERULATE MEDIUM	30	no pH and no temperature
5	bacterial/fex5_medium.yaml	CultureMech:007122	Fex5 medium	13	no pH and no temperature
5	bacterial/fibrobacter_medium.yaml	CultureMech:009139	Fibrobacter medium	44	no pH and no temperature
5	bacterial/for_dsm_11379_dsm_11380_dsm_11381_and_dsm_11382.yaml	CultureMech:004965	For DSM 11379, DSM 11380, DSM 11381 and DSM 11382	36	no pH and no temperature
5	bacterial/for_dsm_12342_dsm_12343_and_dsm_12345.yaml	CultureMech:006690	For DSM 12342, DSM 12343 and DSM 12345	35	no pH and no temperature
5	bacterial/for_dsm_15558_and_dsm_16458.yaml	CultureMech:004141	For DSM 15558 and DSM 16458	37	no pH and no temperature
5	bacterial/for_dsm_15576_and_dsm_16219.yaml	CultureMech:004247	For DSM 15576 and DSM 16219	33	no pH and no temperature
5	bacterial/for_dsm_9675_and_dsm_9685.yaml	CultureMech:005572	For DSM 9675 and DSM 9685	35	no pH and no temperature
5	bacterial/for_haemophilus_spp.yaml	CultureMech:006521	For Haemophilus spp	5	no pH and no temperature
5	bacterial/formate_medium.yaml	CultureMech:009652	Formate medium	15	no pH and no temperature
5	bacterial/francisella_halioticida_medium.yaml	CultureMech:001537	FRANCISELLA HALIOTICIDA MEDIUM	15	no pH and no temperature
5	bacterial/francisella_halioticida_medium_replace_horse_blood_with_sheep_blood.yaml	CultureMech:005275	FRANCISELLA HALIOTICIDA medium_replace_horse blood_with_sheep blood	15	no pH and no temperature
5	bacterial/freshwater_iron_oxidizing_bacteria_medium_ii.yaml	CultureMech:002247	FRESHWATER IRON-OXIDIZING BACTERIA MEDIUM-II	27	no pH and no temperature
5	bacterial/freshwater_thiosulfate_oxidizing_bacteria_medium.yaml	CultureMech:009532	Freshwater Thiosulfate-Oxidizing Bacteria Medium	3	no pH and no temperature
5	bacterial/frey_broth.yaml	CultureMech:008822	Frey broth	10	no pH and no temperature
5	bacterial/fructose_mineral_medium.yaml	CultureMech:001695	FRUCTOSE MINERAL MEDIUM	15	no pH and no temperature
5	bacterial/fry_et_al.yaml	CultureMech:007115	Fry et al	12	no pH and no temperature
5	bacterial/full_media_gym_streptomyces_medium.yaml	CultureMech:009668	Full media (GYM Streptomyces Medium)	6	no pH and no temperature
5	bacterial/full_media_trypticase_soy_broth_medium.yaml	CultureMech:009670	Full media (Trypticase Soy Broth medium)	7	no pH and no temperature
5	bacterial/fundibacter_jadensis_medium.yaml	CultureMech:001969	FUNDIBACTER JADENSIS MEDIUM	8	no pH and no temperature
5	bacterial/fundibacter_jadensis_medium_replace_hexadecane_with_sodium_acetate.yaml	CultureMech:006548	FUNDIBACTER JADENSIS medium_replace_Hexadecane_with_sodium acetate	8	no pH and no temperature
5	bacterial/fundidesulfovibrio_magnetotactcus_medium.yaml	CultureMech:007826	Fundidesulfovibrio Magnetotactcus Medium	10	no pH and no temperature
5	bacterial/fw_medium.yaml	CultureMech:009633	FW medium	8	no pH and no temperature
5	bacterial/fwafc.yaml	CultureMech:007301	FWAFC	30	no pH and no temperature
5	bacterial/fwm_medium_modified.yaml	CultureMech:005682	FWM MEDIUM (MODIFIED)	29	no pH and no temperature
5	bacterial/fyp_medium.yaml	CultureMech:008675	FYP medium	9	no pH and no temperature
5	bacterial/galani_mm.yaml	CultureMech:007192	Galani MM	7	no pH and no temperature
5	bacterial/gc_agar_broth_medium.yaml	CultureMech:008798	GC Agar/Broth Medium	10	no pH and no temperature
5	bacterial/gelidivirgula_medium.yaml	CultureMech:002737	GELIDIVIRGULA MEDIUM	31	no pH and no temperature
5	bacterial/geobacter_pelophilus_medium_for_dsm_15288.yaml	CultureMech:009275	Geobacter Pelophilus Medium (For DSM 15288)	35	no pH and no temperature
5	bacterial/germination_medium_for_sordaria_fimicola.yaml	CultureMech:002511	GERMINATION MEDIUM FOR SORDARIA FIMICOLA	5	no pH and no temperature
5	bacterial/gfy_medium.yaml	CultureMech:001458	GFY MEDIUM	6	no pH and no temperature
5	bacterial/ghiorsea_bivora_medium.yaml	CultureMech:002330	GHIORSEA BIVORA MEDIUM	31	no pH and no temperature
5	bacterial/ginger_beer_plant_medium.yaml	CultureMech:001366	GINGER BEER PLANT MEDIUM	4	no pH and no temperature
5	bacterial/gluconacetobacter_medium.yaml	CultureMech:000894	GLUCONACETOBACTER MEDIUM	6	no pH and no temperature
5	bacterial/gluconacetobacter_xylinus_medium.yaml	CultureMech:008548	Gluconacetobacter xylinus Medium	5	no pH and no temperature
5	bacterial/glucose_bicarbonate_buffered_medium.yaml	CultureMech:002448	GLUCOSE+BICARBONATE-BUFFERED MEDIUM	37	no pH and no temperature
5	bacterial/glucose_limiting_minimal_media_hassan_et_al.yaml	CultureMech:007003	'glucose limiting minimal media (Hassan et al	7	no pH and no temperature
5	bacterial/glucose_m9_medium_peng_zhao.yaml	CultureMech:007019	'glucose m9 medium (peng/zhao	14	no pH and no temperature
5	bacterial/glucose_minimal_media_hassan_et_al.yaml	CultureMech:007002	'glucose minimal media (Hassan et al	7	no pH and no temperature
5	bacterial/glucose_minimal_media_shehata_et_al.yaml	CultureMech:007035	Glucose minimal media; Shehata et al	11	no pH and no temperature
5	bacterial/glucose_minimal_media_zhao_zhu.yaml	CultureMech:007021	'glucose minimal media (zhao/zhu	14	no pH and no temperature
5	bacterial/glucose_minmal_media_zhao.yaml	CultureMech:007016	'Glucose minmal media (zhao	14	no pH and no temperature
5	bacterial/glucose_nutrient_agar.yaml	CultureMech:008067	Glucose Nutrient Agar	7	no pH and no temperature
5	bacterial/glucose_salt_medium_k.yaml	CultureMech:007123	'Glucose salt (Medium K	6	no pH and no temperature
5	bacterial/glucose_yeast_extract_medium.yaml	CultureMech:005997	GLUCOSE Yeast extract medium	4	no pH and no temperature
5	bacterial/glucose_yeast_peptone_medium.yaml	CultureMech:009089	Glucose-Yeast-Peptone Medium	5	no pH and no temperature
5	bacterial/glycerol_asparagine_agar_isp_medium_no_5.yaml	CultureMech:008027	Glycerol-Asparagine Agar (ISP Medium No.5)	8	no pH and no temperature
5	bacterial/glycerol_calcium_malate_agar.yaml	CultureMech:002976	GLYCEROL-CALCIUM MALATE AGAR	5	no pH and no temperature
5	bacterial/gonzales_et_al.yaml	CultureMech:007066	Gonzales et al	13	no pH and no temperature
5	bacterial/gotz_minimal_medium_with_malate.yaml	CultureMech:007119	Gotz minimal medium with malate	15	no pH and no temperature
5	bacterial/gotz_minimal_medium_with_mannitol.yaml	CultureMech:007118	Gotz minimal medium with mannitol	15	no pH and no temperature
5	bacterial/graces_insect_medium.yaml	CultureMech:000986	Grace's Insect Medium	6	no pH and no temperature
5	bacterial/granulibacter_medium.yaml	CultureMech:000628	GRANULIBACTER MEDIUM	4	no pH and no temperature
5	bacterial/green_sulfur_bacterium_medium.yaml	CultureMech:008209	Green Sulfur Bacterium Medium	24	no pH and no temperature
5	bacterial/green_sulfur_bacterium_medium_1_nacl.yaml	CultureMech:008466	Green Sulfur Bacterium Medium (1% NaCl)	24	no pH and no temperature
5	bacterial/gsy_medium.yaml	CultureMech:009006	GSY medium	5	no pH and no temperature
5	bacterial/gya.yaml	CultureMech:008468	GYA	4	no pH and no temperature
5	bacterial/gya_0_5_nacl.yaml	CultureMech:008467	GYA(0.5% NaCl)	5	no pH and no temperature
5	bacterial/gyp_for_acetic_acid_bacteria_ph_6_0_glucose_30g.yaml	CultureMech:009577	GYP for Acetic acid bacteria (pH 6.0, Glucose 30g)	4	no pH and no temperature
5	bacterial/gyp_medium_ph_6.yaml	CultureMech:008233	GYP medium (pH 6)	10	no pH and no temperature
5	bacterial/gyp_medium_ph_6_for_anaerobe.yaml	CultureMech:008716	GYP medium (pH 6) for anaerobe	13	no pH and no temperature
5	bacterial/gys_medium.yaml	CultureMech:008483	GYS Medium	19	no pH and no temperature
5	bacterial/haemophilus_medium.yaml	CultureMech:001948	HAEMOPHILUS MEDIUM	5	no pH and no temperature
5	bacterial/hagem_medium.yaml	CultureMech:008384	Hagem Medium	7	no pH and no temperature
5	bacterial/halanaerobium_hydrogeniformans_medium.yaml	CultureMech:002377	HALANAEROBIUM HYDROGENIFORMANS MEDIUM	21	no pH and no temperature
5	bacterial/half_strength_marine_agar.yaml	CultureMech:010387	Half Strength Marine Agar	3	no pH and no temperature
5	bacterial/half_strength_marine_medium_with_1_0_nacl.yaml	CultureMech:010197	Half Strength Marine Medium With 1.0% NaCl	3	no pH and no temperature
5	bacterial/half_strength_r2a_medium_in_75_seawater.yaml	CultureMech:000777	HALF STRENGTH R2A MEDIUM IN 75% SEAWATER	9	no pH and no temperature
5	bacterial/half_strength_yeast_starch_agar.yaml	CultureMech:007523	Half Strength Yeast-Starch Agar	4	no pH and no temperature
5	bacterial/halo_1a.yaml	CultureMech:008665	Halo 1a	22	no pH and no temperature
5	bacterial/halo_1b.yaml	CultureMech:008666	Halo 1b	23	no pH and no temperature
5	bacterial/halo_1c.yaml	CultureMech:008667	Halo 1c	23	no pH and no temperature
5	bacterial/halo_2a.yaml	CultureMech:008664	Halo 2a	22	no pH and no temperature
5	bacterial/halo_2b.yaml	CultureMech:008623	Halo 2b	23	no pH and no temperature
5	bacterial/halo_2g.yaml	CultureMech:008661	Halo 2g	23	no pH and no temperature
5	bacterial/halobacteroides_acetoethylicus_medium.yaml	CultureMech:001541	HALOBACTEROIDES ACETOETHYLICUS MEDIUM	21	no pH and no temperature
5	bacterial/halodesulfuriarchaeum_medium.yaml	CultureMech:000946	HALODESULFURIARCHAEUM MEDIUM	28	no pH and no temperature
5	bacterial/halomonas_beimenensis_medium.yaml	CultureMech:003113	HALOMONAS BEIMENENSIS MEDIUM	7	no pH and no temperature
5	bacterial/halophile_medium.yaml	CultureMech:006229	HALOPHILE medium	13	no pH and no temperature
5	bacterial/halophile_starch_casein_medium.yaml	CultureMech:007578	Halophile Starch-Casein Medium	9	no pH and no temperature
5	bacterial/halophile_yeast_extract_medium.yaml	CultureMech:009941	Halophile Yeast Extract Medium	10	no pH and no temperature
5	bacterial/halophilic_no_3_medium.yaml	CultureMech:008651	Halophilic No.3 Medium	7	no pH and no temperature
5	bacterial/halophilic_sob_medium.yaml	CultureMech:007580	Halophilic SOB Medium	18	no pH and no temperature
5	bacterial/haroarcula_medium.yaml	CultureMech:008219	Haroarcula Medium	11	no pH and no temperature
5	bacterial/hemin_medium_for_mycobacterium.yaml	CultureMech:001783	HEMIN MEDIUM FOR MYCOBACTERIUM	3	no pH and no temperature
5	bacterial/hepes_medium.yaml	CultureMech:008182	HEPES Medium	7	no pH and no temperature
5	bacterial/hepes_peptone_yeast_extract_medium.yaml	CultureMech:010201	HEPES Peptone-Yeast Extract Medium	12	no pH and no temperature
5	bacterial/hickey_amp_tresner_agar.yaml	CultureMech:008031	Hickey &amp; Tresner Agar	7	no pH and no temperature
5	bacterial/high_sugar_pye_medium_1_5_glucose.yaml	CultureMech:009408	High-sugar PYE medium (1.5% glucose)	5	no pH and no temperature
5	bacterial/high_sugar_pye_medium_3_sucrose.yaml	CultureMech:009409	High-sugar PYE medium (3% sucrose)	5	no pH and no temperature
5	bacterial/histidine_limiting_minimal_media_hassan_et_al.yaml	CultureMech:007005	'histidine limiting minimal media (Hassan et al	7	no pH and no temperature
5	bacterial/histidine_salt_schaechter_et_al.yaml	CultureMech:007130	Histidine salt; schaechter et al	6	no pH and no temperature
5	bacterial/hmm_with_0_5_g_l_junlon_pw_110_hobbs_et_al.yaml	CultureMech:007151	HMM with 0.5 g/L Junlon PW 110; Hobbs et al	17	no pH and no temperature
5	bacterial/hmm_with_1_5_g_l_junlon_pw_110_hobbs_et_al.yaml	CultureMech:007153	HMM with 1.5 g/L Junlon PW 110; Hobbs et al	17	no pH and no temperature
5	bacterial/hmm_with_1_g_l_junlon_pw_110_hobbs_et_al.yaml	CultureMech:007152	HMM with 1 g/L Junlon PW 110; Hobbs et al	17	no pH and no temperature
5	bacterial/hmm_with_2_g_l_junlon_pw_110_hobbs_et_al.yaml	CultureMech:007154	HMM with 2 g/L Junlon PW 110; Hobbs et al	17	no pH and no temperature
5	bacterial/hnn_medium.yaml	CultureMech:002449	HNN MEDIUM	20	no pH and no temperature
5	bacterial/horikoshi_1_medium_with_10_nacl.yaml	CultureMech:000516	HORIKOSHI-1 MEDIUM WITH 10% NaCl	8	no pH and no temperature
5	bacterial/horikoshi_medium.yaml	CultureMech:008605	Horikoshi medium	7	no pH and no temperature
5	bacterial/hs_medium_methanol_acetate.yaml	CultureMech:007379	'HS Medium (Methanol-Acetate	12	no pH and no temperature
5	bacterial/hs_medium_methanol_acetate_medium_125_and_40_mm_respectively.yaml	CultureMech:009200	HS medium-methanol-acetate medium (125 and 40 mM, respectively)	14	no pH and no temperature
5	bacterial/hs_tma.yaml	CultureMech:008621	HS TMA	37	no pH and no temperature
5	bacterial/hsm.yaml	CultureMech:000348	HSM	6	no pH and no temperature
5	bacterial/hso_medium.yaml	CultureMech:008700	HSO medium	30	no pH and no temperature
5	bacterial/html_lb_agar_with_mnso_sub_4_sub_html.yaml	CultureMech:007624	<html>LB Agar With MnSO<sub>4</sub></html>	6	no pH and no temperature
5	bacterial/html_mj_anhox_no_sub_3_sub_with_thiosulfate_medium_html.yaml	CultureMech:009650	<html>MJ/Anhox-NO<sub>3</sub> With Thiosulfate Medium</html>	8	no pH and no temperature
5	bacterial/html_trypticase_soy_broth_agar_with_10_mgcl_sub_2_sub_183_6h_sub_2_sub_o_html.yaml	CultureMech:009874	<html>TRYPTICASE Soy Broth Agar With 10%  MgCl<sub>2</sub>&#183;6H<sub>2</sub>O</html>	9	no pH and no temperature
5	bacterial/html_trypticase_soy_broth_agar_with_2_mgso_sub_4_sub_and_3_nacl_html.yaml	CultureMech:007777	<html>TRYPTICASE Soy Broth Agar With 2% MgSO<sub>4</sub> And 3% NaCl</html>	10	no pH and no temperature
5	bacterial/html_tryptone_yeast_extract_broth_isp_1_with_0_2_mgso_sub_4_sub_183_7h_sub_2_sub_o_html.yaml	CultureMech:010076	<html>TRYPTONE-Yeast Extract Broth (ISP-1) With 0.2% MgSO<sub>4</sub>&#183;7H<sub>2</sub>O</html>	4	no pH and no temperature
5	bacterial/hydrogen_oxidizing_bacteria_medium.yaml	CultureMech:008290	Hydrogen-oxidizing bacteria medium	35	no pH and no temperature
5	bacterial/hydrogen_oxydizing_medium.yaml	CultureMech:000419	HYDROGEN-OXYDIZING MEDIUM	21	no pH and no temperature
5	bacterial/hydrogen_using_marine_sulfate_reducer_medium.yaml	CultureMech:008598	Hydrogen-using marine sulfate-reducer medium	42	no pH and no temperature
5	bacterial/hydrogenobacter_medium.yaml	CultureMech:008278	Hydrogenobacter medium	39	no pH and no temperature
5	bacterial/hydrogenobacter_thermophilus_medium.yaml	CultureMech:008001	Hydrogenobacter Thermophilus Medium	9	no pH and no temperature
5	bacterial/hypertonic_medium.yaml	CultureMech:007215	Hypertonic medium	10	no pH and no temperature
5	bacterial/hyphomicrobium_methylovorum_medium.yaml	CultureMech:001749	HYPHOMICROBIUM METHYLOVORUM MEDIUM	19	no pH and no temperature
5	bacterial/idiomarina_medium.yaml	CultureMech:000437	IDIOMARINA MEDIUM	6	no pH and no temperature
5	bacterial/inorganic_medium.yaml	CultureMech:007121	Inorganic medium	13	no pH and no temperature
5	bacterial/inorganic_salt_solution_agar_isp_medium_no_4_10_nacl.yaml	CultureMech:008544	Inorganic Salt Solution Agar (ISP Medium No. 4) + 10% NaCl	11	no pH and no temperature
5	bacterial/inorganic_salts_starch_agar_isp_4.yaml	CultureMech:002937	INORGANIC SALTS-STARCH AGAR (ISP-4)	10	no pH and no temperature
5	bacterial/inorganic_salts_starch_agar_isp_medium_no_4.yaml	CultureMech:008030	Inorganic Salts Starch Agar (ISP Medium No.4)	11	no pH and no temperature
5	bacterial/iodide_oxidizing_bacterium_medium.yaml	CultureMech:003266	IODIDE-OXIDIZING BACTERIUM MEDIUM	3	no pH and no temperature
5	bacterial/ird_fusibacter_medium.yaml	CultureMech:003341	IRD FUSIBACTER MEDIUM	23	no pH and no temperature
5	bacterial/ird_marine_clostrida_medium.yaml	CultureMech:010377	IRD Marine Clostrida Medium	12	no pH and no temperature
5	bacterial/ird_marine_desulfovibrio_medium.yaml	CultureMech:007627	IRD Marine Desulfovibrio Medium	15	no pH and no temperature
5	bacterial/ird_marine_desulfovibrio_medium_2.yaml	CultureMech:007720	IRD Marine Desulfovibrio Medium-2	15	no pH and no temperature
5	bacterial/ird_marine_desulfovibrio_medium_3.yaml	CultureMech:007721	IRD Marine Desulfovibrio Medium-3	15	no pH and no temperature
5	bacterial/ird_mesotoga_medium.yaml	CultureMech:003273	IRD MESOTOGA MEDIUM	25	no pH and no temperature
5	bacterial/isolation_medium.yaml	CultureMech:007150	Isolation medium	13	no pH and no temperature
5	bacterial/isosphaera_medium.yaml	CultureMech:008891	Isosphaera medium	22	no pH and no temperature
5	bacterial/isp_4_plus_20_nacl.yaml	CultureMech:009704	ISP 4 plus 20% NaCl	11	no pH and no temperature
5	bacterial/isp_medium_no_2_ph5_5.yaml	CultureMech:008547	ISP Medium No.2 (pH5.5)	5	no pH and no temperature
5	bacterial/jcm_medium_161.yaml	CultureMech:009223	JCM Medium 161	22	no pH and no temperature
5	bacterial/jcm_medium_242.yaml	CultureMech:009605	JCM medium 242	46	no pH and no temperature
5	bacterial/jcm_medium_no_1046.yaml	CultureMech:002230	JCM MEDIUM No. 1046	20	no pH and no temperature
5	bacterial/jcm_medium_no_185.yaml	CultureMech:002546	JCM MEDIUM No. 185	14	no pH and no temperature
5	bacterial/jcm_medium_no_186.yaml	CultureMech:002547	JCM MEDIUM No. 186	16	no pH and no temperature
5	bacterial/jcm_medium_no_208.yaml	CultureMech:002569	JCM MEDIUM No. 208	3	no pH and no temperature
5	bacterial/jcm_medium_no_242.yaml	CultureMech:002603	JCM MEDIUM No. 242	33	no pH and no temperature
5	bacterial/jcm_medium_no_272.yaml	CultureMech:002629	JCM MEDIUM No. 272	31	no pH and no temperature
5	bacterial/jcm_medium_no_310.yaml	CultureMech:002668	JCM MEDIUM No. 310	15	no pH and no temperature
5	bacterial/jcm_medium_no_311.yaml	CultureMech:002669	JCM MEDIUM No. 311	15	no pH and no temperature
5	bacterial/jcm_medium_no_312.yaml	CultureMech:002670	JCM MEDIUM No. 312	15	no pH and no temperature
5	bacterial/jcm_medium_no_314.yaml	CultureMech:002672	JCM MEDIUM No. 314	15	no pH and no temperature
5	bacterial/jcm_medium_no_315.yaml	CultureMech:002673	JCM MEDIUM No. 315	31	no pH and no temperature
5	bacterial/jcm_medium_no_317.yaml	CultureMech:002675	JCM MEDIUM No. 317	31	no pH and no temperature
5	bacterial/jm.yaml	CultureMech:000350	JM	15	no pH and no temperature
5	bacterial/jm_se.yaml	CultureMech:000351	JM:SE	16	no pH and no temperature
5	bacterial/jt_medium.yaml	CultureMech:002713	JT MEDIUM	29	no pH and no temperature
5	bacterial/k_101_flexibacter_medium.yaml	CultureMech:009160	K-101 Flexibacter medium	19	no pH and no temperature
5	bacterial/kaminskyj_minimal_medium.yaml	CultureMech:007206	Kaminskyj Minimal Medium	14	no pH and no temperature
5	bacterial/kim_medium.yaml	CultureMech:009676	Kim medium	6	no pH and no temperature
5	bacterial/kings_b_medium.yaml	CultureMech:008788	King's B medium	5	no pH and no temperature
5	bacterial/km2_cell_free_medium.yaml	CultureMech:009462	KM2 cell-free medium	24	no pH and no temperature
5	bacterial/ko2_nh4.yaml	CultureMech:008320	KO2(NH4)	13	no pH and no temperature
5	bacterial/ko2_no3.yaml	CultureMech:008318	KO2(NO3)	13	no pH and no temperature
5	bacterial/korthofs_medium.yaml	CultureMech:003294	KORTHOF'S MEDIUM	8	no pH and no temperature
5	bacterial/kosmotoga_pacifica_medium.yaml	CultureMech:003331	KOSMOTOGA PACIFICA MEDIUM	33	no pH and no temperature
5	bacterial/l_medium.yaml	CultureMech:008196	L medium	6	no pH and no temperature
5	bacterial/labarre_modified_bg11.yaml	CultureMech:007221	'Labarre (Modified BG11	16	no pH and no temperature
5	bacterial/lactate_bicarbonate_buffered_medium.yaml	CultureMech:003203	LACTATE+BICARBONATE BUFFERED MEDIUM	37	no pH and no temperature
5	bacterial/lactate_salt_schaechter_et_al.yaml	CultureMech:007126	Lactate salt; schaechter et al	6	no pH and no temperature
5	bacterial/lamprobacter_roseus_medium.yaml	CultureMech:002911	LAMPROBACTER ROSEUS MEDIUM	19	no pH and no temperature
5	bacterial/lb_10mm_mgso4_3mm_cacl2_and_0_1_casamino_acids.yaml	CultureMech:008590	LB + 10mM MgSO4, 3mM CaCl2 and 0.1% Casamino acids	8	no pH and no temperature
5	bacterial/lb_1_tween_80.yaml	CultureMech:009568	LB + 1% Tween 80	6	no pH and no temperature
5	bacterial/lb_agar.yaml	CultureMech:009373	LB agar	3	no pH and no temperature
5	bacterial/lb_agar_broth_miller.yaml	CultureMech:008790	LB Agar/Broth, Miller	8	no pH and no temperature
5	bacterial/lb_agar_medium.yaml	CultureMech:009664	LB agar medium	4	no pH and no temperature
5	bacterial/lb_agar_miller.yaml	CultureMech:009025	LB Agar, Miller	4	no pH and no temperature
5	bacterial/lb_agar_supplemented_with_ampicillin.yaml	CultureMech:009088	LB agar (supplemented with ampicillin)	4	no pH and no temperature
5	bacterial/lb_broth.yaml	CultureMech:009646	LB broth	3	no pH and no temperature
5	bacterial/lb_broth_0_05_w_v_na2co3.yaml	CultureMech:008237	LB Broth + 0.05%(w/v) Na2CO3	5	no pH and no temperature
5	bacterial/lb_broth_medium.yaml	CultureMech:009663	LB broth medium	3	no pH and no temperature
5	bacterial/lb_broth_miller.yaml	CultureMech:009027	LB Broth, Miller	4	no pH and no temperature
5	bacterial/lb_glucose_10_g_l_medium.yaml	CultureMech:009504	LB + glucose (10 g/L) medium	4	no pH and no temperature
5	bacterial/lb_medium_with_50_ppm_naphthalene.yaml	CultureMech:008421	LB Medium with 50 ppm Naphthalene	7	no pH and no temperature
5	bacterial/lb_with_addition_of_1_wt_vol_nacl.yaml	CultureMech:008855	LB with addition of 1% (wt/vol) NaCl	4	no pH and no temperature
5	bacterial/lc_medium.yaml	CultureMech:009623	LC medium	21	no pH and no temperature
5	bacterial/lca.yaml	CultureMech:008306	LCA	8	no pH and no temperature
5	bacterial/leeming_amp_notman_agar_lna_leeming_amp_notman_1987_in_the_yeasts_a_taxonomic_study_5th_edn.yaml	CultureMech:008670	Leeming &amp; Notman agar (LNA) (Leeming &amp; Notman 1987) in The Yeasts, a Taxonomic Study, 5th edn	10	no pH and no temperature
5	bacterial/leeming_amp_notman_agar_modified_mlna.yaml	CultureMech:008353	Leeming &amp; Notman agar Modified (MLNA)	10	no pH and no temperature
5	bacterial/leeming_and_notman_agar.yaml	CultureMech:002512	LEEMING AND NOTMAN AGAR	9	no pH and no temperature
5	bacterial/leitch_et_al.yaml	CultureMech:007067	Leitch et al	12	no pH and no temperature
5	bacterial/lennox.yaml	CultureMech:009506	Lennox	4	no pH and no temperature
5	bacterial/lg_medium.yaml	CultureMech:007077	Lg medium	16	no pH and no temperature
5	bacterial/limnochordia_l945_medium.yaml	CultureMech:009695	Limnochordia L945 Medium	9	no pH and no temperature
5	bacterial/lind_bht_medium.yaml	CultureMech:003188	LIND BHT MEDIUM	23	no pH and no temperature
5	bacterial/liquid_fermentation_medium.yaml	CultureMech:009657	Liquid Fermentation Medium	13	no pH and no temperature
5	bacterial/liquid_ma_minimal_media_acetate.yaml	CultureMech:007080	Liquid MA minimal media + acetate	17	no pH and no temperature
5	bacterial/liquid_ma_minimal_media_beta_d_glucose.yaml	CultureMech:007125	Liquid MA minimal media + beta-D-glucose	17	no pH and no temperature
5	bacterial/liquid_ma_minimal_media_d_2_3_butanediol.yaml	CultureMech:007103	Liquid ma minimal media + d-2,3-butanediol	17	no pH and no temperature
5	bacterial/liquid_ma_minimal_media_d_glucarate.yaml	CultureMech:007114	Liquid ma minimal media + d-glucarate	17	no pH and no temperature
5	bacterial/liquid_ma_minimal_media_l_asparagine.yaml	CultureMech:007091	Liquid ma minimal media + l-asparagine	17	no pH and no temperature
5	bacterial/liquid_ma_minimal_media_l_lactate.yaml	CultureMech:007136	Liquid ma minimal media + l-lactate	17	no pH and no temperature
5	bacterial/liquid_ma_minimal_media_quinate.yaml	CultureMech:007147	Liquid ma minimal media + quinate	17	no pH and no temperature
5	bacterial/liquid_ma_minimal_media_succinate_urea_ammonia.yaml	CultureMech:007158	Liquid MA minimal media + Succinate + Urea - Ammonia	17	no pH and no temperature
5	bacterial/liquid_mm_with_arabinose_hodgson_et_al.yaml	CultureMech:007157	Liquid mm with arabinose; hodgson et al	7	no pH and no temperature
5	bacterial/liquid_mm_with_cellobiose_hodgson_et_al.yaml	CultureMech:007159	Liquid mm with cellobiose; hodgson et al	7	no pH and no temperature
5	bacterial/liquid_mm_with_fructose_hodgson_et_al.yaml	CultureMech:007160	Liquid mm with fructose; hodgson et al	7	no pH and no temperature
5	bacterial/liquid_mm_with_galactose_hodgson_et_al.yaml	CultureMech:007161	Liquid mm with galactose; hodgson et al	7	no pH and no temperature
5	bacterial/liquid_mm_with_gluconate_hodgson_et_al.yaml	CultureMech:007162	Liquid mm with gluconate; hodgson et al	7	no pH and no temperature
5	bacterial/liquid_mm_with_glucose_hodgson_et_al.yaml	CultureMech:007156	Liquid MM with glucose; Hodgson et al	7	no pH and no temperature
5	bacterial/liquid_mm_with_glycerol_hodgson_et_al.yaml	CultureMech:007163	Liquid mm with glycerol; hodgson et al	7	no pH and no temperature
5	bacterial/liquid_mm_with_maltose_hodgson_et_al.yaml	CultureMech:007164	Liquid mm with maltose; hodgson et al	7	no pH and no temperature
5	bacterial/liquid_mm_with_mannitol_hodgson_et_al.yaml	CultureMech:007165	Liquid mm with mannitol; hodgson et al	7	no pH and no temperature
5	bacterial/liquid_mm_with_mannose_hodgson_et_al.yaml	CultureMech:007166	Liquid mm with mannose; hodgson et al	7	no pH and no temperature
5	bacterial/liquid_mm_with_pyruvate_hodgson_et_al.yaml	CultureMech:007167	Liquid MM with pyruvate; Hodgson et al	7	no pH and no temperature
5	bacterial/liquid_mm_with_rhamnose_hodgson_et_al.yaml	CultureMech:007168	Liquid mm with rhamnose; hodgson et al	7	no pH and no temperature
5	bacterial/longimonas_haloalkaliphila_medium.yaml	CultureMech:002314	LONGIMONAS HALOALKALIPHILA MEDIUM	9	no pH and no temperature
5	bacterial/low_carbon_agar_lca.yaml	CultureMech:001251	Low Carbon Agar-LCA	7	no pH and no temperature
5	bacterial/low_strength_artificial_seawater_medium.yaml	CultureMech:003047	LOW-STRENGTH ARTIFICIAL SEAWATER MEDIUM	5	no pH and no temperature
5	bacterial/lowenstein_jensen_medium.yaml	CultureMech:003059	LOWENSTEIN-JENSEN MEDIUM	8	no pH and no temperature
5	bacterial/lowenstein_jenson_medium.yaml	CultureMech:008979	Lowenstein Jenson medium	8	no pH and no temperature
5	bacterial/lr_0_4_glycerol.yaml	CultureMech:007086	Lr 0.4% glycerol	6	no pH and no temperature
5	bacterial/ls4d.yaml	CultureMech:009357	LS4D	35	no pH and no temperature
5	bacterial/lsg_medium.yaml	CultureMech:007078	LSG Medium	17	no pH and no temperature
5	bacterial/lsr1_medium.yaml	CultureMech:002426	LSR1 MEDIUM	19	no pH and no temperature
5	bacterial/luria_bertani_lb_antibiotics.yaml	CultureMech:009658	Luria–Bertani (LB) + antibiotics	8	no pH and no temperature
5	bacterial/luria_bertani_lb_medium.yaml	CultureMech:009674	Luria-Bertani (LB) medium	4	no pH and no temperature
5	bacterial/luria_bertani_lb_medium_buffered_mops.yaml	CultureMech:009075	Luria Bertani (LB) medium (buffered MOPS)	4	no pH and no temperature
5	bacterial/luria_bertani_medium_supplemented_with_50_mm_dl_lactate.yaml	CultureMech:008836	Luria-Bertani medium supplemented with 50 mM DL-lactate	8	no pH and no temperature
5	bacterial/luria_broth.yaml	CultureMech:009507	Luria broth	4	no pH and no temperature
5	bacterial/luria_broth_lb.yaml	CultureMech:009651	Luria Broth (LB)	6	no pH and no temperature
5	bacterial/luria_broth_lb_medium_supplemented_with_the_appropriate_antibiotics.yaml	CultureMech:009441	Luria Broth (LB) medium supplemented with the appropriate antibiotics	4	no pH and no temperature
5	bacterial/luria_marine_lm_medium.yaml	CultureMech:009483	Luria Marine (LM) medium	4	no pH and no temperature
5	bacterial/lysine_salt_schaechter_et_al.yaml	CultureMech:007132	Lysine salt; Schaechter et al	6	no pH and no temperature
5	bacterial/m13_3x_pirellula_medium.yaml	CultureMech:001729	M13 (3x) PIRELLULA MEDIUM	34	no pH and no temperature
5	bacterial/m13_medium.yaml	CultureMech:003328	M13 MEDIUM	23	no pH and no temperature
5	bacterial/m13_verrucomicrobium_medium.yaml	CultureMech:001735	M13 VERRUCOMICROBIUM MEDIUM	32	no pH and no temperature
5	bacterial/m13a_pirellula_medium.yaml	CultureMech:001728	M13a (PIRELLULA) MEDIUM	34	no pH and no temperature
5	bacterial/m14_pirellula_marina_medium.yaml	CultureMech:001727	M14 (PIRELLULA MARINA) MEDIUM	31	no pH and no temperature
5	bacterial/m17_medium_oxoid_supplemented_with_0_5_wt_vol_glucose.yaml	CultureMech:009418	M17 medium (Oxoid) supplemented with 0.5% (wt/vol) glucose	4	no pH and no temperature
5	bacterial/m17_medium_oxoid_supplemented_with_1_wt_vol_glucose.yaml	CultureMech:009428	M17 medium (Oxoid) supplemented with 1% (wt/vol) glucose	4	no pH and no temperature
5	bacterial/m1d_medium.yaml	CultureMech:008142	M1D Medium	12	no pH and no temperature
5	bacterial/m2g_minimal_medium.yaml	CultureMech:009410	M2G Minimal medium	8	no pH and no temperature
5	bacterial/m2gsc_medium.yaml	CultureMech:009240	M2GSC medium	16	no pH and no temperature
5	bacterial/m2sgc_broth_containing_tetracycline_10_g_ml_or_rifampin_100_g_ml.yaml	CultureMech:009336	M2SGC broth containing tetracycline (10 μg/ml) or rifampin (100 μg/ml)	19	no pH and no temperature
5	bacterial/m30.yaml	CultureMech:003344	M30	19	no pH and no temperature
5	bacterial/m40y_agar.yaml	CultureMech:002699	M40Y AGAR	4	no pH and no temperature
5	bacterial/m60y.yaml	CultureMech:008594	M60Y	5	no pH and no temperature
5	bacterial/m60y_agar.yaml	CultureMech:002710	M60Y AGAR	4	no pH and no temperature
5	bacterial/m63.yaml	CultureMech:007022	M63	6	no pH and no temperature
5	bacterial/m63_jebbar.yaml	CultureMech:007054	M63; jebbar	6	no pH and no temperature
5	bacterial/m63_with_thiamine_hcl_with_fructose.yaml	CultureMech:007024	M63 with thiamine-hcl with fructose	7	no pH and no temperature
5	bacterial/m63_with_thiamine_hcl_with_gluconate.yaml	CultureMech:007025	M63 with thiamine-hcl with gluconate	7	no pH and no temperature
5	bacterial/m63_with_thiamine_hcl_with_glucose.yaml	CultureMech:007023	M63 with thiamine-HCl with glucose	7	no pH and no temperature
5	bacterial/m9_0_24_pyruvate.yaml	CultureMech:007082	M9 0.24% pyruvate	7	no pH and no temperature
5	bacterial/m9_0_27_acetate.yaml	CultureMech:007084	M9 0.27% acetate	7	no pH and no temperature
5	bacterial/m9_0_2_glycerol.yaml	CultureMech:007081	M9 0.2% glycerol	7	no pH and no temperature
5	bacterial/m9_0_45_succinate.yaml	CultureMech:007083	M9 0.45% succinate	7	no pH and no temperature
5	bacterial/m9_0_4_glycerol.yaml	CultureMech:007085	M9 0.4% glycerol	7	no pH and no temperature
5	bacterial/m9_durso_et_al.yaml	CultureMech:006990	'M9 (Durso et al	8	no pH and no temperature
5	bacterial/m9_echenique.yaml	CultureMech:007194	M9 - echenique	8	no pH and no temperature
5	bacterial/m9_farewell.yaml	CultureMech:007052	M9; farewell	7	no pH and no temperature
5	bacterial/m9_farmer_et_al.yaml	CultureMech:007010	'M9 (farmer et al	7	no pH and no temperature
5	bacterial/m9_gupta.yaml	CultureMech:006994	'M9 (Gupta	8	no pH and no temperature
5	bacterial/m9_lange.yaml	CultureMech:007055	M9 Lange	8	no pH and no temperature
5	bacterial/m9_medium.yaml	CultureMech:008644	M9 medium	5	no pH and no temperature
5	bacterial/m9_medium_fischer_et_al.yaml	CultureMech:007037	M9 medium; Fischer et al	14	no pH and no temperature
5	bacterial/m9_medium_kolisnychenko_et_al.yaml	CultureMech:007036	M9 medium; Kolisnychenko et al	7	no pH and no temperature
5	bacterial/m9_minimal_media.yaml	CultureMech:009338	M9 Minimal Media	19	no pH and no temperature
5	bacterial/m9_minimal_medium_with_acetate.yaml	CultureMech:007300	M9 Minimal Medium with Acetate	7	no pH and no temperature
5	bacterial/m9_minimal_medium_with_citrate.yaml	CultureMech:007421	M9 minimal medium with citrate	7	no pH and no temperature
5	bacterial/m9_minimal_medium_with_d_xylose.yaml	CultureMech:007422	M9 minimal medium with d-xylose	7	no pH and no temperature
5	bacterial/m9_minimal_medium_with_gluconate.yaml	CultureMech:007423	M9 minimal medium with gluconate	7	no pH and no temperature
5	bacterial/m9_minimal_medium_with_glucose.yaml	CultureMech:007424	M9 minimal medium with glucose	7	no pH and no temperature
5	bacterial/m9_minimal_medium_with_glycerol.yaml	CultureMech:007425	M9 minimal medium with glycerol	7	no pH and no temperature
5	bacterial/m9_minimal_medium_with_l_lactate.yaml	CultureMech:007426	M9 minimal medium with l-lactate	7	no pH and no temperature
5	bacterial/m9_minimal_medium_with_l_malate.yaml	CultureMech:007427	M9 minimal medium with l-malate	7	no pH and no temperature
5	bacterial/m9_minimal_medium_with_myo_inositol.yaml	CultureMech:007429	M9 minimal medium with myo-inositol	7	no pH and no temperature
5	bacterial/m9_moreno_bruna_et_al.yaml	CultureMech:007178	M9; moreno-bruna et al	7	no pH and no temperature
5	bacterial/m9_oh.yaml	CultureMech:007008	'M9 (oh	8	no pH and no temperature
5	bacterial/m9_park_et_al.yaml	CultureMech:007133	M9; Park et al	7	no pH and no temperature
5	bacterial/m9_phenanthrene.yaml	CultureMech:008631	M9-Phenanthrene	7	no pH and no temperature
5	bacterial/m9_purvis.yaml	CultureMech:007059	M9; Purvis	7	no pH and no temperature
5	bacterial/m9_seo.yaml	CultureMech:006991	'M9 (Seo	10	no pH and no temperature
5	bacterial/m9_tomaras.yaml	CultureMech:007195	M9 - tomaras	9	no pH and no temperature
5	bacterial/m9_with_05_cysteine_hcl_park_et_al.yaml	CultureMech:007148	M9 with .05% cysteine HCl; Park et al	8	no pH and no temperature
5	bacterial/m9_with_0_4_glucose_and_20_emulsion.yaml	CultureMech:007445	M9 with 0.4% glucose and 20% emulsion	9	no pH and no temperature
5	bacterial/m9_with_0_4_glucose_and_40_emulsion.yaml	CultureMech:007443	M9 with 0.4% glucose and 40% emulsion	9	no pH and no temperature
5	bacterial/m9_with_0_4_glucose_and_5_emulsion.yaml	CultureMech:007444	M9 with 0.4% glucose and 5% emulsion	9	no pH and no temperature
5	bacterial/m9_with_0_4_glucose_and_tween_20.yaml	CultureMech:007442	M9 with 0.4% glucose and Tween 20	8	no pH and no temperature
5	bacterial/m9_with_0_4_glucose_prachaiyo_et_al.yaml	CultureMech:007441	'M9 with 0.4% glucose (prachaiyo et al	7	no pH and no temperature
5	bacterial/m9_with_0_67_zinc_acetate_and_05_cysteine_hcl_park_et_al.yaml	CultureMech:007138	M9 with 0.67% zinc acetate and .05% cysteine HCl; Park et al	9	no pH and no temperature
5	bacterial/m9_with_0_67_zinc_acetate_park_et_al.yaml	CultureMech:007134	M9 with 0.67% zinc acetate; Park et al	8	no pH and no temperature
5	bacterial/m9_with_0_67_zinc_sulfate_and_05_cysteine_hcl_park_et_al.yaml	CultureMech:007144	M9 with 0.67% zinc sulfate and .05% cysteine HCl; Park et al	9	no pH and no temperature
5	bacterial/m9_with_0_67_zinc_sulfate_park_et_al.yaml	CultureMech:007141	M9 with 0.67% zinc sulfate; Park et al	8	no pH and no temperature
5	bacterial/m9_with_0_7_glucose_and_40_emulsion.yaml	CultureMech:006987	M9 with 0.7% glucose and 40% emulsion	9	no pH and no temperature
5	bacterial/m9_with_0_7_glucose_prachaiyo_et_al.yaml	CultureMech:007446	'M9 with 0.7% glucose (prachaiyo et al	7	no pH and no temperature
5	bacterial/m9_with_16_g_l_glucose_kazan.yaml	CultureMech:007014	'M9 with 16 g/l glucose (kazan	11	no pH and no temperature
5	bacterial/m9_with_1_0_glucose_and_40_emulsion.yaml	CultureMech:006988	M9 with 1.0% glucose and 40% emulsion	9	no pH and no temperature
5	bacterial/m9_with_1_0_glucose_prachaiyo_et_al.yaml	CultureMech:007447	'M9 with 1.0% glucose (prachaiyo et al	7	no pH and no temperature
5	bacterial/m9_with_2_g_l_glucose_kazan.yaml	CultureMech:007011	'M9 with 2 g/l glucose (kazan	11	no pH and no temperature
5	bacterial/m9_with_32_g_l_glucose_kazan.yaml	CultureMech:007015	'M9 with 32 g/l glucose (kazan	11	no pH and no temperature
5	bacterial/m9_with_3_35_zinc_acetate_and_05_cysteine_hcl_park_et_al.yaml	CultureMech:007139	M9 with 3.35% zinc acetate and .05% cysteine HCl; Park et al	9	no pH and no temperature
5	bacterial/m9_with_3_35_zinc_acetate_park_et_al.yaml	CultureMech:007135	M9 with 3.35% zinc acetate; Park et al	8	no pH and no temperature
5	bacterial/m9_with_3_35_zinc_sulfate_and_05_cysteine_hcl_park_et_al.yaml	CultureMech:007145	M9 with 3.35% zinc sulfate and .05% cysteine HCl; Park et al	9	no pH and no temperature
5	bacterial/m9_with_3_35_zinc_sulfate_park_et_al.yaml	CultureMech:007142	M9 with 3.35% zinc sulfate; Park et al	8	no pH and no temperature
5	bacterial/m9_with_4_g_l_glucose_kazan.yaml	CultureMech:007012	'M9 with 4 g/l glucose (kazan	11	no pH and no temperature
5	bacterial/m9_with_6_03_zinc_acetate_and_05_cysteine_hcl_park_et_al.yaml	CultureMech:007140	M9 with 6.03% zinc acetate and .05% cysteine HCl; Park et al	9	no pH and no temperature
5	bacterial/m9_with_6_03_zinc_acetate_park_et_al.yaml	CultureMech:007137	M9 with 6.03% zinc acetate; Park et al	8	no pH and no temperature
5	bacterial/m9_with_6_03_zinc_sulfate_and_05_cysteine_hcl_park_et_al.yaml	CultureMech:007146	M9 with 6.03% zinc sulfate and .05% cysteine HCl; Park et al	9	no pH and no temperature
5	bacterial/m9_with_6_03_zinc_sulfate_park_et_al.yaml	CultureMech:007143	M9 with 6.03% zinc sulfate; Park et al	8	no pH and no temperature
5	bacterial/m9_with_8_g_l_glucose_kazan.yaml	CultureMech:007013	'M9 with 8 g/l glucose (kazan	11	no pH and no temperature
5	bacterial/m9_with_iptg_oh.yaml	CultureMech:007009	'M9 with iptg (oh	9	no pH and no temperature
5	bacterial/m9zb_with_acetate.yaml	CultureMech:006999	M9ZB with acetate	7	no pH and no temperature
5	bacterial/m9zb_with_glucose.yaml	CultureMech:006992	M9ZB with glucose	7	no pH and no temperature
5	bacterial/m9zb_with_glycerol.yaml	CultureMech:006997	M9zb with glycerol	7	no pH and no temperature
5	bacterial/m9zb_with_malate.yaml	CultureMech:007000	M9zb with malate	7	no pH and no temperature
5	bacterial/m9zb_with_mannose.yaml	CultureMech:006998	M9zb with mannose	7	no pH and no temperature
5	bacterial/m9zb_with_succinate.yaml	CultureMech:007001	M9ZB with succinate	7	no pH and no temperature
5	bacterial/m_medium_ebr45.yaml	CultureMech:008259	M medium (EBR45)	36	no pH and no temperature
5	bacterial/m_medium_ebr46_ebr599.yaml	CultureMech:008287	M medium (EBR46, EBR599)	35	no pH and no temperature
5	bacterial/m_medium_ebr596.yaml	CultureMech:008322	M medium (EBR596)	35	no pH and no temperature
5	bacterial/m_r2a_medium.yaml	CultureMech:008890	M-R2A medium	23	no pH and no temperature
5	bacterial/ma.yaml	CultureMech:008952	MA	15	no pH and no temperature
5	bacterial/ma2.yaml	CultureMech:007977	MA2	3	no pH and no temperature
5	bacterial/ma4.yaml	CultureMech:007978	MA4	3	no pH and no temperature
5	bacterial/mac.yaml	CultureMech:008582	mAc	26	no pH and no temperature
5	bacterial/madctw_medium.yaml	CultureMech:008986	MADCTw medium	22	no pH and no temperature
5	bacterial/malt_extract_agar.yaml	CultureMech:007947	Malt Extract Agar	5	no pH and no temperature
5	bacterial/malt_extract_agar_with_15_nacl.yaml	CultureMech:007705	Malt Extract Agar With 15% NaCl	6	no pH and no temperature
5	bacterial/malt_extract_ebios_agar_meba.yaml	CultureMech:008461	Malt Extract Ebios Agar (MEBA)	3	no pH and no temperature
5	bacterial/malt_soytone_agar_medium.yaml	CultureMech:008673	Malt Soytone Agar Medium	6	no pH and no temperature
5	bacterial/maltose_bennetts_agar.yaml	CultureMech:008000	Maltose-Bennett's Agar	6	no pH and no temperature
5	bacterial/maltose_yeast_extract_medium.yaml	CultureMech:008298	Maltose-Yeast Extract Medium	6	no pH and no temperature
5	bacterial/man_rogosa_and_sharpe_mrs_medium.yaml	CultureMech:009444	Man, Rogosa, and Sharpe (MRS) medium	11	no pH and no temperature
5	bacterial/mannitol_agar_without_calcium_carbonate.yaml	CultureMech:003089	MANNITOL AGAR WITHOUT CALCIUM CARBONATE	5	no pH and no temperature
5	bacterial/mannitol_standard_medium.yaml	CultureMech:009387	mannitol standard medium	5	no pH and no temperature
5	bacterial/mannitol_yeast_extract_medium.yaml	CultureMech:009045	Mannitol-Yeast Extract Medium	7	no pH and no temperature
5	bacterial/mannitol_yeast_extract_peptone_myp.yaml	CultureMech:003739	MANNITOL-Yeast extract-Peptone (MYP)	4	no pH and no temperature
5	bacterial/maricaulis_medium.yaml	CultureMech:000447	MARICAULIS MEDIUM	6	no pH and no temperature
5	bacterial/marichromatium_imhoffii_medium.yaml	CultureMech:002868	MARICHROMATIUM IMHOFFII MEDIUM	17	no pH and no temperature
5	bacterial/marine_2216e_medium.yaml	CultureMech:008777	Marine 2216E medium	5	no pH and no temperature
5	bacterial/marine_acidophilic_sulfur_oxidizing_bacteria_medium.yaml	CultureMech:008228	Marine acidophilic sulfur-oxidizing bacteria Medium	7	no pH and no temperature
5	bacterial/marine_agar.yaml	CultureMech:003997	MARINE AGAR	15	no pH and no temperature
5	bacterial/marine_agar_broth_2216.yaml	CultureMech:008852	Marine Agar/Broth 2216	19	no pH and no temperature
5	bacterial/marine_agar_broth_2216_10_nacl.yaml	CultureMech:008705	Marine Agar/Broth 2216 + 10 % NaCl	4	no pH and no temperature
5	bacterial/marine_agar_broth_2216_3_nacl.yaml	CultureMech:009579	Marine Agar/Broth 2216 + 3 % NaCl	4	no pH and no temperature
5	bacterial/marine_aob_medium_a.yaml	CultureMech:007643	Marine AOB Medium (A)	17	no pH and no temperature
5	bacterial/marine_aob_medium_b.yaml	CultureMech:007644	Marine AOB Medium (B)	17	no pH and no temperature
5	bacterial/marine_broth_0_5_sodium_pyruvate.yaml	CultureMech:008516	Marine Broth + 0.5% Sodium Pyruvate	4	no pH and no temperature
5	bacterial/marine_broth_2216_0_5_alginate.yaml	CultureMech:008288	Marine Broth 2216 + 0.5% Alginate	4	no pH and no temperature
5	bacterial/marine_broth_2216_with_cellobiose.yaml	CultureMech:007734	Marine Broth 2216 With Cellobiose	3	no pH and no temperature
5	bacterial/marine_clostridium_medium.yaml	CultureMech:007805	Marine Clostridium Medium	11	no pH and no temperature
5	bacterial/marine_desulfosarcina_medium.yaml	CultureMech:009767	Marine Desulfosarcina Medium	12	no pH and no temperature
5	bacterial/marine_desulfovibrio_complex_medium.yaml	CultureMech:009535	Marine Desulfovibrio Complex Medium	7	no pH and no temperature
5	bacterial/marine_medium_with_sulfur.yaml	CultureMech:009749	Marine Medium With Sulfur	15	no pH and no temperature
5	bacterial/marine_medium_with_thiosulfate.yaml	CultureMech:009751	Marine Medium With Thiosulfate	15	no pH and no temperature
5	bacterial/marine_microaerobic_thermus_medium.yaml	CultureMech:008418	Marine Microaerobic Thermus Medium	24	no pH and no temperature
5	bacterial/marine_srb_medium.yaml	CultureMech:007665	Marine SRB Medium	13	no pH and no temperature
5	bacterial/marine_tryptone_yeast_extract_medium.yaml	CultureMech:007827	Marine Tryptone Yeast Extract Medium	11	no pH and no temperature
5	bacterial/marinibactrum_medium.yaml	CultureMech:001102	MARINIBACTRUM MEDIUM	8	no pH and no temperature
5	bacterial/marinomonas_vaga_medium.yaml	CultureMech:001746	MARINOMONAS VAGA MEDIUM	5	no pH and no temperature
5	bacterial/matsuaria_medium.yaml	CultureMech:008315	Matsuaria Medium	7	no pH and no temperature
5	bacterial/matsutake_medium.yaml	CultureMech:007949	Matsutake Medium	3	no pH and no temperature
5	bacterial/mb_w_medium_fa.yaml	CultureMech:008645	MB/W medium + FA	37	no pH and no temperature
5	bacterial/mbbm.yaml	CultureMech:000358	MBBM	17	no pH and no temperature
5	bacterial/mc_medium.yaml	CultureMech:009576	MC medium	13	no pH and no temperature
5	bacterial/mcd_medium.yaml	CultureMech:007307	MCD Medium	46	no pH and no temperature
5	bacterial/mch.yaml	CultureMech:000362	MCH	5	no pH and no temperature
5	bacterial/mcn_medium_whitman.yaml	CultureMech:007380	'McN Medium (Whitman	30	no pH and no temperature
5	bacterial/mcna_medium_lupa.yaml	CultureMech:007381	'McNA Medium (Lupa	31	no pH and no temperature
5	bacterial/mea_with_1_5_nacl.yaml	CultureMech:008656	MEA with 1.5% NaCl	6	no pH and no temperature
5	bacterial/medium_11_modified_for_dsm_13613.yaml	CultureMech:003754	MEDIUM 11 MODIFIED FOR DSM 13613	19	no pH and no temperature
5	bacterial/medium_11_modified_for_dsm_15685.yaml	CultureMech:003760	MEDIUM 11 MODIFIED FOR DSM 15685	19	no pH and no temperature
5	bacterial/medium_11_modified_for_dsm_16043.yaml	CultureMech:003762	MEDIUM 11 MODIFIED FOR DSM 16043	19	no pH and no temperature
5	bacterial/medium_11_modified_for_dsm_16044.yaml	CultureMech:003763	MEDIUM 11 MODIFIED FOR DSM 16044	19	no pH and no temperature
5	bacterial/medium_11_modified_for_dsm_16047.yaml	CultureMech:003764	MEDIUM 11 MODIFIED FOR DSM 16047	19	no pH and no temperature
5	bacterial/medium_11_modified_for_dsm_16048.yaml	CultureMech:003765	MEDIUM 11 MODIFIED FOR DSM 16048	19	no pH and no temperature
5	bacterial/medium_11_modified_for_dsm_16381.yaml	CultureMech:003766	MEDIUM 11 MODIFIED FOR DSM 16381	19	no pH and no temperature
5	bacterial/medium_11_modified_for_dsm_16382.yaml	CultureMech:003767	MEDIUM 11 MODIFIED FOR DSM 16382	19	no pH and no temperature
5	bacterial/medium_11_modified_for_dsm_17732.yaml	CultureMech:003768	MEDIUM 11 MODIFIED FOR DSM 17732	19	no pH and no temperature
5	bacterial/medium_11_modified_for_dsm_18631.yaml	CultureMech:003769	MEDIUM 11 MODIFIED FOR DSM 18631	19	no pH and no temperature
5	bacterial/medium_11_modified_for_dsm_18933.yaml	CultureMech:003770	MEDIUM 11 MODIFIED FOR DSM 18933	19	no pH and no temperature
5	bacterial/medium_11_modified_for_dsm_19582.yaml	CultureMech:003771	MEDIUM 11 MODIFIED FOR DSM 19582	19	no pH and no temperature
5	bacterial/medium_11_modified_for_dsm_19906.yaml	CultureMech:003772	MEDIUM 11 MODIFIED FOR DSM 19906	19	no pH and no temperature
5	bacterial/medium_11_modified_for_dsm_19910.yaml	CultureMech:003773	MEDIUM 11 MODIFIED FOR DSM 19910	19	no pH and no temperature
5	bacterial/medium_11_modified_for_dsm_20355.yaml	CultureMech:003774	MEDIUM 11 MODIFIED FOR DSM 20355	19	no pH and no temperature
5	bacterial/medium_11_modified_for_dsm_20634.yaml	CultureMech:003775	MEDIUM 11 MODIFIED FOR DSM 20634	19	no pH and no temperature
5	bacterial/medium_11_modified_for_dsm_22689.yaml	CultureMech:003776	MEDIUM 11 MODIFIED FOR DSM 22689	19	no pH and no temperature
5	bacterial/medium_11_modified_for_dsm_23246.yaml	CultureMech:003777	MEDIUM 11 MODIFIED FOR DSM 23246	19	no pH and no temperature
5	bacterial/medium_120_modified_for_dsm_7058.yaml	CultureMech:003947	MEDIUM 120 MODIFIED FOR DSM 7058	34	no pH and no temperature
5	bacterial/medium_1245_modified_for_dsm_18691.yaml	CultureMech:004002	MEDIUM 1245 MODIFIED FOR DSM 18691	28	no pH and no temperature
5	bacterial/medium_1313_modified_for_dsm_25384.yaml	CultureMech:004068	MEDIUM 1313 MODIFIED FOR DSM 25384	27	no pH and no temperature
5	bacterial/medium_13_modified_for_dsm_13609.yaml	CultureMech:004049	MEDIUM 13 MODIFIED FOR DSM 13609	7	no pH and no temperature
5	bacterial/medium_13_modified_for_dsm_17974.yaml	CultureMech:004050	MEDIUM 13 MODIFIED FOR DSM 17974	7	no pH and no temperature
5	bacterial/medium_13_modified_for_dsm_17975.yaml	CultureMech:004051	MEDIUM 13 MODIFIED FOR DSM 17975	7	no pH and no temperature
5	bacterial/medium_13_modified_for_dsm_17978.yaml	CultureMech:004052	MEDIUM 13 MODIFIED FOR DSM 17978	7	no pH and no temperature
5	bacterial/medium_13_modified_for_dsm_17979.yaml	CultureMech:004053	MEDIUM 13 MODIFIED FOR DSM 17979	7	no pH and no temperature
5	bacterial/medium_13_modified_for_dsm_17980.yaml	CultureMech:004054	MEDIUM 13 MODIFIED FOR DSM 17980	7	no pH and no temperature
5	bacterial/medium_13_modified_for_dsm_17981.yaml	CultureMech:004055	MEDIUM 13 MODIFIED FOR DSM 17981	7	no pH and no temperature
5	bacterial/medium_1416_modified_for_dsm_25733.yaml	CultureMech:004142	MEDIUM 1416 MODIFIED FOR DSM 25733	14	no pH and no temperature
5	bacterial/medium_141_modified_for_dsm_13459.yaml	CultureMech:004126	MEDIUM 141 MODIFIED FOR DSM 13459	37	no pH and no temperature
5	bacterial/medium_144_modified_for_dsm_12299.yaml	CultureMech:004159	MEDIUM 144 MODIFIED FOR DSM 12299	33	no pH and no temperature
5	bacterial/medium_144_modified_for_dsm_7040.yaml	CultureMech:004160	MEDIUM 144 MODIFIED FOR DSM 7040	33	no pH and no temperature
5	bacterial/medium_156_modified_for_dsm_6251.yaml	CultureMech:004178	MEDIUM 156 MODIFIED FOR DSM 6251	10	no pH and no temperature
5	bacterial/medium_159_modified_for_dsm_11370.yaml	CultureMech:004182	MEDIUM 159 MODIFIED FOR DSM 11370	10	no pH and no temperature
5	bacterial/medium_159_modified_for_dsm_11371.yaml	CultureMech:004183	MEDIUM 159 MODIFIED FOR DSM 11371	10	no pH and no temperature
5	bacterial/medium_193_modified_for_dsm_6637.yaml	CultureMech:004225	MEDIUM 193 MODIFIED FOR DSM 6637	34	no pH and no temperature
5	bacterial/medium_193_modified_for_dsm_8775.yaml	CultureMech:004226	MEDIUM 193 MODIFIED FOR DSM 8775	34	no pH and no temperature
5	bacterial/medium_194_modified_for_dsm_13527.yaml	CultureMech:004229	MEDIUM 194 MODIFIED FOR DSM 13527	33	no pH and no temperature
5	bacterial/medium_194_modified_for_dsm_5092.yaml	CultureMech:004233	MEDIUM 194 MODIFIED FOR DSM 5092	33	no pH and no temperature
5	bacterial/medium_194_modified_for_dsm_6523.yaml	CultureMech:004234	MEDIUM 194 MODIFIED FOR DSM 6523	33	no pH and no temperature
5	bacterial/medium_195_modified_for_dsm_12130.yaml	CultureMech:004236	MEDIUM 195 MODIFIED FOR DSM 12130	33	no pH and no temperature
5	bacterial/medium_195_modified_for_dsm_13036.yaml	CultureMech:004237	MEDIUM 195 MODIFIED FOR DSM 13036	33	no pH and no temperature
5	bacterial/medium_195_modified_for_dsm_13037.yaml	CultureMech:004238	MEDIUM 195 MODIFIED FOR DSM 13037	33	no pH and no temperature
5	bacterial/medium_195_modified_for_dsm_13038.yaml	CultureMech:004239	MEDIUM 195 MODIFIED FOR DSM 13038	33	no pH and no temperature
5	bacterial/medium_195_modified_for_dsm_13039.yaml	CultureMech:004240	MEDIUM 195 MODIFIED FOR DSM 13039	33	no pH and no temperature
5	bacterial/medium_195_modified_for_dsm_13040.yaml	CultureMech:004241	MEDIUM 195 MODIFIED FOR DSM 13040	33	no pH and no temperature
5	bacterial/medium_195_modified_for_dsm_13041.yaml	CultureMech:004242	MEDIUM 195 MODIFIED FOR DSM 13041	33	no pH and no temperature
5	bacterial/medium_195_modified_for_dsm_13042.yaml	CultureMech:004243	MEDIUM 195 MODIFIED FOR DSM 13042	33	no pH and no temperature
5	bacterial/medium_195_modified_for_dsm_13043.yaml	CultureMech:004244	MEDIUM 195 MODIFIED FOR DSM 13043	33	no pH and no temperature
5	bacterial/medium_195_modified_for_dsm_13044.yaml	CultureMech:004245	MEDIUM 195 MODIFIED FOR DSM 13044	33	no pH and no temperature
5	bacterial/medium_195_modified_for_dsm_5091.yaml	CultureMech:004248	MEDIUM 195 MODIFIED FOR DSM 5091	33	no pH and no temperature
5	bacterial/medium_195_modified_for_dsm_8776.yaml	CultureMech:004249	MEDIUM 195 MODIFIED FOR DSM 8776	33	no pH and no temperature
5	bacterial/medium_195_modified_for_dsm_9756.yaml	CultureMech:004250	MEDIUM 195 MODIFIED FOR DSM 9756	33	no pH and no temperature
5	bacterial/medium_195_modified_for_dsm_9788.yaml	CultureMech:004251	MEDIUM 195 MODIFIED FOR DSM 9788	33	no pH and no temperature
5	bacterial/medium_1_modified_for_dsm_10037.yaml	CultureMech:003350	MEDIUM 1 MODIFIED FOR DSM 10037	4	no pH and no temperature
5	bacterial/medium_1_modified_for_dsm_10154.yaml	CultureMech:003351	MEDIUM 1 MODIFIED FOR DSM 10154	4	no pH and no temperature
5	bacterial/medium_1_modified_for_dsm_10247.yaml	CultureMech:003352	MEDIUM 1 MODIFIED FOR DSM 10247	4	no pH and no temperature
5	bacterial/medium_1_modified_for_dsm_10248.yaml	CultureMech:003353	MEDIUM 1 MODIFIED FOR DSM 10248	4	no pH and no temperature
5	bacterial/medium_1_modified_for_dsm_10250.yaml	CultureMech:003354	MEDIUM 1 MODIFIED FOR DSM 10250	4	no pH and no temperature
5	bacterial/medium_1_modified_for_dsm_11029.yaml	CultureMech:003355	MEDIUM 1 MODIFIED FOR DSM 11029	4	no pH and no temperature
5	bacterial/medium_1_modified_for_dsm_11030.yaml	CultureMech:003356	MEDIUM 1 MODIFIED FOR DSM 11030	4	no pH and no temperature
5	bacterial/medium_1_modified_for_dsm_11125.yaml	CultureMech:003357	MEDIUM 1 MODIFIED FOR DSM 11125	4	no pH and no temperature
5	bacterial/medium_1_modified_for_dsm_11173.yaml	CultureMech:003358	MEDIUM 1 MODIFIED FOR DSM 11173	4	no pH and no temperature
5	bacterial/medium_1_modified_for_dsm_11174.yaml	CultureMech:003359	MEDIUM 1 MODIFIED FOR DSM 11174	4	no pH and no temperature
5	bacterial/medium_1_modified_for_dsm_11175.yaml	CultureMech:003360	MEDIUM 1 MODIFIED FOR DSM 11175	4	no pH and no temperature
5	bacterial/medium_1_modified_for_dsm_11176.yaml	CultureMech:003361	MEDIUM 1 MODIFIED FOR DSM 11176	4	no pH and no temperature
5	bacterial/medium_1_modified_for_dsm_11490.yaml	CultureMech:003362	MEDIUM 1 MODIFIED FOR DSM 11490	4	no pH and no temperature
5	bacterial/medium_1_modified_for_dsm_11667.yaml	CultureMech:003363	MEDIUM 1 MODIFIED FOR DSM 11667	4	no pH and no temperature
5	bacterial/medium_1_modified_for_dsm_12.yaml	CultureMech:003365	MEDIUM 1 MODIFIED FOR DSM 12	4	no pH and no temperature
5	bacterial/medium_1_modified_for_dsm_12112.yaml	CultureMech:003364	MEDIUM 1 MODIFIED FOR DSM 12112	4	no pH and no temperature
5	bacterial/medium_1_modified_for_dsm_13055.yaml	CultureMech:003366	MEDIUM 1 MODIFIED FOR DSM 13055	4	no pH and no temperature
5	bacterial/medium_1_modified_for_dsm_13060.yaml	CultureMech:003367	MEDIUM 1 MODIFIED FOR DSM 13060	4	no pH and no temperature
5	bacterial/medium_1_modified_for_dsm_13188.yaml	CultureMech:003368	MEDIUM 1 MODIFIED FOR DSM 13188	4	no pH and no temperature
5	bacterial/medium_1_modified_for_dsm_13260.yaml	CultureMech:003369	MEDIUM 1 MODIFIED FOR DSM 13260	4	no pH and no temperature
5	bacterial/medium_1_modified_for_dsm_1327.yaml	CultureMech:003370	MEDIUM 1 MODIFIED FOR DSM 1327	4	no pH and no temperature
5	bacterial/medium_1_modified_for_dsm_1337.yaml	CultureMech:003371	MEDIUM 1 MODIFIED FOR DSM 1337	4	no pH and no temperature
5	bacterial/medium_1_modified_for_dsm_1338.yaml	CultureMech:003372	MEDIUM 1 MODIFIED FOR DSM 1338	4	no pH and no temperature
5	bacterial/medium_1_modified_for_dsm_1339.yaml	CultureMech:003373	MEDIUM 1 MODIFIED FOR DSM 1339	4	no pH and no temperature
5	bacterial/medium_1_modified_for_dsm_1340.yaml	CultureMech:003374	MEDIUM 1 MODIFIED FOR DSM 1340	4	no pH and no temperature
5	bacterial/medium_1_modified_for_dsm_13484.yaml	CultureMech:003375	MEDIUM 1 MODIFIED FOR DSM 13484	4	no pH and no temperature
5	bacterial/medium_1_modified_for_dsm_1352.yaml	CultureMech:003376	MEDIUM 1 MODIFIED FOR DSM 1352	4	no pH and no temperature
5	bacterial/medium_1_modified_for_dsm_1354.yaml	CultureMech:003377	MEDIUM 1 MODIFIED FOR DSM 1354	4	no pH and no temperature
5	bacterial/medium_1_modified_for_dsm_1355.yaml	CultureMech:003378	MEDIUM 1 MODIFIED FOR DSM 1355	4	no pH and no temperature
5	bacterial/medium_1_modified_for_dsm_1356.yaml	CultureMech:003379	MEDIUM 1 MODIFIED FOR DSM 1356	4	no pH and no temperature
5	bacterial/medium_1_modified_for_dsm_1358.yaml	CultureMech:003380	MEDIUM 1 MODIFIED FOR DSM 1358	4	no pH and no temperature
5	bacterial/medium_1_modified_for_dsm_14149.yaml	CultureMech:003381	MEDIUM 1 MODIFIED FOR DSM 14149	4	no pH and no temperature
5	bacterial/medium_1_modified_for_dsm_14187.yaml	CultureMech:003382	MEDIUM 1 MODIFIED FOR DSM 14187	4	no pH and no temperature
5	bacterial/medium_1_modified_for_dsm_14677.yaml	CultureMech:003383	MEDIUM 1 MODIFIED FOR DSM 14677	4	no pH and no temperature
5	bacterial/medium_1_modified_for_dsm_1473.yaml	CultureMech:003385	MEDIUM 1 MODIFIED FOR DSM 1473	4	no pH and no temperature
5	bacterial/medium_1_modified_for_dsm_14730.yaml	CultureMech:003384	MEDIUM 1 MODIFIED FOR DSM 14730	4	no pH and no temperature
5	bacterial/medium_1_modified_for_dsm_1474.yaml	CultureMech:003386	MEDIUM 1 MODIFIED FOR DSM 1474	4	no pH and no temperature
5	bacterial/medium_1_modified_for_dsm_1475.yaml	CultureMech:003387	MEDIUM 1 MODIFIED FOR DSM 1475	4	no pH and no temperature
5	bacterial/medium_1_modified_for_dsm_1477.yaml	CultureMech:003388	MEDIUM 1 MODIFIED FOR DSM 1477	4	no pH and no temperature
5	bacterial/medium_1_modified_for_dsm_1478.yaml	CultureMech:003389	MEDIUM 1 MODIFIED FOR DSM 1478	4	no pH and no temperature
5	bacterial/medium_1_modified_for_dsm_1479.yaml	CultureMech:003390	MEDIUM 1 MODIFIED FOR DSM 1479	4	no pH and no temperature
5	bacterial/medium_1_modified_for_dsm_1480.yaml	CultureMech:003391	MEDIUM 1 MODIFIED FOR DSM 1480	4	no pH and no temperature
5	bacterial/medium_1_modified_for_dsm_1481.yaml	CultureMech:003392	MEDIUM 1 MODIFIED FOR DSM 1481	4	no pH and no temperature
5	bacterial/medium_1_modified_for_dsm_1482.yaml	CultureMech:003393	MEDIUM 1 MODIFIED FOR DSM 1482	4	no pH and no temperature
5	bacterial/medium_1_modified_for_dsm_1483.yaml	CultureMech:003394	MEDIUM 1 MODIFIED FOR DSM 1483	4	no pH and no temperature
5	bacterial/medium_1_modified_for_dsm_1484.yaml	CultureMech:003395	MEDIUM 1 MODIFIED FOR DSM 1484	4	no pH and no temperature
5	bacterial/medium_1_modified_for_dsm_1485.yaml	CultureMech:003396	MEDIUM 1 MODIFIED FOR DSM 1485	4	no pH and no temperature
5	bacterial/medium_1_modified_for_dsm_1486.yaml	CultureMech:003397	MEDIUM 1 MODIFIED FOR DSM 1486	4	no pH and no temperature
5	bacterial/medium_1_modified_for_dsm_14948.yaml	CultureMech:003398	MEDIUM 1 MODIFIED FOR DSM 14948	4	no pH and no temperature
5	bacterial/medium_1_modified_for_dsm_15030.yaml	CultureMech:003399	MEDIUM 1 MODIFIED FOR DSM 15030	4	no pH and no temperature
5	bacterial/medium_1_modified_for_dsm_15045.yaml	CultureMech:003400	MEDIUM 1 MODIFIED FOR DSM 15045	4	no pH and no temperature
5	bacterial/medium_1_modified_for_dsm_15069.yaml	CultureMech:003401	MEDIUM 1 MODIFIED FOR DSM 15069	4	no pH and no temperature
5	bacterial/medium_1_modified_for_dsm_15325.yaml	CultureMech:003402	MEDIUM 1 MODIFIED FOR DSM 15325	4	no pH and no temperature
5	bacterial/medium_1_modified_for_dsm_15378.yaml	CultureMech:003403	MEDIUM 1 MODIFIED FOR DSM 15378	4	no pH and no temperature
5	bacterial/medium_1_modified_for_dsm_15444.yaml	CultureMech:003404	MEDIUM 1 MODIFIED FOR DSM 15444	4	no pH and no temperature
5	bacterial/medium_1_modified_for_dsm_15506.yaml	CultureMech:003406	MEDIUM 1 MODIFIED FOR DSM 15506	4	no pH and no temperature
5	bacterial/medium_1_modified_for_dsm_15506_replace_k_oxalate_with_na_oxalate.yaml	CultureMech:003405	MEDIUM 1 MODIFIED FOR DSM 15506_replace_K-oxalate_with_Na-oxalate	4	no pH and no temperature
5	bacterial/medium_1_modified_for_dsm_15507.yaml	CultureMech:003408	MEDIUM 1 MODIFIED FOR DSM 15507	4	no pH and no temperature
5	bacterial/medium_1_modified_for_dsm_15507_replace_k_oxalate_with_na_oxalate.yaml	CultureMech:003407	MEDIUM 1 MODIFIED FOR DSM 15507_replace_K-oxalate_with_Na-oxalate	4	no pH and no temperature
5	bacterial/medium_1_modified_for_dsm_15600.yaml	CultureMech:003409	MEDIUM 1 MODIFIED FOR DSM 15600	4	no pH and no temperature
5	bacterial/medium_1_modified_for_dsm_15601.yaml	CultureMech:003410	MEDIUM 1 MODIFIED FOR DSM 15601	4	no pH and no temperature
5	bacterial/medium_1_modified_for_dsm_15602.yaml	CultureMech:003411	MEDIUM 1 MODIFIED FOR DSM 15602	4	no pH and no temperature
5	bacterial/medium_1_modified_for_dsm_15603.yaml	CultureMech:003412	MEDIUM 1 MODIFIED FOR DSM 15603	4	no pH and no temperature
5	bacterial/medium_1_modified_for_dsm_15604.yaml	CultureMech:003413	MEDIUM 1 MODIFIED FOR DSM 15604	4	no pH and no temperature
5	bacterial/medium_1_modified_for_dsm_15890.yaml	CultureMech:003414	MEDIUM 1 MODIFIED FOR DSM 15890	4	no pH and no temperature
5	bacterial/medium_1_modified_for_dsm_15937.yaml	CultureMech:003415	MEDIUM 1 MODIFIED FOR DSM 15937	4	no pH and no temperature
5	bacterial/medium_1_modified_for_dsm_1634.yaml	CultureMech:003416	MEDIUM 1 MODIFIED FOR DSM 1634	4	no pH and no temperature
5	bacterial/medium_1_modified_for_dsm_16823.yaml	CultureMech:003417	MEDIUM 1 MODIFIED FOR DSM 16823	4	no pH and no temperature
5	bacterial/medium_1_modified_for_dsm_1708.yaml	CultureMech:003418	MEDIUM 1 MODIFIED FOR DSM 1708	4	no pH and no temperature
5	bacterial/medium_1_modified_for_dsm_1758.yaml	CultureMech:003419	MEDIUM 1 MODIFIED FOR DSM 1758	4	no pH and no temperature
5	bacterial/medium_1_modified_for_dsm_1759.yaml	CultureMech:003420	MEDIUM 1 MODIFIED FOR DSM 1759	4	no pH and no temperature
5	bacterial/medium_1_modified_for_dsm_1760.yaml	CultureMech:003421	MEDIUM 1 MODIFIED FOR DSM 1760	4	no pH and no temperature
5	bacterial/medium_1_modified_for_dsm_18172.yaml	CultureMech:003422	MEDIUM 1 MODIFIED FOR DSM 18172	4	no pH and no temperature
5	bacterial/medium_1_modified_for_dsm_1819.yaml	CultureMech:003423	MEDIUM 1 MODIFIED FOR DSM 1819	4	no pH and no temperature
5	bacterial/medium_1_modified_for_dsm_18207.yaml	CultureMech:003424	MEDIUM 1 MODIFIED FOR DSM 18207	4	no pH and no temperature
5	bacterial/medium_1_modified_for_dsm_18475.yaml	CultureMech:003425	MEDIUM 1 MODIFIED FOR DSM 18475	4	no pH and no temperature
5	bacterial/medium_1_modified_for_dsm_1857.yaml	CultureMech:003426	MEDIUM 1 MODIFIED FOR DSM 1857	4	no pH and no temperature
5	bacterial/medium_1_modified_for_dsm_18801.yaml	CultureMech:003427	MEDIUM 1 MODIFIED FOR DSM 18801	4	no pH and no temperature
5	bacterial/medium_1_modified_for_dsm_19248.yaml	CultureMech:003428	MEDIUM 1 MODIFIED FOR DSM 19248	4	no pH and no temperature
5	bacterial/medium_1_modified_for_dsm_19417.yaml	CultureMech:003429	MEDIUM 1 MODIFIED FOR DSM 19417	4	no pH and no temperature
5	bacterial/medium_1_modified_for_dsm_19779.yaml	CultureMech:003430	MEDIUM 1 MODIFIED FOR DSM 19779	4	no pH and no temperature
5	bacterial/medium_1_modified_for_dsm_20643.yaml	CultureMech:003431	MEDIUM 1 MODIFIED FOR DSM 20643	4	no pH and no temperature
5	bacterial/medium_1_modified_for_dsm_21046.yaml	CultureMech:003432	MEDIUM 1 MODIFIED FOR DSM 21046	4	no pH and no temperature
5	bacterial/medium_1_modified_for_dsm_21047.yaml	CultureMech:003433	MEDIUM 1 MODIFIED FOR DSM 21047	4	no pH and no temperature
5	bacterial/medium_1_modified_for_dsm_2112.yaml	CultureMech:003434	MEDIUM 1 MODIFIED FOR DSM 2112	4	no pH and no temperature
5	bacterial/medium_1_modified_for_dsm_21393.yaml	CultureMech:003435	MEDIUM 1 MODIFIED FOR DSM 21393	4	no pH and no temperature
5	bacterial/medium_1_modified_for_dsm_21398.yaml	CultureMech:003436	MEDIUM 1 MODIFIED FOR DSM 21398	4	no pH and no temperature
5	bacterial/medium_1_modified_for_dsm_21399.yaml	CultureMech:003437	MEDIUM 1 MODIFIED FOR DSM 21399	4	no pH and no temperature
5	bacterial/medium_1_modified_for_dsm_21566.yaml	CultureMech:003438	MEDIUM 1 MODIFIED FOR DSM 21566	4	no pH and no temperature
5	bacterial/medium_1_modified_for_dsm_21567.yaml	CultureMech:003439	MEDIUM 1 MODIFIED FOR DSM 21567	4	no pH and no temperature
5	bacterial/medium_1_modified_for_dsm_21625.yaml	CultureMech:003440	MEDIUM 1 MODIFIED FOR DSM 21625	4	no pH and no temperature
5	bacterial/medium_1_modified_for_dsm_2163.yaml	CultureMech:003441	MEDIUM 1 MODIFIED FOR DSM 2163	4	no pH and no temperature
5	bacterial/medium_1_modified_for_dsm_21977.yaml	CultureMech:003442	MEDIUM 1 MODIFIED FOR DSM 21977	4	no pH and no temperature
5	bacterial/medium_1_modified_for_dsm_22111.yaml	CultureMech:003443	MEDIUM 1 MODIFIED FOR DSM 22111	4	no pH and no temperature
5	bacterial/medium_1_modified_for_dsm_22254.yaml	CultureMech:003444	MEDIUM 1 MODIFIED FOR DSM 22254	4	no pH and no temperature
5	bacterial/medium_1_modified_for_dsm_22278.yaml	CultureMech:003445	MEDIUM 1 MODIFIED FOR DSM 22278	4	no pH and no temperature
5	bacterial/medium_1_modified_for_dsm_22391.yaml	CultureMech:003446	MEDIUM 1 MODIFIED FOR DSM 22391	4	no pH and no temperature
5	bacterial/medium_1_modified_for_dsm_22393.yaml	CultureMech:003447	MEDIUM 1 MODIFIED FOR DSM 22393	4	no pH and no temperature
5	bacterial/medium_1_modified_for_dsm_2242.yaml	CultureMech:003448	MEDIUM 1 MODIFIED FOR DSM 2242	4	no pH and no temperature
5	bacterial/medium_1_modified_for_dsm_22718.yaml	CultureMech:003449	MEDIUM 1 MODIFIED FOR DSM 22718	4	no pH and no temperature
5	bacterial/medium_1_modified_for_dsm_22800.yaml	CultureMech:003450	MEDIUM 1 MODIFIED FOR DSM 22800	4	no pH and no temperature
5	bacterial/medium_1_modified_for_dsm_22840.yaml	CultureMech:003451	MEDIUM 1 MODIFIED FOR DSM 22840	4	no pH and no temperature
5	bacterial/medium_1_modified_for_dsm_22905.yaml	CultureMech:003452	MEDIUM 1 MODIFIED FOR DSM 22905	4	no pH and no temperature
5	bacterial/medium_1_modified_for_dsm_23117.yaml	CultureMech:003453	MEDIUM 1 MODIFIED FOR DSM 23117	4	no pH and no temperature
5	bacterial/medium_1_modified_for_dsm_23175.yaml	CultureMech:003454	MEDIUM 1 MODIFIED FOR DSM 23175	4	no pH and no temperature
5	bacterial/medium_1_modified_for_dsm_23211.yaml	CultureMech:003455	MEDIUM 1 MODIFIED FOR DSM 23211	4	no pH and no temperature
5	bacterial/medium_1_modified_for_dsm_23212.yaml	CultureMech:003456	MEDIUM 1 MODIFIED FOR DSM 23212	4	no pH and no temperature
5	bacterial/medium_1_modified_for_dsm_25188.yaml	CultureMech:003457	MEDIUM 1 MODIFIED FOR DSM 25188	4	no pH and no temperature
5	bacterial/medium_1_modified_for_dsm_3102.yaml	CultureMech:003458	MEDIUM 1 MODIFIED FOR DSM 3102	4	no pH and no temperature
5	bacterial/medium_1_modified_for_dsm_3368.yaml	CultureMech:003459	MEDIUM 1 MODIFIED FOR DSM 3368	4	no pH and no temperature
5	bacterial/medium_1_modified_for_dsm_3585.yaml	CultureMech:003460	MEDIUM 1 MODIFIED FOR DSM 3585	4	no pH and no temperature
5	bacterial/medium_1_modified_for_dsm_3803.yaml	CultureMech:003461	MEDIUM 1 MODIFIED FOR DSM 3803	4	no pH and no temperature
5	bacterial/medium_1_modified_for_dsm_4166.yaml	CultureMech:003462	MEDIUM 1 MODIFIED FOR DSM 4166	4	no pH and no temperature
5	bacterial/medium_1_modified_for_dsm_46620.yaml	CultureMech:003463	MEDIUM 1 MODIFIED FOR DSM 46620	4	no pH and no temperature
5	bacterial/medium_1_modified_for_dsm_5210.yaml	CultureMech:003464	MEDIUM 1 MODIFIED FOR DSM 5210	4	no pH and no temperature
5	bacterial/medium_1_modified_for_dsm_5214.yaml	CultureMech:003465	MEDIUM 1 MODIFIED FOR DSM 5214	4	no pH and no temperature
5	bacterial/medium_1_modified_for_dsm_5391.yaml	CultureMech:003466	MEDIUM 1 MODIFIED FOR DSM 5391	4	no pH and no temperature
5	bacterial/medium_1_modified_for_dsm_5392.yaml	CultureMech:003467	MEDIUM 1 MODIFIED FOR DSM 5392	4	no pH and no temperature
5	bacterial/medium_1_modified_for_dsm_554.yaml	CultureMech:003468	MEDIUM 1 MODIFIED FOR DSM 554	4	no pH and no temperature
5	bacterial/medium_1_modified_for_dsm_5810.yaml	CultureMech:003469	MEDIUM 1 MODIFIED FOR DSM 5810	4	no pH and no temperature
5	bacterial/medium_1_modified_for_dsm_5811.yaml	CultureMech:003470	MEDIUM 1 MODIFIED FOR DSM 5811	4	no pH and no temperature
5	bacterial/medium_1_modified_for_dsm_5977.yaml	CultureMech:003471	MEDIUM 1 MODIFIED FOR DSM 5977	4	no pH and no temperature
5	bacterial/medium_1_modified_for_dsm_5978.yaml	CultureMech:003472	MEDIUM 1 MODIFIED FOR DSM 5978	4	no pH and no temperature
5	bacterial/medium_1_modified_for_dsm_5979.yaml	CultureMech:003473	MEDIUM 1 MODIFIED FOR DSM 5979	4	no pH and no temperature
5	bacterial/medium_1_modified_for_dsm_5981.yaml	CultureMech:003474	MEDIUM 1 MODIFIED FOR DSM 5981	4	no pH and no temperature
5	bacterial/medium_1_modified_for_dsm_6127.yaml	CultureMech:003475	MEDIUM 1 MODIFIED FOR DSM 6127	4	no pH and no temperature
5	bacterial/medium_1_modified_for_dsm_6130.yaml	CultureMech:003476	MEDIUM 1 MODIFIED FOR DSM 6130	4	no pH and no temperature
5	bacterial/medium_1_modified_for_dsm_6330.yaml	CultureMech:003477	MEDIUM 1 MODIFIED FOR DSM 6330	4	no pH and no temperature
5	bacterial/medium_1_modified_for_dsm_6343.yaml	CultureMech:003478	MEDIUM 1 MODIFIED FOR DSM 6343	4	no pH and no temperature
5	bacterial/medium_1_modified_for_dsm_6347.yaml	CultureMech:003479	MEDIUM 1 MODIFIED FOR DSM 6347	4	no pH and no temperature
5	bacterial/medium_1_modified_for_dsm_6813.yaml	CultureMech:003480	MEDIUM 1 MODIFIED FOR DSM 6813	4	no pH and no temperature
5	bacterial/medium_1_modified_for_dsm_6834.yaml	CultureMech:003481	MEDIUM 1 MODIFIED FOR DSM 6834	4	no pH and no temperature
5	bacterial/medium_1_modified_for_dsm_6874.yaml	CultureMech:003482	MEDIUM 1 MODIFIED FOR DSM 6874	4	no pH and no temperature
5	bacterial/medium_1_modified_for_dsm_6875.yaml	CultureMech:003483	MEDIUM 1 MODIFIED FOR DSM 6875	4	no pH and no temperature
5	bacterial/medium_1_modified_for_dsm_7298.yaml	CultureMech:003484	MEDIUM 1 MODIFIED FOR DSM 7298	4	no pH and no temperature
5	bacterial/medium_1_modified_for_dsm_7326.yaml	CultureMech:003485	MEDIUM 1 MODIFIED FOR DSM 7326	4	no pH and no temperature
5	bacterial/medium_1_modified_for_dsm_7327.yaml	CultureMech:003486	MEDIUM 1 MODIFIED FOR DSM 7327	4	no pH and no temperature
5	bacterial/medium_1_modified_for_dsm_7385.yaml	CultureMech:003487	MEDIUM 1 MODIFIED FOR DSM 7385	4	no pH and no temperature
5	bacterial/medium_1_modified_for_dsm_7459.yaml	CultureMech:003488	MEDIUM 1 MODIFIED FOR DSM 7459	4	no pH and no temperature
5	bacterial/medium_1_modified_for_dsm_760.yaml	CultureMech:003489	MEDIUM 1 MODIFIED FOR DSM 760	4	no pH and no temperature
5	bacterial/medium_1_modified_for_dsm_8226.yaml	CultureMech:003490	MEDIUM 1 MODIFIED FOR DSM 8226	4	no pH and no temperature
5	bacterial/medium_1_modified_for_dsm_8372.yaml	CultureMech:003491	MEDIUM 1 MODIFIED FOR DSM 8372	4	no pH and no temperature
5	bacterial/medium_1_modified_for_dsm_8376.yaml	CultureMech:003492	MEDIUM 1 MODIFIED FOR DSM 8376	4	no pH and no temperature
5	bacterial/medium_1_modified_for_dsm_8832.yaml	CultureMech:003493	MEDIUM 1 MODIFIED FOR DSM 8832	4	no pH and no temperature
5	bacterial/medium_1_modified_for_dsm_9006.yaml	CultureMech:003494	MEDIUM 1 MODIFIED FOR DSM 9006	4	no pH and no temperature
5	bacterial/medium_1_modified_for_dsm_9507.yaml	CultureMech:003495	MEDIUM 1 MODIFIED FOR DSM 9507	4	no pH and no temperature
5	bacterial/medium_1_modified_for_dsm_9565.yaml	CultureMech:003496	MEDIUM 1 MODIFIED FOR DSM 9565	4	no pH and no temperature
5	bacterial/medium_1a_modified_for_dsm_22387.yaml	CultureMech:004262	MEDIUM 1a MODIFIED FOR DSM 22387	4	no pH and no temperature
5	bacterial/medium_1a_modified_for_dsm_22392.yaml	CultureMech:004263	MEDIUM 1a MODIFIED FOR DSM 22392	4	no pH and no temperature
5	bacterial/medium_1a_modified_for_dsm_22397.yaml	CultureMech:004264	MEDIUM 1a MODIFIED FOR DSM 22397	4	no pH and no temperature
5	bacterial/medium_1a_modified_for_dsm_23513.yaml	CultureMech:004265	MEDIUM 1a MODIFIED FOR DSM 23513	4	no pH and no temperature
5	bacterial/medium_1a_modified_for_dsm_3038.yaml	CultureMech:004266	MEDIUM 1a MODIFIED FOR DSM 3038	4	no pH and no temperature
5	bacterial/medium_215_modified_for_dsm_10548.yaml	CultureMech:004407	MEDIUM 215 MODIFIED FOR DSM 10548	6	no pH and no temperature
5	bacterial/medium_215_modified_for_dsm_10599.yaml	CultureMech:004408	MEDIUM 215 MODIFIED FOR DSM 10599	6	no pH and no temperature
5	bacterial/medium_215_modified_for_dsm_13140.yaml	CultureMech:004409	MEDIUM 215 MODIFIED FOR DSM 13140	6	no pH and no temperature
5	bacterial/medium_215_modified_for_dsm_13191.yaml	CultureMech:004410	MEDIUM 215 MODIFIED FOR DSM 13191	6	no pH and no temperature
5	bacterial/medium_215_modified_for_dsm_13667.yaml	CultureMech:004412	MEDIUM 215 MODIFIED FOR DSM 13667	6	no pH and no temperature
5	bacterial/medium_215_modified_for_dsm_21511.yaml	CultureMech:004413	MEDIUM 215 MODIFIED FOR DSM 21511	6	no pH and no temperature
5	bacterial/medium_215_modified_for_dsm_22834.yaml	CultureMech:004414	MEDIUM 215 MODIFIED FOR DSM 22834	6	no pH and no temperature
5	bacterial/medium_215_modified_for_dsm_23150.yaml	CultureMech:004415	MEDIUM 215 MODIFIED FOR DSM 23150	6	no pH and no temperature
5	bacterial/medium_215_modified_for_dsm_25050.yaml	CultureMech:004416	MEDIUM 215 MODIFIED FOR DSM 25050	6	no pH and no temperature
5	bacterial/medium_215_modified_for_dsm_8629.yaml	CultureMech:004417	MEDIUM 215 MODIFIED FOR DSM 8629	6	no pH and no temperature
5	bacterial/medium_232_modified_for_dsm_16982.yaml	CultureMech:004591	MEDIUM 232 MODIFIED FOR DSM 16982	10	no pH and no temperature
5	bacterial/medium_232_modified_for_dsm_17330.yaml	CultureMech:004592	MEDIUM 232 MODIFIED FOR DSM 17330	10	no pH and no temperature
5	bacterial/medium_232_modified_for_dsm_20079.yaml	CultureMech:004593	MEDIUM 232 MODIFIED FOR DSM 20079	10	no pH and no temperature
5	bacterial/medium_232_modified_for_dsm_20243.yaml	CultureMech:004594	MEDIUM 232 MODIFIED FOR DSM 20243	10	no pH and no temperature
5	bacterial/medium_232_modified_for_dsm_20356.yaml	CultureMech:004596	MEDIUM 232 MODIFIED FOR DSM 20356	10	no pH and no temperature
5	bacterial/medium_232_modified_for_dsm_20403.yaml	CultureMech:004597	MEDIUM 232 MODIFIED FOR DSM 20403	10	no pH and no temperature
5	bacterial/medium_232_modified_for_dsm_20404.yaml	CultureMech:004598	MEDIUM 232 MODIFIED FOR DSM 20404	10	no pH and no temperature
5	bacterial/medium_232_modified_for_dsm_20405.yaml	CultureMech:004599	MEDIUM 232 MODIFIED FOR DSM 20405	10	no pH and no temperature
5	bacterial/medium_232_modified_for_dsm_20406.yaml	CultureMech:004600	MEDIUM 232 MODIFIED FOR DSM 20406	10	no pH and no temperature
5	bacterial/medium_232_modified_for_dsm_20653.yaml	CultureMech:004601	MEDIUM 232 MODIFIED FOR DSM 20653	10	no pH and no temperature
5	bacterial/medium_232_modified_for_dsm_20654.yaml	CultureMech:004602	MEDIUM 232 MODIFIED FOR DSM 20654	10	no pH and no temperature
5	bacterial/medium_232_modified_for_dsm_20655.yaml	CultureMech:004603	MEDIUM 232 MODIFIED FOR DSM 20655	10	no pH and no temperature
5	bacterial/medium_232_modified_for_dsm_20656.yaml	CultureMech:004604	MEDIUM 232 MODIFIED FOR DSM 20656	10	no pH and no temperature
5	bacterial/medium_232_modified_for_dsm_6306.yaml	CultureMech:004605	MEDIUM 232 MODIFIED FOR DSM 6306	10	no pH and no temperature
5	bacterial/medium_2_for_sulfurospirillum.yaml	CultureMech:008729	Medium 2 for Sulfurospirillum	38	no pH and no temperature
5	bacterial/medium_311_modified_for_dsm_2767.yaml	CultureMech:004950	MEDIUM 311 MODIFIED FOR DSM 2767	36	no pH and no temperature
5	bacterial/medium_311_modified_for_dsm_5090.yaml	CultureMech:004953	MEDIUM 311 MODIFIED FOR DSM 5090	36	no pH and no temperature
5	bacterial/medium_330_modified_for_dsm_17630.yaml	CultureMech:005023	MEDIUM 330 MODIFIED FOR DSM 17630	28	no pH and no temperature
5	bacterial/medium_339_modified_for_dsm_12679.yaml	CultureMech:005036	MEDIUM 339 MODIFIED FOR DSM 12679	3	no pH and no temperature
5	bacterial/medium_339_modified_for_dsm_12858.yaml	CultureMech:005037	MEDIUM 339 MODIFIED FOR DSM 12858	3	no pH and no temperature
5	bacterial/medium_339_modified_for_dsm_19450.yaml	CultureMech:005038	MEDIUM 339 MODIFIED FOR DSM 19450	3	no pH and no temperature
5	bacterial/medium_339_modified_for_dsm_22006.yaml	CultureMech:005040	MEDIUM 339 MODIFIED FOR DSM 22006	3	no pH and no temperature
5	bacterial/medium_339_modified_for_dsm_5676.yaml	CultureMech:005043	MEDIUM 339 MODIFIED FOR DSM 5676	3	no pH and no temperature
5	bacterial/medium_339_modified_for_dsm_6011.yaml	CultureMech:005044	MEDIUM 339 MODIFIED FOR DSM 6011	3	no pH and no temperature
5	bacterial/medium_339_modified_for_dsm_6400.yaml	CultureMech:005045	MEDIUM 339 MODIFIED FOR DSM 6400	3	no pH and no temperature
5	bacterial/medium_372_modified_for_dsm_18341.yaml	CultureMech:005094	MEDIUM 372 MODIFIED FOR DSM 18341	10	no pH and no temperature
5	bacterial/medium_372_modified_for_dsm_18342.yaml	CultureMech:005095	MEDIUM 372 MODIFIED FOR DSM 18342	10	no pH and no temperature
5	bacterial/medium_372_modified_for_dsm_19336.yaml	CultureMech:005098	MEDIUM 372 MODIFIED FOR DSM 19336	10	no pH and no temperature
5	bacterial/medium_372_modified_for_dsm_21622.yaml	CultureMech:005099	MEDIUM 372 MODIFIED FOR DSM 21622	10	no pH and no temperature
5	bacterial/medium_372_modified_for_dsm_21769.yaml	CultureMech:005100	MEDIUM 372 MODIFIED FOR DSM 21769	10	no pH and no temperature
5	bacterial/medium_372_modified_for_dsm_21771.yaml	CultureMech:005101	MEDIUM 372 MODIFIED FOR DSM 21771	10	no pH and no temperature
5	bacterial/medium_372_modified_for_dsm_23158.yaml	CultureMech:005102	MEDIUM 372 MODIFIED FOR DSM 23158	10	no pH and no temperature
5	bacterial/medium_372_modified_for_dsm_23862.yaml	CultureMech:005103	MEDIUM 372 MODIFIED FOR DSM 23862	10	no pH and no temperature
5	bacterial/medium_383_modified_for_dsm_10141.yaml	CultureMech:005131	MEDIUM 383 MODIFIED FOR DSM 10141	32	no pH and no temperature
5	bacterial/medium_383_modified_for_dsm_10259.yaml	CultureMech:005132	MEDIUM 383 MODIFIED FOR DSM 10259	32	no pH and no temperature
5	bacterial/medium_383_modified_for_dsm_8540.yaml	CultureMech:005150	MEDIUM 383 MODIFIED FOR DSM 8540	32	no pH and no temperature
5	bacterial/medium_383_modified_for_dsm_9755.yaml	CultureMech:005152	MEDIUM 383 MODIFIED FOR DSM 9755	32	no pH and no temperature
5	bacterial/medium_402_modified_for_dsm_11983.yaml	CultureMech:005197	MEDIUM 402 MODIFIED FOR DSM 11983	14	no pH and no temperature
5	bacterial/medium_402_modified_for_dsm_17614.yaml	CultureMech:005202	MEDIUM 402 MODIFIED FOR DSM 17614	14	no pH and no temperature
5	bacterial/medium_412_modified_for_dsm_18806.yaml	CultureMech:005234	MEDIUM 412 MODIFIED FOR DSM 18806	35	no pH and no temperature
5	bacterial/medium_412_modified_for_dsm_23131.yaml	CultureMech:005235	MEDIUM 412 MODIFIED FOR DSM 23131	35	no pH and no temperature
5	bacterial/medium_420_modified_for_dsm_4690.yaml	CultureMech:005244	MEDIUM 420 MODIFIED FOR DSM 4690	14	no pH and no temperature
5	bacterial/medium_429_modified_for_dsm_10000.yaml	CultureMech:005255	MEDIUM 429 MODIFIED FOR DSM 10000	15	no pH and no temperature
5	bacterial/medium_429_modified_for_dsm_11121.yaml	CultureMech:005257	MEDIUM 429 MODIFIED FOR DSM 11121	15	no pH and no temperature
5	bacterial/medium_429_modified_for_dsm_15534.yaml	CultureMech:005259	MEDIUM 429 MODIFIED FOR DSM 15534	15	no pH and no temperature
5	bacterial/medium_429_modified_for_dsm_15746.yaml	CultureMech:005260	MEDIUM 429 MODIFIED FOR DSM 15746	15	no pH and no temperature
5	bacterial/medium_429_modified_for_dsm_17480.yaml	CultureMech:005261	MEDIUM 429 MODIFIED FOR DSM 17480	15	no pH and no temperature
5	bacterial/medium_429_modified_for_dsm_17557.yaml	CultureMech:005262	MEDIUM 429 MODIFIED FOR DSM 17557	15	no pH and no temperature
5	bacterial/medium_429_modified_for_dsm_17739.yaml	CultureMech:005263	MEDIUM 429 MODIFIED FOR DSM 17739	15	no pH and no temperature
5	bacterial/medium_429_modified_for_dsm_19655.yaml	CultureMech:005264	MEDIUM 429 MODIFIED FOR DSM 19655	15	no pH and no temperature
5	bacterial/medium_429_modified_for_dsm_21463.yaml	CultureMech:005265	MEDIUM 429 MODIFIED FOR DSM 21463	15	no pH and no temperature
5	bacterial/medium_429_modified_for_dsm_21768.yaml	CultureMech:005266	MEDIUM 429 MODIFIED FOR DSM 21768	15	no pH and no temperature
5	bacterial/medium_429_modified_for_dsm_25354.yaml	CultureMech:005267	MEDIUM 429 MODIFIED FOR DSM 25354	15	no pH and no temperature
5	bacterial/medium_429b_modified_for_dsm_18554.yaml	CultureMech:005270	MEDIUM 429b MODIFIED FOR DSM 18554	15	no pH and no temperature
5	bacterial/medium_457_modified_for_dsm_10330.yaml	CultureMech:005307	MEDIUM 457 MODIFIED FOR DSM 10330	28	no pH and no temperature
5	bacterial/medium_457_modified_for_dsm_11019.yaml	CultureMech:005308	MEDIUM 457 MODIFIED FOR DSM 11019	28	no pH and no temperature
5	bacterial/medium_457_modified_for_dsm_11097.yaml	CultureMech:005309	MEDIUM 457 MODIFIED FOR DSM 11097	28	no pH and no temperature
5	bacterial/medium_457_modified_for_dsm_11213.yaml	CultureMech:005310	MEDIUM 457 MODIFIED FOR DSM 11213	28	no pH and no temperature
5	bacterial/medium_457_modified_for_dsm_11214.yaml	CultureMech:005311	MEDIUM 457 MODIFIED FOR DSM 11214	28	no pH and no temperature
5	bacterial/medium_457_modified_for_dsm_11215.yaml	CultureMech:005312	MEDIUM 457 MODIFIED FOR DSM 11215	28	no pH and no temperature
5	bacterial/medium_457_modified_for_dsm_11216.yaml	CultureMech:005313	MEDIUM 457 MODIFIED FOR DSM 11216	28	no pH and no temperature
5	bacterial/medium_457_modified_for_dsm_11217.yaml	CultureMech:005314	MEDIUM 457 MODIFIED FOR DSM 11217	28	no pH and no temperature
5	bacterial/medium_457_modified_for_dsm_11218.yaml	CultureMech:005315	MEDIUM 457 MODIFIED FOR DSM 11218	28	no pH and no temperature
5	bacterial/medium_457_modified_for_dsm_11219.yaml	CultureMech:005316	MEDIUM 457 MODIFIED FOR DSM 11219	28	no pH and no temperature
5	bacterial/medium_457_modified_for_dsm_11220.yaml	CultureMech:005317	MEDIUM 457 MODIFIED FOR DSM 11220	28	no pH and no temperature
5	bacterial/medium_457_modified_for_dsm_11345.yaml	CultureMech:005318	MEDIUM 457 MODIFIED FOR DSM 11345	28	no pH and no temperature
5	bacterial/medium_457_modified_for_dsm_11346.yaml	CultureMech:005319	MEDIUM 457 MODIFIED FOR DSM 11346	28	no pH and no temperature
5	bacterial/medium_457_modified_for_dsm_11531.yaml	CultureMech:005320	MEDIUM 457 MODIFIED FOR DSM 11531	28	no pH and no temperature
5	bacterial/medium_457_modified_for_dsm_11532.yaml	CultureMech:005321	MEDIUM 457 MODIFIED FOR DSM 11532	28	no pH and no temperature
5	bacterial/medium_457_modified_for_dsm_11533.yaml	CultureMech:005322	MEDIUM 457 MODIFIED FOR DSM 11533	28	no pH and no temperature
5	bacterial/medium_457_modified_for_dsm_11535.yaml	CultureMech:005323	MEDIUM 457 MODIFIED FOR DSM 11535	28	no pH and no temperature
5	bacterial/medium_457_modified_for_dsm_11562.yaml	CultureMech:005324	MEDIUM 457 MODIFIED FOR DSM 11562	28	no pH and no temperature
5	bacterial/medium_457_modified_for_dsm_11563.yaml	CultureMech:005325	MEDIUM 457 MODIFIED FOR DSM 11563	28	no pH and no temperature
5	bacterial/medium_457_modified_for_dsm_11564.yaml	CultureMech:005326	MEDIUM 457 MODIFIED FOR DSM 11564	28	no pH and no temperature
5	bacterial/medium_457_modified_for_dsm_11565.yaml	CultureMech:005327	MEDIUM 457 MODIFIED FOR DSM 11565	28	no pH and no temperature
5	bacterial/medium_457_modified_for_dsm_11566.yaml	CultureMech:005328	MEDIUM 457 MODIFIED FOR DSM 11566	28	no pH and no temperature
5	bacterial/medium_457_modified_for_dsm_11567.yaml	CultureMech:005329	MEDIUM 457 MODIFIED FOR DSM 11567	28	no pH and no temperature
5	bacterial/medium_457_modified_for_dsm_11568.yaml	CultureMech:005330	MEDIUM 457 MODIFIED FOR DSM 11568	28	no pH and no temperature
5	bacterial/medium_457_modified_for_dsm_11569.yaml	CultureMech:005331	MEDIUM 457 MODIFIED FOR DSM 11569	28	no pH and no temperature
5	bacterial/medium_457_modified_for_dsm_11570.yaml	CultureMech:005332	MEDIUM 457 MODIFIED FOR DSM 11570	28	no pH and no temperature
5	bacterial/medium_457_modified_for_dsm_11591.yaml	CultureMech:005333	MEDIUM 457 MODIFIED FOR DSM 11591	28	no pH and no temperature
5	bacterial/medium_457_modified_for_dsm_11738.yaml	CultureMech:005334	MEDIUM 457 MODIFIED FOR DSM 11738	28	no pH and no temperature
5	bacterial/medium_457_modified_for_dsm_11850.yaml	CultureMech:005335	MEDIUM 457 MODIFIED FOR DSM 11850	28	no pH and no temperature
5	bacterial/medium_457_modified_for_dsm_12401.yaml	CultureMech:005336	MEDIUM 457 MODIFIED FOR DSM 12401	28	no pH and no temperature
5	bacterial/medium_457_modified_for_dsm_12418.yaml	CultureMech:005337	MEDIUM 457 MODIFIED FOR DSM 12418	28	no pH and no temperature
5	bacterial/medium_457_modified_for_dsm_12444.yaml	CultureMech:005338	MEDIUM 457 MODIFIED FOR DSM 12444	28	no pH and no temperature
5	bacterial/medium_457_modified_for_dsm_12445.yaml	CultureMech:005339	MEDIUM 457 MODIFIED FOR DSM 12445	28	no pH and no temperature
5	bacterial/medium_457_modified_for_dsm_12447.yaml	CultureMech:005340	MEDIUM 457 MODIFIED FOR DSM 12447	28	no pH and no temperature
5	bacterial/medium_457_modified_for_dsm_12448.yaml	CultureMech:005341	MEDIUM 457 MODIFIED FOR DSM 12448	28	no pH and no temperature
5	bacterial/medium_457_modified_for_dsm_12586.yaml	CultureMech:005342	MEDIUM 457 MODIFIED FOR DSM 12586	28	no pH and no temperature
5	bacterial/medium_457_modified_for_dsm_12647.yaml	CultureMech:005343	MEDIUM 457 MODIFIED FOR DSM 12647	28	no pH and no temperature
5	bacterial/medium_457_modified_for_dsm_12677.yaml	CultureMech:005344	MEDIUM 457 MODIFIED FOR DSM 12677	28	no pH and no temperature
5	bacterial/medium_457_modified_for_dsm_12734.yaml	CultureMech:005345	MEDIUM 457 MODIFIED FOR DSM 12734	28	no pH and no temperature
5	bacterial/medium_457_modified_for_dsm_12735.yaml	CultureMech:005346	MEDIUM 457 MODIFIED FOR DSM 12735	28	no pH and no temperature
5	bacterial/medium_457_modified_for_dsm_13225.yaml	CultureMech:005347	MEDIUM 457 MODIFIED FOR DSM 13225	28	no pH and no temperature
5	bacterial/medium_457_modified_for_dsm_13337.yaml	CultureMech:005348	MEDIUM 457 MODIFIED FOR DSM 13337	28	no pH and no temperature
5	bacterial/medium_457_modified_for_dsm_13646.yaml	CultureMech:005349	MEDIUM 457 MODIFIED FOR DSM 13646	28	no pH and no temperature
5	bacterial/medium_457_modified_for_dsm_14157.yaml	CultureMech:005350	MEDIUM 457 MODIFIED FOR DSM 14157	28	no pH and no temperature
5	bacterial/medium_457_modified_for_dsm_14291.yaml	CultureMech:005351	MEDIUM 457 MODIFIED FOR DSM 14291	28	no pH and no temperature
5	bacterial/medium_457_modified_for_dsm_14292.yaml	CultureMech:005352	MEDIUM 457 MODIFIED FOR DSM 14292	28	no pH and no temperature
5	bacterial/medium_457_modified_for_dsm_14576.yaml	CultureMech:005353	MEDIUM 457 MODIFIED FOR DSM 14576	28	no pH and no temperature
5	bacterial/medium_457_modified_for_dsm_14677.yaml	CultureMech:005354	MEDIUM 457 MODIFIED FOR DSM 14677	28	no pH and no temperature
5	bacterial/medium_457_modified_for_dsm_15090.yaml	CultureMech:005355	MEDIUM 457 MODIFIED FOR DSM 15090	28	no pH and no temperature
5	bacterial/medium_457_modified_for_dsm_15091.yaml	CultureMech:005356	MEDIUM 457 MODIFIED FOR DSM 15091	28	no pH and no temperature
5	bacterial/medium_457_modified_for_dsm_15418.yaml	CultureMech:005357	MEDIUM 457 MODIFIED FOR DSM 15418	28	no pH and no temperature
5	bacterial/medium_457_modified_for_dsm_16272.yaml	CultureMech:005358	MEDIUM 457 MODIFIED FOR DSM 16272	28	no pH and no temperature
5	bacterial/medium_457_modified_for_dsm_16273.yaml	CultureMech:005359	MEDIUM 457 MODIFIED FOR DSM 16273	28	no pH and no temperature
5	bacterial/medium_457_modified_for_dsm_16274.yaml	CultureMech:005360	MEDIUM 457 MODIFIED FOR DSM 16274	28	no pH and no temperature
5	bacterial/medium_457_modified_for_dsm_16482.yaml	CultureMech:005361	MEDIUM 457 MODIFIED FOR DSM 16482	28	no pH and no temperature
5	bacterial/medium_457_modified_for_dsm_16503.yaml	CultureMech:005362	MEDIUM 457 MODIFIED FOR DSM 16503	28	no pH and no temperature
5	bacterial/medium_457_modified_for_dsm_16638.yaml	CultureMech:005363	MEDIUM 457 MODIFIED FOR DSM 16638	28	no pH and no temperature
5	bacterial/medium_457_modified_for_dsm_17164.yaml	CultureMech:005364	MEDIUM 457 MODIFIED FOR DSM 17164	28	no pH and no temperature
5	bacterial/medium_457_modified_for_dsm_17367.yaml	CultureMech:005365	MEDIUM 457 MODIFIED FOR DSM 17367	28	no pH and no temperature
5	bacterial/medium_457_modified_for_dsm_17668.yaml	CultureMech:005366	MEDIUM 457 MODIFIED FOR DSM 17668	28	no pH and no temperature
5	bacterial/medium_457_modified_for_dsm_17773.yaml	CultureMech:005367	MEDIUM 457 MODIFIED FOR DSM 17773	28	no pH and no temperature
5	bacterial/medium_457_modified_for_dsm_21786.yaml	CultureMech:005368	MEDIUM 457 MODIFIED FOR DSM 21786	28	no pH and no temperature
5	bacterial/medium_457_modified_for_dsm_22800.yaml	CultureMech:005369	MEDIUM 457 MODIFIED FOR DSM 22800	28	no pH and no temperature
5	bacterial/medium_457_modified_for_dsm_22895.yaml	CultureMech:005370	MEDIUM 457 MODIFIED FOR DSM 22895	28	no pH and no temperature
5	bacterial/medium_457_modified_for_dsm_22896.yaml	CultureMech:005371	MEDIUM 457 MODIFIED FOR DSM 22896	28	no pH and no temperature
5	bacterial/medium_457_modified_for_dsm_22897.yaml	CultureMech:005372	MEDIUM 457 MODIFIED FOR DSM 22897	28	no pH and no temperature
5	bacterial/medium_457_modified_for_dsm_22944.yaml	CultureMech:005373	MEDIUM 457 MODIFIED FOR DSM 22944	28	no pH and no temperature
5	bacterial/medium_457_modified_for_dsm_3226.yaml	CultureMech:005374	MEDIUM 457 MODIFIED FOR DSM 3226	28	no pH and no temperature
5	bacterial/medium_457_modified_for_dsm_6014.yaml	CultureMech:005375	MEDIUM 457 MODIFIED FOR DSM 6014	28	no pH and no temperature
5	bacterial/medium_457_modified_for_dsm_6263.yaml	CultureMech:005376	MEDIUM 457 MODIFIED FOR DSM 6263	28	no pH and no temperature
5	bacterial/medium_457_modified_for_dsm_6264.yaml	CultureMech:005377	MEDIUM 457 MODIFIED FOR DSM 6264	28	no pH and no temperature
5	bacterial/medium_457_modified_for_dsm_6279.yaml	CultureMech:005378	MEDIUM 457 MODIFIED FOR DSM 6279	28	no pH and no temperature
5	bacterial/medium_457_modified_for_dsm_6290.yaml	CultureMech:005379	MEDIUM 457 MODIFIED FOR DSM 6290	28	no pH and no temperature
5	bacterial/medium_457_modified_for_dsm_6308.yaml	CultureMech:005380	MEDIUM 457 MODIFIED FOR DSM 6308	28	no pH and no temperature
5	bacterial/medium_457_modified_for_dsm_6343.yaml	CultureMech:005382	MEDIUM 457 MODIFIED FOR DSM 6343	28	no pH and no temperature
5	bacterial/medium_457_modified_for_dsm_6343_replace_dichloromethane_with_methanol.yaml	CultureMech:005381	MEDIUM 457 MODIFIED FOR DSM 6343_replace_dichloromethane_with_methanol	28	no pH and no temperature
5	bacterial/medium_457_modified_for_dsm_6363.yaml	CultureMech:005383	MEDIUM 457 MODIFIED FOR DSM 6363	28	no pH and no temperature
5	bacterial/medium_457_modified_for_dsm_6377.yaml	CultureMech:005384	MEDIUM 457 MODIFIED FOR DSM 6377	28	no pH and no temperature
5	bacterial/medium_457_modified_for_dsm_6385.yaml	CultureMech:005385	MEDIUM 457 MODIFIED FOR DSM 6385	28	no pH and no temperature
5	bacterial/medium_457_modified_for_dsm_6390.yaml	CultureMech:005386	MEDIUM 457 MODIFIED FOR DSM 6390	28	no pH and no temperature
5	bacterial/medium_457_modified_for_dsm_6391.yaml	CultureMech:005387	MEDIUM 457 MODIFIED FOR DSM 6391	28	no pH and no temperature
5	bacterial/medium_457_modified_for_dsm_6410.yaml	CultureMech:005388	MEDIUM 457 MODIFIED FOR DSM 6410	28	no pH and no temperature
5	bacterial/medium_457_modified_for_dsm_6411.yaml	CultureMech:005389	MEDIUM 457 MODIFIED FOR DSM 6411	28	no pH and no temperature
5	bacterial/medium_457_modified_for_dsm_6413.yaml	CultureMech:005390	MEDIUM 457 MODIFIED FOR DSM 6413	28	no pH and no temperature
5	bacterial/medium_457_modified_for_dsm_6506.yaml	CultureMech:005391	MEDIUM 457 MODIFIED FOR DSM 6506	28	no pH and no temperature
5	bacterial/medium_457_modified_for_dsm_6521.yaml	CultureMech:005392	MEDIUM 457 MODIFIED FOR DSM 6521	28	no pH and no temperature
5	bacterial/medium_457_modified_for_dsm_6538.yaml	CultureMech:005393	MEDIUM 457 MODIFIED FOR DSM 6538	28	no pH and no temperature
5	bacterial/medium_457_modified_for_dsm_6607.yaml	CultureMech:005394	MEDIUM 457 MODIFIED FOR DSM 6607	28	no pH and no temperature
5	bacterial/medium_457_modified_for_dsm_6608.yaml	CultureMech:005395	MEDIUM 457 MODIFIED FOR DSM 6608	28	no pH and no temperature
5	bacterial/medium_457_modified_for_dsm_6609.yaml	CultureMech:005396	MEDIUM 457 MODIFIED FOR DSM 6609	28	no pH and no temperature
5	bacterial/medium_457_modified_for_dsm_6610.yaml	CultureMech:005398	MEDIUM 457 MODIFIED FOR DSM 6610	28	no pH and no temperature
5	bacterial/medium_457_modified_for_dsm_6610_replace_4_hydroxy_benzoate_with_4_fluorobenzoate.yaml	CultureMech:005397	MEDIUM 457 MODIFIED FOR DSM 6610_replace_4-hydroxy-benzoate_with_4-fluorobenzoate	28	no pH and no temperature
5	bacterial/medium_457_modified_for_dsm_6611.yaml	CultureMech:005400	MEDIUM 457 MODIFIED FOR DSM 6611	28	no pH and no temperature
5	bacterial/medium_457_modified_for_dsm_6611_replace_4_hydroxy_benzoate_with_4_fluorobenzoate.yaml	CultureMech:005399	MEDIUM 457 MODIFIED FOR DSM 6611_replace_4-hydroxy-benzoate_with_4-fluorobenzoate	28	no pH and no temperature
5	bacterial/medium_457_modified_for_dsm_6612.yaml	CultureMech:005401	MEDIUM 457 MODIFIED FOR DSM 6612	28	no pH and no temperature
5	bacterial/medium_457_modified_for_dsm_6613.yaml	CultureMech:005402	MEDIUM 457 MODIFIED FOR DSM 6613	28	no pH and no temperature
5	bacterial/medium_457_modified_for_dsm_6695.yaml	CultureMech:005403	MEDIUM 457 MODIFIED FOR DSM 6695	28	no pH and no temperature
5	bacterial/medium_457_modified_for_dsm_6696.yaml	CultureMech:005404	MEDIUM 457 MODIFIED FOR DSM 6696	28	no pH and no temperature
5	bacterial/medium_457_modified_for_dsm_6697.yaml	CultureMech:005405	MEDIUM 457 MODIFIED FOR DSM 6697	28	no pH and no temperature
5	bacterial/medium_457_modified_for_dsm_6706.yaml	CultureMech:005406	MEDIUM 457 MODIFIED FOR DSM 6706	28	no pH and no temperature
5	bacterial/medium_457_modified_for_dsm_6753.yaml	CultureMech:005407	MEDIUM 457 MODIFIED FOR DSM 6753	28	no pH and no temperature
5	bacterial/medium_457_modified_for_dsm_6818.yaml	CultureMech:005411	MEDIUM 457 MODIFIED FOR DSM 6818	28	no pH and no temperature
5	bacterial/medium_457_modified_for_dsm_6837.yaml	CultureMech:005412	MEDIUM 457 MODIFIED FOR DSM 6837	28	no pH and no temperature
5	bacterial/medium_457_modified_for_dsm_6838.yaml	CultureMech:005413	MEDIUM 457 MODIFIED FOR DSM 6838	28	no pH and no temperature
5	bacterial/medium_457_modified_for_dsm_6899.yaml	CultureMech:005414	MEDIUM 457 MODIFIED FOR DSM 6899	28	no pH and no temperature
5	bacterial/medium_457_modified_for_dsm_6900.yaml	CultureMech:005416	MEDIUM 457 MODIFIED FOR DSM 6900	28	no pH and no temperature
5	bacterial/medium_457_modified_for_dsm_6900_replace_naphthalene_with_3_xylene.yaml	CultureMech:005415	MEDIUM 457 MODIFIED FOR DSM 6900_replace_naphthalene_with_3-xylene	28	no pH and no temperature
5	bacterial/medium_457_modified_for_dsm_6978.yaml	CultureMech:005417	MEDIUM 457 MODIFIED FOR DSM 6978	28	no pH and no temperature
5	bacterial/medium_457_modified_for_dsm_7098.yaml	CultureMech:005418	MEDIUM 457 MODIFIED FOR DSM 7098	28	no pH and no temperature
5	bacterial/medium_457_modified_for_dsm_7116.yaml	CultureMech:005419	MEDIUM 457 MODIFIED FOR DSM 7116	28	no pH and no temperature
5	bacterial/medium_457_modified_for_dsm_7122.yaml	CultureMech:005420	MEDIUM 457 MODIFIED FOR DSM 7122	28	no pH and no temperature
5	bacterial/medium_457_modified_for_dsm_7135.yaml	CultureMech:005421	MEDIUM 457 MODIFIED FOR DSM 7135	28	no pH and no temperature
5	bacterial/medium_457_modified_for_dsm_7162.yaml	CultureMech:005422	MEDIUM 457 MODIFIED FOR DSM 7162	28	no pH and no temperature
5	bacterial/medium_457_modified_for_dsm_7189.yaml	CultureMech:005423	MEDIUM 457 MODIFIED FOR DSM 7189	28	no pH and no temperature
5	bacterial/medium_457_modified_for_dsm_7300.yaml	CultureMech:005424	MEDIUM 457 MODIFIED FOR DSM 7300	28	no pH and no temperature
5	bacterial/medium_457_modified_for_dsm_7324.yaml	CultureMech:005425	MEDIUM 457 MODIFIED FOR DSM 7324	28	no pH and no temperature
5	bacterial/medium_457_modified_for_dsm_7325.yaml	CultureMech:005426	MEDIUM 457 MODIFIED FOR DSM 7325	28	no pH and no temperature
5	bacterial/medium_457_modified_for_dsm_7355.yaml	CultureMech:005428	MEDIUM 457 MODIFIED FOR DSM 7355	28	no pH and no temperature
5	bacterial/medium_457_modified_for_dsm_7390.yaml	CultureMech:005429	MEDIUM 457 MODIFIED FOR DSM 7390	28	no pH and no temperature
5	bacterial/medium_457_modified_for_dsm_7511.yaml	CultureMech:005430	MEDIUM 457 MODIFIED FOR DSM 7511	28	no pH and no temperature
5	bacterial/medium_457_modified_for_dsm_7512.yaml	CultureMech:005431	MEDIUM 457 MODIFIED FOR DSM 7512	28	no pH and no temperature
5	bacterial/medium_457_modified_for_dsm_7516.yaml	CultureMech:005433	MEDIUM 457 MODIFIED FOR DSM 7516	28	no pH and no temperature
5	bacterial/medium_457_modified_for_dsm_7516_replace_chloroacetate_with_fluoroacetate.yaml	CultureMech:005432	MEDIUM 457 MODIFIED FOR DSM 7516_replace_chloroacetate_with_fluoroacetate	28	no pH and no temperature
5	bacterial/medium_457_modified_for_dsm_8219.yaml	CultureMech:005434	MEDIUM 457 MODIFIED FOR DSM 8219	28	no pH and no temperature
5	bacterial/medium_457_modified_for_dsm_8341.yaml	CultureMech:005435	MEDIUM 457 MODIFIED FOR DSM 8341	28	no pH and no temperature
5	bacterial/medium_457_modified_for_dsm_8368.yaml	CultureMech:005436	MEDIUM 457 MODIFIED FOR DSM 8368	28	no pH and no temperature
5	bacterial/medium_457_modified_for_dsm_8369.yaml	CultureMech:005437	MEDIUM 457 MODIFIED FOR DSM 8369	28	no pH and no temperature
5	bacterial/medium_457_modified_for_dsm_8370.yaml	CultureMech:005438	MEDIUM 457 MODIFIED FOR DSM 8370	28	no pH and no temperature
5	bacterial/medium_457_modified_for_dsm_8424.yaml	CultureMech:005439	MEDIUM 457 MODIFIED FOR DSM 8424	28	no pH and no temperature
5	bacterial/medium_457_modified_for_dsm_8425.yaml	CultureMech:005440	MEDIUM 457 MODIFIED FOR DSM 8425	28	no pH and no temperature
5	bacterial/medium_457_modified_for_dsm_8530.yaml	CultureMech:005441	MEDIUM 457 MODIFIED FOR DSM 8530	28	no pH and no temperature
5	bacterial/medium_457_modified_for_dsm_8531.yaml	CultureMech:005442	MEDIUM 457 MODIFIED FOR DSM 8531	28	no pH and no temperature
5	bacterial/medium_457_modified_for_dsm_8542.yaml	CultureMech:005443	MEDIUM 457 MODIFIED FOR DSM 8542	28	no pH and no temperature
5	bacterial/medium_457_modified_for_dsm_8543.yaml	CultureMech:005444	MEDIUM 457 MODIFIED FOR DSM 8543	28	no pH and no temperature
5	bacterial/medium_457_modified_for_dsm_8544.yaml	CultureMech:005445	MEDIUM 457 MODIFIED FOR DSM 8544	28	no pH and no temperature
5	bacterial/medium_457_modified_for_dsm_8566.yaml	CultureMech:005446	MEDIUM 457 MODIFIED FOR DSM 8566	28	no pH and no temperature
5	bacterial/medium_457_modified_for_dsm_8628.yaml	CultureMech:005447	MEDIUM 457 MODIFIED FOR DSM 8628	28	no pH and no temperature
5	bacterial/medium_457_modified_for_dsm_8910.yaml	CultureMech:005448	MEDIUM 457 MODIFIED FOR DSM 8910	28	no pH and no temperature
5	bacterial/medium_457_modified_for_dsm_8924.yaml	CultureMech:005449	MEDIUM 457 MODIFIED FOR DSM 8924	28	no pH and no temperature
5	bacterial/medium_457_modified_for_dsm_9000.yaml	CultureMech:005450	MEDIUM 457 MODIFIED FOR DSM 9000	28	no pH and no temperature
5	bacterial/medium_457_modified_for_dsm_9750.yaml	CultureMech:005451	MEDIUM 457 MODIFIED FOR DSM 9750	28	no pH and no temperature
5	bacterial/medium_457_modified_for_dsm_9751.yaml	CultureMech:005452	MEDIUM 457 MODIFIED FOR DSM 9751	28	no pH and no temperature
5	bacterial/medium_457_modified_for_dsm_9958.yaml	CultureMech:005453	MEDIUM 457 MODIFIED FOR DSM 9958	28	no pH and no temperature
5	bacterial/medium_457_modified_for_dsm_9959.yaml	CultureMech:005454	MEDIUM 457 MODIFIED FOR DSM 9959	28	no pH and no temperature
5	bacterial/medium_461_modified_for_dsm_11853.yaml	CultureMech:005468	MEDIUM 461 MODIFIED FOR DSM 11853	9	no pH and no temperature
5	bacterial/medium_461_modified_for_dsm_11853_replace_2_4_dichlorophenol_with_2_6_dichlorophenol.yaml	CultureMech:005467	MEDIUM 461 MODIFIED FOR DSM 11853_replace_2,4-dichlorophenol_with_2,6-dichlorophenol	9	no pH and no temperature
5	bacterial/medium_461_modified_for_dsm_13477.yaml	CultureMech:005469	MEDIUM 461 MODIFIED FOR DSM 13477	9	no pH and no temperature
5	bacterial/medium_461_modified_for_dsm_14262.yaml	CultureMech:005470	MEDIUM 461 MODIFIED FOR DSM 14262	9	no pH and no temperature
5	bacterial/medium_461_modified_for_dsm_16637.yaml	CultureMech:005471	MEDIUM 461 MODIFIED FOR DSM 16637	9	no pH and no temperature
5	bacterial/medium_461_modified_for_dsm_6284.yaml	CultureMech:005472	MEDIUM 461 MODIFIED FOR DSM 6284	9	no pH and no temperature
5	bacterial/medium_461_modified_for_dsm_6384.yaml	CultureMech:005473	MEDIUM 461 MODIFIED FOR DSM 6384	9	no pH and no temperature
5	bacterial/medium_461_modified_for_dsm_6387.yaml	CultureMech:005474	MEDIUM 461 MODIFIED FOR DSM 6387	9	no pH and no temperature
5	bacterial/medium_461_modified_for_dsm_6388.yaml	CultureMech:005475	MEDIUM 461 MODIFIED FOR DSM 6388	9	no pH and no temperature
5	bacterial/medium_461_modified_for_dsm_6392.yaml	CultureMech:005476	MEDIUM 461 MODIFIED FOR DSM 6392	9	no pH and no temperature
5	bacterial/medium_461_modified_for_dsm_9506.yaml	CultureMech:005479	MEDIUM 461 MODIFIED FOR DSM 9506	9	no pH and no temperature
5	bacterial/medium_465_modified_for_dsm_10063.yaml	CultureMech:005521	MEDIUM 465 MODIFIED FOR DSM 10063	35	no pH and no temperature
5	bacterial/medium_465_modified_for_dsm_10064.yaml	CultureMech:005522	MEDIUM 465 MODIFIED FOR DSM 10064	35	no pH and no temperature
5	bacterial/medium_465_modified_for_dsm_10065.yaml	CultureMech:005523	MEDIUM 465 MODIFIED FOR DSM 10065	35	no pH and no temperature
5	bacterial/medium_465_modified_for_dsm_10066.yaml	CultureMech:005524	MEDIUM 465 MODIFIED FOR DSM 10066	35	no pH and no temperature
5	bacterial/medium_465_modified_for_dsm_10698.yaml	CultureMech:005525	MEDIUM 465 MODIFIED FOR DSM 10698	35	no pH and no temperature
5	bacterial/medium_465_modified_for_dsm_10699.yaml	CultureMech:005526	MEDIUM 465 MODIFIED FOR DSM 10699	35	no pH and no temperature
5	bacterial/medium_465_modified_for_dsm_10700.yaml	CultureMech:005527	MEDIUM 465 MODIFIED FOR DSM 10700	35	no pH and no temperature
5	bacterial/medium_465_modified_for_dsm_11098.yaml	CultureMech:005528	MEDIUM 465 MODIFIED FOR DSM 11098	35	no pH and no temperature
5	bacterial/medium_465_modified_for_dsm_11199.yaml	CultureMech:005529	MEDIUM 465 MODIFIED FOR DSM 11199	35	no pH and no temperature
5	bacterial/medium_465_modified_for_dsm_11414.yaml	CultureMech:005530	MEDIUM 465 MODIFIED FOR DSM 11414	35	no pH and no temperature
5	bacterial/medium_465_modified_for_dsm_11437.yaml	CultureMech:005531	MEDIUM 465 MODIFIED FOR DSM 11437	35	no pH and no temperature
5	bacterial/medium_465_modified_for_dsm_12578.yaml	CultureMech:005532	MEDIUM 465 MODIFIED FOR DSM 12578	35	no pH and no temperature
5	bacterial/medium_465_modified_for_dsm_12579.yaml	CultureMech:005533	MEDIUM 465 MODIFIED FOR DSM 12579	35	no pH and no temperature
5	bacterial/medium_465_modified_for_dsm_12584.yaml	CultureMech:005534	MEDIUM 465 MODIFIED FOR DSM 12584	35	no pH and no temperature
5	bacterial/medium_465_modified_for_dsm_12585.yaml	CultureMech:005535	MEDIUM 465 MODIFIED FOR DSM 12585	35	no pH and no temperature
5	bacterial/medium_465_modified_for_dsm_12678.yaml	CultureMech:005536	MEDIUM 465 MODIFIED FOR DSM 12678	35	no pH and no temperature
5	bacterial/medium_465_modified_for_dsm_12775.yaml	CultureMech:005537	MEDIUM 465 MODIFIED FOR DSM 12775	35	no pH and no temperature
5	bacterial/medium_465_modified_for_dsm_12877.yaml	CultureMech:005538	MEDIUM 465 MODIFIED FOR DSM 12877	35	no pH and no temperature
5	bacterial/medium_465_modified_for_dsm_13640.yaml	CultureMech:005540	MEDIUM 465 MODIFIED FOR DSM 13640	35	no pH and no temperature
5	bacterial/medium_465_modified_for_dsm_13640_replace_taurine_with_ethanedisulfonate.yaml	CultureMech:005539	MEDIUM 465 MODIFIED FOR DSM 13640_replace_taurine_with_ethanedisulfonate	35	no pH and no temperature
5	bacterial/medium_465_modified_for_dsm_14773.yaml	CultureMech:005541	MEDIUM 465 MODIFIED FOR DSM 14773	35	no pH and no temperature
5	bacterial/medium_465_modified_for_dsm_16812.yaml	CultureMech:005542	MEDIUM 465 MODIFIED FOR DSM 16812	35	no pH and no temperature
5	bacterial/medium_465_modified_for_dsm_16843.yaml	CultureMech:005543	MEDIUM 465 MODIFIED FOR DSM 16843	35	no pH and no temperature
5	bacterial/medium_465_modified_for_dsm_16845.yaml	CultureMech:005544	MEDIUM 465 MODIFIED FOR DSM 16845	35	no pH and no temperature
5	bacterial/medium_465_modified_for_dsm_16851.yaml	CultureMech:005545	MEDIUM 465 MODIFIED FOR DSM 16851	35	no pH and no temperature
5	bacterial/medium_465_modified_for_dsm_16962.yaml	CultureMech:005546	MEDIUM 465 MODIFIED FOR DSM 16962	35	no pH and no temperature
5	bacterial/medium_465_modified_for_dsm_16963.yaml	CultureMech:005547	MEDIUM 465 MODIFIED FOR DSM 16963	35	no pH and no temperature
5	bacterial/medium_465_modified_for_dsm_16964.yaml	CultureMech:005548	MEDIUM 465 MODIFIED FOR DSM 16964	35	no pH and no temperature
5	bacterial/medium_465_modified_for_dsm_17507.yaml	CultureMech:005549	MEDIUM 465 MODIFIED FOR DSM 17507	35	no pH and no temperature
5	bacterial/medium_465_modified_for_dsm_17540.yaml	CultureMech:005550	MEDIUM 465 MODIFIED FOR DSM 17540	35	no pH and no temperature
5	bacterial/medium_465_modified_for_dsm_17854.yaml	CultureMech:005551	MEDIUM 465 MODIFIED FOR DSM 17854	35	no pH and no temperature
5	bacterial/medium_465_modified_for_dsm_18361.yaml	CultureMech:005552	MEDIUM 465 MODIFIED FOR DSM 18361	35	no pH and no temperature
5	bacterial/medium_465_modified_for_dsm_19529.yaml	CultureMech:005553	MEDIUM 465 MODIFIED FOR DSM 19529	35	no pH and no temperature
5	bacterial/medium_465_modified_for_dsm_19550.yaml	CultureMech:005554	MEDIUM 465 MODIFIED FOR DSM 19550	35	no pH and no temperature
5	bacterial/medium_465_modified_for_dsm_6383.yaml	CultureMech:005555	MEDIUM 465 MODIFIED FOR DSM 6383	35	no pH and no temperature
5	bacterial/medium_465_modified_for_dsm_6428.yaml	CultureMech:005557	MEDIUM 465 MODIFIED FOR DSM 6428	35	no pH and no temperature
5	bacterial/medium_465_modified_for_dsm_6428_replace_phenol_with_2_4_6_trichlorophenol.yaml	CultureMech:005556	MEDIUM 465 MODIFIED FOR DSM 6428_replace_phenol_with_2,4,6-trichlorophenol	35	no pH and no temperature
5	bacterial/medium_465_modified_for_dsm_6431.yaml	CultureMech:005558	MEDIUM 465 MODIFIED FOR DSM 6431	35	no pH and no temperature
5	bacterial/medium_465_modified_for_dsm_6432.yaml	CultureMech:005559	MEDIUM 465 MODIFIED FOR DSM 6432	35	no pH and no temperature
5	bacterial/medium_465_modified_for_dsm_6434.yaml	CultureMech:005560	MEDIUM 465 MODIFIED FOR DSM 6434	35	no pH and no temperature
5	bacterial/medium_465_modified_for_dsm_6577.yaml	CultureMech:005561	MEDIUM 465 MODIFIED FOR DSM 6577	35	no pH and no temperature
5	bacterial/medium_465_modified_for_dsm_6708.yaml	CultureMech:005562	MEDIUM 465 MODIFIED FOR DSM 6708	35	no pH and no temperature
5	bacterial/medium_465_modified_for_dsm_6985.yaml	CultureMech:005563	MEDIUM 465 MODIFIED FOR DSM 6985	35	no pH and no temperature
5	bacterial/medium_465_modified_for_dsm_6986.yaml	CultureMech:005564	MEDIUM 465 MODIFIED FOR DSM 6986	35	no pH and no temperature
5	bacterial/medium_465_modified_for_dsm_7005.yaml	CultureMech:005565	MEDIUM 465 MODIFIED FOR DSM 7005	35	no pH and no temperature
5	bacterial/medium_465b_modified_for_dsm_6824.yaml	CultureMech:005568	MEDIUM 465b MODIFIED FOR DSM 6824	35	no pH and no temperature
5	bacterial/medium_473_modified_for_dsm_6780.yaml	CultureMech:005587	MEDIUM 473 MODIFIED FOR DSM 6780	23	no pH and no temperature
5	bacterial/medium_496_modified_for_dsm_11498.yaml	CultureMech:005625	MEDIUM 496 MODIFIED FOR DSM 11498	33	no pH and no temperature
5	bacterial/medium_500_modified_for_dsm_10612.yaml	CultureMech:005634	MEDIUM 500 MODIFIED FOR DSM 10612	35	no pH and no temperature
5	bacterial/medium_503_modified_for_dsm_11045.yaml	CultureMech:005658	MEDIUM 503 MODIFIED FOR DSM 11045	29	no pH and no temperature
5	bacterial/medium_503_modified_for_dsm_11480.yaml	CultureMech:005659	MEDIUM 503 MODIFIED FOR DSM 11480	29	no pH and no temperature
5	bacterial/medium_503_modified_for_dsm_11493.yaml	CultureMech:005660	MEDIUM 503 MODIFIED FOR DSM 11493	29	no pH and no temperature
5	bacterial/medium_503_modified_for_dsm_12018.yaml	CultureMech:005662	MEDIUM 503 MODIFIED FOR DSM 12018	29	no pH and no temperature
5	bacterial/medium_503b_modified_for_dsm_14691.yaml	CultureMech:005680	MEDIUM 503b MODIFIED FOR DSM 14691	29	no pH and no temperature
5	bacterial/medium_503b_modified_for_dsm_14692.yaml	CultureMech:005681	MEDIUM 503b MODIFIED FOR DSM 14692	29	no pH and no temperature
5	bacterial/medium_516_modified_for_dsm_9003.yaml	CultureMech:005873	MEDIUM 516 MODIFIED FOR DSM 9003	29	no pH and no temperature
5	bacterial/medium_531_modified_for_dsm_1314.yaml	CultureMech:005898	MEDIUM 531 MODIFIED FOR DSM 1314	7	no pH and no temperature
5	bacterial/medium_531_modified_for_dsm_4332.yaml	CultureMech:005899	MEDIUM 531 MODIFIED FOR DSM 4332	7	no pH and no temperature
5	bacterial/medium_531_modified_for_dsm_4333.yaml	CultureMech:005900	MEDIUM 531 MODIFIED FOR DSM 4333	7	no pH and no temperature
5	bacterial/medium_531_modified_for_dsm_4334.yaml	CultureMech:005901	MEDIUM 531 MODIFIED FOR DSM 4334	7	no pH and no temperature
5	bacterial/medium_531_modified_for_dsm_4335.yaml	CultureMech:005902	MEDIUM 531 MODIFIED FOR DSM 4335	7	no pH and no temperature
5	bacterial/medium_531_modified_for_dsm_6800.yaml	CultureMech:005903	MEDIUM 531 MODIFIED FOR DSM 6800	7	no pH and no temperature
5	bacterial/medium_531_modified_for_dsm_6801.yaml	CultureMech:005904	MEDIUM 531 MODIFIED FOR DSM 6801	7	no pH and no temperature
5	bacterial/medium_531_modified_for_dsm_6802.yaml	CultureMech:005905	MEDIUM 531 MODIFIED FOR DSM 6802	7	no pH and no temperature
5	bacterial/medium_531_modified_for_dsm_6803.yaml	CultureMech:005906	MEDIUM 531 MODIFIED FOR DSM 6803	7	no pH and no temperature
5	bacterial/medium_531_modified_for_dsm_6804.yaml	CultureMech:005907	MEDIUM 531 MODIFIED FOR DSM 6804	7	no pH and no temperature
5	bacterial/medium_531_modified_for_dsm_6805.yaml	CultureMech:005908	MEDIUM 531 MODIFIED FOR DSM 6805	7	no pH and no temperature
5	bacterial/medium_53_modified_for_dsm_16375.yaml	CultureMech:005894	MEDIUM 53 MODIFIED FOR DSM 16375	5	no pH and no temperature
5	bacterial/medium_53_modified_for_dsm_16377.yaml	CultureMech:005895	MEDIUM 53 MODIFIED FOR DSM 16377	5	no pH and no temperature
5	bacterial/medium_53_modified_for_dsm_16378.yaml	CultureMech:005896	MEDIUM 53 MODIFIED FOR DSM 16378	5	no pH and no temperature
5	bacterial/medium_549_modified_for_dsm_25790.yaml	CultureMech:005994	MEDIUM 549 MODIFIED FOR DSM 25790	9	no pH and no temperature
5	bacterial/medium_549_modified_for_dsm_44640.yaml	CultureMech:005995	MEDIUM 549 MODIFIED FOR DSM 44640	9	no pH and no temperature
5	bacterial/medium_587_modified_for_dsm_7250.yaml	CultureMech:006065	MEDIUM 587 MODIFIED FOR DSM 7250	5	no pH and no temperature
5	bacterial/medium_636_modified_for_dsm_14598.yaml	CultureMech:006152	MEDIUM 636 MODIFIED FOR DSM 14598	5	no pH and no temperature
5	bacterial/medium_636_modified_for_dsm_18447.yaml	CultureMech:006153	MEDIUM 636 MODIFIED FOR DSM 18447	5	no pH and no temperature
5	bacterial/medium_636_modified_for_dsm_45264.yaml	CultureMech:006154	MEDIUM 636 MODIFIED FOR DSM 45264	5	no pH and no temperature
5	bacterial/medium_63_modified_for_dsm_12838.yaml	CultureMech:006136	MEDIUM 63 MODIFIED FOR DSM 12838	12	no pH and no temperature
5	bacterial/medium_641_modified_for_dsm_10349.yaml	CultureMech:006175	MEDIUM 641 MODIFIED FOR DSM 10349	33	no pH and no temperature
5	bacterial/medium_641_modified_for_dsm_13257.yaml	CultureMech:006176	MEDIUM 641 MODIFIED FOR DSM 13257	33	no pH and no temperature
5	bacterial/medium_641_modified_for_dsm_16056.yaml	CultureMech:006177	MEDIUM 641 MODIFIED FOR DSM 16056	33	no pH and no temperature
5	bacterial/medium_645_modified_for_dsm_44338.yaml	CultureMech:006185	MEDIUM 645 MODIFIED FOR DSM 44338	23	no pH and no temperature
5	bacterial/medium_645_modified_for_dsm_44339.yaml	CultureMech:006186	MEDIUM 645 MODIFIED FOR DSM 44339	23	no pH and no temperature
5	bacterial/medium_645_modified_for_dsm_44482.yaml	CultureMech:006187	MEDIUM 645 MODIFIED FOR DSM 44482	23	no pH and no temperature
5	bacterial/medium_645_modified_for_dsm_44483.yaml	CultureMech:006188	MEDIUM 645 MODIFIED FOR DSM 44483	23	no pH and no temperature
5	bacterial/medium_645_modified_for_dsm_44680.yaml	CultureMech:006189	MEDIUM 645 MODIFIED FOR DSM 44680	23	no pH and no temperature
5	bacterial/medium_661_modified_for_dsm_8590.yaml	CultureMech:006239	MEDIUM 661 MODIFIED FOR DSM 8590	8	no pH and no temperature
5	bacterial/medium_661_modified_for_dsm_8591.yaml	CultureMech:006240	MEDIUM 661 MODIFIED FOR DSM 8591	8	no pH and no temperature
5	bacterial/medium_666_modified_for_dsm_10503.yaml	CultureMech:006249	MEDIUM 666 MODIFIED FOR DSM 10503	12	no pH and no temperature
5	bacterial/medium_666_modified_for_dsm_10504.yaml	CultureMech:006250	MEDIUM 666 MODIFIED FOR DSM 10504	12	no pH and no temperature
5	bacterial/medium_666_modified_for_dsm_10505.yaml	CultureMech:006251	MEDIUM 666 MODIFIED FOR DSM 10505	12	no pH and no temperature
5	bacterial/medium_666_modified_for_dsm_11001.yaml	CultureMech:006252	MEDIUM 666 MODIFIED FOR DSM 11001	12	no pH and no temperature
5	bacterial/medium_666_modified_for_dsm_11004.yaml	CultureMech:006253	MEDIUM 666 MODIFIED FOR DSM 11004	12	no pH and no temperature
5	bacterial/medium_666_modified_for_dsm_11016.yaml	CultureMech:006254	MEDIUM 666 MODIFIED FOR DSM 11016	12	no pH and no temperature
5	bacterial/medium_684_modified_for_dsm_14055.yaml	CultureMech:006285	MEDIUM 684 MODIFIED FOR DSM 14055	33	no pH and no temperature
5	bacterial/medium_684_modified_for_dsm_23957.yaml	CultureMech:006287	MEDIUM 684 MODIFIED FOR DSM 23957	33	no pH and no temperature
5	bacterial/medium_693_modified_for_dsm_13661.yaml	CultureMech:006298	MEDIUM 693 MODIFIED FOR DSM 13661	15	no pH and no temperature
5	bacterial/medium_693_modified_for_dsm_13760.yaml	CultureMech:006299	MEDIUM 693 MODIFIED FOR DSM 13760	15	no pH and no temperature
5	bacterial/medium_693_modified_for_dsm_18826.yaml	CultureMech:006300	MEDIUM 693 MODIFIED FOR DSM 18826	15	no pH and no temperature
5	bacterial/medium_693_modified_for_dsm_19736.yaml	CultureMech:006301	MEDIUM 693 MODIFIED FOR DSM 19736	15	no pH and no temperature
5	bacterial/medium_693_modified_for_dsm_20600.yaml	CultureMech:006302	MEDIUM 693 MODIFIED FOR DSM 20600	15	no pH and no temperature
5	bacterial/medium_693_modified_for_dsm_21031.yaml	CultureMech:006303	MEDIUM 693 MODIFIED FOR DSM 21031	15	no pH and no temperature
5	bacterial/medium_693_modified_for_dsm_21825.yaml	CultureMech:006304	MEDIUM 693 MODIFIED FOR DSM 21825	15	no pH and no temperature
5	bacterial/medium_693_modified_for_dsm_21843.yaml	CultureMech:006305	MEDIUM 693 MODIFIED FOR DSM 21843	15	no pH and no temperature
5	bacterial/medium_693_modified_for_dsm_21845.yaml	CultureMech:006306	MEDIUM 693 MODIFIED FOR DSM 21845	15	no pH and no temperature
5	bacterial/medium_693_modified_for_dsm_22221.yaml	CultureMech:006307	MEDIUM 693 MODIFIED FOR DSM 22221	15	no pH and no temperature
5	bacterial/medium_693_modified_for_dsm_22886.yaml	CultureMech:006308	MEDIUM 693 MODIFIED FOR DSM 22886	15	no pH and no temperature
5	bacterial/medium_693_modified_for_dsm_22909.yaml	CultureMech:006309	MEDIUM 693 MODIFIED FOR DSM 22909	15	no pH and no temperature
5	bacterial/medium_693_modified_for_dsm_23385.yaml	CultureMech:006310	MEDIUM 693 MODIFIED FOR DSM 23385	15	no pH and no temperature
5	bacterial/medium_6_modified_for_dsm_1306.yaml	CultureMech:006081	MEDIUM 6 MODIFIED FOR DSM 1306	8	no pH and no temperature
5	bacterial/medium_767_modified_for_dsm_8509.yaml	CultureMech:006421	MEDIUM 767 MODIFIED FOR DSM 8509	16	no pH and no temperature
5	bacterial/medium_780_modified_for_dsm_44133.yaml	CultureMech:006478	MEDIUM 780 MODIFIED FOR DSM 44133	4	no pH and no temperature
5	bacterial/medium_78_modified_for_dsm_1396.yaml	CultureMech:006441	MEDIUM 78 MODIFIED FOR DSM 1396	26	no pH and no temperature
5	bacterial/medium_78_modified_for_dsm_1447.yaml	CultureMech:006442	MEDIUM 78 MODIFIED FOR DSM 1447	26	no pH and no temperature
5	bacterial/medium_78_modified_for_dsm_14838.yaml	CultureMech:006443	MEDIUM 78 MODIFIED FOR DSM 14838	26	no pH and no temperature
5	bacterial/medium_78_modified_for_dsm_15896.yaml	CultureMech:006444	MEDIUM 78 MODIFIED FOR DSM 15896	26	no pH and no temperature
5	bacterial/medium_78_modified_for_dsm_19291.yaml	CultureMech:006445	MEDIUM 78 MODIFIED FOR DSM 19291	26	no pH and no temperature
5	bacterial/medium_78_modified_for_dsm_19346.yaml	CultureMech:006446	MEDIUM 78 MODIFIED FOR DSM 19346	26	no pH and no temperature
5	bacterial/medium_78_modified_for_dsm_19458.yaml	CultureMech:006447	MEDIUM 78 MODIFIED FOR DSM 19458	26	no pH and no temperature
5	bacterial/medium_78_modified_for_dsm_19528.yaml	CultureMech:006448	MEDIUM 78 MODIFIED FOR DSM 19528	26	no pH and no temperature
5	bacterial/medium_78_modified_for_dsm_20708.yaml	CultureMech:006450	MEDIUM 78 MODIFIED FOR DSM 20708	26	no pH and no temperature
5	bacterial/medium_78_modified_for_dsm_2079.yaml	CultureMech:006451	MEDIUM 78 MODIFIED FOR DSM 2079	26	no pH and no temperature
5	bacterial/medium_78_modified_for_dsm_21255.yaml	CultureMech:006452	MEDIUM 78 MODIFIED FOR DSM 21255	26	no pH and no temperature
5	bacterial/medium_78_modified_for_dsm_21682.yaml	CultureMech:006453	MEDIUM 78 MODIFIED FOR DSM 21682	26	no pH and no temperature
5	bacterial/medium_78_modified_for_dsm_22070.yaml	CultureMech:006454	MEDIUM 78 MODIFIED FOR DSM 22070	26	no pH and no temperature
5	bacterial/medium_78_modified_for_dsm_22519.yaml	CultureMech:006455	MEDIUM 78 MODIFIED FOR DSM 22519	26	no pH and no temperature
5	bacterial/medium_78_modified_for_dsm_22534.yaml	CultureMech:006456	MEDIUM 78 MODIFIED FOR DSM 22534	26	no pH and no temperature
5	bacterial/medium_78_modified_for_dsm_22535.yaml	CultureMech:006457	MEDIUM 78 MODIFIED FOR DSM 22535	26	no pH and no temperature
5	bacterial/medium_78_modified_for_dsm_2255.yaml	CultureMech:006458	MEDIUM 78 MODIFIED FOR DSM 2255	26	no pH and no temperature
5	bacterial/medium_78_modified_for_dsm_23057.yaml	CultureMech:006459	MEDIUM 78 MODIFIED FOR DSM 23057	26	no pH and no temperature
5	bacterial/medium_78_modified_for_dsm_23058.yaml	CultureMech:006460	MEDIUM 78 MODIFIED FOR DSM 23058	26	no pH and no temperature
5	bacterial/medium_78_modified_for_dsm_23370.yaml	CultureMech:006461	MEDIUM 78 MODIFIED FOR DSM 23370	26	no pH and no temperature
5	bacterial/medium_78_modified_for_dsm_23371.yaml	CultureMech:006462	MEDIUM 78 MODIFIED FOR DSM 23371	26	no pH and no temperature
5	bacterial/medium_78_modified_for_dsm_23386.yaml	CultureMech:006463	MEDIUM 78 MODIFIED FOR DSM 23386	26	no pH and no temperature
5	bacterial/medium_78_modified_for_dsm_23387.yaml	CultureMech:006464	MEDIUM 78 MODIFIED FOR DSM 23387	26	no pH and no temperature
5	bacterial/medium_78_modified_for_dsm_23594.yaml	CultureMech:006465	MEDIUM 78 MODIFIED FOR DSM 23594	26	no pH and no temperature
5	bacterial/medium_78_modified_for_dsm_23917.yaml	CultureMech:006466	MEDIUM 78 MODIFIED FOR DSM 23917	26	no pH and no temperature
5	bacterial/medium_78_modified_for_dsm_23919.yaml	CultureMech:006467	MEDIUM 78 MODIFIED FOR DSM 23919	26	no pH and no temperature
5	bacterial/medium_78_modified_for_dsm_23940.yaml	CultureMech:006468	MEDIUM 78 MODIFIED FOR DSM 23940	26	no pH and no temperature
5	bacterial/medium_78_modified_for_dsm_23941.yaml	CultureMech:006469	MEDIUM 78 MODIFIED FOR DSM 23941	26	no pH and no temperature
5	bacterial/medium_78_modified_for_dsm_24798.yaml	CultureMech:006470	MEDIUM 78 MODIFIED FOR DSM 24798	26	no pH and no temperature
5	bacterial/medium_78_modified_for_dsm_3979.yaml	CultureMech:006472	MEDIUM 78 MODIFIED FOR DSM 3979	26	no pH and no temperature
5	bacterial/medium_78_modified_for_dsm_3983.yaml	CultureMech:006473	MEDIUM 78 MODIFIED FOR DSM 3983	26	no pH and no temperature
5	bacterial/medium_78_modified_for_dsm_3989.yaml	CultureMech:006474	MEDIUM 78 MODIFIED FOR DSM 3989	26	no pH and no temperature
5	bacterial/medium_78_modified_for_dsm_3991.yaml	CultureMech:006475	MEDIUM 78 MODIFIED FOR DSM 3991	26	no pH and no temperature
5	bacterial/medium_78_modified_for_dsm_3992.yaml	CultureMech:006476	MEDIUM 78 MODIFIED FOR DSM 3992	26	no pH and no temperature
5	bacterial/medium_78_modified_for_dsm_6011.yaml	CultureMech:006477	MEDIUM 78 MODIFIED FOR DSM 6011	26	no pH and no temperature
5	bacterial/medium_78a_modified_for_dsm_12168.yaml	CultureMech:006492	MEDIUM 78a MODIFIED FOR DSM 12168	26	no pH and no temperature
5	bacterial/medium_830_modified_for_dsm_13665.yaml	CultureMech:006567	MEDIUM 830 MODIFIED FOR DSM 13665	18	no pH and no temperature
5	bacterial/medium_830_modified_for_dsm_14773.yaml	CultureMech:006568	MEDIUM 830 MODIFIED FOR DSM 14773	18	no pH and no temperature
5	bacterial/medium_830_modified_for_dsm_14805.yaml	CultureMech:006569	MEDIUM 830 MODIFIED FOR DSM 14805	18	no pH and no temperature
5	bacterial/medium_830_modified_for_dsm_15671.yaml	CultureMech:006570	MEDIUM 830 MODIFIED FOR DSM 15671	18	no pH and no temperature
5	bacterial/medium_830_modified_for_dsm_16968.yaml	CultureMech:006571	MEDIUM 830 MODIFIED FOR DSM 16968	18	no pH and no temperature
5	bacterial/medium_830_modified_for_dsm_16969.yaml	CultureMech:006572	MEDIUM 830 MODIFIED FOR DSM 16969	18	no pH and no temperature
5	bacterial/medium_830_modified_for_dsm_17871.yaml	CultureMech:006573	MEDIUM 830 MODIFIED FOR DSM 17871	18	no pH and no temperature
5	bacterial/medium_830_modified_for_dsm_18042.yaml	CultureMech:006576	MEDIUM 830 MODIFIED FOR DSM 18042	18	no pH and no temperature
5	bacterial/medium_830_modified_for_dsm_18043.yaml	CultureMech:006577	MEDIUM 830 MODIFIED FOR DSM 18043	18	no pH and no temperature
5	bacterial/medium_830_modified_for_dsm_18045.yaml	CultureMech:006578	MEDIUM 830 MODIFIED FOR DSM 18045	18	no pH and no temperature
5	bacterial/medium_830_modified_for_dsm_18135.yaml	CultureMech:006579	MEDIUM 830 MODIFIED FOR DSM 18135	18	no pH and no temperature
5	bacterial/medium_830_modified_for_dsm_18203.yaml	CultureMech:006580	MEDIUM 830 MODIFIED FOR DSM 18203	18	no pH and no temperature
5	bacterial/medium_830_modified_for_dsm_18221.yaml	CultureMech:006581	MEDIUM 830 MODIFIED FOR DSM 18221	18	no pH and no temperature
5	bacterial/medium_830_modified_for_dsm_18603.yaml	CultureMech:006582	MEDIUM 830 MODIFIED FOR DSM 18603	18	no pH and no temperature
5	bacterial/medium_830_modified_for_dsm_19096.yaml	CultureMech:006585	MEDIUM 830 MODIFIED FOR DSM 19096	18	no pH and no temperature
5	bacterial/medium_830_modified_for_dsm_19249.yaml	CultureMech:006586	MEDIUM 830 MODIFIED FOR DSM 19249	18	no pH and no temperature
5	bacterial/medium_830_modified_for_dsm_19250.yaml	CultureMech:006587	MEDIUM 830 MODIFIED FOR DSM 19250	18	no pH and no temperature
5	bacterial/medium_830_modified_for_dsm_19309.yaml	CultureMech:006588	MEDIUM 830 MODIFIED FOR DSM 19309	18	no pH and no temperature
5	bacterial/medium_830_modified_for_dsm_19717.yaml	CultureMech:006589	MEDIUM 830 MODIFIED FOR DSM 19717	18	no pH and no temperature
5	bacterial/medium_830_modified_for_dsm_19724.yaml	CultureMech:006590	MEDIUM 830 MODIFIED FOR DSM 19724	18	no pH and no temperature
5	bacterial/medium_830_modified_for_dsm_21036.yaml	CultureMech:006592	MEDIUM 830 MODIFIED FOR DSM 21036	18	no pH and no temperature
5	bacterial/medium_830_modified_for_dsm_21240.yaml	CultureMech:006593	MEDIUM 830 MODIFIED FOR DSM 21240	18	no pH and no temperature
5	bacterial/medium_830_modified_for_dsm_21316.yaml	CultureMech:006594	MEDIUM 830 MODIFIED FOR DSM 21316	18	no pH and no temperature
5	bacterial/medium_830_modified_for_dsm_21346.yaml	CultureMech:006595	MEDIUM 830 MODIFIED FOR DSM 21346	18	no pH and no temperature
5	bacterial/medium_830_modified_for_dsm_21362.yaml	CultureMech:006596	MEDIUM 830 MODIFIED FOR DSM 21362	18	no pH and no temperature
5	bacterial/medium_830_modified_for_dsm_21490.yaml	CultureMech:006597	MEDIUM 830 MODIFIED FOR DSM 21490	18	no pH and no temperature
5	bacterial/medium_830_modified_for_dsm_21568.yaml	CultureMech:006598	MEDIUM 830 MODIFIED FOR DSM 21568	18	no pH and no temperature
5	bacterial/medium_830_modified_for_dsm_21789.yaml	CultureMech:006600	MEDIUM 830 MODIFIED FOR DSM 21789	18	no pH and no temperature
5	bacterial/medium_830_modified_for_dsm_21942.yaml	CultureMech:006601	MEDIUM 830 MODIFIED FOR DSM 21942	18	no pH and no temperature
5	bacterial/medium_830_modified_for_dsm_21994.yaml	CultureMech:006602	MEDIUM 830 MODIFIED FOR DSM 21994	18	no pH and no temperature
5	bacterial/medium_830_modified_for_dsm_22342.yaml	CultureMech:006603	MEDIUM 830 MODIFIED FOR DSM 22342	18	no pH and no temperature
5	bacterial/medium_830_modified_for_dsm_22349.yaml	CultureMech:006604	MEDIUM 830 MODIFIED FOR DSM 22349	18	no pH and no temperature
5	bacterial/medium_830_modified_for_dsm_22405.yaml	CultureMech:006605	MEDIUM 830 MODIFIED FOR DSM 22405	18	no pH and no temperature
5	bacterial/medium_830_modified_for_dsm_22869.yaml	CultureMech:006609	MEDIUM 830 MODIFIED FOR DSM 22869	18	no pH and no temperature
5	bacterial/medium_830_modified_for_dsm_23228.yaml	CultureMech:006611	MEDIUM 830 MODIFIED FOR DSM 23228	18	no pH and no temperature
5	bacterial/medium_830_modified_for_dsm_23491.yaml	CultureMech:006612	MEDIUM 830 MODIFIED FOR DSM 23491	18	no pH and no temperature
5	bacterial/medium_830_modified_for_dsm_23906.yaml	CultureMech:006615	MEDIUM 830 MODIFIED FOR DSM 23906	18	no pH and no temperature
5	bacterial/medium_830_modified_for_dsm_24448.yaml	CultureMech:006616	MEDIUM 830 MODIFIED FOR DSM 24448	18	no pH and no temperature
5	bacterial/medium_830_modified_for_dsm_25262.yaml	CultureMech:006617	MEDIUM 830 MODIFIED FOR DSM 25262	18	no pH and no temperature
5	bacterial/medium_830a_modified_for_dsm_15637.yaml	CultureMech:006619	MEDIUM 830a MODIFIED FOR DSM 15637	18	no pH and no temperature
5	bacterial/medium_830c_modified_for_dsm_13663.yaml	CultureMech:006622	MEDIUM 830c MODIFIED FOR DSM 13663	18	no pH and no temperature
5	bacterial/medium_830c_modified_for_dsm_25221.yaml	CultureMech:006623	MEDIUM 830c MODIFIED FOR DSM 25221	18	no pH and no temperature
5	bacterial/medium_843_modified_for_dsm_18056.yaml	CultureMech:006646	MEDIUM 843 MODIFIED FOR DSM 18056	47	no pH and no temperature
5	bacterial/medium_884_modified_for_dsm_13023.yaml	CultureMech:006734	MEDIUM 884 MODIFIED FOR DSM 13023	5	no pH and no temperature
5	bacterial/medium_909_modified_for_dsm_14222.yaml	CultureMech:006780	MEDIUM 909 MODIFIED FOR DSM 14222	23	no pH and no temperature
5	bacterial/medium_911_modified_for_dsm_44536.yaml	CultureMech:006785	MEDIUM 911 MODIFIED FOR DSM 44536	20	no pH and no temperature
5	bacterial/medium_921_modified_for_dsm_23269.yaml	CultureMech:006826	MEDIUM 921 MODIFIED FOR DSM 23269	16	no pH and no temperature
5	bacterial/medium_92_modified_for_dsm_10249.yaml	CultureMech:006798	MEDIUM 92 MODIFIED FOR DSM 10249	8	no pH and no temperature
5	bacterial/medium_92_modified_for_dsm_10672.yaml	CultureMech:006799	MEDIUM 92 MODIFIED FOR DSM 10672	8	no pH and no temperature
5	bacterial/medium_92_modified_for_dsm_10673.yaml	CultureMech:006800	MEDIUM 92 MODIFIED FOR DSM 10673	8	no pH and no temperature
5	bacterial/medium_92_modified_for_dsm_11865.yaml	CultureMech:006801	MEDIUM 92 MODIFIED FOR DSM 11865	8	no pH and no temperature
5	bacterial/medium_92_modified_for_dsm_13240.yaml	CultureMech:006802	MEDIUM 92 MODIFIED FOR DSM 13240	8	no pH and no temperature
5	bacterial/medium_92_modified_for_dsm_14684.yaml	CultureMech:006803	MEDIUM 92 MODIFIED FOR DSM 14684	8	no pH and no temperature
5	bacterial/medium_92_modified_for_dsm_15461.yaml	CultureMech:006804	MEDIUM 92 MODIFIED FOR DSM 15461	8	no pH and no temperature
5	bacterial/medium_92_modified_for_dsm_17027.yaml	CultureMech:006805	MEDIUM 92 MODIFIED FOR DSM 17027	8	no pH and no temperature
5	bacterial/medium_92_modified_for_dsm_17065.yaml	CultureMech:006806	MEDIUM 92 MODIFIED FOR DSM 17065	8	no pH and no temperature
5	bacterial/medium_92_modified_for_dsm_17066.yaml	CultureMech:006807	MEDIUM 92 MODIFIED FOR DSM 17066	8	no pH and no temperature
5	bacterial/medium_92_modified_for_dsm_18607.yaml	CultureMech:006808	MEDIUM 92 MODIFIED FOR DSM 18607	8	no pH and no temperature
5	bacterial/medium_92_modified_for_dsm_18966.yaml	CultureMech:006809	MEDIUM 92 MODIFIED FOR DSM 18966	8	no pH and no temperature
5	bacterial/medium_92_modified_for_dsm_19663.yaml	CultureMech:006810	MEDIUM 92 MODIFIED FOR DSM 19663	8	no pH and no temperature
5	bacterial/medium_92_modified_for_dsm_23765.yaml	CultureMech:006812	MEDIUM 92 MODIFIED FOR DSM 23765	8	no pH and no temperature
5	bacterial/medium_92_modified_for_dsm_23766.yaml	CultureMech:006813	MEDIUM 92 MODIFIED FOR DSM 23766	8	no pH and no temperature
5	bacterial/medium_92_modified_for_dsm_25585.yaml	CultureMech:006814	MEDIUM 92 MODIFIED FOR DSM 25585	8	no pH and no temperature
5	bacterial/medium_92_modified_for_dsm_43846.yaml	CultureMech:006815	MEDIUM 92 MODIFIED FOR DSM 43846	8	no pH and no temperature
5	bacterial/medium_92_modified_for_dsm_6685.yaml	CultureMech:006816	MEDIUM 92 MODIFIED FOR DSM 6685	8	no pH and no temperature
5	bacterial/medium_92_modified_for_dsm_6688.yaml	CultureMech:006817	MEDIUM 92 MODIFIED FOR DSM 6688	8	no pH and no temperature
5	bacterial/medium_92_modified_for_dsm_7109.yaml	CultureMech:006818	MEDIUM 92 MODIFIED FOR DSM 7109	8	no pH and no temperature
5	bacterial/medium_92_modified_for_dsm_7110.yaml	CultureMech:006819	MEDIUM 92 MODIFIED FOR DSM 7110	8	no pH and no temperature
5	bacterial/medium_92_modified_for_dsm_7111.yaml	CultureMech:006820	MEDIUM 92 MODIFIED FOR DSM 7111	8	no pH and no temperature
5	bacterial/medium_92_modified_for_dsm_7112.yaml	CultureMech:006821	MEDIUM 92 MODIFIED FOR DSM 7112	8	no pH and no temperature
5	bacterial/medium_92_modified_for_dsm_7113.yaml	CultureMech:006822	MEDIUM 92 MODIFIED FOR DSM 7113	8	no pH and no temperature
5	bacterial/medium_92_modified_for_dsm_7171.yaml	CultureMech:006823	MEDIUM 92 MODIFIED FOR DSM 7171	8	no pH and no temperature
5	bacterial/medium_bg_11_for_blue_green_algae.yaml	CultureMech:008772	Medium BG-11 for Blue-green Algae	17	no pH and no temperature
5	bacterial/medium_d.yaml	CultureMech:009608	Medium D	17	no pH and no temperature
5	bacterial/medium_dh.yaml	CultureMech:008830	Medium DH	20	no pH and no temperature
5	bacterial/medium_for_acidithiobacillus_ferrooxidans.yaml	CultureMech:008660	Medium for Acidithiobacillus ferrooxidans	9	no pH and no temperature
5	bacterial/medium_for_aerobic_growth_of_strain_sk43h.yaml	CultureMech:008470	Medium for aerobic growth of strain sk43H	31	no pH and no temperature
5	bacterial/medium_for_alicyclobacillus_acidiphilus.yaml	CultureMech:008218	Medium for Alicyclobacillus acidiphilus	8	no pH and no temperature
5	bacterial/medium_for_d_indonesiensis.yaml	CultureMech:006162	medium FOR D. INDONESIENSIS	12	no pH and no temperature
5	bacterial/medium_for_freshwater_flexibacteria.yaml	CultureMech:008096	Medium for Freshwater Flexibacteria	19	no pH and no temperature
5	bacterial/medium_for_h_dombrowski.yaml	CultureMech:008963	Medium For H. Dombrowski	9	no pH and no temperature
5	bacterial/medium_for_marine_flexibacteria.yaml	CultureMech:008091	Medium for Marine Flexibacteria	15	no pH and no temperature
5	bacterial/medium_for_marine_spirochaetes.yaml	CultureMech:007761	Medium For Marine Spirochaetes	11	no pH and no temperature
5	bacterial/medium_for_methylotrophs.yaml	CultureMech:009556	Medium for Methylotrophs	18	no pH and no temperature
5	bacterial/medium_for_mitsuaria.yaml	CultureMech:001212	MEDIUM FOR MITSUARIA	4	no pH and no temperature
5	bacterial/medium_for_nautilia_profundicola_baa_1463.yaml	CultureMech:009122	Medium for Nautilia profundicola BAA-1463	36	no pH and no temperature
5	bacterial/medium_for_nitrite_oxidizer.yaml	CultureMech:009565	Medium for nitrite oxidizer	12	no pH and no temperature
5	bacterial/medium_for_nitrosococcus.yaml	CultureMech:008754	Medium for Nitrosococcus	18	no pH and no temperature
5	bacterial/medium_for_sm250.yaml	CultureMech:001171	MEDIUM for SM250	27	no pH and no temperature
5	bacterial/medium_for_strain_bsn1.yaml	CultureMech:008559	Medium for Strain BSN1	35	no pH and no temperature
5	bacterial/medium_for_strain_c_g2.yaml	CultureMech:008224	Medium for strain C/G2	31	no pH and no temperature
5	bacterial/medium_for_strain_c_l2.yaml	CultureMech:008225	Medium for strain C/L2	33	no pH and no temperature
5	bacterial/medium_for_strain_gh1.yaml	CultureMech:008524	Medium for Strain GH1	29	no pH and no temperature
5	bacterial/medium_for_strain_gk12.yaml	CultureMech:008531	Medium for Strain GK12	36	no pH and no temperature
5	bacterial/medium_for_strain_ha5.yaml	CultureMech:008635	Medium for Strain HA5	32	no pH and no temperature
5	bacterial/medium_for_strain_hc45_anaerobic_cultivation.yaml	CultureMech:008616	Medium for Strain HC45 (Anaerobic cultivation)	38	no pH and no temperature
5	bacterial/medium_for_strain_ja143.yaml	CultureMech:008382	Medium for strain JA143	20	no pH and no temperature
5	bacterial/medium_for_strain_ja317.yaml	CultureMech:008398	Medium for strain JA317	8	no pH and no temperature
5	bacterial/medium_for_strain_ja333_and_ja492.yaml	CultureMech:008480	Medium for Strain JA333 and JA492	26	no pH and no temperature
5	bacterial/medium_for_strain_ja349_and_ja350.yaml	CultureMech:008399	Medium for strain JA349 and JA350	22	no pH and no temperature
5	bacterial/medium_for_strain_ja363_ja395_and_ja418.yaml	CultureMech:008405	Medium for strain JA363, JA395 and JA418	22	no pH and no temperature
5	bacterial/medium_for_strain_ja480.yaml	CultureMech:008447	Medium for strain JA480	24	no pH and no temperature
5	bacterial/medium_for_strain_ja580.yaml	CultureMech:008492	Medium for Strain JA580	24	no pH and no temperature
5	bacterial/medium_for_strain_ja746.yaml	CultureMech:008530	Medium for Strain JA746	23	no pH and no temperature
5	bacterial/medium_for_strain_ja747.yaml	CultureMech:008533	Medium for Strain JA747	15	no pH and no temperature
5	bacterial/medium_for_strain_kc3.yaml	CultureMech:008608	Medium for Strain KC3	10	no pH and no temperature
5	bacterial/medium_for_strain_kkc1.yaml	CultureMech:008555	Medium for Strain KKC1	38	no pH and no temperature
5	bacterial/medium_for_strain_koba311.yaml	CultureMech:008636	Medium for Strain KoBa311	37	no pH and no temperature
5	bacterial/medium_for_strain_m6_x2.yaml	CultureMech:008649	Medium for Strain M6.X2	30	no pH and no temperature
5	bacterial/medium_for_strain_mp_01.yaml	CultureMech:010405	Medium For Strain MP-01	25	no pH and no temperature
5	bacterial/medium_for_strain_ok2g.yaml	CultureMech:008701	Medium for Strain Ok2G	17	no pH and no temperature
5	bacterial/medium_for_strain_pf12b.yaml	CultureMech:008617	Medium for Strain Pf12B	38	no pH and no temperature
5	bacterial/medium_for_strain_r_1.yaml	CultureMech:008433	Medium for strain R-1	18	no pH and no temperature
5	bacterial/medium_for_strain_rasen.yaml	CultureMech:008326	Medium for strain RASEN	40	no pH and no temperature
5	bacterial/medium_for_strain_sanae.yaml	CultureMech:008264	Medium for strain SANAE	34	no pH and no temperature
5	bacterial/medium_for_strain_sk43h.yaml	CultureMech:008431	Medium for strain sk43H	36	no pH and no temperature
5	bacterial/medium_for_strain_skb26.yaml	CultureMech:008419	Medium for strain skB26	35	no pH and no temperature
5	bacterial/medium_for_strain_sr45.yaml	CultureMech:008558	Medium for Strain SR45	29	no pH and no temperature
5	bacterial/medium_for_strain_t08.yaml	CultureMech:008634	Medium for Strain T08	35	no pH and no temperature
5	bacterial/medium_for_strain_t_1_35.yaml	CultureMech:008566	Medium for Strain T-1-35	29	no pH and no temperature
5	bacterial/medium_for_strain_ttn.yaml	CultureMech:008633	Medium for Strain TTN	10	no pH and no temperature
5	bacterial/medium_for_strain_tut3615.yaml	CultureMech:008484	Medium for Strain TUT3615	17	no pH and no temperature
5	bacterial/medium_for_strain_ug1.yaml	CultureMech:008481	Medium for Strain Ug1	31	no pH and no temperature
5	bacterial/medium_for_strains_ja121_and_ja322.yaml	CultureMech:008370	Medium for strains JA121 and JA322	20	no pH and no temperature
5	bacterial/medium_for_strains_ja145_ja193_ja310_ja334_ja415_ja430_ja447_and_ja643.yaml	CultureMech:008408	Medium for strains JA145, JA193, JA310, JA334, JA415, JA430, JA447 and JA643	19	no pH and no temperature
5	bacterial/medium_for_strains_ja430.yaml	CultureMech:008438	Medium for strains JA430	22	no pH and no temperature
5	bacterial/medium_for_sulfur_disproportionating_bacterium.yaml	CultureMech:008642	Medium for sulfur-disproportionating bacterium	32	no pH and no temperature
5	bacterial/medium_for_sulfur_oxidizing_bacteria.yaml	CultureMech:008686	Medium for sulfur-oxidizing bacteria	31	no pH and no temperature
5	bacterial/medium_for_sulfurospirillum.yaml	CultureMech:008561	Medium for Sulfurospirillum	38	no pH and no temperature
5	bacterial/medium_for_tepidanaerobacter.yaml	CultureMech:008131	Medium for Tepidanaerobacter	35	no pH and no temperature
5	bacterial/medium_for_the_2_mapping_strains.yaml	CultureMech:007975	Medium for the 2μ Mapping Strains	8	no pH and no temperature
5	bacterial/medium_r2a_for_denitrifying_bacteria.yaml	CultureMech:001986	MEDIUM R2A FOR DENITRIFYING BACTERIA	18	no pH and no temperature
5	bacterial/medium_with_biphenyl.yaml	CultureMech:001571	MEDIUM WITH BIPHENYL	27	no pH and no temperature
5	bacterial/medium_with_chloroacrylic_acid.yaml	CultureMech:001570	MEDIUM WITH CHLOROACRYLIC ACID	27	no pH and no temperature
5	bacterial/medium_with_chloroacrylic_acid_replace_3_chloroacrylic_acid_with_glucose.yaml	CultureMech:005460	MEDIUM WITH CHLOROACRYLIC ACID_replace_3-chloroacrylic acid_with_Glucose	28	no pH and no temperature
5	bacterial/medium_with_fluoranthene.yaml	CultureMech:001569	MEDIUM WITH FLUORANTHENE	15	no pH and no temperature
5	bacterial/medium_with_fluoranthene_or_phenanthrene.yaml	CultureMech:005459	MEDIUM WITH FLUORANTHENE OR PHENANTHRENE	28	no pH and no temperature
5	bacterial/medium_with_met_asp_fang_et_al.yaml	CultureMech:007096	Medium with Met, Asp; Fang et al	13	no pH and no temperature
5	bacterial/medium_with_met_asp_gly_arg_fang_et_al.yaml	CultureMech:007097	Medium with Met, Asp, Gly, Arg; Fang et al	15	no pH and no temperature
5	bacterial/medium_with_polyhydroxybutyric_acid_as_carbon_source.yaml	CultureMech:001603	MEDIUM WITH POLYHYDROXYBUTYRIC ACID AS CARBON SOURCE	27	no pH and no temperature
5	bacterial/medium_with_thiazole.yaml	CultureMech:001772	MEDIUM WITH THIAZOLE	6	no pH and no temperature
5	bacterial/medium_without_amino_acids_fang_et_al.yaml	CultureMech:007095	Medium without amino acids; fang et al	11	no pH and no temperature
5	bacterial/medium_ycfagsc.yaml	CultureMech:009196	Medium YCFAGSC	23	no pH and no temperature
5	bacterial/merds.yaml	CultureMech:000364	MErds	7	no pH and no temperature
5	bacterial/merds_my75s.yaml	CultureMech:000365	MErds/MY75S	11	no pH and no temperature
5	bacterial/methanol_utilizing_bacteria_medium_e.yaml	CultureMech:002446	METHANOL-UTILIZING BACTERIA MEDIUM E	13	no pH and no temperature
5	bacterial/methionine_salt_schaechter_et_al.yaml	CultureMech:007129	Methionine salt; schaechter et al	6	no pH and no temperature
5	bacterial/methylobacterium_thiocyanatum_medium.yaml	CultureMech:001949	METHYLOBACTERIUM THIOCYANATUM MEDIUM	7	no pH and no temperature
5	bacterial/methylocaldum_marinum_medium.yaml	CultureMech:000971	METHYLOCALDUM MARINUM MEDIUM	17	no pH and no temperature
5	bacterial/methyloceanus_cenitepidus_medium.yaml	CultureMech:000955	METHYLOCEANUS CENITEPIDUS MEDIUM	18	no pH and no temperature
5	bacterial/methylomonas_medium_elbe.yaml	CultureMech:001135	METHYLOMONAS MEDIUM (ELBE)	23	no pH and no temperature
5	bacterial/methylophaga_medium_1403.yaml	CultureMech:009040	Methylophaga Medium 1403	21	no pH and no temperature
5	bacterial/methylophaga_medium_1403_add_agar.yaml	CultureMech:009041	Methylophaga Medium 1403 (add agar)	22	no pH and no temperature
5	bacterial/methyloprofundus_sedimenti_medium.yaml	CultureMech:001043	METHYLOPROFUNDUS SEDIMENTI MEDIUM	29	no pH and no temperature
5	bacterial/methylosarcina_quisquillarum_and_m_fibrata_medium.yaml	CultureMech:002090	METHYLOSARCINA QUISQUILLARUM AND M. FIBRATA MEDIUM	16	no pH and no temperature
5	bacterial/methylosoma_difficile_medium.yaml	CultureMech:002904	METHYLOSOMA DIFFICILE MEDIUM	23	no pH and no temperature
5	bacterial/mgp_medium.yaml	CultureMech:002721	MGP MEDIUM	29	no pH and no temperature
5	bacterial/mh_ocm_medium.yaml	CultureMech:009202	MH-OCM Medium	33	no pH and no temperature
5	bacterial/mic_cit_herriott_et_al.yaml	CultureMech:007183	Mic-Cit; Herriott et al	29	no pH and no temperature
5	bacterial/mic_herriott_et_al.yaml	CultureMech:007182	Mic; Herriott et al	30	no pH and no temperature
5	bacterial/microaerobic_sulfur_oxidizing_bacteria_medium.yaml	CultureMech:008292	Microaerobic sulfur-oxidizing bacteria medium	35	no pH and no temperature
5	bacterial/micromonospora_megalomicea_medium.yaml	CultureMech:000743	MICROMONOSPORA MEGALOMICEA MEDIUM	6	no pH and no temperature
5	bacterial/middelbrook_medium.yaml	CultureMech:006190	MIDDELBROOK medium	23	no pH and no temperature
5	bacterial/middle_brook_medium.yaml	CultureMech:008914	Middle Brook Medium	11	no pH and no temperature
5	bacterial/middlebrook_7h10_plates_difco_supplemented_with_middlebrook_albumin_dextrose_catalase_and_tween_80.yaml	CultureMech:009413	Middlebrook 7H10 plates (Difco) supplemented with Middlebrook albumin/dextrose/catalase and Tween 80	11	no pH and no temperature
5	bacterial/middlebrook_7h10_with_oadc.yaml	CultureMech:008980	Middlebrook 7H10 with OADC	13	no pH and no temperature
5	bacterial/middlebrook_7h11_agar.yaml	CultureMech:008525	Middlebrook 7H11 Agar	24	no pH and no temperature
5	bacterial/middlebrook_7h11_agar_difco.yaml	CultureMech:008990	Middlebrook 7H11 agar (Difco)	25	no pH and no temperature
5	bacterial/middlebrook_7h11_solid_medium_supplemented_with_10_albumin_dextrose_and_catalase.yaml	CultureMech:008984	Middlebrook 7H11 solid medium supplemented with 10% albumin, dextrose, and catalase	21	no pH and no temperature
5	bacterial/middlebrook_7h9_broth_supplemented_with_oleic_acid_albumin_dextrose_catalase_difco.yaml	CultureMech:008985	Middlebrook 7H9 broth supplemented with oleic acid-albumin-dextrose-catalase (Difco)	25	no pH and no temperature
5	bacterial/middlebrook_7h9_broth_w_adc_enrichment.yaml	CultureMech:008978	Middlebrook 7H9 Broth w/ADC Enrichment	21	no pH and no temperature
5	bacterial/middlebrook_7h9_difco_liquid_medium_supplemented_with_middlebrook_albumin_dextrose_catalase_and_tween_80.yaml	CultureMech:009415	Middlebrook 7H9 (Difco) liquid medium supplemented with Middlebrook albumin/dextrose/catalase and Tween 80	11	no pH and no temperature
5	bacterial/middlebrook_7h9_liquid_medium_supplemented_with_10_albumin_dextrose_and_catalase.yaml	CultureMech:008983	Middlebrook 7H9 liquid medium supplemented with 10% albumin, dextrose, and catalase	21	no pH and no temperature
5	bacterial/middlebrook_medium.yaml	CultureMech:001782	MIDDLEBROOK MEDIUM	23	no pH and no temperature
5	bacterial/middlebrook_medium_with_mycobactin.yaml	CultureMech:001916	MIDDLEBROOK MEDIUM WITH MYCOBACTIN	4	no pH and no temperature
5	bacterial/mineral_medium_with_2_hydroxybiphenyl.yaml	CultureMech:001586	MINERAL MEDIUM WITH 2-HYDROXYBIPHENYL	35	no pH and no temperature
5	bacterial/mineral_medium_with_3_aminophenol.yaml	CultureMech:001591	MINERAL MEDIUM WITH 3-AMINOPHENOL	35	no pH and no temperature
5	bacterial/mineral_medium_with_atrazin.yaml	CultureMech:001594	MINERAL MEDIUM WITH ATRAZIN	35	no pH and no temperature
5	bacterial/mineral_medium_with_cyanuric_acid_as_nitrogen_source.yaml	CultureMech:001592	MINERAL MEDIUM WITH CYANURIC ACID AS NITROGEN SOURCE	25	no pH and no temperature
5	bacterial/mineral_medium_with_dibenzofuran.yaml	CultureMech:001572	MINERAL MEDIUM WITH DIBENZOFURAN	28	no pH and no temperature
5	bacterial/mineral_medium_with_dichloromethane.yaml	CultureMech:001588	MINERAL MEDIUM WITH DICHLOROMETHANE	14	no pH and no temperature
5	bacterial/mineral_medium_with_o_nitrophenol.yaml	CultureMech:001578	MINERAL MEDIUM WITH O-NITROPHENOL	9	no pH and no temperature
5	bacterial/mineral_medium_with_pcp.yaml	CultureMech:001587	MINERAL MEDIUM WITH PCP	36	no pH and no temperature
5	bacterial/mineral_medium_with_pyrrolic_acid.yaml	CultureMech:001577	MINERAL MEDIUM WITH PYRROLIC ACID	9	no pH and no temperature
5	bacterial/mineral_medium_with_quinoline.yaml	CultureMech:001576	MINERAL MEDIUM WITH QUINOLINE	9	no pH and no temperature
5	bacterial/mineral_medium_with_sulfobenzoic_acid.yaml	CultureMech:001590	MINERAL MEDIUM WITH SULFOBENZOIC ACID	42	no pH and no temperature
5	bacterial/mineral_salts_medium.yaml	CultureMech:008457	Mineral salts medium	8	no pH and no temperature
5	bacterial/mineral_sulfide_free_medium.yaml	CultureMech:009510	mineral-sulfide-free medium	7	no pH and no temperature
5	bacterial/mineralmedium_with_6_methylnicotinate.yaml	CultureMech:001593	MINERALMEDIUM WITH 6-METHYLNICOTINATE	49	no pH and no temperature
5	bacterial/minimal_chemically_defined_medium_his_pro_letort_2001.yaml	CultureMech:007297	'Minimal chemically-defined medium + His +Pro (letort 2001	21	no pH and no temperature
5	bacterial/minimal_chemically_defined_medium_letort_2001.yaml	CultureMech:007296	'Minimal chemically-defined medium (letort 2001	19	no pH and no temperature
5	bacterial/minimal_medium_a_mma.yaml	CultureMech:008789	Minimal medium A (MMA)	7	no pH and no temperature
5	bacterial/minimal_medium_containing_nicotin.yaml	CultureMech:009420	Minimal medium containing nicotin	13	no pH and no temperature
5	bacterial/minimal_medium_frustaci.yaml	CultureMech:007120	Minimal medium; frustaci	13	no pH and no temperature
5	bacterial/minimal_medium_jyssum_1959.yaml	CultureMech:007299	'Minimal medium (Jyssum 1959	9	no pH and no temperature
5	bacterial/minimal_medium_lostroh_et_al.yaml	CultureMech:007229	Minimal Medium; Lostroh et al	15	no pH and no temperature
5	bacterial/minimal_medium_tang_et_al_2009.yaml	CultureMech:007073	'Minimal medium (tang et al 2009	17	no pH and no temperature
5	bacterial/minimal_medium_teusink_et_al.yaml	CultureMech:007202	Minimal Medium; Teusink et al	23	no pH and no temperature
5	bacterial/minimal_medium_w_amino_acids_and_salt_stress_tang_et_al_2009.yaml	CultureMech:007076	'Minimal Medium w/amino acids and salt stress (Tang et al 2009	35	no pH and no temperature
5	bacterial/minimal_medium_w_amino_acids_tang_et_al_2009.yaml	CultureMech:007075	'Minimal Medium w/amino acids (Tang et al 2009	34	no pH and no temperature
5	bacterial/minimal_medium_whitchurch_et_al.yaml	CultureMech:007261	Minimal medium; whitchurch et al	16	no pH and no temperature
5	bacterial/minimal_medium_with_salt_stress_tang_et_al_2009.yaml	CultureMech:007074	'Minimal medium with salt stress (tang et al 2009	18	no pH and no temperature
5	bacterial/minimal_mineral_medium.yaml	CultureMech:009388	minimal mineral medium	16	no pH and no temperature
5	bacterial/minimal_nitrification_medium_nm.yaml	CultureMech:009629	Minimal nitrification medium (NM)	10	no pH and no temperature
5	bacterial/minimal_seed_medium_liu_2004.yaml	CultureMech:007284	'Minimal Seed Medium (Liu 2004	8	no pH and no temperature
5	bacterial/minimal_vitamin_mv_medium.yaml	CultureMech:008998	minimal vitamin (MV) medium	20	no pH and no temperature
5	bacterial/mitsuhashi_maramorosch_m_m_medium.yaml	CultureMech:008873	Mitsuhashi-Maramorosch (M&M) medium	13	no pH and no temperature
5	bacterial/mitsuokella_dentalis_medium.yaml	CultureMech:001545	MITSUOKELLA DENTALIS MEDIUM	16	no pH and no temperature
5	bacterial/miura_medium_lca.yaml	CultureMech:002703	MIURA MEDIUM (LCA)	7	no pH and no temperature
5	bacterial/miz13_medium.yaml	CultureMech:002444	MIZ13 MEDIUM	30	no pH and no temperature
5	bacterial/miz14_medium.yaml	CultureMech:002445	MIZ14 MEDIUM	30	no pH and no temperature
5	bacterial/mj_basal_medium.yaml	CultureMech:002716	MJ BASAL MEDIUM	22	no pH and no temperature
5	bacterial/mj_media.yaml	CultureMech:007044	Mj media	15	no pH and no temperature
5	bacterial/mj_medium_for_defferibacter_sp_strain_nejineji.yaml	CultureMech:003097	MJ MEDIUM FOR DEFFERIBACTER SP. STRAIN NEJINEJI	28	no pH and no temperature
5	bacterial/mj_n_basal_medium.yaml	CultureMech:002733	MJ-N BASAL MEDIUM	22	no pH and no temperature
5	bacterial/ml_15_medium.yaml	CultureMech:002228	ML-15 MEDIUM	6	no pH and no temperature
5	bacterial/mm4y_medium.yaml	CultureMech:002205	MM4Y MEDIUM	16	no pH and no temperature
5	bacterial/mm_asparagine_fillinger_et_al.yaml	CultureMech:007117	Mm-asparagine; fillinger et al	7	no pH and no temperature
5	bacterial/mm_biotin_and_thiamine_villasenor_et_al.yaml	CultureMech:007062	MM-biotin and thiamine; Villasenor et al	8	no pH and no temperature
5	bacterial/mm_causey.yaml	CultureMech:007058	MM; Causey	13	no pH and no temperature
5	bacterial/mm_glucose_dunn_et_al.yaml	CultureMech:007041	MM-Glucose; Dunn et al	8	no pH and no temperature
5	bacterial/mm_glucose_fillinger_et_al.yaml	CultureMech:007116	MM-Glucose; Fillinger et al	7	no pH and no temperature
5	bacterial/mm_pyruvate_dunn_et_al.yaml	CultureMech:007038	MM-Pyruvate; Dunn et al	8	no pH and no temperature
5	bacterial/mm_pyruvate_with_aspartate_dunn_et_al.yaml	CultureMech:007039	MM-Pyruvate with aspartate; Dunn et al	9	no pH and no temperature
5	bacterial/mm_succinate_mms.yaml	CultureMech:009660	MM succinate (MMS)	17	no pH and no temperature
5	bacterial/mm_succinate_with_biotin_dunn_et_al.yaml	CultureMech:007043	MM-Succinate with biotin; Dunn et al	8	no pH and no temperature
5	bacterial/mm_succinate_with_nh4cl_encarnacion_et_al.yaml	CultureMech:007056	MM-Succinate with NH4Cl; Encarnacion et al	6	no pH and no temperature
5	bacterial/mm_succinate_without_biotin_dunn_et_al.yaml	CultureMech:007042	MM-Succinate without biotin; Dunn et al	7	no pH and no temperature
5	bacterial/mm_w_medium_meoh.yaml	CultureMech:008704	MM/W medium + MeOH	34	no pH and no temperature
5	bacterial/mma_klein_et_al.yaml	CultureMech:007181	MMA; Klein et al	13	no pH and no temperature
5	bacterial/mmace_jasiecki_et_al.yaml	CultureMech:007031	Mmace; jasiecki et al	10	no pH and no temperature
5	bacterial/mmb_klein_et_al.yaml	CultureMech:007179	MMB; Klein et al	14	no pH and no temperature
5	bacterial/mmb_succinate_with_nh4cl_and_biotin_taboada_et_al.yaml	CultureMech:007060	MMB-Succinate with NH4Cl and biotin; Taboada et al	7	no pH and no temperature
5	bacterial/mmglu_jasiecki_et_al.yaml	CultureMech:007027	MMGlu; Jasiecki et al	10	no pH and no temperature
5	bacterial/mmgly_jasiecki_et_al.yaml	CultureMech:007028	Mmgly; jasiecki et al	10	no pH and no temperature
5	bacterial/mmjhs_2_medium.yaml	CultureMech:002202	MMJHS-2 MEDIUM	22	no pH and no temperature
5	bacterial/mmjs_medium.yaml	CultureMech:002769	MMJS MEDIUM	23	no pH and no temperature
5	bacterial/mmjyp2_medium.yaml	CultureMech:008503	MMJYP2 Medium	27	no pH and no temperature
5	bacterial/mmmjs_pt.yaml	CultureMech:002951	mMMJS/PT	27	no pH and no temperature
5	bacterial/mmn.yaml	CultureMech:000767	MMN	9	no pH and no temperature
5	bacterial/mmp_biotin_thiamine_and_ca_pantothenate_villasenor_et_al.yaml	CultureMech:007063	MMP-biotin, thiamine, and Ca pantothenate; Villasenor et al	9	no pH and no temperature
5	bacterial/mms_medium_huber_et_al.yaml	CultureMech:007034	Mms medium; huber et al	22	no pH and no temperature
5	bacterial/mmsuc_jasiecki_et_al.yaml	CultureMech:007030	Mmsuc; jasiecki et al	10	no pH and no temperature
5	bacterial/mmt_succinate_with_nh4cl_and_thiamine_taboada_et_al.yaml	CultureMech:007061	MMT-Succinate with NH4Cl and thiamine; Taboada et al	7	no pH and no temperature
5	bacterial/mmyp_medium.yaml	CultureMech:008592	MMYP Medium	9	no pH and no temperature
5	bacterial/mmypf_medium.yaml	CultureMech:008593	MMYPF Medium	10	no pH and no temperature
5	bacterial/mmys_iii_medium.yaml	CultureMech:002561	MMYS-III MEDIUM	17	no pH and no temperature
5	bacterial/mn_marine_medium_atcc_medium_957_with_20_mcg_l_of_vitamin_b12.yaml	CultureMech:009056	MN Marine medium (ATCC Medium 957) with 20 mcg/L of vitamin B12	19	no pH and no temperature
5	bacterial/mnyp_medium.yaml	CultureMech:009700	MNYP medium	11	no pH and no temperature
5	bacterial/mo_sedi_medium.yaml	CultureMech:003201	MO-SEDI MEDIUM	34	no pH and no temperature
5	bacterial/model_designed_medium_baart_2007.yaml	CultureMech:007298	'Model-designed medium (Baart 2007	14	no pH and no temperature
5	bacterial/moderate_halophile_medium.yaml	CultureMech:010004	Moderate Halophile Medium	11	no pH and no temperature
5	bacterial/moderate_halophile_medium_2.yaml	CultureMech:007846	Moderate Halophile Medium 2	12	no pH and no temperature
5	bacterial/modifed_m9_with_glucose.yaml	CultureMech:007088	Modifed M9 with glucose	13	no pH and no temperature
5	bacterial/modified_1161_medium.yaml	CultureMech:008694	Modified 1161 medium	36	no pH and no temperature
5	bacterial/modified_1_10_hd_medium.yaml	CultureMech:008728	Modified 1/10 HD medium	5	no pH and no temperature
5	bacterial/modified_1_5_sws_casein_starch_medium.yaml	CultureMech:008383	Modified 1/5 SWS-Casein Starch Medium	25	no pH and no temperature
5	bacterial/modified_288_medium.yaml	CultureMech:008535	Modified 288 medium	8	no pH and no temperature
5	bacterial/modified_289_medium.yaml	CultureMech:008578	Modified 289 medium	33	no pH and no temperature
5	bacterial/modified_337a_agar_medium.yaml	CultureMech:009024	Modified 337a Agar Medium	12	no pH and no temperature
5	bacterial/modified_337a_broth_medium.yaml	CultureMech:009023	Modified 337a Broth Medium	11	no pH and no temperature
5	bacterial/modified_802_ph_10_0.yaml	CultureMech:008297	Modified 802 (pH 10.0)	5	no pH and no temperature
5	bacterial/modified_9k_medium.yaml	CultureMech:009678	Modified 9K medium	14	no pH and no temperature
5	bacterial/modified_acetobacter_medium.yaml	CultureMech:002482	MODIFIED ACETOBACTER MEDIUM	31	no pH and no temperature
5	bacterial/modified_allen_medium.yaml	CultureMech:008560	Modified Allen Medium	13	no pH and no temperature
5	bacterial/modified_as_168_medium.yaml	CultureMech:008736	Modified AS-168 Medium	12	no pH and no temperature
5	bacterial/modified_as_168_medium2.yaml	CultureMech:008739	Modified AS-168 Medium2	12	no pH and no temperature
5	bacterial/modified_baar_s_medium_for_sulfate_reducers.yaml	CultureMech:009183	Modified Baar’s Medium For Sulfate Reducers	13	no pH and no temperature
5	bacterial/modified_basal_medium.yaml	CultureMech:009619	Modified basal medium	33	no pH and no temperature
5	bacterial/modified_biebl_and_pennings_medium.yaml	CultureMech:008745	Modified Biebl and Penning's Medium	28	no pH and no temperature
5	bacterial/modified_bn_medium_for_m08but.yaml	CultureMech:009524	Modified BN Medium For M08but	8	no pH and no temperature
5	bacterial/modified_bn_medium_for_m08dhb.yaml	CultureMech:009526	Modified BN Medium For M08dhb	10	no pH and no temperature
5	bacterial/modified_brocks_basal_salts_yeast_extract_medeium_b.yaml	CultureMech:009987	Modified Brock's Basal Salts-Yeast Extract Medeium (B)	14	no pH and no temperature
5	bacterial/modified_brocks_basal_salts_yeast_extract_medium.yaml	CultureMech:009937	Modified Brock's Basal Salts-Yeast Extract Medium	14	no pH and no temperature
5	bacterial/modified_brocks_basal_salts_yeast_extract_tryptone_medium.yaml	CultureMech:010261	Modified Brock's Basal Salts-Yeast Extract-Tryptone Medium	15	no pH and no temperature
5	bacterial/modified_cytophaga_agar.yaml	CultureMech:009366	modified cytophaga agar	9	no pH and no temperature
5	bacterial/modified_d58_medium.yaml	CultureMech:008587	Modified D58 medium	14	no pH and no temperature
5	bacterial/modified_eggerth_gagnon_medium.yaml	CultureMech:001055	MODIFIED EGGERTH-GAGNON MEDIUM	12	no pH and no temperature
5	bacterial/modified_eichler_and_pfennigs_medium.yaml	CultureMech:002848	MODIFIED EICHLER AND PFENNIG'S MEDIUM	19	no pH and no temperature
5	bacterial/modified_gam_agar_horse_blood_acetate.yaml	CultureMech:008756	Modified GAM agar + horse blood & acetate	4	no pH and no temperature
5	bacterial/modified_gam_broth_glucose_acetate.yaml	CultureMech:008755	Modified GAM broth + glucose & acetate	4	no pH and no temperature
5	bacterial/modified_gs_2_medium.yaml	CultureMech:009628	Modified GS-2 medium	15	no pH and no temperature
5	bacterial/modified_haloalkaliphile_medium.yaml	CultureMech:002384	MODIFIED HALOALKALIPHILE MEDIUM	9	no pH and no temperature
5	bacterial/modified_hmm_ozergin_ulgen_et_al.yaml	CultureMech:007155	Modified HMM; Ozergin-Ulgen et al	16	no pH and no temperature
5	bacterial/modified_hnw_medium.yaml	CultureMech:002761	MODIFIED HNW MEDIUM	24	no pH and no temperature
5	bacterial/modified_labarre_medium_56_mm_glucose.yaml	CultureMech:007290	'Modified Labarre Medium (56 mM Glucose	17	no pH and no temperature
5	bacterial/modified_lb_medium.yaml	CultureMech:008833	Modified LB medium	7	no pH and no temperature
5	bacterial/modified_leptospira_medium.yaml	CultureMech:008991	Modified Leptospira Medium	10	no pH and no temperature
5	bacterial/modified_m13_verrucomicrobium_medium.yaml	CultureMech:001082	MODIFIED M13 VERRUCOMICROBIUM MEDIUM	23	no pH and no temperature
5	bacterial/modified_m1_medium_with_18_mm_lactate_pinchuk_et_al.yaml	CultureMech:007070	Modified m1 medium with 18 mm lactate; pinchuk et al	30	no pH and no temperature
5	bacterial/modified_m1_medium_with_20_mm_lactate_pinchuk_et_al.yaml	CultureMech:007069	Modified m1 medium with 20 mm lactate; pinchuk et al	30	no pH and no temperature
5	bacterial/modified_m1_medium_with_acetate_pinchuk_et_al.yaml	CultureMech:007072	Modified M1 Medium with Acetate; Pinchuk et al	30	no pH and no temperature
5	bacterial/modified_m1_medium_with_lactate_and_glycine_no_nh4cl.yaml	CultureMech:007071	'Modified M1 Medium with Lactate and Glycine (no NH4Cl	30	no pH and no temperature
5	bacterial/modified_m30_medium.yaml	CultureMech:008747	Modified M30 Medium	37	no pH and no temperature
5	bacterial/modified_m63_medium_with_ectoine_and_0_6_m_nacl.yaml	CultureMech:007437	Modified m63 medium with ectoine and 0.6 m nacl	7	no pH and no temperature
5	bacterial/modified_m63_medium_with_ectoine_and_0_75_m_nacl.yaml	CultureMech:007448	Modified m63 medium with ectoine and 0.75 m nacl	7	no pH and no temperature
5	bacterial/modified_m63_medium_with_ectoine_and_1_5_m_nacl.yaml	CultureMech:006996	Modified m63 medium with ectoine and 1.5 m nacl	7	no pH and no temperature
5	bacterial/modified_m63_medium_with_ectoine_and_2_5_m_nacl.yaml	CultureMech:007007	Modified m63 medium with ectoine and 2.5 m nacl	7	no pH and no temperature
5	bacterial/modified_m63_medium_with_glucose_and_0_6_m_nacl.yaml	CultureMech:007395	Modified M63 medium with glucose and 0.6 M NaCl	7	no pH and no temperature
5	bacterial/modified_m63_medium_with_glucose_and_0_75_m_nacl.yaml	CultureMech:007406	Modified M63 medium with glucose and 0.75 M NaCl	7	no pH and no temperature
5	bacterial/modified_m63_medium_with_glucose_and_1_5_m_nacl.yaml	CultureMech:007417	Modified M63 medium with glucose and 1.5 M NaCl	7	no pH and no temperature
5	bacterial/modified_m63_medium_with_glucose_and_2_5_m_nacl.yaml	CultureMech:007428	Modified M63 medium with glucose and 2.5 M NaCl	7	no pH and no temperature
5	bacterial/modified_m63_medium_with_hydroxyectoine_and_0_6_m_nacl.yaml	CultureMech:007018	Modified m63 medium with hydroxyectoine and 0.6 m nacl	7	no pH and no temperature
5	bacterial/modified_m63_medium_with_hydroxyectoine_and_0_75_m_nacl.yaml	CultureMech:007029	Modified m63 medium with hydroxyectoine and 0.75 m nacl	7	no pH and no temperature
5	bacterial/modified_m63_medium_with_hydroxyectoine_and_1_5_m_nacl.yaml	CultureMech:007040	Modified m63 medium with hydroxyectoine and 1.5 m nacl	7	no pH and no temperature
5	bacterial/modified_m63_medium_with_hydroxyectoine_and_2_5_m_nacl.yaml	CultureMech:007050	Modified m63 medium with hydroxyectoine and 2.5 m nacl	7	no pH and no temperature
5	bacterial/modified_m9_medium.yaml	CultureMech:009533	Modified M9 Medium	28	no pH and no temperature
5	bacterial/modified_m9_with_toluene.yaml	CultureMech:007089	Modified m9 with toluene	13	no pH and no temperature
5	bacterial/modified_makkars_medium_c.yaml	CultureMech:002381	MODIFIED MAKKAR'S MEDIUM C	13	no pH and no temperature
5	bacterial/modified_marine_medium.yaml	CultureMech:009799	Modified Marine Medium	16	no pH and no temperature
5	bacterial/modified_marine_medium_for_desulfovibrio_tokyoensis.yaml	CultureMech:009893	Modified Marine Medium For Desulfovibrio Tokyoensis	15	no pH and no temperature
5	bacterial/modified_marine_medium_for_dethiosulfobacter.yaml	CultureMech:009892	Modified Marine Medium For Dethiosulfobacter	16	no pH and no temperature
5	bacterial/modified_mb_medium.yaml	CultureMech:008203	Modified MB Medium	29	no pH and no temperature
5	bacterial/modified_mb_w_medium.yaml	CultureMech:008726	Modified MB/W medium	34	no pH and no temperature
5	bacterial/modified_medium_11.yaml	CultureMech:000648	MODIFIED MEDIUM 11	19	no pH and no temperature
5	bacterial/modified_medium_92.yaml	CultureMech:002102	MODIFIED MEDIUM 92	17	no pH and no temperature
5	bacterial/modified_medium_for_marine_spirochaetes.yaml	CultureMech:007786	Modified Medium For Marine Spirochaetes	11	no pH and no temperature
5	bacterial/modified_melin_norkrans_mmn_media.yaml	CultureMech:008678	Modified Melin Norkrans (MMN) Media	8	no pH and no temperature
5	bacterial/modified_mg_basal_medium.yaml	CultureMech:009129	Modified MG basal medium	34	no pH and no temperature
5	bacterial/modified_mj_nutrient_medium.yaml	CultureMech:009626	Modified MJ Nutrient Medium	15	no pH and no temperature
5	bacterial/modified_mjys_medium.yaml	CultureMech:008571	Modified MJYS medium	38	no pH and no temperature
5	bacterial/modified_mmjy_medium.yaml	CultureMech:008216	Modified MMJY Medium	41	no pH and no temperature
5	bacterial/modified_mrs.yaml	CultureMech:009331	Modified-MRS	14	no pH and no temperature
5	bacterial/modified_mv_medium.yaml	CultureMech:002476	MODIFIED MV MEDIUM	33	no pH and no temperature
5	bacterial/modified_nbrc_medium_802_ph_10_0_6_m_total_na.yaml	CultureMech:008430	Modified NBRC medium 802 (pH 10, 0.6 M total Na+)	8	no pH and no temperature
5	bacterial/modified_norkans_c_mnc.yaml	CultureMech:008440	Modified Norkans' C (MNC)	9	no pH and no temperature
5	bacterial/modified_nos_medium.yaml	CultureMech:002503	MODIFIED NOS MEDIUM	18	no pH and no temperature
5	bacterial/modified_p7_medium.yaml	CultureMech:009620	Modified P7 medium	33	no pH and no temperature
5	bacterial/modified_pfennig_medium_with_glucose.yaml	CultureMech:009529	Modified Pfennig Medium With Glucose	9	no pH and no temperature
5	bacterial/modified_pfennigs_medium_ii_green_sulfur_bacteria.yaml	CultureMech:008358	Modified Pfennig's Medium II (green sulfur bacteria)	23	no pH and no temperature
5	bacterial/modified_provasoli.yaml	CultureMech:000367	Modified Provasoli	12	no pH and no temperature
5	bacterial/modified_pyg_medium.yaml	CultureMech:008619	Modified PYG Medium	11	no pH and no temperature
5	bacterial/modified_reinforced_clostridial.yaml	CultureMech:009140	Modified Reinforced Clostridial	10	no pH and no temperature
5	bacterial/modified_reinforced_clostridial_medium_at_ph_8_0.yaml	CultureMech:002442	MODIFIED REINFORCED CLOSTRIDIAL MEDIUM AT pH 8.0	8	no pH and no temperature
5	bacterial/modified_rfennig_medium_with_ferrihydrite.yaml	CultureMech:009530	Modified Rfennig Medium With Ferrihydrite	9	no pH and no temperature
5	bacterial/modified_sap2_medium.yaml	CultureMech:003259	MODIFIED SAP2 MEDIUM	8	no pH and no temperature
5	bacterial/modified_schaedler_medium_infect_immun_29_768_777_1980_without_glucose_but_supplemented_with_0_1_m_sodium_lactate.yaml	CultureMech:009251	Modified Schaedler medium (Infect. Immun. 29:768-777,1980) without glucose but supplemented with 0.1 M sodium lactate	14	no pH and no temperature
5	bacterial/modified_sp_medium.yaml	CultureMech:008132	Modified SP Medium	10	no pH and no temperature
5	bacterial/modified_sphaerotilus_natans_ssp_sulfidivorans_medium.yaml	CultureMech:001148	Modified Sphaerotilus natans ssp. sulfidivorans medium	26	no pH and no temperature
5	bacterial/modified_sporomusa_medium.yaml	CultureMech:002830	MODIFIED SPOROMUSA MEDIUM	24	no pH and no temperature
5	bacterial/modified_tc_medium.yaml	CultureMech:008572	Modified Tc medium	41	no pH and no temperature
5	bacterial/modified_thermus_sv_medium.yaml	CultureMech:002971	MODIFIED THERMUS SV MEDIUM	11	no pH and no temperature
5	bacterial/modified_trypticase_soy_broth_mtsb.yaml	CultureMech:009452	Modified trypticase soy broth (mTSB)	8	no pH and no temperature
5	bacterial/modified_vogel_medium_maltose.yaml	CultureMech:007245	'Modified Vogel Medium (maltose	14	no pH and no temperature
5	bacterial/modified_vogel_medium_xylose.yaml	CultureMech:007210	'Modified Vogel Medium (xylose	14	no pH and no temperature
5	bacterial/modified_vwm_medium.yaml	CultureMech:005679	MODIFIED VWM MEDIUM	29	no pH and no temperature
5	bacterial/modified_vy_2_agar.yaml	CultureMech:008725	modified-VY/2-Agar	22	no pH and no temperature
5	bacterial/modified_w_medium.yaml	CultureMech:008507	Modified W-medium	15	no pH and no temperature
5	bacterial/modified_ws_medium.yaml	CultureMech:008371	Modified WS medium	36	no pH and no temperature
5	bacterial/modified_ws_medium_2.yaml	CultureMech:008703	Modified WS medium 2	35	no pH and no temperature
5	bacterial/modified_ycfa_medium.yaml	CultureMech:009545	Modified YCFA Medium	31	no pH and no temperature
5	bacterial/mogensen_minimal_medium_ethanol.yaml	CultureMech:007246	'Mogensen Minimal Medium (Ethanol	15	no pH and no temperature
5	bacterial/mogensen_minimal_medium_glucose.yaml	CultureMech:007207	'Mogensen Minimal Medium (Glucose	15	no pH and no temperature
5	bacterial/moorella_an10_medium.yaml	CultureMech:002989	MOORELLA AN10 MEDIUM	26	no pH and no temperature
5	bacterial/mops_medium.yaml	CultureMech:006993	Mops medium	16	no pH and no temperature
5	bacterial/mops_medium_vanbogelen.yaml	CultureMech:007057	MOPS medium; VanBogelen	11	no pH and no temperature
5	bacterial/mops_minimal_medium_bergholz_et_al.yaml	CultureMech:006989	'MOPS minimal medium (Bergholz et al	16	no pH and no temperature
5	bacterial/mops_morpholinethanesulfonic_acid_minimal_medium.yaml	CultureMech:009501	MOPS (morpholinethanesulfonic acid) minimal medium	16	no pH and no temperature
5	bacterial/mp.yaml	CultureMech:000368	MP	6	no pH and no temperature
5	bacterial/mpa_medium.yaml	CultureMech:008285	MPA Medium	33	no pH and no temperature
5	bacterial/mr_medium_d_fructose.yaml	CultureMech:007220	MR Medium + D-fructose	12	no pH and no temperature
5	bacterial/mrs_0_05_cysteine.yaml	CultureMech:008733	MRS + 0.05% Cysteine	13	no pH and no temperature
5	bacterial/mrs_10_fructose.yaml	CultureMech:008722	MRS + 10% Fructose	13	no pH and no temperature
5	bacterial/mrs_1_fructose.yaml	CultureMech:008427	MRS + 1% Fructose	13	no pH and no temperature
5	bacterial/mrs_20_sucrose.yaml	CultureMech:009562	MRS + 20 % sucrose	12	no pH and no temperature
5	bacterial/mrs_2_fructose.yaml	CultureMech:009560	MRS + 2 % fructose	13	no pH and no temperature
5	bacterial/mrs_2_fructose_apple_juice.yaml	CultureMech:009564	MRS + 2% Fructose + Apple Juice	15	no pH and no temperature
5	bacterial/mrs_5_nacl.yaml	CultureMech:008329	MRS + 5% NaCl	13	no pH and no temperature
5	bacterial/mrs_8_nacl.yaml	CultureMech:008262	MRS+8% NaCl	13	no pH and no temperature
5	bacterial/mrs_agar_slants.yaml	CultureMech:009005	MRS agar slants	11	no pH and no temperature
5	bacterial/mrs_broth.yaml	CultureMech:008826	MRS broth	11	no pH and no temperature
5	bacterial/mrs_ca.yaml	CultureMech:008692	MRS + Ca	12	no pH and no temperature
5	bacterial/mrs_de_man_rogosa_sharpe_medium.yaml	CultureMech:009477	MRS (de Man, Rogosa, Sharpe) medium	11	no pH and no temperature
5	bacterial/mrs_maltose_medium.yaml	CultureMech:009414	MRS Maltose Medium	3	no pH and no temperature
5	bacterial/mrs_medium_with_10_nacl.yaml	CultureMech:002615	MRS MEDIUM WITH 10% NaCl	3	no pH and no temperature
5	bacterial/mrs_medium_with_20_tomato_juice_ph_5_2.yaml	CultureMech:008568	MRS medium with 20% Tomato Juice (pH 5.2)	13	no pH and no temperature
5	bacterial/mrs_medium_with_2_5_nacl.yaml	CultureMech:002944	MRS MEDIUM WITH 2.5% NaCl	3	no pH and no temperature
5	bacterial/mrs_medium_with_5_nacl.yaml	CultureMech:002859	MRS MEDIUM WITH 5% NaCl	3	no pH and no temperature
5	bacterial/mrs_sodium_glutamate.yaml	CultureMech:008693	MRS + Sodium glutamate	13	no pH and no temperature
5	bacterial/mrssi.yaml	CultureMech:009065	MRSsi	11	no pH and no temperature
5	bacterial/ms10_medium.yaml	CultureMech:007308	MS10 Medium	27	no pH and no temperature
5	bacterial/ms10_medium_supplements_acetate_for_batch_cultivation.yaml	CultureMech:007315	MS10 Medium + Supplements + Acetate for Batch Cultivation	31	no pH and no temperature
5	bacterial/ms10_medium_supplements_for_batch_cultivation.yaml	CultureMech:007314	MS10 Medium + Supplements for Batch Cultivation	30	no pH and no temperature
5	bacterial/ms10_medium_supplements_for_batch_cultivation_modified.yaml	CultureMech:007316	'MS10 Medium + Supplements for Batch Cultivation (Modified	30	no pH and no temperature
5	bacterial/ms10_medium_supplements_for_continuous_cultivation.yaml	CultureMech:007313	MS10 Medium + Supplements for Continuous Cultivation	30	no pH and no temperature
5	bacterial/ms10r_medium.yaml	CultureMech:007309	MS10R Medium	28	no pH and no temperature
5	bacterial/ms13_medium.yaml	CultureMech:007311	MS13 Medium	15	no pH and no temperature
5	bacterial/ms15_medium.yaml	CultureMech:007312	MS15 Medium	18	no pH and no temperature
5	bacterial/ms_medium_modified.yaml	CultureMech:000583	MS-MEDIUM (MODIFIED)	22	no pH and no temperature
5	bacterial/ms_ocm_base_medium.yaml	CultureMech:009199	MS-OCM Base Medium	32	no pH and no temperature
5	bacterial/msf_medium.yaml	CultureMech:009685	MSF medium	26	no pH and no temperature
5	bacterial/msgg_medium_for_matrix_production_of_nbrc_xxxxxx.yaml	CultureMech:009572	MSgg medium for matrix production of NBRC XXXXXX	15	no pH and no temperature
5	bacterial/msv_medium_for_tetracoccus_cechii.yaml	CultureMech:001063	MSV MEDIUM FOR TETRACOCCUS CECHII	9	no pH and no temperature
5	bacterial/mtc10_medium.yaml	CultureMech:008426	mTC10 medium	13	no pH and no temperature
5	bacterial/mueller_hinton_ii_agar_with_1_glucose_and_1_glycerol.yaml	CultureMech:002855	MUELLER HINTON II AGAR WITH 1% GLUCOSE AND 1% GLYCEROL	3	no pH and no temperature
5	bacterial/mueller_hinton_medium.yaml	CultureMech:009463	Mueller-Hinton medium	8	no pH and no temperature
5	bacterial/mueller_hinton_medium_with_10_rabbit_serum_agar.yaml	CultureMech:009152	Mueller Hinton Medium with 10% Rabbit Serum (Agar)	6	no pH and no temperature
5	bacterial/mueller_hinton_mh_agar.yaml	CultureMech:009472	Mueller Hinton (MH) agar	4	no pH and no temperature
5	bacterial/mueller_hinton_mh_difco_agar.yaml	CultureMech:009481	Mueller-Hinton (MH; Difco) agar	4	no pH and no temperature
5	bacterial/mv_pyruvate_medium.yaml	CultureMech:002890	MV/PYRUVATE MEDIUM	30	no pH and no temperature
5	bacterial/mvl_medium.yaml	CultureMech:003083	MVL MEDIUM	14	no pH and no temperature
5	bacterial/mwc.yaml	CultureMech:000370	MWC	18	no pH and no temperature
5	bacterial/mwmm_medium.yaml	CultureMech:008719	MWMM medium	31	no pH and no temperature
5	bacterial/my10_12_medium.yaml	CultureMech:002164	MY10-12 MEDIUM	5	no pH and no temperature
5	bacterial/my50g.yaml	CultureMech:008657	MY50G	5	no pH and no temperature
5	bacterial/mycobacterium_intracellulare_medium.yaml	CultureMech:000731	MYCOBACTERIUM INTRACELLULARE MEDIUM	4	no pH and no temperature
5	bacterial/mycoplasma_medium_with_sucrose.yaml	CultureMech:008194	Mycoplasma Medium with Sucrose	5	no pH and no temperature
5	bacterial/mycorrhiza_medium.yaml	CultureMech:007965	Mycorrhiza Medium	4	no pH and no temperature
5	bacterial/mykorrhiza_medium.yaml	CultureMech:001531	MYKORRHIZA MEDIUM	8	no pH and no temperature
5	bacterial/mys_medium.yaml	CultureMech:002563	MYS MEDIUM	17	no pH and no temperature
5	bacterial/n_c_0_4_glycerol.yaml	CultureMech:007087	N-c- 0.4% glycerol	6	no pH and no temperature
5	bacterial/n_z_amine_a_medium.yaml	CultureMech:003155	N-Z AMINE A MEDIUM	4	no pH and no temperature
5	bacterial/na_medium.yaml	CultureMech:008757	NA medium	5	no pH and no temperature
5	bacterial/nad_s1_medium.yaml	CultureMech:003128	NAD S1 MEDIUM	30	no pH and no temperature
5	bacterial/nam_agar.yaml	CultureMech:002635	NAM AGAR	7	no pH and no temperature
5	bacterial/naphthalene_sulfonic_acid_medium.yaml	CultureMech:001659	NAPHTHALENE SULFONIC ACID MEDIUM	18	no pH and no temperature
5	bacterial/natroniella_medium_replace_trace_element_solution_sl_4_medium_457_with_trace_element_solution_sl_11_medium_784.yaml	CultureMech:006483	NATRONIELLA medium_replace_Trace element solution SL-4 (medium 457)_with_Trace element solution SL-11 (medium 784)	30	no pH and no temperature
5	bacterial/natronoarchaea_medium_with_starch.yaml	CultureMech:002375	NATRONOARCHAEA MEDIUM WITH STARCH	28	no pH and no temperature
5	bacterial/natural_seawater_medium_for_halophile.yaml	CultureMech:009537	Natural Seawater Medium For Halophile	8	no pH and no temperature
5	bacterial/nav_medium.yaml	CultureMech:008612	NAV medium	13	no pH and no temperature
5	bacterial/nby.yaml	CultureMech:008643	NBY	8	no pH and no temperature
5	bacterial/ncl.yaml	CultureMech:000375	NCL	5	no pH and no temperature
5	bacterial/ncl_0_01_npa.yaml	CultureMech:000378	NCL/0.01%NPA	6	no pH and no temperature
5	bacterial/ncl_mp.yaml	CultureMech:000376	NCL:MP	9	no pH and no temperature
5	bacterial/ncl_pj.yaml	CultureMech:000377	NCL:PJ	5	no pH and no temperature
5	bacterial/ncl_pj_0_01_npa.yaml	CultureMech:000379	NCL:PJ/0.01%NPA	6	no pH and no temperature
5	bacterial/ne23_3_medium.yaml	CultureMech:002854	NE23-3 MEDIUM	29	no pH and no temperature
5	bacterial/neutral_oligotrophic_haloarcheal_nom_medium.yaml	CultureMech:008750	Neutral Oligotrophic Haloarcheal (NOM) Medium	11	no pH and no temperature
5	bacterial/nhb_medium.yaml	CultureMech:008685	NHB Medium	10	no pH and no temperature
5	bacterial/nissui_plate_sheep_blood_agar_with_co2.yaml	CultureMech:008742	Nissui Plate Sheep Blood Agar with CO2	8	no pH and no temperature
5	bacterial/nitrate_mineral_salts_medium_nms_0_01_tryptone.yaml	CultureMech:008446	Nitrate mineral salts medium (NMS) + 0.01% Tryptone	22	no pH and no temperature
5	bacterial/nitrobacter_medium_203.yaml	CultureMech:008824	Nitrobacter Medium 203	13	no pH and no temperature
5	bacterial/nitrogen_free_sm_medium.yaml	CultureMech:008840	Nitrogen-free SM medium	14	no pH and no temperature
5	bacterial/nitrogen_limited_mineral_salts_medium.yaml	CultureMech:009587	Nitrogen-limited mineral salts medium	13	no pH and no temperature
5	bacterial/nitrogen_limited_mr_medium.yaml	CultureMech:007295	Nitrogen-limited MR medium	13	no pH and no temperature
5	bacterial/nitrosolobus_medium.yaml	CultureMech:008956	Nitrosolobus medium	15	no pH and no temperature
5	bacterial/nitrosomonas_mobilis_medium.yaml	CultureMech:008714	Nitrosomonas mobilis medium	19	no pH and no temperature
5	bacterial/nm_57_medium.yaml	CultureMech:003220	NM-57 MEDIUM	29	no pH and no temperature
5	bacterial/nmm_with_acetate.yaml	CultureMech:007051	NMM with acetate	10	no pH and no temperature
5	bacterial/nmm_with_glucose.yaml	CultureMech:007045	NMM with glucose	10	no pH and no temperature
5	bacterial/nmm_with_lactate.yaml	CultureMech:007047	Nmm with lactate	10	no pH and no temperature
5	bacterial/nmm_with_malate.yaml	CultureMech:007048	Nmm with malate	10	no pH and no temperature
5	bacterial/nmm_with_pyruvate.yaml	CultureMech:007046	NMM with pyruvate	10	no pH and no temperature
5	bacterial/nmm_with_succinate.yaml	CultureMech:007049	NMM with succinate	10	no pH and no temperature
5	bacterial/nms_modified_for_gela4.yaml	CultureMech:008567	NMS modified for Gela4	18	no pH and no temperature
5	bacterial/nn.yaml	CultureMech:000380	NN	6	no pH and no temperature
5	bacterial/npa.yaml	CultureMech:000381	NPA	5	no pH and no temperature
5	bacterial/nutrient_agar_10mg_l_mnso4.yaml	CultureMech:008850	Nutrient Agar + 10mg/L MnSO4	5	no pH and no temperature
5	bacterial/nutrient_agar_or_broth_with_nacl.yaml	CultureMech:000441	NUTRIENT AGAR or BROTH WITH NaCl	4	no pH and no temperature
5	bacterial/nutrient_agar_slant.yaml	CultureMech:009655	Nutrient agar slant	6	no pH and no temperature
5	bacterial/nutrient_bromothymol_blue_agar_nbta.yaml	CultureMech:001299	Nutrient bromothymol blue agar NBTA	4	no pH and no temperature
5	bacterial/nutrient_broth_5_nacl_ph_10_0.yaml	CultureMech:008325	Nutrient Broth + 5% NaCl (pH 10.0)	6	no pH and no temperature
5	bacterial/nutrient_broth_nb_agar.yaml	CultureMech:009085	Nutrient broth (NB) agar	7	no pH and no temperature
5	bacterial/nutrient_medium_glucose.yaml	CultureMech:007169	Nutrient medium + glucose	7	no pH and no temperature
5	bacterial/nutrient_medium_p_hydroxybenzoate.yaml	CultureMech:007208	Nutrient medium + p-hydroxybenzoate	7	no pH and no temperature
5	bacterial/nutrient_medium_protocatechuate.yaml	CultureMech:007219	Nutrient medium + protocatechuate	7	no pH and no temperature
5	bacterial/nutrient_medium_pyruvate.yaml	CultureMech:007180	Nutrient medium + pyruvate	7	no pH and no temperature
5	bacterial/nutrient_medium_quinate.yaml	CultureMech:007201	Nutrient medium + quinate	7	no pH and no temperature
5	bacterial/nutrient_medium_succinate.yaml	CultureMech:007190	Nutrient medium + succinate	7	no pH and no temperature
5	bacterial/nutrient_methanol_agar.yaml	CultureMech:002639	NUTRIENT-METHANOL AGAR	5	no pH and no temperature
5	bacterial/nutrient_rich_a_medium.yaml	CultureMech:009479	nutrient-rich A medium	16	no pH and no temperature
5	bacterial/nutrient_starch_agar.yaml	CultureMech:001357	NUTRIENT STARCH AGAR	4	no pH and no temperature
5	bacterial/nz_amine_with_soluble_starch_and_glucose_agar_medium.yaml	CultureMech:008078	NZ Amine with Soluble Starch and Glucose Agar Medium	7	no pH and no temperature
5	bacterial/nzcym_broth.yaml	CultureMech:009401	NZCYM broth	6	no pH and no temperature
5	bacterial/oa_y_agar.yaml	CultureMech:008058	OA-Y Agar	7	no pH and no temperature
5	bacterial/oatmeal_agar_b.yaml	CultureMech:008062	Oatmeal Agar (B)	6	no pH and no temperature
5	bacterial/oatmeal_agar_isp_medium_no_3.yaml	CultureMech:008009	Oatmeal Agar (ISP Medium No.3)	6	no pH and no temperature
5	bacterial/oatmeal_agar_isp_medium_no_3_ph_5_5.yaml	CultureMech:008392	Oatmeal Agar (ISP medium No.3, pH 5.5)	6	no pH and no temperature
5	bacterial/obsidian_pool_fermentor_opf_medium_modified_from_m_b_allen_1959.yaml	CultureMech:009237	Obsidian Pool fermentor (OPF) medium (modified from M. B. Allen, 1959)	28	no pH and no temperature
5	bacterial/oligotrophic_denitrification_liquid_medium.yaml	CultureMech:009661	Oligotrophic denitrification liquid medium	11	no pH and no temperature
5	bacterial/oligotrophic_ypg.yaml	CultureMech:009569	oligotrophic YPG	5	no pH and no temperature
5	bacterial/opitutus_terrae_medium.yaml	CultureMech:003095	OPITUTUS TERRAE MEDIUM	29	no pH and no temperature
5	bacterial/orenia_chitinitropha.yaml	CultureMech:001045	ORENIA CHITINITROPHA	26	no pH and no temperature
5	bacterial/orenia_metallireducens_medium.yaml	CultureMech:002316	ORENIA METALLIREDUCENS MEDIUM	38	no pH and no temperature
5	bacterial/osu967.yaml	CultureMech:009212	OSU967	23	no pH and no temperature
5	bacterial/p2_1_5_butanol_challenge.yaml	CultureMech:007439	P2, 1.5% butanol challenge	12	no pH and no temperature
5	bacterial/p2_1_butanol_challenge.yaml	CultureMech:007438	P2, 1% butanol challenge	12	no pH and no temperature
5	bacterial/p2_no_butanol_challenge.yaml	CultureMech:007436	P2, no butanol challenge	11	no pH and no temperature
5	bacterial/pa_5052.yaml	CultureMech:007079	PA-5052	35	no pH and no temperature
5	bacterial/pae_i_medium_0_1_w_v_urea.yaml	CultureMech:008401	Pae I Medium + 0.1% (w/v) Urea	7	no pH and no temperature
5	bacterial/pae_ii_medium.yaml	CultureMech:008404	Pae II Medium	9	no pH and no temperature
5	bacterial/pas.yaml	CultureMech:000385	PAS	5	no pH and no temperature
5	bacterial/payne_seghal_gibbons_medium_add_agar.yaml	CultureMech:008966	Payne, Seghal & Gibbons Medium (add agar)	10	no pH and no temperature
5	bacterial/pb90_1_medium.yaml	CultureMech:004771	PB90-1 MEDIUM	30	no pH and no temperature
5	bacterial/pc.yaml	CultureMech:000386	PC	5	no pH and no temperature
5	bacterial/pcr_s11_medium.yaml	CultureMech:008849	PCR-S11 medium	32	no pH and no temperature
5	bacterial/pda_hygromycin_medium.yaml	CultureMech:008534	PDA +Hygromycin medium	4	no pH and no temperature
5	bacterial/pda_ph_3_0.yaml	CultureMech:008445	PDA (pH 3.0)	4	no pH and no temperature
5	bacterial/pe.yaml	CultureMech:000387	PE	4	no pH and no temperature
5	bacterial/peat_medium_with_sucrose.yaml	CultureMech:002266	PEAT MEDIUM WITH SUCROSE	18	no pH and no temperature
5	bacterial/pectin_medium.yaml	CultureMech:001273	Pectin medium	6	no pH and no temperature
5	bacterial/pediococcus_halophilus_medium.yaml	CultureMech:004581	PEDIOCOCCUS HALOPHILUS medium	11	no pH and no temperature
5	bacterial/peg_basal_medium.yaml	CultureMech:008681	PEG basal medium	8	no pH and no temperature
5	bacterial/pelobacter_carbinolicus_medium.yaml	CultureMech:004759	PELOBACTER CARBINOLICUS MEDIUM	33	no pH and no temperature
5	bacterial/pelobacter_venetianus_medium.yaml	CultureMech:008360	Pelobacter venetianus Medium	22	no pH and no temperature
5	bacterial/pelotomaculum_medium_for_dsm_17711.yaml	CultureMech:009211	Pelotomaculum Medium (For DSM 17711)	35	no pH and no temperature
5	bacterial/pennassay_g_thy_medium.yaml	CultureMech:001675	PENNASSAY G-THY MEDIUM	3	no pH and no temperature
5	bacterial/peptococcus_glycinophilus_medium.yaml	CultureMech:001331	PEPTOCOCCUS GLYCINOPHILUS MEDIUM	18	no pH and no temperature
5	bacterial/peptone_czapeks_agar.yaml	CultureMech:009965	Peptone-Czapek's Agar	8	no pH and no temperature
5	bacterial/per.yaml	CultureMech:000388	PER	5	no pH and no temperature
5	bacterial/pes_provasoli_s_enriched_seawater_medium_7_psu_at_25_c.yaml	CultureMech:001163	PES - Provasoli´s Enriched Seawater-Medium (7 PSU at 25 °C)	13	no pH and no temperature
5	bacterial/petc_medium.yaml	CultureMech:009267	PETC medium	36	no pH and no temperature
5	bacterial/petc_mes_medium.yaml	CultureMech:009617	PETC-MES medium	32	no pH and no temperature
5	bacterial/petri_cellulose_medium.yaml	CultureMech:007959	Petri-Cellulose Medium	5	no pH and no temperature
5	bacterial/petrothermobacter_medium.yaml	CultureMech:008708	Petrothermobacter Medium	33	no pH and no temperature
5	bacterial/pfennig_s_medium.yaml	CultureMech:008863	Pfennig’s medium	15	no pH and no temperature
5	bacterial/pfennigs_medium_i_with_yeast_extract.yaml	CultureMech:005189	PFENNIG'S medium I WITH Yeast extract	13	no pH and no temperature
5	bacterial/pfennigs_medium_ii_with_salt.yaml	CultureMech:001518	PFENNIG'S MEDIUM II WITH SALT	23	no pH and no temperature
5	bacterial/pgyc.yaml	CultureMech:008565	PGYC	7	no pH and no temperature
5	bacterial/phb_agar.yaml	CultureMech:002437	PHB AGAR	8	no pH and no temperature
5	bacterial/phe91_medium.yaml	CultureMech:002884	PHE91 MEDIUM	26	no pH and no temperature
5	bacterial/phenylobacterium_medium.yaml	CultureMech:001464	PHENYLOBACTERIUM MEDIUM	17	no pH and no temperature
5	bacterial/phosphate_buffered_basal_medium_pbbm.yaml	CultureMech:009311	Phosphate-buffered basal medium (Pbbm)	33	no pH and no temperature
5	bacterial/phosphate_buffered_mineral_medium.yaml	CultureMech:008817	Phosphate-buffered mineral medium	8	no pH and no temperature
5	bacterial/phosphate_buffered_saline_ph_7_4.yaml	CultureMech:003233	PHOSPHATE-BUFFERED SALINE (pH 7.4)	4	no pH and no temperature
5	bacterial/phosphoac3_medium.yaml	CultureMech:003222	PHOSPHOAC3 MEDIUM	25	no pH and no temperature
5	bacterial/phototrophic_medium.yaml	CultureMech:003838	PHOTOTROPHIC MEDIUM	16	no pH and no temperature
5	bacterial/pikovskaya_pvk_medium.yaml	CultureMech:009662	Pikovskaya (PVK) medium	9	no pH and no temperature
5	bacterial/pityrosporum_medium.yaml	CultureMech:001601	PITYROSPORUM MEDIUM	5	no pH and no temperature
5	bacterial/pj.yaml	CultureMech:000389	PJ	4	no pH and no temperature
5	bacterial/pj_nn.yaml	CultureMech:000390	PJ/NN	9	no pH and no temperature
5	bacterial/pjc_with_3_4_dhpa.yaml	CultureMech:007431	Pjc with 3,4-dhpa	10	no pH and no temperature
5	bacterial/pjc_with_3_hpa.yaml	CultureMech:007310	Pjc with 3-hpa	10	no pH and no temperature
5	bacterial/pjc_with_4_hpa.yaml	CultureMech:007430	Pjc with 4-hpa	10	no pH and no temperature
5	bacterial/pjc_with_glucose.yaml	CultureMech:007432	PJC with glucose	10	no pH and no temperature
5	bacterial/pjc_with_glycerol.yaml	CultureMech:007434	Pjc with glycerol	10	no pH and no temperature
5	bacterial/pjc_with_succinate.yaml	CultureMech:007433	PJC with succinate	10	no pH and no temperature
5	bacterial/pmtg_agar.yaml	CultureMech:008348	PmTG agar	5	no pH and no temperature
5	bacterial/polymorhobacter_medium.yaml	CultureMech:001101	POLYMORHOBACTER MEDIUM	4	no pH and no temperature
5	bacterial/postgate_j_rs_medium_c.yaml	CultureMech:003000	POSTGATE J. R'S MEDIUM C	9	no pH and no temperature
5	bacterial/potato_carrot_agar_pca.yaml	CultureMech:007943	Potato Carrot Agar (PCA)	4	no pH and no temperature
5	bacterial/potato_dextrose_agar_pda.yaml	CultureMech:008210	Potato Dextrose Agar (PDA)	4	no pH and no temperature
5	bacterial/potato_solid_medium.yaml	CultureMech:009385	Potato solid medium	9	no pH and no temperature
5	bacterial/potato_sucrose_agar_psa.yaml	CultureMech:007942	Potato Sucrose Agar (PSA)	4	no pH and no temperature
5	bacterial/pp.yaml	CultureMech:000392	PP	5	no pH and no temperature
5	bacterial/ppg.yaml	CultureMech:000394	PPG	7	no pH and no temperature
5	bacterial/ppg_medium.yaml	CultureMech:008679	PPG medium	8	no pH and no temperature
5	bacterial/ppm.yaml	CultureMech:008662	PPM	22	no pH and no temperature
5	bacterial/ppye_medium.yaml	CultureMech:006649	PPYE medium	5	no pH and no temperature
5	bacterial/propionivibrio_acetivibrio_formivibrio_medium.yaml	CultureMech:005697	PROPIONIVIBRIO/ACETIVIBRIO/FORMIVIBRIO MEDIUM	30	no pH and no temperature
5	bacterial/proteiniphilus_5mh_medium.yaml	CultureMech:003218	PROTEINIPHILUS 5MH MEDIUM	22	no pH and no temperature
5	bacterial/protoplasting_medium.yaml	CultureMech:007216	Protoplasting Medium	7	no pH and no temperature
5	bacterial/psa_medium.yaml	CultureMech:009402	PSA medium	5	no pH and no temperature
5	bacterial/pseudomonas_agar_f.yaml	CultureMech:002075	PSEUDOMONAS AGAR F	6	no pH and no temperature
5	bacterial/pseudomonas_saccharophila_medium.yaml	CultureMech:008323	Pseudomonas saccharophila medium	9	no pH and no temperature
5	bacterial/pva_medium.yaml	CultureMech:008674	PVA medium	11	no pH and no temperature
5	bacterial/py4s_medium.yaml	CultureMech:009567	PY4S medium	18	no pH and no temperature
5	bacterial/py4sr_agar.yaml	CultureMech:002723	PY4SR AGAR	10	no pH and no temperature
5	bacterial/py_glucose_atcc_medium_1524_with_10_g_glucose_per_liter_of_medium.yaml	CultureMech:009274	PY-glucose (ATCC medium 1524) with 10 g glucose per liter of medium	20	no pH and no temperature
5	bacterial/py_medium_c.yaml	CultureMech:002936	PY MEDIUM (C)	10	no pH and no temperature
5	bacterial/pye_rich_medium.yaml	CultureMech:009405	PYE Rich medium	4	no pH and no temperature
5	bacterial/pye_top_agar.yaml	CultureMech:009407	PYE Top agar	6	no pH and no temperature
5	bacterial/pyg_agar.yaml	CultureMech:007964	PYG Agar	5	no pH and no temperature
5	bacterial/pyg_medium.yaml	CultureMech:008652	PYG Medium	20	no pH and no temperature
5	bacterial/pyg_medium_c.yaml	CultureMech:002806	PYG MEDIUM (C)	10	no pH and no temperature
5	bacterial/pyg_medium_k.yaml	CultureMech:009528	PYG Medium (K)	8	no pH and no temperature
5	bacterial/pyga_medium.yaml	CultureMech:002275	PYGA MEDIUM	7	no pH and no temperature
5	bacterial/pygv_marine_medium_a.yaml	CultureMech:009516	PYGV Marine Medium (A)	29	no pH and no temperature
5	bacterial/pygv_marine_medium_b.yaml	CultureMech:007647	PYGV Marine Medium (B)	4	no pH and no temperature
5	bacterial/pyruvate_minimal_media.yaml	CultureMech:007020	pyruvate minimal media	14	no pH and no temperature
5	bacterial/r2_broth.yaml	CultureMech:009127	R2 broth	10	no pH and no temperature
5	bacterial/r2a_0_1_tween_80.yaml	CultureMech:008482	R2A + 0.1% Tween 80	11	no pH and no temperature
5	bacterial/r2a_agar_with_artificial_seawater.yaml	CultureMech:003176	R2A AGAR WITH ARTIFICIAL SEAWATER	11	no pH and no temperature
5	bacterial/r2a_fumarate_anaerobic.yaml	CultureMech:009554	R2A + fumarate (anaerobic)	11	no pH and no temperature
5	bacterial/r2a_gellan_gum_plate.yaml	CultureMech:008478	R2A Gellan gum Plate	11	no pH and no temperature
5	bacterial/r2a_medium_ph_6_0.yaml	CultureMech:008521	R2A medium (pH 6.0)	10	no pH and no temperature
5	bacterial/r2a_with_0_1_methylamine.yaml	CultureMech:008687	R2A with 0.1% methylamine	10	no pH and no temperature
5	bacterial/r2a_with_asw.yaml	CultureMech:008749	R2A with ASW	9	no pH and no temperature
5	bacterial/r2a_with_nsw.yaml	CultureMech:008760	R2A with NSW	9	no pH and no temperature
5	bacterial/r_agar_with_0_5_tween_80.yaml	CultureMech:002660	R AGAR WITH 0.5% TWEEN 80	8	no pH and no temperature
5	bacterial/r_cw_agar.yaml	CultureMech:002521	R-CW AGAR	10	no pH and no temperature
5	bacterial/rdm.yaml	CultureMech:007197	RDM	42	no pH and no temperature
5	bacterial/rdm_10_mm_nacl.yaml	CultureMech:007198	RDM - 10 mM NaCl	43	no pH and no temperature
5	bacterial/rdm_20_mm_nacl.yaml	CultureMech:007199	RDM - 20 mM NaCl	43	no pH and no temperature
5	bacterial/rdm_50_mm_nacl.yaml	CultureMech:007200	RDM - 50 mM NaCl	43	no pH and no temperature
5	bacterial/rdm_base_medium_vitamins_maltose_0_5_g_l_nh4cl.yaml	CultureMech:007286	'RDM Base Medium + Vitamins + Maltose (0.5 g/L NH4Cl	25	no pH and no temperature
5	bacterial/rdm_base_medium_vitamins_maltose_1_g_l_nh4cl.yaml	CultureMech:007285	'RDM Base Medium + Vitamins + Maltose (1 g/L NH4Cl	25	no pH and no temperature
5	bacterial/reactivation_with_liquid_medium_115.yaml	CultureMech:000599	REACTIVATION WITH LIQUID MEDIUM 115	4	no pH and no temperature
5	bacterial/reconstituted_skim_milk_medium.yaml	CultureMech:009426	Reconstituted skim milk medium	4	no pH and no temperature
5	bacterial/reinforced_clostridial_medium_rcm_difco.yaml	CultureMech:009308	Reinforced Clostridial Medium (RCM) (Difco)	10	no pH and no temperature
5	bacterial/rgca_medium.yaml	CultureMech:009192	RGCA Medium	15	no pH and no temperature
5	bacterial/rhamnose_salt_medium.yaml	CultureMech:008068	Rhamnose Salt Medium	10	no pH and no temperature
5	bacterial/rhodobacter_veldkampii_medium.yaml	CultureMech:002025	RHODOBACTER VELDKAMPII MEDIUM	21	no pH and no temperature
5	bacterial/rhodobium_medium.yaml	CultureMech:001879	RHODOBIUM MEDIUM	17	no pH and no temperature
5	bacterial/rhodomicrobium_medium.yaml	CultureMech:008166	Rhodomicrobium Medium	19	no pH and no temperature
5	bacterial/rhodopseudomonas_rutila_medium.yaml	CultureMech:001764	RHODOPSEUDOMONAS RUTILA MEDIUM	13	no pH and no temperature
5	bacterial/roseibaca_calidilacus_medium.yaml	CultureMech:002310	ROSEIBACA CALIDILACUS MEDIUM	28	no pH and no temperature
5	bacterial/rpl.yaml	CultureMech:000396	RPL	5	no pH and no temperature
5	bacterial/rpl_0_01_rpa.yaml	CultureMech:000399	RPL/0.01%RPA	6	no pH and no temperature
5	bacterial/rpl_medium.yaml	CultureMech:008717	RPL medium	24	no pH and no temperature
5	bacterial/rpl_mp.yaml	CultureMech:000397	RPL:MP	9	no pH and no temperature
5	bacterial/rpl_pj.yaml	CultureMech:000398	RPL:PJ	5	no pH and no temperature
5	bacterial/rpl_pj_0_01_rpa.yaml	CultureMech:000400	RPL:PJ/0.01%RPA	6	no pH and no temperature
5	bacterial/rsulfac1_medium.yaml	CultureMech:003189	RSULFAC1 MEDIUM	24	no pH and no temperature
5	bacterial/rumen_fluid_glucose_cellobiose_agar.yaml	CultureMech:002494	RUMEN FLUID-GLUCOSE-CELLOBIOSE AGAR	16	no pH and no temperature
5	bacterial/rumen_fluid_xylan_agar.yaml	CultureMech:002495	RUMEN FLUID-XYLAN-AGAR	13	no pH and no temperature
5	bacterial/ruminococcus_albus_medium_maltose_1g_l_starch_1g_l.yaml	CultureMech:009193	Ruminococcus Albus Medium + maltose (1g/L), starch (1g/L)	24	no pH and no temperature
5	bacterial/s77_vitamins.yaml	CultureMech:000309	S77 + vitamins	12	no pH and no temperature
5	bacterial/s88_vitamins.yaml	CultureMech:000310	S88 + vitamins	23	no pH and no temperature
5	bacterial/s8_medium.yaml	CultureMech:003267	S8 MEDIUM	3	no pH and no temperature
5	bacterial/s_medium.yaml	CultureMech:009071	S medium	25	no pH and no temperature
5	bacterial/sa_medium.yaml	CultureMech:008107	SA Medium	28	no pH and no temperature
5	bacterial/sabourauds_agar.yaml	CultureMech:007948	Sabouraud's Agar	4	no pH and no temperature
5	bacterial/salinarimonas_medium.yaml	CultureMech:000626	Salinarimonas Medium	23	no pH and no temperature
5	bacterial/saline_basal_medium.yaml	CultureMech:009654	Saline basal medium	17	no pH and no temperature
5	bacterial/saline_tryptone_yeast_extract_broth.yaml	CultureMech:010091	Saline Tryptone-Yeast Extract Broth	5	no pH and no temperature
5	bacterial/salinisphaera_hydrothermalis_medium.yaml	CultureMech:000674	SALINISPHAERA HYDROTHERMALIS MEDIUM	6	no pH and no temperature
5	bacterial/salt_glucose_agar_sga.yaml	CultureMech:003228	SALT GLUCOSE AGAR (SGA)	4	no pH and no temperature
5	bacterial/salt_solution_25_sea_water_sw.yaml	CultureMech:009368	salt solution 25% sea water (SW)	10	no pH and no temperature
5	bacterial/salt_solution_25_sea_water_sw_agar_plate.yaml	CultureMech:009369	salt solution 25% sea water (SW) agar plate	11	no pH and no temperature
5	bacterial/saltwater_iron_oxidizing_bacteria_medium.yaml	CultureMech:002975	SALTWATER IRON-OXIDIZING BACTERIA MEDIUM	8	no pH and no temperature
5	bacterial/saltwater_iron_oxidizing_bacteria_medium_ii.yaml	CultureMech:002248	SALTWATER IRON-OXIDIZING BACTERIA  MEDIUM-II	31	no pH and no temperature
5	bacterial/saltwater_medium_for_oceanic_aoa.yaml	CultureMech:002365	SALTWATER MEDIUM FOR OCEANIC AOA	19	no pH and no temperature
5	bacterial/saltwater_medium_with_acetate_and_ferric_citrate.yaml	CultureMech:002812	SALTWATER MEDIUM WITH ACETATE AND FERRIC CITRATE	33	no pH and no temperature
5	bacterial/sbbm.yaml	CultureMech:000403	SBBM	24	no pH and no temperature
5	bacterial/scgyem_medium.yaml	CultureMech:000984	SCGYEM- MEDIUM	9	no pH and no temperature
5	bacterial/sea_salts_yeast_extract_glucose_medium.yaml	CultureMech:007654	Sea Salts Yeast Extract Glucose Medium	12	no pH and no temperature
5	bacterial/sea_salts_yeast_extract_peptone_medium.yaml	CultureMech:007750	Sea Salts Yeast Extract Peptone Medium	6	no pH and no temperature
5	bacterial/seawater_pyruvate_thiosulfate_medium.yaml	CultureMech:002276	SEAWATER PYRUVATE THIOSULFATE MEDIUM	32	no pH and no temperature
5	bacterial/seawater_starch_agar_sws.yaml	CultureMech:007953	Seawater Starch Agar (SWS)	3	no pH and no temperature
5	bacterial/seawater_ypg.yaml	CultureMech:000611	SEAWATER YPG	5	no pH and no temperature
5	bacterial/semisolid_brucella_broth.yaml	CultureMech:001842	SEMISOLID BRUCELLA BROTH	6	no pH and no temperature
5	bacterial/semisolid_lgi_medium.yaml	CultureMech:009386	Semisolid LGI medium	11	no pH and no temperature
5	bacterial/serpulina_murdochii_medium.yaml	CultureMech:001996	SERPULINA MURDOCHII MEDIUM	10	no pH and no temperature
5	bacterial/ses.yaml	CultureMech:000407	SES	4	no pH and no temperature
5	bacterial/ses_mp.yaml	CultureMech:000408	SES:MP	9	no pH and no temperature
5	bacterial/ses_pj.yaml	CultureMech:000409	SES:PJ	6	no pH and no temperature
5	bacterial/sgp7_0.yaml	CultureMech:009681	SGP7.0	10	no pH and no temperature
5	bacterial/shrimp_agar.yaml	CultureMech:008208	Shrimp agar	3	no pH and no temperature
5	bacterial/simonsiella_medium.yaml	CultureMech:001403	SIMONSIELLA MEDIUM	7	no pH and no temperature
5	bacterial/skim_milk_hornmeal_mineral_agar.yaml	CultureMech:001549	SKIM MILK-HORNMEAL-MINERAL AGAR	8	no pH and no temperature
5	bacterial/sl7_solid_medium.yaml	CultureMech:009649	SL7 solid medium	9	no pH and no temperature
5	bacterial/sl7_solution.yaml	CultureMech:009648	SL7 solution	8	no pH and no temperature
5	bacterial/sna.yaml	CultureMech:000410	SNA	6	no pH and no temperature
5	bacterial/sna_5.yaml	CultureMech:000412	SNA/5	6	no pH and no temperature
5	bacterial/solid_medium.yaml	CultureMech:009673	Solid medium	5	no pH and no temperature
5	bacterial/song_cdm.yaml	CultureMech:007188	Song cdm	17	no pH and no temperature
5	bacterial/song_optimal_cdm.yaml	CultureMech:007189	Song Optimal CDM	24	no pH and no temperature
5	bacterial/sot_medium.yaml	CultureMech:009080	SOT medium	16	no pH and no temperature
5	bacterial/soybean_casein_digest_agar.yaml	CultureMech:008245	Soybean Casein Digest Agar	5	no pH and no temperature
5	bacterial/soybean_casein_digest_broth.yaml	CultureMech:008246	Soybean Casein Digest Broth	6	no pH and no temperature
5	bacterial/sp.yaml	CultureMech:000413	SP	24	no pH and no temperature
5	bacterial/sphaerotilus_natans_subspec_sulfidivorans_medium.yaml	CultureMech:001147	Sphaerotilus natans subspec. sulfidivorans medium	26	no pH and no temperature
5	bacterial/spirulina_ogawa_terui_sot_medium.yaml	CultureMech:008795	Spirulina–Ogawa–Terui (SOT) medium	15	no pH and no temperature
5	bacterial/spizizens_medium_trace_elements_0_2_glutamate_50_ug_ml_tryptophan_and_phenylalanine_1_glucose_0_2_kno3_nakano_et_al_n.yaml	CultureMech:007104	Spizizen's medium + trace elements + 0.2% glutamate + 50 ug/mL tryptophan and phenylalanine + 1% glucose + 0.2% KNO3; Nakano et al','N	18	no pH and no temperature
5	bacterial/spizizens_medium_trace_elements_0_2_glutamate_50_ug_ml_tryptophan_and_phenylalanine_1_glucose_1_pyruvate_nakano_et_al_n.yaml	CultureMech:007106	Spizizen's medium + trace elements + 0.2% glutamate + 50 ug/mL tryptophan and phenylalanine + 1% glucose + 1% pyruvate; Nakano et al','N	18	no pH and no temperature
5	bacterial/spizizens_medium_trace_elements_0_2_glutamate_50_ug_ml_tryptophan_and_phenylalanine_1_glucose_nakano_et_al_n.yaml	CultureMech:007101	Spizizen's medium + trace elements + 0.2% glutamate + 50 ug/mL tryptophan and phenylalanine + 1% glucose; Nakano et al','N	17	no pH and no temperature
5	bacterial/spizizens_medium_trace_elements_0_2_glutamate_50_ug_ml_tryptophan_and_phenylalanine_1_glycerol_0_2_fumarate_nakano_et_al_n.yaml	CultureMech:007107	Spizizen's medium + trace elements + 0.2% glutamate + 50 ug/mL tryptophan and phenylalanine + 1% glycerol + 0.2% fumarate; Nakano et al','N	18	no pH and no temperature
5	bacterial/spizizens_medium_trace_elements_0_2_glutamate_50_ug_ml_tryptophan_and_phenylalanine_1_glycerol_0_2_kno3_nakano_et_al_n.yaml	CultureMech:007105	Spizizen's medium + trace elements + 0.2% glutamate + 50 ug/mL tryptophan and phenylalanine + 1% glycerol + 0.2% KNO3; Nakano et al','N	18	no pH and no temperature
5	bacterial/spizizens_medium_trace_elements_0_2_glutamate_50_ug_ml_tryptophan_and_phenylalanine_1_glycerol_nakano_et_al_n.yaml	CultureMech:007102	Spizizen's medium + trace elements + 0.2% glutamate + 50 ug/mL tryptophan and phenylalanine + 1% glycerol; Nakano et al','N	17	no pH and no temperature
5	bacterial/spizizens_medium_trace_elements_amino_acids_sln_1_glucose_0_2_kno3_nakano_et_al_n.yaml	CultureMech:007110	Spizizen's medium + trace elements + amino acids sln + 1% glucose + 0.2% KNO3; Nakano et al','N	35	no pH and no temperature
5	bacterial/spizizens_medium_trace_elements_amino_acids_sln_1_glucose_1_pyruvate_nakano_et_al_n.yaml	CultureMech:007112	Spizizen's medium + trace elements + amino acids sln + 1% glucose + 1% pyruvate; Nakano et al','N	35	no pH and no temperature
5	bacterial/spizizens_medium_trace_elements_amino_acids_sln_1_glucose_nakano_et_al_n.yaml	CultureMech:007108	Spizizen's medium + trace elements + amino acids sln + 1% glucose; Nakano et al','N	34	no pH and no temperature
5	bacterial/spizizens_medium_trace_elements_amino_acids_sln_1_glycerol_0_2_fumarate_nakano_et_al_n.yaml	CultureMech:007113	Spizizen's medium + trace elements + amino acids sln + 1% glycerol + 0.2% fumarate; Nakano et al','N	35	no pH and no temperature
5	bacterial/spizizens_medium_trace_elements_amino_acids_sln_1_glycerol_0_2_kno3_nakano_et_al_n.yaml	CultureMech:007111	Spizizen's medium + trace elements + amino acids sln + 1% glycerol + 0.2% KNO3; Nakano et al','N	35	no pH and no temperature
5	bacterial/spizizens_medium_trace_elements_amino_acids_sln_1_glycerol_nakano_et_al_n.yaml	CultureMech:007109	Spizizen's medium + trace elements + amino acids sln + 1% glycerol; Nakano et al','N	34	no pH and no temperature
5	bacterial/sporolituus_thermophilus_medium.yaml	CultureMech:000303	SPOROLITUUS THERMOPHILUS MEDIUM	31	no pH and no temperature
5	bacterial/sporomusa_medium_modified.yaml	CultureMech:004966	SPOROMUSA medium (MODIFIED)	36	no pH and no temperature
5	bacterial/sporulation_medium.yaml	CultureMech:001663	SPORULATION MEDIUM	7	no pH and no temperature
5	bacterial/srb_psychrophile_medium.yaml	CultureMech:006692	SRB-PSYCHROPHILE MEDIUM	35	no pH and no temperature
5	bacterial/st65_medium.yaml	CultureMech:002217	ST65 MEDIUM	37	no pH and no temperature
5	bacterial/standard_petc_medium.yaml	CultureMech:009621	Standard PETC medium	37	no pH and no temperature
5	bacterial/starch_casein_agar_sca_ph_5_5.yaml	CultureMech:008526	Starch casein agar (SCA, pH 5.5)	10	no pH and no temperature
5	bacterial/starch_nitrate_medium.yaml	CultureMech:002015	STARCH NITRATE MEDIUM	10	no pH and no temperature
5	bacterial/succinate_salt_schaechter_et_al.yaml	CultureMech:007124	Succinate salt; Schaechter et al	6	no pH and no temperature
5	bacterial/sucrose_nitrate_agar_czapek_dox_agar.yaml	CultureMech:009827	Sucrose-Nitrate Agar (Czapek-DOX Agar)	8	no pH and no temperature
5	bacterial/sulfate_free_metako_medium.yaml	CultureMech:002299	SULFATE-FREE METAKO MEDIUM	41	no pH and no temperature
5	bacterial/sulfate_reducer_medium.yaml	CultureMech:008211	Sulfate Reducer Medium	37	no pH and no temperature
5	bacterial/sulfate_reducing_bacterium_medium_with_2_nacl_and_lactate.yaml	CultureMech:002973	SULFATE-REDUCING BACTERIUM MEDIUM WITH 2% NaCl AND LACTATE	22	no pH and no temperature
5	bacterial/sulfer_free_mineral_medium_sfmm.yaml	CultureMech:008622	Sulfer-Free Mineral Medium (SFMM)	21	no pH and no temperature
5	bacterial/sulfur_oxidizer_medium.yaml	CultureMech:008328	Sulfur-oxidizer Medium	35	no pH and no temperature
5	bacterial/sulfur_oxidizing_bacteria_medium.yaml	CultureMech:008242	Sulfur-oxidizing bacteria medium	34	no pH and no temperature
5	bacterial/sulfur_oxidizing_bacterium_medium.yaml	CultureMech:008706	Sulfur-oxidizing bacterium medium	34	no pH and no temperature
5	bacterial/supplemented_bg11_glucose.yaml	CultureMech:007291	Supplemented BG11 + Glucose 	17	no pH and no temperature
5	bacterial/supplemented_bg11_mutant.yaml	CultureMech:007292	'Supplemented BG11 (Mutant	21	no pH and no temperature
5	bacterial/supplemented_m9_rhee.yaml	CultureMech:007006	'Supplemented m9 (rhee	15	no pH and no temperature
5	bacterial/supplemented_middlebrook.yaml	CultureMech:008987	Supplemented Middlebrook	26	no pH and no temperature
5	bacterial/surf_ana_1_medium.yaml	CultureMech:007836	SURF-ANA-1 Medium	18	no pH and no temperature
5	bacterial/svo_medium.yaml	CultureMech:009126	SVO medium	36	no pH and no temperature
5	bacterial/svx8_medium.yaml	CultureMech:002216	SVX8 MEDIUM	37	no pH and no temperature
5	bacterial/swm_medium.yaml	CultureMech:005693	SWM-MEDIUM	29	no pH and no temperature
5	bacterial/swmty_marine_medium.yaml	CultureMech:008800	Swmty-Marine Medium	16	no pH and no temperature
5	bacterial/synthetic_dextrose_sd_minimal_medium.yaml	CultureMech:008682	Synthetic Dextrose (SD) Minimal Medium	4	no pH and no temperature
5	bacterial/synthetic_medium.yaml	CultureMech:007203	Synthetic medium	23	no pH and no temperature
5	bacterial/synthetic_medium_c.yaml	CultureMech:007214	Synthetic Medium C	31	no pH and no temperature
5	bacterial/synthetic_medium_with_15_amino_acids.yaml	CultureMech:007213	Synthetic Medium with 15 amino acids	30	no pH and no temperature
5	bacterial/syntrophomonas_medium_without_sulfate.yaml	CultureMech:002903	SYNTROPHOMONAS MEDIUM WITHOUT SULFATE	25	no pH and no temperature
5	bacterial/syntrophomonas_palmiticicum_medium.yaml	CultureMech:002923	SYNTROPHOMONAS PALMITICICUM MEDIUM	29	no pH and no temperature
5	bacterial/syntrophus_aciditrophicus_medium.yaml	CultureMech:003308	SYNTROPHUS ACIDITROPHICUS MEDIUM	27	no pH and no temperature
5	bacterial/syntrophus_medium.yaml	CultureMech:004741	SYNTROPHUS medium	35	no pH and no temperature
5	bacterial/t2_medium_for_thiobacillus.yaml	CultureMech:008823	T2 medium for Thiobacillus	16	no pH and no temperature
5	bacterial/t5.yaml	CultureMech:008696	T5	6	no pH and no temperature
5	bacterial/tb2_medium.yaml	CultureMech:002791	TB2 MEDIUM	26	no pH and no temperature
5	bacterial/tcp_medium.yaml	CultureMech:008257	TcP Medium	35	no pH and no temperature
5	bacterial/tea_fungus_medium.yaml	CultureMech:001367	TEA FUNGUS MEDIUM	3	no pH and no temperature
5	bacterial/tepidibacillus_decaturensis_medium.yaml	CultureMech:002315	TEPIDIBACILLUS DECATURENSIS MEDIUM	37	no pH and no temperature
5	bacterial/tepidibacillus_marianaensis_medium.yaml	CultureMech:009691	Tepidibacillus Marianaensis Medium	13	no pH and no temperature
5	bacterial/tepidibacter_mesophilus_medium.yaml	CultureMech:003167	TEPIDIBACTER MESOPHILUS MEDIUM	31	no pH and no temperature
5	bacterial/tepidimicrobium_xylanilyticum_medium.yaml	CultureMech:003158	TEPIDIMICROBIUM XYLANILYTICUM MEDIUM	33	no pH and no temperature
5	bacterial/tetragenococcus_halophilus_medium_to_mrs_medium_add_6_5_nacl.yaml	CultureMech:008170	Tetragenococcus halophilus Medium (To MRS Medium add 6.5% NaCl)	13	no pH and no temperature
5	bacterial/tetragenococcus_muriaticus_medium_mrs_medium_10_nacl_ph_7_5_8_0.yaml	CultureMech:008171	Tetragenococcus muriaticus Medium (MRS Medium + 10% NaCl, pH 7.5-8.0)	13	no pH and no temperature
5	bacterial/tetramethyl_ammonium_medium.yaml	CultureMech:002507	TETRAMETHYL AMMONIUM MEDIUM	16	no pH and no temperature
5	bacterial/tg_agar.yaml	CultureMech:008473	TG agar	4	no pH and no temperature
5	bacterial/thb_agar_plates_containing_5_vol_vol_sheep_blood.yaml	CultureMech:008848	THB agar plates containing 5% (vol/vol) sheep blood	9	no pH and no temperature
5	bacterial/the_basal_medium.yaml	CultureMech:009163	The basal medium	35	no pH and no temperature
5	bacterial/thermaerobacter_ty_medium.yaml	CultureMech:003077	THERMAEROBACTER TY MEDIUM	5	no pH and no temperature
5	bacterial/thermanaerobacter_thermophila_medium.yaml	CultureMech:007521	Thermanaerobacter Thermophila Medium	13	no pH and no temperature
5	bacterial/thermanaeromonas_medium.yaml	CultureMech:008254	Thermanaeromonas Medium	36	no pH and no temperature
5	bacterial/thermobacter_roseum_medium.yaml	CultureMech:003247	THERMOBACTER ROSEUM MEDIUM	29	no pH and no temperature
5	bacterial/thermodesulfobium_narugense_medium.yaml	CultureMech:008133	Thermodesulfobium narugense Medium	35	no pH and no temperature
5	bacterial/thermogutta_hypogea_medium.yaml	CultureMech:002215	THERMOGUTTA HYPOGEA MEDIUM	37	no pH and no temperature
5	bacterial/thermoheterotroph_medium.yaml	CultureMech:008379	Thermoheterotroph medium	36	no pH and no temperature
5	bacterial/thermophilic_rc_i_medium.yaml	CultureMech:008425	Thermophilic RC-I medium	36	no pH and no temperature
5	bacterial/thermotoga_lettingae_medium.yaml	CultureMech:008505	Thermotoga lettingae medium	30	no pH and no temperature
5	bacterial/thermotoga_maritima_medium.yaml	CultureMech:008204	Thermotoga maritima Medium	29	no pH and no temperature
5	bacterial/thermovorax_subterraneus_medium.yaml	CultureMech:003060	THERMOVORAX SUBTERRANEUS MEDIUM	36	no pH and no temperature
5	bacterial/thermus_nutrient_medium.yaml	CultureMech:008220	Thermus Nutrient Medium	7	no pH and no temperature
5	bacterial/thiamine_limiting_minimal_media_hassan_et_al.yaml	CultureMech:007004	'thiamine limiting minimal media (Hassan et al	7	no pH and no temperature
5	bacterial/thiomonas_cuprina_medium.yaml	CultureMech:009546	Thiomonas cuprina medium	22	no pH and no temperature
5	bacterial/threonine_salt_schaechter_et_al.yaml	CultureMech:007131	Threonine salt; schaechter et al	6	no pH and no temperature
5	bacterial/tibi_medium.yaml	CultureMech:001362	TIBI MEDIUM	4	no pH and no temperature
5	bacterial/todd_hewitt_broth_supplemented_with_0_2_yeast_extract.yaml	CultureMech:009334	Todd-Hewitt broth supplemented with 0.2% yeast extract	8	no pH and no temperature
5	bacterial/todd_hewitt_broth_thb_difco.yaml	CultureMech:008847	Todd-Hewitt broth (THB; Difco)	7	no pH and no temperature
5	bacterial/togo_medium_m108.yaml	CultureMech:007606	(Unnamed medium)	4	no pH and no temperature
5	bacterial/togo_medium_m1083.yaml	CultureMech:007599	(Unnamed medium)	9	no pH and no temperature
5	bacterial/togo_medium_m1111.yaml	CultureMech:007631	(Unnamed medium)	21	no pH and no temperature
5	bacterial/togo_medium_m1318.yaml	CultureMech:007854	(Unnamed medium)	9	no pH and no temperature
5	bacterial/togo_medium_m1335.yaml	CultureMech:007871	(Unnamed medium)	11	no pH and no temperature
5	bacterial/togo_medium_m1358.yaml	CultureMech:007895	(Unnamed medium)	10	no pH and no temperature
5	bacterial/togo_medium_m1359.yaml	CultureMech:007896	(Unnamed medium)	10	no pH and no temperature
5	bacterial/togo_medium_m1360.yaml	CultureMech:007898	(Unnamed medium)	16	no pH and no temperature
5	bacterial/togo_medium_m1408.yaml	CultureMech:007944	(Unnamed medium)	5	no pH and no temperature
5	bacterial/togo_medium_m1409.yaml	CultureMech:007945	(Unnamed medium)	5	no pH and no temperature
5	bacterial/togo_medium_m1414.yaml	CultureMech:007951	(Unnamed medium)	8	no pH and no temperature
5	bacterial/togo_medium_m1415.yaml	CultureMech:007952	(Unnamed medium)	8	no pH and no temperature
5	bacterial/togo_medium_m1429.yaml	CultureMech:007967	(Unnamed medium)	7	no pH and no temperature
5	bacterial/togo_medium_m1430.yaml	CultureMech:007969	(Unnamed medium)	7	no pH and no temperature
5	bacterial/togo_medium_m1433.yaml	CultureMech:007972	(Unnamed medium)	6	no pH and no temperature
5	bacterial/togo_medium_m1435.yaml	CultureMech:007974	(Unnamed medium)	8	no pH and no temperature
5	bacterial/togo_medium_m1443.yaml	CultureMech:007983	(Unnamed medium)	8	no pH and no temperature
5	bacterial/togo_medium_m1445.yaml	CultureMech:007985	(Unnamed medium)	10	no pH and no temperature
5	bacterial/togo_medium_m1449.yaml	CultureMech:007989	(Unnamed medium)	11	no pH and no temperature
5	bacterial/togo_medium_m1450.yaml	CultureMech:007991	(Unnamed medium)	9	no pH and no temperature
5	bacterial/togo_medium_m1451.yaml	CultureMech:007992	(Unnamed medium)	9	no pH and no temperature
5	bacterial/togo_medium_m1452.yaml	CultureMech:007993	(Unnamed medium)	11	no pH and no temperature
5	bacterial/togo_medium_m1454.yaml	CultureMech:007995	(Unnamed medium)	3	no pH and no temperature
5	bacterial/togo_medium_m1457.yaml	CultureMech:007998	(Unnamed medium)	5	no pH and no temperature
5	bacterial/togo_medium_m1460.yaml	CultureMech:008002	(Unnamed medium)	18	no pH and no temperature
5	bacterial/togo_medium_m1461.yaml	CultureMech:008003	(Unnamed medium)	7	no pH and no temperature
5	bacterial/togo_medium_m1462.yaml	CultureMech:008004	(Unnamed medium)	8	no pH and no temperature
5	bacterial/togo_medium_m1463.yaml	CultureMech:008005	(Unnamed medium)	7	no pH and no temperature
5	bacterial/togo_medium_m1464.yaml	CultureMech:008006	(Unnamed medium)	6	no pH and no temperature
5	bacterial/togo_medium_m1465.yaml	CultureMech:008007	(Unnamed medium)	6	no pH and no temperature
5	bacterial/togo_medium_m1470.yaml	CultureMech:008013	(Unnamed medium)	48	no pH and no temperature
5	bacterial/togo_medium_m1471.yaml	CultureMech:008014	(Unnamed medium)	8	no pH and no temperature
5	bacterial/togo_medium_m1472.yaml	CultureMech:008015	(Unnamed medium)	8	no pH and no temperature
5	bacterial/togo_medium_m1475.yaml	CultureMech:008018	(Unnamed medium)	9	no pH and no temperature
5	bacterial/togo_medium_m1476.yaml	CultureMech:008019	(Unnamed medium)	11	no pH and no temperature
5	bacterial/togo_medium_m1477.yaml	CultureMech:008020	(Unnamed medium)	11	no pH and no temperature
5	bacterial/togo_medium_m1478.yaml	CultureMech:008021	(Unnamed medium)	8	no pH and no temperature
5	bacterial/togo_medium_m1479.yaml	CultureMech:008022	(Unnamed medium)	7	no pH and no temperature
5	bacterial/togo_medium_m1480.yaml	CultureMech:008024	(Unnamed medium)	7	no pH and no temperature
5	bacterial/togo_medium_m1481.yaml	CultureMech:008025	(Unnamed medium)	34	no pH and no temperature
5	bacterial/togo_medium_m1493.yaml	CultureMech:008038	(Unnamed medium)	6	no pH and no temperature
5	bacterial/togo_medium_m1495.yaml	CultureMech:008040	(Unnamed medium)	25	no pH and no temperature
5	bacterial/togo_medium_m1497.yaml	CultureMech:008042	(Unnamed medium)	8	no pH and no temperature
5	bacterial/togo_medium_m1498.yaml	CultureMech:008043	(Unnamed medium)	9	no pH and no temperature
5	bacterial/togo_medium_m1501.yaml	CultureMech:008046	(Unnamed medium)	11	no pH and no temperature
5	bacterial/togo_medium_m1502.yaml	CultureMech:008047	(Unnamed medium)	16	no pH and no temperature
5	bacterial/togo_medium_m1503.yaml	CultureMech:008048	(Unnamed medium)	8	no pH and no temperature
5	bacterial/togo_medium_m1504.yaml	CultureMech:008049	(Unnamed medium)	8	no pH and no temperature
5	bacterial/togo_medium_m1506.yaml	CultureMech:008050	(Unnamed medium)	8	no pH and no temperature
5	bacterial/togo_medium_m1507.yaml	CultureMech:008051	(Unnamed medium)	9	no pH and no temperature
5	bacterial/togo_medium_m1508.yaml	CultureMech:008052	(Unnamed medium)	33	no pH and no temperature
5	bacterial/togo_medium_m1509.yaml	CultureMech:008053	(Unnamed medium)	9	no pH and no temperature
5	bacterial/togo_medium_m1510.yaml	CultureMech:008055	(Unnamed medium)	3	no pH and no temperature
5	bacterial/togo_medium_m1515.yaml	CultureMech:008060	(Unnamed medium)	11	no pH and no temperature
5	bacterial/togo_medium_m1516.yaml	CultureMech:008061	(Unnamed medium)	12	no pH and no temperature
5	bacterial/togo_medium_m1518.yaml	CultureMech:008063	(Unnamed medium)	11	no pH and no temperature
5	bacterial/togo_medium_m1519.yaml	CultureMech:008064	(Unnamed medium)	12	no pH and no temperature
5	bacterial/togo_medium_m1520.yaml	CultureMech:008066	(Unnamed medium)	9	no pH and no temperature
5	bacterial/togo_medium_m1526.yaml	CultureMech:008072	(Unnamed medium)	11	no pH and no temperature
5	bacterial/togo_medium_m1527.yaml	CultureMech:008073	(Unnamed medium)	7	no pH and no temperature
5	bacterial/togo_medium_m1529.yaml	CultureMech:008075	(Unnamed medium)	4	no pH and no temperature
5	bacterial/togo_medium_m1530.yaml	CultureMech:008077	(Unnamed medium)	4	no pH and no temperature
5	bacterial/togo_medium_m1532.yaml	CultureMech:008079	(Unnamed medium)	8	no pH and no temperature
5	bacterial/togo_medium_m1533.yaml	CultureMech:008080	(Unnamed medium)	6	no pH and no temperature
5	bacterial/togo_medium_m1534.yaml	CultureMech:008081	(Unnamed medium)	7	no pH and no temperature
5	bacterial/togo_medium_m1535.yaml	CultureMech:008082	(Unnamed medium)	4	no pH and no temperature
5	bacterial/togo_medium_m1536.yaml	CultureMech:008083	(Unnamed medium)	6	no pH and no temperature
5	bacterial/togo_medium_m1537.yaml	CultureMech:008084	(Unnamed medium)	5	no pH and no temperature
5	bacterial/togo_medium_m1538.yaml	CultureMech:008085	(Unnamed medium)	5	no pH and no temperature
5	bacterial/togo_medium_m1552.yaml	CultureMech:008101	(Unnamed medium)	4	no pH and no temperature
5	bacterial/togo_medium_m1555.yaml	CultureMech:008103	(Unnamed medium)	5	no pH and no temperature
5	bacterial/togo_medium_m1557.yaml	CultureMech:008105	(Unnamed medium)	5	no pH and no temperature
5	bacterial/togo_medium_m1558.yaml	CultureMech:008106	(Unnamed medium)	5	no pH and no temperature
5	bacterial/togo_medium_m1560.yaml	CultureMech:008109	(Unnamed medium)	32	no pH and no temperature
5	bacterial/togo_medium_m1561.yaml	CultureMech:008110	(Unnamed medium)	5	no pH and no temperature
5	bacterial/togo_medium_m1562.yaml	CultureMech:008111	(Unnamed medium)	5	no pH and no temperature
5	bacterial/togo_medium_m1563.yaml	CultureMech:008112	(Unnamed medium)	4	no pH and no temperature
5	bacterial/togo_medium_m1564.yaml	CultureMech:008113	(Unnamed medium)	12	no pH and no temperature
5	bacterial/togo_medium_m1566.yaml	CultureMech:008114	(Unnamed medium)	10	no pH and no temperature
5	bacterial/togo_medium_m157.yaml	CultureMech:008129	(Unnamed medium)	8	no pH and no temperature
5	bacterial/togo_medium_m158.yaml	CultureMech:008140	(Unnamed medium)	20	no pH and no temperature
5	bacterial/togo_medium_m1594.yaml	CultureMech:008145	(Unnamed medium)	10	no pH and no temperature
5	bacterial/togo_medium_m1598.yaml	CultureMech:008149	(Unnamed medium)	3	no pH and no temperature
5	bacterial/togo_medium_m1601.yaml	CultureMech:008154	(Unnamed medium)	4	no pH and no temperature
5	bacterial/togo_medium_m1602.yaml	CultureMech:008155	(Unnamed medium)	3	no pH and no temperature
5	bacterial/togo_medium_m1603.yaml	CultureMech:008156	(Unnamed medium)	4	no pH and no temperature
5	bacterial/togo_medium_m1604.yaml	CultureMech:008157	(Unnamed medium)	7	no pH and no temperature
5	bacterial/togo_medium_m1605.yaml	CultureMech:008158	(Unnamed medium)	5	no pH and no temperature
5	bacterial/togo_medium_m1606.yaml	CultureMech:008159	(Unnamed medium)	7	no pH and no temperature
5	bacterial/togo_medium_m1609.yaml	CultureMech:008162	(Unnamed medium)	33	no pH and no temperature
5	bacterial/togo_medium_m161.yaml	CultureMech:008174	(Unnamed medium)	10	no pH and no temperature
5	bacterial/togo_medium_m1611.yaml	CultureMech:008165	(Unnamed medium)	21	no pH and no temperature
5	bacterial/togo_medium_m1613.yaml	CultureMech:008167	(Unnamed medium)	12	no pH and no temperature
5	bacterial/togo_medium_m1619.yaml	CultureMech:008173	(Unnamed medium)	10	no pH and no temperature
5	bacterial/togo_medium_m1623.yaml	CultureMech:008178	(Unnamed medium)	5	no pH and no temperature
5	bacterial/togo_medium_m1638.yaml	CultureMech:008193	(Unnamed medium)	4	no pH and no temperature
5	bacterial/togo_medium_m1689.yaml	CultureMech:008248	(Unnamed medium)	6	no pH and no temperature
5	bacterial/togo_medium_m1698.yaml	CultureMech:008258	(Unnamed medium)	6	no pH and no temperature
5	bacterial/togo_medium_m1728.yaml	CultureMech:008291	(Unnamed medium)	10	no pH and no temperature
5	bacterial/togo_medium_m1757.yaml	CultureMech:008321	(Unnamed medium)	39	no pH and no temperature
5	bacterial/togo_medium_m1779.yaml	CultureMech:008345	(Unnamed medium)	13	no pH and no temperature
5	bacterial/togo_medium_m178.yaml	CultureMech:008357	(Unnamed medium)	4	no pH and no temperature
5	bacterial/togo_medium_m1785.yaml	CultureMech:008352	(Unnamed medium)	8	no pH and no temperature
5	bacterial/togo_medium_m179.yaml	CultureMech:008368	(Unnamed medium)	8	no pH and no temperature
5	bacterial/togo_medium_m1797.yaml	CultureMech:008365	(Unnamed medium)	8	no pH and no temperature
5	bacterial/togo_medium_m1805.yaml	CultureMech:008375	(Unnamed medium)	22	no pH and no temperature
5	bacterial/togo_medium_m1806.yaml	CultureMech:008376	(Unnamed medium)	18	no pH and no temperature
5	bacterial/togo_medium_m182.yaml	CultureMech:008402	(Unnamed medium)	9	no pH and no temperature
5	bacterial/togo_medium_m1823.yaml	CultureMech:008395	(Unnamed medium)	15	no pH and no temperature
5	bacterial/togo_medium_m1825.yaml	CultureMech:008397	(Unnamed medium)	9	no pH and no temperature
5	bacterial/togo_medium_m1833.yaml	CultureMech:008406	(Unnamed medium)	47	no pH and no temperature
5	bacterial/togo_medium_m1853.yaml	CultureMech:008428	(Unnamed medium)	9	no pH and no temperature
5	bacterial/togo_medium_m1861.yaml	CultureMech:008436	(Unnamed medium)	9	no pH and no temperature
5	bacterial/togo_medium_m1874.yaml	CultureMech:008449	(Unnamed medium)	10	no pH and no temperature
5	bacterial/togo_medium_m1888.yaml	CultureMech:008462	(Unnamed medium)	10	no pH and no temperature
5	bacterial/togo_medium_m1890.yaml	CultureMech:008465	(Unnamed medium)	9	no pH and no temperature
5	bacterial/togo_medium_m190.yaml	CultureMech:008487	(Unnamed medium)	36	no pH and no temperature
5	bacterial/togo_medium_m1902.yaml	CultureMech:008479	(Unnamed medium)	37	no pH and no temperature
5	bacterial/togo_medium_m191.yaml	CultureMech:008498	(Unnamed medium)	12	no pH and no temperature
5	bacterial/togo_medium_m1915.yaml	CultureMech:008493	(Unnamed medium)	16	no pH and no temperature
5	bacterial/togo_medium_m1919.yaml	CultureMech:008497	(Unnamed medium)	15	no pH and no temperature
5	bacterial/togo_medium_m1944.yaml	CultureMech:008523	(Unnamed medium)	10	no pH and no temperature
5	bacterial/togo_medium_m1949.yaml	CultureMech:008528	(Unnamed medium)	7	no pH and no temperature
5	bacterial/togo_medium_m1952.yaml	CultureMech:008532	(Unnamed medium)	4	no pH and no temperature
5	bacterial/togo_medium_m1969.yaml	CultureMech:008550	(Unnamed medium)	7	no pH and no temperature
5	bacterial/togo_medium_m1975.yaml	CultureMech:008557	(Unnamed medium)	9	no pH and no temperature
5	bacterial/togo_medium_m1980.yaml	CultureMech:008563	(Unnamed medium)	8	no pH and no temperature
5	bacterial/togo_medium_m199.yaml	CultureMech:008584	(Unnamed medium)	21	no pH and no temperature
5	bacterial/togo_medium_m1991.yaml	CultureMech:008575	(Unnamed medium)	10	no pH and no temperature
5	bacterial/togo_medium_m1992.yaml	CultureMech:008576	(Unnamed medium)	17	no pH and no temperature
5	bacterial/togo_medium_m1993.yaml	CultureMech:008577	(Unnamed medium)	18	no pH and no temperature
5	bacterial/togo_medium_m201.yaml	CultureMech:008607	(Unnamed medium)	3	no pH and no temperature
5	bacterial/togo_medium_m205.yaml	CultureMech:008650	(Unnamed medium)	11	no pH and no temperature
5	bacterial/togo_medium_m2087.yaml	CultureMech:008677	(Unnamed medium)	9	no pH and no temperature
5	bacterial/togo_medium_m209.yaml	CultureMech:008690	(Unnamed medium)	28	no pH and no temperature
5	bacterial/togo_medium_m2098.yaml	CultureMech:008688	(Unnamed medium)	14	no pH and no temperature
5	bacterial/togo_medium_m2116.yaml	CultureMech:008709	(Unnamed medium)	36	no pH and no temperature
5	bacterial/togo_medium_m2117.yaml	CultureMech:008710	(Unnamed medium)	36	no pH and no temperature
5	bacterial/togo_medium_m2118.yaml	CultureMech:008711	(Unnamed medium)	37	no pH and no temperature
5	bacterial/togo_medium_m2120.yaml	CultureMech:008713	(Unnamed medium)	39	no pH and no temperature
5	bacterial/togo_medium_m2128.yaml	CultureMech:008721	(Unnamed medium)	8	no pH and no temperature
5	bacterial/togo_medium_m2142.yaml	CultureMech:008737	(Unnamed medium)	6	no pH and no temperature
5	bacterial/togo_medium_m2157.yaml	CultureMech:008751	(Unnamed medium)	5	no pH and no temperature
5	bacterial/togo_medium_m2158.yaml	CultureMech:008752	(Unnamed medium)	7	no pH and no temperature
5	bacterial/togo_medium_m216.yaml	CultureMech:008764	(Unnamed medium)	8	no pH and no temperature
5	bacterial/togo_medium_m2168.yaml	CultureMech:008762	(Unnamed medium)	5	no pH and no temperature
5	bacterial/togo_medium_m222.yaml	CultureMech:008818	(Unnamed medium)	22	no pH and no temperature
5	bacterial/togo_medium_m231.yaml	CultureMech:008907	(Unnamed medium)	17	no pH and no temperature
5	bacterial/togo_medium_m234.yaml	CultureMech:008934	(Unnamed medium)	19	no pH and no temperature
5	bacterial/togo_medium_m2388.yaml	CultureMech:008971	(Unnamed medium)	18	no pH and no temperature
5	bacterial/togo_medium_m239.yaml	CultureMech:008981	(Unnamed medium)	3	no pH and no temperature
5	bacterial/togo_medium_m240.yaml	CultureMech:008993	(Unnamed medium)	3	no pH and no temperature
5	bacterial/togo_medium_m253.yaml	CultureMech:009109	(Unnamed medium)	8	no pH and no temperature
5	bacterial/togo_medium_m2562.yaml	CultureMech:009131	(Unnamed medium)	25	no pH and no temperature
5	bacterial/togo_medium_m2759.yaml	CultureMech:009309	(Unnamed medium)	22	no pH and no temperature
5	bacterial/togo_medium_m2815.yaml	CultureMech:009363	(Unnamed medium)	6	no pH and no temperature
5	bacterial/togo_medium_m305.yaml	CultureMech:009574	(Unnamed medium)	15	no pH and no temperature
5	bacterial/togo_medium_m306.yaml	CultureMech:009580	(Unnamed medium)	5	no pH and no temperature
5	bacterial/togo_medium_m307.yaml	CultureMech:009582	(Unnamed medium)	5	no pH and no temperature
5	bacterial/togo_medium_m308.yaml	CultureMech:009583	(Unnamed medium)	5	no pH and no temperature
5	bacterial/togo_medium_m309.yaml	CultureMech:009584	(Unnamed medium)	4	no pH and no temperature
5	bacterial/togo_medium_m310.yaml	CultureMech:009586	(Unnamed medium)	16	no pH and no temperature
5	bacterial/togo_medium_m312.yaml	CultureMech:009600	(Unnamed medium)	23	no pH and no temperature
5	bacterial/togo_medium_m3129.yaml	CultureMech:009599	(Unnamed medium)	31	no pH and no temperature
5	bacterial/togo_medium_m314.yaml	CultureMech:009614	(Unnamed medium)	6	no pH and no temperature
5	bacterial/togo_medium_m3152.yaml	CultureMech:009615	(Unnamed medium)	38	no pH and no temperature
5	bacterial/togo_medium_m3153.yaml	CultureMech:009616	(Unnamed medium)	39	no pH and no temperature
5	bacterial/togo_medium_m3164.yaml	CultureMech:009622	(Unnamed medium)	31	no pH and no temperature
5	bacterial/togo_medium_m318.yaml	CultureMech:009634	(Unnamed medium)	5	no pH and no temperature
5	bacterial/togo_medium_m3252.yaml	CultureMech:009684	(Unnamed medium)	8	no pH and no temperature
5	bacterial/togo_medium_m330.yaml	CultureMech:009708	(Unnamed medium)	14	no pH and no temperature
5	bacterial/togo_medium_m343.yaml	CultureMech:009722	(Unnamed medium)	7	no pH and no temperature
5	bacterial/togo_medium_m452.yaml	CultureMech:009839	(Unnamed medium)	6	no pH and no temperature
5	bacterial/togo_medium_m499.yaml	CultureMech:009887	(Unnamed medium)	8	no pH and no temperature
5	bacterial/togo_medium_m589.yaml	CultureMech:009985	(Unnamed medium)	9	no pH and no temperature
5	bacterial/togo_medium_m619.yaml	CultureMech:010018	(Unnamed medium)	10	no pH and no temperature
5	bacterial/togo_medium_m633.yaml	CultureMech:010033	(Unnamed medium)	8	no pH and no temperature
5	bacterial/togo_medium_m706.yaml	CultureMech:010113	(Unnamed medium)	9	no pH and no temperature
5	bacterial/tpgy_broth.yaml	CultureMech:009349	TPGY broth	6	no pH and no temperature
5	bacterial/tre_p_y_agar.yaml	CultureMech:008243	Tre-P-Y Agar	5	no pH and no temperature
5	bacterial/treponema_caldarium_medium.yaml	CultureMech:009324	Treponema Caldarium Medium	37	no pH and no temperature
5	bacterial/treponema_denticola_medium.yaml	CultureMech:002077	TREPONEMA DENTICOLA MEDIUM	23	no pH and no temperature
5	bacterial/treponema_thermophilum_medium.yaml	CultureMech:007867	Treponema Thermophilum Medium	11	no pH and no temperature
5	bacterial/treponema_zioleckii_medium.yaml	CultureMech:002912	TREPONEMA ZIOLECKII MEDIUM	15	no pH and no temperature
5	bacterial/trichlorobacter_media_ttfa.yaml	CultureMech:002902	TRICHLOROBACTER MEDIA (TTFA)	18	no pH and no temperature
5	bacterial/tryptic_soy_agar.yaml	CultureMech:008227	Tryptic Soy Agar	7	no pH and no temperature
5	bacterial/tryptic_soy_agar_broth_with_5_sheep_blood_defibrinated.yaml	CultureMech:009141	Tryptic Soy Agar/Broth with 5% Sheep Blood (defibrinated)	12	no pH and no temperature
5	bacterial/tryptic_soy_agar_containing_2_5_nacl.yaml	CultureMech:008995	tryptic soy agar (containing 2.5% NaCl)	7	no pH and no temperature
5	bacterial/tryptic_soy_agar_soybean_casein_digest_medium_usp.yaml	CultureMech:009014	Tryptic Soy Agar (Soybean-Casein Digest Medium, USP)	7	no pH and no temperature
5	bacterial/tryptic_soy_agar_supplemented_with_10_nad_and_5_bovine_serum.yaml	CultureMech:009486	Tryptic Soy Agar (supplemented with 10 % NAD and 5% bovine serum)	8	no pH and no temperature
5	bacterial/tryptic_soy_agar_supplemented_with_5_sheep_blood.yaml	CultureMech:009474	tryptic soy agar (supplemented with 5% sheep blood)	8	no pH and no temperature
5	bacterial/tryptic_soy_agar_tsa_carl_roth_gmbh_co.yaml	CultureMech:009450	Tryptic Soy Agar [TSA] (Carl Roth GmbH & Co.)	6	no pH and no temperature
5	bacterial/tryptic_soy_agar_tsa_plates.yaml	CultureMech:009465	tryptic soy agar (TSA) plates	7	no pH and no temperature
5	bacterial/tryptic_soy_agar_with_5_sheep_blood_defibrinated.yaml	CultureMech:009010	Tryptic Soy Agar with 5% Sheep Blood (defibrinated)	8	no pH and no temperature
5	bacterial/tryptic_soy_broth.yaml	CultureMech:008226	Tryptic Soy Broth	7	no pH and no temperature
5	bacterial/tryptic_soy_broth_acumedia.yaml	CultureMech:009453	Tryptic soy broth (Acumedia)	6	no pH and no temperature
5	bacterial/tryptic_soy_broth_containing_1_nacl.yaml	CultureMech:009485	Tryptic Soy Broth containing 1% NaCl	7	no pH and no temperature
5	bacterial/tryptic_soy_broth_difco.yaml	CultureMech:008845	Tryptic Soy broth (Difco)	6	no pH and no temperature
5	bacterial/tryptic_soy_broth_medium_supplemented_with_0_5_yeast_extract_0_05_cysteine_hcl_h2o_0_5_mg_ml_of_hemin_2_g_ml_of_vitamin_k1_and_5_sheep_blood.yaml	CultureMech:009342	Tryptic soy broth medium supplemented with 0.5% yeast extract, 0.05% cysteine HCl-H2O, 0.5 mg/ml of hemin, 2 μg/ml of vitamin K1, and 5% sheep blood	14	no pH and no temperature
5	bacterial/tryptic_soy_broth_soybean_casein_digest_medium_usp.yaml	CultureMech:009015	Tryptic Soy Broth (Soybean-Casein Digest Medium, USP)	7	no pH and no temperature
5	bacterial/tryptic_soy_broth_supplemented_with_10_nad_and_5_bovine_serum.yaml	CultureMech:009487	Tryptic Soy Broth (supplemented with 10 % NAD and 5% bovine serum)	8	no pH and no temperature
5	bacterial/tryptic_soy_broth_supplemented_with_hemin_5_g_ml_and_menadione_1_g_ml.yaml	CultureMech:009346	Tryptic soy broth supplemented with hemin (5 μg/mL) and menadione (1 μg/mL)	8	no pH and no temperature
5	bacterial/tryptic_soy_broth_tsb.yaml	CultureMech:009077	tryptic soy broth (TSB)	6	no pH and no temperature
5	bacterial/tryptic_soy_broth_tsb_carl_roth_gmbh_co.yaml	CultureMech:009449	Tryptic Soy Broth [TSB] (Carl Roth GmbH & Co.)	6	no pH and no temperature
5	bacterial/tryptic_soy_broth_tsb_sigma_aldrich.yaml	CultureMech:009421	Tryptic soy broth (TSB, Sigma-Aldrich)	6	no pH and no temperature
5	bacterial/tryptic_soy_broth_with_5_sheep_blood_defibrinated.yaml	CultureMech:009011	Tryptic Soy Broth with 5% Sheep Blood (defibrinated)	8	no pH and no temperature
5	bacterial/tryptic_soy_broth_without_glucose_difco_media.yaml	CultureMech:008796	Tryptic soy broth without glucose (Difco) media	7	no pH and no temperature
5	bacterial/tryptic_soy_medium_with_10_horse_serum.yaml	CultureMech:008299	Tryptic Soy Medium with 10% Horse Serum	8	no pH and no temperature
5	bacterial/trypticase_peptone_yeast_broth.yaml	CultureMech:009508	Trypticase Peptone Yeast broth	9	no pH and no temperature
5	bacterial/trypticase_peptone_yeast_extract_glucose_tyg_medium.yaml	CultureMech:009255	Trypticase peptone-yeast extract-glucose (TYG) medium	4	no pH and no temperature
5	bacterial/trypticase_soy_agar.yaml	CultureMech:003103	TRYPTICASE SOY AGAR	6	no pH and no temperature
5	bacterial/trypticase_soy_agar_10_nacl.yaml	CultureMech:008385	Trypticase soy agar + 10% NaCl	4	no pH and no temperature
5	bacterial/trypticase_soy_agar_7_nacl.yaml	CultureMech:008310	Trypticase Soy agar + 7% NaCl	4	no pH and no temperature
5	bacterial/trypticase_soy_agar_containing_5_v_v_defibrinated_ovine_blood.yaml	CultureMech:009370	Trypticase soy agar (containing 5% (v/v) defibrinated ovine blood)	7	no pH and no temperature
5	bacterial/trypticase_soy_agar_with_10_kcl.yaml	CultureMech:008500	Trypticase Soy Agar with 10% KCl	9	no pH and no temperature
5	bacterial/trypticase_soy_agar_with_1_glucose.yaml	CultureMech:003025	TRYPTICASE SOY AGAR WITH 1% GLUCOSE	7	no pH and no temperature
5	bacterial/trypticase_soy_agar_with_2_nacl.yaml	CultureMech:003291	TRYPTICASE SOY AGAR WITH 2% NaCl	7	no pH and no temperature
5	bacterial/trypticase_soy_blood_agar.yaml	CultureMech:002514	TRYPTICASE SOY BLOOD AGAR	7	no pH and no temperature
5	bacterial/trypticase_soy_broth_agar_blood.yaml	CultureMech:001666	TRYPTICASE SOY BROTH AGAR+BLOOD	8	no pH and no temperature
5	bacterial/trypticase_soy_broth_agar_with_10_kcl.yaml	CultureMech:002835	TRYPTICASE SOY BROTH AGAR WITH 10% KCl	8	no pH and no temperature
5	bacterial/trypticase_soy_broth_agar_with_10_nacl.yaml	CultureMech:002837	TRYPTICASE SOY BROTH AGAR WITH 10% NaCl	8	no pH and no temperature
5	bacterial/trypticase_soy_broth_agar_with_3_nacl.yaml	CultureMech:002425	TRYPTICASE SOY BROTH AGAR WITH 3% NaCl	8	no pH and no temperature
5	bacterial/trypticase_soy_broth_plus_1_sodium_chloride.yaml	CultureMech:009076	Trypticase soy broth (plus 1% sodium chloride)	7	no pH and no temperature
5	bacterial/trypticase_soy_broth_tsb.yaml	CultureMech:009429	Trypticase soy broth (TSB)	6	no pH and no temperature
5	bacterial/trypticase_soy_broth_with_5_nacl.yaml	CultureMech:003215	TRYPTICASE SOY BROTH WITH 5% NaCl	7	no pH and no temperature
5	bacterial/trypticase_soy_broth_with_nacl.yaml	CultureMech:009028	Trypticase soy broth with NaCl	7	no pH and no temperature
5	bacterial/trypticase_starch_agar.yaml	CultureMech:001699	TRYPTICASE STARCH AGAR	9	no pH and no temperature
5	bacterial/trypto_soya_agar.yaml	CultureMech:002637	TRYPTO-SOYA AGAR	6	no pH and no temperature
5	bacterial/tryptone_peptone_yeast_extract_glucose_medium.yaml	CultureMech:010054	Tryptone-Peptone-Yeast Extract-Glucose Medium	13	no pH and no temperature
5	bacterial/tryptone_soya_broth_oxoid_basingstoke_uk_supplemented_with_0_15_soluble_starch_and_2_horse_serum_oxoid.yaml	CultureMech:009132	Tryptone Soya Broth (Oxoid, Basingstoke, UK) supplemented with 0.15% soluble starch and 2% horse serum (Oxoid)	5	no pH and no temperature
5	bacterial/tryptone_soya_broth_tsb_oxoid.yaml	CultureMech:009461	Tryptone soya broth (TSB) (Oxoid)	6	no pH and no temperature
5	bacterial/tryptone_yeast_extract_agar.yaml	CultureMech:007856	Tryptone-Yeast Extract Agar	5	no pH and no temperature
5	bacterial/tryptone_yeast_extract_isp_1_agar.yaml	CultureMech:010272	Tryptone-Yeast Extract (ISP-1) Agar	4	no pH and no temperature
5	bacterial/tryptose_blood_agar_base_containing_glucose_l_tryptophan_and_casein_hydrolyzate_acid.yaml	CultureMech:009060	tryptose blood agar base (containing  glucose, L-tryptophan, and casein hydrolyzate acid)	4	no pH and no temperature
5	bacterial/tsa_hemin_menadione_medium.yaml	CultureMech:002817	TSA HEMIN MENADIONE MEDIUM	7	no pH and no temperature
5	bacterial/tsa_ph_5_5.yaml	CultureMech:008303	TSA (pH 5.5)	7	no pH and no temperature
5	bacterial/tsb_ph5_5.yaml	CultureMech:008304	TSB (pH5.5)	7	no pH and no temperature
5	bacterial/tsb_ph_9_0_with_k2co3.yaml	CultureMech:008314	TSB (pH 9.0 with K2CO3)	8	no pH and no temperature
5	bacterial/tsby_medium.yaml	CultureMech:002427	TSBY MEDIUM	13	no pH and no temperature
5	bacterial/ttl.yaml	CultureMech:008740	TTL	10	no pH and no temperature
5	bacterial/tween_80_agar.yaml	CultureMech:002044	TWEEN 80-AGAR	5	no pH and no temperature
5	bacterial/tye_medium_for_strain_aeb.yaml	CultureMech:003064	TYE MEDIUM FOR STRAIN AeB	31	no pH and no temperature
5	bacterial/tyg_acetate_medium.yaml	CultureMech:002415	TYG-ACETATE MEDIUM	12	no pH and no temperature
5	bacterial/tyg_medium.yaml	CultureMech:008338	TYG medium	16	no pH and no temperature
5	bacterial/tyl_medium.yaml	CultureMech:008339	TYL medium	17	no pH and no temperature
5	bacterial/type_a_toxin_production_medium_tpm.yaml	CultureMech:009345	Type A Toxin Production medium (TPM)	4	no pH and no temperature
5	bacterial/ui_medium.yaml	CultureMech:002853	UI MEDIUM	29	no pH and no temperature
5	bacterial/uro_dw_ph10.yaml	CultureMech:008319	URO (DW pH10)	18	no pH and no temperature
5	bacterial/van_niels_yeast_agar.yaml	CultureMech:007688	VAN Niel's Yeast Agar	5	no pH and no temperature
5	bacterial/veeg4_medium.yaml	CultureMech:004773	VeEG4-MEDIUM	30	no pH and no temperature
5	bacterial/verrucomicrobium_medium.yaml	CultureMech:008333	Verrucomicrobium Medium	34	no pH and no temperature
5	bacterial/vibrio_natriegens_medium_for_sporulation.yaml	CultureMech:008872	Vibrio Natriegens Medium (For sporulation)	6	no pH and no temperature
5	bacterial/vl55_gy_agar.yaml	CultureMech:008663	VL55 GY agar	20	no pH and no temperature
5	bacterial/vogel_bonner_medium.yaml	CultureMech:007053	Vogel-Bonner Medium	10	no pH and no temperature
5	bacterial/volvic_af6.yaml	CultureMech:008496	Volvic AF6	23	no pH and no temperature
5	bacterial/vy_2_sws_agar.yaml	CultureMech:002732	VY/2-SWS AGAR	19	no pH and no temperature
5	bacterial/walnes.yaml	CultureMech:000312	Walne's	14	no pH and no temperature
5	bacterial/wilkins_chalgren_anaerobe_broth_n2_co2_for_dsm_15567.yaml	CultureMech:009286	Wilkins-Chalgren Anaerobe Broth (N2/CO2) (For DSM 15567)	15	no pH and no temperature
5	bacterial/wilkins_chalgren_anaerobic_medium.yaml	CultureMech:009302	Wilkins Chalgren Anaerobic Medium	11	no pH and no temperature
5	bacterial/woodsholea_medium.yaml	CultureMech:000697	WOODSHOLEA MEDIUM	6	no pH and no temperature
5	bacterial/xy_agar.yaml	CultureMech:008349	Xy agar	9	no pH and no temperature
5	bacterial/xylophilus_medium.yaml	CultureMech:001714	XYLOPHILUS MEDIUM	5	no pH and no temperature
5	bacterial/ybg11_0_fecl3_shcolnick_2006.yaml	CultureMech:007288	'YBG11, 0 FeCl3 (Shcolnick 2006	14	no pH and no temperature
5	bacterial/ybg11_shcolnick_2006.yaml	CultureMech:007287	'YBG11 (Shcolnick 2006	15	no pH and no temperature
5	bacterial/yca_medium.yaml	CultureMech:008181	YCA Medium	4	no pH and no temperature
5	bacterial/ycfa_medium_with_10_rumen_fluid.yaml	CultureMech:002481	YCFA MEDIUM WITH 10% RUMEN FLUID	29	no pH and no temperature
5	bacterial/ycfag_medium.yaml	CultureMech:009194	YCFAG medium	19	no pH and no temperature
5	bacterial/yeast_extract_broth_containing_2_5_nacl.yaml	CultureMech:008996	yeast extract broth (containing 2.5% NaCl)	5	no pH and no temperature
5	bacterial/yeast_extract_malt_extract_agar_isp_2.yaml	CultureMech:009740	Yeast Extract-Malt Extract Agar (ISP-2)	5	no pH and no temperature
5	bacterial/yeast_extract_malt_extract_agar_isp_medium_no_2.yaml	CultureMech:007996	Yeast Extract-Malt Extract Agar (ISP Medium No.2)	5	no pH and no temperature
5	bacterial/yeast_extract_malt_extract_agar_isp_medium_no_2_50_marine_water.yaml	CultureMech:008416	Yeast Extract-Malt Extract Agar (ISP medium No. 2, 50% marine water)	6	no pH and no temperature
5	bacterial/yeast_extract_malt_extract_agar_isp_medium_no_2_ph_5_0.yaml	CultureMech:008282	Yeast Extract-Malt Extract Agar (ISP Medium No. 2, pH 5.0)	5	no pH and no temperature
5	bacterial/yeast_extract_malt_extract_agar_isp_medium_no_2_ph_5_5.yaml	CultureMech:008390	Yeast Extract-Malt Extract Agar (ISP medium No. 2, pH 5.5)	5	no pH and no temperature
5	bacterial/yeast_extract_malt_extract_agar_isp_medium_no_2_ph_9_0.yaml	CultureMech:008543	Yeast Extract-Malt Extract Agar (ISP Medium No. 2, pH 9.0)	5	no pH and no temperature
5	bacterial/yeast_extract_mannitol_agar_medium.yaml	CultureMech:009012	Yeast Extract Mannitol Agar Medium	8	no pH and no temperature
5	bacterial/yeast_extract_starch_agar.yaml	CultureMech:008028	Yeast extract-Starch Agar	4	no pH and no temperature
5	bacterial/yeast_extract_starch_agar_ph_5_5.yaml	CultureMech:008393	Yeast extract-Starch Agar (pH 5.5)	4	no pH and no temperature
5	bacterial/yeast_krainskys_agar.yaml	CultureMech:008032	Yeast-Krainsky's Agar	6	no pH and no temperature
5	bacterial/yeast_starch_agar_7_nacl.yaml	CultureMech:008361	Yeast-Starch agar + 7% NaCl	5	no pH and no temperature
5	bacterial/yeast_starch_agar_ph_5.yaml	CultureMech:008229	Yeast-Starch Agar (pH 5)	4	no pH and no temperature
5	bacterial/yem_agar.yaml	CultureMech:009635	YEM agar	8	no pH and no temperature
5	bacterial/yep_alcohol.yaml	CultureMech:007980	YEP Alcohol	5	no pH and no temperature
5	bacterial/ypad_medium.yaml	CultureMech:007971	YPAD Medium	6	no pH and no temperature
5	bacterial/ypd_liquid_medium.yaml	CultureMech:008153	YPD Liquid Medium	4	no pH and no temperature
5	bacterial/ypgd_rich_medium.yaml	CultureMech:009383	YPGD (rich medium)	4	no pH and no temperature
5	bacterial/ypm_medium.yaml	CultureMech:001461	YPM MEDIUM	4	no pH and no temperature
5	bacterial/ypss_agar.yaml	CultureMech:002693	YpSs AGAR	5	no pH and no temperature
5	bacterial/ysg_medium_ph_4_5.yaml	CultureMech:008347	YSG Medium (pH 4.5)	6	no pH and no temperature
5	bacterial/ytp_2_media.yaml	CultureMech:009013	YTP-2 media	10	no pH and no temperature
5	bacterial/ytp_2_medium.yaml	CultureMech:008858	YTP-2 medium	10	no pH and no temperature
5	bacterial/z45_4_medium_for_cyanobacteria.yaml	CultureMech:001204	Z45/4 Medium for Cyanobacteria	20	no pH and no temperature
5	bacterial/z_medium.yaml	CultureMech:001697	Z MEDIUM	5	no pH and no temperature
5	bacterial/zahorchak_et_al_medium_10_mm_exogenous_atp_10_mm_mg_2.yaml	CultureMech:007411	Zahorchak et al medium; 10 mM exogenous ATP, 10 mM Mg^2+	27	no pH and no temperature
5	bacterial/zahorchak_et_al_medium_10_mm_exogenous_atp_1_25_mm_mg_2.yaml	CultureMech:007408	Zahorchak et al medium; 10 mM exogenous ATP, 1.25 mM Mg^2+	27	no pH and no temperature
5	bacterial/zahorchak_et_al_medium_10_mm_exogenous_atp_20_mm_mg_2.yaml	CultureMech:007412	Zahorchak et al medium; 10 mM exogenous ATP, 20 mM Mg^2+	27	no pH and no temperature
5	bacterial/zahorchak_et_al_medium_10_mm_exogenous_atp_2_5_mm_mg_2.yaml	CultureMech:007409	Zahorchak et al medium; 10 mM exogenous ATP, 2.5 mM Mg^2+	27	no pH and no temperature
5	bacterial/zahorchak_et_al_medium_10_mm_exogenous_atp_5_0_mm_mg_2.yaml	CultureMech:007410	Zahorchak et al medium; 10 mM exogenous ATP, 5.0 mM Mg^2+	27	no pH and no temperature
5	bacterial/zahorchak_et_al_medium_1_25_mm_exogenous_atp_10_mm_mg_2.yaml	CultureMech:007394	Zahorchak et al medium; 1.25 mM exogenous ATP, 10 mM Mg^2+	27	no pH and no temperature
5	bacterial/zahorchak_et_al_medium_1_25_mm_exogenous_atp_1_25_mm_mg_2.yaml	CultureMech:007376	Zahorchak et al medium; 1.25 mM exogenous ATP, 1.25 mM Mg^2+	27	no pH and no temperature
5	bacterial/zahorchak_et_al_medium_1_25_mm_exogenous_atp_20_mm_mg_2.yaml	CultureMech:007396	Zahorchak et al medium; 1.25 mM exogenous ATP, 20 mM Mg^2+	27	no pH and no temperature
5	bacterial/zahorchak_et_al_medium_1_25_mm_exogenous_atp_2_5_mm_mg_2.yaml	CultureMech:007387	Zahorchak et al medium; 1.25 mM exogenous ATP, 2.5 mM Mg^2+	27	no pH and no temperature
5	bacterial/zahorchak_et_al_medium_1_25_mm_exogenous_atp_5_0_mm_mg_2.yaml	CultureMech:007393	Zahorchak et al medium; 1.25 mM exogenous ATP, 5.0 mM Mg^2+	27	no pH and no temperature
5	bacterial/zahorchak_et_al_medium_20_mm_exogenous_atp_10_mm_mg_2.yaml	CultureMech:007416	Zahorchak et al medium; 20 mM exogenous ATP, 10 mM Mg^2+	27	no pH and no temperature
5	bacterial/zahorchak_et_al_medium_20_mm_exogenous_atp_1_25_mm_mg_2.yaml	CultureMech:007413	Zahorchak et al medium; 20 mM exogenous ATP, 1.25 mM Mg^2+	27	no pH and no temperature
5	bacterial/zahorchak_et_al_medium_20_mm_exogenous_atp_20_mm_mg_2.yaml	CultureMech:007418	Zahorchak et al medium; 20 mM exogenous ATP, 20 mM Mg^2+	27	no pH and no temperature
5	bacterial/zahorchak_et_al_medium_20_mm_exogenous_atp_2_5_mm_mg_2.yaml	CultureMech:007414	Zahorchak et al medium; 20 mM exogenous ATP, 2.5 mM Mg^2+	27	no pH and no temperature
5	bacterial/zahorchak_et_al_medium_20_mm_exogenous_atp_5_0_mm_mg_2.yaml	CultureMech:007415	Zahorchak et al medium; 20 mM exogenous ATP, 5.0 mM Mg^2+	27	no pH and no temperature
5	bacterial/zahorchak_et_al_medium_2_5_mm_ca2_2_5_mm_mg2.yaml	CultureMech:007419	Zahorchak et al medium; 2.5 mM Ca2+, 2.5 mM Mg2+	27	no pH and no temperature
5	bacterial/zahorchak_et_al_medium_2_5_mm_exogenous_atp_10_mm_mg_2.yaml	CultureMech:007400	Zahorchak et al medium; 2.5 mM exogenous ATP, 10 mM Mg^2+	27	no pH and no temperature
5	bacterial/zahorchak_et_al_medium_2_5_mm_exogenous_atp_1_25_mm_mg_2.yaml	CultureMech:007397	Zahorchak et al medium; 2.5 mM exogenous ATP, 1.25 mM Mg^2+	27	no pH and no temperature
5	bacterial/zahorchak_et_al_medium_2_5_mm_exogenous_atp_20_mm_mg_2.yaml	CultureMech:007401	Zahorchak et al medium; 2.5 mM exogenous ATP, 20 mM Mg^2+	27	no pH and no temperature
5	bacterial/zahorchak_et_al_medium_2_5_mm_exogenous_atp_2_5_mm_mg_2.yaml	CultureMech:007398	Zahorchak et al medium; 2.5 mM exogenous ATP, 2.5 mM Mg^2+	27	no pH and no temperature
5	bacterial/zahorchak_et_al_medium_2_5_mm_exogenous_atp_5_0_mm_mg_2.yaml	CultureMech:007399	Zahorchak et al medium; 2.5 mM exogenous ATP, 5.0 mM Mg^2+	27	no pH and no temperature
5	bacterial/zahorchak_et_al_medium_5_0_mm_exogenous_atp_10_mm_mg_2.yaml	CultureMech:007405	Zahorchak et al medium; 5.0 mM exogenous ATP, 10 mM Mg^2+	27	no pH and no temperature
5	bacterial/zahorchak_et_al_medium_5_0_mm_exogenous_atp_1_25_mm_mg_2.yaml	CultureMech:007402	Zahorchak et al medium; 5.0 mM exogenous ATP, 1.25 mM Mg^2+	27	no pH and no temperature
5	bacterial/zahorchak_et_al_medium_5_0_mm_exogenous_atp_20_mm_mg_2.yaml	CultureMech:007407	Zahorchak et al medium; 5.0 mM exogenous ATP, 20 mM Mg^2+	27	no pH and no temperature
5	bacterial/zahorchak_et_al_medium_5_0_mm_exogenous_atp_2_5_mm_mg_2.yaml	CultureMech:007403	Zahorchak et al medium; 5.0 mM exogenous ATP, 2.5 mM Mg^2+	27	no pH and no temperature
5	bacterial/zahorchak_et_al_medium_5_0_mm_exogenous_atp_5_0_mm_mg_2.yaml	CultureMech:007404	Zahorchak et al medium; 5.0 mM exogenous ATP, 5.0 mM Mg^2+	27	no pH and no temperature
5	bacterial/zahorchak_et_al_medium_no_exogenous_atp_10_mm_mg_2.yaml	CultureMech:007354	Zahorchak et al medium; No exogenous ATP, 10 mM Mg^2+	26	no pH and no temperature
5	bacterial/zahorchak_et_al_medium_no_exogenous_atp_1_25_mm_mg_2.yaml	CultureMech:007321	Zahorchak et al medium; No exogenous ATP, 1.25 mM Mg^2+	26	no pH and no temperature
5	bacterial/zahorchak_et_al_medium_no_exogenous_atp_20_mm_mg_2.yaml	CultureMech:007365	Zahorchak et al medium; No exogenous ATP, 20 mM Mg^2+	26	no pH and no temperature
5	bacterial/zahorchak_et_al_medium_no_exogenous_atp_2_5_mm_mg_2.yaml	CultureMech:007332	Zahorchak et al medium; No exogenous ATP, 2.5 mM Mg^2+	26	no pH and no temperature
5	bacterial/zahorchak_et_al_medium_no_exogenous_atp_5_0_mm_mg_2.yaml	CultureMech:007343	Zahorchak et al medium; No exogenous ATP, 5.0 mM Mg^2+	26	no pH and no temperature
5	bacterial/zm_10.yaml	CultureMech:000315	ZM/10	19	no pH and no temperature
5	bacterial/zymomonas_medium.yaml	CultureMech:000532	ZYMOMONAS MEDIUM	4	no pH and no temperature
5	fungal/2_glucose_yeast_extract_peptone_agar.yaml	CultureMech:010522	2% GLUCOSE-YEAST EXTRACT-PEPTONE AGAR	8	no pH and no temperature
5	fungal/JCM_J1467_Yeast_Extract_Peptone_Dextrose_YPD.yaml	CultureMech:015873	Yeast Extract Peptone Dextrose (YPD)	5	no pH and no temperature
5	fungal/casamino_acids_peptone_czapeks_agar.yaml	CultureMech:010489	CASAMINO ACIDS-PEPTONE-CZAPEK'S AGAR	8	no pH and no temperature
5	fungal/czapek_solution_agar_a.yaml	CultureMech:010519	CZAPEK SOLUTION AGAR (A)	7	no pH and no temperature
5	fungal/czapek_yeast_extract_agar_cya.yaml	CultureMech:010511	CZAPEK YEAST EXTRACT AGAR (CYA)	10	no pH and no temperature
5	fungal/czapeks_solution_agar_with_200_g_sucrose.yaml	CultureMech:010524	CZAPEK'S SOLUTION AGAR WITH 200 g SUCROSE	7	no pH and no temperature
5	fungal/ferrous_iron_yeast_extract_medium.yaml	CultureMech:010495	FERROUS IRON YEAST EXTRACT MEDIUM	20	no pH and no temperature
5	fungal/glucose_yeast_extract_medium.yaml	CultureMech:010469	GLUCOSE YEAST EXTRACT MEDIUM	4	no pH and no temperature
5	fungal/halanaeroarchaea_medium_with_yeast_extract_and_formate.yaml	CultureMech:010500	HALANAEROARCHAEA MEDIUM WITH YEAST EXTRACT AND FORMATE	30	no pH and no temperature
5	fungal/halanaeroarchaea_medium_with_yeast_extract_and_glucose.yaml	CultureMech:010502	HALANAEROARCHAEA MEDIUM WITH YEAST EXTRACT AND GLUCOSE	31	no pH and no temperature
5	fungal/malt_extract_agar.yaml	CultureMech:010520	MALT EXTRACT AGAR	4	no pH and no temperature
5	fungal/malt_extract_agar_with_15_nacl.yaml	CultureMech:010498	MALT EXTRACT AGAR WITH 15% NaCl	5	no pH and no temperature
5	fungal/mannitol_yeast_extract_peptone_myp.yaml	CultureMech:010442	MANNITOL-YEAST EXTRACT-PEPTONE (MYP)	4	no pH and no temperature
5	fungal/modified_yeast_nitrogen_base.yaml	CultureMech:010461	modified Yeast nitrogen base	5	no pH and no temperature
5	fungal/natronoanaeroarchaea_medium_with_yeast_extract_and_formate.yaml	CultureMech:010504	NATRONOANAEROARCHAEA MEDIUM WITH YEAST EXTRACT AND FORMATE	32	no pH and no temperature
5	fungal/natronoanaeroarchaea_medium_with_yeast_extract_and_glucose.yaml	CultureMech:010503	NATRONOANAEROARCHAEA MEDIUM WITH YEAST EXTRACT AND GLUCOSE	32	no pH and no temperature
5	fungal/natronoarchaea_media_with_yeast_extract_and_lactate.yaml	CultureMech:010501	NATRONOARCHAEA MEDIA WITH YEAST EXTRACT AND LACTATE	31	no pH and no temperature
5	fungal/nutrient_agar_with_0_05_yeast_extract_and_3_nacl.yaml	CultureMech:010490	NUTRIENT AGAR WITH 0.05% YEAST EXTRACT AND 3% NaCl	3	no pH and no temperature
5	fungal/peptone_czapeks_agar.yaml	CultureMech:010544	PEPTONE-CZAPEK'S AGAR	7	no pH and no temperature
5	fungal/pfennigs_medium_i_with_yeast_extract.yaml	CultureMech:010468	PFENNIG'S MEDIUM I WITH YEAST EXTRACT	13	no pH and no temperature
5	fungal/tap_water_yeast_extract_medium_twye.yaml	CultureMech:010456	TAP WATER YEAST EXTRACT MEDIUM (TWYE)	4	no pH and no temperature
5	fungal/yeast_mineral_medium_10_g_l_glucose.yaml	CultureMech:010555	'Yeast Mineral Medium (10 g/L Glucose	21	no pH and no temperature
5	fungal/yeast_mineral_medium_25_g_l_glucose.yaml	CultureMech:010557	'Yeast Mineral Medium (25 g/L Glucose	21	no pH and no temperature
5	fungal/yeast_mineral_medium_7_5_g_l_ethanol.yaml	CultureMech:010556	'Yeast Mineral Medium (7.5 g/L Ethanol	21	no pH and no temperature
5	fungal/yeast_mineral_medium_7_9_g_l_ethanol.yaml	CultureMech:010558	'Yeast Mineral Medium (7.9 g/L Ethanol	21	no pH and no temperature
5	fungal/yeast_optimized_defined_medium_glucose.yaml	CultureMech:010554	'Yeast Optimized Defined Medium (Glucose	28	no pH and no temperature
5	specialized/anaerobic_bicarbonate_buffered_medium_with_phenol.yaml	CultureMech:015428	ANAEROBIC BICARBONATE-BUFFERED MEDIUM WITH PHENOL	31	no pH and no temperature
5	specialized/anaerobic_brain_heart_infusion_broth.yaml	CultureMech:015416	ANAEROBIC BRAIN HEART INFUSION BROTH	3	no pH and no temperature
5	specialized/anaerobic_marine_broth_2216.yaml	CultureMech:015415	ANAEROBIC MARINE BROTH 2216	4	no pH and no temperature
5	specialized/anaerobic_tyecas_medium.yaml	CultureMech:015422	ANAEROBIC TYECas MEDIUM	31	no pH and no temperature
5	specialized/artficial_marine_water_medium.yaml	CultureMech:015384	ARTFICIAL MARINE WATER MEDIUM	23	no pH and no temperature
5	specialized/desulfovibrio_marine_medium.yaml	CultureMech:015419	DESULFOVIBRIO MARINE MEDIUM	11	no pH and no temperature
5	specialized/ird_marine_clostrida_medium.yaml	CultureMech:015423	IRD MARINE CLOSTRIDA MEDIUM	23	no pH and no temperature
5	specialized/ird_marine_clostridia_medium_2.yaml	CultureMech:015427	IRD MARINE CLOSTRIDIA MEDIUM-2	23	no pH and no temperature
5	specialized/ird_marine_desulfovibrio_medium_3.yaml	CultureMech:015383	IRD MARINE DESULFOVIBRIO MEDIUM-3	22	no pH and no temperature
5	specialized/marine_agar.yaml	CultureMech:015335	MARINE AGAR	15	no pH and no temperature
5	specialized/marine_ammonium_mineral_salts.yaml	CultureMech:015337	MARINE AMMONIUM MINERAL SALTS	27	no pH and no temperature
5	specialized/marine_srb_medium.yaml	CultureMech:015379	MARINE SRB MEDIUM	32	no pH and no temperature
5	specialized/marine_thermococcus_medium.yaml	CultureMech:015367	MARINE THERMOCOCCUS MEDIUM	16	no pH and no temperature
5	specialized/phototrophic_medium.yaml	CultureMech:015333	PHOTOTROPHIC MEDIUM	16	no pH and no temperature
5	specialized/tris_buffered_artificial_seawater_with_nh4cl_and_acetate.yaml	CultureMech:015431	Tris-buffered artificial seawater with NH4Cl and acetate	24	no pH and no temperature
5	specialized/tris_buffered_artificial_seawater_with_nh4cl_and_sulfolactate.yaml	CultureMech:015430	Tris-buffered artificial seawater with nh4cl and sulfolactate	24	no pH and no temperature
